target,source,features,model,H,seed,k,auc_ceiling_within_lco,auc_ceiling_full_lfp,auc_lco_holdout_before,n_cal_cells,n_test_cells,arm,method,auc_pooled,auc_percell_mean,auc_percell_std,ece,brier,tie_delta_mean,tie_delta_max,auc_zeroshot,recovery_ratio,retrain_proximity,delong_p_vs_zeroshot,auc_lco_holdout_after,rank_corr
severson,nasa,with_soh,xgboost,20,42,5,0.8989553798325277,0.9998805171597471,1.0,5,136,zeroshot,raw,0.8790709232780882,0.9946700277402193,0.019307986520379173,0.792160632689862,0.6556841731071472,,,0.8790709232780882,,,,,
severson,nasa,with_soh,xgboost,20,42,5,0.8989553798325277,0.9998805171597471,1.0,5,136,arm_b,warmstart,0.8017794327244482,0.9934530321867615,0.02564805084639016,0.007058489207262394,0.011728944256901741,,,0.8790709232780882,-3.8870305729518977,-0.639779408822053,1.1029569134507706e-179,1.0,
severson,nasa,with_soh,xgboost,20,42,5,0.8989553798325277,0.9998805171597471,1.0,5,136,arm_a,iso,0.7853750933283914,,,0.009634152027269359,0.011814582161605358,0.09369582994969683,0.09369582994969683,0.8790709232780882,-4.712013611897173,-0.7755661362580043,1.6096045339533178e-155,,0.24249946540839154
severson,nasa,with_soh,xgboost,20,42,5,0.8989553798325277,0.9998805171597471,1.0,5,136,arm_a,platt,0.8790348980050607,,,0.010847147468288446,0.011806391179561615,3.6025273027484594e-05,3.6025273027484594e-05,0.8790709232780882,-0.001811730329609709,-0.00029819877602414393,0.0832626835303705,,0.9998976193354352
severson,nasa,with_soh,xgboost,20,42,5,0.8989553798325277,0.9998805171597471,1.0,5,136,arm_a,temp,0.8790709232780882,,,0.5180238281101356,0.2880589933416814,0.0,0.0,0.8790709232780882,0.0,0.0,1.0,,0.9999999999999999
severson,nasa,with_soh,xgboost,20,42,20,0.8989553798325277,0.9998805171597471,1.0,20,121,zeroshot,raw,0.8750594378018228,0.9941224915879237,0.020309193785700192,0.7896899277894122,0.6529622077941895,,,0.8750594378018228,,,,,
severson,nasa,with_soh,xgboost,20,42,20,0.8989553798325277,0.9998805171597471,1.0,20,121,arm_b,warmstart,0.864682074811391,0.9961424361486404,0.015782227655937585,0.01330861332361499,0.01374775730073452,,,0.8750594378018228,-0.43427302330653,-0.08313790462166024,2.894702920074353e-05,0.9986928104575163,
severson,nasa,with_soh,xgboost,20,42,20,0.8989553798325277,0.9998805171597471,1.0,20,121,arm_a,iso,0.8027073814917065,,,0.00909174958948619,0.011875718832015991,0.07235205631011632,0.07235205631011632,0.8750594378018228,-3.0277967789320948,-0.5796461357512129,1.1546832174367885e-121,,0.3528817297967027
severson,nasa,with_soh,xgboost,20,42,20,0.8989553798325277,0.9998805171597471,1.0,20,121,arm_a,platt,0.8750594378018228,,,0.012320026407778685,0.012493102811276913,0.0,0.0,0.8750594378018228,0.0,0.0,1.0,,0.9999957361377619
severson,nasa,with_soh,xgboost,20,42,20,0.8989553798325277,0.9998805171597471,1.0,20,121,arm_a,temp,0.8750594378018228,,,0.5169199572586376,0.2877053586396524,0.0,0.0,0.8750594378018228,0.0,0.0,1.0,,1.0
severson,nasa,with_soh,lightgbm,20,42,5,0.9091700740504244,0.9999831790669155,1.0,5,136,zeroshot,raw,0.891101389784156,0.9956510901586615,0.014420942200869365,0.7948875805540593,0.6536189592730285,,,0.891101389784156,,,,,
severson,nasa,with_soh,lightgbm,20,42,5,0.9091700740504244,0.9999831790669155,1.0,5,136,arm_b,warmstart,0.8748043472721649,0.9874435549995831,0.019993780623768834,0.01535893771828197,0.01398450274598666,,,0.891101389784156,-0.9019495980908389,-0.14967647592260447,6.3689018416090365e-25,1.0,
severson,nasa,with_soh,lightgbm,20,42,5,0.9091700740504244,0.9999831790669155,1.0,5,136,arm_a,iso,0.8015738523472283,,,0.009113167012899093,0.010873558479654486,0.08952753743692765,0.08952753743692765,0.891101389784156,-4.954845417497417,-0.8222452811133549,5.6848792608823805e-146,,0.2509091778552362
severson,nasa,with_soh,lightgbm,20,42,5,0.9091700740504244,0.9999831790669155,1.0,5,136,arm_a,platt,0.891101389784156,,,0.01123821552534611,0.011266002058885057,0.0,0.0,0.891101389784156,0.0,0.0,1.0,,1.0
severson,nasa,with_soh,lightgbm,20,42,5,0.9091700740504244,0.9999831790669155,1.0,5,136,arm_a,temp,0.891101389784156,,,0.523646608348904,0.2870566356312725,0.0,0.0,0.891101389784156,0.0,0.0,1.0,,1.0
severson,nasa,with_soh,lightgbm,20,42,20,0.9091700740504244,0.9999831790669155,1.0,20,121,zeroshot,raw,0.8871434461359102,0.995470761485235,0.015197872653315535,0.7934825565924487,0.6521397270083221,,,0.8871434461359102,,,,,
severson,nasa,with_soh,lightgbm,20,42,20,0.9091700740504244,0.9999831790669155,1.0,20,121,arm_b,warmstart,0.9148255644800256,0.996944297311798,0.010795471911239737,0.014505591900200948,0.014559595260360207,,,0.8871434461359102,1.2567569784875976,0.245322437629672,1.2607938033214768e-32,1.0,
severson,nasa,with_soh,lightgbm,20,42,20,0.9091700740504244,0.9999831790669155,1.0,20,121,arm_a,iso,0.8174670824075894,,,0.00876391763878182,0.011367181326795596,0.06967636372832087,0.06967636372832087,0.8871434461359102,-3.1632787369331536,-0.6174807571631156,7.335000531515707e-112,,0.42393907217024124
severson,nasa,with_soh,lightgbm,20,42,20,0.9091700740504244,0.9999831790669155,1.0,20,121,arm_a,platt,0.8871434461359102,,,0.011047727211385378,0.011994303238574956,0.0,0.0,0.8871434461359102,0.0,0.0,1.0,,1.0
severson,nasa,with_soh,lightgbm,20,42,20,0.9091700740504244,0.9999831790669155,1.0,20,121,arm_a,temp,0.8871434461359102,,,0.522828942825312,0.2868608441292959,0.0,0.0,0.8871434461359102,0.0,0.0,1.0,,1.0
severson,nasa,with_soh,random_forest,20,42,5,0.9013672908766415,0.998804656020104,1.0,5,136,zeroshot,raw,0.8604864070087103,0.9990355826532348,0.004284652179825883,0.4526174236252087,0.2224662200261923,,,0.8604864070087103,,,,,
severson,nasa,with_soh,random_forest,20,42,5,0.9013672908766415,0.998804656020104,1.0,5,136,arm_b,warmstart,0.8550518867852466,0.9872781089251217,0.04692239100343295,0.03358199034774558,0.017533180631740385,,,0.8604864070087103,-0.1329354874278237,-0.039289972670316475,0.10752410903003827,0.6699346405228758,
severson,nasa,with_soh,random_forest,20,42,5,0.9013672908766415,0.998804656020104,1.0,5,136,arm_a,iso,0.8107404482716328,,,0.009408680322165935,0.010982424546221227,0.04973738479376644,0.04973738479376644,0.8604864070087103,-1.2168513503226965,-0.35964855753039265,6.877175240160291e-76,,0.2803187088784635
severson,nasa,with_soh,random_forest,20,42,5,0.9013672908766415,0.998804656020104,1.0,5,136,arm_a,platt,0.8604778330653993,,,0.009362846786899895,0.011066246420532264,0.0,0.0,0.8604864070087103,-0.00020972989083835282,-6.198707236591987e-05,0.23800736957412383,,0.9999999497363125
severson,nasa,with_soh,random_forest,20,42,5,0.9013672908766415,0.998804656020104,1.0,5,136,arm_a,temp,0.8604778330653993,,,0.2553715587238466,0.132926578699596,0.0,0.0,0.8604864070087103,-0.00020972989083835282,-6.198707236591987e-05,0.23800736957412383,,0.9999999469787368
severson,nasa,with_soh,random_forest,20,42,20,0.9013672908766415,0.998804656020104,1.0,20,121,zeroshot,raw,0.8545068356547634,0.998974443742494,0.004516393399435338,0.45145697315524647,0.22211953473235255,,,0.8545068356547634,,,,,
severson,nasa,with_soh,random_forest,20,42,20,0.9013672908766415,0.998804656020104,1.0,20,121,arm_b,warmstart,0.9149158387018141,0.975787024005872,0.06729219072253949,0.014273782217481103,0.01391406316147098,,,0.8545068356547634,1.2891253992523564,0.4186411332763318,2.7781680237308644e-63,0.8758169934640523,
severson,nasa,with_soh,random_forest,20,42,20,0.9013672908766415,0.998804656020104,1.0,20,121,arm_a,iso,0.8137964014896061,,,0.0088676796171099,0.011549591959349216,0.04071793092487386,0.04071793092487386,0.8545068356547634,-0.8687588281504893,-0.2821278523964154,3.591635496046222e-67,,0.33481860731171476
severson,nasa,with_soh,random_forest,20,42,20,0.9013672908766415,0.998804656020104,1.0,20,121,arm_a,platt,0.8545143324144799,,,0.009704034741683786,0.011687256078688138,0.0,0.0,0.8545068356547634,0.000159980514083079,5.195338153814436e-05,0.32512193518917654,,0.9999999645205276
severson,nasa,with_soh,random_forest,20,42,20,0.9013672908766415,0.998804656020104,1.0,20,121,arm_a,temp,0.8545143324144799,,,0.2906439234499319,0.1373361264331695,0.0,0.0,0.8545068356547634,0.000159980514083079,5.195338153814436e-05,0.32512193518917654,,0.9999999644346215
severson,nasa,no_soh,xgboost,20,42,5,0.8441937642989684,0.9997242245758913,1.0,5,136,zeroshot,raw,0.620316173684101,0.7237438380158835,0.17466319238880412,0.8773306842055009,0.7955684065818787,,,0.620316173684101,,,,,
severson,nasa,no_soh,xgboost,20,42,5,0.8441937642989684,0.9997242245758913,1.0,5,136,arm_b,warmstart,0.8537091329527214,0.8948422385820359,0.08174495567514312,0.028343215390248453,0.02224799618124962,,,0.620316173684101,1.0425025507359607,0.6151502550355361,0.0,1.0,
severson,nasa,no_soh,xgboost,20,42,5,0.8441937642989684,0.9997242245758913,1.0,5,136,arm_a,iso,0.5580016589995634,,,0.013204744565172151,0.02101442962884903,0.062314514684537525,0.062314514684537525,0.620316173684101,-0.27834190332937814,-0.16424141379727875,9.855408996324307e-14,,0.133462122370537
severson,nasa,no_soh,xgboost,20,42,5,0.8441937642989684,0.9997242245758913,1.0,5,136,arm_a,platt,0.37968382631589903,,,0.012727708103938059,0.021083839237689972,0.24063234736820194,0.24063234736820194,0.620316173684101,-1.0748389184791496,-0.6342309995863316,1.1254478561316165e-134,,-0.9999999998954988
severson,nasa,no_soh,xgboost,20,42,5,0.8441937642989684,0.9997242245758913,1.0,5,136,arm_a,temp,0.620316173684101,,,0.5372539214335866,0.3095844339450608,0.0,0.0,0.620316173684101,0.0,0.0,1.0,,0.9999999999999999
severson,nasa,no_soh,xgboost,20,42,20,0.8441937642989684,0.9997242245758913,1.0,20,121,zeroshot,raw,0.6226953936932693,0.7107376819666468,0.1766254425525077,0.8755722561123639,0.793253481388092,,,0.6226953936932693,,,,,
severson,nasa,no_soh,xgboost,20,42,20,0.8441937642989684,0.9997242245758913,1.0,20,121,arm_b,warmstart,0.8659482610950512,0.9264446698020874,0.13703269118037487,0.016228402289526035,0.01623157225549221,,,0.6226953936932693,1.098215154976508,0.6451837299347335,0.0,1.0,
severson,nasa,no_soh,xgboost,20,42,20,0.8441937642989684,0.9997242245758913,1.0,20,121,arm_a,iso,0.6321465426796172,,,0.010576773106714826,0.02173505909740925,0.009451148986347913,0.009451148986347913,0.6226953936932693,0.04266915806424779,0.02506744368652879,0.00029273027946795935,,0.8724931184813409
severson,nasa,no_soh,xgboost,20,42,20,0.8441937642989684,0.9997242245758913,1.0,20,121,arm_a,platt,0.6226953936932693,,,0.010793446235021691,0.02179732546210289,0.0,0.0,0.6226953936932693,0.0,0.0,1.0,,0.9999999998880662
severson,nasa,no_soh,xgboost,20,42,20,0.8441937642989684,0.9997242245758913,1.0,20,121,arm_a,temp,0.6226953936932693,,,0.5360797166933465,0.3091095946293886,0.0,0.0,0.6226953936932693,0.0,0.0,1.0,,1.0
severson,nasa,no_soh,lightgbm,20,42,5,0.8857535979700859,0.9998930575604605,1.0,5,136,zeroshot,raw,0.4928559720297072,0.49428696491021856,0.16693750517795009,0.9344485040721303,0.8953723340306327,,,0.4928559720297072,,,,,
severson,nasa,no_soh,lightgbm,20,42,5,0.8857535979700859,0.9998930575604605,1.0,5,136,arm_b,warmstart,0.8378458403106642,0.8963731336179394,0.05294801703857303,0.022003397471625205,0.02215952319503902,,,0.4928559720297072,0.8780655455864435,0.6804036196283957,0.0,0.9973856209150327,
severson,nasa,no_soh,lightgbm,20,42,5,0.8857535979700859,0.9998930575604605,1.0,5,136,arm_a,iso,0.5160145701209466,,,0.013076421603423675,0.02105999447605346,0.023158598091239435,0.023158598091239435,0.4928559720297072,0.058943084819641285,0.04567436732363987,2.5014062345243776e-06,,0.44737681586926337
severson,nasa,no_soh,lightgbm,20,42,5,0.8857535979700859,0.9998930575604605,1.0,5,136,arm_a,platt,0.5071440279702928,,,0.012795555627168323,0.021056575729087597,0.014288055940585576,0.014288055940585576,0.4928559720297072,0.03636584951713034,0.028179508655918548,0.175010120512181,,-0.9999999999999999
severson,nasa,no_soh,lightgbm,20,42,5,0.8857535979700859,0.9998930575604605,1.0,5,136,arm_a,temp,0.4928559720297072,,,0.5586769066402428,0.33334557204304666,0.0,0.0,0.4928559720297072,0.0,0.0,1.0,,0.9999999999999999
severson,nasa,no_soh,lightgbm,20,42,20,0.8857535979700859,0.9998930575604605,1.0,20,121,zeroshot,raw,0.4898749087476021,0.4767673982994627,0.16530675953623544,0.9329455109909507,0.8934613373921378,,,0.4898749087476021,,,,,
severson,nasa,no_soh,lightgbm,20,42,20,0.8857535979700859,0.9998930575604605,1.0,20,121,arm_b,warmstart,0.8195847504822109,0.924614270755144,0.12703894067375163,0.015645315982812193,0.016022631644882622,,,0.4898749087476021,0.8328557477599202,0.6464668806434761,0.0,0.9921568627450981,
severson,nasa,no_soh,lightgbm,20,42,20,0.8857535979700859,0.9998930575604605,1.0,20,121,arm_a,iso,0.4928771367330718,,,0.010901041933364693,0.02183730706395987,0.00300222798546973,0.00300222798546973,0.4898749087476021,0.007583706997126278,0.005886512063262558,0.06170026855315094,,0.9330390398469735
severson,nasa,no_soh,lightgbm,20,42,20,0.8857535979700859,0.9998930575604605,1.0,20,121,arm_a,platt,0.5101250912523979,,,0.01024180130748675,0.02180822685697778,0.02025018250479582,0.02025018250479582,0.4898749087476021,0.05115249458001317,0.03970482727316875,0.06567277601622927,,-1.0
severson,nasa,no_soh,lightgbm,20,42,20,0.8857535979700859,0.9998930575604605,1.0,20,121,arm_a,temp,0.4898749087476021,,,0.5575472686039766,0.3328966666684948,0.0,0.0,0.4898749087476021,0.0,0.0,1.0,,1.0
severson,nasa,no_soh,random_forest,20,42,5,0.8667327871852877,0.9978946336184621,0.9594771241830066,5,136,zeroshot,raw,0.7237935451786365,0.8606389571780532,0.13606499183600362,0.5310372942746361,0.3038016653976011,,,0.7237935451786365,,,,,
severson,nasa,no_soh,random_forest,20,42,5,0.8667327871852877,0.9978946336184621,0.9594771241830066,5,136,arm_b,warmstart,0.7506245559433864,0.8539896472301967,0.13540184709139969,0.032842196384083526,0.023188092311458415,,,0.7237935451786365,0.18770919999352892,0.09788728281770477,5.789224949348887e-15,0.3137254901960784,
severson,nasa,no_soh,random_forest,20,42,5,0.8667327871852877,0.9978946336184621,0.9594771241830066,5,136,arm_a,iso,0.6740704565771924,,,0.014623459421753544,0.020964182384158887,0.04972308860144403,0.04972308860144403,0.7237935451786365,-0.3478617061585533,-0.18140419975880512,4.64835073918386e-76,,0.8934785859876969
severson,nasa,no_soh,random_forest,20,42,5,0.8667327871852877,0.9978946336184621,0.9594771241830066,5,136,arm_a,platt,0.7237935451786365,,,0.013258326311350382,0.020998725893492613,0.0,0.0,0.7237935451786365,0.0,0.0,1.0,,0.9999999878698504
severson,nasa,no_soh,random_forest,20,42,5,0.8667327871852877,0.9978946336184621,0.9594771241830066,5,136,arm_a,temp,0.7237935451786365,,,0.4839614710954694,0.2549651345023598,0.0,0.0,0.7237935451786365,0.0,0.0,1.0,,0.9999999999812061
severson,nasa,no_soh,random_forest,20,42,20,0.8667327871852877,0.9978946336184621,0.9594771241830066,20,121,zeroshot,raw,0.7164196083150898,0.8444687527037429,0.14418074361731492,0.5302908356084718,0.3037168944396245,,,0.7164196083150898,,,,,
severson,nasa,no_soh,random_forest,20,42,20,0.8667327871852877,0.9978946336184621,0.9594771241830066,20,121,arm_b,warmstart,0.6980442863619026,0.8340422993996086,0.21085493692051824,0.01864205210563492,0.016944985323045038,,,0.7164196083150898,-0.1222469120226314,-0.06528224638538468,1.1535224420984031e-05,0.3633986928104575,
severson,nasa,no_soh,random_forest,20,42,20,0.8667327871852877,0.9978946336184621,0.9594771241830066,20,121,arm_a,iso,0.6442432573108308,,,0.01052788789156529,0.021723224462121462,0.07217635100425901,0.07217635100425901,0.7164196083150898,-0.4801731394862355,-0.2564218652310901,3.354336422055927e-229,,0.8694686295014147
severson,nasa,no_soh,random_forest,20,42,20,0.8667327871852877,0.9978946336184621,0.9594771241830066,20,121,arm_a,platt,0.7164196083150898,,,0.011246299678538857,0.021625262700786865,0.0,0.0,0.7164196083150898,0.0,0.0,1.0,,0.9999999887429759
severson,nasa,no_soh,random_forest,20,42,20,0.8667327871852877,0.9978946336184621,0.9594771241830066,20,121,arm_a,temp,0.7164196083150898,,,0.4831229904227528,0.25495938023786796,0.0,0.0,0.7164196083150898,0.0,0.0,1.0,,0.9999999887045156
severson,calce,no_soh,xgboost,20,42,5,0.8943290572254448,0.9997242245758913,0.9971308761862724,5,136,zeroshot,raw,0.6862860719761228,0.8130851114298656,0.08098195672470995,0.858349601022076,0.8393275737762451,,,0.6862860719761228,,,,,
severson,calce,no_soh,xgboost,20,42,5,0.8943290572254448,0.9997242245758913,0.9971308761862724,5,136,arm_b,warmstart,0.7956179152866111,0.855111866967184,0.16578423130754283,0.04073140396222564,0.0317472368478775,,,0.6862860719761228,0.5255252570975335,0.34881472597911506,1.2613576310231536e-153,0.9961193261237402,
severson,calce,no_soh,xgboost,20,42,5,0.8943290572254448,0.9997242245758913,0.9971308761862724,5,136,arm_a,iso,0.6862860719761228,,,0.013686008299572424,0.020929228514432907,0.0,0.0,0.6862860719761228,0.0,0.0,1.0,,0.9669320116636707
severson,calce,no_soh,xgboost,20,42,5,0.8943290572254448,0.9997242245758913,0.9971308761862724,5,136,arm_a,platt,0.6862860719761228,,,0.013131516533775285,0.021020079031586647,0.0,0.0,0.6862860719761228,0.0,0.0,1.0,,1.0
severson,calce,no_soh,xgboost,20,42,5,0.8943290572254448,0.9997242245758913,0.9971308761862724,5,136,arm_a,temp,0.6862860719761228,,,0.632088690872515,0.42668350868902066,0.0,0.0,0.6862860719761228,0.0,0.0,1.0,,1.0
severson,calce,no_soh,xgboost,20,42,20,0.8943290572254448,0.9997242245758913,0.9971308761862724,20,121,zeroshot,raw,0.6831733376177374,0.8044065870483352,0.08470595546458001,0.8594626556004443,0.8407579064369202,,,0.6831733376177374,,,,,
severson,calce,no_soh,xgboost,20,42,20,0.8943290572254448,0.9997242245758913,0.9971308761862724,20,121,arm_b,warmstart,0.7410333046836903,0.8836789927277775,0.1864846904847516,0.018750772252319282,0.018954399973154068,,,0.6831733376177374,0.2740156277719935,0.18278251443851334,5.421903311997727e-27,0.08025270359743986,
severson,calce,no_soh,xgboost,20,42,20,0.8943290572254448,0.9997242245758913,0.9971308761862724,20,121,arm_a,iso,0.6831733376177374,,,0.009912262342533212,0.021585144102573395,0.0,0.0,0.6831733376177374,0.0,0.0,1.0,,0.96833258677287
severson,calce,no_soh,xgboost,20,42,20,0.8943290572254448,0.9997242245758913,0.9971308761862724,20,121,arm_a,platt,0.6831733376177374,,,0.010251389488240819,0.021744728088378906,0.0,0.0,0.6831733376177374,0.0,0.0,1.0,,1.0
severson,calce,no_soh,xgboost,20,42,20,0.8943290572254448,0.9997242245758913,0.9971308761862724,20,121,arm_a,temp,0.6831733376177374,,,0.6321679846849753,0.4274518269735017,0.0,0.0,0.6831733376177374,0.0,0.0,1.0,,1.0
severson,nasa+calce,no_soh,xgboost,20,42,5,0.9065068747877996,0.9997242245758913,0.6902901785714286,5,136,zeroshot,raw,0.7596011671652825,0.8650507749251256,0.1393690987329306,0.8767871547949025,0.8316054344177246,,,0.7596011671652825,,,,,
severson,nasa+calce,no_soh,xgboost,20,42,5,0.9065068747877996,0.9997242245758913,0.6902901785714286,5,136,arm_b,warmstart,0.8281125625602226,0.8735123475128711,0.19473871514725463,0.02267617737663412,0.023842021822929382,,,0.7596011671652825,0.4663630603855379,0.2853178538276984,5.849255868830492e-62,0.5672034438775511,
severson,nasa+calce,no_soh,xgboost,20,42,5,0.9065068747877996,0.9997242245758913,0.6902901785714286,5,136,arm_a,iso,0.6999414101300141,,,0.01388105565203543,0.020914236083626747,0.05965975703526838,0.05965975703526838,0.7596011671652825,-0.40610918391658174,-0.2484549283963622,1.0587338629663257e-83,,0.8903991076987469
severson,nasa+calce,no_soh,xgboost,20,42,5,0.9065068747877996,0.9997242245758913,0.6902901785714286,5,136,arm_a,platt,0.7596011671652825,,,0.01357327356456037,0.020929178223013878,0.0,0.0,0.7596011671652825,0.0,0.0,1.0,,1.0
severson,nasa+calce,no_soh,xgboost,20,42,5,0.9065068747877996,0.9997242245758913,0.6902901785714286,5,136,arm_a,temp,0.7596011671652825,,,0.5932313177372572,0.37492166659379683,0.0,0.0,0.7596011671652825,0.0,0.0,1.0,,1.0
severson,nasa+calce,no_soh,xgboost,20,42,20,0.9065068747877996,0.9997242245758913,0.6902901785714286,20,121,zeroshot,raw,0.7591969919553639,0.8522889722568647,0.14516194381983671,0.8772945344859657,0.8328280448913574,,,0.7591969919553639,,,,,
severson,nasa+calce,no_soh,xgboost,20,42,20,0.9065068747877996,0.9997242245758913,0.6902901785714286,20,121,arm_b,warmstart,0.6380964606118601,0.8687347554784783,0.1812678818926202,0.02437977224756658,0.024155830964446068,,,0.7591969919553639,-0.8220801552144006,-0.5034795021924214,4.226767111116712e-86,0.6529017857142857,
severson,nasa+calce,no_soh,xgboost,20,42,20,0.9065068747877996,0.9997242245758913,0.6902901785714286,20,121,arm_a,iso,0.7536752309359509,,,0.010149145170709233,0.021544815972447395,0.005521761019413041,0.005521761019413041,0.7591969919553639,-0.03748398215545403,-0.02295690579089046,1.1883623975319556e-13,,0.9603998980943204
severson,nasa+calce,no_soh,xgboost,20,42,20,0.9065068747877996,0.9997242245758913,0.6902901785714286,20,121,arm_a,platt,0.7591969919553639,,,0.009921932264825444,0.021581463515758514,0.0,0.0,0.7591969919553639,0.0,0.0,1.0,,1.0
severson,nasa+calce,no_soh,xgboost,20,42,20,0.9065068747877996,0.9997242245758913,0.6902901785714286,20,121,arm_a,temp,0.7591969919553639,,,0.5930432970008914,0.3754226577607417,0.0,0.0,0.7591969919553639,0.0,0.0,1.0,,1.0
severson,nasa,with_soh,xgboost,20,123,5,0.8989553798325277,0.9998805171597471,1.0,5,136,zeroshot,raw,0.8833813190754354,0.9948874315975595,0.01931801027415118,0.7946817691352227,0.6582925915718079,,,0.8833813190754354,,,,,
severson,nasa,with_soh,xgboost,20,123,5,0.8989553798325277,0.9998805171597471,1.0,5,136,arm_b,warmstart,0.8364137477419852,0.9975534506337618,0.010920437166941084,0.012471349055992943,0.013022038154304028,,,0.8833813190754354,-3.015756267167601,-0.4031578938376833,4.441548394600244e-134,1.0,
severson,nasa,with_soh,xgboost,20,123,5,0.8989553798325277,0.9998805171597471,1.0,5,136,arm_a,iso,0.8470668722113537,,,0.007582674034347419,0.014367234893143177,0.036314446864081695,0.036314446864081695,0.8833813190754354,-2.3317262870921005,-0.3117141359016096,4.48662813710397e-98,,0.8860070894858576
severson,nasa,with_soh,xgboost,20,123,5,0.8989553798325277,0.9998805171597471,1.0,5,136,arm_a,platt,0.8833813190754354,,,0.01772607142928197,0.01802978478372097,0.0,0.0,0.8833813190754354,0.0,0.0,1.0,,1.0
severson,nasa,with_soh,xgboost,20,123,5,0.8989553798325277,0.9998805171597471,1.0,5,136,arm_a,temp,0.8833813190754354,,,0.5186007240467119,0.28834169169723584,0.0,0.0,0.8833813190754354,0.0,0.0,1.0,,1.0
severson,nasa,with_soh,xgboost,20,456,5,0.8989553798325277,0.9998805171597471,1.0,5,136,zeroshot,raw,0.8781734133010206,0.9945365338162886,0.019542601431168823,0.7922839812967017,0.6555636525154114,,,0.8781734133010206,,,,,
severson,nasa,with_soh,xgboost,20,456,5,0.8989553798325277,0.9998805171597471,1.0,5,136,arm_b,warmstart,0.8794330566468128,0.997690985717587,0.013552552685425129,0.010775099727434588,0.01174953579902649,,,0.8781734133010206,0.06061232674407816,0.010349793116878014,0.4167307103442648,1.0,
severson,nasa,with_soh,xgboost,20,456,5,0.8989553798325277,0.9998805171597471,1.0,5,136,arm_a,iso,0.7945209767126739,,,0.009644178084394299,0.011342782527208328,0.08365243658834676,0.08365243658834676,0.8781734133010206,-4.025241618088599,-0.6873258333831332,1.5887115915173582e-138,,0.2655021091711782
severson,nasa,with_soh,xgboost,20,456,5,0.8989553798325277,0.9998805171597471,1.0,5,136,arm_a,platt,0.8781734133010206,,,0.011303553670238472,0.012085679918527603,0.0,0.0,0.8781734133010206,0.0,0.0,1.0,,0.9999935770454296
severson,nasa,with_soh,xgboost,20,456,5,0.8989553798325277,0.9998805171597471,1.0,5,136,arm_a,temp,0.8781734133010206,,,0.518379610370725,0.28804835456366235,0.0,0.0,0.8781734133010206,0.0,0.0,1.0,,1.0
severson,nasa,with_soh,xgboost,20,789,5,0.8989553798325277,0.9998805171597471,1.0,5,136,zeroshot,raw,0.8818791165091864,0.9946688297195786,0.019307659990725017,0.7916425203823731,0.6546915769577026,,,0.8818791165091864,,,,,
severson,nasa,with_soh,xgboost,20,789,5,0.8989553798325277,0.9998805171597471,1.0,5,136,arm_b,warmstart,0.8939609615971362,0.9977502490600133,0.005667890878585432,0.017964884150823722,0.01992344669997692,,,0.8818791165091864,0.7075227676675215,0.1023873023654015,8.237668124681735e-15,1.0,
severson,nasa,with_soh,xgboost,20,789,5,0.8989553798325277,0.9998805171597471,1.0,5,136,arm_a,iso,0.7580337536109458,,,0.01073798010354761,0.01154148206114769,0.12384536289824055,0.12384536289824055,0.8818791165091864,-7.252486129618173,-1.049524515941854,3.935698738584384e-214,,0.1996522888766692
severson,nasa,with_soh,xgboost,20,789,5,0.8989553798325277,0.9998805171597471,1.0,5,136,arm_a,platt,0.8814313912216115,,,0.010792112599987679,0.011463303118944168,0.00044772528757486274,0.00044772528757486274,0.8818791165091864,-0.02621916042737948,-0.0037942370608016604,0.0329177572025587,,0.9624069737331948
severson,nasa,with_soh,xgboost,20,789,5,0.8989553798325277,0.9998805171597471,1.0,5,136,arm_a,temp,0.8818791165091864,,,0.5180422447769759,0.2879363106535378,0.0,0.0,0.8818791165091864,0.0,0.0,1.0,,1.0
severson,nasa,with_soh,xgboost,20,101112,5,0.8989553798325277,0.9998805171597471,1.0,5,136,zeroshot,raw,0.9882522175977841,0.9959398159168175,0.017892281273548083,0.7992106726731454,0.6604677438735962,,,0.9882522175977841,,,,,
severson,nasa,with_soh,xgboost,20,101112,5,0.8989553798325277,0.9998805171597471,1.0,5,136,arm_b,warmstart,0.8519879327807166,0.9843311515018167,0.06882284065402658,0.1365517407391807,0.13427886366844177,,,0.9882522175977841,,-11.718332856060739,0.0,1.0,
severson,nasa,with_soh,xgboost,20,101112,5,0.8989553798325277,0.9998805171597471,1.0,5,136,arm_a,iso,0.979749041514688,,,0.1819109991614316,0.058634743094444275,0.008503176083096142,0.008503176083096142,0.9882522175977841,,-0.7312484544955009,1.307349815805705e-33,,0.9672927519698022
severson,nasa,with_soh,xgboost,20,101112,5,0.8989553798325277,0.9998805171597471,1.0,5,136,arm_a,platt,0.9882522175977841,,,0.1876521528253589,0.05004086345434189,0.0,0.0,0.9882522175977841,,0.0,1.0,,1.0
severson,nasa,with_soh,xgboost,20,101112,5,0.8989553798325277,0.9998805171597471,1.0,5,136,arm_a,temp,0.9882522175977841,,,0.5252102958802235,0.2886520087137236,0.0,0.0,0.9882522175977841,,0.0,1.0,,1.0
severson,nasa,with_soh,xgboost,20,42,10,0.8989553798325277,0.9998805171597471,1.0,10,131,zeroshot,raw,0.878446794487151,0.9951875042335697,0.01939815621330193,0.7929233540781894,0.6561870574951172,,,0.878446794487151,,,,,
severson,nasa,with_soh,xgboost,20,42,10,0.8989553798325277,0.9998805171597471,1.0,10,131,arm_b,warmstart,0.931323936574833,0.995277840099363,0.02430648145505719,0.012291740916879058,0.013005049899220467,,,0.878446794487151,2.578293002525513,0.4354403449381757,7.000658632708946e-132,1.0,
severson,nasa,with_soh,xgboost,20,42,10,0.8989553798325277,0.9998805171597471,1.0,10,131,arm_a,iso,0.8445246616678714,,,0.00671447027519987,0.011022906750440598,0.03392213281927958,0.03392213281927958,0.878446794487151,-1.6540454764680654,-0.27934689040818456,1.6134722147516934e-64,,0.7322064652044138
severson,nasa,with_soh,xgboost,20,42,10,0.8989553798325277,0.9998805171597471,1.0,10,131,arm_a,platt,0.878446794487151,,,0.010381812766095795,0.01249804999679327,0.0,0.0,0.878446794487151,0.0,0.0,1.0,,1.0
severson,nasa,with_soh,xgboost,20,42,10,0.8989553798325277,0.9998805171597471,1.0,10,131,arm_a,temp,0.878446794487151,,,0.5182266509174923,0.2880873388845248,0.0,0.0,0.878446794487151,0.0,0.0,1.0,,1.0
severson,nasa,with_soh,xgboost,20,123,10,0.8989553798325277,0.9998805171597471,1.0,10,131,zeroshot,raw,0.8766266795383285,0.9945382292489073,0.01954306432839782,0.7942215191078692,0.6579762101173401,,,0.8766266795383285,,,,,
severson,nasa,with_soh,xgboost,20,123,10,0.8989553798325277,0.9998805171597471,1.0,10,131,arm_b,warmstart,0.884815564021139,0.9993839987292317,0.0028083578640477943,0.010911869668316344,0.011349895969033241,,,0.8766266795383285,0.36674254994312955,0.06643918470078927,1.9612424905388003e-05,1.0,
severson,nasa,with_soh,xgboost,20,123,10,0.8989553798325277,0.9998805171597471,1.0,10,131,arm_a,iso,0.8110289995446738,,,0.009191255313496976,0.011386238969862461,0.06559767999365473,0.06559767999365473,0.8766266795383285,-2.937819001077122,-0.5322161261634859,4.312713831077251e-110,,0.35432848766887437
severson,nasa,with_soh,xgboost,20,123,10,0.8989553798325277,0.9998805171597471,1.0,10,131,arm_a,platt,0.8766266795383285,,,0.011888430959330712,0.0118537787348032,0.0,0.0,0.8766266795383285,0.0,0.0,1.0,,0.9999980602439658
severson,nasa,with_soh,xgboost,20,123,10,0.8989553798325277,0.9998805171597471,1.0,10,131,arm_a,temp,0.8766266795383285,,,0.5181157143792525,0.2882857342467908,0.0,0.0,0.8766266795383285,0.0,0.0,1.0,,1.0
severson,nasa,with_soh,xgboost,20,456,10,0.8989553798325277,0.9998805171597471,1.0,10,131,zeroshot,raw,0.8757621517975878,0.9944046402954243,0.019788206568218624,0.7916101942619422,0.6550102829933167,,,0.8757621517975878,,,,,
severson,nasa,with_soh,xgboost,20,456,10,0.8989553798325277,0.9998805171597471,1.0,10,131,arm_b,warmstart,0.8250729692277767,0.9933437916839407,0.03896036600848293,0.00864762139562469,0.009642907418310642,,,0.8757621517975878,-2.1855165004823474,-0.40839389418243915,1.827864038664804e-63,0.9973856209150327,
severson,nasa,with_soh,xgboost,20,456,10,0.8989553798325277,0.9998805171597471,1.0,10,131,arm_a,iso,0.8070921754768122,,,0.008932422533108584,0.011522526852786541,0.06866997632077554,0.06866997632077554,0.8757621517975878,-2.9607770085874265,-0.5532620101820268,1.8675773626492866e-116,,0.3552660647947623
severson,nasa,with_soh,xgboost,20,456,10,0.8989553798325277,0.9998805171597471,1.0,10,131,arm_a,platt,0.8757621517975879,,,0.011495264214120861,0.012180866673588753,1.1102230246251565e-16,1.1102230246251565e-16,0.8757621517975878,4.7868413269280006e-15,8.944873076483782e-16,1.0,,0.9999999723247343
severson,nasa,with_soh,xgboost,20,456,10,0.8989553798325277,0.9998805171597471,1.0,10,131,arm_a,temp,0.8757621517975878,,,0.5179496984526681,0.2879779438801921,0.0,0.0,0.8757621517975878,0.0,0.0,1.0,,1.0
severson,nasa,with_soh,xgboost,20,789,10,0.8989553798325277,0.9998805171597471,1.0,10,131,zeroshot,raw,0.8760665145162704,0.994406754653634,0.019788740401056448,0.796244349710069,0.6600551009178162,,,0.8760665145162704,,,,,
severson,nasa,with_soh,xgboost,20,789,10,0.8989553798325277,0.9998805171597471,1.0,10,131,arm_b,warmstart,0.8058038955831563,0.9910370747640997,0.05301418844956972,0.008251767055884754,0.010133202187716961,,,0.8760665145162704,-3.069729231322289,-0.5674852394154134,8.083291581312998e-116,0.9986928104575163,
severson,nasa,with_soh,xgboost,20,789,10,0.8989553798325277,0.9998805171597471,1.0,10,131,arm_a,iso,0.8067395034195479,,,0.009480649496352914,0.012076626531779766,0.06932701109672246,0.06932701109672246,0.8760665145162704,-3.028853118703153,-0.5599286802507311,3.3951242531281493e-118,,0.35337401886576336
severson,nasa,with_soh,xgboost,20,789,10,0.8989553798325277,0.9998805171597471,1.0,10,131,arm_a,platt,0.8760665145162705,,,0.01071764012439511,0.01237419806420803,1.1102230246251565e-16,1.1102230246251565e-16,0.8760665145162704,4.850493937926209e-15,8.96686159013897e-16,1.0,,0.9999992031390311
severson,nasa,with_soh,xgboost,20,789,10,0.8989553798325277,0.9998805171597471,1.0,10,131,arm_a,temp,0.8760665145162704,,,0.5184747945692828,0.2885466046800505,0.0,0.0,0.8760665145162704,0.0,0.0,1.0,,1.0
severson,nasa,with_soh,xgboost,20,101112,10,0.8989553798325277,0.9998805171597471,1.0,10,131,zeroshot,raw,0.8778964356710713,0.99454234181322,0.019544176234325156,0.7902129113367573,0.6538406610488892,,,0.8778964356710713,,,,,
severson,nasa,with_soh,xgboost,20,101112,10,0.8989553798325277,0.9998805171597471,1.0,10,131,arm_b,warmstart,0.8356861558028259,0.9960218720960545,0.019921429973878305,0.01331060496803699,0.013692687265574932,,,0.8778964356710713,-2.0043872828867553,-0.34603105055280486,8.887130386574297e-85,1.0,
severson,nasa,with_soh,xgboost,20,101112,10,0.8989553798325277,0.9998805171597471,1.0,10,131,arm_a,iso,0.8114717485390631,,,0.008846128359279493,0.011804310604929924,0.06642468713200822,0.06642468713200822,0.8778964356710713,-3.1542268512010003,-0.5445356994238192,1.5098328609944985e-114,,0.357778407113601
severson,nasa,with_soh,xgboost,20,101112,10,0.8989553798325277,0.9998805171597471,1.0,10,131,arm_a,platt,0.8778964356710713,,,0.011728246419016208,0.012503580190241337,0.0,0.0,0.8778964356710713,0.0,0.0,1.0,,0.9999999798375374
severson,nasa,with_soh,xgboost,20,101112,10,0.8989553798325277,0.9998805171597471,1.0,10,131,arm_a,temp,0.8778964356710713,,,0.5169247827056278,0.28783300027699255,0.0,0.0,0.8778964356710713,0.0,0.0,1.0,,1.0
severson,nasa,with_soh,xgboost,20,123,20,0.8989553798325277,0.9998805171597471,1.0,20,121,zeroshot,raw,0.8741151985601963,0.9943971561313685,0.019786158085407148,0.7945039515319209,0.6588186621665955,,,0.8741151985601963,,,,,
severson,nasa,with_soh,xgboost,20,123,20,0.8989553798325277,0.9998805171597471,1.0,20,121,arm_b,warmstart,0.8002670990205439,0.983689814113934,0.09607239320945266,0.013072658152657577,0.012485730461776257,,,0.8741151985601963,-2.972929171894126,-0.5871896987339723,1.7004408517632733e-64,0.9973856209150327,
severson,nasa,with_soh,xgboost,20,123,20,0.8989553798325277,0.9998805171597471,1.0,20,121,arm_a,iso,0.8072490328502413,,,0.012547991042353268,0.012872136197984219,0.06686616570995496,0.06686616570995496,0.8741151985601963,-2.6918549819294064,-0.531674124906115,8.254801132227896e-111,,0.3571319408436301
severson,nasa,with_soh,xgboost,20,123,20,0.8989553798325277,0.9998805171597471,1.0,20,121,arm_a,platt,0.8741151985601963,,,0.013476098873725455,0.01324731670320034,0.0,0.0,0.8741151985601963,0.0,0.0,1.0,,0.9999990134471679
severson,nasa,with_soh,xgboost,20,123,20,0.8989553798325277,0.9998805171597471,1.0,20,121,arm_a,temp,0.8741151985601963,,,0.51679130983604,0.2883313834230065,0.0,0.0,0.8741151985601963,0.0,0.0,1.0,,1.0
severson,nasa,with_soh,xgboost,20,456,20,0.8989553798325277,0.9998805171597471,1.0,20,121,zeroshot,raw,0.874474831236875,0.9940760678582509,0.02029687821817811,0.7874791447641581,0.6504493355751038,,,0.874474831236875,,,,,
severson,nasa,with_soh,xgboost,20,456,20,0.8989553798325277,0.9998805171597471,1.0,20,121,arm_b,warmstart,0.843194690046461,0.9962614660013941,0.021461691877346274,0.009562574824199189,0.010097603313624859,,,0.874474831236875,-1.2777549109323774,-0.24943160240479145,2.74214790409026e-48,0.9986928104575163,
severson,nasa,with_soh,xgboost,20,456,20,0.8989553798325277,0.9998805171597471,1.0,20,121,arm_a,iso,0.8000834172637694,,,0.010636272778775198,0.012419372797012329,0.07439141397310556,0.07439141397310556,0.874474831236875,-3.0387968505867553,-0.5932060689724887,1.1788750871132488e-124,,0.3498430890248267
severson,nasa,with_soh,xgboost,20,456,20,0.8989553798325277,0.9998805171597471,1.0,20,121,arm_a,platt,0.8744748312368751,,,0.01282438364290051,0.012907729484140873,1.1102230246251565e-16,1.1102230246251565e-16,0.874474831236875,4.535123141898504e-15,8.853051729312922e-16,1.0,,0.9999855063235681
severson,nasa,with_soh,xgboost,20,456,20,0.8989553798325277,0.9998805171597471,1.0,20,121,arm_a,temp,0.874474831236875,,,0.5160545616358883,0.28741811388025423,0.0,0.0,0.874474831236875,0.0,0.0,1.0,,0.9999999999999999
severson,nasa,with_soh,xgboost,20,789,20,0.8989553798325277,0.9998805171597471,1.0,20,121,zeroshot,raw,0.8705417729848944,0.9939506138390148,0.020580511489170276,0.7903156217587839,0.6538256406784058,,,0.8705417729848944,,,,,
severson,nasa,with_soh,xgboost,20,789,20,0.8989553798325277,0.9998805171597471,1.0,20,121,arm_b,warmstart,0.8658789719589672,0.9966280935032911,0.017750430155266204,0.013865769050262024,0.014133191667497158,,,0.8705417729848944,-0.16410450988961964,-0.036051077004610244,0.04762855322984932,0.9986928104575163,
severson,nasa,with_soh,xgboost,20,789,20,0.8989553798325277,0.9998805171597471,1.0,20,121,arm_a,iso,0.7987488951742734,,,0.00849468853780547,0.011887782253324986,0.07179287781062105,0.07179287781062105,0.8705417729848944,-2.526707650866263,-0.5550763483025972,1.4654661513462922e-119,,0.4196346345101377
severson,nasa,with_soh,xgboost,20,789,20,0.8989553798325277,0.9998805171597471,1.0,20,121,arm_a,platt,0.8705417729848945,,,0.01203130921334223,0.012510281056165695,1.1102230246251565e-16,1.1102230246251565e-16,0.8705417729848944,3.907363928059816e-15,8.583839527034908e-16,1.0,,0.9999962946378216
severson,nasa,with_soh,xgboost,20,789,20,0.8989553798325277,0.9998805171597471,1.0,20,121,arm_a,temp,0.8705417729848944,,,0.5173060582586991,0.287842818434437,0.0,0.0,0.8705417729848944,0.0,0.0,1.0,,1.0
severson,nasa,with_soh,xgboost,20,101112,20,0.8989553798325277,0.9998805171597471,1.0,20,121,zeroshot,raw,0.8756173395992234,0.9942418563434187,0.02003696799108221,0.7894798803426365,0.6531231999397278,,,0.8756173395992234,,,,,
severson,nasa,with_soh,xgboost,20,101112,20,0.8989553798325277,0.9998805171597471,1.0,20,121,arm_b,warmstart,0.9111399712951216,0.9979831547250119,0.01078611652437411,0.013062598973983574,0.013385379686951637,,,0.8756173395992234,1.522091458442426,0.2858661141076689,5.294356631674635e-74,0.9973856209150327,
severson,nasa,with_soh,xgboost,20,101112,20,0.8989553798325277,0.9998805171597471,1.0,20,121,arm_a,iso,0.8045772542945842,,,0.009528768759947272,0.012220626696944237,0.07104008530463923,0.07104008530463923,0.8756173395992234,-3.0439610436210565,-0.5716905578890286,1.3376690906520558e-120,,0.35528698288828353
severson,nasa,with_soh,xgboost,20,101112,20,0.8989553798325277,0.9998805171597471,1.0,20,121,arm_a,platt,0.8756173395992235,,,0.012581891835866615,0.012802042067050934,1.1102230246251565e-16,1.1102230246251565e-16,0.8756173395992234,4.757139046494673e-15,8.93444901716287e-16,1.0,,0.999995766265014
severson,nasa,with_soh,xgboost,20,101112,20,0.8989553798325277,0.9998805171597471,1.0,20,121,arm_a,temp,0.8756173395992234,,,0.5163690178388166,0.287728753899435,0.0,0.0,0.8756173395992234,0.0,0.0,1.0,,1.0
severson,nasa,with_soh,xgboost,20,42,40,0.8989553798325277,0.9998805171597471,1.0,40,101,zeroshot,raw,0.8488508902102877,0.9935037726548025,0.022474813885781954,0.7895566939855353,0.6535267233848572,,,0.8488508902102877,,,,,
severson,nasa,with_soh,xgboost,20,42,40,0.8989553798325277,0.9998805171597471,1.0,40,101,arm_b,warmstart,0.886603909925254,0.9963839293345713,0.01758406839826872,0.010381682058500697,0.010699124075472355,,,0.8488508902102877,0.7534857654394451,0.2499709525707822,1.277746364483812e-58,0.9934640522875817,
severson,nasa,with_soh,xgboost,20,42,40,0.8989553798325277,0.9998805171597471,1.0,40,101,arm_a,iso,0.8112162464925631,,,0.010834253998878714,0.013199248351156712,0.037634643717724625,0.037634643717724625,0.8488508902102877,-0.7511231828019587,-0.2491871593533015,5.492709181909739e-59,,0.740702091342648
severson,nasa,with_soh,xgboost,20,42,40,0.8989553798325277,0.9998805171597471,1.0,40,101,arm_a,platt,0.8488508902102877,,,0.013402293797195621,0.014161745086312294,0.0,0.0,0.8488508902102877,0.0,0.0,1.0,,0.9999999996608018
severson,nasa,with_soh,xgboost,20,42,40,0.8989553798325277,0.9998805171597471,1.0,40,101,arm_a,temp,0.8488508902102877,,,0.5168223492133958,0.2878393574666386,0.0,0.0,0.8488508902102877,0.0,0.0,1.0,,1.0
severson,nasa,with_soh,xgboost,20,123,40,0.8989553798325277,0.9998805171597471,1.0,40,101,zeroshot,raw,0.8561604464228156,0.9933281798294434,0.02145279386099976,0.7910083076816612,0.6561622023582458,,,0.8561604464228156,,,,,
severson,nasa,with_soh,xgboost,20,123,40,0.8989553798325277,0.9998805171597471,1.0,40,101,arm_b,warmstart,0.900774598161914,0.9951523871689588,0.02596644179795628,0.01188130325985379,0.012095635756850243,,,0.8561604464228156,1.042510133430267,0.31042394781979404,5.6647611136767516e-93,0.9973856209150327,
severson,nasa,with_soh,xgboost,20,123,40,0.8989553798325277,0.9998805171597471,1.0,40,101,arm_a,iso,0.7846257913581013,,,0.011481343167636038,0.014217312447726727,0.07153465506471435,0.07153465506471435,0.8561604464228156,-1.6715683228164562,-0.49773601347339314,3.4118352908813677e-109,,0.42896415648879244
severson,nasa,with_soh,xgboost,20,123,40,0.8989553798325277,0.9998805171597471,1.0,40,101,arm_a,platt,0.8561604464228159,,,0.01469569103494216,0.014841790311038494,2.220446049250313e-16,2.220446049250313e-16,0.8561604464228156,5.188572273245774e-15,1.5449797915245034e-15,1.0,,0.9999982533209579
severson,nasa,with_soh,xgboost,20,123,40,0.8989553798325277,0.9998805171597471,1.0,40,101,arm_a,temp,0.8561604464228156,,,0.514550867926062,0.28804582489417985,0.0,0.0,0.8561604464228156,0.0,0.0,1.0,,1.0
severson,nasa,with_soh,xgboost,20,456,40,0.8989553798325277,0.9998805171597471,1.0,40,101,zeroshot,raw,0.8631378197337874,0.9934303365833753,0.021815193701865958,0.7961078493597844,0.6607270836830139,,,0.8631378197337874,,,,,
severson,nasa,with_soh,xgboost,20,456,40,0.8989553798325277,0.9998805171597471,1.0,40,101,arm_b,warmstart,0.8511351988484899,0.9980530408190087,0.00889093269258762,0.013656563397877639,0.01399967446923256,,,0.8631378197337874,-0.33510436925936,-0.08777522391494787,2.8689665169962204e-07,0.9921568627450981,
severson,nasa,with_soh,xgboost,20,456,40,0.8989553798325277,0.9998805171597471,1.0,40,101,arm_a,iso,0.8177388277613877,,,0.009449139715397787,0.013047782704234123,0.045398991972399716,0.045398991972399716,0.8631378197337874,-1.267506548387042,-0.33200304533250363,3.1841313847889666e-82,,0.7202088435648292
severson,nasa,with_soh,xgboost,20,456,40,0.8989553798325277,0.9998805171597471,1.0,40,101,arm_a,platt,0.8631378197337874,,,0.0125795900331969,0.014761241152882576,0.0,0.0,0.8631378197337874,0.0,0.0,1.0,,1.0
severson,nasa,with_soh,xgboost,20,456,40,0.8989553798325277,0.9998805171597471,1.0,40,101,arm_a,temp,0.8631378197337874,,,0.5165296518513953,0.2885689587963826,0.0,0.0,0.8631378197337874,0.0,0.0,1.0,,1.0
severson,nasa,with_soh,xgboost,20,789,40,0.8989553798325277,0.9998805171597471,1.0,40,101,zeroshot,raw,0.9957743813521578,0.9951074131300899,0.022162974015798843,0.8017130995996423,0.6621814966201782,,,0.9957743813521578,,,,,
severson,nasa,with_soh,xgboost,20,789,40,0.8989553798325277,0.9998805171597471,1.0,40,101,arm_b,warmstart,0.9865518285858405,0.9997403837485459,0.0005160295276633361,0.013367057236710143,0.01027835812419653,,,0.9957743813521578,,-2.2460418258137893,1.0601549301586352e-16,0.9973856209150327,
severson,nasa,with_soh,xgboost,20,789,40,0.8989553798325277,0.9998805171597471,1.0,40,101,arm_a,iso,0.9963766636922968,,,0.028281899111875945,0.004446367267519236,0.0006022823401390376,0.0006022823401390376,0.9957743813521578,,0.14667862154628294,0.015243108795789566,,0.9668702601605819
severson,nasa,with_soh,xgboost,20,789,40,0.8989553798325277,0.9998805171597471,1.0,40,101,arm_a,platt,0.9957743813521578,,,0.037226514528211525,0.008771362714469433,0.0,0.0,0.9957743813521578,,0.0,1.0,,0.9999999999999999
severson,nasa,with_soh,xgboost,20,789,40,0.8989553798325277,0.9998805171597471,1.0,40,101,arm_a,temp,0.9957743813521578,,,0.5277029510581158,0.2889442102507416,0.0,0.0,0.9957743813521578,,0.0,1.0,,0.9999999999999999
severson,nasa,with_soh,xgboost,20,101112,40,0.8989553798325277,0.9998805171597471,1.0,40,101,zeroshot,raw,0.8538500397959787,0.9926972471706792,0.022481211250046915,0.7867228110952751,0.6505393981933594,,,0.8538500397959787,,,,,
severson,nasa,with_soh,xgboost,20,101112,40,0.8989553798325277,0.9998805171597471,1.0,40,101,arm_b,warmstart,0.8176061395635069,0.9883295098562342,0.06036045595323234,0.01088511920254513,0.011495474725961685,,,0.8538500397959787,-0.8035390089755068,-0.24819408172026072,3.835634438414137e-30,0.9921568627450981,
severson,nasa,with_soh,xgboost,20,101112,40,0.8989553798325277,0.9998805171597471,1.0,40,101,arm_a,iso,0.7690982118941302,,,0.012879341443349183,0.01419772021472454,0.08475182790184854,0.08475182790184854,0.8538500397959787,-1.8789754790269602,-0.5803708200633213,1.4374656638736297e-129,,0.3627520037427687
severson,nasa,with_soh,xgboost,20,101112,40,0.8989553798325277,0.9998805171597471,1.0,40,101,arm_a,platt,0.8538500397959787,,,0.015253525940081638,0.015345228835940361,0.0,0.0,0.8538500397959787,0.0,0.0,1.0,,0.9999999999999999
severson,nasa,with_soh,xgboost,20,101112,40,0.8989553798325277,0.9998805171597471,1.0,40,101,arm_a,temp,0.8538500397959787,,,0.5157735441959922,0.2875374753667106,0.0,0.0,0.8538500397959787,0.0,0.0,1.0,,0.9999999999999999
severson,nasa,with_soh,lightgbm,20,123,5,0.9091700740504244,0.9999831790669155,1.0,5,136,zeroshot,raw,0.8939284920616574,0.9959300008902642,0.01439035501182834,0.7965987677509437,0.6556918164841924,,,0.8939284920616574,,,,,
severson,nasa,with_soh,lightgbm,20,123,5,0.9091700740504244,0.9999831790669155,1.0,5,136,arm_b,warmstart,0.8368232051481055,0.9967275168115429,0.018214995268838293,0.013181574986302954,0.012867338877003394,,,0.8939284920616574,-3.746677146482448,-0.5384513266322746,4.499545267630352e-174,0.9934640522875816,
severson,nasa,with_soh,lightgbm,20,123,5,0.9091700740504244,0.9999831790669155,1.0,5,136,arm_a,iso,0.8068943695251519,,,0.0065790575499534085,0.014017607923453534,0.08703412253650544,0.08703412253650544,0.8939284920616574,-5.7103076702043944,-0.8206532402683001,7.959986677321432e-147,,0.43427014202850023
severson,nasa,with_soh,lightgbm,20,123,5,0.9091700740504244,0.9999831790669155,1.0,5,136,arm_a,platt,0.8939284920616574,,,0.0041658825646364,0.011203328067552764,0.0,0.0,0.8939284920616574,0.0,0.0,1.0,,1.0
severson,nasa,with_soh,lightgbm,20,123,5,0.9091700740504244,0.9999831790669155,1.0,5,136,arm_a,temp,0.8939284920616574,,,0.5240415227012862,0.2872673032962751,0.0,0.0,0.8939284920616574,0.0,0.0,1.0,,1.0
severson,nasa,with_soh,lightgbm,20,456,5,0.9091700740504244,0.9999831790669155,1.0,5,136,zeroshot,raw,0.8904945001247322,0.9955936133794251,0.014606413514538041,0.7951136362469169,0.6536515084123373,,,0.8904945001247322,,,,,
severson,nasa,with_soh,lightgbm,20,456,5,0.9091700740504244,0.9999831790669155,1.0,5,136,arm_b,warmstart,0.8590843485529075,0.9950383128646288,0.028349655943523108,0.017172740841106843,0.016596965722746583,,,0.8904945001247322,-1.6818841389722117,-0.2868803594608277,3.974719527160714e-61,0.9999999999999999,
severson,nasa,with_soh,lightgbm,20,456,5,0.9091700740504244,0.9999831790669155,1.0,5,136,arm_a,iso,0.8117608986453749,,,0.008313462713096041,0.010523709362606,0.07873360147935726,0.07873360147935726,0.8904945001247322,-4.2158598066452235,-0.7191026710709828,2.2930188240017733e-127,,0.2800682335146239
severson,nasa,with_soh,lightgbm,20,456,5,0.9091700740504244,0.9999831790669155,1.0,5,136,arm_a,platt,0.8904945001247322,,,0.010297765155391521,0.011812244473277073,0.0,0.0,0.8904945001247322,0.0,0.0,1.0,,0.9999999999999999
severson,nasa,with_soh,lightgbm,20,456,5,0.9091700740504244,0.9999831790669155,1.0,5,136,arm_a,temp,0.8904945001247322,,,0.5238786535433662,0.28708358664738026,0.0,0.0,0.8904945001247322,0.0,0.0,1.0,,0.9999999999999999
severson,nasa,with_soh,lightgbm,20,789,5,0.9091700740504244,0.9999831790669155,1.0,5,136,zeroshot,raw,0.8924515828134374,0.9956576957353679,0.014422713061054101,0.794654172577671,0.6531067981665273,,,0.8924515828134374,,,,,
severson,nasa,with_soh,lightgbm,20,789,5,0.9091700740504244,0.9999831790669155,1.0,5,136,arm_b,warmstart,0.8493041191791391,0.984325578789034,0.021291090563685843,0.02102036992752176,0.021012867808095366,,,0.8924515828134374,-2.580822816047029,-0.40125381876215516,5.64932294401612e-77,1.0,
severson,nasa,with_soh,lightgbm,20,789,5,0.9091700740504244,0.9999831790669155,1.0,5,136,arm_a,iso,0.7727821099330148,,,0.010218170405452377,0.011086626616002127,0.11966947288042262,0.11966947288042262,0.8924515828134374,-7.157911033004764,-1.112877303507451,5.7175015950639e-200,,0.20871255747811954
severson,nasa,with_soh,lightgbm,20,789,5,0.9091700740504244,0.9999831790669155,1.0,5,136,arm_a,platt,0.8924515828134374,,,0.010506798011059219,0.010938054465200303,0.0,0.0,0.8924515828134374,0.0,0.0,1.0,,1.0
severson,nasa,with_soh,lightgbm,20,789,5,0.9091700740504244,0.9999831790669155,1.0,5,136,arm_a,temp,0.8924515828134374,,,0.5236535004773449,0.2870012977470615,0.0,0.0,0.8924515828134374,0.0,0.0,1.0,,1.0
severson,nasa,with_soh,lightgbm,20,101112,5,0.9091700740504244,0.9999831790669155,1.0,5,136,zeroshot,raw,0.9919545229376561,0.9979095500619148,0.003972920708118226,0.8020761503399702,0.6586436624493052,,,0.9919545229376561,,,,,
severson,nasa,with_soh,lightgbm,20,101112,5,0.9091700740504244,0.9999831790669155,1.0,5,136,arm_b,warmstart,0.8793061873756531,0.9943633000827422,0.02370493988447666,0.16955841092607557,0.16914259519189578,,,0.9919545229376561,,-14.030783452223165,0.0,0.9947712418300653,
severson,nasa,with_soh,lightgbm,20,101112,5,0.9091700740504244,0.9999831790669155,1.0,5,136,arm_a,iso,0.9672273287302444,,,0.18857322120697653,0.0738070746250763,0.02472719420741165,0.02472719420741165,0.9919545229376561,,-3.0798671420608703,1.5988038920966907e-55,,0.9409878011108587
severson,nasa,with_soh,lightgbm,20,101112,5,0.9091700740504244,0.9999831790669155,1.0,5,136,arm_a,platt,0.9919545229376561,,,0.18143664183920774,0.05191878185605591,0.0,0.0,0.9919545229376561,,0.0,1.0,,0.9999999999999999
severson,nasa,with_soh,lightgbm,20,101112,5,0.9091700740504244,0.9999831790669155,1.0,5,136,arm_a,temp,0.9919545229376561,,,0.5308742190673097,0.2876778822559524,0.0,0.0,0.9919545229376561,,0.0,1.0,,0.9999999999999999
severson,nasa,with_soh,lightgbm,20,42,10,0.9091700740504244,0.9999831790669155,1.0,10,131,zeroshot,raw,0.8911270538921781,0.9960905048854721,0.014464627721761,0.7957163407689656,0.6545760336949525,,,0.8911270538921781,,,,,
severson,nasa,with_soh,lightgbm,20,42,10,0.9091700740504244,0.9999831790669155,1.0,10,131,arm_b,warmstart,0.8263127408642843,0.993308977641646,0.038034467470731324,0.013319489347235158,0.013356937074699114,,,0.8911270538921781,-3.5922097553203267,-0.5954126414462474,1.76480897391328e-126,1.0,
severson,nasa,with_soh,lightgbm,20,42,10,0.9091700740504244,0.9999831790669155,1.0,10,131,arm_a,iso,0.8450019784928964,,,0.006967169276335888,0.01069010721007893,0.04612507539928168,0.04612507539928168,0.8911270538921781,-2.556394383797261,-0.4237251264018542,3.8101934344053763e-73,,0.7183841333879486
severson,nasa,with_soh,lightgbm,20,42,10,0.9091700740504244,0.9999831790669155,1.0,10,131,arm_a,platt,0.8911270538921781,,,0.00918100056967623,0.01124626460418913,0.0,0.0,0.8911270538921781,0.0,0.0,1.0,,1.0
severson,nasa,with_soh,lightgbm,20,42,10,0.9091700740504244,0.9999831790669155,1.0,10,131,arm_a,temp,0.8911270538921781,,,0.5238355962643656,0.2871462423036506,0.0,0.0,0.8911270538921781,0.0,0.0,1.0,,1.0
severson,nasa,with_soh,lightgbm,20,123,10,0.9091700740504244,0.9999831790669155,1.0,10,131,zeroshot,raw,0.8895142351874779,0.995556394348183,0.014597485229552282,0.7958582038684473,0.6550911345374055,,,0.8895142351874779,,,,,
severson,nasa,with_soh,lightgbm,20,123,10,0.9091700740504244,0.9999831790669155,1.0,10,131,arm_b,warmstart,0.8231274983896271,0.9941621257440832,0.022066380249806252,0.014933047569234368,0.01463602800824785,,,0.8895142351874779,-3.3774562999189652,-0.6009538469952533,9.708079932052438e-163,1.0,
severson,nasa,with_soh,lightgbm,20,123,10,0.9091700740504244,0.9999831790669155,1.0,10,131,arm_a,iso,0.8244876255079807,,,0.009229975780841147,0.011089275154652824,0.06502660967949714,0.06502660967949714,0.8895142351874779,-3.3082591963083106,-0.5886415439117908,9.605673079471812e-108,,0.427233940164236
severson,nasa,with_soh,lightgbm,20,123,10,0.9091700740504244,0.9999831790669155,1.0,10,131,arm_a,platt,0.8895142351874779,,,0.011859347976243335,0.011436611832432787,0.0,0.0,0.8895142351874779,0.0,0.0,1.0,,0.9999999999999999
severson,nasa,with_soh,lightgbm,20,123,10,0.9091700740504244,0.9999831790669155,1.0,10,131,arm_a,temp,0.8895142351874779,,,0.523632042580142,0.28718518285743144,0.0,0.0,0.8895142351874779,0.0,0.0,1.0,,0.9999999999999999
severson,nasa,with_soh,lightgbm,20,456,10,0.9091700740504244,0.9999831790669155,1.0,10,131,zeroshot,raw,0.8883435304547053,0.9955062447234065,0.014789347008619644,0.7946290568072852,0.6532672900392288,,,0.8883435304547053,,,,,
severson,nasa,with_soh,lightgbm,20,456,10,0.9091700740504244,0.9999831790669155,1.0,10,131,arm_b,warmstart,0.8452528953197846,0.9955071943198786,0.025162395514521128,0.009547887576855006,0.009649014652106857,,,0.8883435304547053,-2.0690247969796522,-0.3859796736247316,8.093325627461126e-73,1.0,
severson,nasa,with_soh,lightgbm,20,456,10,0.9091700740504244,0.9999831790669155,1.0,10,131,arm_a,iso,0.8206200662052276,,,0.007951333882912642,0.011058244123465764,0.06772346424947762,0.06772346424947762,0.8883435304547053,-3.2517860651345973,-0.6066255590316377,3.5626127497996963e-112,,0.43236487341488744
severson,nasa,with_soh,lightgbm,20,456,10,0.9091700740504244,0.9999831790669155,1.0,10,131,arm_a,platt,0.8883435304547053,,,0.010769011836704825,0.011572689985337429,0.0,0.0,0.8883435304547053,0.0,0.0,1.0,,1.0
severson,nasa,with_soh,lightgbm,20,456,10,0.9091700740504244,0.9999831790669155,1.0,10,131,arm_a,temp,0.8883435304547053,,,0.523500180232479,0.2870364632158429,0.0,0.0,0.8883435304547053,0.0,0.0,1.0,,1.0
severson,nasa,with_soh,lightgbm,20,789,10,0.9091700740504244,0.9999831790669155,1.0,10,131,zeroshot,raw,0.8873362657011092,0.9954844049888463,0.014786829187530236,0.796933208957642,0.6564031686217532,,,0.8873362657011092,,,,,
severson,nasa,with_soh,lightgbm,20,789,10,0.9091700740504244,0.9999831790669155,1.0,10,131,arm_b,warmstart,0.8656187166792451,0.9962678926007544,0.01757345127090678,0.011506973790478384,0.01166348667525588,,,0.8873362657011092,-0.9946752611550422,-0.19279311232735918,1.1951634075994645e-43,0.9986928104575163,
severson,nasa,with_soh,lightgbm,20,789,10,0.9091700740504244,0.9999831790669155,1.0,10,131,arm_a,iso,0.8214651622836612,,,0.008945117438654445,0.011216624012567174,0.06587110341744806,0.06587110341744806,0.8873362657011092,-3.016931465348977,-0.5847572867224529,3.7419043798819184e-107,,0.432432657800096
severson,nasa,with_soh,lightgbm,20,789,10,0.9091700740504244,0.9999831790669155,1.0,10,131,arm_a,platt,0.8873362657011092,,,0.01045088791096045,0.011813675952504326,0.0,0.0,0.8873362657011092,0.0,0.0,1.0,,1.0
severson,nasa,with_soh,lightgbm,20,789,10,0.9091700740504244,0.9999831790669155,1.0,10,131,arm_a,temp,0.8873362657011092,,,0.5237845972618035,0.2873331502672209,0.0,0.0,0.8873362657011092,0.0,0.0,1.0,,1.0
severson,nasa,with_soh,lightgbm,20,101112,10,0.9091700740504244,0.9999831790669155,1.0,10,131,zeroshot,raw,0.8918326787271229,0.9955749040044521,0.014602115403684482,0.7930433157479206,0.6515480929905905,,,0.8918326787271229,,,,,
severson,nasa,with_soh,lightgbm,20,101112,10,0.9091700740504244,0.9999831790669155,1.0,10,131,arm_b,warmstart,0.8681249199567465,0.9948916979316643,0.019924727120689555,0.015364806281499041,0.015299150381606815,,,0.8918326787271229,-1.3674348613665863,-0.2192108098981535,1.5166281178663811e-38,1.0,
severson,nasa,with_soh,lightgbm,20,101112,10,0.9091700740504244,0.9999831790669155,1.0,10,131,arm_a,iso,0.825892116682311,,,0.007937834364610905,0.011258271596358333,0.06594056204481191,0.06594056204481191,0.8918326787271229,-3.8033718915198143,-0.6097111140275506,7.75861952004833e-112,,0.4333161611602247
severson,nasa,with_soh,lightgbm,20,101112,10,0.9091700740504244,0.9999831790669155,1.0,10,131,arm_a,platt,0.8918326787271229,,,0.011056473638028148,0.011796236980220287,0.0,0.0,0.8918326787271229,0.0,0.0,1.0,,1.0
severson,nasa,with_soh,lightgbm,20,101112,10,0.9091700740504244,0.9999831790669155,1.0,10,131,arm_a,temp,0.8918326787271229,,,0.5228540806601496,0.2867860797021539,0.0,0.0,0.8918326787271229,0.0,0.0,1.0,,1.0
severson,nasa,with_soh,lightgbm,20,123,20,0.9091700740504244,0.9999831790669155,1.0,20,121,zeroshot,raw,0.8862938063516208,0.9955280302853046,0.01479503077524886,0.7953849665309244,0.6552804703720397,,,0.8862938063516208,,,,,
severson,nasa,with_soh,lightgbm,20,123,20,0.9091700740504244,0.9999831790669155,1.0,20,121,arm_b,warmstart,0.869222971908673,0.996252639297854,0.016733327837567813,0.013787269014689938,0.013662400847193975,,,0.8862938063516208,-0.7462246319070908,-0.15015329960256896,1.0056718330888815e-14,0.9960784313725489,
severson,nasa,with_soh,lightgbm,20,123,20,0.9091700740504244,0.9999831790669155,1.0,20,121,arm_a,iso,0.8210023070824387,,,0.010841347578752112,0.012157194246591087,0.0652914992691821,0.0652914992691821,0.8862938063516208,-2.8541150212452195,-0.5742972954269666,1.7160223540438554e-105,,0.43512694477142166
severson,nasa,with_soh,lightgbm,20,123,20,0.9091700740504244,0.9999831790669155,1.0,20,121,arm_a,platt,0.8862938063516208,,,0.012712299808127471,0.012609157734483,0.0,0.0,0.8862938063516208,0.0,0.0,1.0,,1.0
severson,nasa,with_soh,lightgbm,20,123,20,0.9091700740504244,0.9999831790669155,1.0,20,121,arm_a,temp,0.8862938063516208,,,0.5225735571149602,0.28711367423325196,0.0,0.0,0.8862938063516208,0.0,0.0,1.0,,1.0
severson,nasa,with_soh,lightgbm,20,456,20,0.9091700740504244,0.9999831790669155,1.0,20,121,zeroshot,raw,0.8873346476892996,0.995283247538614,0.01517819602175117,0.7914310726646187,0.6495661240574446,,,0.8873346476892996,,,,,
severson,nasa,with_soh,lightgbm,20,456,20,0.9091700740504244,0.9999831790669155,1.0,20,121,arm_b,warmstart,0.7675707125846901,0.990165043417924,0.05442806453259505,0.010082019446204009,0.010224274978777282,,,0.8873346476892996,-5.484845275008415,-1.063164638189038,1.3801634119621127e-154,0.9986928104575165,
severson,nasa,with_soh,lightgbm,20,456,20,0.9091700740504244,0.9999831790669155,1.0,20,121,arm_a,iso,0.815546270694821,,,0.009860252752864064,0.01182548621732276,0.0717883769944786,0.0717883769944786,0.8873346476892996,-3.2877020950819955,-0.637277522543392,2.684772994921039e-115,,0.42576430486332
severson,nasa,with_soh,lightgbm,20,456,20,0.9091700740504244,0.9999831790669155,1.0,20,121,arm_a,platt,0.8873346476892996,,,0.012304809282192927,0.012382890818263272,0.0,0.0,0.8873346476892996,0.0,0.0,1.0,,0.9999999999999999
severson,nasa,with_soh,lightgbm,20,456,20,0.9091700740504244,0.9999831790669155,1.0,20,121,arm_a,temp,0.8873346476892996,,,0.5220522365676104,0.28657488187216673,0.0,0.0,0.8873346476892996,0.0,0.0,1.0,,0.9999999999999999
severson,nasa,with_soh,lightgbm,20,789,20,0.9091700740504244,0.9999831790669155,1.0,20,121,zeroshot,raw,0.8841272222195826,0.995385718074809,0.015409139154659609,0.7937779099429009,0.6524690106092568,,,0.8841272222195826,,,,,
severson,nasa,with_soh,lightgbm,20,789,20,0.9091700740504244,0.9999831790669155,1.0,20,121,arm_b,warmstart,0.8693299031146732,0.994263354101124,0.030229459827941535,0.014741291473031489,0.0149518412560346,,,0.8841272222195826,-0.5908799526851677,-0.1277216943139864,3.213439485248475e-13,1.0,
severson,nasa,with_soh,lightgbm,20,789,20,0.9091700740504244,0.9999831790669155,1.0,20,121,arm_a,iso,0.8129507197890342,,,0.007514612058363184,0.011247662216303125,0.0711765024305484,0.0711765024305484,0.8841272222195826,-2.842188378197818,-0.6143534123527199,2.4876278258343137e-113,,0.4768595704805234
severson,nasa,with_soh,lightgbm,20,789,20,0.9091700740504244,0.9999831790669155,1.0,20,121,arm_a,platt,0.8841272222195826,,,0.010678200456086952,0.011930726018709401,0.0,0.0,0.8841272222195826,0.0,0.0,1.0,,1.0
severson,nasa,with_soh,lightgbm,20,789,20,0.9091700740504244,0.9999831790669155,1.0,20,121,arm_a,temp,0.8841272222195826,,,0.5230081731410579,0.2869337748293307,0.0,0.0,0.8841272222195826,0.0,0.0,1.0,,1.0
severson,nasa,with_soh,lightgbm,20,101112,20,0.9091700740504244,0.9999831790669155,1.0,20,121,zeroshot,raw,0.8872790855490078,0.9954105937959503,0.014984306313741194,0.7928440565840928,0.6516630030704047,,,0.8872790855490078,,,,,
severson,nasa,with_soh,lightgbm,20,101112,20,0.9091700740504244,0.9999831790669155,1.0,20,121,arm_b,warmstart,0.8690216504783966,0.9972763213249762,0.012613675202308088,0.013370043267349889,0.013468414895563163,,,0.8872790855490078,-0.8340160184831181,-0.16199442718298632,8.229022073351415e-23,0.9999999999999999,
severson,nasa,with_soh,lightgbm,20,101112,20,0.9091700740504244,0.9999831790669155,1.0,20,121,arm_a,iso,0.8195618092322791,,,0.008652487157694611,0.011610775128639304,0.06771727631672875,0.06771727631672875,0.8872790855490078,-3.0933859525049194,-0.6008413199824821,3.203547869674497e-110,,0.4311692600575386
severson,nasa,with_soh,lightgbm,20,101112,20,0.9091700740504244,0.9999831790669155,1.0,20,121,arm_a,platt,0.8872790855490078,,,0.011752299538812305,0.012252281897923952,0.0,0.0,0.8872790855490078,0.0,0.0,1.0,,1.0
severson,nasa,with_soh,lightgbm,20,101112,20,0.9091700740504244,0.9999831790669155,1.0,20,121,arm_a,temp,0.8872790855490078,,,0.5224103502453225,0.2867839670489929,0.0,0.0,0.8872790855490078,0.0,0.0,1.0,,1.0
severson,nasa,with_soh,lightgbm,20,42,40,0.9091700740504244,0.9999831790669155,1.0,40,101,zeroshot,raw,0.8659694892616945,0.9952100475641379,0.016816708741690854,0.7935454594528603,0.6527504516270635,,,0.8659694892616945,,,,,
severson,nasa,with_soh,lightgbm,20,42,40,0.9091700740504244,0.9999831790669155,1.0,40,101,arm_b,warmstart,0.9096187928769306,0.995059841348458,0.02350250676418128,0.010794181564920567,0.011066694229520717,,,0.8659694892616945,1.0103868692681048,0.32570779655927057,8.135874427099286e-47,1.0,
severson,nasa,with_soh,lightgbm,20,42,40,0.9091700740504244,0.9999831790669155,1.0,40,101,arm_a,iso,0.8499858315399828,,,0.009464664421444785,0.01261978447896764,0.01598365772171173,0.01598365772171173,0.8659694892616945,-0.3699870684593492,-0.1192688429439022,2.9597289880496815e-14,,0.9078559765901169
severson,nasa,with_soh,lightgbm,20,42,40,0.9091700740504244,0.9999831790669155,1.0,40,101,arm_a,platt,0.8659694892616945,,,0.01214346117154116,0.013588299205868374,0.0,0.0,0.8659694892616945,0.0,0.0,1.0,,1.0
severson,nasa,with_soh,lightgbm,20,42,40,0.9091700740504244,0.9999831790669155,1.0,40,101,arm_a,temp,0.8659694892616945,,,0.5221170579193808,0.28704590635804733,0.0,0.0,0.8659694892616945,0.0,0.0,1.0,,1.0
severson,nasa,with_soh,lightgbm,20,123,40,0.9091700740504244,0.9999831790669155,1.0,40,101,zeroshot,raw,0.8718820734991001,0.994785557793829,0.016060944872073313,0.7924055732664629,0.6526643320280175,,,0.8718820734991001,,,,,
severson,nasa,with_soh,lightgbm,20,123,40,0.9091700740504244,0.9999831790669155,1.0,40,101,arm_b,warmstart,0.7683439208385695,0.9962059633483835,0.01966102948650587,0.01227523337169986,0.012428400559307003,,,0.8718820734991001,-2.776715059259281,-0.8082533886151243,1.2203945466874607e-144,1.0,
severson,nasa,with_soh,lightgbm,20,123,40,0.9091700740504244,0.9999831790669155,1.0,40,101,arm_a,iso,0.7997215988262407,,,0.010399268763009718,0.013497843186730762,0.07216047467285935,0.07216047467285935,0.8718820734991001,-1.93521973841251,-0.5633087579767869,2.366110626776655e-109,,0.48337087057086575
severson,nasa,with_soh,lightgbm,20,123,40,0.9091700740504244,0.9999831790669155,1.0,40,101,arm_a,platt,0.8718820734991001,,,0.013579971893733864,0.014162152960052573,0.0,0.0,0.8718820734991001,0.0,0.0,1.0,,0.9999999999999999
severson,nasa,with_soh,lightgbm,20,123,40,0.9091700740504244,0.9999831790669155,1.0,40,101,arm_a,temp,0.8718820734991001,,,0.520542905340723,0.2868238906714625,0.0,0.0,0.8718820734991001,0.0,0.0,1.0,,0.9999999999999999
severson,nasa,with_soh,lightgbm,20,456,40,0.9091700740504244,0.9999831790669155,1.0,40,101,zeroshot,raw,0.8737625556664482,0.9953373266022504,0.016335315934394867,0.7965190254843821,0.6572029463283764,,,0.8737625556664482,,,,,
severson,nasa,with_soh,lightgbm,20,456,40,0.9091700740504244,0.9999831790669155,1.0,40,101,arm_b,warmstart,0.8758282511802753,0.9968744519539915,0.014238914570390532,0.013455791478241554,0.013572847501525525,,,0.8737625556664482,0.058340590024572606,0.016365752744487108,0.43204462816391564,1.0,
severson,nasa,with_soh,lightgbm,20,456,40,0.9091700740504244,0.9999831790669155,1.0,40,101,arm_a,iso,0.8072121891949225,,,0.010033570873607438,0.012746188815371463,0.06655036647152568,0.06655036647152568,0.8737625556664482,-1.8795546683001476,-0.5272543002768858,3.715960112471498e-97,,0.5288000545502013
severson,nasa,with_soh,lightgbm,20,456,40,0.9091700740504244,0.9999831790669155,1.0,40,101,arm_a,platt,0.8737625556664482,,,0.012348583388834024,0.013541466130815295,0.0,0.0,0.8737625556664482,0.0,0.0,1.0,,1.0
severson,nasa,with_soh,lightgbm,20,456,40,0.9091700740504244,0.9999831790669155,1.0,40,101,arm_a,temp,0.8737625556664482,,,0.5219975781087527,0.2873374125558793,0.0,0.0,0.8737625556664482,0.0,0.0,1.0,,1.0
severson,nasa,with_soh,lightgbm,20,789,40,0.9091700740504244,0.9999831790669155,1.0,40,101,zeroshot,raw,0.9971710607135573,0.9990433799716254,0.0006506926425768418,0.8048440105090716,0.6609747655106768,,,0.9971710607135573,,,,,
severson,nasa,with_soh,lightgbm,20,789,40,0.9091700740504244,0.9999831790669155,1.0,40,101,arm_b,warmstart,0.9885032317524711,0.9996578649549681,0.0008679483345652712,0.017732866712733282,0.013813896565811338,,,0.9971710607135573,,-3.0823130010638877,1.8294317819891083e-26,1.0,
severson,nasa,with_soh,lightgbm,20,789,40,0.9091700740504244,0.9999831790669155,1.0,40,101,arm_a,iso,0.9890770065209992,,,0.027877592297632894,0.004526592244502315,0.008094054192558153,0.008094054192558153,0.9971710607135573,,-2.8782765074209866,1.6031841180761368e-12,,0.94657166698051
severson,nasa,with_soh,lightgbm,20,789,40,0.9091700740504244,0.9999831790669155,1.0,40,101,arm_a,platt,0.9971710607135573,,,0.030490114760794725,0.005162724069466857,0.0,0.0,0.9971710607135573,,0.0,1.0,,1.0
severson,nasa,with_soh,lightgbm,20,789,40,0.9091700740504244,0.9999831790669155,1.0,40,101,arm_a,temp,0.9971710607135573,,,0.5323250868448647,0.2881086423429455,0.0,0.0,0.9971710607135573,,0.0,1.0,,1.0
severson,nasa,with_soh,lightgbm,20,101112,40,0.9091700740504244,0.9999831790669155,1.0,40,101,zeroshot,raw,0.8681144139031075,0.9945825125654572,0.016872085772813423,0.7911070519969273,0.6497237726419097,,,0.8681144139031075,,,,,
severson,nasa,with_soh,lightgbm,20,101112,40,0.9091700740504244,0.9999831790669155,1.0,40,101,arm_b,warmstart,0.6790244239982425,0.9825800916107984,0.08989951642504754,0.012045417014570466,0.01237629741822779,,,0.8681144139031075,-4.60569844027274,-1.4339255370290045,2.456491500135265e-209,1.0,
severson,nasa,with_soh,lightgbm,20,101112,40,0.9091700740504244,0.9999831790669155,1.0,40,101,arm_a,iso,0.7863663909254333,,,0.012026581999415375,0.013446254968228957,0.08174802297767425,0.08174802297767425,0.8681144139031075,-1.9911511027795947,-0.6199195304219804,3.644339787875726e-118,,0.43264652391001224
severson,nasa,with_soh,lightgbm,20,101112,40,0.9091700740504244,0.9999831790669155,1.0,40,101,arm_a,platt,0.8681144139031075,,,0.013474066054293372,0.014500952631059003,0.0,0.0,0.8681144139031075,0.0,0.0,1.0,,1.0
severson,nasa,with_soh,lightgbm,20,101112,40,0.9091700740504244,0.9999831790669155,1.0,40,101,arm_a,temp,0.8681144139031075,,,0.5212970188575701,0.2867018734184969,0.0,0.0,0.8681144139031075,0.0,0.0,1.0,,1.0
severson,nasa,with_soh,random_forest,20,123,5,0.9013672908766415,0.998804656020104,1.0,5,136,zeroshot,raw,0.8594419723423486,0.9990507093591068,0.004286773181981517,0.4531616665634124,0.22275494862394998,,,0.8594419723423486,,,,,
severson,nasa,with_soh,random_forest,20,123,5,0.9013672908766415,0.998804656020104,1.0,5,136,arm_b,warmstart,0.8247595290356899,0.98628517765076,0.07880012236210146,0.012381239970824217,0.012363515195720886,,,0.8594419723423486,-0.827243406112471,-0.24886463428656405,2.7479380336189555e-56,0.7163398692810456,
severson,nasa,with_soh,random_forest,20,123,5,0.9013672908766415,0.998804656020104,1.0,5,136,arm_a,iso,0.8092920890035303,,,0.01113422808993995,0.011617373124710855,0.05014494987060736,0.05014494987060736,0.8594419723423486,-1.1961717905088356,-0.35985159022036733,7.526133950355008e-75,,0.2759147451620134
severson,nasa,with_soh,random_forest,20,123,5,0.9013672908766415,0.998804656020104,1.0,5,136,arm_a,platt,0.8594370388741377,,,0.011065557785054272,0.011702024603332648,0.0,0.0,0.8594419723423486,-0.00011767276632423005,-3.5400209588115255e-05,0.4950010600662055,,0.999999947747731
severson,nasa,with_soh,random_forest,20,123,5,0.9013672908766415,0.998804656020104,1.0,5,136,arm_a,temp,0.8594370388741377,,,0.22269317477884387,0.13269405551234223,0.0,0.0,0.8594419723423486,-0.00011767276632423005,-3.5400209588115255e-05,0.4950010600662055,,0.9999999476803454
severson,nasa,with_soh,random_forest,20,456,5,0.9013672908766415,0.998804656020104,1.0,5,136,zeroshot,raw,0.8600284199089101,0.9990376799647335,0.004341206742129884,0.4524741901290583,0.22204190512640418,,,0.8600284199089101,,,,,
severson,nasa,with_soh,random_forest,20,456,5,0.9013672908766415,0.998804656020104,1.0,5,136,arm_b,warmstart,0.8239300592393394,0.9864289638908184,0.07839548583888101,0.011181172826010555,0.01138550835552948,,,0.8600284199089101,-0.8732304444828375,-0.26011917948723623,9.185343216302792e-64,0.8627450980392157,
severson,nasa,with_soh,random_forest,20,456,5,0.9013672908766415,0.998804656020104,1.0,5,136,arm_a,iso,0.8059684742909061,,,0.01048499442873204,0.011699999802603915,0.054061734903188996,0.054061734903188996,0.8600284199089101,-1.307726707393691,-0.3895475704838158,1.622982499038519e-83,,0.2701235481839731
severson,nasa,with_soh,random_forest,20,456,5,0.9013672908766415,0.998804656020104,1.0,5,136,arm_a,platt,0.8600302091940951,,,0.009878101405274502,0.01119210207743689,0.0,0.0,0.8600284199089101,4.328335881290097e-05,1.2893311096741904e-05,0.3536783373741923,,0.9999999657729377
severson,nasa,with_soh,random_forest,20,456,5,0.9013672908766415,0.998804656020104,1.0,5,136,arm_a,temp,0.8600302091940951,,,0.3154235287463636,0.14428628491619314,0.0,0.0,0.8600284199089101,4.328335881290097e-05,1.2893311096741904e-05,0.3536783373741923,,0.9999999657730609
severson,nasa,with_soh,random_forest,20,789,5,0.9013672908766415,0.998804656020104,1.0,5,136,zeroshot,raw,0.8645486232529723,0.9990441092607107,0.0042861104806179865,0.45180153738980783,0.22157390740847197,,,0.8645486232529723,,,,,
severson,nasa,with_soh,random_forest,20,789,5,0.9013672908766415,0.998804656020104,1.0,5,136,arm_b,warmstart,0.7829318505332193,0.8630213279052524,0.08338750121714324,0.022149353785977686,0.021302522021544396,,,0.8645486232529723,-2.2167226026203366,-0.6079188475747529,7.789293023677344e-51,0.6209150326797386,
severson,nasa,with_soh,random_forest,20,789,5,0.9013672908766415,0.998804656020104,1.0,5,136,arm_a,iso,0.7914567649616223,,,0.009791240988433272,0.011019055825176956,0.07309361373738243,0.07309361373738243,0.8645486232529723,-1.9851847719867621,-0.5444214072534713,1.2895110306731395e-112,,0.23049780192083386
severson,nasa,with_soh,random_forest,20,789,5,0.9013672908766415,0.998804656020104,1.0,5,136,arm_a,platt,0.8645503786990048,,,0.0090969538579787,0.010947963346375659,0.0,0.0,0.8645486232529723,4.767815202788296e-05,1.3075360534972952e-05,0.35367814455562174,,0.9999999745641021
severson,nasa,with_soh,random_forest,20,789,5,0.9013672908766415,0.998804656020104,1.0,5,136,arm_a,temp,0.8645503786990048,,,0.3909197739393763,0.17558121549730424,0.0,0.0,0.8645486232529723,4.767815202788296e-05,1.3075360534972952e-05,0.35367814455562174,,0.9999999744947642
severson,nasa,with_soh,random_forest,20,101112,5,0.9013672908766415,0.998804656020104,1.0,5,136,zeroshot,raw,0.9979272221163931,0.9997267341804834,0.00035223746595377446,0.4599311880800058,0.222223020326778,,,0.9979272221163931,,,,,
severson,nasa,with_soh,random_forest,20,101112,5,0.9013672908766415,0.998804656020104,1.0,5,136,arm_b,warmstart,0.8495567263766574,0.9793344792872539,0.08262961059548929,0.1548232330276582,0.12853121732315714,,,0.9979272221163931,,-169.0959229090926,0.0,0.7934640522875818,
severson,nasa,with_soh,random_forest,20,101112,5,0.9013672908766415,0.998804656020104,1.0,5,136,arm_a,iso,0.9710621363352617,,,0.18149820069947725,0.05084668249206091,0.026865085781131337,0.026865085781131337,0.9979272221163931,,-30.61778860779074,2.9117314509353743e-44,,0.930135651031633
severson,nasa,with_soh,random_forest,20,101112,5,0.9013672908766415,0.998804656020104,1.0,5,136,arm_a,platt,0.9979272221163931,,,0.1939700430530292,0.0453634734046925,0.0,0.0,0.9979272221163931,,0.0,1.0,,0.9999999988283745
severson,nasa,with_soh,random_forest,20,101112,5,0.9013672908766415,0.998804656020104,1.0,5,136,arm_a,temp,0.9979272221163931,,,0.32871013570506896,0.14540194715256488,0.0,0.0,0.9979272221163931,,0.0,1.0,,0.9999999988051437
severson,nasa,with_soh,random_forest,20,42,10,0.9013672908766415,0.998804656020104,1.0,10,131,zeroshot,raw,0.8581008377785443,0.9990405570902173,0.0043984477203210465,0.4525982401017346,0.2223378068419216,,,0.8581008377785443,,,,,
severson,nasa,with_soh,random_forest,20,42,10,0.9013672908766415,0.998804656020104,1.0,10,131,arm_b,warmstart,0.8116340126749539,0.9761452795921745,0.08384096426980538,0.014489219573737321,0.013195754372894324,,,0.8581008377785443,-1.0739689014543676,-0.3302456584640531,1.356124412664751e-75,0.934640522875817,
severson,nasa,with_soh,random_forest,20,42,10,0.9013672908766415,0.998804656020104,1.0,10,131,arm_a,iso,0.8213785449474212,,,0.007004528957229599,0.010920229314001157,0.03672227117597693,0.03672227117597693,0.8581008377785443,-0.8487474752752049,-0.2609900235122146,1.1976299999319847e-70,,0.43551337159919284
severson,nasa,with_soh,random_forest,20,42,10,0.9013672908766415,0.998804656020104,1.0,10,131,arm_a,platt,0.8581008161233982,,,0.009118393485655595,0.01123040620292841,0.0,0.0,0.8581008377785443,-5.005066181791617e-07,-1.5390588820808309e-07,0.3383280367288175,,0.9999999934873005
severson,nasa,with_soh,random_forest,20,42,10,0.9013672908766415,0.998804656020104,1.0,10,131,arm_a,temp,0.8581008161233982,,,0.2943036380230802,0.13901822696761015,0.0,0.0,0.8581008377785443,-5.005066181791617e-07,-1.5390588820808309e-07,0.3383280367288175,,0.9999999934369184
severson,nasa,with_soh,random_forest,20,123,10,0.9013672908766415,0.998804656020104,1.0,10,131,zeroshot,raw,0.858056115986102,0.9990109085774207,0.0043379272012763,0.4525404897985673,0.22250819552518447,,,0.858056115986102,,,,,
severson,nasa,with_soh,random_forest,20,123,10,0.9013672908766415,0.998804656020104,1.0,10,131,arm_b,warmstart,0.8936284385417459,0.9950037842789158,0.019577591893674477,0.016277966752202448,0.014222944682100478,,,0.858056115986102,0.8213197320448127,0.2527367072301449,6.465753150075769e-56,0.9437908496732025,
severson,nasa,with_soh,random_forest,20,123,10,0.9013672908766415,0.998804656020104,1.0,10,131,arm_a,iso,0.8200651696283628,,,0.01001711925296122,0.011369508854870926,0.037983268742297516,0.037983268742297516,0.858056115986102,-0.8771626826968749,-0.2699207135545511,4.965303722967251e-61,,0.3148302246591767
severson,nasa,with_soh,random_forest,20,123,10,0.9013672908766415,0.998804656020104,1.0,10,131,arm_a,platt,0.8580484383706604,,,0.010939031046741977,0.011685987932550806,0.0,0.0,0.858056115986102,-0.0001772663858930054,-5.4548455278975246e-05,0.31207597594819425,,0.9999999372498188
severson,nasa,with_soh,random_forest,20,123,10,0.9013672908766415,0.998804656020104,1.0,10,131,arm_a,temp,0.8580484383706604,,,0.29470740810920637,0.13967269391967838,0.0,0.0,0.858056115986102,-0.0001772663858930054,-5.4548455278975246e-05,0.31207597594819425,,0.9999999342266159
severson,nasa,with_soh,random_forest,20,456,10,0.9013672908766415,0.998804656020104,1.0,10,131,zeroshot,raw,0.8556846999820937,0.9990004762384199,0.004395538710427282,0.4526234965949733,0.22254556648578358,,,0.8556846999820937,,,,,
severson,nasa,with_soh,random_forest,20,456,10,0.9013672908766415,0.998804656020104,1.0,10,131,arm_b,warmstart,0.8705295406675305,0.9966076498185958,0.0181528635975002,0.007896729755229025,0.009940986975762603,,,0.8556846999820937,0.3249561899784571,0.10372306627521771,3.1074642310098483e-13,0.8209150326797385,
severson,nasa,with_soh,random_forest,20,456,10,0.9013672908766415,0.998804656020104,1.0,10,131,arm_a,iso,0.8163657211678891,,,0.009816837841808762,0.011652429333550625,0.0393263289815704,0.0393263289815704,0.8556846999820937,-0.8606994052716351,-0.27472743775691333,7.26703665226827e-63,,0.3149021476411781
severson,nasa,with_soh,random_forest,20,456,10,0.9013672908766415,0.998804656020104,1.0,10,131,arm_a,platt,0.8556920501494595,,,0.009956157778216072,0.01137387476082675,0.0,0.0,0.8556846999820937,0.0001608964645353926,5.135669105290506e-05,0.3243263923632034,,0.9999999520076452
severson,nasa,with_soh,random_forest,20,456,10,0.9013672908766415,0.998804656020104,1.0,10,131,arm_a,temp,0.8556920501494595,,,0.27279426477588636,0.13575658897293935,0.0,0.0,0.8556846999820937,0.0001608964645353926,5.135669105290506e-05,0.3243263923632034,,0.999999952010787
severson,nasa,with_soh,random_forest,20,789,10,0.9013672908766415,0.998804656020104,1.0,10,131,zeroshot,raw,0.8604611069587405,0.9990076363192115,0.004396137985092743,0.4516527089405118,0.22165729677396181,,,0.8604611069587405,,,,,
severson,nasa,with_soh,random_forest,20,789,10,0.9013672908766415,0.998804656020104,1.0,10,131,arm_b,warmstart,0.8696449460669647,0.9926182033518731,0.041339669316901945,0.008464139905000837,0.010278147663314675,,,0.8604611069587405,0.2245097984856352,0.06638429598297142,5.487954760642445e-06,0.681045751633987,
severson,nasa,with_soh,random_forest,20,789,10,0.9013672908766415,0.998804656020104,1.0,10,131,arm_a,iso,0.8169987668065012,,,0.012196485550677245,0.012685359469328814,0.04345452467739708,0.04345452467739708,0.8604611069587405,-1.0624882594638618,-0.31416239099779875,2.7434208277854564e-74,,0.32453371110253815
severson,nasa,with_soh,random_forest,20,789,10,0.9013672908766415,0.998804656020104,1.0,10,131,arm_a,platt,0.8604532914838985,,,0.012141784550389174,0.012473758712753366,2.220446049250313e-16,2.220446049250313e-16,0.8604611069587405,-0.00019105851715846587,-5.649323654765445e-05,0.3227672253682131,,0.9999999573823161
severson,nasa,with_soh,random_forest,20,789,10,0.9013672908766415,0.998804656020104,1.0,10,131,arm_a,temp,0.8604532914838983,,,0.30384678921463637,0.1395164595706091,0.0,0.0,0.8604611069587405,-0.00019105851716389404,-5.649323654925948e-05,0.3227672253544658,,0.9999999572943563
severson,nasa,with_soh,random_forest,20,101112,10,0.9013672908766415,0.998804656020104,1.0,10,131,zeroshot,raw,0.8550741428112462,0.9990105460784061,0.00433784137840584,0.4524725709977289,0.22314342112346386,,,0.8550741428112462,,,,,
severson,nasa,with_soh,random_forest,20,101112,10,0.9013672908766415,0.998804656020104,1.0,10,131,arm_b,warmstart,0.8192516631893791,0.9797140385355959,0.0804687967695755,0.012370377222094164,0.013513060059760593,,,0.8550741428112462,-0.7738181808517957,-0.2492336444232451,2.336470399050336e-53,0.6941176470588235,
severson,nasa,with_soh,random_forest,20,101112,10,0.9013672908766415,0.998804656020104,1.0,10,131,arm_a,iso,0.8226781430602084,,,0.009257283961690304,0.011463283393005902,0.03238945119328429,0.03238945119328429,0.8550741428112462,-0.699801182353684,-0.2253940310083112,3.7582551529882586e-51,,0.34250769524345703
severson,nasa,with_soh,random_forest,20,101112,10,0.9013672908766415,0.998804656020104,1.0,10,131,arm_a,platt,0.8550675942534927,,,0.009597185833752986,0.011581407222187163,0.0,0.0,0.8550741428112462,-0.00014145846690431245,-4.5561360683303956e-05,0.37807874906473615,,0.9999999422548645
severson,nasa,with_soh,random_forest,20,101112,10,0.9013672908766415,0.998804656020104,1.0,10,131,arm_a,temp,0.8550675942534925,,,0.24084275143840567,0.13620007524392166,1.1102230246251565e-16,1.1102230246251565e-16,0.8550741428112462,-0.00014145846690671068,-4.556136068407639e-05,0.37807874905665106,,0.9999999421820887
severson,nasa,with_soh,random_forest,20,123,20,0.9013672908766415,0.998804656020104,1.0,20,121,zeroshot,raw,0.8563670150217809,0.9990138400997295,0.004398017062831557,0.4507144777770199,0.22209287220324855,,,0.8563670150217809,,,,,
severson,nasa,with_soh,random_forest,20,123,20,0.9013672908766415,0.998804656020104,1.0,20,121,arm_b,warmstart,0.8072465301093771,0.9793782329576881,0.054551999711157886,0.02167038705493838,0.019174293984911193,,,0.8563670150217809,-1.091559640008257,-0.3448560687197994,2.5855854722358546e-40,0.8679738562091504,
severson,nasa,with_soh,random_forest,20,123,20,0.9013672908766415,0.998804656020104,1.0,20,121,arm_a,iso,0.8161993492574392,,,0.011064674688275246,0.0123720537813311,0.040169629216277536,0.040169629216277536,0.8563670150217809,-0.8926093229715868,-0.28200176219440903,3.786027699469015e-64,,0.3208067966586635
severson,nasa,with_soh,random_forest,20,123,20,0.9013672908766415,0.998804656020104,1.0,20,121,arm_a,platt,0.8563767024118815,,,0.010968445355054323,0.01231837609569555,7.723938164727606e-06,7.723938164727606e-06,0.8563670150217809,0.0002152740159146619,6.801144720346409e-05,0.23327322975681886,,0.9999999315055154
severson,nasa,with_soh,random_forest,20,123,20,0.9013672908766415,0.998804656020104,1.0,20,121,arm_a,temp,0.8563689784737167,,,0.2862524424424326,0.1363514685822978,0.0,0.0,0.8563670150217809,4.36319977714924e-05,1.3784642332281632e-05,0.3559238332130813,,0.9999999702820119
severson,nasa,with_soh,random_forest,20,456,20,0.9013672908766415,0.998804656020104,1.0,20,121,zeroshot,raw,0.8535592567115167,0.9989474636252181,0.004513869852776849,0.45025752936347613,0.2215993816198824,,,0.8535592567115167,,,,,
severson,nasa,with_soh,random_forest,20,456,20,0.9013672908766415,0.998804656020104,1.0,20,121,arm_b,warmstart,0.7828457454170593,0.9954444238222562,0.020978850298137404,0.017666548799363514,0.012821612854372128,,,0.8535592567115167,-1.47911355338768,-0.48685542971464396,1.0671472885138244e-96,0.9895424836601308,
severson,nasa,with_soh,random_forest,20,456,20,0.9013672908766415,0.998804656020104,1.0,20,121,arm_a,iso,0.8105735703258288,,,0.010258560902999835,0.012183999124960947,0.04298568638568767,0.04298568638568767,0.8535592567115167,-0.8991310171260978,-0.2959521374880921,8.647823184793425e-71,,0.32186617308163035
severson,nasa,with_soh,random_forest,20,456,20,0.9013672908766415,0.998804656020104,1.0,20,121,arm_a,platt,0.8535592567115167,,,0.010823002093911537,0.012244656986189007,2.220446049250313e-16,2.220446049250313e-16,0.8535592567115167,0.0,0.0,1.0,,0.9999999989996291
severson,nasa,with_soh,random_forest,20,456,20,0.9013672908766415,0.998804656020104,1.0,20,121,arm_a,temp,0.8535592567115164,,,0.28081178620141184,0.13512953127766522,0.0,0.0,0.8535592567115167,-4.64450397935436e-15,-1.5287548244697022e-15,1.0,,0.9999999824225898
severson,nasa,with_soh,random_forest,20,789,20,0.9013672908766415,0.998804656020104,1.0,20,121,zeroshot,raw,0.8505653514600576,0.9989746866497394,0.0045820593064144184,0.45180611800592857,0.2223053787425017,,,0.8505653514600576,,,,,
severson,nasa,with_soh,random_forest,20,789,20,0.9013672908766415,0.998804656020104,1.0,20,121,arm_b,warmstart,0.8929051082430199,0.964639058860212,0.10452573835313075,0.012482678388306601,0.013479983265535131,,,0.8505653514600576,0.8334279610030179,0.2856176161148408,1.7105855986195987e-30,0.7098039215686274,
severson,nasa,with_soh,random_forest,20,789,20,0.9013672908766415,0.998804656020104,1.0,20,121,arm_a,iso,0.810748646078182,,,0.008575005964537764,0.01168703823434804,0.03980735949969183,0.03980735949969183,0.8505653514600576,-0.7837634909047949,-0.26859749173841635,1.815079605835547e-73,,0.4437764241618689
severson,nasa,with_soh,random_forest,20,789,20,0.9013672908766415,0.998804656020104,1.0,20,121,arm_a,platt,0.8505560055778738,,,0.009751149067914975,0.011789397207339998,0.0,0.0,0.8505653514600576,-0.00018396703533662834,-6.304591222656641e-05,0.2507332703161358,,0.9999999467683109
severson,nasa,with_soh,random_forest,20,789,20,0.9013672908766415,0.998804656020104,1.0,20,121,arm_a,temp,0.8505560055778738,,,0.2787157481159423,0.13581159370270415,0.0,0.0,0.8505653514600576,-0.00018396703533662834,-6.304591222656641e-05,0.2507332703161358,,0.9999999467710372
severson,nasa,with_soh,random_forest,20,101112,20,0.9013672908766415,0.998804656020104,1.0,20,121,zeroshot,raw,0.8568744116123332,0.9989555764160952,0.0044502626617181264,0.45069293089393053,0.22194864308101417,,,0.8568744116123332,,,,,
severson,nasa,with_soh,random_forest,20,101112,20,0.9013672908766415,0.998804656020104,1.0,20,121,arm_b,warmstart,0.7767825141497178,0.9723766049893352,0.08400082796706618,0.016302919996185567,0.014241269239896286,,,0.8568744116123332,-1.8001059672230393,-0.5643046539996683,4.279835159186285e-151,0.9764705882352942,
severson,nasa,with_soh,random_forest,20,101112,20,0.9013672908766415,0.998804656020104,1.0,20,121,arm_a,iso,0.8146382887569619,,,0.00936286770465901,0.012139296843415949,0.04223817941639341,0.04223817941639341,0.8568744116123332,-0.94927825651537,-0.2975836688762787,1.2330270486025464e-70,,0.3281707037432777
severson,nasa,with_soh,random_forest,20,101112,20,0.9013672908766415,0.998804656020104,1.0,20,121,arm_a,platt,0.8568764681733553,,,0.010308993872684148,0.012053833446796407,0.0,0.0,0.8568744116123332,4.62222507520303e-05,1.4489942088214045e-05,0.2801624184710729,,0.999999946227863
severson,nasa,with_soh,random_forest,20,101112,20,0.9013672908766415,0.998804656020104,1.0,20,121,arm_a,temp,0.8568764681733553,,,0.27806981902977324,0.13469936087243253,0.0,0.0,0.8568744116123332,4.62222507520303e-05,1.4489942088214045e-05,0.2801624184710729,,0.9999999462289418
severson,nasa,with_soh,xgboost,20,0,0,0.8989553798325277,0.9998805171597471,1.0,0,141,zeroshot,raw,0.8819531437051823,,,0.7928899195840134,0.6561581492424011,,,0.8819531437051823,,,,,
severson,nasa,with_soh,xgboost,20,0,-1,0.8989553798325277,0.9998805171597471,1.0,141,141,retrain_lfp,full,0.9998805171597471,,,0.0011086232879332952,0.0006084867636673152,,,0.8819531437051823,,,,,
severson,nasa,with_soh,lightgbm,20,0,0,0.9091700740504244,0.9999831790669155,1.0,0,141,zeroshot,raw,0.8939945062768763,,,0.7955946597491259,0.6542146154439065,,,0.8939945062768763,,,,,
severson,nasa,with_soh,lightgbm,20,0,-1,0.9091700740504244,0.9999831790669155,1.0,141,141,retrain_lfp,full,0.9999831790669155,,,0.0010144910871176538,0.00033366217580014905,,,0.8939945062768763,,,,,
severson,nasa,with_soh,random_forest,20,0,0,0.9013672908766415,0.998804656020104,1.0,0,141,zeroshot,raw,0.8631188508805961,,,0.4531009576492659,0.22244948242689586,,,0.8631188508805961,,,,,
severson,nasa,with_soh,random_forest,20,0,-1,0.9013672908766415,0.998804656020104,1.0,141,141,retrain_lfp,full,0.998804656020104,,,0.00966604918843997,0.005437211798310346,,,0.8631188508805961,,,,,
severson,nasa,with_soh,random_forest,20,42,40,0.9013672908766415,0.998804656020104,1.0,40,101,zeroshot,raw,0.8193813479407184,0.9987692314819525,0.005118136137042372,0.45263302209829287,0.22380683840335464,,,0.8193813479407184,,,,,
severson,nasa,with_soh,random_forest,20,42,40,0.9013672908766415,0.998804656020104,1.0,40,101,arm_b,warmstart,0.8616328506148915,0.9948483773847561,0.023413983810307033,0.010582760485232046,0.011223859848966155,,,0.8193813479407184,0.5153505730512262,0.23548502770598215,1.0237878490243227e-57,0.7699346405228759,
severson,nasa,with_soh,random_forest,20,42,40,0.9013672908766415,0.998804656020104,1.0,40,101,arm_a,iso,0.7818892495818818,,,0.011613301337782175,0.013204961050368705,0.03748255570285475,0.03748255570285475,0.8193813479407184,-0.4572991053861381,-0.2089589070682403,5.665608954052934e-56,,0.44086748380206564
severson,nasa,with_soh,random_forest,20,42,40,0.9013672908766415,0.998804656020104,1.0,40,101,arm_a,platt,0.8193813479407184,,,0.012439225491340192,0.013542672288102292,9.542655981853443e-06,9.542655981853443e-06,0.8193813479407184,0.0,0.0,1.0,,0.9999999811284648
severson,nasa,with_soh,random_forest,20,42,40,0.9013672908766415,0.998804656020104,1.0,40,101,arm_a,temp,0.8193718052847365,,,0.26764905318187604,0.14088729517593648,0.0,0.0,0.8193813479407184,-0.00011639380654939344,-5.318515238628475e-05,0.32586709417933535,,0.9999999331977223
severson,nasa,with_soh,random_forest,20,123,40,0.9013672908766415,0.998804656020104,1.0,40,101,zeroshot,raw,0.8336027986777177,0.9988489128920148,0.004785466781050962,0.450132146356488,0.22357863148989277,,,0.8336027986777177,,,,,
severson,nasa,with_soh,random_forest,20,123,40,0.9013672908766415,0.998804656020104,1.0,40,101,arm_b,warmstart,0.8168412063549976,0.9951493628331199,0.022521501851326942,0.012291861464553015,0.01258625345640818,,,0.8336027986777177,-0.24735066668124941,-0.10146128253256355,1.1193935195134175e-08,0.8601307189542484,
severson,nasa,with_soh,random_forest,20,123,40,0.9013672908766415,0.998804656020104,1.0,40,101,arm_a,iso,0.7970845985120342,,,0.011879178526172455,0.014144788961764146,0.03651629479040652,0.03651629479040652,0.8336027986777177,-0.5388987503733335,-0.22105199513585574,2.2733152140000932e-59,,0.45748856111753444
severson,nasa,with_soh,random_forest,20,123,40,0.9013672908766415,0.998804656020104,1.0,40,101,arm_a,platt,0.8336082353084371,,,0.012370208070482547,0.014294666150324313,7.342005996391343e-06,7.342005996391343e-06,0.8336027986777177,8.02283104761062e-05,3.29090169254171e-05,0.480819548245499,,0.9999999420851873
severson,nasa,with_soh,random_forest,20,123,40,0.9013672908766415,0.998804656020104,1.0,40,101,arm_a,temp,0.8336008933024406,,,0.2640230837190954,0.13963030639023366,1.1102230246251565e-16,1.1102230246251565e-16,0.8336027986777177,-2.811760577380513e-05,-1.153361897840215e-05,0.2784860540057935,,0.9999999735869132
severson,nasa,with_soh,random_forest,20,456,40,0.9013672908766415,0.998804656020104,1.0,40,101,zeroshot,raw,0.8417559313023671,0.9988632543989572,0.004867042347193419,0.449140168471927,0.2213806219374793,,,0.8417559313023671,,,,,
severson,nasa,with_soh,random_forest,20,456,40,0.9013672908766415,0.998804656020104,1.0,40,101,arm_b,warmstart,0.8045255390451147,0.9933059165595568,0.034314563486918054,0.011887424297254288,0.012555932386237258,,,0.8417559313023671,-0.6245519733678321,-0.2370626843622353,3.2121962215493054e-53,0.722875816993464,
severson,nasa,with_soh,random_forest,20,456,40,0.9013672908766415,0.998804656020104,1.0,40,101,arm_a,iso,0.7931088563595151,,,0.011276690668546679,0.013135924380145533,0.04864707494285214,0.04864707494285214,0.8417559313023671,-0.8160705491415431,-0.30975784763795594,8.143982767016564e-77,,0.3355867278540592
severson,nasa,with_soh,random_forest,20,456,40,0.9013672908766415,0.998804656020104,1.0,40,101,arm_a,platt,0.8417559313023673,,,0.012265963205115315,0.013390560931379586,0.0,0.0,0.8417559313023671,1.8624353354025506e-15,7.069290289498093e-16,1.0,,0.9999999823735973
severson,nasa,with_soh,random_forest,20,456,40,0.9013672908766415,0.998804656020104,1.0,40,101,arm_a,temp,0.8417559313023671,,,0.2838307740060649,0.1338759423241102,1.1102230246251565e-16,1.1102230246251565e-16,0.8417559313023671,0.0,0.0,1.0,,0.9999999823735599
severson,nasa,with_soh,random_forest,20,789,40,0.9013672908766415,0.998804656020104,1.0,40,101,zeroshot,raw,0.9976233369305576,0.999792580607713,0.00028936460677764274,0.46117967532524456,0.22170772736928987,,,0.9976233369305576,,,,,
severson,nasa,with_soh,random_forest,20,789,40,0.9013672908766415,0.998804656020104,1.0,40,101,arm_b,warmstart,0.9876847649979532,0.9997826077280295,0.000393332743464271,0.02590285912261268,0.008364256342709922,,,0.9976233369305576,,-8.413113798423627,4.896708710179109e-19,0.9163398692810457,
severson,nasa,with_soh,random_forest,20,789,40,0.9013672908766415,0.998804656020104,1.0,40,101,arm_a,iso,0.9971802478175179,,,0.025691982734509497,0.004426779718270279,0.00044308911303980736,0.00044308911303980736,0.9976233369305576,,-0.375079956770882,0.1615300898065395,,0.9471777548380075
severson,nasa,with_soh,random_forest,20,789,40,0.9013672908766415,0.998804656020104,1.0,40,101,arm_a,platt,0.9976233369305576,,,0.03168150341990395,0.006139497237534913,1.1102230246251565e-16,1.1102230246251565e-16,0.9976233369305576,,0.0,1.0,,0.9999999687868915
severson,nasa,with_soh,random_forest,20,789,40,0.9013672908766415,0.998804656020104,1.0,40,101,arm_a,temp,0.9976233369305576,,,0.2926996353380185,0.13330742642110804,1.1102230246251565e-16,1.1102230246251565e-16,0.9976233369305576,,0.0,1.0,,0.9999999687868629
severson,nasa,with_soh,random_forest,20,101112,40,0.9013672908766415,0.998804656020104,1.0,40,101,zeroshot,raw,0.8303264881623144,0.998805219346787,0.005031072137082197,0.4506883213125504,0.22270599975579372,,,0.8303264881623144,,,,,
severson,nasa,with_soh,random_forest,20,101112,40,0.9013672908766415,0.998804656020104,1.0,40,101,arm_b,warmstart,0.8473984907671649,0.9981980223162557,0.009233582376187151,0.010602445462473053,0.011228037678137496,,,0.8303264881623144,0.24031263657733906,0.1013306520478119,2.7837836231218478e-12,0.6771241830065361,
severson,nasa,with_soh,random_forest,20,101112,40,0.9013672908766415,0.998804656020104,1.0,40,101,arm_a,iso,0.7821731138905261,,,0.012829592803907447,0.013960847580631071,0.04815337427178812,0.04815337427178812,0.8303264881623144,-0.6778270012717202,-0.2858137341120298,3.2788151010502604e-70,,0.34318001087256017
severson,nasa,with_soh,random_forest,20,101112,40,0.9013672908766415,0.998804656020104,1.0,40,101,arm_a,platt,0.8303264881623142,,,0.013966418787430643,0.014503098443599125,0.0,0.0,0.8303264881623144,-1.562796283552203e-15,-6.589714493822617e-16,1.0,,0.9999999997714875
severson,nasa,with_soh,random_forest,20,101112,40,0.9013672908766415,0.998804656020104,1.0,40,101,arm_a,temp,0.8303264881623142,,,0.25758710723516115,0.13493222368863894,0.0,0.0,0.8303264881623144,-1.562796283552203e-15,-6.589714493822617e-16,1.0,,0.9999999996988924
severson,nasa,no_soh,xgboost,20,0,0,0.8441937642989684,0.9997242245758913,1.0,0,141,zeroshot,raw,0.6170152603955563,,,0.8780870999701733,0.7963437438011169,,,0.6170152603955563,,,,,
severson,nasa,no_soh,xgboost,20,0,-1,0.8441937642989684,0.9997242245758913,1.0,141,141,retrain_lfp,full,0.9997242245758913,,,0.002768598620208601,0.0013581515522673726,,,0.6170152603955563,,,,,
severson,nasa,no_soh,xgboost,20,123,5,0.8441937642989684,0.9997242245758913,1.0,5,136,zeroshot,raw,0.6225181512207048,0.723089419558045,0.17492438595354545,0.8791942836878336,0.7981329560279846,,,0.6225181512207048,,,,,
severson,nasa,no_soh,xgboost,20,123,5,0.8441937642989684,0.9997242245758913,1.0,5,136,arm_b,warmstart,0.8199315232380822,0.9257350171782585,0.1533072318792861,0.014178038978867677,0.015613127499818802,,,0.6225181512207048,0.8905506982749593,0.5233568226020797,0.0,1.0,
severson,nasa,no_soh,xgboost,20,123,5,0.8441937642989684,0.9997242245758913,1.0,5,136,arm_a,iso,0.5108318580905888,,,0.007515552126784161,0.020646940916776657,0.11168629313011591,0.11168629313011591,0.6225181512207048,-0.5038276045759013,-0.296088268507144,6.4263225377536645e-127,,0.270057355491525
severson,nasa,no_soh,xgboost,20,123,5,0.8441937642989684,0.9997242245758913,1.0,5,136,arm_a,platt,0.37748184877929525,,,0.013012631400946845,0.020941326394677162,0.2450363024414095,0.2450363024414095,0.6225181512207048,-1.1053823153514781,-0.6496085820195087,3.8205383371503066e-152,,-1.0
severson,nasa,no_soh,xgboost,20,123,5,0.8441937642989684,0.9997242245758913,1.0,5,136,arm_a,temp,0.6225181512207048,,,0.5378971683411946,0.3099650844395109,0.0,0.0,0.6225181512207048,0.0,0.0,1.0,,1.0
severson,nasa,no_soh,xgboost,20,456,5,0.8441937642989684,0.9997242245758913,1.0,5,136,zeroshot,raw,0.6111664493954095,0.7242488682757768,0.17678130463204342,0.8771383062770743,0.7948839664459229,,,0.6111664493954095,,,,,
severson,nasa,no_soh,xgboost,20,456,5,0.8441937642989684,0.9997242245758913,1.0,5,136,arm_b,warmstart,0.8523324435107515,0.9561536786243285,0.11337829309542297,0.01303480585988152,0.01476033590734005,,,0.6111664493954095,1.0349258592931538,0.6206695876908459,0.0,1.0,
severson,nasa,no_soh,xgboost,20,456,5,0.8441937642989684,0.9997242245758913,1.0,5,136,arm_a,iso,0.5611327828343995,,,0.011930506623709442,0.0207417830824852,0.05003366656101005,0.05003366656101005,0.6111664493954095,-0.21471159542698706,-0.12876763703356559,1.005101862622413e-188,,0.8476167001309405
severson,nasa,no_soh,xgboost,20,456,5,0.8441937642989684,0.9997242245758913,1.0,5,136,arm_a,platt,0.6111664493954095,,,0.011617434158349278,0.020731791853904724,0.0,0.0,0.6111664493954095,0.0,0.0,1.0,,1.0
severson,nasa,no_soh,xgboost,20,456,5,0.8441937642989684,0.9997242245758913,1.0,5,136,arm_a,temp,0.6111664493954095,,,0.5374319458529324,0.3093853032456615,0.0,0.0,0.6111664493954095,0.0,0.0,1.0,,1.0
severson,nasa,no_soh,xgboost,20,789,5,0.8441937642989684,0.9997242245758913,1.0,5,136,zeroshot,raw,0.63098332820353,0.7389971443988123,0.1366497119724578,0.875937233778044,0.7929247617721558,,,0.63098332820353,,,,,
severson,nasa,no_soh,xgboost,20,789,5,0.8441937642989684,0.9997242245758913,1.0,5,136,arm_b,warmstart,0.7463614505074833,0.8070087080193645,0.15677769177227016,0.022506298488300974,0.02189222350716591,,,0.63098332820353,0.5411466925207502,0.31289754795042407,1.1631978325674086e-111,1.0,
severson,nasa,no_soh,xgboost,20,789,5,0.8441937642989684,0.9997242245758913,1.0,5,136,arm_a,iso,0.5874783236752505,,,0.01214947262766699,0.020834406837821007,0.043505004528279434,0.043505004528279434,0.63098332820353,-0.20404725643357102,-0.11798258602796063,3.0976758255681665e-23,,0.7538420247875055
severson,nasa,no_soh,xgboost,20,789,5,0.8441937642989684,0.9997242245758913,1.0,5,136,arm_a,platt,0.36901667179647013,,,0.013711753542892587,0.022919917479157448,0.26196665640705985,0.26196665640705985,0.63098332820353,-1.2286765188632554,-0.710435590367826,2.3393721685013275e-160,,-1.0
severson,nasa,no_soh,xgboost,20,789,5,0.8441937642989684,0.9997242245758913,1.0,5,136,arm_a,temp,0.63098332820353,,,0.5368152319028451,0.3089316275057731,0.0,0.0,0.63098332820353,0.0,0.0,1.0,,1.0
severson,nasa,no_soh,xgboost,20,101112,5,0.8441937642989684,0.9997242245758913,1.0,5,136,zeroshot,raw,0.6976875833913705,0.7222315247142564,0.17735452507957236,0.8845470925596353,0.8013368248939514,,,0.6976875833913705,,,,,
severson,nasa,no_soh,xgboost,20,101112,5,0.8441937642989684,0.9997242245758913,1.0,5,136,arm_b,warmstart,0.8199404523440422,0.9644815328469573,0.0893810367650048,0.14432929366817152,0.13896313309669495,,,0.6976875833913705,0.8344553669703337,0.4047617152449553,1.0218147465476885e-82,1.0,
severson,nasa,no_soh,xgboost,20,101112,5,0.8441937642989684,0.9997242245758913,1.0,5,136,arm_a,iso,0.5774639006085674,,,0.17392953715161621,0.05117780342698097,0.12022368278280304,0.12022368278280304,0.6976875833913705,-0.8206048511948355,-0.39804337086822444,6.369277535788001e-108,,0.7415178995118648
severson,nasa,no_soh,xgboost,20,101112,5,0.8441937642989684,0.9997242245758913,1.0,5,136,arm_a,platt,0.3023124166086296,,,0.18003992728373003,0.04650827869772911,0.39537516678274087,0.39537516678274087,0.6976875833913705,-2.6986927400155607,-1.3090304713764762,3.860459443321785e-210,,-1.0
severson,nasa,no_soh,xgboost,20,101112,5,0.8441937642989684,0.9997242245758913,1.0,5,136,arm_a,temp,0.6976875833913705,,,0.544466757798274,0.31036691788616244,0.0,0.0,0.6976875833913705,0.0,0.0,1.0,,1.0
severson,nasa,no_soh,xgboost,20,42,10,0.8441937642989684,0.9997242245758913,1.0,10,131,zeroshot,raw,0.6204175978379504,0.7223272352846868,0.17911886590874584,0.8781278390558903,0.7965888381004333,,,0.6204175978379504,,,,,
severson,nasa,no_soh,xgboost,20,42,10,0.8441937642989684,0.9997242245758913,1.0,10,131,arm_b,warmstart,0.8821037344496365,0.9410931229672893,0.12360351987606123,0.016871852243611936,0.01670883037149906,,,0.6204175978379504,1.1694102225013854,0.6899065773308581,0.0,1.0,
severson,nasa,no_soh,xgboost,20,42,10,0.8441937642989684,0.9997242245758913,1.0,10,131,arm_a,iso,0.5983891465195061,,,0.005660467885609415,0.0206844974309206,0.02202845131844422,0.02202845131844422,0.6204175978379504,-0.09843966704238626,-0.058075577291887004,9.206155986804374e-41,,0.96874354206799
severson,nasa,no_soh,xgboost,20,42,10,0.8441937642989684,0.9997242245758913,1.0,10,131,arm_a,platt,0.6204175978379503,,,0.006017388880427626,0.02073192223906517,1.1102230246251565e-16,1.1102230246251565e-16,0.6204175978379504,-4.961310412020836e-16,-2.926980301328082e-16,1.0,,0.9999999998946973
severson,nasa,no_soh,xgboost,20,42,10,0.8441937642989684,0.9997242245758913,1.0,10,131,arm_a,temp,0.6204175978379504,,,0.5375479757423988,0.30971097068685566,0.0,0.0,0.6204175978379504,0.0,0.0,1.0,,1.0
severson,nasa,no_soh,xgboost,20,123,10,0.8441937642989684,0.9997242245758913,1.0,10,131,zeroshot,raw,0.6152480446100199,0.7315728965414464,0.1700575799530539,0.8786174324969183,0.7977578043937683,,,0.6152480446100199,,,,,
severson,nasa,no_soh,xgboost,20,123,10,0.8441937642989684,0.9997242245758913,1.0,10,131,arm_b,warmstart,0.8549944850111877,0.9512242638664582,0.12615334410038195,0.021793698386733798,0.021109476685523987,,,0.6152480446100199,1.047175901462117,0.6235664337448662,0.0,1.0,
severson,nasa,no_soh,xgboost,20,123,10,0.8441937642989684,0.9997242245758913,1.0,10,131,arm_a,iso,0.5813480151984236,,,0.009360224760610273,0.02105436660349369,0.03390002941159631,0.03390002941159631,0.6152480446100199,-0.14807016028800957,-0.08817198874220375,5.5528762670257006e-14,,0.7306508442013419
severson,nasa,no_soh,xgboost,20,123,10,0.8441937642989684,0.9997242245758913,1.0,10,131,arm_a,platt,0.6152480446100199,,,0.009775063775021246,0.021100224927067757,0.0,0.0,0.6152480446100199,0.0,0.0,1.0,,1.0
severson,nasa,no_soh,xgboost,20,123,10,0.8441937642989684,0.9997242245758913,1.0,10,131,arm_a,temp,0.6152480446100199,,,0.537442332481288,0.3099305775839372,0.0,0.0,0.6152480446100199,0.0,0.0,1.0,,1.0
severson,nasa,no_soh,xgboost,20,456,10,0.8441937642989684,0.9997242245758913,1.0,10,131,zeroshot,raw,0.604668789387428,0.7186962999349039,0.16583533893703548,0.8777298689658519,0.7962778806686401,,,0.604668789387428,,,,,
severson,nasa,no_soh,xgboost,20,456,10,0.8441937642989684,0.9997242245758913,1.0,10,131,arm_b,warmstart,0.8042218448410465,0.9664935842216743,0.11508641913731259,0.012561560801490639,0.014498217031359673,,,0.604668789387428,0.8331200348828592,0.5051267181235481,0.0,1.0,
severson,nasa,no_soh,xgboost,20,456,10,0.8441937642989684,0.9997242245758913,1.0,10,131,arm_a,iso,0.6092719478462474,,,0.004097436442562663,0.021208422258496284,0.004603158458819423,0.004603158458819423,0.604668789387428,0.019217864277073515,0.011651930460400986,8.874946335180118e-08,,0.989437906988647
severson,nasa,no_soh,xgboost,20,456,10,0.8441937642989684,0.9997242245758913,1.0,10,131,arm_a,platt,0.604668789387428,,,0.005023359208890521,0.021064504981040955,0.0,0.0,0.604668789387428,0.0,0.0,1.0,,1.0
severson,nasa,no_soh,xgboost,20,456,10,0.8441937642989684,0.9997242245758913,1.0,10,131,arm_a,temp,0.604668789387428,,,0.5373953879897208,0.30974157475899683,0.0,0.0,0.604668789387428,0.0,0.0,1.0,,1.0
severson,nasa,no_soh,xgboost,20,789,10,0.8441937642989684,0.9997242245758913,1.0,10,131,zeroshot,raw,0.6109347861111885,0.7119598947618719,0.17625882740479085,0.8779565169869933,0.7963794469833374,,,0.6109347861111885,,,,,
severson,nasa,no_soh,xgboost,20,789,10,0.8441937642989684,0.9997242245758913,1.0,10,131,arm_b,warmstart,0.875284157420744,0.9703925634106343,0.09783008995431121,0.015001212144125158,0.016768530011177063,,,0.6109347861111885,1.1332870158453103,0.6799294043414584,0.0,1.0,
severson,nasa,no_soh,xgboost,20,789,10,0.8441937642989684,0.9997242245758913,1.0,10,131,arm_a,iso,0.6130263170114885,,,0.01185972867965936,0.020965564996004105,0.0020915309003000093,0.0020915309003000093,0.6109347861111885,0.008966561186837871,0.005379598037846118,0.00441453510891955,,0.9921642498648522
severson,nasa,no_soh,xgboost,20,789,10,0.8441937642989684,0.9997242245758913,1.0,10,131,arm_a,platt,0.6109347861111885,,,0.01055912180304765,0.020985739305615425,0.0,0.0,0.6109347861111885,0.0,0.0,1.0,,0.9999999999999999
severson,nasa,no_soh,xgboost,20,789,10,0.8441937642989684,0.9997242245758913,1.0,10,131,arm_a,temp,0.6109347861111885,,,0.537105051649815,0.3094450069765444,0.0,0.0,0.6109347861111885,0.0,0.0,1.0,,0.9999999999999999
severson,nasa,no_soh,xgboost,20,101112,10,0.8441937642989684,0.9997242245758913,1.0,10,131,zeroshot,raw,0.6143640489321314,0.7182561256036478,0.17635619861387686,0.8765595781869209,0.7953477501869202,,,0.6143640489321314,,,,,
severson,nasa,no_soh,xgboost,20,101112,10,0.8441937642989684,0.9997242245758913,1.0,10,131,arm_b,warmstart,0.843282026718608,0.9374814737858471,0.1117194393451399,0.015535133579553042,0.016064021736383438,,,0.6143640489321314,0.9960329865139275,0.594036416461716,0.0,1.0,
severson,nasa,no_soh,xgboost,20,101112,10,0.8441937642989684,0.9997242245758913,1.0,10,131,arm_a,iso,0.6008526286772529,,,0.016035469333798378,0.02207210659980774,0.013511420254878503,0.013511420254878503,0.6143640489321314,-0.058788830823344934,-0.03506179701186591,4.437840394003603e-18,,0.9766913373745232
severson,nasa,no_soh,xgboost,20,101112,10,0.8441937642989684,0.9997242245758913,1.0,10,131,arm_a,platt,0.38563595106786885,,,0.016312671910197227,0.022155025973916054,0.22872809786426251,0.22872809786426251,0.6143640489321314,-0.9952068099600775,-0.5935436828213058,2.4761136685637177e-120,,-1.0
severson,nasa,no_soh,xgboost,20,101112,10,0.8441937642989684,0.9997242245758913,1.0,10,131,arm_a,temp,0.6143640489321314,,,0.5364867396662799,0.3097430527504632,0.0,0.0,0.6143640489321314,0.0,0.0,1.0,,1.0
severson,nasa,no_soh,xgboost,20,123,20,0.8441937642989684,0.9997242245758913,1.0,20,121,zeroshot,raw,0.6052499209292372,0.7312386853815912,0.13365248582177994,0.877434562260877,0.7970317006111145,,,0.6052499209292372,,,,,
severson,nasa,no_soh,xgboost,20,123,20,0.8441937642989684,0.9997242245758913,1.0,20,121,arm_b,warmstart,0.8797820730357984,0.9565187105496138,0.07107411550680717,0.015315879373222359,0.017694082111120224,,,0.6052499209292372,1.1489400531729212,0.6959443227827338,0.0,1.0,
severson,nasa,no_soh,xgboost,20,123,20,0.8441937642989684,0.9997242245758913,1.0,20,121,arm_a,iso,0.6053246267535101,,,0.015100960683561256,0.02268911898136139,7.47058242728249e-05,7.47058242728249e-05,0.6052499209292372,0.00031265013242977096,0.00018938071144867732,0.9067623184641662,,0.9937419428665032
severson,nasa,no_soh,xgboost,20,123,20,0.8441937642989684,0.9997242245758913,1.0,20,121,arm_a,platt,0.6052499209292372,,,0.015062038850522926,0.022724393755197525,0.0,0.0,0.6052499209292372,0.0,0.0,1.0,,1.0
severson,nasa,no_soh,xgboost,20,123,20,0.8441937642989684,0.9997242245758913,1.0,20,121,arm_a,temp,0.6052499209292372,,,0.5358365652343602,0.3097134384184512,0.0,0.0,0.6052499209292372,0.0,0.0,1.0,,1.0
severson,nasa,no_soh,xgboost,20,456,20,0.8441937642989684,0.9997242245758913,1.0,20,121,zeroshot,raw,0.6142986523363814,0.7269226688768707,0.1341288236506715,0.8735984794306478,0.7907808423042297,,,0.6142986523363814,,,,,
severson,nasa,no_soh,xgboost,20,456,20,0.8441937642989684,0.9997242245758913,1.0,20,121,arm_b,warmstart,0.890992536181052,0.9865931056625302,0.01865980035011188,0.013691250028078692,0.016208192333579063,,,0.6142986523363814,1.2035657543240832,0.7178918675191807,0.0,1.0,
severson,nasa,no_soh,xgboost,20,456,20,0.8441937642989684,0.9997242245758913,1.0,20,121,arm_a,iso,0.6151476809856897,,,0.01426343637038994,0.022479433566331863,0.0008490286493083588,0.0008490286493083588,0.6142986523363814,0.003693113098666182,0.0022028342446898104,0.25012378425918824,,0.9914289184335109
severson,nasa,no_soh,xgboost,20,456,20,0.8441937642989684,0.9997242245758913,1.0,20,121,arm_a,platt,0.6142986523363814,,,0.01362965366323519,0.022480696439743042,0.0,0.0,0.6142986523363814,0.0,0.0,1.0,,0.9999999999999999
severson,nasa,no_soh,xgboost,20,456,20,0.8441937642989684,0.9997242245758913,1.0,20,121,arm_a,temp,0.6142986523363814,,,0.5351820280094529,0.3088066221465046,0.0,0.0,0.6142986523363814,0.0,0.0,1.0,,0.9999999999999999
severson,nasa,no_soh,xgboost,20,789,20,0.8441937642989684,0.9997242245758913,1.0,20,121,zeroshot,raw,0.6055697243407587,0.7106979208862746,0.17366609655743742,0.8757991873979745,0.7935757637023926,,,0.6055697243407587,,,,,
severson,nasa,no_soh,xgboost,20,789,20,0.8441937642989684,0.9997242245758913,1.0,20,121,arm_b,warmstart,0.7929073524380551,0.9082966948762019,0.169958469356828,0.016389768208150607,0.015993300825357437,,,0.6055697243407587,0.7850744129975541,0.4752898368166297,0.0,1.0,
severson,nasa,no_soh,xgboost,20,789,20,0.8441937642989684,0.9997242245758913,1.0,20,121,arm_a,iso,0.6054308536794122,,,0.00938791360910141,0.02149614319205284,0.00013887066134654624,0.00013887066134654624,0.6055697243407587,-0.0005819642537728668,-0.000352325449192393,0.8413487608194563,,0.9931729403810318
severson,nasa,no_soh,xgboost,20,789,20,0.8441937642989684,0.9997242245758913,1.0,20,121,arm_a,platt,0.6055697243407587,,,0.00923970852251255,0.021478621289134026,0.0,0.0,0.6055697243407587,0.0,0.0,1.0,,1.0
severson,nasa,no_soh,xgboost,20,789,20,0.8441937642989684,0.9997242245758913,1.0,20,121,arm_a,temp,0.6055697243407587,,,0.5364377389933326,0.3092435050758112,0.0,0.0,0.6055697243407587,0.0,0.0,1.0,,1.0
severson,nasa,no_soh,xgboost,20,101112,20,0.8441937642989684,0.9997242245758913,1.0,20,121,zeroshot,raw,0.608899552828486,0.7074742517873418,0.17618887954266155,0.8746758899238941,0.7924310564994812,,,0.608899552828486,,,,,
severson,nasa,no_soh,xgboost,20,101112,20,0.8441937642989684,0.9997242245758913,1.0,20,121,arm_b,warmstart,0.6695341397044625,0.8927689824728058,0.20889101750237196,0.019554682565529,0.01899348944425583,,,0.608899552828486,0.25769689146638075,0.15514523841310976,1.3131146951498206e-19,1.0,
severson,nasa,no_soh,xgboost,20,101112,20,0.8441937642989684,0.9997242245758913,1.0,20,121,arm_a,iso,0.609428809363312,,,0.015713859165467418,0.022539347410202026,0.0005292565348260503,0.0005292565348260503,0.608899552828486,0.002249339376087649,0.0013542045144174398,0.4901117056965625,,0.9912061979549842
severson,nasa,no_soh,xgboost,20,101112,20,0.8441937642989684,0.9997242245758913,1.0,20,121,arm_a,platt,0.608899552828486,,,0.015249651672698655,0.02253151871263981,0.0,0.0,0.608899552828486,0.0,0.0,1.0,,1.0
severson,nasa,no_soh,xgboost,20,101112,20,0.8441937642989684,0.9997242245758913,1.0,20,121,arm_a,temp,0.608899552828486,,,0.5353523511808381,0.30899148163455276,0.0,0.0,0.608899552828486,0.0,0.0,1.0,,1.0
severson,nasa,no_soh,xgboost,20,42,40,0.8441937642989684,0.9997242245758913,1.0,40,101,zeroshot,raw,0.6032297927293011,0.7268048710255285,0.18342221310776632,0.876989184975886,0.7959325313568115,,,0.6032297927293011,,,,,
severson,nasa,no_soh,xgboost,20,42,40,0.8441937642989684,0.9997242245758913,1.0,40,101,arm_b,warmstart,0.9051722248148193,0.9844641021044692,0.027135294977016375,0.014983303782061193,0.015770113095641136,,,0.6032297927293011,1.2530604891620523,0.7615300691091278,0.0,1.0,
severson,nasa,no_soh,xgboost,20,42,40,0.8441937642989684,0.9997242245758913,1.0,40,101,arm_a,iso,0.6025285901936422,,,0.0042858373247776325,0.02174956724047661,0.0007012025356588625,0.0007012025356588625,0.6032297927293011,-0.002909989120328436,-0.001768505379490849,0.3991080258954429,,0.9936655115630809
severson,nasa,no_soh,xgboost,20,42,40,0.8441937642989684,0.9997242245758913,1.0,40,101,arm_a,platt,0.6032297927293011,,,0.004961185889760047,0.021814662963151932,0.0,0.0,0.6032297927293011,0.0,0.0,1.0,,0.9999999999999999
severson,nasa,no_soh,xgboost,20,42,40,0.8441937642989684,0.9997242245758913,1.0,40,101,arm_a,temp,0.6032297927293011,,,0.5365957799981598,0.30983628685122094,0.0,0.0,0.6032297927293011,0.0,0.0,1.0,,0.9999999999999999
severson,nasa,no_soh,xgboost,20,123,40,0.8441937642989684,0.9997242245758913,1.0,40,101,zeroshot,raw,0.5866305556978911,0.7303004378332963,0.13700022785018837,0.8759401824205667,0.796823263168335,,,0.5866305556978911,,,,,
severson,nasa,no_soh,xgboost,20,123,40,0.8441937642989684,0.9997242245758913,1.0,40,101,arm_b,warmstart,0.8710525590557393,0.9773192246558955,0.04721777776429542,0.016051264780411727,0.01742153987288475,,,0.5866305556978911,1.1042804013145011,0.6885169751702177,0.0,1.0,
severson,nasa,no_soh,xgboost,20,123,40,0.8441937642989684,0.9997242245758913,1.0,40,101,arm_a,iso,0.587597148969542,,,0.01312940127310732,0.02474305033683777,0.0009665932716508285,0.0009665932716508285,0.5866305556978911,0.003752839067740926,0.0023398888544483953,0.25958416562674147,,0.9912433157915371
severson,nasa,no_soh,xgboost,20,123,40,0.8441937642989684,0.9997242245758913,1.0,40,101,arm_a,platt,0.5866305556978911,,,0.012872104785418302,0.02476361393928528,0.0,0.0,0.5866305556978911,0.0,0.0,1.0,,1.0
severson,nasa,no_soh,xgboost,20,123,40,0.8441937642989684,0.9997242245758913,1.0,40,101,arm_a,temp,0.5866305556978911,,,0.5341967486350806,0.31006198900912435,0.0,0.0,0.5866305556978911,0.0,0.0,1.0,,1.0
severson,nasa,no_soh,xgboost,20,456,40,0.8441937642989684,0.9997242245758913,1.0,40,101,zeroshot,raw,0.6003776383935155,0.7198722249245572,0.1899790748762729,0.8764223490620353,0.7954288721084595,,,0.6003776383935155,,,,,
severson,nasa,no_soh,xgboost,20,456,40,0.8441937642989684,0.9997242245758913,1.0,40,101,arm_b,warmstart,0.8159081563365232,0.9421496747070962,0.1056160965996952,0.016099793699649114,0.016753247007727623,,,0.6003776383935155,0.8839879525712184,0.5397079263989953,0.0,1.0,
severson,nasa,no_soh,xgboost,20,456,40,0.8441937642989684,0.9997242245758913,1.0,40,101,arm_a,iso,0.5447696413267862,,,0.012420278354898714,0.023151958361268044,0.055607997066729364,0.055607997066729364,0.6003776383935155,-0.22807349948745007,-0.1392474581999657,3.365908702603576e-117,,0.7738594367231036
severson,nasa,no_soh,xgboost,20,456,40,0.8441937642989684,0.9997242245758913,1.0,40,101,arm_a,platt,0.6003776383935155,,,0.01054389247240188,0.023093663156032562,0.0,0.0,0.6003776383935155,0.0,0.0,1.0,,0.9999999999999999
severson,nasa,no_soh,xgboost,20,456,40,0.8441937642989684,0.9997242245758913,1.0,40,101,arm_a,temp,0.6003776383935155,,,0.5348987471229926,0.30918987221811883,0.0,0.0,0.6003776383935155,0.0,0.0,1.0,,0.9999999999999999
severson,nasa,no_soh,xgboost,20,789,40,0.8441937642989684,0.9997242245758913,1.0,40,101,zeroshot,raw,0.7017769512019365,0.7163419774261895,0.2137149439465939,0.885845247543641,0.8009393811225891,,,0.7017769512019365,,,,,
severson,nasa,no_soh,xgboost,20,789,40,0.8441937642989684,0.9997242245758913,1.0,40,101,arm_b,warmstart,0.9442633554858725,0.9904962116465087,0.016211307783366716,0.015146979552293296,0.013842448592185974,,,0.7017769512019365,1.7026529312850465,0.8138567657895307,1.5957962096607778e-239,1.0,
severson,nasa,no_soh,xgboost,20,789,40,0.8441937642989684,0.9997242245758913,1.0,40,101,arm_a,iso,0.6771275799591867,,,0.032947605163131735,0.012556487694382668,0.024649371242749796,0.024649371242749796,0.7017769512019365,-0.17307908179321216,-0.08273064882796317,3.4795524068694608e-09,,0.888613317999558
severson,nasa,no_soh,xgboost,20,789,40,0.8441937642989684,0.9997242245758913,1.0,40,101,arm_a,platt,0.7017769512019367,,,0.033547540813957236,0.012475301511585712,2.220446049250313e-16,2.220446049250313e-16,0.7017769512019365,1.5591179166026354e-15,7.452479843517221e-16,1.0,,0.9999999999232808
severson,nasa,no_soh,xgboost,20,789,40,0.8441937642989684,0.9997242245758913,1.0,40,101,arm_a,temp,0.7017769512019365,,,0.5464401914205604,0.3100141449724291,0.0,0.0,0.7017769512019365,0.0,0.0,1.0,,1.0
severson,nasa,no_soh,xgboost,20,101112,40,0.8441937642989684,0.9997242245758913,1.0,40,101,zeroshot,raw,0.6018384981981219,0.7308269535336462,0.18310449519500285,0.8732376029416216,0.7904131412506104,,,0.6018384981981219,,,,,
severson,nasa,no_soh,xgboost,20,101112,40,0.8441937642989684,0.9997242245758913,1.0,40,101,arm_b,warmstart,0.8019103269501031,0.9755304403708236,0.07435450756678189,0.01309672940218534,0.015128204599022865,,,0.6018384981981219,0.8255311797876481,0.5028374115688299,6.71783405325186e-310,1.0,
severson,nasa,no_soh,xgboost,20,101112,40,0.8441937642989684,0.9997242245758913,1.0,40,101,arm_a,iso,0.6048222968458125,,,0.009918514927077814,0.022620204836130142,0.0029837986476906053,0.0029837986476906053,0.6018384981981219,0.012311672429057166,0.007499134675813079,0.12450101772766262,,0.9478705727789886
severson,nasa,no_soh,xgboost,20,101112,40,0.8441937642989684,0.9997242245758913,1.0,40,101,arm_a,platt,0.6018384981981219,,,0.009580156122494264,0.022708671167492867,0.0,0.0,0.6018384981981219,0.0,0.0,1.0,,1.0
severson,nasa,no_soh,xgboost,20,101112,40,0.8441937642989684,0.9997242245758913,1.0,40,101,arm_a,temp,0.6018384981981219,,,0.5347603167461532,0.30868354443953033,0.0,0.0,0.6018384981981219,0.0,0.0,1.0,,1.0
severson,nasa,no_soh,lightgbm,20,0,0,0.8857535979700859,0.9998930575604605,1.0,0,141,zeroshot,raw,0.48909686216850184,,,0.9350756328347452,0.8959844263531526,,,0.48909686216850184,,,,,
severson,nasa,no_soh,lightgbm,20,0,-1,0.8857535979700859,0.9998930575604605,1.0,141,141,retrain_lfp,full,0.9998930575604605,,,0.0021921752156756776,0.0010048078363480136,,,0.48909686216850184,,,,,
severson,nasa,no_soh,lightgbm,20,123,5,0.8857535979700859,0.9998930575604605,1.0,5,136,zeroshot,raw,0.4959409662495582,0.4963182625667488,0.16517978048360948,0.935396210260605,0.8965554173887661,,,0.4959409662495582,,,,,
severson,nasa,no_soh,lightgbm,20,123,5,0.8857535979700859,0.9998930575604605,1.0,5,136,arm_b,warmstart,0.8030074232536817,0.9300453144277455,0.09071805103061072,0.016378533434430485,0.016375256983840368,,,0.4959409662495582,0.7877283392506165,0.6093167630386624,0.0,0.94640522875817,
severson,nasa,no_soh,lightgbm,20,123,5,0.8857535979700859,0.9998930575604605,1.0,5,136,arm_a,iso,0.5,,,0.008394263046236156,0.02066929124523086,0.0040590337504418095,0.0040590337504418095,0.4959409662495582,0.010412781475362485,0.008054404020595037,0.42961346333382155,,
severson,nasa,no_soh,lightgbm,20,123,5,0.8857535979700859,0.9998930575604605,1.0,5,136,arm_a,platt,0.5040590337504418,,,0.01997650127997739,0.02115683102174338,0.008118067500883619,0.008118067500883619,0.4959409662495582,0.02082556295072497,0.016108808041190074,0.42961346333382133,,-0.9999999999999999
severson,nasa,no_soh,lightgbm,20,123,5,0.8857535979700859,0.9998930575604605,1.0,5,136,arm_a,temp,0.4959409662495582,,,0.5591442214626169,0.3335302227229666,0.0,0.0,0.4959409662495582,0.0,0.0,1.0,,0.9999999999999999
severson,nasa,no_soh,lightgbm,20,456,5,0.8857535979700859,0.9998930575604605,1.0,5,136,zeroshot,raw,0.4837276862904778,0.49473641398837115,0.16938391910953787,0.9348730438112295,0.8957297963172197,,,0.4837276862904778,,,,,
severson,nasa,no_soh,lightgbm,20,456,5,0.8857535979700859,0.9998930575604605,1.0,5,136,arm_b,warmstart,0.7767786549515601,0.8834217268029803,0.2366919734702065,0.017950693512092882,0.01794833281889916,,,0.4837276862904778,0.7289355241724501,0.5677462785619545,0.0,1.0,
severson,nasa,no_soh,lightgbm,20,456,5,0.8857535979700859,0.9998930575604605,1.0,5,136,arm_a,iso,0.48606394234029454,,,0.009353071633420449,0.02091968444666837,0.002336256049816743,0.002336256049816743,0.4837276862904778,0.005811207640960731,0.004526177422690281,0.055197445300302454,,0.9662740282340909
severson,nasa,no_soh,lightgbm,20,456,5,0.8857535979700859,0.9998930575604605,1.0,5,136,arm_a,platt,0.4837276862904778,,,0.005176013225560716,0.02076762270248207,0.0,0.0,0.4837276862904778,0.0,0.0,1.0,,1.0
severson,nasa,no_soh,lightgbm,20,456,5,0.8857535979700859,0.9998930575604605,1.0,5,136,arm_a,temp,0.4837276862904778,,,0.5590102296415046,0.3333083655047181,0.0,0.0,0.4837276862904778,0.0,0.0,1.0,,1.0
severson,nasa,no_soh,lightgbm,20,789,5,0.8857535979700859,0.9998930575604605,1.0,5,136,zeroshot,raw,0.4969185092261596,0.5031047076447733,0.15146079135613488,0.9342155837940629,0.8947665576158556,,,0.4969185092261596,,,,,
severson,nasa,no_soh,lightgbm,20,789,5,0.8857535979700859,0.9998930575604605,1.0,5,136,arm_b,warmstart,0.677082417235414,0.4882942082067494,0.23000964957771158,0.021048441079935143,0.020978629303755554,,,0.4969185092261596,0.4633427209237905,0.35819686822305935,1.1816545136966111e-125,1.0,
severson,nasa,no_soh,lightgbm,20,789,5,0.8857535979700859,0.9998930575604605,1.0,5,136,arm_a,iso,0.49125333115640457,,,0.015380636965433613,0.021029248983574014,0.005665178069755028,0.005665178069755028,0.4969185092261596,-0.014569616358584149,-0.011263349385205233,0.0023954623840587953,,0.9087188115442764
severson,nasa,no_soh,lightgbm,20,789,5,0.8857535979700859,0.9998930575604605,1.0,5,136,arm_a,platt,0.5030814907738403,,,0.010215372545208663,0.020849509134549877,0.006162981547680746,0.006162981547680746,0.4969185092261596,0.015849859557658073,0.012253068406921724,0.5624929595227341,,-1.0
severson,nasa,no_soh,lightgbm,20,789,5,0.8857535979700859,0.9998930575604605,1.0,5,136,arm_a,temp,0.4969185092261596,,,0.5585363901260545,0.33302473348216505,0.0,0.0,0.4969185092261596,0.0,0.0,1.0,,1.0
severson,nasa,no_soh,lightgbm,20,101112,5,0.8857535979700859,0.9998930575604605,1.0,5,136,zeroshot,raw,0.5986338315553021,0.49418248597652936,0.16946104864686706,0.9416114514965226,0.9017936838403504,,,0.5986338315553021,,,,,
severson,nasa,no_soh,lightgbm,20,101112,5,0.8857535979700859,0.9998930575604605,1.0,5,136,arm_b,warmstart,0.7754225837685709,0.9561990116899047,0.10309264650831344,0.15733799281243818,0.1532694772437035,,,0.5986338315553021,0.6157317359957489,0.4405848906536943,9.30209766837296e-128,0.9973856209150326,
severson,nasa,no_soh,lightgbm,20,101112,5,0.8857535979700859,0.9998930575604605,1.0,5,136,arm_a,iso,0.5076017599202827,,,0.17624318213288498,0.04710043802128821,0.09103207163501947,0.09103207163501947,0.5986338315553021,-0.31705261108185495,-0.22686599020118034,3.7150327103778166e-64,,0.44657056916947885
severson,nasa,no_soh,lightgbm,20,101112,5,0.8857535979700859,0.9998930575604605,1.0,5,136,arm_a,platt,0.4013661684446979,,,0.19028520557406017,0.06908781961161238,0.19726766311060423,0.19726766311060423,0.5986338315553021,-0.6870570618451399,-0.4916215013285906,4.56048797392086e-55,,-1.0
severson,nasa,no_soh,lightgbm,20,101112,5,0.8857535979700859,0.9998930575604605,1.0,5,136,arm_a,temp,0.5986338315553021,,,0.565864399671966,0.3343748104203802,0.0,0.0,0.5986338315553021,0.0,0.0,1.0,,1.0
severson,nasa,no_soh,lightgbm,20,42,10,0.8857535979700859,0.9998930575604605,1.0,10,131,zeroshot,raw,0.4960849090405116,0.4977962390562963,0.17076364355788284,0.9347153087505979,0.8956202212794319,,,0.4960849090405116,,,,,
severson,nasa,no_soh,lightgbm,20,42,10,0.8857535979700859,0.9998930575604605,1.0,10,131,arm_b,warmstart,0.8625502340330702,0.9278753479160281,0.13200472603173552,0.01774730478969612,0.018289054425640675,,,0.4960849090405116,0.9404536094476676,0.7273906269065593,0.0,0.9986928104575163,
severson,nasa,no_soh,lightgbm,20,42,10,0.8857535979700859,0.9998930575604605,1.0,10,131,arm_a,iso,0.4942698731244675,,,0.006172225118129204,0.020755545167219388,0.0018150359160440943,0.0018150359160440943,0.4960849090405116,-0.004657895200740981,-0.0036026331082102884,0.7259268525724967,,0.11019627956219769
severson,nasa,no_soh,lightgbm,20,42,10,0.8857535979700859,0.9998930575604605,1.0,10,131,arm_a,platt,0.5039150909594883,,,0.008950856845137464,0.020892759508204902,0.007830181918976664,0.007830181918976664,0.4960849090405116,0.02009446009246032,0.015541991414747072,0.4625403305787693,,-0.9999999999999999
severson,nasa,no_soh,lightgbm,20,42,10,0.8857535979700859,0.9998930575604605,1.0,10,131,arm_a,temp,0.4960849090405116,,,0.558848951442891,0.3333331613868373,0.0,0.0,0.4960849090405116,0.0,0.0,1.0,,0.9999999999999999
severson,nasa,no_soh,lightgbm,20,123,10,0.8857535979700859,0.9998930575604605,1.0,10,131,zeroshot,raw,0.4872352350924374,0.49954789866637267,0.16589780878111637,0.934995473796783,0.8964294856691819,,,0.4872352350924374,,,,,
severson,nasa,no_soh,lightgbm,20,123,10,0.8857535979700859,0.9998930575604605,1.0,10,131,arm_b,warmstart,0.7198894851089955,0.9027355552638736,0.20618254107115802,0.018161883940127698,0.017321340092306847,,,0.4872352350924374,0.583798067262428,0.45381976012093306,0.0,1.0,
severson,nasa,no_soh,lightgbm,20,123,10,0.8857535979700859,0.9998930575604605,1.0,10,131,arm_a,iso,0.4930477167612951,,,0.00992247149229064,0.021129110803983574,0.0058124816688577274,0.0058124816688577274,0.4872352350924374,0.01458522921475077,0.011337936171295384,0.0005538469571187936,,0.927491624260516
severson,nasa,no_soh,lightgbm,20,123,10,0.8857535979700859,0.9998930575604605,1.0,10,131,arm_a,platt,0.5127647649075626,,,0.010889192661050224,0.021148928043662727,0.02552952981512524,0.02552952981512524,0.4872352350924374,0.06406111284503899,0.049798381486157145,0.01747201510992466,,-1.0
severson,nasa,no_soh,lightgbm,20,123,10,0.8857535979700859,0.9998930575604605,1.0,10,131,arm_a,temp,0.4872352350924374,,,0.5587108618087894,0.3335213421966839,0.0,0.0,0.4872352350924374,0.0,0.0,1.0,,1.0
severson,nasa,no_soh,lightgbm,20,456,10,0.8857535979700859,0.9998930575604605,1.0,10,131,zeroshot,raw,0.47326633967869103,0.48162028549683705,0.1552193127457077,0.9346060005583503,0.8956579611215284,,,0.47326633967869103,,,,,
severson,nasa,no_soh,lightgbm,20,456,10,0.8857535979700859,0.9998930575604605,1.0,10,131,arm_b,warmstart,0.8119536488018134,0.9526294008608858,0.1411027175566204,0.013047961436552846,0.013802698719091585,,,0.47326633967869103,0.8210855058312184,0.6431259516900536,0.0,1.0,
severson,nasa,no_soh,lightgbm,20,456,10,0.8857535979700859,0.9998930575604605,1.0,10,131,arm_a,iso,0.4782410518366628,,,0.005264793767980691,0.0212212737901856,0.0049747121579717946,0.0049747121579717946,0.47326633967869103,0.012060280791649303,0.00944637252356164,0.0001476407739240339,,0.9609095690585752
severson,nasa,no_soh,lightgbm,20,456,10,0.8857535979700859,0.9998930575604605,1.0,10,131,arm_a,platt,0.526733660321309,,,0.006754402634428209,0.02090403968639397,0.053467320642617944,0.053467320642617944,0.47326633967869103,0.1296217508974467,0.10152793017733225,5.258150055036186e-07,,-1.0
severson,nasa,no_soh,lightgbm,20,456,10,0.8857535979700859,0.9998930575604605,1.0,10,131,arm_a,temp,0.47326633967869103,,,0.5587692471436523,0.33343524472528624,0.0,0.0,0.47326633967869103,0.0,0.0,1.0,,1.0
severson,nasa,no_soh,lightgbm,20,789,10,0.8857535979700859,0.9998930575604605,1.0,10,131,zeroshot,raw,0.47904358656602464,0.4803574786257981,0.1632105550889019,0.9357410041603937,0.89751915542355,,,0.47904358656602464,,,,,
severson,nasa,no_soh,lightgbm,20,789,10,0.8857535979700859,0.9998930575604605,1.0,10,131,arm_b,warmstart,0.8718540543356199,0.9794868703985489,0.04395233594746531,0.01905936792903594,0.018884205371508905,,,0.47904358656602464,0.9658244369582115,0.7541727305964597,0.0,1.0,
severson,nasa,no_soh,lightgbm,20,789,10,0.8857535979700859,0.9998930575604605,1.0,10,131,arm_a,iso,0.49106896555901336,,,0.01035413766568951,0.02116360617778971,0.012025378992988722,0.012025378992988722,0.47904358656602464,0.029567452621769026,0.02308801230042372,2.7108181471660888e-46,,0.9843182854103218
severson,nasa,no_soh,lightgbm,20,789,10,0.8857535979700859,0.9998930575604605,1.0,10,131,arm_a,platt,0.47904358656602464,,,0.0073824890480086855,0.021018305527883013,0.0,0.0,0.47904358656602464,0.0,0.0,1.0,,1.0
severson,nasa,no_soh,lightgbm,20,789,10,0.8857535979700859,0.9998930575604605,1.0,10,131,arm_a,temp,0.47904358656602464,,,0.5588230539431489,0.33352090251334887,0.0,0.0,0.47904358656602464,0.0,0.0,1.0,,1.0
severson,nasa,no_soh,lightgbm,20,101112,10,0.8857535979700859,0.9998930575604605,1.0,10,131,zeroshot,raw,0.48466620996143683,0.4939868868703476,0.1694840430544771,0.9333987802194372,0.8944696745638465,,,0.48466620996143683,,,,,
severson,nasa,no_soh,lightgbm,20,101112,10,0.8857535979700859,0.9998930575604605,1.0,10,131,arm_b,warmstart,0.8558991198250011,0.9493744543703136,0.09193291615230896,0.022131002163008708,0.021998605213263852,,,0.48466620996143683,0.9255661508248646,0.7205232250483907,0.0,1.0,
severson,nasa,no_soh,lightgbm,20,101112,10,0.8857535979700859,0.9998930575604605,1.0,10,131,arm_a,iso,0.49336935824444794,,,0.01642561717325423,0.02213771313289404,0.008703148283011108,0.008703148283011108,0.48466620996143683,0.021698882944739796,0.01689187650753858,2.0870630666928114e-07,,0.9269164881525007
severson,nasa,no_soh,lightgbm,20,101112,10,0.8857535979700859,0.9998930575604605,1.0,10,131,arm_a,platt,0.5153337900385633,,,0.016388286525949893,0.022134940524518754,0.030667580077126444,0.030667580077126444,0.48466620996143683,0.07646109300366515,0.05952248067048235,0.003615856515184513,,-1.0
severson,nasa,no_soh,lightgbm,20,101112,10,0.8857535979700859,0.9998930575604605,1.0,10,131,arm_a,temp,0.48466620996143683,,,0.5578156569280859,0.33337663304539755,0.0,0.0,0.48466620996143683,0.0,0.0,1.0,,1.0
severson,nasa,no_soh,lightgbm,20,123,20,0.8857535979700859,0.9998930575604605,1.0,20,121,zeroshot,raw,0.46834899410772485,0.4954373618394884,0.14912521681947222,0.9343368991821672,0.8965547120272856,,,0.46834899410772485,,,,,
severson,nasa,no_soh,lightgbm,20,123,20,0.8857535979700859,0.9998930575604605,1.0,20,121,arm_b,warmstart,0.7916433649825937,0.9503210179437666,0.06527944983816775,0.018209868108929987,0.018554079790829237,,,0.46834899410772485,0.7745347508947816,0.6082174425481394,0.0,1.0,
severson,nasa,no_soh,lightgbm,20,123,20,0.8857535979700859,0.9998930575604605,1.0,20,121,arm_a,iso,0.46496765692792746,,,0.013316991287881733,0.022861215637914926,0.0033813371797973835,0.0033813371797973835,0.46834899410772485,-0.00810086220542114,-0.006361348780444141,0.08269878767597161,,0.9025443854868416
severson,nasa,no_soh,lightgbm,20,123,20,0.8857535979700859,0.9998930575604605,1.0,20,121,arm_a,platt,0.46834899410772485,,,0.015178377304581391,0.02278562737360398,0.0,0.0,0.46834899410772485,0.0,0.0,1.0,,0.9999999999999999
severson,nasa,no_soh,lightgbm,20,123,20,0.8857535979700859,0.9998930575604605,1.0,20,121,arm_a,temp,0.46834899410772485,,,0.5573361523007021,0.3335112629671651,0.0,0.0,0.46834899410772485,0.0,0.0,1.0,,0.9999999999999999
severson,nasa,no_soh,lightgbm,20,456,20,0.8857535979700859,0.9998930575604605,1.0,20,121,zeroshot,raw,0.47766534143418615,0.49757715854510637,0.15591122482465314,0.9322085954464707,0.8927922618989035,,,0.47766534143418615,,,,,
severson,nasa,no_soh,lightgbm,20,456,20,0.8857535979700859,0.9998930575604605,1.0,20,121,arm_b,warmstart,0.8136191484014124,0.9814877363730399,0.029023310493554957,0.013937352100874637,0.014933282127544946,,,0.47766534143418615,0.8232381147622467,0.643309032808961,0.0,0.9947712418300654,
severson,nasa,no_soh,lightgbm,20,456,20,0.8857535979700859,0.9998930575604605,1.0,20,121,arm_a,iso,0.472297867938968,,,0.01407943220836829,0.02266789015858771,0.005367473495218156,0.005367473495218156,0.47766534143418615,-0.013152727159513291,-0.010278032608135841,0.004887157178734949,,0.9067778084565851
severson,nasa,no_soh,lightgbm,20,456,20,0.8857535979700859,0.9998930575604605,1.0,20,121,arm_a,platt,0.5223346585658137,,,0.012115985913361554,0.022486137975465243,0.044669317131627584,0.044669317131627584,0.47766534143418615,0.10945994258890906,0.0855360903916991,3.5590035566515644e-05,,-0.9999999999999999
severson,nasa,no_soh,lightgbm,20,456,20,0.8857535979700859,0.9998930575604605,1.0,20,121,arm_a,temp,0.47766534143418615,,,0.5569464466426828,0.33288890950772787,0.0,0.0,0.47766534143418615,0.0,0.0,1.0,,0.9999999999999999
severson,nasa,no_soh,lightgbm,20,789,20,0.8857535979700859,0.9998930575604605,1.0,20,121,zeroshot,raw,0.4793736539494766,0.4870654926156276,0.16902300288023694,0.9333245666605348,0.8938938232963837,,,0.4793736539494766,,,,,
severson,nasa,no_soh,lightgbm,20,789,20,0.8857535979700859,0.9998930575604605,1.0,20,121,arm_b,warmstart,0.8582684587567562,0.929478624718309,0.1180948113321946,0.017712030402232258,0.017661423900542466,,,0.4793736539494766,0.9323659062959666,0.72791677347431,0.0,1.0,
severson,nasa,no_soh,lightgbm,20,789,20,0.8857535979700859,0.9998930575604605,1.0,20,121,arm_a,iso,0.4890853544878776,,,0.009299833609320027,0.021576782908238834,0.00971170053840098,0.00971170053840098,0.4793736539494766,0.02389808030956483,0.018657710876920794,2.064747152534793e-45,,0.981645647202189
severson,nasa,no_soh,lightgbm,20,789,20,0.8857535979700859,0.9998930575604605,1.0,20,121,arm_a,platt,0.5206263460505235,,,0.007581693198557102,0.02145373264821719,0.04125269210104687,0.04125269210104687,0.4793736539494766,0.10151261819888131,0.07925293815151901,0.00015003164954039138,,-0.9999999999999999
severson,nasa,no_soh,lightgbm,20,789,20,0.8857535979700859,0.9998930575604605,1.0,20,121,arm_a,temp,0.4793736539494766,,,0.5578895557287205,0.3329909963622119,0.0,0.0,0.4793736539494766,0.0,0.0,1.0,,0.9999999999999999
severson,nasa,no_soh,lightgbm,20,101112,20,0.8857535979700859,0.9998930575604605,1.0,20,121,zeroshot,raw,0.47513187514130234,0.4880633821726436,0.17210471020722362,0.9325931837826854,0.8934145615174997,,,0.47513187514130234,,,,,
severson,nasa,no_soh,lightgbm,20,101112,20,0.8857535979700859,0.9998930575604605,1.0,20,121,arm_b,warmstart,0.7543851528193366,0.9189076524803141,0.17118099715337848,0.025772634237948417,0.0247947095519835,,,0.47513187514130234,0.680074292597701,0.5321530765493586,0.0,0.9908496732026144,
severson,nasa,no_soh,lightgbm,20,101112,20,0.8857535979700859,0.9998930575604605,1.0,20,121,arm_a,iso,0.47603176843846806,,,0.014162127740087748,0.022661322724670693,0.0008998932971657214,0.0008998932971657214,0.47513187514130234,0.0021915384577472752,0.001714862545695925,0.5371978946013592,,0.9586118067104498
severson,nasa,no_soh,lightgbm,20,101112,20,0.8857535979700859,0.9998930575604605,1.0,20,121,arm_a,platt,0.5248681248586976,,,0.013907641824987814,0.022531483561713382,0.049736249717395264,0.049736249717395264,0.47513187514130234,0.12112425366773333,0.0947788277481011,3.8978607953997874e-06,,-1.0
severson,nasa,no_soh,lightgbm,20,101112,20,0.8857535979700859,0.9998930575604605,1.0,20,121,arm_a,temp,0.47513187514130234,,,0.5569673579328562,0.332904582746037,0.0,0.0,0.47513187514130234,0.0,0.0,1.0,,1.0
severson,nasa,no_soh,lightgbm,20,42,40,0.8857535979700859,0.9998930575604605,1.0,40,101,zeroshot,raw,0.4681818094560104,0.49777251397627503,0.17719732418311773,0.9328072031633282,0.8934351128833931,,,0.4681818094560104,,,,,
severson,nasa,no_soh,lightgbm,20,42,40,0.8857535979700859,0.9998930575604605,1.0,40,101,arm_b,warmstart,0.8994411787217472,0.9893941661927695,0.015592811910678255,0.01448909594764119,0.01520113426166469,,,0.4681818094560104,1.032778988255812,0.8110781383752476,0.0,1.0,
severson,nasa,no_soh,lightgbm,20,42,40,0.8857535979700859,0.9998930575604605,1.0,40,101,arm_a,iso,0.4686533535159579,,,0.00512472077201984,0.021924180140018814,0.00047154405994748183,0.00047154405994748183,0.4681818094560104,0.0011292526768282552,0.000886842363460498,0.7897414449947111,,0.923658780461875
severson,nasa,no_soh,lightgbm,20,42,40,0.8857535979700859,0.9998930575604605,1.0,40,101,arm_a,platt,0.5318181905439897,,,0.0055531040678452465,0.021846998397116457,0.06363638108797931,0.06363638108797931,0.4681818094560104,0.15239626535697887,0.11968221720876307,8.034084027015943e-08,,-1.0
severson,nasa,no_soh,lightgbm,20,42,40,0.8857535979700859,0.9998930575604605,1.0,40,101,arm_a,temp,0.4681818094560104,,,0.5575942950681836,0.3330796242473267,0.0,0.0,0.4681818094560104,0.0,0.0,1.0,,1.0
severson,nasa,no_soh,lightgbm,20,123,40,0.8857535979700859,0.9998930575604605,1.0,40,101,zeroshot,raw,0.4487352771066305,0.5029930261106715,0.15203520229606757,0.9318573418565307,0.8942398366865681,,,0.4487352771066305,,,,,
severson,nasa,no_soh,lightgbm,20,123,40,0.8857535979700859,0.9998930575604605,1.0,40,101,arm_b,warmstart,0.825664181814876,0.9912511141267074,0.01141227841003475,0.01566894611408526,0.01653466935591747,,,0.4487352771066305,0.8625013797213673,0.683885664097634,0.0,1.0,
severson,nasa,no_soh,lightgbm,20,123,40,0.8857535979700859,0.9998930575604605,1.0,40,101,arm_a,iso,0.45808150948998605,,,0.013480534484741073,0.02487631317290231,0.009346232383355524,0.009346232383355524,0.4487352771066305,0.0213863628529105,0.016957453409547667,1.9810116933205787e-17,,0.9792888094116782
severson,nasa,no_soh,lightgbm,20,123,40,0.8857535979700859,0.9998930575604605,1.0,40,101,arm_a,platt,0.5512647228933695,,,0.014767135027186585,0.02479967358531698,0.10252944578673895,0.10252944578673895,0.4487352771066305,0.23461132152117226,0.18602558001143513,1.29304270689888e-19,,-1.0
severson,nasa,no_soh,lightgbm,20,123,40,0.8857535979700859,0.9998930575604605,1.0,40,101,arm_a,temp,0.4487352771066305,,,0.5553567332572363,0.33341925154266094,0.0,0.0,0.4487352771066305,0.0,0.0,1.0,,1.0
severson,nasa,no_soh,lightgbm,20,456,40,0.8857535979700859,0.9998930575604605,1.0,40,101,zeroshot,raw,0.45975163319891194,0.4885104379826014,0.17579282719412548,0.933745627224439,0.8956877238690256,,,0.45975163319891194,,,,,
severson,nasa,no_soh,lightgbm,20,456,40,0.8857535979700859,0.9998930575604605,1.0,40,101,arm_b,warmstart,0.8179461636893273,0.9375944631203812,0.10154833557328578,0.01693742653303486,0.017099946522873593,,,0.45975163319891194,0.840828353180997,0.6631495277626672,0.0,1.0,
severson,nasa,no_soh,lightgbm,20,456,40,0.8857535979700859,0.9998930575604605,1.0,40,101,arm_a,iso,0.45790570717558693,,,0.010935961347722081,0.023236044472866917,0.0018459260233250063,0.0018459260233250063,0.45975163319891194,-0.004333139694124513,-0.003417486495332043,0.07659153879617071,,0.9721194578458073
severson,nasa,no_soh,lightgbm,20,456,40,0.8857535979700859,0.9998930575604605,1.0,40,101,arm_a,platt,0.540248366801088,,,0.010619317501943277,0.023123551461679045,0.08049673360217607,0.08049673360217607,0.45975163319891194,0.18895859704641202,0.14902899494761737,4.1647066968410767e-13,,-1.0
severson,nasa,no_soh,lightgbm,20,456,40,0.8857535979700859,0.9998930575604605,1.0,40,101,arm_a,temp,0.45975163319891194,,,0.5565310183518544,0.3330628351901027,0.0,0.0,0.45975163319891194,0.0,0.0,1.0,,1.0
severson,nasa,no_soh,lightgbm,20,789,40,0.8857535979700859,0.9998930575604605,1.0,40,101,zeroshot,raw,0.6042039660691864,0.4814761951265756,0.20078925491799463,0.9436772635746653,0.9029827131047711,,,0.6042039660691864,,,,,
severson,nasa,no_soh,lightgbm,20,789,40,0.8857535979700859,0.9998930575604605,1.0,40,101,arm_b,warmstart,0.9445615111466041,0.987335542397551,0.021351998622249246,0.02244971204010833,0.018915652515063965,,,0.6042039660691864,1.2088722786795103,0.8601640843690618,0.0,0.9869281045751634,
severson,nasa,no_soh,lightgbm,20,789,40,0.8857535979700859,0.9998930575604605,1.0,40,101,arm_a,iso,0.5253686484172213,,,0.034001770763866554,0.012529551978299913,0.07883531765196505,0.07883531765196505,0.6042039660691864,-0.28000504607199656,-0.1992355092601878,3.8102603508308775e-29,,0.45245549143386804
severson,nasa,no_soh,lightgbm,20,789,40,0.8857535979700859,0.9998930575604605,1.0,40,101,arm_a,platt,0.39579603393081375,,,0.034758753704248455,0.012779018245908096,0.2084079321383726,0.2084079321383726,0.6042039660691864,-0.7402173845204262,-0.5266961779333471,1.733127408441994e-44,,-1.0
severson,nasa,no_soh,lightgbm,20,789,40,0.8857535979700859,0.9998930575604605,1.0,40,101,arm_a,temp,0.6042039660691864,,,0.5680745140408225,0.3342976139575333,0.0,0.0,0.6042039660691864,0.0,0.0,1.0,,1.0
severson,nasa,no_soh,lightgbm,20,101112,40,0.8857535979700859,0.9998930575604605,1.0,40,101,zeroshot,raw,0.4633662157339713,0.49280627629043294,0.15976621284765713,0.9311338661689219,0.8912637595458212,,,0.4633662157339713,,,,,
severson,nasa,no_soh,lightgbm,20,101112,40,0.8857535979700859,0.9998930575604605,1.0,40,101,arm_b,warmstart,0.7533005999458324,0.9829079865004436,0.042647357344371715,0.014440343367781956,0.015509590196605387,,,0.4633662157339713,0.6864181943053114,0.540391200605812,0.0,0.9986928104575163,
severson,nasa,no_soh,lightgbm,20,101112,40,0.8857535979700859,0.9998930575604605,1.0,40,101,arm_a,iso,0.47598991415946695,,,0.009037774764048696,0.022773749774995532,0.012623698425495655,0.012623698425495655,0.4633662157339713,0.02988654244041553,0.02352854962954139,1.7630533097079189e-84,,0.9885015792978226
severson,nasa,no_soh,lightgbm,20,101112,40,0.8857535979700859,0.9998930575604605,1.0,40,101,arm_a,platt,0.5366337842660287,,,0.00795195421635003,0.022685583446939595,0.0732675685320574,0.0732675685320574,0.4633662157339713,0.1734605994719341,0.13655899914090758,2.0343391035901705e-10,,-0.9999999999999999
severson,nasa,no_soh,lightgbm,20,101112,40,0.8857535979700859,0.9998930575604605,1.0,40,101,arm_a,temp,0.4633662157339713,,,0.5563577835914684,0.33254719009923,0.0,0.0,0.4633662157339713,0.0,0.0,1.0,,0.9999999999999999
severson,nasa,no_soh,random_forest,20,0,0,0.8667327871852877,0.9978946336184621,0.9594771241830066,0,141,zeroshot,raw,0.720257466722546,,,0.5318757666307349,0.3042274963578113,,,0.720257466722546,,,,,
severson,nasa,no_soh,random_forest,20,0,-1,0.8667327871852877,0.9978946336184621,0.9594771241830066,141,141,retrain_lfp,full,0.9978946336184621,,,0.010521796142871794,0.006628184635178749,,,0.720257466722546,,,,,
severson,nasa,no_soh,random_forest,20,123,5,0.8667327871852877,0.9978946336184621,0.9594771241830066,5,136,zeroshot,raw,0.7162450208232898,0.8538079140481503,0.14005063966825326,0.5319206464776407,0.304528741458699,,,0.7162450208232898,,,,,
severson,nasa,no_soh,random_forest,20,123,5,0.8667327871852877,0.9978946336184621,0.9594771241830066,5,136,arm_b,warmstart,0.7326505078604783,0.8623099185864916,0.21335886080939692,0.01622080233406273,0.016328290007293945,,,0.7162450208232898,0.1090154198828702,0.058247859368154874,4.7496122202265126e-05,0.15620915032679739,
severson,nasa,no_soh,random_forest,20,123,5,0.8667327871852877,0.9978946336184621,0.9594771241830066,5,136,arm_a,iso,0.6018993317052925,,,0.02680878012549406,0.02283785349987249,0.11434568911799725,0.11434568911799725,0.7162450208232898,-0.7598337850462809,-0.40598560737647577,0.0,,0.577123713969907
severson,nasa,no_soh,random_forest,20,123,5,0.8667327871852877,0.9978946336184621,0.9594771241830066,5,136,arm_a,platt,0.7162450208232898,,,0.022703991059845097,0.024005202749176318,0.0,0.0,0.7162450208232898,0.0,0.0,1.0,,0.9999999999897563
severson,nasa,no_soh,random_forest,20,123,5,0.8667327871852877,0.9978946336184621,0.9594771241830066,5,136,arm_a,temp,0.7162450208232898,,,0.48433008380782666,0.2550356448273351,0.0,0.0,0.7162450208232898,0.0,0.0,1.0,,0.9999999999959115
severson,nasa,no_soh,random_forest,20,456,5,0.8667327871852877,0.9978946336184621,0.9594771241830066,5,136,zeroshot,raw,0.7199927899286372,0.8538010891374913,0.1420126179709579,0.5306949270867205,0.3030922563486142,,,0.7199927899286372,,,,,
severson,nasa,no_soh,random_forest,20,456,5,0.8667327871852877,0.9978946336184621,0.9594771241830066,5,136,arm_b,warmstart,0.7499607277791875,0.8913720226155696,0.17498029255797928,0.011715392914514993,0.013912530768966782,,,0.7199927899286372,0.2042247404307629,0.10783641249965392,5.304921772033357e-15,0.54640522875817,
severson,nasa,no_soh,random_forest,20,456,5,0.8667327871852877,0.9978946336184621,0.9594771241830066,5,136,arm_a,iso,0.6507186310115762,,,0.012141397565548289,0.020559992475286823,0.06927415891706101,0.06927415891706101,0.7199927899286372,-0.4720877757405125,-0.24927563630840868,1.4403104710838439e-208,,0.8638779608838572
severson,nasa,no_soh,random_forest,20,456,5,0.8667327871852877,0.9978946336184621,0.9594771241830066,5,136,arm_a,platt,0.7199927899286372,,,0.013670137171930361,0.021414740706489997,0.0,0.0,0.7199927899286372,0.0,0.0,1.0,,0.9999999999866198
severson,nasa,no_soh,random_forest,20,456,5,0.8667327871852877,0.9978946336184621,0.9594771241830066,5,136,arm_a,temp,0.7199927899286372,,,0.48431817485038453,0.25490059377989693,0.0,0.0,0.7199927899286372,0.0,0.0,1.0,,0.9999999877422606
severson,nasa,no_soh,random_forest,20,789,5,0.8667327871852877,0.9978946336184621,0.9594771241830066,5,136,zeroshot,raw,0.7278566616939817,0.8693401761011231,0.10819384186482708,0.5299798400347608,0.3024678076356761,,,0.7278566616939817,,,,,
severson,nasa,no_soh,random_forest,20,789,5,0.8667327871852877,0.9978946336184621,0.9594771241830066,5,136,arm_b,warmstart,0.5902791857983158,0.5034837391774153,0.17839837521744448,0.0373180939926248,0.02951335872241662,,,0.7278566616939817,-0.9906488635750319,-0.50947455617146,1.5590837447739478e-43,0.43137254901960786,
severson,nasa,no_soh,random_forest,20,789,5,0.8667327871852877,0.9978946336184621,0.9594771241830066,5,136,arm_a,iso,0.6312473920666641,,,0.014699712927278072,0.020846226583342432,0.09660926962731753,0.09660926962731753,0.7278566616939817,-0.6956506691523844,-0.3577617952720203,0.0,,0.8441696065201325
severson,nasa,no_soh,random_forest,20,789,5,0.8667327871852877,0.9978946336184621,0.9594771241830066,5,136,arm_a,platt,0.27214333830601833,,,0.009635196087730358,0.020882775051942963,0.45571332338796333,0.45571332338796333,0.7278566616939817,-3.281437480890062,-1.687589786503838,0.0,,-0.9999999999778328
severson,nasa,no_soh,random_forest,20,789,5,0.8667327871852877,0.9978946336184621,0.9594771241830066,5,136,arm_a,temp,0.7278566616939817,,,0.4839913113777611,0.25484233201261214,0.0,0.0,0.7278566616939817,0.0,0.0,1.0,,0.9999999999778328
severson,nasa,no_soh,random_forest,20,101112,5,0.8667327871852877,0.9978946336184621,0.9594771241830066,5,136,zeroshot,raw,0.8316218466734382,0.8558098674044864,0.1420943798386877,0.5386984447751143,0.30517456011821215,,,0.8316218466734382,,,,,
severson,nasa,no_soh,random_forest,20,101112,5,0.8667327871852877,0.9978946336184621,0.9594771241830066,5,136,arm_b,warmstart,0.8059612146429994,0.9658491380171019,0.08642621823531059,0.14870153239405612,0.12375892993084134,,,0.8316218466734382,-0.7308443367325534,-0.15432851341406312,1.825792506184854e-07,0.39346405228758163,
severson,nasa,no_soh,random_forest,20,101112,5,0.8667327871852877,0.9978946336184621,0.9594771241830066,5,136,arm_a,iso,0.6938908954796074,,,0.1739919518217401,0.05498440206076371,0.13773095119383083,0.13773095119383083,0.8316218466734382,-3.9227360243269023,-0.8283433129641949,0.0,,0.8728318273331913
severson,nasa,no_soh,random_forest,20,101112,5,0.8667327871852877,0.9978946336184621,0.9594771241830066,5,136,arm_a,platt,0.8316218466734382,,,0.1848352120138994,0.049545942438554307,0.0,0.0,0.8316218466734382,0.0,0.0,1.0,,0.999999954994775
severson,nasa,no_soh,random_forest,20,101112,5,0.8667327871852877,0.9978946336184621,0.9594771241830066,5,136,arm_a,temp,0.8316218466734382,,,0.491233649821077,0.25509926797839644,0.0,0.0,0.8316218466734382,0.0,0.0,1.0,,0.9999999887350984
severson,nasa,no_soh,random_forest,20,42,10,0.8667327871852877,0.9978946336184621,0.9594771241830066,10,131,zeroshot,raw,0.7164299463897328,0.851906852978832,0.14255207499390227,0.5314513009190633,0.3041281877178136,,,0.7164299463897328,,,,,
severson,nasa,no_soh,random_forest,20,42,10,0.8667327871852877,0.9978946336184621,0.9594771241830066,10,131,arm_b,warmstart,0.7067802026291709,0.8443157962224508,0.21752044341780621,0.01754151505117976,0.01592008460416872,,,0.7164299463897328,-0.06420200516161714,-0.034284029927776245,0.021785694995455816,0.6784313725490196,
severson,nasa,no_soh,random_forest,20,42,10,0.8667327871852877,0.9978946336184621,0.9594771241830066,10,131,arm_a,iso,0.6532593987271499,,,0.010071796871822466,0.021235583606354875,0.0631705476625829,0.0631705476625829,0.7164299463897328,-0.42028844783119446,-0.22443507313316366,3.895386070836937e-189,,0.875594593149802
severson,nasa,no_soh,random_forest,20,42,10,0.8667327871852877,0.9978946336184621,0.9594771241830066,10,131,arm_a,platt,0.7164299463897328,,,0.007313653642317941,0.020807302015258107,0.0,0.0,0.7164299463897328,0.0,0.0,1.0,,0.9999999894849677
severson,nasa,no_soh,random_forest,20,42,10,0.8667327871852877,0.9978946336184621,0.9594771241830066,10,131,arm_a,temp,0.7164299463897328,,,0.484178698830544,0.25499547290928787,0.0,0.0,0.7164299463897328,0.0,0.0,1.0,,0.9999999894740271
severson,nasa,no_soh,random_forest,20,123,10,0.8667327871852877,0.9978946336184621,0.9594771241830066,10,131,zeroshot,raw,0.7221771747079644,0.8598105067078203,0.13774656904703872,0.5312273193199609,0.304119099399855,,,0.7221771747079644,,,,,
severson,nasa,no_soh,random_forest,20,123,10,0.8667327871852877,0.9978946336184621,0.9594771241830066,10,131,arm_b,warmstart,0.7759180375986626,0.9415326580062843,0.1303560764457359,0.021962534290174023,0.020235211394581672,,,0.7221771747079644,0.37176600734979187,0.19491280350202045,8.453450642597844e-60,0.29281045751633983,
severson,nasa,no_soh,random_forest,20,123,10,0.8667327871852877,0.9978946336184621,0.9594771241830066,10,131,arm_a,iso,0.6701783442843726,,,0.010857103021524102,0.0209701836232958,0.05199883042359177,0.05199883042359177,0.7221771747079644,-0.3597150572880657,-0.18859462374659205,2.259388311355869e-81,,0.894922435814601
severson,nasa,no_soh,random_forest,20,123,10,0.8667327871852877,0.9978946336184621,0.9594771241830066,10,131,arm_a,platt,0.7221771747079644,,,0.010713252216271315,0.021004148726873142,0.0,0.0,0.7221771747079644,0.0,0.0,1.0,,0.9999999999773233
severson,nasa,no_soh,random_forest,20,123,10,0.8667327871852877,0.9978946336184621,0.9594771241830066,10,131,arm_a,temp,0.7221771747079644,,,0.48384996530386337,0.2549953582854271,0.0,0.0,0.7221771747079644,0.0,0.0,1.0,,0.9999999999773233
severson,nasa,no_soh,random_forest,20,456,10,0.8667327871852877,0.9978946336184621,0.9594771241830066,10,131,zeroshot,raw,0.7113767379590432,0.8543620267301915,0.14103365064009668,0.5314627757299173,0.3043130117975103,,,0.7113767379590432,,,,,
severson,nasa,no_soh,random_forest,20,456,10,0.8667327871852877,0.9978946336184621,0.9594771241830066,10,131,arm_b,warmstart,0.6886573077402846,0.9588528682757047,0.11226600528220551,0.012265825715092781,0.014432697498631972,,,0.7113767379590432,-0.14624104006193178,-0.07929497795057464,1.5603570989153985e-05,0.3516339869281046,
severson,nasa,no_soh,random_forest,20,456,10,0.8667327871852877,0.9978946336184621,0.9594771241830066,10,131,arm_a,iso,0.6432907317254115,,,0.012652564203134016,0.02091650077209541,0.0680860062336317,0.0680860062336317,0.7113767379590432,-0.43825783786814954,-0.23763264796054798,6.405841678309749e-203,,0.8721428232009854
severson,nasa,no_soh,random_forest,20,456,10,0.8667327871852877,0.9978946336184621,0.9594771241830066,10,131,arm_a,platt,0.7113767379590432,,,0.00874045949799502,0.021467293703237213,0.0,0.0,0.7113767379590432,0.0,0.0,1.0,,0.9999999999860757
severson,nasa,no_soh,random_forest,20,456,10,0.8667327871852877,0.9978946336184621,0.9594771241830066,10,131,arm_a,temp,0.7113767379590432,,,0.4840351218222215,0.255013873869224,0.0,0.0,0.7113767379590432,0.0,0.0,1.0,,0.9999999999758624
severson,nasa,no_soh,random_forest,20,789,10,0.8667327871852877,0.9978946336184621,0.9594771241830066,10,131,zeroshot,raw,0.7224295022364251,0.8546445409288289,0.14133260478821277,0.5294129867654385,0.30201373693544803,,,0.7224295022364251,,,,,
severson,nasa,no_soh,random_forest,20,789,10,0.8667327871852877,0.9978946336184621,0.9594771241830066,10,131,arm_b,warmstart,0.8377919375634213,0.9742314741056072,0.05719981718435035,0.010537911635048886,0.016258782119819213,,,0.7224295022364251,0.7994442771547281,0.41879142651634693,1.7808082750298824e-230,0.42875816993464055,
severson,nasa,no_soh,random_forest,20,789,10,0.8667327871852877,0.9978946336184621,0.9594771241830066,10,131,arm_a,iso,0.6493816669271152,,,0.011876564630062822,0.020890575615843305,0.07304783530930992,0.07304783530930992,0.7224295022364251,-0.5062104811764765,-0.26517997012115974,1.7676812566925077e-231,,0.8655810216651164
severson,nasa,no_soh,random_forest,20,789,10,0.8667327871852877,0.9978946336184621,0.9594771241830066,10,131,arm_a,platt,0.7224295022364251,,,0.013465224633623396,0.020927361392389977,0.0,0.0,0.7224295022364251,0.0,0.0,1.0,,0.9999999877170288
severson,nasa,no_soh,random_forest,20,789,10,0.8667327871852877,0.9978946336184621,0.9594771241830066,10,131,arm_a,temp,0.7224295022364251,,,0.4837847945837832,0.25480333488471335,0.0,0.0,0.7224295022364251,0.0,0.0,1.0,,0.9999999999905785
severson,nasa,no_soh,random_forest,20,101112,10,0.8667327871852877,0.9978946336184621,0.9594771241830066,10,131,zeroshot,raw,0.71282894429754,0.8539933885694299,0.14199581978671377,0.5316445951953852,0.30543019860617765,,,0.71282894429754,,,,,
severson,nasa,no_soh,random_forest,20,101112,10,0.8667327871852877,0.9978946336184621,0.9594771241830066,10,131,arm_b,warmstart,0.7228138299840795,0.8595145353834605,0.20381639143583274,0.01900030110428866,0.017398458279839615,,,0.71282894429754,0.06487742930384256,0.03502661337576383,0.009900311962061457,0.534640522875817,
severson,nasa,no_soh,random_forest,20,101112,10,0.8667327871852877,0.9978946336184621,0.9594771241830066,10,131,arm_a,iso,0.6599488904137868,,,0.015586306471963622,0.021950369785078378,0.052880053883753164,0.052880053883753164,0.71282894429754,-0.34359151072219873,-0.1855012927361514,2.6037735129587234e-83,,0.8607012976051428
severson,nasa,no_soh,random_forest,20,101112,10,0.8667327871852877,0.9978946336184621,0.9594771241830066,10,131,arm_a,platt,0.71282894429754,,,0.014692121109705107,0.021926468229569236,0.0,0.0,0.71282894429754,0.0,0.0,1.0,,0.9999999998271
severson,nasa,no_soh,random_forest,20,101112,10,0.8667327871852877,0.9978946336184621,0.9594771241830066,10,131,arm_a,temp,0.71282894429754,,,0.48311018093062974,0.2551138294805727,0.0,0.0,0.71282894429754,0.0,0.0,1.0,,0.9999999998126786
severson,nasa,no_soh,random_forest,20,123,20,0.8667327871852877,0.9978946336184621,0.9594771241830066,20,121,zeroshot,raw,0.7155377623667052,0.8655128073712554,0.10946463380544222,0.5289080185549131,0.3030370308191427,,,0.7155377623667052,,,,,
severson,nasa,no_soh,random_forest,20,123,20,0.8667327871852877,0.9978946336184621,0.9594771241830066,20,121,arm_b,warmstart,0.7657294952091861,0.8420406390182896,0.1347644863567887,0.036791680418948286,0.02665015652845483,,,0.7155377623667052,0.3319668282915096,0.1777599129072677,3.8196602389012663e-22,0.5359477124183007,
severson,nasa,no_soh,random_forest,20,123,20,0.8667327871852877,0.9978946336184621,0.9594771241830066,20,121,arm_a,iso,0.6470044388629581,,,0.015337319842021087,0.022604252849676248,0.06853332350374708,0.06853332350374708,0.7155377623667052,-0.4532776365226275,-0.24271880900196313,8.949379239779008e-185,,0.8667512108435315
severson,nasa,no_soh,random_forest,20,123,20,0.8667327871852877,0.9978946336184621,0.9594771241830066,20,121,arm_a,platt,0.7155377623667052,,,0.01708189507893228,0.02269627174594528,0.0,0.0,0.7155377623667052,0.0,0.0,1.0,,0.9999999999777386
severson,nasa,no_soh,random_forest,20,123,20,0.8667327871852877,0.9978946336184621,0.9594771241830066,20,121,arm_a,temp,0.7155377623667052,,,0.48220076404723017,0.2548943452753967,0.0,0.0,0.7155377623667052,0.0,0.0,1.0,,0.9999999887304982
severson,nasa,no_soh,random_forest,20,456,20,0.8667327871852877,0.9978946336184621,0.9594771241830066,20,121,zeroshot,raw,0.7152230057493069,0.8659940183792498,0.10834129541446544,0.5285852998998174,0.3025909015059294,,,0.7152230057493069,,,,,
severson,nasa,no_soh,random_forest,20,456,20,0.8667327871852877,0.9978946336184621,0.9594771241830066,20,121,arm_b,warmstart,0.7470458243236037,0.9626339016791614,0.08592913002496005,0.02140984384441069,0.01857689035069972,,,0.7152230057493069,0.2100380468685665,0.112578750170948,1.3095400108882316e-07,0.5437908496732027,
severson,nasa,no_soh,random_forest,20,456,20,0.8667327871852877,0.9978946336184621,0.9594771241830066,20,121,arm_a,iso,0.6438794151751426,,,0.013341135157330227,0.022325646341331586,0.0713435905741644,0.0713435905741644,0.7152230057493069,-0.4708843871199822,-0.25239034816464934,1.5282987116527851e-203,,0.8668901690233023
severson,nasa,no_soh,random_forest,20,456,20,0.8667327871852877,0.9978946336184621,0.9594771241830066,20,121,arm_a,platt,0.715223005749307,,,0.013747908253188182,0.022492712109378744,0.0,0.0,0.7152230057493069,7.327731675821023e-16,3.927606859571571e-16,1.0,,0.9999999839959058
severson,nasa,no_soh,random_forest,20,456,20,0.8667327871852877,0.9978946336184621,0.9594771241830066,20,121,arm_a,temp,0.715223005749307,,,0.4823528680030892,0.25484877952747986,0.0,0.0,0.7152230057493069,7.327731675821023e-16,3.927606859571571e-16,1.0,,0.9999999840236089
severson,nasa,no_soh,random_forest,20,789,20,0.8667327871852877,0.9978946336184621,0.9594771241830066,20,121,zeroshot,raw,0.7097065840832022,0.840892418638333,0.1450562212200629,0.5302381834730125,0.303521477439397,,,0.7097065840832022,,,,,
severson,nasa,no_soh,random_forest,20,789,20,0.8667327871852877,0.9978946336184621,0.9594771241830066,20,121,arm_b,warmstart,0.6998313203663916,0.8403982893733027,0.21994568844542942,0.018600799560707353,0.016578831281080245,,,0.7097065840832022,-0.06288927275653794,-0.03426673567046137,0.021077133553092063,0.6470588235294118,
severson,nasa,no_soh,random_forest,20,789,20,0.8667327871852877,0.9978946336184621,0.9594771241830066,20,121,arm_a,iso,0.6668942765589947,,,0.015876482456328046,0.02184113960842533,0.042812307524207505,0.042812307524207505,0.7097065840832022,-0.27264435284329247,-0.148556845411348,1.99757183528559e-128,,0.8873364097275513
severson,nasa,no_soh,random_forest,20,789,20,0.8667327871852877,0.9978946336184621,0.9594771241830066,20,121,arm_a,platt,0.7097065840832022,,,0.011124351898548442,0.021921605777283845,0.0,0.0,0.7097065840832022,0.0,0.0,1.0,,0.9999999999821975
severson,nasa,no_soh,random_forest,20,789,20,0.8667327871852877,0.9978946336184621,0.9594771241830066,20,121,arm_a,temp,0.7097065840832022,,,0.4834059057412873,0.2549396846535943,0.0,0.0,0.7097065840832022,0.0,0.0,1.0,,0.9999999887702524
severson,nasa,no_soh,random_forest,20,101112,20,0.8667327871852877,0.9978946336184621,0.9594771241830066,20,121,zeroshot,raw,0.7149395742796847,0.846275486161611,0.14290451746257396,0.5289736424144313,0.3029588390705923,,,0.7149395742796847,,,,,
severson,nasa,no_soh,random_forest,20,101112,20,0.8667327871852877,0.9978946336184621,0.9594771241830066,20,121,arm_b,warmstart,0.7060531452008207,0.8435094466139528,0.2136436887654994,0.022297871465045055,0.01940077666923602,,,0.7149395742796847,-0.05854299351572608,-0.031405796735460983,0.03299006000574317,0.530718954248366,
severson,nasa,no_soh,random_forest,20,101112,20,0.8667327871852877,0.9978946336184621,0.9594771241830066,20,121,arm_a,iso,0.6437461606784856,,,0.014476176213977395,0.022363187681800335,0.07119283331749471,0.07119283331749471,0.7149395742796847,-0.4690157895628233,-0.2516067879032353,1.750921534693476e-212,,0.8724416118160311
severson,nasa,no_soh,random_forest,20,101112,20,0.8667327871852877,0.9978946336184621,0.9594771241830066,20,121,arm_a,platt,0.7149395742796847,,,0.01599665268601731,0.022602597882585222,5.802837044210918e-07,5.802837044210918e-07,0.7149395742796847,0.0,0.0,1.0,,0.9999999999804747
severson,nasa,no_soh,random_forest,20,101112,20,0.8667327871852877,0.9978946336184621,0.9594771241830066,20,121,arm_a,temp,0.7149395742796847,,,0.4823917541150483,0.25488726770791065,5.802837044210918e-07,5.802837044210918e-07,0.7149395742796847,0.0,0.0,1.0,,0.9999999878022277
severson,nasa,no_soh,random_forest,20,42,40,0.8667327871852877,0.9978946336184621,0.9594771241830066,40,101,zeroshot,raw,0.6805025580015138,0.8475115253374609,0.15242603794780812,0.5330593013963664,0.30706176174134936,,,0.6805025580015138,,,,,
severson,nasa,no_soh,random_forest,20,42,40,0.8667327871852877,0.9978946336184621,0.9594771241830066,40,101,arm_b,warmstart,0.863773241723836,0.9843083161111935,0.025324900389677565,0.010864345563354699,0.014622728252388965,,,0.6805025580015138,0.9841081360720917,0.5774267784287925,0.0,0.35163398692810455,
severson,nasa,no_soh,random_forest,20,42,40,0.8667327871852877,0.9978946336184621,0.9594771241830066,40,101,arm_a,iso,0.6727783322137277,,,0.007361055826595864,0.022343181423282017,0.00772422578778631,0.00772422578778631,0.6805025580015138,-0.04147675606500889,-0.024336542658702803,2.7135123413294007e-08,,0.9646960339050553
severson,nasa,no_soh,random_forest,20,42,40,0.8667327871852877,0.9978946336184621,0.9594771241830066,40,101,arm_a,platt,0.680502558001514,,,0.005580640965560071,0.022498643330229624,0.0,0.0,0.6805025580015138,1.1923123646371905e-15,6.995908908356326e-16,1.0,,0.9999999998364023
severson,nasa,no_soh,random_forest,20,42,40,0.8667327871852877,0.9978946336184621,0.9594771241830066,40,101,arm_a,temp,0.6805025580015139,,,0.4833019279993374,0.2552676233157676,1.1102230246251565e-16,1.1102230246251565e-16,0.6805025580015138,5.961561823185952e-16,3.497954454178163e-16,1.0,,0.9999999998371639
severson,nasa,no_soh,random_forest,20,123,40,0.8667327871852877,0.9978946336184621,0.9594771241830066,40,101,zeroshot,raw,0.6921811993856517,0.8580554082637752,0.10958143047599082,0.5289252472403138,0.30517317722480475,,,0.6921811993856517,,,,,
severson,nasa,no_soh,random_forest,20,123,40,0.8667327871852877,0.9978946336184621,0.9594771241830066,40,101,arm_b,warmstart,0.8192732646246192,0.9716821723391115,0.05851804411195553,0.013654327461154905,0.016609813920969312,,,0.6921811993856517,0.7281060392578829,0.41572286660514546,2.529749214002783e-215,0.5215686274509804,
severson,nasa,no_soh,random_forest,20,123,40,0.8667327871852877,0.9978946336184621,0.9594771241830066,40,101,arm_a,iso,0.644552524569649,,,0.01260452205821334,0.02459187874619176,0.04762811582577953,0.04762811582577953,0.6921811993856517,-0.2728630281534573,-0.15579516463032506,7.436496768887579e-122,,0.893512031283597
severson,nasa,no_soh,random_forest,20,123,40,0.8667327871852877,0.9978946336184621,0.9594771241830066,40,101,arm_a,platt,0.6921811993856517,,,0.014178640577751828,0.02498743547806219,5.589902232205901e-07,5.589902232205901e-07,0.6921811993856517,0.0,0.0,1.0,,0.99999995755396
severson,nasa,no_soh,random_forest,20,123,40,0.8667327871852877,0.9978946336184621,0.9594771241830066,40,101,arm_a,temp,0.6921811993856517,,,0.4802681267829272,0.2550889466052026,5.589902232205901e-07,5.589902232205901e-07,0.6921811993856517,0.0,0.0,1.0,,0.9999999893857946
severson,nasa,no_soh,random_forest,20,456,40,0.8667327871852877,0.9978946336184621,0.9594771241830066,40,101,zeroshot,raw,0.700166791778296,0.8459455332527293,0.14776585742404952,0.5263868891277713,0.3008922514563596,,,0.700166791778296,,,,,
severson,nasa,no_soh,random_forest,20,456,40,0.8667327871852877,0.9978946336184621,0.9594771241830066,40,101,arm_b,warmstart,0.7964452870560685,0.95305690893998,0.08537221883261709,0.01421698306439839,0.01589342225745192,,,0.700166791778296,0.5780201117432353,0.3233775339340257,5.247756433445684e-113,0.1503267973856209,
severson,nasa,no_soh,random_forest,20,456,40,0.8667327871852877,0.9978946336184621,0.9594771241830066,40,101,arm_a,iso,0.6512613951325384,,,0.013668482156013748,0.023032204901689876,0.04890474025167568,0.04890474025167568,0.700166791778296,-0.29360972824171483,-0.16426208695662464,2.1734298867118362e-132,,0.8866425858209007
severson,nasa,no_soh,random_forest,20,456,40,0.8667327871852877,0.9978946336184621,0.9594771241830066,40,101,arm_a,platt,0.7001661353842141,,,0.014021560179642293,0.022997985143133694,0.0,0.0,0.700166791778296,-3.940744809660388e-06,-2.204678198078636e-06,0.31826561354711,,0.9999999317203082
severson,nasa,no_soh,random_forest,20,456,40,0.8667327871852877,0.9978946336184621,0.9594771241830066,40,101,arm_a,temp,0.700166791778296,,,0.4814910405874818,0.25469878542441887,6.563940818660186e-07,6.563940818660186e-07,0.700166791778296,0.0,0.0,1.0,,0.9999999860316326
severson,nasa,no_soh,random_forest,20,789,40,0.8667327871852877,0.9978946336184621,0.9594771241830066,40,101,zeroshot,raw,0.825421541940531,0.8504019551757027,0.1560125968460388,0.5398502008336127,0.3042652976950545,,,0.825421541940531,,,,,
severson,nasa,no_soh,random_forest,20,789,40,0.8667327871852877,0.9978946336184621,0.9594771241830066,40,101,arm_b,warmstart,0.9191281697065798,0.9879790035000555,0.022035303810785282,0.023248823294312167,0.012604844003364096,,,0.825421541940531,2.2683079924331806,0.543311578950719,1.0189798871610105e-89,0.36209150326797385,
severson,nasa,no_soh,random_forest,20,789,40,0.8667327871852877,0.9978946336184621,0.9594771241830066,40,101,arm_a,iso,0.7577653427271291,,,0.03232711791895336,0.01326172484794243,0.06765619921340182,0.06765619921340182,0.825421541940531,-1.6377187086121268,-0.39227104097919296,2.3320861295828045e-167,,0.9228303517175628
severson,nasa,no_soh,random_forest,20,789,40,0.8667327871852877,0.9978946336184621,0.9594771241830066,40,101,arm_a,platt,0.825421541940531,,,0.03189906223017715,0.012611125362840259,0.0,0.0,0.825421541940531,0.0,0.0,1.0,,0.9999999999638841
severson,nasa,no_soh,random_forest,20,789,40,0.8667327871852877,0.9978946336184621,0.9594771241830066,40,101,arm_a,temp,0.825421541940531,,,0.49369865779007804,0.25502167692863154,0.0,0.0,0.825421541940531,0.0,0.0,1.0,,0.9999999861960583
severson,nasa,no_soh,random_forest,20,101112,40,0.8667327871852877,0.9978946336184621,0.9594771241830066,40,101,zeroshot,raw,0.6916408801327085,0.8430018306057555,0.154610450986247,0.5292895836318945,0.30373085831196645,,,0.6916408801327085,,,,,
severson,nasa,no_soh,random_forest,20,101112,40,0.8667327871852877,0.9978946336184621,0.9594771241830066,40,101,arm_b,warmstart,0.81431853722542,0.9650189168001712,0.09506774485574378,0.011541908654474036,0.014803140644314617,,,0.6916408801327085,0.700647215270047,0.4005751952307689,1.8581474971356834e-220,0.31633986928104574,
severson,nasa,no_soh,random_forest,20,101112,40,0.8667327871852877,0.9978946336184621,0.9594771241830066,40,101,arm_a,iso,0.6674386904705303,,,0.009020550167062474,0.022603278989103397,0.02420154877940628,0.02420154877940628,0.6916408801327085,-0.138225632866689,-0.07902658950857264,3.659405399288404e-54,,0.9360836884046162
severson,nasa,no_soh,random_forest,20,101112,40,0.8667327871852877,0.9978946336184621,0.9594771241830066,40,101,arm_a,platt,0.6916402392499366,,,0.011049299062429465,0.023102138371274804,0.0,0.0,0.6916408801327085,-3.6602649588503403e-06,-2.09265279092375e-06,0.318375859440613,,0.9999999752036431
severson,nasa,no_soh,random_forest,20,101112,40,0.8667327871852877,0.9978946336184621,0.9594771241830066,40,101,arm_a,temp,0.6916408801327085,,,0.48215486233362503,0.2549600334150704,6.408827719628363e-07,6.408827719628363e-07,0.6916408801327085,0.0,0.0,1.0,,0.9999999999737335
severson,calce,no_soh,xgboost,20,0,0,0.8943290572254448,0.9997242245758913,0.9971308761862724,0,141,zeroshot,raw,0.6847572453396483,,,0.8598672741526432,0.8409938216209412,,,0.6847572453396483,,,,,
severson,calce,no_soh,xgboost,20,0,-1,0.8943290572254448,0.9997242245758913,0.9971308761862724,141,141,retrain_lfp,full,0.9997242245758913,,,0.002768598620208601,0.0013581515522673726,,,0.6847572453396483,,,,,
severson,calce,no_soh,xgboost,20,123,5,0.8943290572254448,0.9997242245758913,0.9971308761862724,5,136,zeroshot,raw,0.6838957137492624,0.8088638066896319,0.08243547896890144,0.8603475631466971,0.841590940952301,,,0.6838957137492624,,,,,
severson,calce,no_soh,xgboost,20,123,5,0.8943290572254448,0.9997242245758913,0.9971308761862724,5,136,arm_b,warmstart,0.7857921668232731,0.862587961731455,0.24772457297756575,0.015565571674045901,0.017118874937295914,,,0.6838957137492624,0.4842219934862355,0.32263221837481876,2.2883440549968633e-114,0.9954480247186052,
severson,calce,no_soh,xgboost,20,123,5,0.8943290572254448,0.9997242245758913,0.9971308761862724,5,136,arm_a,iso,0.6838957137492624,,,0.007081393756885365,0.020428085699677467,0.0,0.0,0.6838957137492624,0.0,0.0,1.0,,0.9679344423881745
severson,calce,no_soh,xgboost,20,123,5,0.8943290572254448,0.9997242245758913,0.9971308761862724,5,136,arm_a,platt,0.6838957137492624,,,0.007824355409462289,0.020589565858244896,0.0,0.0,0.6838957137492624,0.0,0.0,1.0,,0.9999999999999999
severson,calce,no_soh,xgboost,20,123,5,0.8943290572254448,0.9997242245758913,0.9971308761862724,5,136,arm_a,temp,0.6838957137492624,,,0.6331412327689977,0.4277029922062418,0.0,0.0,0.6838957137492624,0.0,0.0,1.0,,0.9999999999999999
severson,calce,no_soh,xgboost,20,456,5,0.8943290572254448,0.9997242245758913,0.9971308761862724,5,136,zeroshot,raw,0.6858763147890001,0.809503956550616,0.08392778137163566,0.858996679283969,0.8400077819824219,,,0.6858763147890001,,,,,
severson,calce,no_soh,xgboost,20,456,5,0.8943290572254448,0.9997242245758913,0.9971308761862724,5,136,arm_b,warmstart,0.7518211912274473,0.8319754645081754,0.1617456391211353,0.02080348665231935,0.020169595256447792,,,0.6858763147890001,0.3163540842287223,0.21011730326075778,1.7833317049295505e-37,0.04180460531155741,
severson,calce,no_soh,xgboost,20,456,5,0.8943290572254448,0.9997242245758913,0.9971308761862724,5,136,arm_a,iso,0.6858763147890001,,,0.004287632129514458,0.02025676891207695,0.0,0.0,0.6858763147890001,0.0,0.0,1.0,,0.9670738306555432
severson,calce,no_soh,xgboost,20,456,5,0.8943290572254448,0.9997242245758913,0.9971308761862724,5,136,arm_a,platt,0.6858763147890001,,,0.003350062243068459,0.020401928573846817,0.0,0.0,0.6858763147890001,0.0,0.0,1.0,,0.9999999999999999
severson,calce,no_soh,xgboost,20,456,5,0.8943290572254448,0.9997242245758913,0.9971308761862724,5,136,arm_a,temp,0.6858763147890001,,,0.6326212145983865,0.4269812234312649,0.0,0.0,0.6858763147890001,0.0,0.0,1.0,,0.9999999999999999
severson,calce,no_soh,xgboost,20,789,5,0.8943290572254448,0.9997242245758913,0.9971308761862724,5,136,zeroshot,raw,0.6853836223628501,0.8147884792614486,0.07783671192302229,0.8590555133975342,0.8401225805282593,,,0.6853836223628501,,,,,
severson,calce,no_soh,xgboost,20,789,5,0.8943290572254448,0.9997242245758913,0.9971308761862724,5,136,arm_b,warmstart,0.5608599159823584,0.5138065246943033,0.17776120520487335,0.04453394939879113,0.04097800329327583,,,0.6853836223628501,-0.5959627998686843,-0.3961426093346256,9.280264848866917e-203,0.035845655852276906,
severson,calce,no_soh,xgboost,20,789,5,0.8943290572254448,0.9997242245758913,0.9971308761862724,5,136,arm_a,iso,0.6853836223628502,,,0.010895010921982327,0.02067883126437664,1.1102230246251565e-16,1.1102230246251565e-16,0.6853836223628501,5.313459111251961e-16,3.531910980665215e-16,1.0,,0.9673099322970713
severson,calce,no_soh,xgboost,20,789,5,0.8943290572254448,0.9997242245758913,0.9971308761862724,5,136,arm_a,platt,0.6853836223628501,,,0.010610400605824986,0.020797237753868103,0.0,0.0,0.6853836223628501,0.0,0.0,1.0,,1.0
severson,calce,no_soh,xgboost,20,789,5,0.8943290572254448,0.9997242245758913,0.9971308761862724,5,136,arm_a,temp,0.6853836223628501,,,0.6324972375619473,0.42705477201049885,0.0,0.0,0.6853836223628501,0.0,0.0,1.0,,1.0
severson,calce,no_soh,xgboost,20,101112,5,0.8943290572254448,0.9997242245758913,0.9971308761862724,5,136,zeroshot,raw,0.6837555593338642,0.8110685735503684,0.0836321781983282,0.8663340114522438,0.8474290370941162,,,0.6837555593338642,,,,,
severson,calce,no_soh,xgboost,20,101112,5,0.8943290572254448,0.9997242245758913,0.9971308761862724,5,136,arm_b,warmstart,0.7853623357051701,0.9555426488342804,0.09890858148337285,0.16406825907001732,0.15603947639465332,,,0.6837555593338642,0.4825240468941675,0.3215723188673683,0.0,0.9957422938277054,
severson,calce,no_soh,xgboost,20,101112,5,0.8943290572254448,0.9997242245758913,0.9971308761862724,5,136,arm_a,iso,0.6837555593338642,,,0.17538959748428407,0.06205126643180847,0.0,0.0,0.6837555593338642,0.0,0.0,1.0,,0.967439158840108
severson,calce,no_soh,xgboost,20,101112,5,0.8943290572254448,0.9997242245758913,0.9971308761862724,5,136,arm_a,platt,0.6837555593338642,,,0.1754657732621466,0.0608760230243206,0.0,0.0,0.6837555593338642,0.0,0.0,1.0,,0.9952452842446823
severson,calce,no_soh,xgboost,20,101112,5,0.8943290572254448,0.9997242245758913,0.9971308761862724,5,136,arm_a,temp,0.6837555593338642,,,0.6396617288129556,0.4301105911597001,0.0,0.0,0.6837555593338642,0.0,0.0,1.0,,1.0
severson,calce,no_soh,xgboost,20,42,10,0.8943290572254448,0.9997242245758913,0.9971308761862724,10,131,zeroshot,raw,0.6823846863468634,0.8079829934925465,0.08442060234128207,0.8609878446354586,0.8423534631729126,,,0.6823846863468634,,,,,
severson,calce,no_soh,xgboost,20,42,10,0.8943290572254448,0.9997242245758913,0.9971308761862724,10,131,arm_b,warmstart,0.7076219499711003,0.8898308124787552,0.22804884641192497,0.012055044567040431,0.015286250039935112,,,0.6823846863468634,0.11907494178599705,0.07952763706999157,2.795955334099013e-05,0.9947675274038107,
severson,calce,no_soh,xgboost,20,42,10,0.8943290572254448,0.9997242245758913,0.9971308761862724,10,131,arm_a,iso,0.6823846863468634,,,0.003974719077523496,0.020485462620854378,0.0,0.0,0.6823846863468634,0.0,0.0,1.0,,0.9685823576264974
severson,calce,no_soh,xgboost,20,42,10,0.8943290572254448,0.9997242245758913,0.9971308761862724,10,131,arm_a,platt,0.6823846863468634,,,0.004093103215273168,0.020504610612988472,0.0,0.0,0.6823846863468634,0.0,0.0,1.0,,0.997223505418778
severson,calce,no_soh,xgboost,20,42,10,0.8943290572254448,0.9997242245758913,0.9971308761862724,10,131,arm_a,temp,0.6823846863468634,,,0.6334095622840754,0.42812299345546767,0.0,0.0,0.6823846863468634,0.0,0.0,1.0,,1.0
severson,calce,no_soh,xgboost,20,123,10,0.8943290572254448,0.9997242245758913,0.9971308761862724,10,131,zeroshot,raw,0.6837478160663172,0.8124751476184479,0.08195210868999757,0.859791565891381,0.8410261869430542,,,0.6837478160663172,,,,,
severson,calce,no_soh,xgboost,20,123,10,0.8943290572254448,0.9997242245758913,0.9971308761862724,10,131,arm_b,warmstart,0.6558008024944002,0.8899662213023936,0.1790796391718911,0.03664301395828261,0.031172163784503937,,,0.6837478160663172,-0.1327136900613031,-0.08844651948460318,0.00011088789405177283,0.9946020010299419,
severson,calce,no_soh,xgboost,20,123,10,0.8943290572254448,0.9997242245758913,0.9971308761862724,10,131,arm_a,iso,0.6837478160663173,,,0.010068655766088178,0.02093384601175785,1.1102230246251565e-16,1.1102230246251565e-16,0.6837478160663172,5.272183877889706e-16,3.5136263174265327e-16,1.0,,0.9680338751713322
severson,calce,no_soh,xgboost,20,123,10,0.8943290572254448,0.9997242245758913,0.9971308761862724,10,131,arm_a,platt,0.6837478160663172,,,0.010427954427439382,0.02108105458319187,0.0,0.0,0.6837478160663172,0.0,0.0,1.0,,1.0
severson,calce,no_soh,xgboost,20,123,10,0.8943290572254448,0.9997242245758913,0.9971308761862724,10,131,arm_a,temp,0.6837478160663172,,,0.6326826641583864,0.4275159485419392,0.0,0.0,0.6837478160663172,0.0,0.0,1.0,,1.0
severson,calce,no_soh,xgboost,20,456,10,0.8943290572254448,0.9997242245758913,0.9971308761862724,10,131,zeroshot,raw,0.6858624223222931,0.8114412670828791,0.08000176290054943,0.8586077933847805,0.8396233320236206,,,0.6858624223222931,,,,,
severson,calce,no_soh,xgboost,20,456,10,0.8943290572254448,0.9997242245758913,0.9971308761862724,10,131,arm_b,warmstart,0.6851605574170547,0.967312634204968,0.11061325321381843,0.013410020752610946,0.01484006643295288,,,0.6858624223222931,-0.00336679730818531,-0.002236222758547976,0.9310714775159881,0.9965791216067094,
severson,calce,no_soh,xgboost,20,456,10,0.8943290572254448,0.9997242245758913,0.9971308761862724,10,131,arm_a,iso,0.6858624223222931,,,0.007393122538515651,0.02068985626101494,0.0,0.0,0.6858624223222931,0.0,0.0,1.0,,0.9671129435641184
severson,calce,no_soh,xgboost,20,456,10,0.8943290572254448,0.9997242245758913,0.9971308761862724,10,131,arm_a,platt,0.6858624223222932,,,0.007128808535226905,0.020780427381396294,1.1102230246251565e-16,1.1102230246251565e-16,0.6858624223222931,5.325662905917478e-16,3.5372989534040334e-16,1.0,,0.9996419356528212
severson,calce,no_soh,xgboost,20,456,10,0.8943290572254448,0.9997242245758913,0.9971308761862724,10,131,arm_a,temp,0.6858624223222931,,,0.6322344762534604,0.4268338460061505,0.0,0.0,0.6858624223222931,0.0,0.0,1.0,,0.9999999999999999
severson,calce,no_soh,xgboost,20,789,10,0.8943290572254448,0.9997242245758913,0.9971308761862724,10,131,zeroshot,raw,0.6856200007510609,0.8115177241460656,0.08028001411881787,0.8587084419913871,0.8397504091262817,,,0.6856200007510609,,,,,
severson,calce,no_soh,xgboost,20,789,10,0.8943290572254448,0.9997242245758913,0.9971308761862724,10,131,arm_b,warmstart,0.8735156553793524,0.9709727492014879,0.06037270630432637,0.021647793542846277,0.02138478308916092,,,0.6856200007510609,0.900275521351672,0.5981952497814137,0.0,0.9969469579930847,
severson,calce,no_soh,xgboost,20,789,10,0.8943290572254448,0.9997242245758913,0.9971308761862724,10,131,arm_a,iso,0.6856200007510609,,,0.007935601011517041,0.020743651315569878,0.0,0.0,0.6856200007510609,0.0,0.0,1.0,,0.9672212978201509
severson,calce,no_soh,xgboost,20,789,10,0.8943290572254448,0.9997242245758913,0.9971308761862724,10,131,arm_a,platt,0.6856200007510609,,,0.007637460440995687,0.020892290398478508,0.0,0.0,0.6856200007510609,0.0,0.0,1.0,,1.0
severson,calce,no_soh,xgboost,20,789,10,0.8943290572254448,0.9997242245758913,0.9971308761862724,10,131,arm_a,temp,0.6856200007510609,,,0.6322609401146363,0.42690050879052316,0.0,0.0,0.6856200007510609,0.0,0.0,1.0,,1.0
severson,calce,no_soh,xgboost,20,101112,10,0.8943290572254448,0.9997242245758913,0.9971308761862724,10,131,zeroshot,raw,0.6899883719812798,0.8087998485809021,0.08368973780603764,0.8550259816806101,0.8356440663337708,,,0.6899883719812798,,,,,
severson,calce,no_soh,xgboost,20,101112,10,0.8943290572254448,0.9997242245758913,0.9971308761862724,10,131,arm_b,warmstart,0.7237419109621441,0.7575144216653326,0.15290074544472992,0.039131015464717485,0.05755128338932991,,,0.6899883719812798,0.16518266511895313,0.10897524034791549,7.2728097739700974e-09,0.05042117266239976,
severson,calce,no_soh,xgboost,20,101112,10,0.8943290572254448,0.9997242245758913,0.9971308761862724,10,131,arm_a,iso,0.6899883719812798,,,0.01725325741913983,0.022046884521842003,0.0,0.0,0.6899883719812798,0.0,0.0,1.0,,0.9653850974061724
severson,calce,no_soh,xgboost,20,101112,10,0.8943290572254448,0.9997242245758913,0.9971308761862724,10,131,arm_a,platt,0.6899883719812798,,,0.016626701775164097,0.02210976928472519,0.0,0.0,0.6899883719812798,0.0,0.0,1.0,,1.0
severson,calce,no_soh,xgboost,20,101112,10,0.8943290572254448,0.9997242245758913,0.9971308761862724,10,131,arm_a,temp,0.6899883719812798,,,0.6300284588909155,0.42500431079576606,0.0,0.0,0.6899883719812798,0.0,0.0,1.0,,1.0
severson,calce,no_soh,xgboost,20,123,20,0.8943290572254448,0.9997242245758913,0.9971308761862724,20,121,zeroshot,raw,0.6860031199339308,0.8119979788937307,0.0786897116564677,0.8568551048457584,0.837881326675415,,,0.6860031199339308,,,,,
severson,calce,no_soh,xgboost,20,123,20,0.8943290572254448,0.9997242245758913,0.9971308761862724,20,121,arm_b,warmstart,0.7703747451408571,0.9429247077574903,0.10727995669570715,0.028905087871544447,0.028438789770007133,,,0.6860031199339308,0.40499817883389,0.2689383148233424,5.727397291171283e-49,0.9952733024350768,
severson,calce,no_soh,xgboost,20,123,20,0.8943290572254448,0.9997242245758913,0.9971308761862724,20,121,arm_a,iso,0.6860031199339308,,,0.015581089135743072,0.02261425368487835,0.0,0.0,0.6860031199339308,0.0,0.0,1.0,,0.9671959480912189
severson,calce,no_soh,xgboost,20,123,20,0.8943290572254448,0.9997242245758913,0.9971308761862724,20,121,arm_a,platt,0.6860031199339308,,,0.015471814729757002,0.022715136408805847,0.0,0.0,0.6860031199339308,0.0,0.0,1.0,,1.0
severson,calce,no_soh,xgboost,20,123,20,0.8943290572254448,0.9997242245758913,0.9971308761862724,20,121,arm_a,temp,0.6860031199339308,,,0.6305102459807999,0.42614018094109646,0.0,0.0,0.6860031199339308,0.0,0.0,1.0,,1.0
severson,calce,no_soh,xgboost,20,456,20,0.8943290572254448,0.9997242245758913,0.9971308761862724,20,121,zeroshot,raw,0.6906603398900478,0.8135854266919501,0.07777030612694563,0.8540424119171274,0.8345922231674194,,,0.6906603398900478,,,,,
severson,calce,no_soh,xgboost,20,456,20,0.8943290572254448,0.9997242245758913,0.9971308761862724,20,121,arm_b,warmstart,0.723919960019987,0.9592065900025515,0.09186176419151289,0.013272662434346034,0.015225975774228573,,,0.6906603398900478,0.1633025462382033,0.10761406226336305,1.1003268188004932e-05,0.9971308761862723,
severson,calce,no_soh,xgboost,20,456,20,0.8943290572254448,0.9997242245758913,0.9971308761862724,20,121,arm_a,iso,0.6906603398900479,,,0.013293642722862245,0.022314587607979774,1.1102230246251565e-16,1.1102230246251565e-16,0.6906603398900478,5.451121994335865e-16,3.5922120947702237e-16,1.0,,0.9651268606923589
severson,calce,no_soh,xgboost,20,456,20,0.8943290572254448,0.9997242245758913,0.9971308761862724,20,121,arm_a,platt,0.6906603398900478,,,0.012700055898027899,0.022419171407818794,0.0,0.0,0.6906603398900478,0.0,0.0,1.0,,1.0
severson,calce,no_soh,xgboost,20,456,20,0.8943290572254448,0.9997242245758913,0.9971308761862724,20,121,arm_a,temp,0.6906603398900478,,,0.6293345583044856,0.4245632768616934,0.0,0.0,0.6906603398900478,0.0,0.0,1.0,,1.0
severson,calce,no_soh,xgboost,20,789,20,0.8943290572254448,0.9997242245758913,0.9971308761862724,20,121,zeroshot,raw,0.6840668765387254,0.7985977271805044,0.08320273498526493,0.8591543636510741,0.8403533101081848,,,0.6840668765387254,,,,,
severson,calce,no_soh,xgboost,20,789,20,0.8943290572254448,0.9997242245758913,0.9971308761862724,20,121,arm_b,warmstart,0.6959431034161664,0.8949535972675543,0.18926799237556446,0.023425430454373827,0.028313305228948593,,,0.6840668765387254,0.05648294352628235,0.03762379349408531,0.05947548244143104,0.0908188037960715,
severson,calce,no_soh,xgboost,20,789,20,0.8943290572254448,0.9997242245758913,0.9971308761862724,20,121,arm_a,iso,0.6840668765387254,,,0.007515909599318142,0.021220242604613304,0.0,0.0,0.6840668765387254,0.0,0.0,1.0,,0.9679288645673609
severson,calce,no_soh,xgboost,20,789,20,0.8943290572254448,0.9997242245758913,0.9971308761862724,20,121,arm_a,platt,0.6840668765387254,,,0.007707204187466736,0.021384848281741142,0.0,0.0,0.6840668765387254,0.0,0.0,1.0,,1.0
severson,calce,no_soh,xgboost,20,789,20,0.8943290572254448,0.9997242245758913,0.9971308761862724,20,121,arm_a,temp,0.6840668765387254,,,0.6322041278656478,0.4272437317211687,0.0,0.0,0.6840668765387254,0.0,0.0,1.0,,1.0
severson,calce,no_soh,xgboost,20,101112,20,0.8943290572254448,0.9997242245758913,0.9971308761862724,20,121,zeroshot,raw,0.6860833996368606,0.8040429670455106,0.08356505477445741,0.8569885451482276,0.8380024433135986,,,0.6860833996368606,,,,,
severson,calce,no_soh,xgboost,20,101112,20,0.8943290572254448,0.9997242245758913,0.9971308761862724,20,121,arm_b,warmstart,0.6773493495015225,0.8416105532292709,0.17415366334094776,0.029784691136093173,0.03719865903258324,,,0.6860833996368606,-0.041941091288411655,-0.02784729997134765,0.17438503140925576,0.07816523210475981,
severson,calce,no_soh,xgboost,20,101112,20,0.8943290572254448,0.9997242245758913,0.9971308761862724,20,121,arm_a,iso,0.6860833996368607,,,0.014183502460278668,0.022359555587172508,1.1102230246251565e-16,1.1102230246251565e-16,0.6860833996368606,5.331314167513369e-16,3.539791176231523e-16,1.0,,0.9671445420479955
severson,calce,no_soh,xgboost,20,101112,20,0.8943290572254448,0.9997242245758913,0.9971308761862724,20,121,arm_a,platt,0.6860833996368606,,,0.01406669691429297,0.02246587909758091,0.0,0.0,0.6860833996368606,0.0,0.0,1.0,,1.0
severson,calce,no_soh,xgboost,20,101112,20,0.8943290572254448,0.9997242245758913,0.9971308761862724,20,121,arm_a,temp,0.6860833996368606,,,0.6306806031185519,0.4261844477867054,0.0,0.0,0.6860833996368606,0.0,0.0,1.0,,1.0
severson,calce,no_soh,xgboost,20,42,40,0.8943290572254448,0.9997242245758913,0.9971308761862724,40,101,zeroshot,raw,0.6806805616654975,0.8035695807083192,0.08223796870353396,0.8608113346831396,0.8423503637313843,,,0.6806805616654975,,,,,
severson,calce,no_soh,xgboost,20,42,40,0.8943290572254448,0.9997242245758913,0.9971308761862724,40,101,arm_b,warmstart,0.763264189638397,0.8624639569454277,0.22877184370350886,0.01586207486909938,0.016368379816412926,,,0.6806805616654975,0.386539712140063,0.2588474167440018,1.0019425455428918e-39,0.05754340469359229,
severson,calce,no_soh,xgboost,20,42,40,0.8943290572254448,0.9997242245758913,0.9971308761862724,40,101,arm_a,iso,0.6806805616654975,,,0.0048051278912220295,0.02158403769135475,0.0,0.0,0.6806805616654975,0.0,0.0,1.0,,0.9693801946912401
severson,calce,no_soh,xgboost,20,42,40,0.8943290572254448,0.9997242245758913,0.9971308761862724,40,101,arm_a,platt,0.6806805616654975,,,0.005368293064156562,0.021765395998954773,0.0,0.0,0.6806805616654975,0.0,0.0,1.0,,0.9999999999999998
severson,calce,no_soh,xgboost,20,42,40,0.8943290572254448,0.9997242245758913,0.9971308761862724,40,101,arm_a,temp,0.6806805616654975,,,0.6327655310617618,0.42827101500569575,0.0,0.0,0.6806805616654975,0.0,0.0,1.0,,0.9999999999999998
severson,calce,no_soh,xgboost,20,123,40,0.8943290572254448,0.9997242245758913,0.9971308761862724,40,101,zeroshot,raw,0.6894012147819254,0.8090951910237734,0.07918088346136448,0.8524895933758736,0.8331876397132874,,,0.6894012147819254,,,,,
severson,calce,no_soh,xgboost,20,123,40,0.8943290572254448,0.9997242245758913,0.9971308761862724,40,101,arm_b,warmstart,0.6483913298212117,0.8801522463974399,0.1918487309737077,0.023776346302540417,0.024428026750683784,,,0.6894012147819254,-0.2001186587030823,-0.1321522531891578,2.3832457164069165e-08,0.05858714043993232,
severson,calce,no_soh,xgboost,20,123,40,0.8943290572254448,0.9997242245758913,0.9971308761862724,40,101,arm_a,iso,0.6894012147819255,,,0.015107117845690042,0.02457963302731514,1.1102230246251565e-16,1.1102230246251565e-16,0.6894012147819254,5.417629012178507e-16,3.5776368157884e-16,1.0,,0.9658932403349006
severson,calce,no_soh,xgboost,20,123,40,0.8943290572254448,0.9997242245758913,0.9971308761862724,40,101,arm_a,platt,0.6894012147819254,,,0.014857450752532274,0.024735573679208755,0.0,0.0,0.6894012147819254,0.0,0.0,1.0,,1.0
severson,calce,no_soh,xgboost,20,123,40,0.8943290572254448,0.9997242245758913,0.9971308761862724,40,101,arm_a,temp,0.6894012147819254,,,0.6274072392134991,0.424110519252321,0.0,0.0,0.6894012147819254,0.0,0.0,1.0,,1.0
severson,calce,no_soh,xgboost,20,456,40,0.8943290572254448,0.9997242245758913,0.9971308761862724,40,101,zeroshot,raw,0.6818295099865895,0.8034764564615068,0.08870724309473607,0.8597400743745552,0.8412615656852722,,,0.6818295099865895,,,,,
severson,calce,no_soh,xgboost,20,456,40,0.8943290572254448,0.9997242245758913,0.9971308761862724,40,101,arm_b,warmstart,0.6115845783728757,0.8146398898814567,0.27666994202577033,0.01754540154914387,0.018335586413741112,,,0.6818295099865895,-0.3305650883799607,-0.22096917120646523,5.258508596358527e-22,0.10762892665342458,
severson,calce,no_soh,xgboost,20,456,40,0.8943290572254448,0.9997242245758913,0.9971308761862724,40,101,arm_a,iso,0.6818295099865896,,,0.009861613004819178,0.022859152406454086,1.1102230246251565e-16,1.1102230246251565e-16,0.6818295099865895,5.22459007113665e-16,3.4924236663056474e-16,1.0,,0.9690015974888408
severson,calce,no_soh,xgboost,20,456,40,0.8943290572254448,0.9997242245758913,0.9971308761862724,40,101,arm_a,platt,0.6818295099865895,,,0.010001187525109076,0.022894294932484627,0.0,0.0,0.6818295099865895,0.0,0.0,1.0,,0.998274090973149
severson,calce,no_soh,xgboost,20,456,40,0.8943290572254448,0.9997242245758913,0.9971308761862724,40,101,arm_a,temp,0.6818295099865895,,,0.6314176468775583,0.42761029316776134,0.0,0.0,0.6818295099865895,0.0,0.0,1.0,,1.0
severson,calce,no_soh,xgboost,20,789,40,0.8943290572254448,0.9997242245758913,0.9971308761862724,40,101,zeroshot,raw,0.6797170256991685,0.8060311564814284,0.0876027206116739,0.8711033993847691,0.8525586724281311,,,0.6797170256991685,,,,,
severson,calce,no_soh,xgboost,20,789,40,0.8943290572254448,0.9997242245758913,0.9971308761862724,40,101,arm_b,warmstart,0.9385680038298845,0.9738307118384081,0.04848688545130455,0.014234329979683127,0.01275949738919735,,,0.6797170256991685,1.2061345130085275,0.8088911094479279,0.0,0.6820054439785184,
severson,calce,no_soh,xgboost,20,789,40,0.8943290572254448,0.9997242245758913,0.9971308761862724,40,101,arm_a,iso,0.6797170256991685,,,0.03583709305552103,0.013297444209456444,0.0,0.0,0.6797170256991685,0.0,0.0,1.0,,0.9689566808023101
severson,calce,no_soh,xgboost,20,789,40,0.8943290572254448,0.9997242245758913,0.9971308761862724,40,101,arm_a,platt,0.6797170256991685,,,0.035022804200922034,0.012822725810110569,0.0,0.0,0.6797170256991685,0.0,0.0,1.0,,1.0
severson,calce,no_soh,xgboost,20,789,40,0.8943290572254448,0.9997242245758913,0.9971308761862724,40,101,arm_a,temp,0.6797170256991685,,,0.6433087490387681,0.4324502778220047,0.0,0.0,0.6797170256991685,0.0,0.0,1.0,,1.0
severson,calce,no_soh,xgboost,20,101112,40,0.8943290572254448,0.9997242245758913,0.9971308761862724,40,101,zeroshot,raw,0.6862128461472571,0.8049999996521057,0.08475262649794976,0.856635510968724,0.8376539945602417,,,0.6862128461472571,,,,,
severson,calce,no_soh,xgboost,20,101112,40,0.8943290572254448,0.9997242245758913,0.9971308761862724,40,101,arm_b,warmstart,0.723488460302692,0.959069320604177,0.1012908760211381,0.016369508156855554,0.017587944865226746,,,0.6862128461472571,0.17910961362558506,0.11889716520741875,7.449885414283e-08,0.07169131170455381,
severson,calce,no_soh,xgboost,20,101112,40,0.8943290572254448,0.9997242245758913,0.9971308761862724,40,101,arm_a,iso,0.6862128461472572,,,0.008354545858848615,0.02243167720735073,1.1102230246251565e-16,1.1102230246251565e-16,0.6862128461472571,5.334630199509322e-16,3.5412527296130684e-16,1.0,,0.9671129551598964
severson,calce,no_soh,xgboost,20,101112,40,0.8943290572254448,0.9997242245758913,0.9971308761862724,40,101,arm_a,platt,0.6862128461472571,,,0.00817399780188851,0.022608354687690735,0.0,0.0,0.6862128461472571,0.0,0.0,1.0,,1.0
severson,calce,no_soh,xgboost,20,101112,40,0.8943290572254448,0.9997242245758913,0.9971308761862724,40,101,arm_a,temp,0.6862128461472571,,,0.6303730324267627,0.4260519817965296,0.0,0.0,0.6862128461472571,0.0,0.0,1.0,,1.0
severson,nasa+calce,no_soh,xgboost,20,0,0,0.9065068747877996,0.9997242245758913,0.6902901785714286,0,141,zeroshot,raw,0.75494465271644,,,0.8781986813989888,0.8333607316017151,,,0.75494465271644,,,,,
severson,nasa+calce,no_soh,xgboost,20,0,-1,0.9065068747877996,0.9997242245758913,0.6902901785714286,141,141,retrain_lfp,full,0.9997242245758913,,,0.002768598620208601,0.0013581515522673726,,,0.75494465271644,,,,,
severson,nasa+calce,no_soh,xgboost,20,123,5,0.9065068747877996,0.9997242245758913,0.6902901785714286,5,136,zeroshot,raw,0.7585476957813666,0.8603649478082153,0.14092595059322333,0.8792817061893007,0.8347494602203369,,,0.7585476957813666,,,,,
severson,nasa+calce,no_soh,xgboost,20,123,5,0.9065068747877996,0.9997242245758913,0.6902901785714286,5,136,arm_b,warmstart,0.7084792490702766,0.8705598916191308,0.20225861065797096,0.014008052031132567,0.016213085502386093,,,0.7585476957813666,-0.3383936505143296,-0.20760082650392095,7.755231175670754e-26,0.5652901785714286,
severson,nasa+calce,no_soh,xgboost,20,123,5,0.9065068747877996,0.9997242245758913,0.6902901785714286,5,136,arm_a,iso,0.7145501522729003,,,0.00609180112274392,0.020358020439743996,0.0439975435084663,0.0439975435084663,0.7585476957813666,-0.29736271722995555,-0.18242879490960298,8.631756411946981e-55,,0.9015822598244045
severson,nasa+calce,no_soh,xgboost,20,123,5,0.9065068747877996,0.9997242245758913,0.6902901785714286,5,136,arm_a,platt,0.7585476957813666,,,0.006838448018748597,0.02042064070701599,0.0,0.0,0.7585476957813666,0.0,0.0,1.0,,0.9999999999999999
severson,nasa+calce,no_soh,xgboost,20,123,5,0.9065068747877996,0.9997242245758913,0.6902901785714286,5,136,arm_a,temp,0.7585476957813666,,,0.5943566618986271,0.3759673571428196,0.0,0.0,0.7585476957813666,0.0,0.0,1.0,,0.9999999999999999
severson,nasa+calce,no_soh,xgboost,20,456,5,0.9065068747877996,0.9997242245758913,0.6902901785714286,5,136,zeroshot,raw,0.7515319541402947,0.8599446650380782,0.14276383837717513,0.8771170028586633,0.8319664001464844,,,0.7515319541402947,,,,,
severson,nasa+calce,no_soh,xgboost,20,456,5,0.9065068747877996,0.9997242245758913,0.6902901785714286,5,136,arm_b,warmstart,0.6922577821823557,0.8427137994987369,0.24101782965432864,0.017081457908474616,0.018039856106042862,,,0.7515319541402947,-0.38247589810199,-0.23882360177417417,1.5604881695771128e-25,0.6831951530612244,
severson,nasa+calce,no_soh,xgboost,20,456,5,0.9065068747877996,0.9997242245758913,0.6902901785714286,5,136,arm_a,iso,0.616499717856767,,,0.011219335667217018,0.02052920125424862,0.13503223628352767,0.13503223628352767,0.7515319541402947,-0.8713166989816539,-0.5440630203613339,0.0,,0.6219560119527509
severson,nasa+calce,no_soh,xgboost,20,456,5,0.9065068747877996,0.9997242245758913,0.6902901785714286,5,136,arm_a,platt,0.7515319541402947,,,0.004243986628377678,0.020282050594687462,0.0,0.0,0.7515319541402947,0.0,0.0,1.0,,0.9999999999999999
severson,nasa+calce,no_soh,xgboost,20,456,5,0.9065068747877996,0.9997242245758913,0.6902901785714286,5,136,arm_a,temp,0.7515319541402947,,,0.5936793167731871,0.3750921336377983,0.0,0.0,0.7515319541402947,0.0,0.0,1.0,,0.9999999999999999
severson,nasa+calce,no_soh,xgboost,20,789,5,0.9065068747877996,0.9997242245758913,0.6902901785714286,5,136,zeroshot,raw,0.7626212853750646,0.875565206038167,0.10978016046763124,0.8768753955543023,0.8318281769752502,,,0.7626212853750646,,,,,
severson,nasa+calce,no_soh,xgboost,20,789,5,0.9065068747877996,0.9997242245758913,0.6902901785714286,5,136,arm_b,warmstart,0.49250112025867615,0.3204856252968328,0.1695483259848517,0.05865350550882717,0.04332762956619263,,,0.7626212853750646,-1.8773260492511885,-1.1392527061319813,0.0,0.6051498724489797,
severson,nasa+calce,no_soh,xgboost,20,789,5,0.9065068747877996,0.9997242245758913,0.6902901785714286,5,136,arm_a,iso,0.6989203370951595,,,0.01107481764617304,0.020657896995544434,0.06370094827990502,0.06370094827990502,0.7626212853750646,-0.442719444941628,-0.26866368040233435,3.4687384570313277e-96,,0.8934725964659244
severson,nasa+calce,no_soh,xgboost,20,789,5,0.9065068747877996,0.9997242245758913,0.6902901785714286,5,136,arm_a,platt,0.7626212853750646,,,0.010887096542743245,0.020767824724316597,0.0,0.0,0.7626212853750646,0.0,0.0,1.0,,1.0
severson,nasa+calce,no_soh,xgboost,20,789,5,0.9065068747877996,0.9997242245758913,0.6902901785714286,5,136,arm_a,temp,0.7626212853750646,,,0.5933928719470345,0.3749779190900268,0.0,0.0,0.7626212853750646,0.0,0.0,1.0,,1.0
severson,nasa+calce,no_soh,xgboost,20,101112,5,0.9065068747877996,0.9997242245758913,0.6902901785714286,5,136,zeroshot,raw,0.8056915653231053,0.8628874930771552,0.14269887762758332,0.8845698466528918,0.8396410346031189,,,0.8056915653231053,,,,,
severson,nasa+calce,no_soh,xgboost,20,101112,5,0.9065068747877996,0.9997242245758913,0.6902901785714286,5,136,arm_b,warmstart,0.7979408060299586,0.9577456410088302,0.09210051812607575,0.15278349553742232,0.14689557254314423,,,0.8056915653231053,-0.07688077668264207,-0.03994564277475018,0.08460824095308697,0.5642538265306123,
severson,nasa+calce,no_soh,xgboost,20,101112,5,0.9065068747877996,0.9997242245758913,0.6902901785714286,5,136,arm_a,iso,0.6903083346043158,,,0.17233271044285012,0.06434857100248337,0.11538323071878942,0.11538323071878942,0.8056915653231053,-1.1445010815465169,-0.5946588124036789,4.6601994348016264e-212,,0.89000977098539
severson,nasa+calce,no_soh,xgboost,20,101112,5,0.9065068747877996,0.9997242245758913,0.6902901785714286,5,136,arm_a,platt,0.8056915653231053,,,0.17734163397207878,0.064231738448143,0.0,0.0,0.8056915653231053,0.0,0.0,1.0,,0.998701583090479
severson,nasa+calce,no_soh,xgboost,20,101112,5,0.9065068747877996,0.9997242245758913,0.6902901785714286,5,136,arm_a,temp,0.8056915653231053,,,0.6008029525556582,0.3776401275084342,0.0,0.0,0.8056915653231053,0.0,0.0,1.0,,1.0
severson,nasa+calce,no_soh,xgboost,20,42,10,0.9065068747877996,0.9997242245758913,0.6902901785714286,10,131,zeroshot,raw,0.7546005865788491,0.8612044941167465,0.14438332667335416,0.8793110791442582,0.834987998008728,,,0.7546005865788491,,,,,
severson,nasa+calce,no_soh,xgboost,20,42,10,0.9065068747877996,0.9997242245758913,0.6902901785714286,10,131,arm_b,warmstart,0.7926534995503604,0.8992686447366367,0.2007127203113496,0.013125689581600899,0.016604499891400337,,,0.7546005865788491,0.2505025527262481,0.15523967122244828,4.851393707975112e-13,0.6485969387755102,
severson,nasa+calce,no_soh,xgboost,20,42,10,0.9065068747877996,0.9997242245758913,0.6902901785714286,10,131,arm_a,iso,0.7058611227917657,,,0.005976168543275145,0.02049853652715683,0.04873946378708338,0.04873946378708338,0.7546005865788491,-0.32085218039190827,-0.19883624519178972,4.364170015131632e-65,,0.9040883235887494
severson,nasa+calce,no_soh,xgboost,20,42,10,0.9065068747877996,0.9997242245758913,0.6902901785714286,10,131,arm_a,platt,0.7546005865788492,,,0.004429560259159353,0.020385587587952614,1.1102230246251565e-16,1.1102230246251565e-16,0.7546005865788491,7.308604783351826e-16,4.529236893255286e-16,1.0,,0.9985536955321013
severson,nasa+calce,no_soh,xgboost,20,42,10,0.9065068747877996,0.9997242245758913,0.6902901785714286,10,131,arm_a,temp,0.7546005865788491,,,0.5943972169640314,0.37613132665830973,0.0,0.0,0.7546005865788491,0.0,0.0,1.0,,1.0
severson,nasa+calce,no_soh,xgboost,20,123,10,0.9065068747877996,0.9997242245758913,0.6902901785714286,10,131,zeroshot,raw,0.7546384846366866,0.8635301189788266,0.1408712656931993,0.8785820901772625,0.8340548276901245,,,0.7546384846366866,,,,,
severson,nasa+calce,no_soh,xgboost,20,123,10,0.9065068747877996,0.9997242245758913,0.6902901785714286,10,131,arm_b,warmstart,0.870065870166546,0.9294806891349371,0.20020073796961932,0.017522679696091226,0.01740369386970997,,,0.7546384846366866,0.7600487857611857,0.4709673665978773,3.4373602091541604e-143,0.6868622448979592,
severson,nasa+calce,no_soh,xgboost,20,123,10,0.9065068747877996,0.9997242245758913,0.6902901785714286,10,131,arm_a,iso,0.7443623030009577,,,0.009053462005693128,0.020838400349020958,0.010276181635728854,0.010276181635728854,0.7546384846366866,-0.06766504619890806,-0.0419289251111792,2.4181564636046436e-30,,0.9592509719003466
severson,nasa+calce,no_soh,xgboost,20,123,10,0.9065068747877996,0.9997242245758913,0.6902901785714286,10,131,arm_a,platt,0.7546384846366866,,,0.009993052862126043,0.020920103415846825,0.0,0.0,0.7546384846366866,0.0,0.0,1.0,,1.0
severson,nasa+calce,no_soh,xgboost,20,123,10,0.9065068747877996,0.9997242245758913,0.6902901785714286,10,131,arm_a,temp,0.7546384846366866,,,0.5938954024949825,0.37582414984070395,0.0,0.0,0.7546384846366866,0.0,0.0,1.0,,1.0
severson,nasa+calce,no_soh,xgboost,20,456,10,0.9065068747877996,0.9997242245758913,0.6902901785714286,10,131,zeroshot,raw,0.7478220853584857,0.8614575237951563,0.13919308664133437,0.8770993385460731,0.832004964351654,,,0.7478220853584857,,,,,
severson,nasa+calce,no_soh,xgboost,20,456,10,0.9065068747877996,0.9997242245758913,0.6902901785714286,10,131,arm_b,warmstart,0.6392716245038034,0.9444650101294085,0.18589615472762028,0.01435904797117777,0.015087035484611988,,,0.7478220853584857,-0.6840634269047957,-0.4309231402000808,2.6921884795990284e-39,0.68359375,
severson,nasa+calce,no_soh,xgboost,20,456,10,0.9065068747877996,0.9997242245758913,0.6902901785714286,10,131,arm_a,iso,0.7408005676512144,,,0.011888971630367123,0.020861351862549782,0.00702151770727133,0.00702151770727133,0.7478220853584857,-0.044248208870700016,-0.027873989991055094,1.7507211061764782e-19,,0.9590556539263995
severson,nasa+calce,no_soh,xgboost,20,456,10,0.9065068747877996,0.9997242245758913,0.6902901785714286,10,131,arm_a,platt,0.7478220853584857,,,0.007294282204994285,0.02069198526442051,0.0,0.0,0.7478220853584857,0.0,0.0,1.0,,0.9999999999999999
severson,nasa+calce,no_soh,xgboost,20,456,10,0.9065068747877996,0.9997242245758913,0.6902901785714286,10,131,arm_a,temp,0.7478220853584857,,,0.59339971370587,0.37511614410405225,0.0,0.0,0.7478220853584857,0.0,0.0,1.0,,0.9999999999999999
severson,nasa+calce,no_soh,xgboost,20,789,10,0.9065068747877996,0.9997242245758913,0.6902901785714286,10,131,zeroshot,raw,0.7521497764786309,0.8619719544420501,0.13979216987795715,0.8773371084231878,0.8323202133178711,,,0.7521497764786309,,,,,
severson,nasa+calce,no_soh,xgboost,20,789,10,0.9065068747877996,0.9997242245758913,0.6902901785714286,10,131,arm_b,warmstart,0.8306475376307745,0.9618855566339501,0.10004694237380225,0.018485155171605445,0.019844744354486465,,,0.7521497764786309,0.5085464938898822,0.3170672973541498,8.904854887566154e-65,0.6590401785714286,
severson,nasa+calce,no_soh,xgboost,20,789,10,0.9065068747877996,0.9997242245758913,0.6902901785714286,10,131,arm_a,iso,0.7438533884757381,,,0.012216398217382424,0.020756766200065613,0.008296388002892785,0.008296388002892785,0.7521497764786309,-0.05374801738158865,-0.0335106795820606,1.784786918138307e-25,,0.960142004953152
severson,nasa+calce,no_soh,xgboost,20,789,10,0.9065068747877996,0.9997242245758913,0.6902901785714286,10,131,arm_a,platt,0.7521497764786309,,,0.011060546808543199,0.020714091137051582,0.0,0.0,0.7521497764786309,0.0,0.0,1.0,,0.9865725633049068
severson,nasa+calce,no_soh,xgboost,20,789,10,0.9065068747877996,0.9997242245758913,0.6902901785714286,10,131,arm_a,temp,0.7521497764786309,,,0.5932904314595299,0.3749907768970874,0.0,0.0,0.7521497764786309,0.0,0.0,1.0,,1.0
severson,nasa+calce,no_soh,xgboost,20,101112,10,0.9065068747877996,0.9997242245758913,0.6902901785714286,10,131,zeroshot,raw,0.7574421573965815,0.8593771928735078,0.1423599954820827,0.8740625279664724,0.8281514048576355,,,0.7574421573965815,,,,,
severson,nasa+calce,no_soh,xgboost,20,101112,10,0.9065068747877996,0.9997242245758913,0.6902901785714286,10,131,arm_b,warmstart,0.6483724690818171,0.8638625263961606,0.1878917658039226,0.014686010035602461,0.017738893628120422,,,0.7574421573965815,-0.731693523615737,-0.4501764805978947,3.383567761279629e-59,0.7222576530612245,
severson,nasa+calce,no_soh,xgboost,20,101112,10,0.9065068747877996,0.9997242245758913,0.6902901785714286,10,131,arm_a,iso,0.7478025270119532,,,0.016734942413092344,0.02194191701710224,0.00963963038462834,0.00963963038462834,0.7574421573965815,-0.06466741797342478,-0.03978680922139473,1.7254624623516545e-26,,0.9548339225655379
severson,nasa+calce,no_soh,xgboost,20,101112,10,0.9065068747877996,0.9997242245758913,0.6902901785714286,10,131,arm_a,platt,0.7574421573965815,,,0.016842405862332075,0.02208021841943264,0.0,0.0,0.7574421573965815,0.0,0.0,1.0,,1.0
severson,nasa+calce,no_soh,xgboost,20,101112,10,0.9065068747877996,0.9997242245758913,0.6902901785714286,10,131,arm_a,temp,0.7574421573965815,,,0.5915434102092589,0.37380939337518465,0.0,0.0,0.7574421573965815,0.0,0.0,1.0,,1.0
severson,nasa+calce,no_soh,xgboost,20,123,20,0.9065068747877996,0.9997242245758913,0.6902901785714286,20,121,zeroshot,raw,0.7501805275191348,0.8707097956659077,0.1103990482936604,0.8758783957802553,0.8308632969856262,,,0.7501805275191348,,,,,
severson,nasa+calce,no_soh,xgboost,20,123,20,0.9065068747877996,0.9997242245758913,0.6902901785714286,20,121,arm_b,warmstart,0.7046696662929416,0.960768572295358,0.07425014837421422,0.017507944488535557,0.01793043501675129,,,0.7501805275191348,-0.29112726051212306,-0.18237632031171738,4.957904005892889e-09,0.6099330357142858,
severson,nasa+calce,no_soh,xgboost,20,123,20,0.9065068747877996,0.9997242245758913,0.6902901785714286,20,121,arm_a,iso,0.7447046009454752,,,0.01573408587697833,0.022477492690086365,0.005475926573659584,0.005475926573659584,0.7501805275191348,-0.035028814203971484,-0.021943758300631947,3.215275616444368e-14,,0.9610435472612893
severson,nasa+calce,no_soh,xgboost,20,123,20,0.9065068747877996,0.9997242245758913,0.6902901785714286,20,121,arm_a,platt,0.7501805275191348,,,0.0155264367987582,0.02266181819140911,0.0,0.0,0.7501805275191348,0.0,0.0,1.0,,1.0
severson,nasa+calce,no_soh,xgboost,20,123,20,0.9065068747877996,0.9997242245758913,0.6902901785714286,20,121,arm_a,temp,0.7501805275191348,,,0.5917629445425574,0.37465331544389746,0.0,0.0,0.7501805275191348,0.0,0.0,1.0,,1.0
severson,nasa+calce,no_soh,xgboost,20,456,20,0.9065068747877996,0.9997242245758913,0.6902901785714286,20,121,zeroshot,raw,0.7548895183740318,0.8707600718571016,0.10871616567645637,0.8721624970637281,0.825951099395752,,,0.7548895183740318,,,,,
severson,nasa+calce,no_soh,xgboost,20,456,20,0.9065068747877996,0.9997242245758913,0.6902901785714286,20,121,arm_b,warmstart,0.7035502814865265,0.9413107472223136,0.157600089578749,0.012676071187688005,0.01470311637967825,,,0.7548895183740318,-0.3386105529198068,-0.2096893764937783,2.4451056106364374e-13,0.6391900510204082,
severson,nasa+calce,no_soh,xgboost,20,456,20,0.9065068747877996,0.9997242245758913,0.6902901785714286,20,121,arm_a,iso,0.7463639648997236,,,0.01475790625889826,0.02225586585700512,0.008525553474308278,0.008525553474308278,0.7548895183740318,-0.05623072236559659,-0.034821670532604945,1.3244656911048817e-25,,0.9554191445791379
severson,nasa+calce,no_soh,xgboost,20,456,20,0.9065068747877996,0.9997242245758913,0.6902901785714286,20,121,arm_a,platt,0.7548895183740318,,,0.012948622167902471,0.02238539233803749,0.0,0.0,0.7548895183740318,0.0,0.0,1.0,,1.0
severson,nasa+calce,no_soh,xgboost,20,456,20,0.9065068747877996,0.9997242245758913,0.6902901785714286,20,121,arm_a,temp,0.7548895183740318,,,0.590490436948303,0.3730010278855734,0.0,0.0,0.7548895183740318,0.0,0.0,1.0,,1.0
severson,nasa+calce,no_soh,xgboost,20,789,20,0.9065068747877996,0.9997242245758913,0.6902901785714286,20,121,zeroshot,raw,0.7446824843139823,0.8464884742052735,0.14539029280979748,0.877021798069113,0.8323245048522949,,,0.7446824843139823,,,,,
severson,nasa+calce,no_soh,xgboost,20,789,20,0.9065068747877996,0.9997242245758913,0.6902901785714286,20,121,arm_b,warmstart,0.5881142219814093,0.8110858593204419,0.22980366675281172,0.02068700971510145,0.020809277892112732,,,0.7446824843139823,-0.9675195554523368,-0.6138926991785307,3.2695904595947075e-116,0.6130420918367347,
severson,nasa+calce,no_soh,xgboost,20,789,20,0.9065068747877996,0.9997242245758913,0.6902901785714286,20,121,arm_a,iso,0.7366451143842224,,,0.016151800538555004,0.021778808906674385,0.008037369929759897,0.008037369929759897,0.7446824843139823,-0.04966723437812251,-0.03151393933207213,2.0625716162101696e-24,,0.9597575063341879
severson,nasa+calce,no_soh,xgboost,20,789,20,0.9065068747877996,0.9997242245758913,0.6902901785714286,20,121,arm_a,platt,0.7446824843139823,,,0.01353462938404057,0.02137055993080139,0.0,0.0,0.7446824843139823,0.0,0.0,1.0,,0.9785529799616333
severson,nasa+calce,no_soh,xgboost,20,789,20,0.9065068747877996,0.9997242245758913,0.6902901785714286,20,121,arm_a,temp,0.7446824843139823,,,0.59314337615884,0.37531431718122976,0.0,0.0,0.7446824843139823,0.0,0.0,1.0,,1.0
severson,nasa+calce,no_soh,xgboost,20,101112,20,0.9065068747877996,0.9997242245758913,0.6902901785714286,20,121,zeroshot,raw,0.749904820132595,0.8510192821421533,0.1428094898700058,0.8748718501138384,0.8296929597854614,,,0.749904820132595,,,,,
severson,nasa+calce,no_soh,xgboost,20,101112,20,0.9065068747877996,0.9997242245758913,0.6902901785714286,20,121,arm_b,warmstart,0.6140514160532067,0.8633344644974741,0.21820818400160455,0.022770549798379003,0.023141782730817795,,,0.749904820132595,-0.8675071625241493,-0.5438064524336184,5.8599576125246185e-84,0.6167889030612245,
severson,nasa+calce,no_soh,xgboost,20,101112,20,0.9065068747877996,0.9997242245758913,0.6902901785714286,20,121,arm_a,iso,0.7388598246050928,,,0.015130548088260093,0.02231699600815773,0.011044995527502155,0.011044995527502155,0.749904820132595,-0.07052905884166238,-0.044211920015240984,8.002874711090302e-36,,0.9577441080001166
severson,nasa+calce,no_soh,xgboost,20,101112,20,0.9065068747877996,0.9997242245758913,0.6902901785714286,20,121,arm_a,platt,0.749904820132595,,,0.014158620315052666,0.02238384447991848,0.0,0.0,0.749904820132595,0.0,0.0,1.0,,1.0
severson,nasa+calce,no_soh,xgboost,20,101112,20,0.9065068747877996,0.9997242245758913,0.6902901785714286,20,121,arm_a,temp,0.749904820132595,,,0.5916010996756695,0.37430457935425987,0.0,0.0,0.749904820132595,0.0,0.0,1.0,,1.0
severson,nasa+calce,no_soh,xgboost,20,42,40,0.9065068747877996,0.9997242245758913,0.6902901785714286,40,101,zeroshot,raw,0.7422011390005191,0.8497413850489105,0.15113989835511996,0.8787359736789387,0.8348961472511292,,,0.7422011390005191,,,,,
severson,nasa+calce,no_soh,xgboost,20,42,40,0.9065068747877996,0.9997242245758913,0.6902901785714286,40,101,arm_b,warmstart,0.6983013143475969,0.9604974610240851,0.1054650171130278,0.01526243574251711,0.016519695520401,,,0.7422011390005191,-0.26718376228665197,-0.17046947288177602,1.3379580452357195e-09,0.6556919642857143,
severson,nasa+calce,no_soh,xgboost,20,42,40,0.9065068747877996,0.9997242245758913,0.6902901785714286,40,101,arm_a,iso,0.7359894334746216,,,0.010748715896560793,0.02191251516342163,0.0062117055258974485,0.0062117055258974485,0.7422011390005191,-0.03780577407193791,-0.024120965745726895,3.441208534914368e-13,,0.9609623987519044
severson,nasa+calce,no_soh,xgboost,20,42,40,0.9065068747877996,0.9997242245758913,0.6902901785714286,40,101,arm_a,platt,0.7422011390005192,,,0.007198651294568044,0.021680252626538277,1.1102230246251565e-16,1.1102230246251565e-16,0.7422011390005191,6.757055797872536e-16,4.311159219549717e-16,1.0,,0.9834703894107507
severson,nasa+calce,no_soh,xgboost,20,42,40,0.9065068747877996,0.9997242245758913,0.6902901785714286,40,101,arm_a,temp,0.7422011390005191,,,0.5939112752286806,0.3766118639258028,0.0,0.0,0.7422011390005191,0.0,0.0,1.0,,1.0
severson,nasa+calce,no_soh,xgboost,20,123,40,0.9065068747877996,0.9997242245758913,0.6902901785714286,40,101,zeroshot,raw,0.743078876075023,0.8688798142979713,0.11327809776469257,0.8719255128776143,0.8262823820114136,,,0.743078876075023,,,,,
severson,nasa+calce,no_soh,xgboost,20,123,40,0.9065068747877996,0.9997242245758913,0.6902901785714286,40,101,arm_b,warmstart,0.6972424651649165,0.9446397716480467,0.11493912036117461,0.018333897711604208,0.019508959725499153,,,0.743078876075023,-0.2804685321434035,-0.178598253106276,1.2634247618699266e-10,0.6301020408163265,
severson,nasa+calce,no_soh,xgboost,20,123,40,0.9065068747877996,0.9997242245758913,0.6902901785714286,40,101,arm_a,iso,0.7365139115686483,,,0.012458959846770555,0.024511653929948807,0.006564964506374671,0.006564964506374671,0.743078876075023,-0.04017037813644493,-0.025579908401700335,1.8390658708047964e-15,,0.9588377273581509
severson,nasa+calce,no_soh,xgboost,20,123,40,0.9065068747877996,0.9997242245758913,0.6902901785714286,40,101,arm_a,platt,0.743078876075023,,,0.014979951336061746,0.024586914107203484,0.0,0.0,0.743078876075023,0.0,0.0,1.0,,1.0
severson,nasa+calce,no_soh,xgboost,20,123,40,0.9065068747877996,0.9997242245758913,0.6902901785714286,40,101,arm_a,temp,0.743078876075023,,,0.5891466910392871,0.37346327749359454,0.0,0.0,0.743078876075023,0.0,0.0,1.0,,1.0
severson,nasa+calce,no_soh,xgboost,20,456,40,0.9065068747877996,0.9997242245758913,0.6902901785714286,40,101,zeroshot,raw,0.7433758693035248,0.849535122035828,0.14815466839610955,0.8777145802230826,0.8336166739463806,,,0.7433758693035248,,,,,
severson,nasa+calce,no_soh,xgboost,20,456,40,0.9065068747877996,0.9997242245758913,0.6902901785714286,40,101,arm_b,warmstart,0.6388777126856564,0.9177901314293923,0.13952457516740654,0.016218380534925313,0.016756853088736534,,,0.7433758693035248,-0.6405781433618497,-0.4076412212859359,7.490230907838637e-50,0.7416294642857142,
severson,nasa+calce,no_soh,xgboost,20,456,40,0.9065068747877996,0.9997242245758913,0.6902901785714286,40,101,arm_a,iso,0.7414047412143869,,,0.01227334706684916,0.0228513702750206,0.001971128089137908,0.001971128089137908,0.7433758693035248,-0.01208309899939848,-0.007689255845014542,0.001347248168722303,,0.9621782103974857
severson,nasa+calce,no_soh,xgboost,20,456,40,0.9065068747877996,0.9997242245758913,0.6902901785714286,40,101,arm_a,platt,0.7433758693035248,,,0.009881035737112784,0.02285834401845932,0.0,0.0,0.7433758693035248,0.0,0.0,1.0,,1.0
severson,nasa+calce,no_soh,xgboost,20,456,40,0.9065068747877996,0.9997242245758913,0.6902901785714286,40,101,arm_a,temp,0.7433758693035248,,,0.5921020272723133,0.3754778361109868,0.0,0.0,0.7433758693035248,0.0,0.0,1.0,,1.0
severson,nasa+calce,no_soh,xgboost,20,789,40,0.9065068747877996,0.9997242245758913,0.6902901785714286,40,101,zeroshot,raw,0.7998478665891644,0.8537370926844396,0.15681425228773463,0.8887077742203927,0.8444802165031433,,,0.7998478665891644,,,,,
severson,nasa+calce,no_soh,xgboost,20,789,40,0.9065068747877996,0.9997242245758913,0.6902901785714286,40,101,arm_b,warmstart,0.9499868972972332,0.9876572369893983,0.017958661744813403,0.020063146571082293,0.01743764616549015,,,0.7998478665891644,1.4076544798584578,0.7511595279219517,2.213140975753595e-171,0.4754464285714286,
severson,nasa+calce,no_soh,xgboost,20,789,40,0.9065068747877996,0.9997242245758913,0.6902901785714286,40,101,arm_a,iso,0.7668136579344381,,,0.03590334158719286,0.013409946113824844,0.03303420865472628,0.03303420865472628,0.7998478665891644,-0.3097179433096303,-0.16527321683998253,6.889845038054898e-27,,0.9440086493861353
severson,nasa+calce,no_soh,xgboost,20,789,40,0.9065068747877996,0.9997242245758913,0.6902901785714286,40,101,arm_a,platt,0.7998478665891644,,,0.035189708508677246,0.013218431733548641,0.0,0.0,0.7998478665891644,0.0,0.0,1.0,,0.9985797385725874
severson,nasa+calce,no_soh,xgboost,20,789,40,0.9065068747877996,0.9997242245758913,0.6902901785714286,40,101,arm_a,temp,0.7998478665891644,,,0.6040646629506182,0.3792852712372341,0.0,0.0,0.7998478665891644,0.0,0.0,1.0,,1.0
severson,nasa+calce,no_soh,xgboost,20,101112,40,0.9065068747877996,0.9997242245758913,0.6902901785714286,40,101,zeroshot,raw,0.7469527444867065,0.857523922357016,0.1490300864606456,0.8740804289217834,0.8287076950073242,,,0.7469527444867065,,,,,
severson,nasa+calce,no_soh,xgboost,20,101112,40,0.9065068747877996,0.9997242245758913,0.6902901785714286,40,101,arm_b,warmstart,0.6687463849318218,0.9555276009950494,0.12615447901181862,0.01324723916734257,0.014523900113999844,,,0.7469527444867065,-0.49015565693788155,-0.30939550430013407,4.149586290555843e-27,0.6400669642857143,
severson,nasa+calce,no_soh,xgboost,20,101112,40,0.9065068747877996,0.9997242245758913,0.6902901785714286,40,101,arm_a,iso,0.7401172624786474,,,0.009773761321950479,0.022347895428538322,0.006835482008059057,0.006835482008059057,0.7469527444867065,-0.042841147359581874,-0.027042141010715722,1.5154153754710655e-16,,0.9584275985871263
severson,nasa+calce,no_soh,xgboost,20,101112,40,0.9065068747877996,0.9997242245758913,0.6902901785714286,40,101,arm_a,platt,0.7469527444867066,,,0.009653992307532354,0.022374102845788002,1.1102230246251565e-16,1.1102230246251565e-16,0.7469527444867065,6.958284455125449e-16,4.3922005134180443e-16,1.0,,0.9830911929812662
severson,nasa+calce,no_soh,xgboost,20,101112,40,0.9065068747877996,0.9997242245758913,0.6902901785714286,40,101,arm_a,temp,0.7469527444867065,,,0.5911351214336726,0.3740416663377882,0.0,0.0,0.7469527444867065,0.0,0.0,1.0,,0.9999999999999999
oxford,nasa,no_soh,xgboost,20,0,0,0.8441937642989684,0.9998921484037964,1.0,0,5,zeroshot,raw,0.5184426229508197,,,0.06233502559189219,0.18403735756874084,,,0.5184426229508197,,,,,
oxford,nasa,no_soh,xgboost,20,0,-1,0.8441937642989684,0.9998921484037964,1.0,5,5,retrain_lfp,full,0.9998921484037964,,,0.03437691479921341,0.00598893640562892,,,0.5184426229508197,,,,,
oxford,nasa,no_soh,xgboost,20,0,1,0.8441937642989684,0.9998921484037964,1.0,1,4,zeroshot,raw,0.5209424083769634,0.52117889420521,0.002108792247573104,0.03403893908993763,0.16655391454696655,,,0.5209424083769634,,,,,
oxford,nasa,no_soh,xgboost,20,0,1,0.8441937642989684,0.9998921484037964,1.0,1,4,arm_b,warmstart,0.978031002977107,0.997460757156048,0.004398097618480534,0.1454646557815804,0.07293041050434113,,,0.5209424083769634,1.4140345778176138,0.9543560762232283,0.0,1.0,
oxford,nasa,no_soh,xgboost,20,0,1,0.8441937642989684,0.9998921484037964,1.0,1,4,arm_a,iso,0.5209424083769634,,,0.10732924174671331,0.1767258495092392,0.0,0.0,0.5209424083769634,0.0,0.0,1.0,,0.9998587570614422
oxford,nasa,no_soh,xgboost,20,0,1,0.8441937642989684,0.9998921484037964,1.0,1,4,arm_a,platt,0.4790575916230366,,,0.10986517185022024,0.17844097316265106,0.041884816753926746,0.041884816753926746,0.5209424083769634,-0.12957352223460689,-0.08745138216711458,0.003951408204661865,,-1.0
oxford,nasa,no_soh,xgboost,20,0,1,0.8441937642989684,0.9998921484037964,1.0,1,4,arm_a,temp,0.5209424083769634,,,0.10803121109231889,0.1771026146136019,0.0,0.0,0.5209424083769634,0.0,0.0,1.0,,1.0
oxford,nasa,no_soh,xgboost,20,0,1,0.8441937642989684,0.9998921484037964,1.0,1,4,zeroshot,raw,0.5175879396984924,0.5179818292156921,0.005332870093437533,0.01980847610454811,0.15652035176753998,,,0.5175879396984924,,,,,
oxford,nasa,no_soh,xgboost,20,0,1,0.8441937642989684,0.9998921484037964,1.0,1,4,arm_b,warmstart,0.9840871021775544,0.9887626942344577,0.011192015708620768,0.14604826022678538,0.07216820120811462,,,0.5175879396984924,1.4283246878701932,0.9672301299864892,0.0,1.0,
oxford,nasa,no_soh,xgboost,20,0,1,0.8441937642989684,0.9998921484037964,1.0,1,4,arm_a,iso,0.5201005025125628,,,0.1872612841216176,0.1915435492992401,0.002512562814070418,0.002512562814070418,0.5175879396984924,0.007692951640234636,0.005209498007108697,0.3173105078629116,,0.9446091334387922
oxford,nasa,no_soh,xgboost,20,0,1,0.8441937642989684,0.9998921484037964,1.0,1,4,arm_a,platt,0.5175879396984924,,,0.18560135145087234,0.19492951035499573,0.0,0.0,0.5175879396984924,0.0,0.0,1.0,,0.9999999999999999
oxford,nasa,no_soh,xgboost,20,0,1,0.8441937642989684,0.9998921484037964,1.0,1,4,arm_a,temp,0.5175879396984924,,,0.18323164954450163,0.18957425726989344,0.0,0.0,0.5175879396984924,0.0,0.0,1.0,,0.9999999999999999
oxford,nasa,no_soh,xgboost,20,0,1,0.8441937642989684,0.9998921484037964,1.0,1,4,zeroshot,raw,0.5187165775401069,0.5191514198589671,0.0056141642332400024,0.059155158225263745,0.1816226840019226,,,0.5187165775401069,,,,,
oxford,nasa,no_soh,xgboost,20,0,1,0.8441937642989684,0.9998921484037964,1.0,1,4,arm_b,warmstart,0.9958251243080964,0.9943181818181819,0.009841197770277704,0.21404484158656636,0.09407487511634827,,,0.5187165775401069,1.4658740033951079,0.9915477336299517,0.0,1.0,
oxford,nasa,no_soh,xgboost,20,0,1,0.8441937642989684,0.9998921484037964,1.0,1,4,arm_a,iso,0.5213903743315508,,,0.014731941164517016,0.17740896344184875,0.002673796791443861,0.002673796791443861,0.5187165775401069,0.008215005229920507,0.005556800788212316,0.3173105078629086,,0.9446298599906776
oxford,nasa,no_soh,xgboost,20,0,1,0.8441937642989684,0.9998921484037964,1.0,1,4,arm_a,platt,0.5187165775401069,,,0.013673063029809942,0.18123650550842285,0.0,0.0,0.5187165775401069,0.0,0.0,1.0,,1.0
oxford,nasa,no_soh,xgboost,20,0,1,0.8441937642989684,0.9998921484037964,1.0,1,4,arm_a,temp,0.5187165775401069,,,0.014817133991146557,0.1785620593587743,0.0,0.0,0.5187165775401069,0.0,0.0,1.0,,1.0
oxford,nasa,no_soh,xgboost,20,0,1,0.8441937642989684,0.9998921484037964,1.0,1,4,zeroshot,raw,0.5175000000000001,0.5178555665894296,0.00522388608841601,0.0923172953391905,0.20324969291687012,,,0.5175000000000001,,,,,
oxford,nasa,no_soh,xgboost,20,0,1,0.8441937642989684,0.9998921484037964,1.0,1,4,arm_b,warmstart,0.5175000000000001,0.5178555665894296,0.00522388608841601,0.13871243669764027,0.2139677107334137,,,0.5175000000000001,0.0,0.0,1.0,1.0,
oxford,nasa,no_soh,xgboost,20,0,1,0.8441937642989684,0.9998921484037964,1.0,1,4,arm_a,iso,0.52,,,0.20268619909282132,0.2360602617263794,0.0024999999999999467,0.0024999999999999467,0.5175000000000001,0.00765242644090419,0.00518250557823605,0.31731050786289927,,0.9444473858016809
oxford,nasa,no_soh,xgboost,20,0,1,0.8441937642989684,0.9998921484037964,1.0,1,4,arm_a,platt,0.5175000000000001,,,0.20663622665754605,0.239798441529274,0.0,0.0,0.5175000000000001,0.0,0.0,1.0,,1.0
oxford,nasa,no_soh,xgboost,20,0,1,0.8441937642989684,0.9998921484037964,1.0,1,4,arm_a,temp,0.5175000000000001,,,0.20447495659943168,0.23687184733688035,0.0,0.0,0.5175000000000001,0.0,0.0,1.0,,1.0
oxford,nasa,no_soh,xgboost,20,0,1,0.8441937642989684,0.9998921484037964,1.0,1,4,zeroshot,raw,0.5175879396984924,0.5179818292156921,0.005332870093437533,0.09862127874291293,0.20729254186153412,,,0.5175879396984924,,,,,
oxford,nasa,no_soh,xgboost,20,0,1,0.8441937642989684,0.9998921484037964,1.0,1,4,arm_b,warmstart,0.5175879396984924,0.5179818292156921,0.005332870093437533,0.1446337565562151,0.21850043535232544,,,0.5175879396984924,0.0,0.0,1.0,1.0,
oxford,nasa,no_soh,xgboost,20,0,1,0.8441937642989684,0.9998921484037964,1.0,1,4,arm_a,iso,0.5201005025125628,,,0.2516589235296867,0.26178213953971863,0.002512562814070418,0.002512562814070418,0.5175879396984924,0.007692951640234636,0.005209498007108697,0.3173105078629116,,0.9444417398346329
oxford,nasa,no_soh,xgboost,20,0,1,0.8441937642989684,0.9998921484037964,1.0,1,4,arm_a,platt,0.5175879396984924,,,0.2538431019515452,0.26304614543914795,0.0,0.0,0.5175879396984924,0.0,0.0,1.0,,1.0
oxford,nasa,no_soh,xgboost,20,0,1,0.8441937642989684,0.9998921484037964,1.0,1,4,arm_a,temp,0.5175879396984924,,,0.2526910240635608,0.2621353123731334,0.0,0.0,0.5175879396984924,0.0,0.0,1.0,,1.0
oxford,nasa,no_soh,xgboost,20,0,2,0.8441937642989684,0.9998921484037964,1.0,2,3,zeroshot,raw,0.5205479452054795,0.5208311181995392,0.0023335695955805755,0.040784556567448484,0.11878465861082077,,,0.5205479452054795,,,,,
oxford,nasa,no_soh,xgboost,20,0,2,0.8441937642989684,0.9998921484037964,1.0,2,3,arm_b,warmstart,0.9994044073853484,1.0,0.0,0.0930839164634428,0.02096732333302498,,,0.5205479452054795,1.4795694364942362,0.998982482702005,0.0,1.0,
oxford,nasa,no_soh,xgboost,20,0,2,0.8441937642989684,0.9998921484037964,1.0,2,3,arm_a,iso,0.5205479452054795,,,0.2116491441895976,0.1633353978395462,0.0,0.0,0.5205479452054795,0.0,0.0,1.0,,0.9998366828460733
oxford,nasa,no_soh,xgboost,20,0,2,0.8441937642989684,0.9998921484037964,1.0,2,3,arm_a,platt,0.5205479452054795,,,0.21322768036077713,0.1626145839691162,0.0,0.0,0.5205479452054795,0.0,0.0,1.0,,1.0
oxford,nasa,no_soh,xgboost,20,0,2,0.8441937642989684,0.9998921484037964,1.0,2,3,arm_a,temp,0.5205479452054795,,,0.21095092762003403,0.1617256648176171,0.0,0.0,0.5205479452054795,0.0,0.0,1.0,,1.0
oxford,nasa,no_soh,xgboost,20,0,2,0.8441937642989684,0.9998921484037964,1.0,2,3,zeroshot,raw,0.5223880597014925,0.5223905723905723,0.00023808309130862957,0.01641011022098632,0.15500006079673767,,,0.5223880597014925,,,,,
oxford,nasa,no_soh,xgboost,20,0,2,0.8441937642989684,0.9998921484037964,1.0,2,3,arm_b,warmstart,0.9990671641791046,1.0,0.0,0.11350808602320142,0.022957904264330864,,,0.5223880597014925,1.4812636869624682,0.9982722991400266,0.0,1.0,
oxford,nasa,no_soh,xgboost,20,0,2,0.8441937642989684,0.9998921484037964,1.0,2,3,arm_a,iso,0.5223880597014925,,,0.08995982825037943,0.16261310875415802,0.0,0.0,0.5223880597014925,0.0,0.0,1.0,,0.9998306153356251
oxford,nasa,no_soh,xgboost,20,0,2,0.8441937642989684,0.9998921484037964,1.0,2,3,arm_a,platt,0.5223880597014925,,,0.09153338054935616,0.1633870005607605,0.0,0.0,0.5223880597014925,0.0,0.0,1.0,,0.9999999999999999
oxford,nasa,no_soh,xgboost,20,0,2,0.8441937642989684,0.9998921484037964,1.0,2,3,arm_a,temp,0.5223880597014925,,,0.09047843501750587,0.1629503584644402,0.0,0.0,0.5223880597014925,0.0,0.0,1.0,,0.9999999999999999
oxford,nasa,no_soh,xgboost,20,0,2,0.8441937642989684,0.9998921484037964,1.0,2,3,zeroshot,raw,0.5204081632653061,0.520662768031189,0.002205401266858565,0.06919402395589994,0.18923720717430115,,,0.5204081632653061,,,,,
oxford,nasa,no_soh,xgboost,20,0,2,0.8441937642989684,0.9998921484037964,1.0,2,3,arm_b,warmstart,0.9998582766439909,1.0,0.0,0.11680269321570032,0.028697114437818527,,,0.5204081632653061,1.4807641595181338,0.9999293578912845,0.0,1.0,
oxford,nasa,no_soh,xgboost,20,0,2,0.8441937642989684,0.9998921484037964,1.0,2,3,arm_a,iso,0.5204081632653061,,,0.021868995290536132,0.18413203954696655,0.0,0.0,0.5204081632653061,0.0,0.0,1.0,,0.9998779222360098
oxford,nasa,no_soh,xgboost,20,0,2,0.8441937642989684,0.9998921484037964,1.0,2,3,arm_a,platt,0.5204081632653061,,,0.027714363428262563,0.18553374707698822,0.0,0.0,0.5204081632653061,0.0,0.0,1.0,,1.0
oxford,nasa,no_soh,xgboost,20,0,2,0.8441937642989684,0.9998921484037964,1.0,2,3,arm_a,temp,0.5204081632653061,,,0.029531928907098867,0.18495319212661313,0.0,0.0,0.5204081632653061,0.0,0.0,1.0,,1.0
oxford,nasa,no_soh,xgboost,20,0,2,0.8441937642989684,0.9998921484037964,1.0,2,3,zeroshot,raw,0.5205479452054795,0.5208311181995392,0.002333569595580576,0.07812474591524471,0.19496044516563416,,,0.5205479452054795,,,,,
oxford,nasa,no_soh,xgboost,20,0,2,0.8441937642989684,0.9998921484037964,1.0,2,3,arm_b,warmstart,0.9861643835616438,0.9931657293153139,0.005303428858041656,0.1108033492096833,0.04534425586462021,,,0.5205479452054795,1.4386604457314665,0.9713613625646099,0.0,1.0,
oxford,nasa,no_soh,xgboost,20,0,2,0.8441937642989684,0.9998921484037964,1.0,2,3,arm_a,iso,0.5205479452054795,,,0.04506799639487751,0.1900651454925537,0.0,0.0,0.5205479452054795,0.0,0.0,1.0,,0.9998791840894459
oxford,nasa,no_soh,xgboost,20,0,2,0.8441937642989684,0.9998921484037964,1.0,2,3,arm_a,platt,0.5205479452054795,,,0.05664884983276833,0.19161580502986908,0.0,0.0,0.5205479452054795,0.0,0.0,1.0,,0.9999999999999998
oxford,nasa,no_soh,xgboost,20,0,2,0.8441937642989684,0.9998921484037964,1.0,2,3,arm_a,temp,0.5205479452054795,,,0.051983315052049825,0.1909511322898247,0.0,0.0,0.5205479452054795,0.0,0.0,1.0,,0.9999999999999998
oxford,nasa,no_soh,xgboost,20,0,2,0.8441937642989684,0.9998921484037964,1.0,2,3,zeroshot,raw,0.517605633802817,0.5181278190712152,0.0061509418595565215,0.008478375287911687,0.14084498584270477,,,0.517605633802817,,,,,
oxford,nasa,no_soh,xgboost,20,0,2,0.8441937642989684,0.9998921484037964,1.0,2,3,arm_b,warmstart,0.9985429820301117,0.999496855345912,0.0007115539936468192,0.1781431752861592,0.05233555659651756,,,0.517605633802817,1.4726112290016682,0.9972025625165968,0.0,1.0,
oxford,nasa,no_soh,xgboost,20,0,2,0.8441937642989684,0.9998921484037964,1.0,2,3,arm_a,iso,0.5211267605633803,,,0.14317405101848624,0.16102801263332367,0.0035211267605632646,0.0035211267605632646,0.517605633802817,0.010781551537754855,0.007300902376415138,0.3173105078629276,,0.9284114507246355
oxford,nasa,no_soh,xgboost,20,0,2,0.8441937642989684,0.9998921484037964,1.0,2,3,arm_a,platt,0.517605633802817,,,0.1412757399651271,0.16625115275382996,0.0,0.0,0.517605633802817,0.0,0.0,1.0,,1.0
oxford,nasa,no_soh,xgboost,20,0,2,0.8441937642989684,0.9998921484037964,1.0,2,3,arm_a,temp,0.517605633802817,,,0.14253182057017552,0.16086383971071277,0.0,0.0,0.517605633802817,0.0,0.0,1.0,,1.0
oxford,nasa,no_soh,xgboost,20,0,2,0.8441937642989684,0.9998921484037964,1.0,2,3,zeroshot,raw,0.5161290322580645,0.5164000147118321,0.005283066288891095,0.05074054605793209,0.17627868056297302,,,0.5161290322580645,,,,,
oxford,nasa,no_soh,xgboost,20,0,2,0.8441937642989684,0.9998921484037964,1.0,2,3,arm_b,warmstart,0.9969892473118278,0.9977358490566037,0.003201992971410791,0.12873869083821773,0.03736766800284386,,,0.5161290322580645,1.4657479701103882,0.9939993335682622,0.0,1.0,
oxford,nasa,no_soh,xgboost,20,0,2,0.8441937642989684,0.9998921484037964,1.0,2,3,arm_a,iso,0.5193548387096774,,,0.0342241758108139,0.1740168035030365,0.003225806451612856,0.003225806451612856,0.5161290322580645,0.00983283521988171,0.006668152953275366,0.3173105078629149,,0.9280506485821757
oxford,nasa,no_soh,xgboost,20,0,2,0.8441937642989684,0.9998921484037964,1.0,2,3,arm_a,platt,0.5161290322580645,,,0.03294198717223481,0.17865855991840363,0.0,0.0,0.5161290322580645,0.0,0.0,1.0,,1.0
oxford,nasa,no_soh,xgboost,20,0,2,0.8441937642989684,0.9998921484037964,1.0,2,3,arm_a,temp,0.5161290322580645,,,0.03247517842012835,0.17495279872798225,0.0,0.0,0.5161290322580645,0.0,0.0,1.0,,1.0
oxford,nasa,no_soh,xgboost,20,0,2,0.8441937642989684,0.9998921484037964,1.0,2,3,zeroshot,raw,0.5162337662337663,0.5165683648801822,0.00547063179169211,0.05954091168884465,0.1819240152835846,,,0.5162337662337663,,,,,
oxford,nasa,no_soh,xgboost,20,0,2,0.8441937642989684,0.9998921484037964,1.0,2,3,arm_b,warmstart,0.9794832826747719,0.9842669732922177,0.01199294074308011,0.11773828939715429,0.07741724699735641,,,0.5162337662337663,1.4125183533782875,0.957803138575918,0.0,1.0,
oxford,nasa,no_soh,xgboost,20,0,2,0.8441937642989684,0.9998921484037964,1.0,2,3,arm_a,iso,0.5194805194805194,,,0.010815475710588896,0.1775922030210495,0.0032467532467531646,0.0032467532467531646,0.5162337662337663,0.009899845304022941,0.006712905981668211,0.31731050786293635,,0.9280399844086632
oxford,nasa,no_soh,xgboost,20,0,2,0.8441937642989684,0.9998921484037964,1.0,2,3,arm_a,platt,0.5162337662337663,,,0.009485231040610899,0.18224866688251495,0.0,0.0,0.5162337662337663,0.0,0.0,1.0,,1.0
oxford,nasa,no_soh,xgboost,20,0,2,0.8441937642989684,0.9998921484037964,1.0,2,3,arm_a,temp,0.5162337662337663,,,0.009386447967249663,0.1787494570037722,0.0,0.0,0.5162337662337663,0.0,0.0,1.0,,1.0
oxford,nasa,no_soh,xgboost,20,0,2,0.8441937642989684,0.9998921484037964,1.0,2,3,zeroshot,raw,0.5174825174825175,0.5179594689028651,0.006028443557285694,0.09994555275584689,0.20767076313495636,,,0.5174825174825175,,,,,
oxford,nasa,no_soh,xgboost,20,0,2,0.8441937642989684,0.9998921484037964,1.0,2,3,arm_b,warmstart,1.0,1.0,6.409875621278546e-17,0.14718367577279884,0.04930169880390167,,,0.5174825174825175,1.4768927829061385,1.0002235684971663,0.0,1.0,
oxford,nasa,no_soh,xgboost,20,0,2,0.8441937642989684,0.9998921484037964,1.0,2,3,arm_a,iso,0.520979020979021,,,0.0948684293455279,0.20589683949947357,0.0034965034965035446,0.0034965034965035446,0.5174825174825175,0.010702121615262022,0.007247996873167972,0.3173105078629219,,0.9280832626557644
oxford,nasa,no_soh,xgboost,20,0,2,0.8441937642989684,0.9998921484037964,1.0,2,3,arm_a,platt,0.5174825174825175,,,0.0958625526808032,0.21080172061920166,0.0,0.0,0.5174825174825175,0.0,0.0,1.0,,1.0
oxford,nasa,no_soh,xgboost,20,0,2,0.8441937642989684,0.9998921484037964,1.0,2,3,arm_a,temp,0.5174825174825175,,,0.09902264843310811,0.20748801795792016,0.0,0.0,0.5174825174825175,0.0,0.0,1.0,,1.0
oxford,nasa,no_soh,xgboost,20,0,2,0.8441937642989684,0.9998921484037964,1.0,2,3,zeroshot,raw,0.517605633802817,0.5181278190712153,0.0061509418595565215,0.1086307304177546,0.21324308216571808,,,0.517605633802817,,,,,
oxford,nasa,no_soh,xgboost,20,0,2,0.8441937642989684,0.9998921484037964,1.0,2,3,arm_b,warmstart,0.99704476861167,0.9987373737373737,0.0017856231848145125,0.17807071512997752,0.0885864794254303,,,0.517605633802817,1.4680237584889901,0.9940960825029865,0.0,1.0,
oxford,nasa,no_soh,xgboost,20,0,2,0.8441937642989684,0.9998921484037964,1.0,2,3,arm_a,iso,0.5211267605633803,,,0.11847286031703758,0.21481111645698547,0.0035211267605632646,0.0035211267605632646,0.517605633802817,0.010781551537754855,0.007300902376415138,0.3173105078629276,,0.9280722862094933
oxford,nasa,no_soh,xgboost,20,0,2,0.8441937642989684,0.9998921484037964,1.0,2,3,arm_a,platt,0.517605633802817,,,0.11937453987069821,0.2197267711162567,0.0,0.0,0.517605633802817,0.0,0.0,1.0,,1.0
oxford,nasa,no_soh,xgboost,20,0,2,0.8441937642989684,0.9998921484037964,1.0,2,3,arm_a,temp,0.517605633802817,,,0.12226761774341284,0.21639167055737807,0.0,0.0,0.517605633802817,0.0,0.0,1.0,,1.0
oxford,nasa,no_soh,xgboost,20,0,2,0.8441937642989684,0.9998921484037964,1.0,2,3,zeroshot,raw,0.5161290322580645,0.5164000147118321,0.005283066288891095,0.14219222588275893,0.23521314561367035,,,0.5161290322580645,,,,,
oxford,nasa,no_soh,xgboost,20,0,2,0.8441937642989684,0.9998921484037964,1.0,2,3,arm_b,warmstart,0.7741935483870968,0.7755489352311598,0.018663001205203776,0.2539364583954412,0.27911287546157837,,,0.5161290322580645,0.7866268175905483,0.5334522362620371,1.3228394332263782e-37,1.0,
oxford,nasa,no_soh,xgboost,20,0,2,0.8441937642989684,0.9998921484037964,1.0,2,3,arm_a,iso,0.5193548387096774,,,0.2734247464276358,0.2906365394592285,0.003225806451612856,0.003225806451612856,0.5161290322580645,0.00983283521988171,0.006668152953275366,0.3173105078629149,,0.9277944662064724
oxford,nasa,no_soh,xgboost,20,0,2,0.8441937642989684,0.9998921484037964,1.0,2,3,arm_a,platt,0.5161290322580645,,,0.2770521119236946,0.2933049201965332,0.0,0.0,0.5161290322580645,0.0,0.0,1.0,,0.9999999999999998
oxford,nasa,no_soh,xgboost,20,0,2,0.8441937642989684,0.9998921484037964,1.0,2,3,arm_a,temp,0.5161290322580645,,,0.275133697907048,0.2913595353592649,0.0,0.0,0.5161290322580645,0.0,0.0,1.0,,0.9999999999999998
oxford,calce,no_soh,xgboost,20,0,0,0.8943290572254448,0.9998921484037964,0.9971308761862724,0,5,zeroshot,raw,0.44968723037100955,,,0.7546322107315063,0.7503625154495239,,,0.44968723037100955,,,,,
oxford,calce,no_soh,xgboost,20,0,-1,0.8943290572254448,0.9998921484037964,0.9971308761862724,5,5,retrain_lfp,full,0.9998921484037964,,,0.03437691479921341,0.00598893640562892,,,0.44968723037100955,,,,,
oxford,calce,no_soh,xgboost,20,0,1,0.8943290572254448,0.9998921484037964,0.9971308761862724,1,4,zeroshot,raw,0.35299250590288467,0.3573291032605437,0.25176069477202884,0.7807413246020798,0.7761577367782593,,,0.35299250590288467,,,,,
oxford,calce,no_soh,xgboost,20,0,1,0.8943290572254448,0.9998921484037964,0.9971308761862724,1,4,arm_b,warmstart,0.35299250590288467,0.3573291032605437,0.25176069477202884,0.7807413246020798,0.7761577367782593,,,0.35299250590288467,0.0,0.0,1.0,0.9971308761862724,
oxford,calce,no_soh,xgboost,20,0,1,0.8943290572254448,0.9998921484037964,0.9971308761862724,1,4,arm_a,iso,0.34303459603736774,,,0.25170100677454427,0.24485477805137634,0.009957909865516923,0.009957909865516923,0.35299250590288467,-0.0183950443419872,-0.01539328392116539,0.024022388193002057,,0.9953703644731892
oxford,calce,no_soh,xgboost,20,0,1,0.8943290572254448,0.9998921484037964,0.9971308761862724,1,4,arm_a,platt,0.35299250590288467,,,0.2845067629236574,0.2297585904598236,0.0,0.0,0.35299250590288467,0.0,0.0,1.0,,0.9999787956680292
oxford,calce,no_soh,xgboost,20,0,1,0.8943290572254448,0.9998921484037964,0.9971308761862724,1,4,arm_a,temp,0.35299250590288467,,,0.5045721588098278,0.4200198303790023,0.0,0.0,0.35299250590288467,0.0,0.0,1.0,,1.0
oxford,calce,no_soh,xgboost,20,0,1,0.8943290572254448,0.9998921484037964,0.9971308761862724,1,4,zeroshot,raw,0.6304962311557788,0.4867664347969318,0.24677482941791334,0.7974276096232025,0.7930024266242981,,,0.6304962311557788,,,,,
oxford,calce,no_soh,xgboost,20,0,1,0.8943290572254448,0.9998921484037964,0.9971308761862724,1,4,arm_b,warmstart,0.6304962311557788,0.4867664347969318,0.24677482941791334,0.7974276096232025,0.7930024266242981,,,0.6304962311557788,0.0,0.0,1.0,0.9971308761862724,
oxford,calce,no_soh,xgboost,20,0,1,0.8943290572254448,0.9998921484037964,0.9971308761862724,1,4,arm_a,iso,0.5203622278056952,,,0.19194606175789466,0.19229622185230255,0.11013400335008361,0.11013400335008361,0.6304962311557788,-0.41743859166714287,-0.29814623878514096,0.0027590639952573795,,0.4521953108979669
oxford,calce,no_soh,xgboost,20,0,1,0.8943290572254448,0.9998921484037964,0.9971308761862724,1,4,arm_a,platt,0.6304962311557788,,,0.18791461074140361,0.19154314696788788,0.0,0.0,0.6304962311557788,0.0,0.0,1.0,,0.999999727914219
oxford,calce,no_soh,xgboost,20,0,1,0.8943290572254448,0.9998921484037964,0.9971308761862724,1,4,arm_a,temp,0.6304962311557788,,,0.5216792919392119,0.42730270717814184,0.0,0.0,0.6304962311557788,0.0,0.0,1.0,,1.0
oxford,calce,no_soh,xgboost,20,0,1,0.8943290572254448,0.9998921484037964,0.9971308761862724,1,4,zeroshot,raw,0.38216530631391316,0.36114728824634484,0.2563363243234978,0.7582982551367556,0.7538359761238098,,,0.38216530631391316,,,,,
oxford,calce,no_soh,xgboost,20,0,1,0.8943290572254448,0.9998921484037964,0.9971308761862724,1,4,arm_b,warmstart,0.38216530631391316,0.36114728824634484,0.2563363243234978,0.7582982551367556,0.7538359761238098,,,0.38216530631391316,0.0,0.0,1.0,0.9971308761862724,
oxford,calce,no_soh,xgboost,20,0,1,0.8943290572254448,0.9998921484037964,0.9971308761862724,1,4,arm_a,iso,0.37381555493010604,,,0.1873935114164821,0.22144903242588043,0.008349751383807114,0.008349751383807114,0.38216530631391316,-0.01630289408211048,-0.013516899080438812,0.22787315901994298,,0.990629539660796
oxford,calce,no_soh,xgboost,20,0,1,0.8943290572254448,0.9998921484037964,0.9971308761862724,1,4,arm_a,platt,0.38216530631391316,,,0.014956724845239378,0.17744261026382446,0.0,0.0,0.38216530631391316,0.0,0.0,1.0,,1.0
oxford,calce,no_soh,xgboost,20,0,1,0.8943290572254448,0.9998921484037964,0.9971308761862724,1,4,arm_a,temp,0.38216530631391316,,,0.4818415570030506,0.4100031699329046,0.0,0.0,0.38216530631391316,0.0,0.0,1.0,,1.0
oxford,calce,no_soh,xgboost,20,0,1,0.8943290572254448,0.9998921484037964,0.9971308761862724,1,4,zeroshot,raw,0.44818493150684935,0.3869017161822132,0.27853519956252243,0.725404503144624,0.7214035987854004,,,0.44818493150684935,,,,,
oxford,calce,no_soh,xgboost,20,0,1,0.8943290572254448,0.9998921484037964,0.9971308761862724,1,4,arm_b,warmstart,0.44818493150684935,0.3869017161822132,0.27853519956252243,0.725404503144624,0.7214035987854004,,,0.44818493150684935,0.0,0.0,1.0,0.9971308761862724,
oxford,calce,no_soh,xgboost,20,0,1,0.8943290572254448,0.9998921484037964,0.9971308761862724,1,4,arm_a,iso,0.4411301369863013,,,0.20868337630625172,0.24658100306987762,0.0070547945205480245,0.0070547945205480245,0.44818493150684935,-0.01581281499377585,-0.012787207244138305,0.24112267448138813,,0.9896221308503117
oxford,calce,no_soh,xgboost,20,0,1,0.8943290572254448,0.9998921484037964,0.9971308761862724,1,4,arm_a,platt,0.44818493150684935,,,0.20263715937133236,0.23604759573936462,0.0,0.0,0.44818493150684935,0.0,0.0,1.0,,0.9999983358780533
oxford,calce,no_soh,xgboost,20,0,1,0.8943290572254448,0.9998921484037964,0.9971308761862724,1,4,arm_a,temp,0.44818493150684935,,,0.44881186510463067,0.3957669233758463,0.0,0.0,0.44818493150684935,0.0,0.0,1.0,,1.0
oxford,calce,no_soh,xgboost,20,0,1,0.8943290572254448,0.9998921484037964,0.9971308761862724,1,4,zeroshot,raw,0.45618090452261306,0.5084926252731223,0.20990370013237064,0.7188503633450418,0.714901864528656,,,0.45618090452261306,,,,,
oxford,calce,no_soh,xgboost,20,0,1,0.8943290572254448,0.9998921484037964,0.9971308761862724,1,4,arm_b,warmstart,0.45618090452261306,0.5084926252731223,0.20990370013237064,0.7188503633450418,0.714901864528656,,,0.45618090452261306,0.0,0.0,1.0,0.9971308761862724,
oxford,calce,no_soh,xgboost,20,0,1,0.8943290572254448,0.9998921484037964,0.9971308761862724,1,4,arm_a,iso,0.5301507537688442,,,0.2514432459852121,0.261508971452713,0.07396984924623118,0.07396984924623118,0.45618090452261306,0.16882382999889142,0.13604620113833021,0.06666512294535762,,0.3956361902422526
oxford,calce,no_soh,xgboost,20,0,1,0.8943290572254448,0.9998921484037964,0.9971308761862724,1,4,arm_a,platt,0.45618090452261306,,,0.25178616268247583,0.26199352741241455,0.0,0.0,0.45618090452261306,0.0,0.0,1.0,,1.0
oxford,calce,no_soh,xgboost,20,0,1,0.8943290572254448,0.9998921484037964,0.9971308761862724,1,4,arm_a,temp,0.45618090452261306,,,0.4426006291684371,0.39293471304688754,0.0,0.0,0.45618090452261306,0.0,0.0,1.0,,1.0
oxford,calce,no_soh,xgboost,20,0,2,0.8943290572254448,0.9998921484037964,0.9971308761862724,2,3,zeroshot,raw,0.6130136986301369,0.4252483281569153,0.25701980235129207,0.8545664485389665,0.8496198654174805,,,0.6130136986301369,,,,,
oxford,calce,no_soh,xgboost,20,0,2,0.8943290572254448,0.9998921484037964,0.9971308761862724,2,3,arm_b,warmstart,0.6130136986301369,0.4252483281569153,0.25701980235129207,0.8545664485389665,0.8496198654174805,,,0.6130136986301369,0.0,0.0,1.0,0.9971308761862724,
oxford,calce,no_soh,xgboost,20,0,2,0.8943290572254448,0.9998921484037964,0.9971308761862724,2,3,arm_a,iso,0.5454139368671829,,,0.19685276646233169,0.19151555001735687,0.06759976176295401,0.06759976176295401,0.6130136986301369,-0.24029886637011197,-0.17473126715251983,0.10969762815233378,,0.6547563178061929
oxford,calce,no_soh,xgboost,20,0,2,0.8943290572254448,0.9998921484037964,0.9971308761862724,2,3,arm_a,platt,0.6130136986301369,,,0.21166786682308525,0.163293719291687,0.0,0.0,0.6130136986301369,0.0,0.0,1.0,,0.999996750081248
oxford,calce,no_soh,xgboost,20,0,2,0.8943290572254448,0.9998921484037964,0.9971308761862724,2,3,arm_a,temp,0.6130136986301369,,,0.5791659632373236,0.4523911951983385,0.0,0.0,0.6130136986301369,0.0,0.0,1.0,,1.0
oxford,calce,no_soh,xgboost,20,0,2,0.8943290572254448,0.9998921484037964,0.9971308761862724,2,3,zeroshot,raw,0.17852145522388058,0.25775613275613274,0.2117832793742314,0.7980835032032196,0.7930731773376465,,,0.17852145522388058,,,,,
oxford,calce,no_soh,xgboost,20,0,2,0.8943290572254448,0.9998921484037964,0.9971308761862724,2,3,arm_b,warmstart,0.17852145522388058,0.25775613275613274,0.2117832793742314,0.7980835032032196,0.7930731773376465,,,0.17852145522388058,0.0,0.0,1.0,0.9971308761862724,
oxford,calce,no_soh,xgboost,20,0,2,0.8943290572254448,0.9998921484037964,0.9971308761862724,2,3,arm_a,iso,0.16744402985074627,,,0.34151488793901646,0.24551714956760406,0.011077425373134303,0.011077425373134303,0.17852145522388058,-0.01547542292392432,-0.013486511589850292,0.3369186276317695,,0.9880075182140974
oxford,calce,no_soh,xgboost,20,0,2,0.8943290572254448,0.9998921484037964,0.9971308761862724,2,3,arm_a,platt,0.17852145522388058,,,0.08946264525634597,0.16278274357318878,0.0,0.0,0.17852145522388058,0.0,0.0,1.0,,0.99999689345482
oxford,calce,no_soh,xgboost,20,0,2,0.8943290572254448,0.9998921484037964,0.9971308761862724,2,3,arm_a,temp,0.17852145522388058,,,0.5216482083546184,0.4274163661394392,0.0,0.0,0.17852145522388058,0.0,0.0,1.0,,1.0
oxford,calce,no_soh,xgboost,20,0,2,0.8943290572254448,0.9998921484037964,0.9971308761862724,2,3,zeroshot,raw,0.3419075963718821,0.29209537000395724,0.2597874196808364,0.7461155503224104,0.7418324947357178,,,0.3419075963718821,,,,,
oxford,calce,no_soh,xgboost,20,0,2,0.8943290572254448,0.9998921484037964,0.9971308761862724,2,3,arm_b,warmstart,0.3419075963718821,0.29209537000395724,0.2597874196808364,0.7461155503224104,0.7418324947357178,,,0.3419075963718821,0.0,0.0,1.0,0.9971308761862724,
oxford,calce,no_soh,xgboost,20,0,2,0.8943290572254448,0.9998921484037964,0.9971308761862724,2,3,arm_a,iso,0.3370181405895692,,,0.2184592901896208,0.2444269061088562,0.004889455782312924,0.004889455782312924,0.3419075963718821,-0.008850951906825055,-0.0074309583214588444,0.5314891400709929,,0.9908384436459267
oxford,calce,no_soh,xgboost,20,0,2,0.8943290572254448,0.9998921484037964,0.9971308761862724,2,3,arm_a,platt,0.3419075963718821,,,0.16458182709339336,0.22245895862579346,0.0,0.0,0.3419075963718821,0.0,0.0,1.0,,0.9999836685679966
oxford,calce,no_soh,xgboost,20,0,2,0.8943290572254448,0.9998921484037964,0.9971308761862724,2,3,arm_a,temp,0.3419075963718821,,,0.46948667616249506,0.40489596613909856,0.0,0.0,0.3419075963718821,0.0,0.0,1.0,,1.0
oxford,calce,no_soh,xgboost,20,0,2,0.8943290572254448,0.9998921484037964,0.9971308761862724,2,3,zeroshot,raw,0.35897260273972603,0.45421658212516935,0.21670839623747795,0.7368473930626499,0.7326390743255615,,,0.35897260273972603,,,,,
oxford,calce,no_soh,xgboost,20,0,2,0.8943290572254448,0.9998921484037964,0.9971308761862724,2,3,arm_b,warmstart,0.35897260273972603,0.45421658212516935,0.21670839623747795,0.7368473930626499,0.7326390743255615,,,0.35897260273972603,0.0,0.0,1.0,0.9971308761862724,
oxford,calce,no_soh,xgboost,20,0,2,0.8943290572254448,0.9998921484037964,0.9971308761862724,2,3,arm_a,iso,0.5194520547945205,,,0.10763413646277421,0.19676990807056427,0.16047945205479447,0.16047945205479447,0.35897260273972603,0.2997618702644696,0.2503893868434271,3.4646738097666495e-09,,0.8703458781145414
oxford,calce,no_soh,xgboost,20,0,2,0.8943290572254448,0.9998921484037964,0.9971308761862724,2,3,arm_a,platt,0.35897260273972603,,,0.05134443972943995,0.19091925024986267,0.0,0.0,0.35897260273972603,0.0,0.0,1.0,,0.9999999999999999
oxford,calce,no_soh,xgboost,20,0,2,0.8943290572254448,0.9998921484037964,0.9971308761862724,2,3,arm_a,temp,0.35897260273972603,,,0.46069813811364335,0.4008900749508437,0.0,0.0,0.35897260273972603,0.0,0.0,1.0,,0.9999999999999999
oxford,calce,no_soh,xgboost,20,0,2,0.8943290572254448,0.9998921484037964,0.9971308761862724,2,3,zeroshot,raw,0.6141330743079164,0.43033924147131697,0.26165048441109695,0.8216789922519037,0.8169097304344177,,,0.6141330743079164,,,,,
oxford,calce,no_soh,xgboost,20,0,2,0.8943290572254448,0.9998921484037964,0.9971308761862724,2,3,arm_b,warmstart,0.6141330743079164,0.43033924147131697,0.26165048441109695,0.8216789922519037,0.8169097304344177,,,0.6141330743079164,0.0,0.0,1.0,0.9971308761862724,
oxford,calce,no_soh,xgboost,20,0,2,0.8943290572254448,0.9998921484037964,0.9971308761862724,2,3,arm_a,iso,0.5621661000485673,,,0.14814128643936583,0.16363516449928284,0.05196697425934915,0.05196697425934915,0.6141330743079164,-0.1854665213906542,-0.1347135498527063,0.1553245183133022,,0.6506111790947616
oxford,calce,no_soh,xgboost,20,0,2,0.8943290572254448,0.9998921484037964,0.9971308761862724,2,3,arm_a,platt,0.6141330743079164,,,0.14387047527036603,0.1610472947359085,0.0,0.0,0.6141330743079164,0.0,0.0,1.0,,0.9999999999999998
oxford,calce,no_soh,xgboost,20,0,2,0.8943290572254448,0.9998921484037964,0.9971308761862724,2,3,arm_a,temp,0.6141330743079164,,,0.5458592120694367,0.4377198040960782,0.0,0.0,0.6141330743079164,0.0,0.0,1.0,,0.9999999999999998
oxford,calce,no_soh,xgboost,20,0,2,0.8943290572254448,0.9998921484037964,0.9971308761862724,2,3,zeroshot,raw,0.6408602150537633,0.4646784787191414,0.28150590999872344,0.7675887149572372,0.7634937763214111,,,0.6408602150537633,,,,,
oxford,calce,no_soh,xgboost,20,0,2,0.8943290572254448,0.9998921484037964,0.9971308761862724,2,3,arm_b,warmstart,0.6408602150537633,0.4646784787191414,0.28150590999872344,0.7675887149572372,0.7634937763214111,,,0.6408602150537633,0.0,0.0,1.0,0.9971308761862724,
oxford,calce,no_soh,xgboost,20,0,2,0.8943290572254448,0.9998921484037964,0.9971308761862724,2,3,arm_a,iso,0.5185663082437276,,,0.04268973171710968,0.17439502477645874,0.12229390681003571,0.12229390681003571,0.6408602150537633,-0.4824810251320858,-0.34062125245780583,0.0015964259327355028,,0.4437124044114716
oxford,calce,no_soh,xgboost,20,0,2,0.8943290572254448,0.9998921484037964,0.9971308761862724,2,3,arm_a,platt,0.6408602150537633,,,0.034775215182453384,0.17400333285331726,0.0,0.0,0.6408602150537633,0.0,0.0,1.0,,1.0
oxford,calce,no_soh,xgboost,20,0,2,0.8943290572254448,0.9998921484037964,0.9971308761862724,2,3,arm_a,temp,0.6408602150537633,,,0.4914911226434677,0.41426841559203337,0.0,0.0,0.6408602150537633,0.0,0.0,1.0,,1.0
oxford,calce,no_soh,xgboost,20,0,2,0.8943290572254448,0.9998921484037964,0.9971308761862724,2,3,zeroshot,raw,0.6443078198397346,0.6267996908403536,0.05253415447589258,0.7584442594158116,0.7544214129447937,,,0.6443078198397346,,,,,
oxford,calce,no_soh,xgboost,20,0,2,0.8943290572254448,0.9998921484037964,0.9971308761862724,2,3,arm_b,warmstart,0.6443078198397346,0.6267996908403536,0.05253415447589258,0.7584442594158116,0.7544214129447937,,,0.6443078198397346,0.0,0.0,1.0,0.9971308761862724,
oxford,calce,no_soh,xgboost,20,0,2,0.8943290572254448,0.9998921484037964,0.9971308761862724,2,3,arm_a,iso,0.5292207792207793,,,0.011315065829908086,0.17672505974769592,0.11508704061895536,0.11508704061895536,0.6443078198397346,-0.46030905943165734,-0.32365611016578133,0.0030112771766210075,,0.4182956011115009
oxford,calce,no_soh,xgboost,20,0,2,0.8943290572254448,0.9998921484037964,0.9971308761862724,2,3,arm_a,platt,0.6443078198397346,,,0.011592923559304046,0.17757977545261383,0.0,0.0,0.6443078198397346,0.0,0.0,1.0,,1.0
oxford,calce,no_soh,xgboost,20,0,2,0.8943290572254448,0.9998921484037964,0.9971308761862724,2,3,arm_a,temp,0.6443078198397346,,,0.48281173008597594,0.41031554433655637,0.0,0.0,0.6443078198397346,0.0,0.0,1.0,,1.0
oxford,calce,no_soh,xgboost,20,0,2,0.8943290572254448,0.9998921484037964,0.9971308761862724,2,3,zeroshot,raw,0.3763921263921264,0.2971862833183588,0.2669214134372085,0.7186694375149489,0.7145337462425232,,,0.3763921263921264,,,,,
oxford,calce,no_soh,xgboost,20,0,2,0.8943290572254448,0.9998921484037964,0.9971308761862724,2,3,arm_b,warmstart,0.3763921263921264,0.2971862833183588,0.2669214134372085,0.7186694375149489,0.7145337462425232,,,0.3763921263921264,0.0,0.0,1.0,0.9971308761862724,
oxford,calce,no_soh,xgboost,20,0,2,0.8943290572254448,0.9998921484037964,0.9971308761862724,2,3,arm_a,iso,0.3704998704998705,,,0.16589246440659924,0.24922063946723938,0.005892255892255893,0.005892255892255893,0.3763921263921264,-0.011376396509852527,-0.009450289790279443,0.37930441017121397,,0.9922690254452711
oxford,calce,no_soh,xgboost,20,0,2,0.8943290572254448,0.9998921484037964,0.9971308761862724,2,3,arm_a,platt,0.3763921263921264,,,0.12668670432140983,0.2311483472585678,0.0,0.0,0.3763921263921264,0.0,0.0,1.0,,0.9999833244642359
oxford,calce,no_soh,xgboost,20,0,2,0.8943290572254448,0.9998921484037964,0.9971308761862724,2,3,arm_a,temp,0.3763921263921264,,,0.4416892351698099,0.39264308583266183,0.0,0.0,0.3763921263921264,0.0,0.0,1.0,,1.0
oxford,calce,no_soh,xgboost,20,0,2,0.8943290572254448,0.9998921484037964,0.9971308761862724,2,3,zeroshot,raw,0.3904678068410463,0.4593074954395709,0.22151608621506547,0.7096334969756579,0.705571174621582,,,0.3904678068410463,,,,,
oxford,calce,no_soh,xgboost,20,0,2,0.8943290572254448,0.9998921484037964,0.9971308761862724,2,3,arm_b,warmstart,0.3904678068410463,0.4593074954395709,0.22151608621506547,0.7096334969756579,0.705571174621582,,,0.3904678068410463,0.0,0.0,1.0,0.9971308761862724,
oxford,calce,no_soh,xgboost,20,0,2,0.8943290572254448,0.9998921484037964,0.9971308761862724,2,3,arm_a,iso,0.5412474849094566,,,0.13105818079878584,0.21883727610111237,0.1507796780684103,0.1507796780684103,0.3904678068410463,0.29924841006007047,0.24741328461177836,1.7545821770802543e-08,,0.8597287202524574
oxford,calce,no_soh,xgboost,20,0,2,0.8943290572254448,0.9998921484037964,0.9971308761862724,2,3,arm_a,platt,0.3904678068410463,,,0.11942779925661258,0.21491877734661102,0.0,0.0,0.3904678068410463,0.0,0.0,1.0,,1.0
oxford,calce,no_soh,xgboost,20,0,2,0.8943290572254448,0.9998921484037964,0.9971308761862724,2,3,arm_a,temp,0.3904678068410463,,,0.4331298613486875,0.38873954142563405,0.0,0.0,0.3904678068410463,0.0,0.0,1.0,,1.0
oxford,calce,no_soh,xgboost,20,0,2,0.8943290572254448,0.9998921484037964,0.9971308761862724,2,3,zeroshot,raw,0.45649641577060934,0.4936467326873954,0.24055037379381847,0.6762912664644518,0.6727325320243835,,,0.45649641577060934,,,,,
oxford,calce,no_soh,xgboost,20,0,2,0.8943290572254448,0.9998921484037964,0.9971308761862724,2,3,arm_b,warmstart,0.45649641577060934,0.4936467326873954,0.24055037379381847,0.6762912664644518,0.6727325320243835,,,0.45649641577060934,0.0,0.0,1.0,0.9971308761862724,
oxford,calce,no_soh,xgboost,20,0,2,0.8943290572254448,0.9998921484037964,0.9971308761862724,2,3,arm_a,iso,0.5290322580645161,,,0.2729260865188643,0.29004693031311035,0.0725358422939068,0.0725358422939068,0.45649641577060934,0.16567024800362956,0.1334862199642471,0.08593447394917356,,0.37546220165400046
oxford,calce,no_soh,xgboost,20,0,2,0.8943290572254448,0.9998921484037964,0.9971308761862724,2,3,arm_a,platt,0.45649641577060934,,,0.2733140717781588,0.29067593812942505,0.0,0.0,0.45649641577060934,0.0,0.0,1.0,,1.0
oxford,calce,no_soh,xgboost,20,0,2,0.8943290572254448,0.9998921484037964,0.9971308761862724,2,3,arm_a,temp,0.45649641577060934,,,0.39963000798176196,0.3743349155077218,0.0,0.0,0.45649641577060934,0.0,0.0,1.0,,1.0
oxford,nasa+calce,no_soh,xgboost,20,0,0,0.9065068747877996,0.9998921484037964,0.6902901785714286,0,5,zeroshot,raw,0.39546484037963764,,,0.7436609472963027,0.7392169833183289,,,0.39546484037963764,,,,,
oxford,nasa+calce,no_soh,xgboost,20,0,-1,0.9065068747877996,0.9998921484037964,0.6902901785714286,5,5,retrain_lfp,full,0.9998921484037964,,,0.03437691479921341,0.00598893640562892,,,0.39546484037963764,,,,,
oxford,nasa+calce,no_soh,xgboost,20,0,1,0.9065068747877996,0.9998921484037964,0.6902901785714286,1,4,zeroshot,raw,0.35745816651267837,0.33212307083498216,0.20555544488092806,0.7693057870569308,0.7643046379089355,,,0.35745816651267837,,,,,
oxford,nasa+calce,no_soh,xgboost,20,0,1,0.9065068747877996,0.9998921484037964,0.6902901785714286,1,4,arm_b,warmstart,0.35745816651267837,0.33212307083498216,0.20555544488092806,0.7693057870569308,0.7643046379089355,,,0.35745816651267837,0.0,0.0,1.0,0.6902901785714286,
oxford,nasa+calce,no_soh,xgboost,20,0,1,0.9065068747877996,0.9998921484037964,0.6902901785714286,1,4,arm_a,iso,0.5044143311774972,,,0.1276931396015912,0.17829343676567078,0.14695616466481887,0.14695616466481887,0.35745816651267837,0.2676559701351324,0.2287490525208947,3.322023795173357e-07,,0.7748665674683727
oxford,nasa+calce,no_soh,xgboost,20,0,1,0.9065068747877996,0.9998921484037964,0.6902901785714286,1,4,arm_a,platt,0.35745816651267837,,,0.10547912182021697,0.17627444863319397,0.0,0.0,0.35745816651267837,0.0,0.0,1.0,,1.0
oxford,nasa+calce,no_soh,xgboost,20,0,1,0.9065068747877996,0.9998921484037964,0.6902901785714286,1,4,arm_a,temp,0.35745816651267837,,,0.4399716182283714,0.3589001877910135,0.0,0.0,0.35745816651267837,0.0,0.0,1.0,,1.0
oxford,nasa+calce,no_soh,xgboost,20,0,1,0.9065068747877996,0.9998921484037964,0.6902901785714286,1,4,zeroshot,raw,0.5077470686767169,0.3972271439107534,0.19406654012878521,0.7861246033929862,0.7814159393310547,,,0.5077470686767169,,,,,
oxford,nasa+calce,no_soh,xgboost,20,0,1,0.9065068747877996,0.9998921484037964,0.6902901785714286,1,4,arm_b,warmstart,0.5077470686767169,0.3972271439107534,0.19406654012878521,0.7861246033929862,0.7814159393310547,,,0.5077470686767169,0.0,0.0,1.0,0.6902901785714286,
oxford,nasa+calce,no_soh,xgboost,20,0,1,0.9065068747877996,0.9998921484037964,0.6902901785714286,1,4,arm_a,iso,0.5306218592964824,,,0.18592291020671367,0.1907704472541809,0.022874790619765495,0.022874790619765495,0.5077470686767169,0.057364835344997776,0.04647977103103577,0.5613106569877827,,0.5090541967259595
oxford,nasa+calce,no_soh,xgboost,20,0,1,0.9065068747877996,0.9998921484037964,0.6902901785714286,1,4,arm_a,platt,0.5077470686767169,,,0.18749918379945313,0.19114328920841217,0.0,0.0,0.5077470686767169,0.0,0.0,1.0,,1.0
oxford,nasa+calce,no_soh,xgboost,20,0,1,0.9065068747877996,0.9998921484037964,0.6902901785714286,1,4,arm_a,temp,0.5077470686767169,,,0.45734157545511833,0.3644564787832467,0.0,0.0,0.5077470686767169,0.0,0.0,1.0,,1.0
oxford,nasa+calce,no_soh,xgboost,20,0,1,0.9065068747877996,0.9998921484037964,0.6902901785714286,1,4,zeroshot,raw,0.3238577727741815,0.29109613656783473,0.1528893758018899,0.7463063890664059,0.741965651512146,,,0.3238577727741815,,,,,
oxford,nasa+calce,no_soh,xgboost,20,0,1,0.9065068747877996,0.9998921484037964,0.6902901785714286,1,4,arm_b,warmstart,0.3238577727741815,0.29109613656783473,0.1528893758018899,0.7463063890664059,0.741965651512146,,,0.3238577727741815,0.0,0.0,1.0,0.6902901785714286,
oxford,nasa+calce,no_soh,xgboost,20,0,1,0.9065068747877996,0.9998921484037964,0.6902901785714286,1,4,arm_a,iso,0.3296275447978234,,,0.10588699610728283,0.2161276936531067,0.005769772023641928,0.005769772023641928,0.3238577727741815,0.009902653249960853,0.008534731711339876,0.6014197304928411,,0.9612290012688348
oxford,nasa+calce,no_soh,xgboost,20,0,1,0.9065068747877996,0.9998921484037964,0.6902901785714286,1,4,arm_a,platt,0.3238577727741815,,,0.22633090276332174,0.20870564877986908,0.0,0.0,0.3238577727741815,0.0,0.0,1.0,,0.9999786336144961
oxford,nasa+calce,no_soh,xgboost,20,0,1,0.9065068747877996,0.9998921484037964,0.6902901785714286,1,4,arm_a,temp,0.3238577727741815,,,0.4174321511412685,0.3525606141921344,0.0,0.0,0.3238577727741815,0.0,0.0,1.0,,1.0
oxford,nasa+calce,no_soh,xgboost,20,0,1,0.9065068747877996,0.9998921484037964,0.6902901785714286,1,4,zeroshot,raw,0.40181506849315063,0.34286206454567403,0.21074829813258883,0.71510855225853,0.7109627723693848,,,0.40181506849315063,,,,,
oxford,nasa+calce,no_soh,xgboost,20,0,1,0.9065068747877996,0.9998921484037964,0.6902901785714286,1,4,arm_b,warmstart,0.40181506849315063,0.34286206454567403,0.21074829813258883,0.71510855225853,0.7109627723693848,,,0.40181506849315063,0.0,0.0,1.0,0.6902901785714286,
oxford,nasa+calce,no_soh,xgboost,20,0,1,0.9065068747877996,0.9998921484037964,0.6902901785714286,1,4,arm_a,iso,0.3616438356164383,,,0.21142194151277943,0.24991196393966675,0.040171232876712315,0.040171232876712315,0.40181506849315063,-0.07959557174435197,-0.06716731710018715,0.04734305365024666,,0.8641599771903484
oxford,nasa+calce,no_soh,xgboost,20,0,1,0.9065068747877996,0.9998921484037964,0.6902901785714286,1,4,arm_a,platt,0.40181506849315063,,,0.20888541082104484,0.24104708433151245,0.0,0.0,0.40181506849315063,0.0,0.0,1.0,,0.9999849158035096
oxford,nasa+calce,no_soh,xgboost,20,0,1,0.9065068747877996,0.9998921484037964,0.6902901785714286,1,4,arm_a,temp,0.40181506849315063,,,0.3843501099687596,0.342321745366286,0.0,0.0,0.40181506849315063,0.0,0.0,1.0,,0.9999999999999998
oxford,nasa+calce,no_soh,xgboost,20,0,1,0.9065068747877996,0.9998921484037964,0.6902901785714286,1,4,zeroshot,raw,0.39829145728643217,0.4248065089901184,0.15144682078450958,0.7088241146428741,0.7047219276428223,,,0.39829145728643217,,,,,
oxford,nasa+calce,no_soh,xgboost,20,0,1,0.9065068747877996,0.9998921484037964,0.6902901785714286,1,4,arm_b,warmstart,0.39829145728643217,0.4248065089901184,0.15144682078450958,0.7088241146428741,0.7047219276428223,,,0.39829145728643217,0.0,0.0,1.0,0.6902901785714286,
oxford,nasa+calce,no_soh,xgboost,20,0,1,0.9065068747877996,0.9998921484037964,0.6902901785714286,1,4,arm_a,iso,0.5402010050251256,,,0.2510548751583717,0.26122623682022095,0.1419095477386934,0.1419095477386934,0.39829145728643217,0.27923109542089325,0.23588661022832633,4.02462394384634e-05,,0.45117025106253794
oxford,nasa+calce,no_soh,xgboost,20,0,1,0.9065068747877996,0.9998921484037964,0.6902901785714286,1,4,arm_a,platt,0.39829145728643217,,,0.2516405802002571,0.2618534564971924,0.0,0.0,0.39829145728643217,0.0,0.0,1.0,,1.0
oxford,nasa+calce,no_soh,xgboost,20,0,1,0.9065068747877996,0.9998921484037964,0.6902901785714286,1,4,arm_a,temp,0.39829145728643217,,,0.37833649545109027,0.3405329289152381,0.0,0.0,0.39829145728643217,0.0,0.0,1.0,,1.0
oxford,nasa+calce,no_soh,xgboost,20,0,2,0.9065068747877996,0.9998921484037964,0.6902901785714286,2,3,zeroshot,raw,0.5369267421083979,0.37642864471119325,0.2201941243257718,0.8424454351677697,0.836816668510437,,,0.5369267421083979,,,,,
oxford,nasa+calce,no_soh,xgboost,20,0,2,0.9065068747877996,0.9998921484037964,0.6902901785714286,2,3,arm_b,warmstart,0.5369267421083979,0.37642864471119325,0.2201941243257718,0.8424454351677697,0.836816668510437,,,0.5369267421083979,0.0,0.0,1.0,0.6902901785714286,
oxford,nasa+calce,no_soh,xgboost,20,0,2,0.9065068747877996,0.9998921484037964,0.6902901785714286,2,3,arm_a,iso,0.5247170935080405,,,0.21046808917494217,0.16399462521076202,0.012209648600357337,0.012209648600357337,0.5369267421083979,-0.03303653936113713,-0.026372701792252012,0.8024860753280258,,0.6236562245313906
oxford,nasa+calce,no_soh,xgboost,20,0,2,0.9065068747877996,0.9998921484037964,0.6902901785714286,2,3,arm_a,platt,0.5369267421083979,,,0.2111450397924757,0.16269609332084656,0.0,0.0,0.5369267421083979,0.0,0.0,1.0,,1.0
oxford,nasa+calce,no_soh,xgboost,20,0,2,0.9065068747877996,0.9998921484037964,0.6902901785714286,2,3,arm_a,temp,0.5369267421083979,,,0.5145921266161254,0.3814188435562272,0.0,0.0,0.5369267421083979,0.0,0.0,1.0,,1.0
oxford,nasa+calce,no_soh,xgboost,20,0,2,0.9065068747877996,0.9998921484037964,0.6902901785714286,2,3,zeroshot,raw,0.21396921641791045,0.2349206349206349,0.1361768471615636,0.7849352815783167,0.7798307538032532,,,0.21396921641791045,,,,,
oxford,nasa+calce,no_soh,xgboost,20,0,2,0.9065068747877996,0.9998921484037964,0.6902901785714286,2,3,arm_b,warmstart,0.21396921641791045,0.2349206349206349,0.1361768471615636,0.7849352815783167,0.7798307538032532,,,0.21396921641791045,0.0,0.0,1.0,0.6902901785714286,
oxford,nasa+calce,no_soh,xgboost,20,0,2,0.9065068747877996,0.9998921484037964,0.6902901785714286,2,3,arm_a,iso,0.4253731343283582,,,0.14887255493057777,0.19052332639694214,0.21140391791044777,0.21140391791044777,0.21396921641791045,0.3052598156294563,0.2689881021492376,1.4931348782970936e-09,,0.7799618721006506
oxford,nasa+calce,no_soh,xgboost,20,0,2,0.9065068747877996,0.9998921484037964,0.6902901785714286,2,3,arm_a,platt,0.21396921641791045,,,0.2592650232668293,0.16514234244823456,0.0,0.0,0.21396921641791045,0.0,0.0,1.0,,0.9999969136564528
oxford,nasa+calce,no_soh,xgboost,20,0,2,0.9065068747877996,0.9998921484037964,0.6902901785714286,2,3,arm_a,temp,0.21396921641791045,,,0.45696472975409924,0.36423990460494704,0.0,0.0,0.21396921641791045,0.0,0.0,1.0,,1.0
oxford,nasa+calce,no_soh,xgboost,20,0,2,0.9065068747877996,0.9998921484037964,0.6902901785714286,2,3,zeroshot,raw,0.3647250566893424,0.30394187222442065,0.23056597336355455,0.7355136611522772,0.7307955026626587,,,0.3647250566893424,,,,,
oxford,nasa+calce,no_soh,xgboost,20,0,2,0.9065068747877996,0.9998921484037964,0.6902901785714286,2,3,arm_b,warmstart,0.3647250566893424,0.30394187222442065,0.23056597336355455,0.7355136611522772,0.7307955026626587,,,0.3647250566893424,0.0,0.0,1.0,0.6902901785714286,
oxford,nasa+calce,no_soh,xgboost,20,0,2,0.9065068747877996,0.9998921484037964,0.6902901785714286,2,3,arm_a,iso,0.5095663265306123,,,0.03569836145959413,0.19200529158115387,0.14484126984126988,0.14484126984126988,0.3647250566893424,0.26734243380413353,0.22803648320367453,0.00011426662269487261,,0.6524268118557629
oxford,nasa+calce,no_soh,xgboost,20,0,2,0.9065068747877996,0.9998921484037964,0.6902901785714286,2,3,arm_a,platt,0.3647250566893424,,,0.031612758987989195,0.18421021103858948,0.0,0.0,0.3647250566893424,0.0,0.0,1.0,,1.0
oxford,nasa+calce,no_soh,xgboost,20,0,2,0.9065068747877996,0.9998921484037964,0.6902901785714286,2,3,arm_a,temp,0.3647250566893424,,,0.40477066811375517,0.3481685681360847,0.0,0.0,0.3647250566893424,0.0,0.0,1.0,,1.0
oxford,nasa+calce,no_soh,xgboost,20,0,2,0.9065068747877996,0.9998921484037964,0.6902901785714286,2,3,zeroshot,raw,0.36376712328767125,0.4132011314836799,0.17332853261762576,0.7266240925813208,0.7219699025154114,,,0.36376712328767125,,,,,
oxford,nasa+calce,no_soh,xgboost,20,0,2,0.9065068747877996,0.9998921484037964,0.6902901785714286,2,3,arm_b,warmstart,0.36376712328767125,0.4132011314836799,0.17332853261762576,0.7266240925813208,0.7219699025154114,,,0.36376712328767125,0.0,0.0,1.0,0.6902901785714286,
oxford,nasa+calce,no_soh,xgboost,20,0,2,0.9065068747877996,0.9998921484037964,0.6902901785714286,2,3,arm_a,iso,0.5331506849315069,,,0.0661030004219133,0.19226163625717163,0.1693835616438356,0.1693835616438356,0.36376712328767125,0.3120898389617875,0.26627401054205424,1.5194924740301534e-05,,0.5420828698776806
oxford,nasa+calce,no_soh,xgboost,20,0,2,0.9065068747877996,0.9998921484037964,0.6902901785714286,2,3,arm_a,platt,0.36376712328767125,,,0.04594949512166909,0.18981388211250305,0.0,0.0,0.36376712328767125,0.0,0.0,1.0,,0.9999999999999999
oxford,nasa+calce,no_soh,xgboost,20,0,2,0.9065068747877996,0.9998921484037964,0.6902901785714286,2,3,arm_a,temp,0.36376712328767125,,,0.39625969395055943,0.3456380450220188,0.0,0.0,0.36376712328767125,0.0,0.0,1.0,,0.9999999999999999
oxford,nasa+calce,no_soh,xgboost,20,0,2,0.9065068747877996,0.9998921484037964,0.6902901785714286,2,3,zeroshot,raw,0.4505828071879553,0.32172606568832984,0.1655720731657842,0.8087720609329947,0.8040930032730103,,,0.4505828071879553,,,,,
oxford,nasa+calce,no_soh,xgboost,20,0,2,0.9065068747877996,0.9998921484037964,0.6902901785714286,2,3,arm_b,warmstart,0.4505828071879553,0.32172606568832984,0.1655720731657842,0.8087720609329947,0.8040930032730103,,,0.4505828071879553,0.0,0.0,1.0,0.6902901785714286,
oxford,nasa+calce,no_soh,xgboost,20,0,2,0.9065068747877996,0.9998921484037964,0.6902901785714286,2,3,arm_a,iso,0.4589606605148131,,,0.17872268789344364,0.169792041182518,0.00837785332685781,0.00837785332685781,0.4505828071879553,0.018375545232700654,0.015251612703898812,0.6418874690270487,,0.9522514095416743
oxford,nasa+calce,no_soh,xgboost,20,0,2,0.9065068747877996,0.9998921484037964,0.6902901785714286,2,3,arm_a,platt,0.4505828071879553,,,0.1431557175511704,0.16088390350341797,0.0,0.0,0.4505828071879553,0.0,0.0,1.0,,1.0
oxford,nasa+calce,no_soh,xgboost,20,0,2,0.9065068747877996,0.9998921484037964,0.6902901785714286,2,3,arm_a,temp,0.4505828071879553,,,0.48155779336449633,0.3721095261898122,0.0,0.0,0.4505828071879553,0.0,0.0,1.0,,1.0
oxford,nasa+calce,no_soh,xgboost,20,0,2,0.9065068747877996,0.9998921484037964,0.6902901785714286,2,3,zeroshot,raw,0.5236559139784946,0.3907473029921156,0.22371367707426038,0.7571295952051879,0.7527656555175781,,,0.5236559139784946,,,,,
oxford,nasa+calce,no_soh,xgboost,20,0,2,0.9065068747877996,0.9998921484037964,0.6902901785714286,2,3,arm_b,warmstart,0.5236559139784946,0.3907473029921156,0.22371367707426038,0.7571295952051879,0.7527656555175781,,,0.5236559139784946,0.0,0.0,1.0,0.6902901785714286,
oxford,nasa+calce,no_soh,xgboost,20,0,2,0.9065068747877996,0.9998921484037964,0.6902901785714286,2,3,arm_a,iso,0.5284587813620072,,,0.03516253530979155,0.17248329520225525,0.0048028673835125435,0.0048028673835125435,0.5236559139784946,0.012545005433340977,0.010085052409563934,0.9092543615285897,,0.49959159264582426
oxford,nasa+calce,no_soh,xgboost,20,0,2,0.9065068747877996,0.9998921484037964,0.6902901785714286,2,3,arm_a,platt,0.5236559139784946,,,0.03444654929917305,0.1736413538455963,0.0,0.0,0.5236559139784946,0.0,0.0,1.0,,1.0
oxford,nasa+calce,no_soh,xgboost,20,0,2,0.9065068747877996,0.9998921484037964,0.6902901785714286,2,3,arm_a,temp,0.5236559139784946,,,0.42710258904165327,0.355298878002866,0.0,0.0,0.5236559139784946,0.0,0.0,1.0,,1.0
oxford,nasa+calce,no_soh,xgboost,20,0,2,0.9065068747877996,0.9998921484037964,0.6902901785714286,2,3,zeroshot,raw,0.5156811273832551,0.5000065622513749,0.08922627037853786,0.7483536736733878,0.7440502643585205,,,0.5156811273832551,,,,,
oxford,nasa+calce,no_soh,xgboost,20,0,2,0.9065068747877996,0.9998921484037964,0.6902901785714286,2,3,arm_b,warmstart,0.5156811273832551,0.5000065622513749,0.08922627037853786,0.7483536736733878,0.7440502643585205,,,0.5156811273832551,0.0,0.0,1.0,0.6902901785714286,
oxford,nasa+calce,no_soh,xgboost,20,0,2,0.9065068747877996,0.9998921484037964,0.6902901785714286,2,3,arm_a,iso,0.538961038961039,,,0.012433449316084103,0.17590387165546417,0.023279911577783863,0.023279911577783863,0.5156811273832551,0.05956596189576728,0.04807802913844929,0.5716841103407941,,0.47496388432772496
oxford,nasa+calce,no_soh,xgboost,20,0,2,0.9065068747877996,0.9998921484037964,0.6902901785714286,2,3,arm_a,platt,0.5156811273832551,,,0.011296458060468603,0.17740853130817413,0.0,0.0,0.5156811273832551,0.0,0.0,1.0,,1.0
oxford,nasa+calce,no_soh,xgboost,20,0,2,0.9065068747877996,0.9998921484037964,0.6902901785714286,2,3,arm_a,temp,0.5156811273832551,,,0.4186922265694429,0.3527958290465291,0.0,0.0,0.5156811273832551,0.0,0.0,1.0,,1.0
oxford,nasa+calce,no_soh,xgboost,20,0,2,0.9065068747877996,0.9998921484037964,0.6902901785714286,2,3,zeroshot,raw,0.324074074074074,0.24923929320155735,0.15543133627993339,0.7073702503581942,0.7034671902656555,,,0.324074074074074,,,,,
oxford,nasa+calce,no_soh,xgboost,20,0,2,0.9065068747877996,0.9998921484037964,0.6902901785714286,2,3,arm_b,warmstart,0.324074074074074,0.24923929320155735,0.15543133627993339,0.7073702503581942,0.7034671902656555,,,0.324074074074074,0.0,0.0,1.0,0.6902901785714286,
oxford,nasa+calce,no_soh,xgboost,20,0,2,0.9065068747877996,0.9998921484037964,0.6902901785714286,2,3,arm_a,iso,0.31047656047656047,,,0.11775962943754864,0.2338680475950241,0.013597513597513544,0.013597513597513544,0.324074074074074,-0.023346064268445838,-0.020120079817337797,0.2334957766717295,,0.9598946535123208
oxford,nasa+calce,no_soh,xgboost,20,0,2,0.9065068747877996,0.9998921484037964,0.6902901785714286,2,3,arm_a,platt,0.324074074074074,,,0.19177752249131952,0.227178156375885,0.0,0.0,0.324074074074074,0.0,0.0,1.0,,0.99998343519874
oxford,nasa+calce,no_soh,xgboost,20,0,2,0.9065068747877996,0.9998921484037964,0.6902901785714286,2,3,arm_a,temp,0.324074074074074,,,0.37721113476845647,0.3404254578882844,0.0,0.0,0.324074074074074,0.0,0.0,1.0,,1.0
oxford,nasa+calce,no_soh,xgboost,20,0,2,0.9065068747877996,0.9998921484037964,0.6902901785714286,2,3,zeroshot,raw,0.3203596579476861,0.35849855246081663,0.11399359179918855,0.6987124898216941,0.6948687434196472,,,0.3203596579476861,,,,,
oxford,nasa+calce,no_soh,xgboost,20,0,2,0.9065068747877996,0.9998921484037964,0.6902901785714286,2,3,arm_b,warmstart,0.3203596579476861,0.35849855246081663,0.11399359179918855,0.6987124898216941,0.6948687434196472,,,0.3203596579476861,0.0,0.0,1.0,0.6902901785714286,
oxford,nasa+calce,no_soh,xgboost,20,0,2,0.9065068747877996,0.9998921484037964,0.6902901785714286,2,3,arm_a,iso,0.3299798792756539,,,0.159509093256084,0.22942180931568146,0.009620221327967804,0.009620221327967804,0.3203596579476861,0.016412636708965155,0.014157117522828964,0.3991945665313966,,0.95886083239263
oxford,nasa+calce,no_soh,xgboost,20,0,2,0.9065068747877996,0.9998921484037964,0.6902901785714286,2,3,arm_a,platt,0.3203596579476861,,,0.11995001637724913,0.21488867700099945,0.0,0.0,0.3203596579476861,0.0,0.0,1.0,,0.9999999999999999
oxford,nasa+calce,no_soh,xgboost,20,0,2,0.9065068747877996,0.9998921484037964,0.6902901785714286,2,3,arm_a,temp,0.3203596579476861,,,0.3689253196036025,0.3379596022311676,0.0,0.0,0.3203596579476861,0.0,0.0,1.0,,0.9999999999999999
oxford,nasa+calce,no_soh,xgboost,20,0,2,0.9065068747877996,0.9998921484037964,0.6902901785714286,2,3,zeroshot,raw,0.40716845878136204,0.42751978976460236,0.1747915095117678,0.6672729568859553,0.6636001467704773,,,0.40716845878136204,,,,,
oxford,nasa+calce,no_soh,xgboost,20,0,2,0.9065068747877996,0.9998921484037964,0.6902901785714286,2,3,arm_b,warmstart,0.40716845878136204,0.42751978976460236,0.1747915095117678,0.6672729568859553,0.6636001467704773,,,0.40716845878136204,0.0,0.0,1.0,0.6902901785714286,
oxford,nasa+calce,no_soh,xgboost,20,0,2,0.9065068747877996,0.9998921484037964,0.6902901785714286,2,3,arm_a,iso,0.5387096774193548,,,0.2726094778216883,0.28942573070526123,0.13154121863799279,0.13154121863799279,0.40716845878136204,0.263431000742985,0.2219267104403819,0.00038105621710488247,,0.4292139504340199
oxford,nasa+calce,no_soh,xgboost,20,0,2,0.9065068747877996,0.9998921484037964,0.6902901785714286,2,3,arm_a,platt,0.40716845878136204,,,0.2733456287122771,0.2907239496707916,0.0,0.0,0.40716845878136204,0.0,0.0,1.0,,0.9999999999999999
oxford,nasa+calce,no_soh,xgboost,20,0,2,0.9065068747877996,0.9998921484037964,0.6902901785714286,2,3,arm_a,temp,0.40716845878136204,,,0.3353363366718727,0.32751122406998456,0.0,0.0,0.40716845878136204,0.0,0.0,1.0,,0.9999999999999999
