cell,y,p_raw,p_iso,p_platt,p_temp
1. BatteryAgingARC-FY08Q4_B0007,1,0.7690814137458801,0.3220338983050847,0.4469509929210712,0.5522482008507784
1. BatteryAgingARC-FY08Q4_B0007,1,0.8517796397209167,0.3523809523809524,0.4772828657892379,0.5756307358048206
1. BatteryAgingARC-FY08Q4_B0007,1,0.8440150022506714,0.3220338983050847,0.4744243121949808,0.5730641436383334
1. BatteryAgingARC-FY08Q4_B0007,1,0.9480319023132324,0.35714285714285715,0.512782661253539,0.6239274907473514
1. BatteryAgingARC-FY08Q4_B0007,1,0.9463602304458618,0.3523809523809524,0.5121661784513907,0.6225591194579115
1. BatteryAgingARC-FY08Q4_B0007,1,0.6736888289451599,0.30414746543778803,0.412460830951538,0.5315541987091313
1. BatteryAgingARC-FY08Q4_B0007,1,0.8165366053581238,0.3220338983050847,0.46432285011288965,0.564711300535564
1. BatteryAgingARC-FY08Q4_B0007,1,0.906963586807251,0.3523809523809524,0.49763076696417735,0.5979667174251945
1. BatteryAgingARC-FY08Q4_B0007,1,0.9522321224212646,0.35714285714285715,0.514331451827503,0.6275489407368963
1. BatteryAgingARC-FY08Q4_B0007,1,0.9695296287536621,0.7894736842105263,0.5207065148277635,0.6463970603913743
1. BatteryAgingARC-FY08Q4_B0007,1,0.9786416292190552,0.8367346938775511,0.52406219977208,0.6607899506300162
1. BatteryAgingARC-FY08Q4_B0007,1,0.9790226817131042,0.8367346938775511,0.5242024851287813,0.661508283639001
1. BatteryAgingARC-FY08Q4_B0007,1,0.9907535314559937,0.8928571428571429,0.52851924901475,0.6931573461144754
1. BatteryAgingARC-FY08Q4_B0007,1,0.9895143508911133,0.8928571428571429,0.5280634406506184,0.6884273468567689
1. BatteryAgingARC-FY08Q4_B0007,1,0.9441764950752258,0.3523809523809524,0.5113608002822962,0.6208281600043298
1. BatteryAgingARC-FY08Q4_B0007,1,0.9803438186645508,0.8367346938775511,0.524688835035826,0.6640954935807669
1. BatteryAgingARC-FY08Q4_B0007,1,0.9888145327568054,0.8928571428571429,0.5278060054956754,0.6859795978479498
1. BatteryAgingARC-FY08Q4_B0007,1,0.9617648124694824,0.6190476190476191,0.5178454715072424,0.6369755553447313
1. BatteryAgingARC-FY08Q4_B0007,1,0.9710063338279724,0.7894736842105263,0.5212504772744596,0.6484346466305737
1. BatteryAgingARC-FY08Q4_B0007,1,0.9780675768852234,0.8367346938775511,0.5238508539159438,0.6597297635228389
1. BatteryAgingARC-FY08Q4_B0007,1,0.9847049713134766,0.8367346938775511,0.5262939679411999,0.6739509466907277
1. BatteryAgingARC-FY08Q4_B0007,1,0.9509066939353943,0.35714285714285715,0.5138427411951965,0.6263761457643081
1. BatteryAgingARC-FY08Q4_B0007,1,0.9895642995834351,0.8928571428571429,0.5280818142115475,0.68860776792165
1. BatteryAgingARC-FY08Q4_B0007,1,0.9836059808731079,0.8367346938775511,0.5258895317254219,0.6712440960015792
1. BatteryAgingARC-FY08Q4_B0007,1,0.978498637676239,0.8367346938775511,0.5240095561239806,0.6605234353618458
1. BatteryAgingARC-FY08Q4_B0007,1,0.9920146465301514,0.8928571428571429,0.5289830767337534,0.6986143514956022
1. BatteryAgingARC-FY08Q4_B0007,1,0.9648992419242859,0.6190476190476191,0.5190005425320813,0.6405473556370651
1. BatteryAgingARC-FY08Q4_B0007,1,0.982593834400177,0.8367346938775511,0.5255170246375132,0.6688953742957732
1. BatteryAgingARC-FY08Q4_B0007,1,0.9939800500869751,0.8928571428571429,0.5297058358784169,0.7089542752935728
1. BatteryAgingARC-FY08Q4_B0007,1,0.9823431372642517,0.8367346938775511,0.5254247544762821,0.6683331178432783
1. BatteryAgingARC-FY08Q4_B0007,1,0.9831066131591797,0.8367346938775511,0.5257057496356825,0.6700690714213869
1. BatteryAgingARC-FY08Q4_B0007,1,0.9845796823501587,0.8367346938775511,0.5262478624534691,0.6736334508506165
1. BatteryAgingARC-FY08Q4_B0007,1,0.9805362224578857,0.8367346938775511,0.5247596607247752,0.664485575419926
1. BatteryAgingARC-FY08Q4_B0007,1,0.9818103313446045,0.8367346938775511,0.5252286472031827,0.6671622053194088
1. BatteryAgingARC-FY08Q4_B0007,1,0.9781597256660461,0.8367346938775511,0.5238847804298992,0.6598982139154884
1. BatteryAgingARC-FY08Q4_B0007,1,0.9810593724250793,0.8367346938775511,0.5249522322207829,0.6655644689119143
1. BatteryAgingARC-FY08Q4_B0007,1,0.9879657626152039,0.8635834682855278,0.5274937570109406,0.6831938674639265
1. BatteryAgingARC-FY08Q4_B0007,1,0.9833206534385681,0.8367346938775511,0.5257845236454021,0.6705687360714403
1. BatteryAgingARC-FY08Q4_B0007,1,0.9824807047843933,0.8367346938775511,0.5254753870102679,0.6686407318361856
1. BatteryAgingARC-FY08Q4_B0007,1,0.9833914041519165,0.8367346938775511,0.5258105620014987,0.6707352008941745
1. BatteryAgingARC-FY08Q4_B0007,1,0.9836667776107788,0.8367346938775511,0.5259119062452526,0.671389400248904
1. BatteryAgingARC-FY08Q4_B0007,1,0.9785715341567993,0.8367346938775511,0.5240363936986939,0.6606590990836236
1. BatteryAgingARC-FY08Q4_B0007,1,0.9840785264968872,0.8367346938775511,0.5260634360343462,0.6723868222664926
1. BatteryAgingARC-FY08Q4_B0007,1,0.9831638932228088,0.8367346938775511,0.5257268307479614,0.6702022135176132
1. BatteryAgingARC-FY08Q4_B0007,1,0.9250261783599854,0.3523809523809524,0.504295955111513,0.6077992160462812
1. BatteryAgingARC-FY08Q4_B0007,1,0.9202983975410461,0.3523809523809524,0.5025514312016935,0.6050414356703201
1. BatteryAgingARC-FY08Q4_B0007,1,0.8994238376617432,0.3523809523809524,0.49484867419428735,0.5943455483601281
1. BatteryAgingARC-FY08Q4_B0007,1,0.9561640620231628,0.6111777045250225,0.5157810677373883,0.6312098195447299
1. BatteryAgingARC-FY08Q4_B0007,1,0.98752361536026,0.8367346938775511,0.52733108981802,0.6818138201777024
1. BatteryAgingARC-FY08Q4_B0007,1,0.9362921118736267,0.3523809523809524,0.5084525192607539,0.6150451676541869
1. BatteryAgingARC-FY08Q4_B0007,1,0.9314147233963013,0.3523809523809524,0.5066531173989923,0.6117793631661705
1. BatteryAgingARC-FY08Q4_B0007,1,0.9322879910469055,0.3523809523809524,0.5069753037085133,0.6123486254354255
1. BatteryAgingARC-FY08Q4_B0007,1,0.9154936671257019,0.3523809523809524,0.500778449921612,0.6023814982246193
1. BatteryAgingARC-FY08Q4_B0007,1,0.9411692023277283,0.3523809523809524,0.510251592214972,0.618541148483717
1. BatteryAgingARC-FY08Q4_B0007,1,0.843036949634552,0.3220338983050847,0.47406435678964953,0.5727480352745064
1. BatteryAgingARC-FY08Q4_B0007,1,0.8661983013153076,0.3523809523809524,0.48259490826568113,0.580696072098329
1. BatteryAgingARC-FY08Q4_B0007,1,0.8499865531921387,0.3523809523809524,0.47662260143774954,0.5750287530609164
1. BatteryAgingARC-FY08Q4_B0007,1,0.8432973027229309,0.3220338983050847,0.4741601726385746,0.5728320306465265
1. BatteryAgingARC-FY08Q4_B0007,1,0.8332014679908752,0.3220338983050847,0.47044613811731906,0.5696516477749365
1. BatteryAgingARC-FY08Q4_B0007,1,0.7139357328414917,0.3220338983050847,0.4269281622546943,0.5397784374990299
1. BatteryAgingARC-FY08Q4_B0007,1,0.6292580962181091,0.30414746543778803,0.396664270961531,0.5230421741701361
1. BatteryAgingARC-FY08Q4_B0007,1,0.6363769173622131,0.30414746543778803,0.39918170685311777,0.5243745495658625
1. BatteryAgingARC-FY08Q4_B0007,1,0.564948558807373,0.30414746543778803,0.3741842929517945,0.5113857492550384
1. BatteryAgingARC-FY08Q4_B0007,1,0.6288267970085144,0.30414746543778803,0.3965119244221403,0.5229617843761555
1. BatteryAgingARC-FY08Q4_B0007,1,0.539256751537323,0.30414746543778803,0.3653472275256689,0.5068578562709716
1. BatteryAgingARC-FY08Q4_B0007,1,0.4720157980918884,0.30414746543778803,0.34265594751744033,0.49511617966510846
1. BatteryAgingARC-FY08Q4_B0007,1,0.5554976463317871,0.30414746543778803,0.37092339254191176,0.5097144781990125
1. BatteryAgingARC-FY08Q4_B0007,1,0.5786300301551819,0.30414746543778803,0.3789251325463711,0.513819851891642
1. BatteryAgingARC-FY08Q4_B0007,1,0.3741427958011627,0.30414746543778803,0.3108933982210955,0.4775907195204504
1. BatteryAgingARC-FY08Q4_B0007,1,0.5045650601387024,0.30414746543778803,0.35355789020174694,0.5007959113216822
1. BatteryAgingARC-FY08Q4_B0007,1,0.4438282549381256,0.30414746543778803,0.33334674341412385,0.4901665582837901
1. BatteryAgingARC-FY08Q4_B0007,1,0.3386843800544739,0.30414746543778803,0.29979290776034134,0.47086695114131444
1. BatteryAgingARC-FY08Q4_B0007,1,0.5158056020736694,0.30414746543778803,0.35735912165804584,0.5027564990283014
1. BatteryAgingARC-FY08Q4_B0007,1,0.48985350131988525,0.30414746543778803,0.3486107595242217,0.49823078548174626
1. BatteryAgingARC-FY08Q4_B0007,1,0.4239133298397064,0.30414746543778803,0.32684661667632986,0.48663410698401793
1. BatteryAgingARC-FY08Q4_B0007,1,0.46891647577285767,0.30414746543778803,0.34162626132483015,0.49457399612229636
1. BatteryAgingARC-FY08Q4_B0007,1,0.4252218008041382,0.30414746543778803,0.3272716936995151,0.4868673800723386
1. BatteryAgingARC-FY08Q4_B0007,1,0.4466008245944977,0.30414746543778803,0.33425681334681606,0.4906556338110402
1. BatteryAgingARC-FY08Q4_B0007,1,0.3749101161956787,0.30414746543778803,0.31113609723992147,0.47773320289679094
1. BatteryAgingARC-FY08Q4_B0007,1,0.5742626190185547,0.30414746543778803,0.37740919437440235,0.5130407526318588
1. BatteryAgingARC-FY08Q4_B0007,1,0.537651538848877,0.30414746543778803,0.3647980203167946,0.5065763827951937
1. BatteryAgingARC-FY08Q4_B0007,1,0.5358673334121704,0.30414746543778803,0.3641879853896732,0.5062636784412539
1. BatteryAgingARC-FY08Q4_B0007,1,0.5048757791519165,0.30414746543778803,0.35366272067603566,0.5008500879351657
1. BatteryAgingARC-FY08Q4_B0007,1,0.34840473532676697,0.30414746543778803,0.3028133617543286,0.4727396941409766
1. BatteryAgingARC-FY08Q4_B0007,1,0.6190776824951172,0.30414746543778803,0.3930736800033557,0.5211542387433161
1. BatteryAgingARC-FY08Q4_B0007,1,0.8966490030288696,0.3523809523809524,0.4938248588567751,0.5930710494747601
1. BatteryAgingARC-FY08Q4_B0007,1,0.3604586124420166,0.30414746543778803,0.3065827084245001,0.47502973297603934
1. BatteryAgingARC-FY08Q4_B0007,1,0.48448771238327026,0.30414746543778803,0.34681440251078854,0.4972946872051607
1. BatteryAgingARC-FY08Q4_B0007,1,0.9218260645866394,0.3523809523809524,0.5031151403907791,0.6059165059698802
1. BatteryAgingARC-FY08Q4_B0007,1,0.505354106426239,0.30414746543778803,0.3538241263793521,0.5009334897931049
1. BatteryAgingARC-FY08Q4_B0007,1,0.5418041348457336,0.30414746543778803,0.3662195079202754,0.5073048255834256
1. BatteryAgingARC-FY08Q4_B0007,1,0.5825452208518982,0.30414746543778803,0.3802861178731551,0.514520087025222
1. BatteryAgingARC-FY08Q4_B0007,1,0.6299147009849548,0.30414746543778803,0.39689623999326823,0.5231646301787932
1. BatteryAgingARC-FY08Q4_B0007,1,0.7259714007377625,0.3220338983050847,0.43128014491607675,0.5423630289770485
1. BatteryAgingARC-FY08Q4_B0007,1,0.8811718821525574,0.3523809523809524,0.48811554161445436,0.5864504381645146
1. BatteryAgingARC-FY08Q4_B0007,1,0.9054012894630432,0.3523809523809524,0.49705427697053617,0.5971962496513172
1. BatteryAgingARC-FY08Q4_B0007,1,0.9255231022834778,0.3523809523809524,0.5044793118401908,0.6080978705510915
1. BatteryAgingARC-FY08Q4_B0007,1,0.9393723011016846,0.3523809523809524,0.5095887753543097,0.617224032646835
1. BatteryAgingARC-FY08Q4_B0007,1,0.9393723011016846,0.3523809523809524,0.5095887753543097,0.617224032646835
1. BatteryAgingARC-FY08Q4_B0007,1,0.92982417345047,0.3523809523809524,0.5060662805321811,0.6107587928094121
1. BatteryAgingARC-FY08Q4_B0007,1,0.9656767845153809,0.6190476190476191,0.5192870443979076,0.6414783718830348
1. BatteryAgingARC-FY08Q4_B0007,1,0.9561145901679993,0.6052556473593333,0.5157628301978597,0.6311619418698698
1. BatteryAgingARC-FY08Q4_B0007,1,0.9561145901679993,0.6052556473593333,0.5157628301978597,0.6311619418698698
1. BatteryAgingARC-FY08Q4_B0007,1,0.9011417627334595,0.3523809523809524,0.49548254967549193,0.5951496844044508
1. BatteryAgingARC-FY08Q4_B0007,1,0.9418692588806152,0.3523809523809524,0.5105098100729909,0.619064031128139
1. BatteryAgingARC-FY08Q4_B0007,1,0.9347450733184814,0.3523809523809524,0.5078817959700083,0.6139859634257925
1. BatteryAgingARC-FY08Q4_B0007,1,0.9857347011566162,0.8367346938775511,0.5266728844732603,0.6766553130723901
1. BatteryAgingARC-FY08Q4_B0007,1,0.9682015776634216,0.7894736842105263,0.5202172689261854,0.6446404212820849
1. BatteryAgingARC-FY08Q4_B0007,1,0.9616324305534363,0.6190476190476191,0.5177966830601081,0.6368306521182041
1. BatteryAgingARC-FY08Q4_B0007,1,0.969215989112854,0.7894736842105263,0.5205909754491906,0.6459759699945841
1. BatteryAgingARC-FY08Q4_B0007,1,0.9864897727966309,0.8367346938775511,0.5269507137027616,0.6787553860203872
1. BatteryAgingARC-FY08Q4_B0007,1,0.9920188784599304,0.8928571428571429,0.5289846331188038,0.6986339669744899
1. BatteryAgingARC-FY08Q4_B0007,1,0.989749014377594,0.8928571428571429,0.5281497606449065,0.6892819788878612
1. BatteryAgingARC-FY08Q4_B0007,1,0.9899501800537109,0.8928571428571429,0.5282237572681938,0.690029112041235
1. BatteryAgingARC-FY08Q4_B0007,1,0.9901385307312012,0.8928571428571429,0.5282930389083293,0.6907412686383381
1. BatteryAgingARC-FY08Q4_B0007,1,0.9907059073448181,0.8928571428571429,0.5285017322895619,0.6929650326853358
1. BatteryAgingARC-FY08Q4_B0007,1,0.9929124712944031,0.8928571428571429,0.5293132588238894,0.7030074249247421
1. BatteryAgingARC-FY08Q4_B0007,1,0.9911166429519653,0.8928571428571429,0.5286528035107334,0.6946544436135247
1. BatteryAgingARC-FY08Q4_B0007,1,0.9894918203353882,0.8928571428571429,0.5280551527903732,0.6883462230860267
1. BatteryAgingARC-FY08Q4_B0007,1,0.9912533164024353,0.8928571428571429,0.5287030717301203,0.6952326074088863
1. BatteryAgingARC-FY08Q4_B0007,1,0.954558789730072,0.5,0.5151892713688608,0.6296806783272708
1. BatteryAgingARC-FY08Q4_B0007,1,0.9912688732147217,0.8928571428571429,0.5287087934574146,0.6952989441598556
1. BatteryAgingARC-FY08Q4_B0007,1,0.9928514957427979,0.8928571428571429,0.529290835395822,0.702693268247926
1. BatteryAgingARC-FY08Q4_B0007,1,0.9930262565612793,0.8928571428571429,0.5293551024215726,0.7036003860281173
2. BatteryAgingARC_25_26_27_28_P1_B0027,0,0.01874873787164688,0.20915032679738563,0.21073104834934647,0.33403289974607664
2. BatteryAgingARC_25_26_27_28_P1_B0027,0,0.019575107842683792,0.20915032679738563,0.21093399489793715,0.335740567911235
2. BatteryAgingARC_25_26_27_28_P1_B0027,0,0.007132229395210743,0.20915032679738563,0.20789332402822244,0.29722312316172245
2. BatteryAgingARC_25_26_27_28_P1_B0027,0,0.014069690369069576,0.20915032679738563,0.20958463065237573,0.3228106755967448
2. BatteryAgingARC_25_26_27_28_P1_B0027,0,0.013238335028290749,0.20915032679738563,0.20938141971106847,0.32046178852569757
2. BatteryAgingARC_25_26_27_28_P1_B0027,0,0.011793587356805801,0.20915032679738563,0.20902861992582433,0.31603520881898317
2. BatteryAgingARC_25_26_27_28_P1_B0027,0,0.02119598723948002,0.20915032679738563,0.2113324792298077,0.338905390422497
2. BatteryAgingARC_25_26_27_28_P1_B0027,0,0.016265394166111946,0.20915032679738563,0.21012203048748937,0.32844790013852887
2. BatteryAgingARC_25_26_27_28_P1_B0027,0,0.020558342337608337,0.20915032679738563,0.21117565199968522,0.3376878864046109
2. BatteryAgingARC_25_26_27_28_P1_B0027,0,0.028231419622898102,0.20915032679738563,0.21306848559100278,0.35047606901288836
2. BatteryAgingARC_25_26_27_28_P1_B0027,0,0.028044961392879486,0.20915032679738563,0.21302234280595667,0.350205508018996
2. BatteryAgingARC_25_26_27_28_P1_B0027,0,0.021082527935504913,0.20915032679738563,0.21130456795260905,0.33869124334325235
2. BatteryAgingARC_25_26_27_28_P1_B0027,0,0.03330635651946068,0.20915032679738563,0.21432717800647075,0.35727454670745423
2. BatteryAgingARC_25_26_27_28_P1_B0027,0,0.01605668105185032,0.20915032679738563,0.2100709043563369,0.32794330340819033
2. BatteryAgingARC_25_26_27_28_P1_B0027,0,0.029994608834385872,0.20915032679738563,0.21350518203021004,0.35295654331513476
2. BatteryAgingARC_25_26_27_28_P1_B0027,0,0.029100138694047928,0.20915032679738563,0.21328356342635024,0.351715412045528
2. BatteryAgingARC_25_26_27_28_P1_B0027,0,0.02218056656420231,0.20915032679738563,0.21157480157192451,0.34072063044049683
2. BatteryAgingARC_25_26_27_28_P1_B0027,0,0.02191927842795849,0.20915032679738563,0.21151047414153182,0.3402462475333756
2. BatteryAgingARC_25_26_27_28_P1_B0027,0,0.028700072318315506,0.20915032679738563,0.21318449517132185,0.3511489396124329
2. BatteryAgingARC_25_26_27_28_P1_B0027,0,0.028700072318315506,0.20915032679738563,0.21318449517132185,0.3511489396124329
2. BatteryAgingARC_25_26_27_28_P1_B0027,0,0.031170303001999855,0.20915032679738563,0.2137967332767493,0.3545372970595707
2. BatteryAgingARC_25_26_27_28_P1_B0027,0,0.02423943765461445,0.20915032679738563,0.21208218290095493,0.34428837527357764
2. BatteryAgingARC_25_26_27_28_P1_B0027,0,0.02965875342488289,0.20915032679738563,0.21342194907117956,0.35249455142117586
2. BatteryAgingARC_25_26_27_28_P1_B0027,0,0.029470037668943405,0.20915032679738563,0.21337519119428436,0.3522328520526018
2. BatteryAgingARC_25_26_27_28_P1_B0027,0,0.021819058805704117,0.20915032679738563,0.21148580452371346,0.34006291088706114
2. BatteryAgingARC_25_26_27_28_P1_B0027,0,0.01618146523833275,0.20915032679738563,0.21010147025337575,0.3282457109964998
2. BatteryAgingARC_25_26_27_28_P1_B0027,0,0.03308551385998726,0.20915032679738563,0.21427229196783038,0.35699911065358425
2. BatteryAgingARC_25_26_27_28_P1_B0027,0,0.02931550145149231,0.20915032679738563,0.2133369075006466,0.35201740436407936
3. BatteryAgingARC_25-44_B0028,0,0.007347506005316973,0.20915032679738563,0.20794565535660317,0.29831511488945217
3. BatteryAgingARC_25-44_B0028,0,0.007135596591979265,0.20915032679738563,0.20789414248119478,0.2972404358238217
3. BatteryAgingARC_25-44_B0028,0,0.007347506005316973,0.20915032679738563,0.20794565535660317,0.29831511488945217
3. BatteryAgingARC_25-44_B0028,0,0.007347506005316973,0.20915032679738563,0.20794565535660317,0.29831511488945217
3. BatteryAgingARC_25-44_B0028,0,0.007143773604184389,0.20915032679738563,0.2078961300494051,0.2972824471435364
3. BatteryAgingARC_25-44_B0028,0,0.007143773604184389,0.20915032679738563,0.2078961300494051,0.2972824471435364
3. BatteryAgingARC_25-44_B0028,0,0.007075061555951834,0.20915032679738563,0.20787942880024543,0.2969280355715839
3. BatteryAgingARC_25-44_B0028,0,0.007285183295607567,0.20915032679738563,0.2079305044061502,0.2980020483421461
3. BatteryAgingARC_25-44_B0028,0,0.007285183295607567,0.20915032679738563,0.2079305044061502,0.2980020483421461
3. BatteryAgingARC_25-44_B0028,0,0.009426329284906387,0.20915032679738563,0.20845149378244504,0.3075642300935323
3. BatteryAgingARC_25-44_B0028,0,0.008806728757917881,0.20915032679738563,0.20830063211757224,0.3050224181614297
3. BatteryAgingARC_25-44_B0028,0,0.009067813865840435,0.20915032679738563,0.20836419186921573,0.3061129795451538
3. BatteryAgingARC_25-44_B0028,0,0.010681243613362312,0.20915032679738563,0.20875728956073755,0.3122716137769019
3. BatteryAgingARC_25-44_B0028,0,0.010681243613362312,0.20915032679738563,0.20875728956073755,0.3122716137769019
3. BatteryAgingARC_25-44_B0028,0,0.009603939950466156,0.20915032679738563,0.20849475364816739,0.30826441838149954
3. BatteryAgingARC_25-44_B0028,0,0.010681243613362312,0.20915032679738563,0.20875728956073755,0.3122716137769019
3. BatteryAgingARC_25-44_B0028,0,0.030444370582699776,0.20915032679738563,0.2136166807245637,0.35356785334724633
3. BatteryAgingARC_25-44_B0028,0,0.02351083792746067,0.20915032679738563,0.21190252761454595,0.34305883480874266
3. BatteryAgingARC_25-44_B0028,0,0.010400856845080853,0.20915032679738563,0.20868893666426525,0.31126590009111577
3. BatteryAgingARC_25-44_B0028,0,0.010400856845080853,0.20915032679738563,0.20868893666426525,0.31126590009111577
3. BatteryAgingARC_25-44_B0028,0,0.009315943345427513,0.20915032679738563,0.20842461088597805,0.30712289961653416
3. BatteryAgingARC_25-44_B0028,0,0.010745508596301079,0.20915032679738563,0.20877295844789462,0.31249868875912884
3. BatteryAgingARC_25-44_B0028,0,0.008736835792660713,0.20915032679738563,0.20828361947924046,0.30472541262175357
3. BatteryAgingARC_25-44_B0028,0,0.009072421118617058,0.20915032679738563,0.20836531360817867,0.30613196280198174
3. BatteryAgingARC_25-44_B0028,0,0.010395292192697525,0.20915032679738563,0.20868758027591428,0.31124568822215154
3. BatteryAgingARC_25-44_B0028,0,0.010753748007118702,0.20915032679738563,0.2087749674178857,0.3125277113190545
3. BatteryAgingARC_25-44_B0028,0,0.013390152715146542,0.20915032679738563,0.20941851819790366,0.32090070839652124
3. BatteryAgingARC_25-44_B0028,0,0.021233221516013145,0.20915032679738563,0.21134163954464824,0.3389754376662448
3. BatteryAgingARC_25-44_B0034,0,0.07035966217517853,0.20915032679738563,0.22368070519677766,0.38935784372426857
3. BatteryAgingARC_25-44_B0041,1,0.10416635125875473,0.20915032679738563,0.23246507205044922,0.40729792173961343
3. BatteryAgingARC_25-44_B0041,1,0.31185242533683777,0.30414746543778803,0.29154556217228506,0.46555752330314926
3. BatteryAgingARC_25-44_B0041,1,0.08462290465831757,0.20915032679738563,0.22735780374029274,0.397681384807554
3. BatteryAgingARC_25-44_B0041,1,0.3078223466873169,0.30414746543778803,0.29031842589810974,0.4647400677693862
3. BatteryAgingARC_25-44_B0041,1,0.3078223466873169,0.30414746543778803,0.29031842589810974,0.4647400677693862
3. BatteryAgingARC_25-44_B0041,1,0.8949594497680664,0.3523809523809524,0.49320149858313805,0.592309187626233
4. BatteryAgingARC_45_46_47_48_B0047,0,0.017873523756861687,0.20915032679738563,0.21051626237267512,0.3321469034486219
4. BatteryAgingARC_45_46_47_48_B0047,0,0.040697820484638214,0.20915032679738563,0.21617007558679116,0.3656482334151222
4. BatteryAgingARC_45_46_47_48_B0047,0,0.04147092625498772,0.20915032679738563,0.21636349379464437,0.3664421840608042
4. BatteryAgingARC_45_46_47_48_B0047,0,0.0852811187505722,0.20915032679738563,0.22752851842136207,0.39803504418580143
4. BatteryAgingARC_45_46_47_48_B0047,0,0.09579648822546005,0.20915032679738563,0.23026804187654495,0.4033870891460668
4. BatteryAgingARC_45_46_47_48_B0047,0,0.2509869635105133,0.30414746543778803,0.27334247772817544,0.4524888461509796
4. BatteryAgingARC_45_46_47_48_B0047,1,0.2627943158149719,0.30414746543778803,0.27681782122561416,0.4551620765649659
4. BatteryAgingARC_45_46_47_48_B0047,1,0.5283778309822083,0.30414746543778803,0.3616320390742034,0.5049526591610684
4. BatteryAgingARC_45_46_47_48_B0047,1,0.5500190854072571,0.30414746543778803,0.36903844529459845,0.5087488902989709
4. BatteryAgingARC_45_46_47_48_B0047,1,0.8780214190483093,0.3523809523809524,0.48695370627821094,0.5851919959655918
4. BatteryAgingARC_45_46_47_48_B0047,1,0.9565351009368896,0.6190476190476191,0.5159178479407024,0.6315704713161056
4. BatteryAgingARC_45_46_47_48_B0047,1,0.9664050936698914,0.6190476190476191,0.5195553936714015,0.6423680772302552
4. BatteryAgingARC_45_46_47_48_B0047,1,0.9503762125968933,0.35714285714285715,0.5136471351902244,0.6259147439355187
4. BatteryAgingARC_45_46_47_48_B0047,1,0.9344412684440613,0.3523809523809524,0.5077697158133483,0.6137805822406536
4. BatteryAgingARC_45_46_47_48_B0047,1,0.960378110408783,0.6190476190476191,0.5173343952652526,0.6354798303756137
4. BatteryAgingARC_45_46_47_48_B0047,1,0.9683523774147034,0.7894736842105263,0.5202728246017422,0.6448364706750129
4. BatteryAgingARC_45_46_47_48_B0047,1,0.9686633348464966,0.7894736842105263,0.5203873818945309,0.6452434492161649
4. BatteryAgingARC_45_46_47_48_B0047,1,0.970061719417572,0.7894736842105263,0.5209025226836081,0.6471206081197284
6. BatteryAgingARC_53_54_55_56_B0056,0,0.0012712894240394235,0.20915032679738563,0.20647232726842274,0.23825788874961823
1. BatteryAgingARC-FY08Q4_B0005,0,0.034653130918741226,0.1875,0.23960345561991736,0.22864129083752963
1. BatteryAgingARC-FY08Q4_B0005,0,0.03609256073832512,0.1875,0.2403143419730149,0.23137221602079253
1. BatteryAgingARC-FY08Q4_B0005,0,0.03836899995803833,0.1875,0.24144153961599568,0.23552705701334065
1. BatteryAgingARC-FY08Q4_B0005,0,0.03584539517760277,0.1875,0.24019217267643372,0.23090923710757158
1. BatteryAgingARC-FY08Q4_B0005,0,0.03382289037108421,0.1875,0.23919408300590767,0.22702677920593967
1. BatteryAgingARC-FY08Q4_B0005,0,0.041615866124629974,0.3076923076923077,0.24305547831392407,0.24114067994594535
1. BatteryAgingARC-FY08Q4_B0005,0,0.0468803346157074,0.3076923076923077,0.2456878446043555,0.2495736290672295
1. BatteryAgingARC-FY08Q4_B0005,0,0.11813186854124069,0.35937500000000006,0.28316803907142524,0.32416212360233326
1. BatteryAgingARC-FY08Q4_B0005,0,0.1376262754201889,0.35937500000000006,0.294004947143945,0.33833665329720974
1. BatteryAgingARC-FY08Q4_B0005,0,0.1376262754201889,0.35937500000000006,0.294004947143945,0.33833665329720974
1. BatteryAgingARC-FY08Q4_B0005,0,0.24391114711761475,0.3823301466743726,0.3570478269341681,0.3980752737073471
1. BatteryAgingARC-FY08Q4_B0005,0,0.22215664386749268,0.35937500000000006,0.34364107046021164,0.3874597726658343
1. BatteryAgingARC-FY08Q4_B0005,0,0.2282124161720276,0.35937500000000006,0.3473492198383552,0.3904748388839157
1. BatteryAgingARC-FY08Q4_B0005,0,0.2836274206638336,0.5882352941176471,0.38209816090248555,0.41614121894073297
1. BatteryAgingARC-FY08Q4_B0005,0,0.2282124161720276,0.35937500000000006,0.3473492198383552,0.3904748388839157
1. BatteryAgingARC-FY08Q4_B0005,0,0.1807854324579239,0.35937500000000006,0.31883300025113587,0.36534067904073536
1. BatteryAgingARC-FY08Q4_B0005,0,0.11984403431415558,0.35937500000000006,0.2841101009795654,0.32547128953741616
1. BatteryAgingARC-FY08Q4_B0005,0,0.1620510369539261,0.35937500000000006,0.30791791921818623,0.3542279902039872
1. BatteryAgingARC-FY08Q4_B0005,0,0.18844935297966003,0.35937500000000006,0.32335701640208203,0.3696663322831841
1. BatteryAgingARC-FY08Q4_B0005,0,0.15660391747951508,0.35937500000000006,0.3047834870885471,0.35083512380599824
1. BatteryAgingARC-FY08Q4_B0005,0,0.2888302803039551,0.5882352941176471,0.3854300255661584,0.4184044600679806
1. BatteryAgingARC-FY08Q4_B0005,0,0.22887885570526123,0.35937500000000006,0.34775844607747625,0.3908036872279404
1. BatteryAgingARC-FY08Q4_B0005,0,0.2188006043434143,0.35937500000000006,0.34159420238315663,0.3857673164404887
1. BatteryAgingARC-FY08Q4_B0005,0,0.21292568743228912,0.35937500000000006,0.33802525902307773,0.382765777679893
1. BatteryAgingARC-FY08Q4_B0005,0,0.2760455310344696,0.5882352941176471,0.37726264676524385,0.4128041054632568
1. BatteryAgingARC-FY08Q4_B0005,0,0.14912477135658264,0.35937500000000006,0.3005091275632195,0.3460420880823912
1. BatteryAgingARC-FY08Q4_B0005,0,0.08514026552438736,0.35937500000000006,0.2653899413139184,0.29570618046323394
1. BatteryAgingARC-FY08Q4_B0005,0,0.2808983325958252,0.5882352941176471,0.3803548784390145,0.41494547867693643
1. BatteryAgingARC-FY08Q4_B0005,0,0.4563395082950592,0.6902173913043477,0.496759701323726,0.4840075337178274
1. BatteryAgingARC-FY08Q4_B0005,0,0.6066744923591614,0.6902173913043477,0.5972774508164389,0.5395134206461795
1. BatteryAgingARC-FY08Q4_B0005,0,0.7948501110076904,0.6902173913043477,0.7117089721096548,0.6212871644342943
1. BatteryAgingARC-FY08Q4_B0005,0,0.7454987168312073,0.6902173913043477,0.6835336392166748,0.5969570989385525
1. BatteryAgingARC-FY08Q4_B0005,0,0.7350719571113586,0.6902173913043477,0.6773946031268654,0.5921787049787324
1. BatteryAgingARC-FY08Q4_B0005,0,0.5919072031974792,0.6902173913043477,0.5876224249629746,0.5339245191639898
1. BatteryAgingARC-FY08Q4_B0005,0,0.5298253297805786,0.6902173913043477,0.5463744389204314,0.5109118826678589
1. BatteryAgingARC-FY08Q4_B0005,0,0.7308744192123413,0.6902173913043477,0.6749056548164319,0.5902843541996264
1. BatteryAgingARC-FY08Q4_B0005,0,0.6188988089561462,0.6902173913043477,0.6052135462929638,0.5441880108037753
1. BatteryAgingARC-FY08Q4_B0005,0,0.6615918874740601,0.6902173913043477,0.6324741872167025,0.5609500367193714
1. BatteryAgingARC-FY08Q4_B0005,0,0.5885499119758606,0.6902173913043477,0.5854176639955817,0.5326618009001631
1. BatteryAgingARC-FY08Q4_B0005,0,0.739928662776947,0.6902173913043477,0.680261901280222,0.5943911911450176
1. BatteryAgingARC-FY08Q4_B0005,0,0.7954729795455933,0.6902173913043477,0.7120549200892604,0.621615960054552
1. BatteryAgingARC-FY08Q4_B0005,0,0.7929814457893372,0.6902173913043477,0.7106696129728397,0.6203045029454648
1. BatteryAgingARC-FY08Q4_B0005,0,0.7811001539230347,0.6902173913043477,0.7040095642924656,0.6141824088683812
1. BatteryAgingARC-FY08Q4_B0005,0,0.7700619697570801,0.6902173913043477,0.6977432272678497,0.6086748520518915
1. BatteryAgingARC-FY08Q4_B0005,0,0.4588526785373688,0.6902173913043477,0.49846102744626547,0.48493181876476527
1. BatteryAgingARC-FY08Q4_B0005,0,0.3662024140357971,0.6902173913043477,0.43609012606902753,0.4500463465320593
1. BatteryAgingARC-FY08Q4_B0005,0,0.3912164866924286,0.6902173913043477,0.4528134948856862,0.4596833928461075
1. BatteryAgingARC-FY08Q4_B0005,0,0.6848830580711365,0.6902173913043477,0.6470087397107824,0.5704595205947213
1. BatteryAgingARC-FY08Q4_B0005,0,0.7811433672904968,0.6902173913043477,0.7040339480129726,0.6142042985327686
1. BatteryAgingARC-FY08Q4_B0005,0,0.6868933439254761,0.6902173913043477,0.6482510195089047,0.5712949562627458
1. BatteryAgingARC-FY08Q4_B0005,0,0.6915873885154724,0.6902173913043477,0.6511439353064794,0.5732555803728352
1. BatteryAgingARC-FY08Q4_B0005,0,0.685245156288147,0.6902173913043477,0.6472326498942239,0.5706098177265726
1. BatteryAgingARC-FY08Q4_B0005,0,0.6883400082588196,0.6902173913043477,0.6491437638719177,0.5718977159063653
1. BatteryAgingARC-FY08Q4_B0005,0,0.6763386130332947,0.6902173913043477,0.641706562274332,0.5669357058645383
1. BatteryAgingARC-FY08Q4_B0005,0,0.5533369183540344,0.6902173913043477,0.5621026466224133,0.5195582174147848
1. BatteryAgingARC-FY08Q4_B0005,0,0.5976446866989136,0.6902173913043477,0.59138210849775,0.5360889874538378
1. BatteryAgingARC-FY08Q4_B0005,0,0.3739669919013977,0.6902173913043477,0.44126747879020695,0.45306113102017936
1. BatteryAgingARC-FY08Q4_B0005,0,0.3240034282207489,0.5882352941176471,0.4082228195657776,0.433204470286061
1. BatteryAgingARC-FY08Q4_B0005,0,0.3045516312122345,0.5882352941176471,0.3955621445181713,0.4251210777929075
1. BatteryAgingARC-FY08Q4_B0005,0,0.2951045334339142,0.5882352941176471,0.38946230526288234,0.4211063071745525
1. BatteryAgingARC-FY08Q4_B0005,0,0.3177264630794525,0.5882352941176471,0.4041231033432532,0.4306212631726769
1. BatteryAgingARC-FY08Q4_B0005,0,0.28303539752960205,0.5882352941176471,0.38171972970519463,0.41588233631441673
1. BatteryAgingARC-FY08Q4_B0005,0,0.33836251497268677,0.667559078521553,0.41764857112818443,0.4390316304912359
1. BatteryAgingARC-FY08Q4_B0005,0,0.42538967728614807,0.6902173913043477,0.47582609359288003,0.4725536484282879
1. BatteryAgingARC-FY08Q4_B0005,0,0.43457889556884766,0.6902173913043477,0.4820358864326114,0.47597034257273946
1. BatteryAgingARC-FY08Q4_B0005,0,0.41363105177879333,0.6902173913043477,0.4678911219590247,0.46815704334456154
1. BatteryAgingARC-FY08Q4_B0005,0,0.3837047219276428,0.6902173913043477,0.44777847604000276,0.4568115667992695
1. BatteryAgingARC-FY08Q4_B0005,0,0.4770585894584656,0.6902173913043477,0.5107843919521252,0.49161019451969284
1. BatteryAgingARC-FY08Q4_B0005,0,0.22667674720287323,0.35937500000000006,0.3464071034369167,0.38971487388797965
1. BatteryAgingARC-FY08Q4_B0005,0,0.19938060641288757,0.35937500000000006,0.3298671926896936,0.37564281140997274
1. BatteryAgingARC-FY08Q4_B0005,0,0.33446699380874634,0.5882352941176471,0.41508516999801925,0.43746152502862035
1. BatteryAgingARC-FY08Q4_B0005,0,0.3058173656463623,0.5882352941176471,0.3963819296346461,0.42565433703918754
1. BatteryAgingARC-FY08Q4_B0005,0,0.2985835075378418,0.5882352941176471,0.39170471192235073,0.42259203913287746
1. BatteryAgingARC-FY08Q4_B0005,0,0.4223260283470154,0.6902173913043477,0.47375733858051167,0.47141094866029765
1. BatteryAgingARC-FY08Q4_B0005,0,0.5255502462387085,0.6902173913043477,0.5435036791339724,0.5093452399146364
1. BatteryAgingARC-FY08Q4_B0005,0,0.5885342955589294,0.6902173913043477,0.5854074004935469,0.5326559337240832
1. BatteryAgingARC-FY08Q4_B0005,0,0.5873813629150391,0.6902173913043477,0.5846494599350327,0.5322229297583116
1. BatteryAgingARC-FY08Q4_B0005,0,0.4223260283470154,0.6902173913043477,0.47375733858051167,0.47141094866029765
1. BatteryAgingARC-FY08Q4_B0005,0,0.6294512748718262,0.6902173913043477,0.6120201054293788,0.5482633208894182
1. BatteryAgingARC-FY08Q4_B0005,0,0.7392112612724304,0.6902173913043477,0.6798392124350109,0.5940629483977699
1. BatteryAgingARC-FY08Q4_B0005,0,0.864730954170227,0.6902173913043477,0.7489331334535058,0.663298261506304
1. BatteryAgingARC-FY08Q4_B0005,0,0.8617570996284485,0.6902173913043477,0.7474158829455959,0.6612389276231917
1. BatteryAgingARC-FY08Q4_B0005,0,0.8984630703926086,0.75,0.7657154650406802,0.6893001885790173
1. BatteryAgingARC-FY08Q4_B0005,0,0.89836585521698,0.75,0.7656682357443586,0.6892168061841998
1. BatteryAgingARC-FY08Q4_B0005,0,0.89836585521698,0.75,0.7656682357443586,0.6892168061841998
1. BatteryAgingARC-FY08Q4_B0005,0,0.9007339477539062,0.75,0.7668168275729932,0.6912648172545067
1. BatteryAgingARC-FY08Q4_B0005,0,0.9007339477539062,0.75,0.7668168275729932,0.6912648172545067
1. BatteryAgingARC-FY08Q4_B0005,0,0.8976895213127136,0.75,0.7653394748265733,0.6886383198636076
1. BatteryAgingARC-FY08Q4_B0005,0,0.8976895213127136,0.75,0.7653394748265733,0.6886383198636076
1. BatteryAgingARC-FY08Q4_B0005,0,0.3978918790817261,0.6902173913043477,0.45729605673611934,0.46222116477536557
1. BatteryAgingARC-FY08Q4_B0005,0,0.788932204246521,0.6902173913043477,0.7084098052506698,0.6181940836997821
1. BatteryAgingARC-FY08Q4_B0005,0,0.8952573537826538,0.6902173913043477,0.7641545748899057,0.6865808753526469
1. BatteryAgingARC-FY08Q4_B0005,0,0.8999801874160767,0.75,0.7664516580301313,0.6906090846941229
1. BatteryAgingARC-FY08Q4_B0005,1,0.8976895213127136,0.75,0.7653394748265733,0.6886383198636076
1. BatteryAgingARC-FY08Q4_B0005,1,0.9007339477539062,0.75,0.7668168275729932,0.6912648172545067
1. BatteryAgingARC-FY08Q4_B0005,1,0.8976895213127136,0.75,0.7653394748265733,0.6886383198636076
1. BatteryAgingARC-FY08Q4_B0005,1,0.9011333584785461,0.75,0.7670101664544011,0.6916137674405448
1. BatteryAgingARC-FY08Q4_B0005,1,0.9098271131515503,0.75,0.7711907809452418,0.6994802324056889
1. BatteryAgingARC-FY08Q4_B0005,1,0.9025235772132874,0.75,0.7676822455386874,0.6928364895557029
1. BatteryAgingARC-FY08Q4_B0005,1,0.9025235772132874,0.75,0.7676822455386874,0.6928364895557029
1. BatteryAgingARC-FY08Q4_B0005,1,0.9038777947425842,0.75,0.7683356193622656,0.6940399481704648
3. BatteryAgingARC_25-44_B0025,1,0.9773442149162292,0.7945205479452054,0.8018469775543873,0.7983210663636124
3. BatteryAgingARC_25-44_B0025,1,0.9780762791633606,0.7945205479452054,0.8021617650353138,0.8002906946401491
3. BatteryAgingARC_25-44_B0025,1,0.9773442149162292,0.7945205479452054,0.8018469775543873,0.7983210663636124
3. BatteryAgingARC_25-44_B0025,1,0.9736827611923218,0.7945205479452054,0.8002668946578851,0.7891333541069068
3. BatteryAgingARC_25-44_B0025,1,0.9780879020690918,0.7945205479452054,0.8021667598429095,0.8003223631781128
3. BatteryAgingARC_25-44_B0025,1,0.9864198565483093,0.7945205479452054,0.8057228906107828,0.8272510473622382
3. BatteryAgingARC_25-44_B0025,1,0.9923205971717834,0.7945205479452054,0.8082118869888805,0.8553010981412096
3. BatteryAgingARC_25-44_B0025,1,0.9923418760299683,0.7945205479452054,0.8082208184707109,0.8554275312027486
3. BatteryAgingARC_25-44_B0025,1,0.9924969673156738,0.7945205479452054,0.8082859061312834,0.856356877525543
3. BatteryAgingARC_25-44_B0025,1,0.9933237433433533,0.8471918123710429,0.8086325975446816,0.8615626311700343
3. BatteryAgingARC_25-44_B0025,1,0.9921758770942688,0.7945205479452054,0.8081511344891297,0.854447933272554
3. BatteryAgingARC_25-44_B0025,1,0.9930635094642639,0.7945205479452054,0.8085235254932284,0.8598757583244899
3. BatteryAgingARC_25-44_B0025,1,0.9934764504432678,0.9684351002946688,0.8086965797195448,0.862574879549449
3. BatteryAgingARC_25-44_B0025,1,0.9933350086212158,0.8561359893490154,0.8086373180992021,0.861636726763852
3. BatteryAgingARC_25-44_B0025,1,0.9933350086212158,0.8561359893490154,0.8086373180992021,0.861636726763852
3. BatteryAgingARC_25-44_B0025,1,0.9934874773025513,0.9771899825217847,0.8087011991896654,0.8626486372912866
3. BatteryAgingARC_25-44_B0025,1,0.9894322156906128,0.7945205479452054,0.8069965871112242,0.8401098851140434
3. BatteryAgingARC_25-44_B0025,1,0.9919195175170898,0.7945205479452054,0.8080434804677846,0.8529645274031529
3. BatteryAgingARC_25-44_B0025,1,0.9922269582748413,0.7945205479452054,0.8081725796954248,0.8547477438703022
3. BatteryAgingARC_25-44_B0025,1,0.9920543432235718,0.7945205479452054,0.8081001040640585,0.8537403241269262
3. BatteryAgingARC_25-44_B0025,1,0.9922357201576233,0.7945205479452054,0.8081762579776886,0.8547993145347699
3. BatteryAgingARC_25-44_B0025,1,0.9922357201576233,0.7945205479452054,0.8081762579776886,0.8547993145347699
3. BatteryAgingARC_25-44_B0025,1,0.9920001029968262,0.7945205479452054,0.8080773259877682,0.8534270728451461
3. BatteryAgingARC_25-44_B0025,1,0.9923147559165955,0.7945205479452054,0.8082094351540581,0.8552664358027918
3. BatteryAgingARC_25-44_B0025,1,0.9922357201576233,0.7945205479452054,0.8081762579776886,0.8547993145347699
3. BatteryAgingARC_25-44_B0025,1,0.9924854636192322,0.7945205479452054,0.8082810789164961,0.8562874653561577
3. BatteryAgingARC_25-44_B0025,1,0.9911231994628906,0.7945205479452054,0.8077087859788952,0.848566122708954
3. BatteryAgingARC_25-44_B0025,1,0.9607913494110107,0.7761194029850746,0.7946285306554428,0.7629876781718565
3. BatteryAgingARC_25-44_B0026,1,0.972416341304779,0.7945205479452054,0.7997181811800168,0.786180844216535
3. BatteryAgingARC_25-44_B0026,1,0.9759427905082703,0.7945205479452054,0.801243313784702,0.7946805732771163
3. BatteryAgingARC_25-44_B0026,1,0.9100772738456726,0.75,0.7713102926992499,0.6997147345934834
3. BatteryAgingARC_25-44_B0026,1,0.980290412902832,0.7945205479452054,0.803111548583472,0.8065660132284945
3. BatteryAgingARC_25-44_B0026,1,0.980290412902832,0.7945205479452054,0.803111548583472,0.8065660132284945
3. BatteryAgingARC_25-44_B0026,1,0.9403142333030701,0.7761194029850746,0.7854314556653793,0.7325661536691607
3. BatteryAgingARC_25-44_B0031,0,0.00914863869547844,0.13157894736842105,0.22724752746559793,0.15286896408939787
3. BatteryAgingARC_25-44_B0031,0,0.052158426493406296,0.3076923076923077,0.24834625325909193,0.257335155680925
3. BatteryAgingARC_25-44_B0031,0,0.09653003513813019,0.35937500000000006,0.271446299559193,0.306323786535285
3. BatteryAgingARC_25-44_B0031,0,0.0984911397099495,0.35937500000000006,0.2724977980559937,0.3080572246465873
3. BatteryAgingARC_25-44_B0031,0,0.0984911397099495,0.35937500000000006,0.2724977980559937,0.3080572246465873
3. BatteryAgingARC_25-44_B0031,0,0.19830268621444702,0.35937500000000006,0.32922227145151217,0.3750629773909709
3. BatteryAgingARC_25-44_B0031,0,0.15255658328533173,0.35937500000000006,0.3024661776395315,0.3482614586606758
3. BatteryAgingARC_25-44_B0031,0,0.23512721061706543,0.35937500000000006,0.3516061141748891,0.39385944533968426
3. BatteryAgingARC_25-44_B0031,0,0.40175437927246094,0.6902173913043477,0.4598929553932124,0.4636838143259971
3. BatteryAgingARC_25-44_B0031,0,0.23964159190654755,0.35937500000000006,0.35439809666093053,0.39603740627997513
3. BatteryAgingARC_25-44_B0031,0,0.41580936312675476,0.6902173913043477,0.46935998823397107,0.46897379394525496
3. BatteryAgingARC_25-44_B0031,0,0.24264644086360931,0.35937500000000006,0.35626201661015083,0.39747380394527054
3. BatteryAgingARC_25-44_B0031,0,0.2515657842159271,0.5882352941176471,0.36182024903588045,0.40167791474935266
3. BatteryAgingARC_25-44_B0031,0,0.2515657842159271,0.5882352941176471,0.36182024903588045,0.40167791474935266
3. BatteryAgingARC_25-44_B0031,0,0.2515657842159271,0.5882352941176471,0.36182024903588045,0.40167791474935266
3. BatteryAgingARC_25-44_B0031,0,0.3048136532306671,0.5882352941176471,0.39573180172934835,0.4252315564120526
3. BatteryAgingARC_25-44_B0031,0,0.2689986228942871,0.5882352941176471,0.3727901071825397,0.4096585861944205
3. BatteryAgingARC_25-44_B0031,0,0.4165739417076111,0.6902173913043477,0.46987568163489185,0.4692602157218218
3. BatteryAgingARC_25-44_B0031,0,0.27612626552581787,0.5882352941176471,0.37731401036831475,0.41283989268299975
3. BatteryAgingARC_25-44_B0031,0,0.4654252231121063,0.6902173913043477,0.5029104726009123,0.4873460011294178
3. BatteryAgingARC_25-44_B0031,0,0.27612626552581787,0.5882352941176471,0.37731401036831475,0.41283989268299975
3. BatteryAgingARC_25-44_B0031,0,0.4711305797100067,0.6902173913043477,0.5067725050022649,0.4894385324588625
3. BatteryAgingARC_25-44_B0031,0,0.2849695682525635,0.5882352941176471,0.3829566135850377,0.4167270846037245
3. BatteryAgingARC_25-44_B0031,0,0.5741134285926819,0.6902173913043477,0.5758991058740784,0.5272611931297435
3. BatteryAgingARC_25-44_B0031,0,0.5989362597465515,0.6902173913043477,0.5922270006994127,0.5365774184190042
3. BatteryAgingARC_25-44_B0031,0,0.548060953617096,0.6902173913043477,0.5585829605178539,0.5176125843932994
3. BatteryAgingARC_25-44_B0031,0,0.3162791430950165,0.5882352941176471,0.4031796790385109,0.430022336726461
3. BatteryAgingARC_25-44_B0031,0,0.5967141389846802,0.6902173913043477,0.5907730486286465,0.5357373594428255
3. BatteryAgingARC_25-44_B0031,0,0.34339234232902527,0.6902173913043477,0.4209649634231665,0.44104772329490016
3. BatteryAgingARC_25-44_B0031,0,0.34339234232902527,0.6902173913043477,0.4209649634231665,0.44104772329490016
3. BatteryAgingARC_25-44_B0031,0,0.6055693030357361,0.6902173913043477,0.5965573706173427,0.5390930515814931
3. BatteryAgingARC_25-44_B0031,0,0.9099483489990234,0.75,0.7712487056361201,0.6995938193822285
3. BatteryAgingARC_25-44_B0031,0,0.9339239001274109,0.7761194029850746,0.7825007422406722,0.7247235762852354
3. BatteryAgingARC_25-44_B0031,0,0.9237381815910339,0.7761194029850746,0.7777698863978193,0.7133292869539005
3. BatteryAgingARC_25-44_B0031,0,0.9157928824424744,0.75,0.7740288952593481,0.7052094514648267
3. BatteryAgingARC_25-44_B0031,0,0.9237381815910339,0.7761194029850746,0.7777698863978193,0.7133292869539005
3. BatteryAgingARC_25-44_B0031,0,0.9413031935691833,0.7761194029850746,0.7858824354513161,0.7338358601780616
3. BatteryAgingARC_25-44_B0031,0,0.8365268707275391,0.6902173913043477,0.7343012016452507,0.644899041267378
3. BatteryAgingARC_25-44_B0031,0,0.8365268707275391,0.6902173913043477,0.7343012016452507,0.644899041267378
3. BatteryAgingARC_25-44_B0031,0,0.8365268707275391,0.6902173913043477,0.7343012016452507,0.644899041267378
3. BatteryAgingARC_25-44_B0033,0,0.18246927857398987,0.35937500000000006,0.3198240909730431,0.3663012299434503
4. BatteryAgingARC_45_46_47_48_B0048,0,0.0037544681690633297,0.047619047619047616,0.22469267567709467,0.11508920473793445
4. BatteryAgingARC_45_46_47_48_B0048,0,0.00832764245569706,0.13157894736842105,0.2268573579962589,0.14843338778243254
4. BatteryAgingARC_45_46_47_48_B0048,0,0.010076930746436119,0.13157894736842105,0.2276892584181664,0.15754487234770986
4. BatteryAgingARC_45_46_47_48_B0048,0,0.01652083732187748,0.13157894736842105,0.23077228545433978,0.18339130720308333
4. BatteryAgingARC_45_46_47_48_B0048,0,0.03141888976097107,0.1875,0.23801143194480773,0.22217586296898723
4. BatteryAgingARC_45_46_47_48_B0048,0,0.08623970299959183,0.35937500000000006,0.26597077391915236,0.29677545336238415
4. BatteryAgingARC_45_46_47_48_B0048,0,0.16695256531238556,0.35937500000000006,0.3107536326061685,0.35721537955157723
4. BatteryAgingARC_45_46_47_48_B0048,0,0.27723804116249084,0.5882352941176471,0.37802160622704006,0.41333214716547706
4. BatteryAgingARC_45_46_47_48_B0048,0,0.6641424894332886,0.6902173913043477,0.6340782095869596,0.5619771333084608
4. BatteryAgingARC_45_46_47_48_B0048,0,0.8539718985557556,0.6902173913043477,0.7434152454212148,0.6559911031994687
4. BatteryAgingARC_45_46_47_48_B0048,1,0.8729473948478699,0.6902173913043477,0.7530935382278993,0.6691595807230633
4. BatteryAgingARC_45_46_47_48_B0048,1,0.9605163335800171,0.7761194029850746,0.7945069699442603,0.7625064515429918
4. BatteryAgingARC_45_46_47_48_B0048,1,0.7777127027511597,0.6902173913043477,0.7020945337314186,0.6124746550622974
4. BatteryAgingARC_45_46_47_48_B0048,1,0.7793603539466858,0.6902173913043477,0.7030268927857171,0.6133033038378155
4. BatteryAgingARC_45_46_47_48_B0048,1,0.8748024702072144,0.6902173913043477,0.7540264191404875,0.6705200239672375
4. BatteryAgingARC_45_46_47_48_B0048,1,0.9599613547325134,0.7761194029850746,0.7942614993871875,0.7615430377989616
4. BatteryAgingARC_45_46_47_48_B0048,1,0.9620431065559387,0.7761194029850746,0.7951811504164351,0.7652109642873987
4. BatteryAgingARC_45_46_47_48_B0048,1,0.962988555431366,0.7761194029850746,0.7955978103318252,0.7669273932815419
4. BatteryAgingARC_45_46_47_48_B0048,1,0.9554470181465149,0.7761194029850746,0.7922567105339394,0.7540608713675737
4. BatteryAgingARC_45_46_47_48_B0048,1,0.9493470191955566,0.7761194029850746,0.7895249008998897,0.7448154957249786
4. BatteryAgingARC_45_46_47_48_B0048,1,0.962988555431366,0.7761194029850746,0.7955978103318252,0.7669273932815419
5. BatteryAgingARC_49_50_51_52_B0051,0,0.0017367465188726783,0.047619047619047616,0.2237422762172493,0.08929431585229042
5. BatteryAgingARC_49_50_51_52_B0051,0,0.0010722087463364005,0.0,0.22342988868991573,0.07594269112569903
5. BatteryAgingARC_49_50_51_52_B0051,0,0.0025349280331283808,0.047619047619047616,0.22411789808889518,0.10121640156666312
5. BatteryAgingARC_49_50_51_52_B0051,0,0.0010722087463364005,0.0,0.22342988868991573,0.07594269112569903
5. BatteryAgingARC_49_50_51_52_B0051,0,0.0030532367527484894,0.047619047619047616,0.2243620526863569,0.10758998680957267
5. BatteryAgingARC_49_50_51_52_B0051,0,0.0012461404548957944,0.0,0.22351162090395973,0.07989399273738891
5. BatteryAgingARC_49_50_51_52_B0051,0,0.0030532367527484894,0.047619047619047616,0.2243620526863569,0.10758998680957267
5. BatteryAgingARC_49_50_51_52_B0051,0,0.002479199320077896,0.047619047619047616,0.22409165776454756,0.10047784381889653
6. BatteryAgingARC_53_54_55_56_B0055,0,0.0008660894818603992,0.0,0.22333305879313187,0.0706401896770677
1. BatteryAgingARC-FY08Q4_B0018,0,0.6815941333770752,0.4444444444444444,0.5818365619598628,0.5881646746702007
1. BatteryAgingARC-FY08Q4_B0018,0,0.866057813167572,0.8013245033112582,0.7195657712357337,0.705576548246017
1. BatteryAgingARC-FY08Q4_B0018,0,0.8567322492599487,0.8013245033112582,0.7132803184616391,0.6979196366232248
1. BatteryAgingARC-FY08Q4_B0018,0,0.7002402544021606,0.4444444444444444,0.5968071620334774,0.5980333202269598
1. BatteryAgingARC-FY08Q4_B0018,0,0.7293723225593567,0.4444444444444444,0.6198307667210009,0.6140183967215751
1. BatteryAgingARC-FY08Q4_B0018,0,0.8683855533599854,0.8013245033112582,0.7211214953952634,0.7075391282519938
1. BatteryAgingARC-FY08Q4_B0018,0,0.08118056505918503,0.24878048780487805,0.1595388941227346,0.2430276139347529
1. BatteryAgingARC-FY08Q4_B0018,0,0.4395051598548889,0.4444444444444444,0.38394036067342524,0.47156497293795435
1. BatteryAgingARC-FY08Q4_B0018,0,0.5147606730461121,0.4444444444444444,0.44443474714734477,0.5069131528593549
1. BatteryAgingARC-FY08Q4_B0018,0,0.8523841500282288,0.4444444444444444,0.7103210633756529,0.6944546913055483
1. BatteryAgingARC-FY08Q4_B0018,0,0.5431209802627563,0.4444444444444444,0.46777164485367745,0.5202303376469406
1. BatteryAgingARC-FY08Q4_B0018,0,0.22541967034339905,0.24878048780487805,0.23449100786982166,0.3593976456850791
1. BatteryAgingARC-FY08Q4_B0018,0,0.024937598034739494,0.24878048780487805,0.13607742725950622,0.15230472140008233
1. BatteryAgingARC-FY08Q4_B0018,0,0.024994906038045883,0.24878048780487805,0.13609978051333518,0.1524470963233091
1. BatteryAgingARC-FY08Q4_B0018,0,0.15920023620128632,0.24878048780487805,0.1973692197276352,0.3144824152083666
1. BatteryAgingARC-FY08Q4_B0018,0,0.48589715361595154,0.4444444444444444,0.4209334292875396,0.4933950705202548
1. BatteryAgingARC-FY08Q4_B0018,0,0.21937493979930878,0.24878048780487805,0.2309103144338023,0.3556380754845434
1. BatteryAgingARC-FY08Q4_B0018,0,0.029698960483074188,0.24878048780487805,0.13794518886749385,0.1634844535380984
1. BatteryAgingARC-FY08Q4_B0018,0,0.08339255303144455,0.24878048780487805,0.16052536887076213,0.24555985217154025
1. BatteryAgingARC-FY08Q4_B0018,0,0.1003270149230957,0.24878048780487805,0.16824157687095362,0.26363962252079276
1. BatteryAgingARC-FY08Q4_B0018,0,0.04541467875242233,0.24878048780487805,0.144263291222578,0.19372155611452724
1. BatteryAgingARC-FY08Q4_B0018,0,0.05158039182424545,0.24878048780487805,0.1468070178661359,0.20369430113872158
1. BatteryAgingARC-FY08Q4_B0018,0,0.044489163905382156,0.24878048780487805,0.14388463993916897,0.19214969325635067
1. BatteryAgingARC-FY08Q4_B0018,0,0.024987148120999336,0.24878048780487805,0.13609675432059845,0.15242783494542644
1. BatteryAgingARC-FY08Q4_B0018,0,0.04510832577943802,0.24878048780487805,0.1441378629113384,0.19320358800899506
1. BatteryAgingARC-FY08Q4_B0018,0,0.6862228512763977,0.4444444444444444,0.5855681038204682,0.5905910744772613
1. BatteryAgingARC-FY08Q4_B0018,0,0.1034216657280922,0.24878048780487805,0.16968320976965415,0.26672587949678533
1. BatteryAgingARC-FY08Q4_B0018,0,0.1505531519651413,0.24878048780487805,0.1928640033066828,0.3078507019257946
1. BatteryAgingARC-FY08Q4_B0018,0,0.7017894983291626,0.4444444444444444,0.5980433489752585,0.5988650511655221
1. BatteryAgingARC-FY08Q4_B0018,0,0.26502102613449097,0.27906976744186046,0.25889128777909776,0.38281348843244173
1. BatteryAgingARC-FY08Q4_B0018,0,0.11141160875558853,0.24878048780487805,0.17345072213577975,0.2744299941938148
1. BatteryAgingARC-FY08Q4_B0018,0,0.4241238534450531,0.4444444444444444,0.3719438197464513,0.4642560320020589
1. BatteryAgingARC-FY08Q4_B0018,0,0.4481600522994995,0.4444444444444444,0.39075436652205614,0.47565801424133125
1. BatteryAgingARC-FY08Q4_B0018,0,0.8574358820915222,0.8013245033112582,0.7137574981840495,0.6984864117123243
1. BatteryAgingARC-FY08Q4_B0018,0,0.8738088011741638,0.8013245033112582,0.7247254668254852,0.7121973890847024
1. BatteryAgingARC-FY08Q4_B0018,0,0.9668281674385071,0.8013245033112582,0.7818760112263148,0.8290721584426343
1. BatteryAgingARC-FY08Q4_B0018,0,0.4062712788581848,0.27906976744186046,0.35821593317425854,0.45570340928790004
1. BatteryAgingARC-FY08Q4_B0018,0,0.9773480892181396,1.0,0.7877697786786501,0.8535534518075366
1. BatteryAgingARC-FY08Q4_B0018,0,0.9907393455505371,1.0,0.7951026588448573,0.8991620990185112
1. BatteryAgingARC-FY08Q4_B0018,0,0.7031669020652771,0.4444444444444444,0.5991413743091184,0.5996061366578315
1. BatteryAgingARC-FY08Q4_B0018,0,0.5311523079872131,0.4444444444444444,0.45789976236528096,0.5146016216730721
1. BatteryAgingARC-FY08Q4_B0018,0,0.9256991744041443,0.8013245033112582,0.7577126259662909,0.7651472124374235
1. BatteryAgingARC-FY08Q4_B0018,0,0.9754322171211243,1.0,0.7867051425170493,0.8486191176065038
1. BatteryAgingARC-FY08Q4_B0018,0,0.9059182405471802,0.8013245033112582,0.7454617799530865,0.7427803679879831
1. BatteryAgingARC-FY08Q4_B0018,0,0.9471570253372192,0.8013245033112582,0.7705412579800557,0.7943609387217236
1. BatteryAgingARC-FY08Q4_B0018,0,0.5948666334152222,0.4444444444444444,0.5106441734721433,0.5448446709535029
1. BatteryAgingARC-FY08Q4_B0018,0,0.5142977237701416,0.4444444444444444,0.4440555423227468,0.5066962369922745
1. BatteryAgingARC-FY08Q4_B0018,0,0.27310556173324585,0.27906976744186046,0.26407069955513857,0.3873716360414716
1. BatteryAgingARC-FY08Q4_B0018,0,0.22664915025234222,0.24878048780487805,0.2352240052762744,0.3601556329251356
1. BatteryAgingARC-FY08Q4_B0018,0,0.5295207500457764,0.4444444444444444,0.456556419078095,0.5138354526052934
1. BatteryAgingARC-FY08Q4_B0018,0,0.2950378358364105,0.27906976744186046,0.2784520592935156,0.3994256540409398
1. BatteryAgingARC-FY08Q4_B0018,0,0.9621095061302185,0.8013245033112582,0.7791943345696302,0.8197269827166317
1. BatteryAgingARC-FY08Q4_B0018,0,0.678460419178009,0.4444444444444444,0.5793048941786837,0.5865302182786444
1. BatteryAgingARC-FY08Q4_B0018,0,0.9786534309387207,1.0,0.7884929208592323,0.8570699702978001
1. BatteryAgingARC-FY08Q4_B0018,0,0.9526776671409607,0.8013245033112582,0.7737635568752561,0.8031032540850542
1. BatteryAgingARC-FY08Q4_B0018,0,0.16637413203716278,0.24878048780487805,0.20116677085326234,0.31982084164437774
1. BatteryAgingARC-FY08Q4_B0018,0,0.7432198524475098,0.4444444444444444,0.6305953352822593,0.6219035219316831
1. BatteryAgingARC-FY08Q4_B0018,0,0.9797348380088806,1.0,0.7890906393286968,0.8600884017212184
1. BatteryAgingARC-FY08Q4_B0018,0,0.9915959239006042,1.0,0.795565249417907,0.903244001156443
1. BatteryAgingARC-FY08Q4_B0018,0,0.9783135056495667,1.0,0.7883047804999631,0.8561413253685755
1. BatteryAgingARC-FY08Q4_B0018,0,0.9819438457489014,1.0,0.7903077593251283,0.8665880515364316
1. BatteryAgingARC-FY08Q4_B0018,0,0.9874374270439148,1.0,0.7933122085079899,0.8852989698163639
1. BatteryAgingARC-FY08Q4_B0018,1,0.9837139844894409,1.0,0.7912793411410058,0.8721694970737572
1. BatteryAgingARC-FY08Q4_B0018,1,0.9857921600341797,1.0,0.7924157614178767,0.8792331173607498
1. BatteryAgingARC-FY08Q4_B0018,1,0.9846974611282349,1.0,0.7918177111765093,0.8754370938737536
1. BatteryAgingARC-FY08Q4_B0018,1,0.9865148663520813,1.0,0.7928098911938123,0.8818405481065782
1. BatteryAgingARC-FY08Q4_B0018,1,0.9582143425941467,0.8013245033112582,0.7769629218243059,0.8125675231704846
1. BatteryAgingARC-FY08Q4_B0018,1,0.9911983609199524,1.0,0.795350644211795,0.9013192735981671
1. BatteryAgingARC-FY08Q4_B0018,1,0.9911983609199524,1.0,0.795350644211795,0.9013192735981671
1. BatteryAgingARC-FY08Q4_B0018,1,0.9916907548904419,1.0,0.795616414648274,0.9037112870418317
1. BatteryAgingARC-FY08Q4_B0018,1,0.9889703989028931,1.0,0.7941448908244704,0.8914133365131046
1. BatteryAgingARC-FY08Q4_B0018,1,0.9873199462890625,1.0,0.7932482924695252,0.8848499672374841
1. BatteryAgingARC-FY08Q4_B0018,1,0.9934845566749573,1.0,0.7965824522988373,0.913242037272519
1. BatteryAgingARC-FY08Q4_B0018,1,0.9914108514785767,1.0,0.7954653678031033,0.9023412363598639
1. BatteryAgingARC-FY08Q4_B0018,1,0.9914108514785767,1.0,0.7954653678031033,0.9023412363598639
2. BatteryAgingARC_25_26_27_28_P1_B0025,1,0.9814617037773132,1.0,0.7900425494526374,0.8651281847599634
2. BatteryAgingARC_25_26_27_28_P1_B0025,1,0.9836809635162354,1.0,0.791261247186126,0.872061965440092
2. BatteryAgingARC_25_26_27_28_P1_B0025,1,0.9827644228935242,1.0,0.7907585647802404,0.86913037748409
2. BatteryAgingARC_25_26_27_28_P1_B0025,1,0.9886243343353271,1.0,0.79395713228887,0.8899891161725549
2. BatteryAgingARC_25_26_27_28_P1_B0025,1,0.9815366864204407,1.0,0.7900838110172603,0.8653536332087585
2. BatteryAgingARC_25_26_27_28_P1_B0025,1,0.9826516509056091,1.0,0.7906966528157401,0.8687765208998702
2. BatteryAgingARC_25_26_27_28_P1_B0025,1,0.9850205183029175,1.0,0.7919943340874581,0.8765391334479741
2. BatteryAgingARC_25_26_27_28_P1_B0025,1,0.9847052097320557,1.0,0.7918219488130093,0.8754633548753784
2. BatteryAgingARC_25_26_27_28_P1_B0025,1,0.9930567741394043,1.0,0.7963523825694138,0.9108372530777168
2. BatteryAgingARC_25_26_27_28_P1_B0025,1,0.9945530295372009,1.0,0.7971562520445521,0.9196980683957908
2. BatteryAgingARC_25_26_27_28_P1_B0025,1,0.9897478818893433,1.0,0.794566254578705,0.8947169892993744
2. BatteryAgingARC_25_26_27_28_P1_B0025,1,0.9954771399497986,1.0,0.7976515512527553,0.9259267099070424
2. BatteryAgingARC_25_26_27_28_P1_B0025,1,0.9947814345359802,1.0,0.7972787552340002,0.9211748256492619
2. BatteryAgingARC_25_26_27_28_P1_B0025,1,0.9947814345359802,1.0,0.7972787552340002,0.9211748256492619
2. BatteryAgingARC_25_26_27_28_P1_B0025,1,0.9951540231704712,1.0,0.7974784717366099,0.9236691861399069
2. BatteryAgingARC_25_26_27_28_P1_B0025,1,0.9947814345359802,1.0,0.7972787552340002,0.9211748256492619
2. BatteryAgingARC_25_26_27_28_P1_B0025,1,0.9891586303710938,1.0,0.794246963231221,0.8921996247522652
2. BatteryAgingARC_25_26_27_28_P1_B0025,1,0.9889492988586426,1.0,0.7941334465512727,0.8913257150058213
2. BatteryAgingARC_25_26_27_28_P1_B0025,1,0.9887158274650574,1.0,0.7940067845330298,0.8903630171617719
2. BatteryAgingARC_25_26_27_28_P1_B0025,1,0.9896926283836365,1.0,0.7945363305749243,0.8944772068301997
2. BatteryAgingARC_25_26_27_28_P1_B0025,1,0.9902443885803223,1.0,0.7948350059819018,0.8969082870905822
2. BatteryAgingARC_25_26_27_28_P1_B0025,1,0.9908646941184998,1.0,0.7951704011726346,0.8997445553776927
2. BatteryAgingARC_25_26_27_28_P1_B0025,1,0.991894543170929,1.0,0.795726334631957,0.9047265965644398
2. BatteryAgingARC_25_26_27_28_P1_B0025,1,0.9924155473709106,1.0,0.7960071557726053,0.9073951660730875
2. BatteryAgingARC_25_26_27_28_P1_B0025,1,0.9924116730690002,1.0,0.7960050685847941,0.9073749167821274
2. BatteryAgingARC_25_26_27_28_P1_B0025,1,0.996635377407074,1.0,0.7982710611174515,0.934917607065559
2. BatteryAgingARC_25_26_27_28_P1_B0025,1,0.996977686882019,1.0,0.7984538816154263,0.9379178886696944
2. BatteryAgingARC_25_26_27_28_P1_B0025,1,0.9262080788612366,0.8013245033112582,0.7580224513827004,0.7657711721227372
3. BatteryAgingARC_25-44_B0029,0,0.19660519063472748,0.24878048780487805,0.21776802529175937,0.3409368951627112
3. BatteryAgingARC_25-44_B0029,0,0.5692582130432129,0.4444444444444444,0.489407230217894,0.5325932304714069
3. BatteryAgingARC_25-44_B0029,1,0.5692582130432129,0.4444444444444444,0.489407230217894,0.5325932304714069
3. BatteryAgingARC_25-44_B0029,1,0.5692582130432129,0.4444444444444444,0.489407230217894,0.5325932304714069
3. BatteryAgingARC_25-44_B0029,1,0.5692582130432129,0.4444444444444444,0.489407230217894,0.5325932304714069
3. BatteryAgingARC_25-44_B0029,1,0.5692582130432129,0.4444444444444444,0.489407230217894,0.5325932304714069
3. BatteryAgingARC_25-44_B0029,1,0.5640655755996704,0.4444444444444444,0.48510317762772187,0.5301275311803197
3. BatteryAgingARC_25-44_B0029,1,0.5803681015968323,0.4444444444444444,0.49862041264004986,0.5378882510900842
3. BatteryAgingARC_25-44_B0029,1,0.5803681015968323,0.4444444444444444,0.49862041264004986,0.5378882510900842
3. BatteryAgingARC_25-44_B0029,1,0.5803681015968323,0.4444444444444444,0.49862041264004986,0.5378882510900842
3. BatteryAgingARC_25-44_B0029,1,0.6718512773513794,0.4444444444444444,0.5739519505393063,0.5831040693142677
3. BatteryAgingARC_25-44_B0029,1,0.7876201272010803,0.4444444444444444,0.6642022302180037,0.6487838934110491
3. BatteryAgingARC_25-44_B0029,1,0.8234509229660034,0.4444444444444444,0.6901782323000986,0.6728382026526363
3. BatteryAgingARC_25-44_B0029,1,0.8247009515762329,0.4444444444444444,0.6910643361680844,0.6737263195747659
3. BatteryAgingARC_25-44_B0029,1,0.8410845994949341,0.4444444444444444,0.7025468970445509,0.6857325060721794
3. BatteryAgingARC_25-44_B0029,1,0.7110849618911743,0.4444444444444444,0.6054338177104299,0.6038965656664526
3. BatteryAgingARC_25-44_B0029,1,0.8319832682609558,0.4444444444444444,0.6961984961735829,0.6789763399504108
3. BatteryAgingARC_25-44_B0029,1,0.8296254277229309,0.4444444444444444,0.694541441720761,0.6772619713739505
3. BatteryAgingARC_25-44_B0029,1,0.8382377624511719,0.4444444444444444,0.7005693841462547,0.6835947850699546
3. BatteryAgingARC_25-44_B0029,1,0.8410845994949341,0.4444444444444444,0.7025468970445509,0.6857325060721794
3. BatteryAgingARC_25-44_B0029,1,0.8410845994949341,0.4444444444444444,0.7025468970445509,0.6857325060721794
3. BatteryAgingARC_25-44_B0029,1,0.8413683176040649,0.4444444444444444,0.7027435645312126,0.6859468156118919
3. BatteryAgingARC_25-44_B0029,1,0.8991446495056152,0.8013245033112582,0.7411741651354867,0.7358291913075589
3. BatteryAgingARC_25-44_B0029,1,0.9306728839874268,0.8013245033112582,0.7607290853424213,0.7713696406907478
3. BatteryAgingARC_25-44_B0029,1,0.9445798993110657,0.8013245033112582,0.7690260446785551,0.790483625723307
3. BatteryAgingARC_25-44_B0029,1,0.9276728630065918,0.8013245033112582,0.7589127182403971,0.7675829213305599
3. BatteryAgingARC_25-44_B0029,1,0.9306728839874268,0.8013245033112582,0.7607290853424213,0.7713696406907478
3. BatteryAgingARC_25-44_B0029,1,0.9445798993110657,0.8013245033112582,0.7690260446785551,0.790483625723307
3. BatteryAgingARC_25-44_B0029,1,0.9445798993110657,0.8013245033112582,0.7690260446785551,0.790483625723307
3. BatteryAgingARC_25-44_B0029,1,0.9445798993110657,0.8013245033112582,0.7690260446785551,0.790483625723307
3. BatteryAgingARC_25-44_B0029,1,0.9445798993110657,0.8013245033112582,0.7690260446785551,0.790483625723307
3. BatteryAgingARC_25-44_B0029,1,0.94436115026474,0.8013245033112582,0.7688971100653217,0.7901599848616744
3. BatteryAgingARC_25-44_B0029,1,0.9444118738174438,0.8013245033112582,0.7689270119200861,0.7902349566029983
3. BatteryAgingARC_25-44_B0029,1,0.9493153691291809,0.8013245033112582,0.771804868576029,0.7977043724707255
3. BatteryAgingARC_25-44_B0029,1,0.9449133276939392,0.8013245033112582,0.7692224765104867,0.7909785450364556
3. BatteryAgingARC_25-44_B0029,1,0.8680383563041687,0.8013245033112582,0.720889785483538,0.7072450301767766
3. BatteryAgingARC_25-44_B0029,1,0.9449133276939392,0.8013245033112582,0.7692224765104867,0.7909785450364556
3. BatteryAgingARC_25-44_B0029,1,0.9488441944122314,0.8013245033112582,0.771529436284657,0.7969666691024461
3. BatteryAgingARC_25-44_B0029,1,0.9472863674163818,0.8013245033112582,0.7706171200053489,0.7945587600167406
3. BatteryAgingARC_25-44_B0029,1,0.8773149847984314,0.8013245033112582,0.7270400353121096,0.7152762602240598
3. BatteryAgingARC_25-44_B0042,0,0.9463068246841431,0.8013245033112582,0.7700421578232659,0.7930684129874289
3. BatteryAgingARC_25-44_B0042,0,0.8641132116317749,0.8013245033112582,0.7182620618932164,0.7039532346532898
3. BatteryAgingARC_25-44_B0042,0,0.9658827781677246,0.8013245033112582,0.7813406212014662,0.8271339202681607
3. BatteryAgingARC_25-44_B0042,0,0.9432774782180786,0.8013245033112582,0.7682576321056489,0.7885688250827937
3. BatteryAgingARC_25-44_B0042,0,0.9634782075881958,0.8013245033112582,0.7799746105643418,0.822355981530168
3. BatteryAgingARC_25-44_B0042,0,0.9535084366798401,0.8013245033112582,0.7742456801094144,0.8044755685684385
3. BatteryAgingARC_25-44_B0042,0,0.9553526043891907,0.8013245033112582,0.7753133090216594,0.807580070837497
3. BatteryAgingARC_25-44_B0042,0,0.926850438117981,0.8013245033112582,0.7584131399750679,0.7665627750753199
3. BatteryAgingARC_25-44_B0042,0,0.9223780632019043,0.8013245033112582,0.7556840849346689,0.7611420713393163
3. BatteryAgingARC_25-44_B0042,0,0.924730658531189,0.8013245033112582,0.7571222400744353,0.7639673787935757
3. BatteryAgingARC_25-44_B0042,0,0.939339816570282,0.8013245033112582,0.7659236168681695,0.7829489155364405
3. BatteryAgingARC_25-44_B0042,0,0.9228444695472717,0.8013245033112582,0.7559696592329302,0.761697718278147
3. BatteryAgingARC_25-44_B0042,0,0.907881498336792,0.8013245033112582,0.7466957223734266,0.7448551263080873
3. BatteryAgingARC_25-44_B0042,0,0.921838104724884,0.8013245033112582,0.7553531933204285,0.7605015058047699
3. BatteryAgingARC_25-44_B0042,0,0.9194996356964111,0.8013245033112582,0.7539166629621609,0.7577600629918294
3. BatteryAgingARC_25-44_B0042,0,0.921838104724884,0.8013245033112582,0.7553531933204285,0.7605015058047699
3. BatteryAgingARC_25-44_B0042,0,0.8095200657844543,0.4444444444444444,0.6802094585770586,0.6631801785439252
3. BatteryAgingARC_25-44_B0042,0,0.921838104724884,0.8013245033112582,0.7553531933204285,0.7605015058047699
3. BatteryAgingARC_25-44_B0042,0,0.9170868396759033,0.8013245033112582,0.752428529168052,0.7549852105587335
3. BatteryAgingARC_25-44_B0042,0,0.9208987951278687,0.8013245033112582,0.7547768539681402,0.7593940058563301
3. BatteryAgingARC_25-44_B0042,0,0.787433385848999,0.4444444444444444,0.6640640336311333,0.6486648101658304
3. BatteryAgingARC_25-44_B0042,0,0.9680439233779907,0.8013245033112582,0.7825631242100753,0.8316179659222662
3. BatteryAgingARC_25-44_B0042,0,0.9623146057128906,0.8013245033112582,0.7793113849342743,0.8201169662898459
3. BatteryAgingARC_25-44_B0042,0,0.954880952835083,0.8013245033112582,0.7750406013109075,0.8067782460849354
3. BatteryAgingARC_25-44_B0042,0,0.954880952835083,0.8013245033112582,0.7750406013109075,0.8067782460849354
3. BatteryAgingARC_25-44_B0042,0,0.9593182802200317,0.8013245033112582,0.7775969602911126,0.8145508882334666
3. BatteryAgingARC_25-44_B0042,0,0.9913012385368347,1.0,0.7954061937744283,0.9018121513135425
3. BatteryAgingARC_25-44_B0042,0,0.9913012385368347,1.0,0.7954061937744283,0.9018121513135425
3. BatteryAgingARC_25-44_B0042,0,0.9324532747268677,0.8013245033112582,0.7618025807251321,0.7736676866835643
3. BatteryAgingARC_25-44_B0042,1,0.9667978286743164,0.8013245033112582,0.7818588445570811,0.8290094064832523
3. BatteryAgingARC_25-44_B0042,1,0.9734202027320862,0.8013245033112582,0.785582895887362,0.8436956259504473
3. BatteryAgingARC_25-44_B0042,1,0.9763472080230713,1.0,0.7872140812572054,0.8509437773754305
3. BatteryAgingARC_25-44_B0042,1,0.980983316898346,1.0,0.7897791617950674,0.8637032424431628
3. BatteryAgingARC_25-44_B0042,1,0.9705434441566467,0.8013245033112582,0.7839708722016002,0.8370556302204973
3. BatteryAgingARC_25-44_B0042,1,0.9522243738174438,0.8013245033112582,0.773500188619789,0.8023610957363096
3. BatteryAgingARC_25-44_B0042,1,0.9723239541053772,0.8013245033112582,0.7849696341609382,0.8411132338664278
3. BatteryAgingARC_25-44_B0042,1,0.9723239541053772,0.8013245033112582,0.7849696341609382,0.8411132338664278
3. BatteryAgingARC_25-44_B0042,1,0.9921886920928955,1.0,0.7958849161362523,0.906219924557689
3. BatteryAgingARC_25-44_B0042,1,0.9888426065444946,1.0,0.7940755713995877,0.8908842336379591
3. BatteryAgingARC_25-44_B0042,1,0.9602610468864441,0.8013245033112582,0.7781374117946263,0.8162725960039461
3. BatteryAgingARC_25-44_B0042,1,0.2058815211057663,0.24878048780487805,0.22305606318892388,0.347035345203716
4. BatteryAgingARC_45_46_47_48_B0045,1,0.09844136983156204,0.24878048780487805,0.16736795568014162,0.2617290108282113
4. BatteryAgingARC_45_46_47_48_B0045,1,0.2558257579803467,0.27906976744186046,0.25308120832894415,0.3775453542043764
4. BatteryAgingARC_45_46_47_48_B0045,1,0.3806053102016449,0.27906976744186046,0.33888490585867914,0.4432394860007641
4. BatteryAgingARC_45_46_47_48_B0045,1,0.3806053102016449,0.27906976744186046,0.33888490585867914,0.4432394860007641
4. BatteryAgingARC_45_46_47_48_B0046,0,0.6972821354866028,0.4444444444444444,0.5944433861658057,0.5964504542226374
4. BatteryAgingARC_45_46_47_48_B0046,0,0.8285753726959229,0.4444444444444444,0.6938018517251716,0.6765030267103306
4. BatteryAgingARC_45_46_47_48_B0046,0,0.7845973372459412,0.4444444444444444,0.6619617932666135,0.6468633428212198
4. BatteryAgingARC_45_46_47_48_B0046,0,0.8743034601211548,0.8013245033112582,0.7250527470024923,0.7126284737291538
4. BatteryAgingARC_45_46_47_48_B0046,0,0.7841282486915588,0.4444444444444444,0.6616134579929795,0.6465666384984786
4. BatteryAgingARC_45_46_47_48_B0046,0,0.7809247970581055,0.4444444444444444,0.6592299720191329,0.6445498052633004
4. BatteryAgingARC_45_46_47_48_B0046,1,0.7945461273193359,0.4444444444444444,0.669307757041147,0.6532423523590505
4. BatteryAgingARC_45_46_47_48_B0046,1,0.8802706599235535,0.8013245033112582,0.728981722202347,0.7179150850135609
4. BatteryAgingARC_45_46_47_48_B0046,1,0.8802706599235535,0.8013245033112582,0.728981722202347,0.7179150850135609
4. BatteryAgingARC_45_46_47_48_B0046,1,0.9184347987174988,0.8013245033112582,0.75326064990226,0.7565288715409608
4. BatteryAgingARC_45_46_47_48_B0046,1,0.9835866093635559,1.0,0.7912095391425257,0.8717554569946883
4. BatteryAgingARC_45_46_47_48_B0046,1,0.9835866093635559,1.0,0.7912095391425257,0.8717554569946883
4. BatteryAgingARC_45_46_47_48_B0046,1,0.35241925716400146,0.27906976744186046,0.31825999559191914,0.4292554771341595
4. BatteryAgingARC_45_46_47_48_B0046,1,0.885870099067688,0.8013245033112582,0.7326363094024422,0.723029576781079
4. BatteryAgingARC_45_46_47_48_B0046,1,0.9801595211029053,1.0,0.7893250326858634,0.861301755976868
4. BatteryAgingARC_45_46_47_48_B0046,1,0.9110172986984253,0.8013245033112582,0.7486584136870553,0.7482291229075452
4. BatteryAgingARC_45_46_47_48_B0046,1,0.9801595211029053,1.0,0.7893250326858634,0.861301755976868
4. BatteryAgingARC_45_46_47_48_B0046,1,0.9804491400718689,1.0,0.7894847711759346,0.8621387035651236
1. BatteryAgingARC-FY08Q4_B0006,1,0.004451560787856579,0.0111731843575419,0.17583024815285983,0.07714008469493483
1. BatteryAgingARC-FY08Q4_B0006,1,0.005400936584919691,0.0111731843575419,0.17626324707836627,0.0837285762811603
1. BatteryAgingARC-FY08Q4_B0006,1,0.004862904082983732,0.0111731843575419,0.17601775408599904,0.08009035403451792
1. BatteryAgingARC-FY08Q4_B0006,1,0.004451560787856579,0.0111731843575419,0.17583024815285983,0.07714008469493483
1. BatteryAgingARC-FY08Q4_B0006,1,0.018796585500240326,0.16666666666666666,0.18246236296450719,0.1401067656886798
1. BatteryAgingARC-FY08Q4_B0006,1,0.004862904082983732,0.0111731843575419,0.17601775408599904,0.08009035403451792
1. BatteryAgingARC-FY08Q4_B0006,1,0.02011217176914215,0.16666666666666666,0.18308022121890852,0.14396345507040262
1. BatteryAgingARC-FY08Q4_B0006,1,0.005579657852649689,0.0111731843575419,0.17634485338378925,0.08488788316086511
1. BatteryAgingARC-FY08Q4_B0006,1,0.0050239115953445435,0.0111731843575419,0.176091190246729,0.08120375208311625
1. BatteryAgingARC-FY08Q4_B0006,1,0.7717216610908508,0.5782608695652175,0.7042540136119785,0.6361711368273771
1. BatteryAgingARC-FY08Q4_B0006,1,0.0065244585275650024,0.0111731843575419,0.17677675428920608,0.09066710033205015
1. BatteryAgingARC-FY08Q4_B0006,1,0.0052441698499023914,0.0111731843575419,0.17619168992029732,0.08269223943454959
1. BatteryAgingARC-FY08Q4_B0006,1,0.005640766583383083,0.0111731843575419,0.17637276318497414,0.0852790603004843
1. BatteryAgingARC-FY08Q4_B0006,1,0.007669586222618818,0.0111731843575419,0.177301344543591,0.09701804227980819
1. BatteryAgingARC-FY08Q4_B0006,1,0.8711845278739929,0.5782608695652175,0.7650152509016485,0.7061768887466644
1. BatteryAgingARC-FY08Q4_B0006,1,0.9703619480133057,0.7333333333333333,0.8164104419032234,0.8320741754095085
1. BatteryAgingARC-FY08Q4_B0006,1,0.011036400683224201,0.0111731843575419,0.1788507759127021,0.11281634413408381
1. BatteryAgingARC-FY08Q4_B0006,1,0.04171037673950195,0.3235294117647059,0.19345634694458574,0.1918699071445109
1. BatteryAgingARC-FY08Q4_B0006,1,0.011083083227276802,0.0111731843575419,0.17887233379863016,0.11301246815573754
1. BatteryAgingARC-FY08Q4_B0006,1,0.02040691487491131,0.16666666666666666,0.1832188681636035,0.14480501270630364
1. BatteryAgingARC-FY08Q4_B0006,1,0.0067291660234332085,0.0111731843575419,0.17687044254202816,0.09185023924448585
1. BatteryAgingARC-FY08Q4_B0006,1,0.027171209454536438,0.3235294117647059,0.18642319022111914,0.16227059540342773
1. BatteryAgingARC-FY08Q4_B0006,1,0.004673235584050417,0.0111731843575419,0.17593127643439876,0.07874961870064441
1. BatteryAgingARC-FY08Q4_B0006,1,0.002824364695698023,0.0,0.17509005039074393,0.06348739419993867
1. BatteryAgingARC-FY08Q4_B0006,1,0.0027699642814695835,0.0,0.17506534655755163,0.06295749212483012
1. BatteryAgingARC-FY08Q4_B0006,1,0.9433679580688477,0.7333333333333333,0.8033458206632523,0.784216384513619
1. BatteryAgingARC-FY08Q4_B0006,1,0.004337552469223738,0.0111731843575419,0.17577830663956298,0.07629333462685704
1. BatteryAgingARC-FY08Q4_B0006,1,0.006155357696115971,0.0111731843575419,0.176607926807668,0.08847472246906647
1. BatteryAgingARC-FY08Q4_B0006,1,0.005128860007971525,0.0111731843575419,0.17613907059871456,0.08191784073264233
1. BatteryAgingARC-FY08Q4_B0006,1,0.058994777500629425,0.4520547945205479,0.2020776099378001,0.21917038722506962
1. BatteryAgingARC-FY08Q4_B0006,1,0.006816461216658354,0.0111731843575419,0.17691040669144018,0.09234803077498688
1. BatteryAgingARC-FY08Q4_B0006,1,0.012209794484078884,0.0111731843575419,0.1793932629481526,0.11759606879881677
1. BatteryAgingARC-FY08Q4_B0006,1,0.014933190308511257,0.0111731843575419,0.18065730499647306,0.12766548814718714
1. BatteryAgingARC-FY08Q4_B0006,1,0.00645468570291996,0.0111731843575419,0.17674483034403754,0.09025862300149351
1. BatteryAgingARC-FY08Q4_B0006,1,0.007306761108338833,0.0111731843575419,0.17713500001329174,0.09507332309167695
1. BatteryAgingARC-FY08Q4_B0006,1,0.014294209890067577,0.0111731843575419,0.18036010538987426,0.12541525841928014
1. BatteryAgingARC-FY08Q4_B0006,1,0.009580031037330627,0.0111731843575419,0.17817924836173107,0.10641572669671967
1. BatteryAgingARC-FY08Q4_B0006,1,0.01040251087397337,0.0111731843575419,0.17855824827037262,0.11009994690077798
1. BatteryAgingARC-FY08Q4_B0006,1,0.01911984197795391,0.16666666666666666,0.18261402843099492,0.14107014633890175
1. BatteryAgingARC-FY08Q4_B0006,1,0.028163505718111992,0.3235294117647059,0.18689686785170592,0.16458427090567176
1. BatteryAgingARC-FY08Q4_B0006,1,0.05893664434552193,0.4520547945205479,0.2020481387690734,0.21908814887798664
1. BatteryAgingARC-FY08Q4_B0006,1,0.1360987275838852,0.5609756097560976,0.2439904832886627,0.2998934248112064
1. BatteryAgingARC-FY08Q4_B0006,1,0.06390667706727982,0.4520547945205479,0.20457934207160583,0.22593331208778134
1. BatteryAgingARC-FY08Q4_B0006,1,0.03195403888821602,0.3235294117647059,0.18871482963945824,0.17296083091240436
1. BatteryAgingARC-FY08Q4_B0006,1,0.30672457814216614,0.5782608695652175,0.3556183811754032,0.4075506915959608
1. BatteryAgingARC-FY08Q4_B0006,1,0.5166909694671631,0.5782608695652175,0.5164330072991646,0.5076592261004214
1. BatteryAgingARC-FY08Q4_B0006,1,0.8167552351951599,0.5782608695652175,0.7328704851544162,0.6649894732710823
1. BatteryAgingARC-FY08Q4_B0006,1,0.01435625459998846,0.0111731843575419,0.1803889466130302,0.12563653028610394
1. BatteryAgingARC-FY08Q4_B0006,1,0.023692047223448753,0.16666666666666666,0.1847697065907814,0.15369303677405222
1. BatteryAgingARC-FY08Q4_B0006,1,0.0682411640882492,0.4520547945205479,0.20680603310077614,0.2316204146274703
1. BatteryAgingARC-FY08Q4_B0006,1,0.16767500340938568,0.5609756097560976,0.26276613154900874,0.32409697438354007
1. BatteryAgingARC-FY08Q4_B0006,1,0.3046305477619171,0.5782608695652175,0.3541110302822261,0.40645828126391353
1. BatteryAgingARC-FY08Q4_B0006,1,0.6620591282844543,0.5782608695652175,0.6278094645896641,0.5765195442963705
1. BatteryAgingARC-FY08Q4_B0006,1,0.820717990398407,0.5782608695652175,0.7353026931617507,0.6677129526789675
1. BatteryAgingARC-FY08Q4_B0006,1,0.8503254055976868,0.5782608695652175,0.7530207909208038,0.6893152079606802
1. BatteryAgingARC-FY08Q4_B0006,1,0.8520340919494629,0.5782608695652175,0.7540186218737748,0.6906389001651686
1. BatteryAgingARC-FY08Q4_B0006,1,0.8595882058143616,0.5782608695652175,0.7583974043359175,0.6966079364480942
1. BatteryAgingARC-FY08Q4_B0006,1,0.8483113050460815,0.5782608695652175,0.7518411175637552,0.6877668844971211
1. BatteryAgingARC-FY08Q4_B0006,1,0.8143574595451355,0.5782608695652175,0.7313919317911829,0.6633584228422366
1. BatteryAgingARC-FY08Q4_B0006,1,0.8328547477722168,0.5782608695652175,0.7426631044211924,0.6762848479883065
1. BatteryAgingARC-FY08Q4_B0006,1,0.8296353220939636,0.5782608695652175,0.740723759865227,0.6739755752917259
2. BatteryAgingARC_25_26_27_28_P1_B0028,0,0.0030382380355149508,0.0,0.17518719927381562,0.06551373659589352
2. BatteryAgingARC_25_26_27_28_P1_B0028,0,0.0030382380355149508,0.0,0.17518719927381562,0.06551373659589352
2. BatteryAgingARC_25_26_27_28_P1_B0028,0,0.0030382380355149508,0.0,0.17518719927381562,0.06551373659589352
2. BatteryAgingARC_25_26_27_28_P1_B0028,0,0.0030382380355149508,0.0,0.17518719927381562,0.06551373659589352
2. BatteryAgingARC_25_26_27_28_P1_B0028,0,0.0030382380355149508,0.0,0.17518719927381562,0.06551373659589352
2. BatteryAgingARC_25_26_27_28_P1_B0028,0,0.003414610167965293,0.0,0.17535826397645282,0.0688821676619318
2. BatteryAgingARC_25_26_27_28_P1_B0028,0,0.003414610167965293,0.0,0.17535826397645282,0.0688821676619318
2. BatteryAgingARC_25_26_27_28_P1_B0028,0,0.003083450486883521,0.0,0.17520774181359033,0.06593110547211838
2. BatteryAgingARC_25_26_27_28_P1_B0028,0,0.003110043238848448,0.0,0.1752198252708869,0.06617488510384648
2. BatteryAgingARC_25_26_27_28_P1_B0028,0,0.0036553265526890755,0.0,0.1754677407958395,0.0709210334439443
2. BatteryAgingARC_25_26_27_28_P1_B0028,0,0.003720621345564723,0.0,0.17549744587313285,0.07146008416699232
2. BatteryAgingARC_25_26_27_28_P1_B0028,0,0.003720621345564723,0.0,0.17549744587313285,0.07146008416699232
2. BatteryAgingARC_25_26_27_28_P1_B0028,0,0.003720621345564723,0.0,0.17549744587313285,0.07146008416699232
2. BatteryAgingARC_25_26_27_28_P1_B0028,0,0.004621123429387808,0.0111731843575419,0.17590752221735587,0.07837547913972429
2. BatteryAgingARC_25_26_27_28_P1_B0028,0,0.003720621345564723,0.0,0.17549744587313285,0.07146008416699232
2. BatteryAgingARC_25_26_27_28_P1_B0028,0,0.003720621345564723,0.0,0.17549744587313285,0.07146008416699232
2. BatteryAgingARC_25_26_27_28_P1_B0028,0,0.006072544027119875,0.0111731843575419,0.176570065065375,0.0879718052043188
2. BatteryAgingARC_25_26_27_28_P1_B0028,0,0.005167934577912092,0.0111731843575419,0.17615690010681304,0.08218143584430876
2. BatteryAgingARC_25_26_27_28_P1_B0028,0,0.004415413364768028,0.0111731843575419,0.1758137782943658,0.07687305110734742
2. BatteryAgingARC_25_26_27_28_P1_B0028,0,0.0044431984424591064,0.0111731843575419,0.17582643790764138,0.07707842626089634
2. BatteryAgingARC_25_26_27_28_P1_B0028,0,0.004119930323213339,0.0,0.17567919279623523,0.07463885140584414
2. BatteryAgingARC_25_26_27_28_P1_B0028,0,0.00489075668156147,0.0111731843575419,0.17603045604299672,0.08028454715946756
2. BatteryAgingARC_25_26_27_28_P1_B0028,0,0.0040671331807971,0.0,0.17565515349216188,0.07422953949141824
2. BatteryAgingARC_25_26_27_28_P1_B0028,0,0.003919435665011406,0.0,0.1755879184221069,0.07306719053564631
2. BatteryAgingARC_25_26_27_28_P1_B0028,0,0.004020303022116423,0.0,0.1756338332085528,0.07386379397206465
2. BatteryAgingARC_25_26_27_28_P1_B0028,0,0.004020303022116423,0.0,0.1756338332085528,0.07386379397206465
2. BatteryAgingARC_25_26_27_28_P1_B0028,0,0.005175446625798941,0.0111731843575419,0.17616032797492598,0.0822319724142453
2. BatteryAgingARC_25_26_27_28_P1_B0028,0,0.0057255784049630165,0.0111731843575419,0.17641150449979734,0.08581769693229309
3. BatteryAgingARC_25-44_B0030,0,0.327318400144577,0.5782608695652175,0.3705913790417486,0.4181298572557437
3. BatteryAgingARC_25-44_B0030,0,0.21010354161262512,0.5609756097560976,0.2894134504615337,0.352624435708174
3. BatteryAgingARC_25-44_B0030,0,0.27955162525177,0.5782608695652175,0.3362899325990367,0.39310181650775894
3. BatteryAgingARC_25-44_B0030,0,0.41867005825042725,0.5782608695652175,0.4396833189606334,0.4624264939215998
3. BatteryAgingARC_25-44_B0030,0,0.40760719776153564,0.5782608695652175,0.4311325471680436,0.4572270628621037
3. BatteryAgingARC_25-44_B0030,0,0.27855849266052246,0.5782608695652175,0.33559331336777465,0.3925616756010112
3. BatteryAgingARC_25-44_B0030,0,0.46095022559165955,0.5782608695652175,0.47265042442606714,0.48205707496156297
3. BatteryAgingARC_25-44_B0030,1,0.16351476311683655,0.5609756097560976,0.26023997914716174,0.32107849519385434
3. BatteryAgingARC_25-44_B0030,1,0.16351476311683655,0.5609756097560976,0.26023997914716174,0.32107849519385434
3. BatteryAgingARC_25-44_B0030,1,0.1675264984369278,0.5609756097560976,0.26267568628841503,0.3239900119344757
3. BatteryAgingARC_25-44_B0030,1,0.4453034996986389,0.5782608695652175,0.4604068291390911,0.474828472572101
3. BatteryAgingARC_25-44_B0030,1,0.5761118531227112,0.5782608695652175,0.5628139688855421,0.5351318187410118
3. BatteryAgingARC_25-44_B0030,1,0.6102576851844788,0.5782608695652175,0.589029218492963,0.5512447735864345
3. BatteryAgingARC_25-44_B0030,1,0.4729497730731964,0.5782608695652175,0.4820632193270881,0.48758114004194486
3. BatteryAgingARC_25-44_B0030,1,0.6739881634712219,0.5782608695652175,0.6365309231752914,0.582532989486951
3. BatteryAgingARC_25-44_B0030,1,0.4426700472831726,0.5782608695652175,0.4583504314540141,0.4736082730356647
3. BatteryAgingARC_25-44_B0030,1,0.7220462560653687,0.5782608695652175,0.6707205613539023,0.6077676827877356
3. BatteryAgingARC_25-44_B0030,1,0.624403178691864,0.5782608695652175,0.5997517305962694,0.5580306502532463
3. BatteryAgingARC_25-44_B0030,1,0.6676895022392273,0.5782608695652175,0.6319366675368139,0.5793472292092641
3. BatteryAgingARC_25-44_B0030,1,0.8577507138252258,0.5782608695652175,0.7573371994796239,0.6951378969891084
3. BatteryAgingARC_25-44_B0030,1,0.5198153257369995,0.5782608695652175,0.5188858848116823,0.5090940375752013
3. BatteryAgingARC_25-44_B0030,1,0.682124137878418,0.5782608695652175,0.6424285461465218,0.5866851747080615
3. BatteryAgingARC_25-44_B0030,1,0.5824999809265137,0.5782608695652175,0.5677498061383558,0.538121905227814
3. BatteryAgingARC_25-44_B0030,1,0.6945891976356506,0.5782608695652175,0.6513806975922867,0.5931342943844009
3. BatteryAgingARC_25-44_B0030,1,0.6752443313598633,0.5782608695652175,0.6374442332124758,0.5831712819034766
3. BatteryAgingARC_25-44_B0030,1,0.2969167232513428,0.5782608695652175,0.34858351284112604,0.4024052494650991
3. BatteryAgingARC_25-44_B0030,1,0.5967000722885132,0.5782608695652175,0.5786722027095229,0.5448064632007263
3. BatteryAgingARC_25-44_B0030,1,0.840188205242157,0.5782608695652175,0.7470451666393368,0.6816477459416911
3. BatteryAgingARC_25-44_B0030,1,0.6913655400276184,0.5782608695652175,0.6490754548835692,0.5914557919172111
3. BatteryAgingARC_25-44_B0030,1,0.6913655400276184,0.5782608695652175,0.6490754548835692,0.5914557919172111
3. BatteryAgingARC_25-44_B0030,1,0.8467662334442139,0.5782608695652175,0.7509336030249305,0.6865877173653558
3. BatteryAgingARC_25-44_B0030,1,0.9224029183387756,0.5782608695652175,0.7927232023870217,0.7568733244519791
3. BatteryAgingARC_25-44_B0030,1,0.9302297234535217,0.7333333333333333,0.7967377438017869,0.7664305366690752
3. BatteryAgingARC_25-44_B0030,1,0.9311603903770447,0.7333333333333333,0.7972112301062373,0.767613378550784
3. BatteryAgingARC_25-44_B0030,1,0.8841583728790283,0.5782608695652175,0.7722690795583862,0.7175556034369353
3. BatteryAgingARC_25-44_B0030,1,0.8856952786445618,0.5782608695652175,0.7731178383301489,0.7189567401453151
3. BatteryAgingARC_25-44_B0030,1,0.8857666850090027,0.5782608695652175,0.7731572182295013,0.7190221326030548
3. BatteryAgingARC_25-44_B0030,1,0.9049710035324097,0.5782608695652175,0.7835726019379855,0.7376701356377743
3. BatteryAgingARC_25-44_B0030,1,0.8868828415870667,0.5782608695652175,0.7737721396056164,0.7200477270688826
3. BatteryAgingARC_25-44_B0030,1,0.8857666850090027,0.5782608695652175,0.7731572182295013,0.7190221326030548
3. BatteryAgingARC_25-44_B0039,0,0.005126352421939373,0.0111731843575419,0.17613792644965617,0.081900882959984
3. BatteryAgingARC_25-44_B0040,0,0.0005291494890116155,0.0,0.17405015256739817,0.030452076769098654
3. BatteryAgingARC_25-44_B0040,0,0.006046667695045471,0.0111731843575419,0.17655823592236697,0.08781379918045366
3. BatteryAgingARC_25-44_B0040,0,0.006046667695045471,0.0111731843575419,0.17655823592236697,0.08781379918045366
3. BatteryAgingARC_25-44_B0040,0,0.006046667695045471,0.0111731843575419,0.17655823592236697,0.08781379918045366
3. BatteryAgingARC_25-44_B0040,0,0.005499144084751606,0.0111731843575419,0.17630808614304946,0.08436846809185596
3. BatteryAgingARC_25-44_B0040,0,0.004789722617715597,0.0111731843575419,0.17598438369310104,0.07957687624019216
3. BatteryAgingARC_25-44_B0040,0,0.0006236198241822422,0.0,0.17409285807177372,0.032758886455668546
3. BatteryAgingARC_25-44_B0040,0,0.006136373151093721,0.0111731843575419,0.1765992466632604,0.08835980029288609
3. BatteryAgingARC_25-44_B0040,0,0.006136373151093721,0.0111731843575419,0.1765992466632604,0.08835980029288609
3. BatteryAgingARC_25-44_B0040,0,0.005979624111205339,0.0111731843575419,0.1765275904198321,0.08740247869154597
3. BatteryAgingARC_25-44_B0040,0,0.009138141758739948,0.0111731843575419,0.17797588545577578,0.10435404439848685
3. BatteryAgingARC_25-44_B0040,0,0.007953867316246033,0.0111731843575419,0.1774317645808435,0.09850229106624059
3. BatteryAgingARC_25-44_B0040,1,0.9989498257637024,1.0,0.8295020488858178,0.958750459097697
3. BatteryAgingARC_25-44_B0043,0,0.001542614889331162,0.0,0.1745087231953992,0.048829213872731835
3. BatteryAgingARC_25-44_B0043,0,0.0009052593959495425,0.0,0.17422022288070363,0.03863568594402432
3. BatteryAgingARC_25-44_B0043,0,0.000962159363552928,0.0,0.17424596346530036,0.039688881759164005
3. BatteryAgingARC_25-44_B0043,0,0.000962159363552928,0.0,0.17424596346530036,0.039688881759164005
3. BatteryAgingARC_25-44_B0043,0,0.0008054501377046108,0.0,0.17417507810497948,0.03669200993122449
3. BatteryAgingARC_25-44_B0043,0,0.0008857791544869542,0.0,0.17421141103783594,0.03826638726715357
3. BatteryAgingARC_25-44_B0043,0,0.0009895251132547855,0.0,0.17425834433694998,0.04018263848489606
3. BatteryAgingARC_25-44_B0043,0,0.0009310400928370655,0.0,0.1742318852609187,0.03911746319769704
3. BatteryAgingARC_25-44_B0043,0,0.0009219491039402783,0.0,0.17422777271182727,0.03894846209691807
3. BatteryAgingARC_25-44_B0043,0,0.001187455258332193,0.0,0.17434791298584534,0.043539646220895054
3. BatteryAgingARC_25-44_B0043,0,0.0012314844643697143,0.0,0.17436784230837546,0.04424136739490724
3. BatteryAgingARC_25-44_B0043,0,0.0011254315031692386,0.0,0.17431984168249376,0.04252505938823726
3. BatteryAgingARC_25-44_B0043,0,0.0012858863919973373,0.0,0.17439246920789653,0.045088590711834256
3. BatteryAgingARC_25-44_B0043,0,0.0011938967509195209,0.0,0.17435082854245584,0.0436432395489572
3. BatteryAgingARC_25-44_B0043,0,0.003036667127162218,0.0,0.1751864855565867,0.06549916863394016
3. BatteryAgingARC_25-44_B0043,0,0.002639305777847767,0.0,0.17500602429517048,0.06165894987475208
3. BatteryAgingARC_25-44_B0043,0,0.0014661637833341956,0.0,0.17447409756511836,0.047755932946016245
3. BatteryAgingARC_25-44_B0043,0,0.002729730913415551,0.0,0.17504707790399437,0.06256159101081141
3. BatteryAgingARC_25-44_B0043,0,0.0031445890199393034,0.0,0.17523552347820176,0.06648971827360484
3. BatteryAgingARC_25-44_B0043,0,0.0039113350212574005,0.0,0.17558423142166754,0.07300268175357785
3. BatteryAgingARC_25-44_B0043,0,0.0024067505728453398,0.0,0.17490047753813603,0.05924973608468597
3. BatteryAgingARC_25-44_B0043,0,0.0028432258404791355,0.0,0.17509861608745436,0.06366969609848122
3. BatteryAgingARC_25-44_B0043,0,0.0024157268926501274,0.0,0.1749045505708612,0.05934522906237986
3. BatteryAgingARC_25-44_B0043,0,0.004592797253280878,0.0111731843575419,0.17589461139092769,0.078171036484324
3. BatteryAgingARC_25-44_B0043,0,0.005337539128959179,0.0111731843575419,0.176234306161873,0.08331171499786232
3. BatteryAgingARC_25-44_B0043,0,0.005355932284146547,0.0111731843575419,0.1762427022461271,0.08343296646931621
3. BatteryAgingARC_25-44_B0043,0,0.009591489098966122,0.0111731843575419,0.17818452392312936,0.10646838655034695
3. BatteryAgingARC_25-44_B0043,0,0.009543092921376228,0.0111731843575419,0.17816224201615788,0.10624569483290007
3. BatteryAgingARC_25-44_B0043,0,0.02192305028438568,0.16666666666666666,0.18393334419660257,0.1490141008190877
3. BatteryAgingARC_25-44_B0043,1,0.03622714802622795,0.3235294117647059,0.19078047346743332,0.18165426904996446
3. BatteryAgingARC_25-44_B0043,1,0.03761574625968933,0.3235294117647059,0.1914554383717063,0.1843329213322368
3. BatteryAgingARC_25-44_B0043,1,0.05550307780504227,0.4520547945205479,0.20031315136754163,0.21413217862043796
3. BatteryAgingARC_25-44_B0043,1,0.05109918490052223,0.4520547945205479,0.19810423621314077,0.20746829463551533
3. BatteryAgingARC_25-44_B0043,1,0.05360952392220497,0.4520547945205479,0.199361123069594,0.2113115272430775
3. BatteryAgingARC_25-44_B0043,1,0.22036875784397125,0.5609756097560976,0.29609605988714677,0.35901566774068716
3. BatteryAgingARC_25-44_B0043,1,0.25013279914855957,0.5609756097560976,0.31596619151493704,0.3766801600858585
3. BatteryAgingARC_25-44_B0043,1,0.2949274778366089,0.5782608695652175,0.3471645870078775,0.4013524358153546
3. BatteryAgingARC_25-44_B0043,1,0.29375913739204407,0.5782608695652175,0.3463324735510122,0.40073258887922397
3. BatteryAgingARC_25-44_B0043,1,0.36013951897621155,0.5782608695652175,0.39496657988666756,0.4344616519628668
3. BatteryAgingARC_25-44_B0043,1,0.52199786901474,0.5782608695652175,0.5205988285519064,0.5100966643659113
3. BatteryAgingARC_25-44_B0043,1,0.9505985379219055,0.7333333333333333,0.8069127433749608,0.795202399809967
5. BatteryAgingARC_49_50_51_52_B0049,0,0.00687180133536458,0.0111731843575419,0.17693574532900816,0.09266156923645737
5. BatteryAgingARC_49_50_51_52_B0049,0,0.04947984963655472,0.4520547945205479,0.19729663171685893,0.2049222410116081
5. BatteryAgingARC_49_50_51_52_B0049,0,0.04947984963655472,0.4520547945205479,0.19729663171685893,0.2049222410116081
5. BatteryAgingARC_49_50_51_52_B0049,0,0.05453645810484886,0.4520547945205479,0.1998267356503831,0.21270041329061667
5. BatteryAgingARC_49_50_51_52_B0049,0,0.22424909472465515,0.5609756097560976,0.29864529622483377,0.3613885597240287
5. BatteryAgingARC_49_50_51_52_B0049,0,0.010075542144477367,0.0111731843575419,0.1784075051010231,0.10865799481851517
5. BatteryAgingARC_49_50_51_52_B0049,0,0.19371245801448822,0.5609756097560976,0.27893062231279087,0.34204205747433136
5. BatteryAgingARC_49_50_51_52_B0049,0,0.3381631672382355,0.5782608695652175,0.37857950439235133,0.4235917215249841
5. BatteryAgingARC_49_50_51_52_B0049,0,0.012396253645420074,0.0111731843575419,0.17947958561070781,0.11832849070430625
5. BatteryAgingARC_49_50_51_52_B0049,0,0.03971643000841141,0.3235294117647059,0.1924799927365627,0.18826385592545772
5. BatteryAgingARC_49_50_51_52_B0049,0,0.03885941952466965,0.3235294117647059,0.19206150446710418,0.1866771509099122
5. BatteryAgingARC_49_50_51_52_B0049,0,0.03816688433289528,0.3235294117647059,0.19172383837138066,0.18537799237767297
5. BatteryAgingARC_49_50_51_52_B0049,0,0.22150298953056335,0.5609756097560976,0.2968399033216534,0.35971162827571923
5. BatteryAgingARC_49_50_51_52_B0049,0,0.045626841485500336,0.3235294117647059,0.19538502774766883,0.19863370529484486
5. BatteryAgingARC_49_50_51_52_B0049,0,0.1430537849664688,0.5609756097560976,0.2480468758485143,0.30550198274492946
5. BatteryAgingARC_49_50_51_52_B0049,0,0.07499609142541885,0.4520547945205479,0.21031175957466153,0.24002442780074917
5. BatteryAgingARC_49_50_51_52_B0049,0,0.4782355725765228,0.5782608695652175,0.48621399428947387,0.49001058912204315
5. BatteryAgingARC_49_50_51_52_B0049,0,0.45759814977645874,0.5782608695652175,0.47002414118813385,0.48051120482697623
5. BatteryAgingARC_49_50_51_52_B0049,0,0.49385055899620056,0.5782608695652175,0.4984848929771674,0.49717883275439295
5. BatteryAgingARC_49_50_51_52_B0050,1,0.0019121860386803746,0.0,0.17467618285407582,0.05362263263394942
5. BatteryAgingARC_49_50_51_52_B0050,1,0.9843204021453857,1.0,0.8228975904120829,0.8697824547822121
2. BatteryAgingARC_25_26_27_28_P1_B0026,1,0.9864470958709717,0.8888888888888888,0.748762064493414,0.82652723452918
2. BatteryAgingARC_25_26_27_28_P1_B0026,1,0.9844276309013367,0.8888888888888888,0.7477790145396471,0.8190448029592167
2. BatteryAgingARC_25_26_27_28_P1_B0026,1,0.9548309445381165,0.810126582278481,0.7330816803172274,0.7523166611758348
2. BatteryAgingARC_25_26_27_28_P1_B0026,1,0.9886051416397095,1.0,0.7498097561060099,0.8355058386736991
2. BatteryAgingARC_25_26_27_28_P1_B0026,1,0.9896342754364014,1.0,0.750308355324665,0.8402391875624272
2. BatteryAgingARC_25_26_27_28_P1_B0026,1,0.9716097116470337,0.8333333333333334,0.7414802073564655,0.7835438117626693
3. BatteryAgingARC_25-44_B0027,0,0.01073501631617546,0.2376237623762376,0.19317106130609124,0.16149774902699926
3. BatteryAgingARC_25-44_B0027,0,0.007625560741871595,0.2376237623762376,0.19192171433981545,0.14519406419553516
3. BatteryAgingARC_25-44_B0027,0,0.005013732239603996,0.2,0.1908770773553437,0.12714409762156526
3. BatteryAgingARC_25-44_B0027,0,0.005982062313705683,0.2,0.1912638667553533,0.13449396964434346
3. BatteryAgingARC_25-44_B0027,0,0.005819675512611866,0.2,0.19119896129514977,0.13332484384229812
3. BatteryAgingARC_25-44_B0027,0,0.00672868499532342,0.22603032604748408,0.19156250581830794,0.13959060684719377
3. BatteryAgingARC_25-44_B0027,0,0.01464768685400486,0.2376237623762376,0.19475190746709237,0.1776250327782121
3. BatteryAgingARC_25-44_B0027,0,0.010352575220167637,0.2376237623762376,0.19301706745877278,0.15969812745704565
3. BatteryAgingARC_25-44_B0027,0,0.013509265147149563,0.2376237623762376,0.1942909387706351,0.17330214327714155
3. BatteryAgingARC_25-44_B0027,0,0.01724650338292122,0.2376237623762376,0.19580732346090768,0.18662549818238494
3. BatteryAgingARC_25-44_B0027,0,0.016633929684758186,0.2376237623762376,0.19555815950954406,0.18460062097852314
3. BatteryAgingARC_25-44_B0027,0,0.013228229247033596,0.2376237623762376,0.19417726947741862,0.17219338197004347
3. BatteryAgingARC_25-44_B0027,0,0.019457530230283737,0.2376237623762376,0.19670865466620288,0.19351278918903295
3. BatteryAgingARC_25-44_B0027,0,0.012403488159179688,0.2376237623762376,0.19384398170830558,0.1688349666141193
3. BatteryAgingARC_25-44_B0027,0,0.01788066327571869,0.2376237623762376,0.19606552051547263,0.1886656610732481
3. BatteryAgingARC_25-44_B0027,0,0.017445247620344162,0.2376237623762376,0.19588821413219445,0.187270852670204
3. BatteryAgingARC_25-44_B0027,0,0.015687206760048866,0.2376237623762376,0.19517355276009554,0.18135836577100872
3. BatteryAgingARC_25-44_B0027,0,0.016846928745508194,0.2376237623762376,0.19564476951298015,0.18531094130393067
3. BatteryAgingARC_25-44_B0027,0,0.01805766485631466,0.2376237623762376,0.19613763232645764,0.189225381148598
3. BatteryAgingARC_25-44_B0027,0,0.01844708062708378,0.2376237623762376,0.19629635389728847,0.1904424470175237
3. BatteryAgingARC_25-44_B0027,0,0.018163533881306648,0.2376237623762376,0.19618077376716503,0.18955819677385535
3. BatteryAgingARC_25-44_B0027,0,0.01431191060692072,0.2376237623762376,0.1946158590957104,0.17637686934517316
3. BatteryAgingARC_25-44_B0027,0,0.016656024381518364,0.2376237623762376,0.19556714233967584,0.18467461938169397
3. BatteryAgingARC_25-44_B0027,0,0.01530590932816267,0.2376237623762376,0.19501881239387456,0.1800110769487637
3. BatteryAgingARC_25-44_B0027,0,0.01278682891279459,0.2376237623762376,0.19399884023438194,0.17041599110798536
3. BatteryAgingARC_25-44_B0027,0,0.010600904002785683,0.2376237623762376,0.1931170489651802,0.16087214719204596
3. BatteryAgingARC_25-44_B0027,0,0.019749555736780167,0.2376237623762376,0.19682793359726644,0.19437774198486935
3. BatteryAgingARC_25-44_B0027,0,0.02257360890507698,0.25748502994011974,0.19798424621255817,0.20228160691109873
3. BatteryAgingARC_25-44_B0032,0,0.0053344666957855225,0.2,0.19100512516880266,0.12968430932164918
3. BatteryAgingARC_25-44_B0032,0,0.0017267285147681832,0.0,0.18956857667350907,0.08982317523885276
3. BatteryAgingARC_25-44_B0032,0,0.002739324700087309,0.0,0.18997094020122565,0.10457570620398549
3. BatteryAgingARC_25-44_B0032,0,0.002785889431834221,0.0,0.18998945879817414,0.1051534338510714
3. BatteryAgingARC_25-44_B0032,0,0.002785889431834221,0.0,0.18998945879817414,0.1051534338510714
3. BatteryAgingARC_25-44_B0032,0,0.003022235119715333,0.0,0.19008347378472873,0.10798463079556887
3. BatteryAgingARC_25-44_B0032,0,0.0034059109166264534,0.0,0.19023617041963203,0.11226262347077154
3. BatteryAgingARC_25-44_B0032,0,0.004682558123022318,0.2,0.19074493052307034,0.12439492108368339
3. BatteryAgingARC_25-44_B0032,0,0.0048414794728159904,0.2,0.1908083354251587,0.1257310958490457
3. BatteryAgingARC_25-44_B0032,0,0.0048414794728159904,0.2,0.1908083354251587,0.1257310958490457
3. BatteryAgingARC_25-44_B0032,0,0.006045415531843901,0.2,0.19128919338569067,0.13494384277561575
3. BatteryAgingARC_25-44_B0032,0,0.006045415531843901,0.2,0.19128919338569067,0.13494384277561575
3. BatteryAgingARC_25-44_B0032,0,0.007243748754262924,0.2376237623762376,0.1917687317267424,0.1428708412195871
3. BatteryAgingARC_25-44_B0032,0,0.011356894858181477,0.2376237623762376,0.19342166658844362,0.1643253007085706
3. BatteryAgingARC_25-44_B0032,0,0.011356894858181477,0.2376237623762376,0.19342166658844362,0.1643253007085706
3. BatteryAgingARC_25-44_B0032,0,0.006045415531843901,0.2,0.19128919338569067,0.13494384277561575
3. BatteryAgingARC_25-44_B0032,0,0.00655531557276845,0.21864593935703913,0.19149312867079388,0.1384453256439958
3. BatteryAgingARC_25-44_B0032,0,0.009887582622468472,0.2376237623762376,0.19282995923825677,0.1574426118604286
3. BatteryAgingARC_25-44_B0032,0,0.011356894858181477,0.2376237623762376,0.19342166658844362,0.1643253007085706
3. BatteryAgingARC_25-44_B0032,0,0.011356894858181477,0.2376237623762376,0.19342166658844362,0.1643253007085706
3. BatteryAgingARC_25-44_B0032,0,0.011356894858181477,0.2376237623762376,0.19342166658844362,0.1643253007085706
3. BatteryAgingARC_25-44_B0032,0,0.011177409440279007,0.2376237623762376,0.19334931199951416,0.1635212414340128
3. BatteryAgingARC_25-44_B0032,0,0.011060825549066067,0.2376237623762376,0.19330232544931622,0.16299382964810272
3. BatteryAgingARC_25-44_B0032,0,0.011060825549066067,0.2376237623762376,0.19330232544931622,0.16299382964810272
3. BatteryAgingARC_25-44_B0032,0,0.011060825549066067,0.2376237623762376,0.19330232544931622,0.16299382964810272
3. BatteryAgingARC_25-44_B0032,0,0.01245738286525011,0.2376237623762376,0.1938657479300336,0.16905942157557288
3. BatteryAgingARC_25-44_B0032,0,0.01245738286525011,0.2376237623762376,0.1938657479300336,0.16905942157557288
3. BatteryAgingARC_25-44_B0032,0,0.01245738286525011,0.2376237623762376,0.1938657479300336,0.16905942157557288
3. BatteryAgingARC_25-44_B0032,0,0.014829767867922783,0.2376237623762376,0.19482571241273322,0.17829295921624608
3. BatteryAgingARC_25-44_B0032,0,0.015386327169835567,0.2376237623762376,0.19505144029799515,0.18029730002573638
3. BatteryAgingARC_25-44_B0032,0,0.016171645373106003,0.2376237623762376,0.19537028460831699,0.18303519649626623
3. BatteryAgingARC_25-44_B0032,0,0.02754952944815159,0.25748502994011974,0.20003407662590048,0.21455233434552012
3. BatteryAgingARC_25-44_B0032,0,0.03851553425192833,0.25748502994011974,0.2046075829844958,0.23657326558472286
3. BatteryAgingARC_25-44_B0032,0,0.039438292384147644,0.25748502994011974,0.20499595138099147,0.23819724546060447
3. BatteryAgingARC_25-44_B0032,0,0.04117091745138168,0.25748502994011974,0.20572665211315688,0.24117004762687524
3. BatteryAgingARC_25-44_B0032,0,0.030833492055535316,0.25748502994011974,0.2013955999375716,0.22175616505412474
3. BatteryAgingARC_25-44_B0032,0,0.04213340952992439,0.25748502994011974,0.20613339736934466,0.24278056355288244
3. BatteryAgingARC_25-44_B0032,0,0.04213340952992439,0.25748502994011974,0.20613339736934466,0.24278056355288244
3. BatteryAgingARC_25-44_B0032,0,0.05168652907013893,0.25748502994011974,0.2102027770660433,0.2574178311861191
3. BatteryAgingARC_25-44_B0032,0,0.05502468720078468,0.25748502994011974,0.21163857185578547,0.2620462931773888
3. BatteryAgingARC_25-44_B0036,0,0.007577112410217524,0.2376237623762376,0.19190229713887344,0.14490405146844537
3. BatteryAgingARC_25-44_B0038,0,0.0647573471069336,0.25748502994011974,0.21586561886267536,0.2744250933379207
3. BatteryAgingARC_25-44_B0038,0,0.18079908192157745,0.25748502994011974,0.270905191472087,0.36582258822803454
3. BatteryAgingARC_25-44_B0038,0,0.20615831017494202,0.25748502994011974,0.284042202522257,0.3796733211410792
3. BatteryAgingARC_25-44_B0038,0,0.20615831017494202,0.25748502994011974,0.284042202522257,0.3796733211410792
3. BatteryAgingARC_25-44_B0038,0,0.47924891114234924,0.38866396761133604,0.44553108201307584,0.4924401313752698
3. BatteryAgingARC_25-44_B0038,0,0.1273210644721985,0.25748502994011974,0.2444861597098943,0.33161305568110033
3. BatteryAgingARC_25-44_B0038,0,0.31180548667907715,0.25748502994011974,0.34265793885815893,0.4284252234631942
3. BatteryAgingARC_25-44_B0038,0,0.5582049489021301,0.38866396761133604,0.4963261320976994,0.5212778539629024
3. BatteryAgingARC_25-44_B0038,0,0.5582049489021301,0.38866396761133604,0.4963261320976994,0.5212778539629024
3. BatteryAgingARC_25-44_B0044,0,0.004298701882362366,0.2,0.19059184969987628,0.12102717985368841
3. BatteryAgingARC_25-44_B0044,0,0.0017996904207393527,0.0,0.18959754685473576,0.09106505909930926
3. BatteryAgingARC_25-44_B0044,0,0.0012596449814736843,0.0,0.18938319729721234,0.0808530689531691
3. BatteryAgingARC_25-44_B0044,0,0.0012281733797863126,0.0,0.18937071162525895,0.08017017507673668
3. BatteryAgingARC_25-44_B0044,0,0.0011940463446080685,0.0,0.18935717318091042,0.07941582266188314
3. BatteryAgingARC_25-44_B0044,0,0.003621033625677228,0.1213879433402877,0.1903218267595061,0.11451249144694839
3. BatteryAgingARC_25-44_B0044,0,0.0036541770678013563,0.178227337612426,0.19033502624974613,0.1148505697849516
3. BatteryAgingARC_25-44_B0044,0,0.003943398594856262,0.2,0.1904502394379916,0.11771150629687696
3. BatteryAgingARC_25-44_B0044,0,0.001288930419832468,0.0,0.1893948162231811,0.08147798393809269
3. BatteryAgingARC_25-44_B0044,0,0.0014725906075909734,0.0,0.18946769540880454,0.08518783691198371
3. BatteryAgingARC_25-44_B0044,0,0.0014725906075909734,0.0,0.18946769540880454,0.08518783691198371
3. BatteryAgingARC_25-44_B0044,0,0.0017433181637898088,0.0,0.18957516344503003,0.09010872496517328
3. BatteryAgingARC_25-44_B0044,0,0.003972294274717569,0.2,0.19046175314112845,0.11798898377118537
3. BatteryAgingARC_25-44_B0044,0,0.003652367042377591,0.17512323187957315,0.1903343053827968,0.11483216339778433
3. BatteryAgingARC_25-44_B0044,0,0.003244425868615508,0.0,0.19017189060141,0.1105061666739978
3. BatteryAgingARC_25-44_B0044,0,0.004277568776160479,0.2,0.19058342460316777,0.12083558639223183
3. BatteryAgingARC_25-44_B0044,0,0.004351974930614233,0.2,0.19061308923198042,0.12150716964352129
3. BatteryAgingARC_25-44_B0044,0,0.004351974930614233,0.2,0.19061308923198042,0.12150716964352129
3. BatteryAgingARC_25-44_B0044,0,0.0044527677819132805,0.2,0.19065327947443816,0.12240387813540556
3. BatteryAgingARC_25-44_B0044,0,0.012261118739843369,0.2376237623762376,0.19378649251514846,0.16823853501730507
3. BatteryAgingARC_25-44_B0044,0,0.01743370108306408,0.2376237623762376,0.19588351389737535,0.18723351057393298
3. BatteryAgingARC_25-44_B0044,0,0.017932159826159477,0.2376237623762376,0.19608649853988663,0.18882893272713053
3. BatteryAgingARC_25-44_B0044,0,0.019483352079987526,0.2376237623762376,0.1967191994989241,0.19358966338027642
3. BatteryAgingARC_25-44_B0044,0,0.04188736155629158,0.25748502994011974,0.2060293618771584,0.24237154094659188
3. BatteryAgingARC_25-44_B0044,0,0.07462115585803986,0.25748502994011974,0.22021171119400085,0.28561038567747216
3. BatteryAgingARC_25-44_B0044,0,0.07448475807905197,0.25748502994011974,0.22015118705997327,0.2854635302584461
3. BatteryAgingARC_25-44_B0044,0,0.06509190052747726,0.25748502994011974,0.21601200269857285,0.2748248261402772
3. BatteryAgingARC_25-44_B0044,0,0.06681100279092789,0.25748502994011974,0.21676532977948412,0.2768547412252778
3. BatteryAgingARC_25-44_B0044,0,0.09114810824394226,0.25748502994011974,0.2276335441947988,0.302084904196202
3. BatteryAgingARC_25-44_B0044,1,0.35700124502182007,0.38866396761133604,0.36942803185482476,0.44664006984745425
3. BatteryAgingARC_25-44_B0044,1,0.430507630109787,0.38866396761133604,0.41466654273504416,0.4745528748755388
3. BatteryAgingARC_25-44_B0044,1,0.48386549949645996,0.38866396761133604,0.4484802569231343,0.49412316825752134
3. BatteryAgingARC_25-44_B0044,1,0.522949755191803,0.38866396761133604,0.4735730027823162,0.5083617995235847
3. BatteryAgingARC_25-44_B0044,1,0.7086068391799927,0.38866396761133604,0.5924231155955239,0.5801955626276265
3. BatteryAgingARC_25-44_B0044,1,0.780512809753418,0.38866396761133604,0.6364108573752917,0.6134782488585655
3. BatteryAgingARC_25-44_B0044,1,0.7876944541931152,0.38866396761133604,0.6406944564676539,0.617135020748643
3. BatteryAgingARC_25-44_B0044,1,0.7914302349090576,0.38866396761133604,0.642913932073911,0.6190676329146867
3. BatteryAgingARC_25-44_B0044,1,0.8415178656578064,0.38866396761133604,0.6720511274181321,0.6474706275883952
3. BatteryAgingARC_25-44_B0044,1,0.8498822450637817,0.38866396761133604,0.6767974815953414,0.6527807209997026
3. BatteryAgingARC_25-44_B0044,1,0.9411737322807312,0.810126582278481,0.7261189131787351,0.7329351656772545
3. BatteryAgingARC_25-44_B0044,1,0.7847188711166382,0.38866396761133604,0.6389223004704231,0.6156107710507469
6. BatteryAgingARC_53_54_55_56_B0053,0,0.06427811086177826,0.25748502994011974,0.21565605433489804,0.27384976411987305
6. BatteryAgingARC_53_54_55_56_B0053,0,0.06671168655157089,0.25748502994011974,0.21672175678394023,0.2767385480239495
6. BatteryAgingARC_53_54_55_56_B0053,0,0.06671168655157089,0.25748502994011974,0.21672175678394023,0.2767385480239495
6. BatteryAgingARC_53_54_55_56_B0053,0,0.02268850803375244,0.25748502994011974,0.19803139996016647,0.20258700173875466
6. BatteryAgingARC_53_54_55_56_B0053,0,0.06671168655157089,0.25748502994011974,0.21672175678394023,0.2767385480239495
6. BatteryAgingARC_53_54_55_56_B0053,0,0.05776294320821762,0.25748502994011974,0.21282168573797142,0.26568648851005094
6. BatteryAgingARC_53_54_55_56_B0053,0,0.08163808286190033,0.25748502994011974,0.22334145075280723,0.29290779461599314
6. BatteryAgingARC_53_54_55_56_B0053,0,0.08154860883951187,0.25748502994011974,0.22330134417205189,0.29281775533248455
6. BatteryAgingARC_53_54_55_56_B0053,0,0.08406274765729904,0.25748502994011974,0.22443025618507786,0.29532020194756264
6. BatteryAgingARC_53_54_55_56_B0053,0,0.0848812609910965,0.25748502994011974,0.224798663368652,0.29612285621702444
6. BatteryAgingARC_53_54_55_56_B0053,0,0.07210641354322433,0.25748502994011974,0.21909775755860048,0.2828697647367548
6. BatteryAgingARC_53_54_55_56_B0053,0,0.05325697362422943,0.25748502994011974,0.2108773581517432,0.25962270824362527
6. BatteryAgingARC_53_54_55_56_B0053,0,0.08980859816074371,0.25748502994011974,0.22702548909882936,0.3008367346519006
6. BatteryAgingARC_53_54_55_56_B0053,0,0.1009114608168602,0.25748502994011974,0.23210014690375544,0.31079538985305655
6. BatteryAgingARC_53_54_55_56_B0053,0,0.045302245765924454,0.25748502994011974,0.2074767396118117,0.24789264078274736
6. BatteryAgingARC_53_54_55_56_B0053,0,0.08843165636062622,0.25748502994011974,0.22640163897814133,0.2995392039102872
6. BatteryAgingARC_53_54_55_56_B0053,0,0.0464114248752594,0.25748502994011974,0.20794847029953772,0.24961773756759145
6. BatteryAgingARC_53_54_55_56_B0053,0,0.08032352477312088,0.25748502994011974,0.22275271849417871,0.2915774437432812
6. BatteryAgingARC_53_54_55_56_B0053,0,0.08032352477312088,0.25748502994011974,0.22275271849417871,0.2915774437432812
6. BatteryAgingARC_53_54_55_56_B0053,0,0.08782169967889786,0.25748502994011974,0.2261256741412109,0.29895962541326876
6. BatteryAgingARC_53_54_55_56_B0053,0,0.08359302580356598,0.25748502994011974,0.2242190314757212,0.2948569470487921
6. BatteryAgingARC_53_54_55_56_B0053,0,0.042164336889982224,0.25748502994011974,0.20614647701395378,0.24283184764065333
6. BatteryAgingARC_53_54_55_56_B0053,0,0.09794154763221741,0.25748502994011974,0.23073500891777526,0.3082141129939774
6. BatteryAgingARC_53_54_55_56_B0053,0,0.03787919878959656,0.25748502994011974,0.20434008206247617,0.23543604699964965
6. BatteryAgingARC_53_54_55_56_B0053,0,0.043541137129068375,0.25748502994011974,0.20672936900214026,0.2450864306865243
6. BatteryAgingARC_53_54_55_56_B0053,0,0.043977174907922745,0.25748502994011974,0.20691422697022877,0.24578915423089026
6. BatteryAgingARC_53_54_55_56_B0053,0,0.09759900718927383,0.25748502994011974,0.23057792027713803,0.30791270720450986
6. BatteryAgingARC_53_54_55_56_B0053,0,0.03847218304872513,0.25748502994011974,0.20458935087357688,0.23649624641289935
6. BatteryAgingARC_53_54_55_56_B0053,0,0.14822353422641754,0.25748502994011974,0.25460126391358334,0.34598851070555076
6. BatteryAgingARC_53_54_55_56_B0053,0,0.11814901232719421,0.25748502994011974,0.24013437303096818,0.3247713639506467
6. BatteryAgingARC_53_54_55_56_B0053,0,0.2661502957344055,0.25748502994011974,0.3165960056413033,0.40870613578235326
6. BatteryAgingARC_53_54_55_56_B0053,0,0.4068097770214081,0.38866396761133604,0.399883644190832,0.4657191541119111
6. BatteryAgingARC_53_54_55_56_B0053,0,0.6213793158531189,0.38866396761133604,0.5370736613205049,0.5449762707293132
6. BatteryAgingARC_53_54_55_56_B0053,0,0.36907219886779785,0.38866396761133604,0.3767241242797771,0.45134287308057086
6. BatteryAgingARC_53_54_55_56_B0053,0,0.46565720438957214,0.38866396761133604,0.4368714082944567,0.4874776424675429
6. BatteryAgingARC_53_54_55_56_B0053,0,0.35198256373405457,0.38866396761133604,0.3664118314941862,0.4446670928069775
6. BatteryAgingARC_53_54_55_56_B0053,0,0.508213996887207,0.38866396761133604,0.46408979426581043,0.5029911992860402
6. BatteryAgingARC_53_54_55_56_B0053,0,0.46580368280410767,0.38866396761133604,0.43696453885238157,0.4875311979802848
6. BatteryAgingARC_53_54_55_56_B0053,0,0.6130708456039429,0.38866396761133604,0.5317311805361763,0.5417989585083658
6. BatteryAgingARC_53_54_55_56_B0053,0,0.4792555272579193,0.38866396761133604,0.44553530583597684,0.49244254410786276
6. BatteryAgingARC_53_54_55_56_B0053,0,0.4745640754699707,0.38866396761133604,0.44254222618153666,0.49073106668121563
6. BatteryAgingARC_53_54_55_56_B0053,0,0.6130708456039429,0.38866396761133604,0.5317311805361763,0.5417989585083658
6. BatteryAgingARC_53_54_55_56_B0053,0,0.3627743422985077,0.38866396761133604,0.37291027565715795,0.4488965082884328
6. BatteryAgingARC_53_54_55_56_B0053,0,0.34159213304519653,0.38866396761133604,0.36020062443183926,0.4405463629062828
6. BatteryAgingARC_53_54_55_56_B0053,0,0.45646077394485474,0.38866396761133604,0.43103351738929524,0.4841111413419992
6. BatteryAgingARC_53_54_55_56_B0053,0,0.37136757373809814,0.38866396761133604,0.3781179895624049,0.45223073579907974
6. BatteryAgingARC_53_54_55_56_B0053,0,0.4768725633621216,0.38866396761133604,0.4440145010555872,0.4915733818808714
6. BatteryAgingARC_53_54_55_56_B0053,0,0.46580368280410767,0.38866396761133604,0.43696453885238157,0.4875311979802848
6. BatteryAgingARC_53_54_55_56_B0053,0,0.3396401107311249,0.38866396761133604,0.35903887369464044,0.4397665099562455
6. BatteryAgingARC_53_54_55_56_B0053,0,0.4431101083755493,0.38866396761133604,0.42259293363683675,0.4792065680960311
6. BatteryAgingARC_53_54_55_56_B0053,0,0.46519848704338074,0.38866396761133604,0.4365797859394374,0.4873099138100641
6. BatteryAgingARC_53_54_55_56_B0053,0,0.5844219326972961,0.38866396761133604,0.5132612517864246,0.5309980063926425
6. BatteryAgingARC_53_54_55_56_B0053,0,0.33785074949264526,0.25748502994011974,0.357975381235164,0.4390499898158526
6. BatteryAgingARC_53_54_55_56_B0053,0,0.36748209595680237,0.38866396761133604,0.3757597282341619,0.4507266526273078
6. BatteryAgingARC_53_54_55_56_B0053,0,0.4566125273704529,0.38866396761133604,0.4311296996476307,0.48416676406950393
6. BatteryAgingARC_53_54_55_56_B0054,0,0.008109298534691334,0.2376237623762376,0.19211566971023666,0.1480182309742039
6. BatteryAgingARC_53_54_55_56_B0054,0,0.1373061090707779,0.25748502994011974,0.24928396287734123,0.3386724178592134
6. BatteryAgingARC_53_54_55_56_B0054,0,0.25421905517578125,0.25748502994011974,0.30996266551942087,0.40326238413585336
6. BatteryAgingARC_53_54_55_56_B0054,0,0.4114919900894165,0.38866396761133604,0.40279093458935783,0.4674744432198552
6. BatteryAgingARC_53_54_55_56_B0054,0,0.4114919900894165,0.38866396761133604,0.40279093458935783,0.4674744432198552
6. BatteryAgingARC_53_54_55_56_B0054,0,0.2514180839061737,0.25748502994011974,0.30841656143350726,0.40196377850874104
6. BatteryAgingARC_53_54_55_56_B0054,0,0.42954370379447937,0.38866396761133604,0.4140620366918562,0.4741958084971007
6. BatteryAgingARC_53_54_55_56_B0054,0,0.42954370379447937,0.38866396761133604,0.4140620366918562,0.4741958084971007
6. BatteryAgingARC_53_54_55_56_B0054,0,0.2656169533729553,0.25748502994011974,0.31629786156647466,0.40846570965631707
6. BatteryAgingARC_53_54_55_56_B0054,0,0.2579653859138489,0.25748502994011974,0.3120372517120252,0.4049867275477784
6. BatteryAgingARC_53_54_55_56_B0054,0,0.4114919900894165,0.38866396761133604,0.40279093458935783,0.4674744432198552
6. BatteryAgingARC_53_54_55_56_B0054,0,0.4114919900894165,0.38866396761133604,0.40279093458935783,0.4674744432198552
6. BatteryAgingARC_53_54_55_56_B0054,0,0.059115417301654816,0.25748502994011974,0.2134078247886092,0.26743638153975474
6. BatteryAgingARC_53_54_55_56_B0054,0,0.15036247670650482,0.25748502994011974,0.2556517340832051,0.34737750029110503
6. BatteryAgingARC_53_54_55_56_B0054,0,0.25421905517578125,0.25748502994011974,0.30996266551942087,0.40326238413585336
6. BatteryAgingARC_53_54_55_56_B0054,0,0.1373061090707779,0.25748502994011974,0.24928396287734123,0.3386724178592134
6. BatteryAgingARC_53_54_55_56_B0054,0,0.11403526365756989,0.25748502994011974,0.2381998512045423,0.32157808807115457
6. BatteryAgingARC_53_54_55_56_B0054,0,0.17227326333522797,0.25748502994011974,0.26657526779102525,0.3608816782579448
6. BatteryAgingARC_53_54_55_56_B0054,0,0.05178358778357506,0.25748502994011974,0.21024442247676778,0.25755556353762915
6. BatteryAgingARC_53_54_55_56_B0054,0,0.1326795220375061,0.25748502994011974,0.24705310106536274,0.33544835569406856
6. BatteryAgingARC_53_54_55_56_B0054,0,0.11348369717597961,0.25748502994011974,0.2379412888502972,0.3211436296935838
6. BatteryAgingARC_53_54_55_56_B0054,0,0.08837244659662247,0.25748502994011974,0.22637484006043246,0.29948307342520286
6. BatteryAgingARC_53_54_55_56_B0054,0,0.05979176238179207,0.25748502994011974,0.2137013820263491,0.2683001185784974
6. BatteryAgingARC_53_54_55_56_B0054,0,0.05400272458791733,0.25748502994011974,0.21119824890909286,0.26065248576014666
6. BatteryAgingARC_53_54_55_56_B0054,0,0.31079187989234924,0.25748502994011974,0.3420681595634334,0.4280037085027777
