cell,y,p_raw
calce_CX2_36,0,0.8773334865161978
calce_CX2_36,0,0.8461710889568755
calce_CX2_36,0,0.8450565505304045
calce_CX2_36,0,0.8554747459600458
calce_CX2_36,0,0.8798633748303379
calce_CX2_36,0,0.87721519899643
calce_CX2_36,0,0.834986995478164
calce_CX2_36,0,0.8460277856164
calce_CX2_36,0,0.8397406756578294
calce_CX2_36,0,0.830407161043456
calce_CX2_36,0,0.8379525684250596
calce_CX2_36,0,0.8390924967295426
calce_CX2_36,0,0.8351917580420127
calce_CX2_36,0,0.8333662802839412
calce_CX2_36,0,0.8353378344254698
calce_CX2_36,0,0.8121389505108836
calce_CX2_36,0,0.8306295544934607
calce_CX2_36,0,0.8560612506496108
calce_CX2_36,0,0.8235593495428585
calce_CX2_36,0,0.8133242358496215
calce_CX2_36,0,0.8197031803860819
calce_CX2_36,0,0.8113820716236806
calce_CX2_36,0,0.81257034656974
calce_CX2_36,0,0.8157927237710233
calce_CX2_36,0,0.8422809961853415
calce_CX2_36,0,0.8777682046205301
calce_CX2_36,0,0.8636405732180555
calce_CX2_36,0,0.8769143460651565
calce_CX2_36,0,0.8811789662698302
calce_CX2_36,0,0.8555606442294187
calce_CX2_36,0,0.8393135222773208
calce_CX2_36,0,0.8440296421749588
calce_CX2_36,0,0.8845329081861528
calce_CX2_36,0,0.8690112909658749
calce_CX2_36,0,0.8703036327973072
calce_CX2_36,0,0.8762029049388627
calce_CX2_36,0,0.9469685218735614
calce_CX2_36,0,0.8360910924388872
calce_CX2_36,0,0.843884925734099
calce_CX2_36,0,0.8743404195592266
calce_CX2_36,0,0.8844443938162766
calce_CX2_36,0,0.8720075452275488
calce_CX2_36,0,0.886716991820212
calce_CX2_36,0,0.8878158120103985
calce_CX2_36,0,0.8662311246639551
calce_CX2_36,0,0.8613803018063523
calce_CX2_36,0,0.886850203252356
calce_CX2_36,0,0.8830142064357187
calce_CX2_36,0,0.886202351938782
calce_CX2_36,0,0.8854197312365507
calce_CX2_36,0,0.8891130135591752
calce_CX2_36,0,0.8835240182549564
calce_CX2_36,0,0.8994270715796773
calce_CX2_36,1,0.8770434941137144
calce_CX2_36,1,0.871881937809791
calce_CX2_36,1,0.8681226413220873
calce_CX2_36,1,0.9065377250525127
calce_CX2_36,1,0.902571336533212
calce_CX2_36,1,0.8954767521109419
calce_CX2_36,1,0.8972311554311527
calce_CX2_36,1,0.8929087635467599
calce_CX2_36,1,0.8976274202326465
calce_CX2_36,1,0.8780496736864773
calce_CX2_36,1,0.8635506368139165
calce_CX2_36,1,0.8549303165277874
calce_CX2_36,1,0.9066459025621565
calce_CX2_36,1,0.8987471273811288
calce_CX2_36,1,0.8959455959084794
calce_CX2_36,1,0.8986157394873193
calce_CX2_36,1,0.8978820238909243
calce_CX2_36,1,0.8795107174526567
calce_CX2_36,1,0.8736340164154992
calce_CX2_36,1,0.9570185449869889
calce_CX2_36,1,0.9050866707875388
calce_CX2_36,1,0.9033295779379193
calce_CX2_36,1,0.908037139677086
calce_CX2_36,1,0.9041963331954275
calce_CX2_36,1,0.8817625546804774
calce_CX2_36,1,0.8771416845879878
calce_CX2_36,1,0.8694370438547752
calce_CX2_36,1,0.8624750683910553
calce_CX2_36,1,0.86193635307563
calce_CX2_36,1,0.856821317252099
calce_CX2_36,1,0.8673707769770933
calce_CX2_36,1,0.8529724708174762
calce_CX2_36,1,0.9351447180438135
calce_CX2_36,1,0.8664970554465843
calce_CX2_36,1,0.8498627032251288
calce_CX2_36,1,0.8639773742622917
calce_CX2_36,1,0.8588415803575465
calce_CX2_36,1,0.8617903707485004
calce_CX2_36,1,0.8539458767519058
calce_CX2_36,1,0.8471853727183771
calce_CX2_36,1,0.857316911791507
calce_CX2_36,1,0.8891143828813715
calce_CX2_36,1,0.8896457259113765
calce_CX2_36,1,0.8954319768292934
calce_CX2_36,1,0.8972462354143793
calce_CX2_36,1,0.9038248488557721
calce_CX2_36,1,0.8645790140980759
calce_CX2_36,1,0.8705546473277203
calce_CX2_36,1,0.9020160328445888
calce_CX2_36,1,0.9075924192638669
calce_CX2_36,1,0.8946155299365448
calce_CX2_36,1,0.8946724813262025
calce_CX2_36,1,0.9065410354799273
calce_CX2_36,1,0.8690631631942588
calce_CX2_36,1,0.8781534610687041
calce_CX2_36,1,0.8941049987689729
calce_CX2_36,1,0.9102849523646775
calce_CX2_36,1,0.8928737068136291
calce_CX2_36,1,0.8794201795996193
calce_CX2_36,1,0.8829786392067295
calce_CX2_36,1,0.8691477753330019
calce_CX2_36,1,0.9646481248148434
calce_CX2_36,1,0.9043940850585221
calce_CX2_36,1,0.9070986749879908
calce_CX2_36,1,0.9106642121573473
calce_CX2_36,1,0.9173321305499085
calce_CX2_36,1,0.8821777705921785
calce_CX2_36,1,0.8855598517680193
calce_CX2_36,1,0.8780520244816291
calce_CX2_36,1,0.8754172929838204
calce_CX2_36,1,0.8676985000833543
calce_CX2_36,1,0.862995017978578
calce_CX2_36,1,0.8670041764987773
calce_CX2_36,1,0.8680536385172314
calce_CX2_36,1,0.860811068224678
calce_CX2_36,1,0.8658426235924697
calce_CX2_36,1,0.8690276182819783
calce_CX2_36,1,0.8644599012021106
calce_CX2_36,1,0.863246172069399
calce_CX2_36,1,0.8636185669536158
calce_CX2_36,1,0.8626897944928048
calce_CX2_36,1,0.8639974471351851
calce_CX2_36,1,0.882549436051238
calce_CX2_36,1,0.9050004265852861
calce_CX2_36,1,0.9075501671611467
calce_CX2_36,1,0.911059979200095
calce_CX2_36,1,0.9095329387058894
calce_CX2_36,1,0.8814855929447983
calce_CX2_36,1,0.8765968436737698
calce_CX2_36,1,0.8720671280408392
calce_CX2_36,1,0.9048677998114096
calce_CX2_36,1,0.9124602195477142
calce_CX2_36,1,0.9041459049380398
calce_CX2_36,1,0.90488093901815
calce_CX2_36,1,0.8970453137916209
calce_CX2_36,1,0.8792264610340755
calce_CX2_36,1,0.8780146748701646
calce_CX2_36,1,0.9131580815407631
calce_CX2_36,1,0.9644072610077276
calce_CX2_36,1,0.9069927422245415
calce_CX2_36,1,0.9105437005919833
calce_CX2_36,1,0.9250564632067786
calce_CX2_36,1,0.8961067491044588
calce_CX2_36,1,0.8780916314839913
calce_CX2_36,1,0.8992435829280923
calce_CX2_36,1,0.9108979204110293
calce_CX2_36,1,0.914396997730588
calce_CX2_36,1,0.9170606187605577
calce_CX2_36,1,0.966272626087514
calce_CX2_36,1,0.8955583754527228
calce_CX2_36,1,0.8956943109380571
calce_CX2_36,1,0.8968852487965485
calce_CX2_36,1,0.9186865293194955
calce_CX2_36,1,0.908343131879836
calce_CX2_36,1,0.9129036144004591
calce_CX2_36,1,0.9161127044195347
calce_CX2_36,1,0.9020339783211203
calce_CX2_36,1,0.8923095968168945
calce_CX2_36,1,0.882369801281531
calce_CX2_36,1,0.8791686511265657
calce_CX2_36,1,0.8905765468434076
calce_CX2_36,1,0.8790992849206808
calce_CX2_36,1,0.8810889277310543
calce_CX2_36,1,0.8789418078500205
calce_CX2_36,1,0.8746630052896697
calce_CX2_36,1,0.8701024135165671
calce_CX2_36,1,0.8848492848075001
calce_CX2_36,1,0.8690115727185845
calce_CX2_36,1,0.8651356822628551
calce_CX2_36,1,0.866351956791074
calce_CX2_36,1,0.8764024569107086
calce_CX2_36,1,0.862871292815001
calce_CX2_36,1,0.8609275893622524
calce_CX2_36,1,0.9065342158270482
calce_CX2_36,1,0.9107877976076313
calce_CX2_36,1,0.9108776673405652
calce_CX2_36,1,0.9131524853916764
calce_CX2_36,1,0.9154614783874855
calce_CX2_36,1,0.8969805625633884
calce_CX2_36,1,0.8792470369649451
calce_CX2_36,1,0.8740392998630292
calce_CX2_36,1,0.911398576799444
calce_CX2_36,1,0.9072279607347394
calce_CX2_36,1,0.9082021748263452
calce_CX2_36,1,0.9104044637298582
calce_CX2_36,1,0.9034526074253167
calce_CX2_36,1,0.8912523942696202
calce_CX2_36,1,0.8971874867902928
calce_CX2_36,1,0.8991067254815696
calce_CX2_36,1,0.9070907352494099
calce_CX2_36,1,0.9101026402364307
calce_CX2_36,1,0.915973742266755
calce_CX2_36,1,0.9067615741696241
calce_CX2_36,1,0.8784867576038278
calce_CX2_36,1,0.8867711233157575
calce_CX2_36,1,0.9103716749323694
calce_CX2_36,1,0.9029969084812005
calce_CX2_36,1,0.9149172617475269
calce_CX2_36,1,0.9128144369575713
calce_CX2_36,1,0.9706411773533378
calce_CX2_36,1,0.934980935239811
calce_CX2_36,1,0.9211202757736731
calce_CX2_36,1,0.9131145950988274
calce_CX2_36,1,0.916967032648161
calce_CX2_36,1,0.9228310096248022
calce_CX2_36,1,0.897105900875341
calce_CX2_36,1,0.8886914997840851
calce_CX2_36,1,0.8966088000420579
calce_CX2_36,1,0.8961904468966287
calce_CX2_36,1,0.8829523201057179
calce_CX2_36,1,0.880596707944568
calce_CX2_36,1,0.8875869721275338
calce_CX2_36,1,0.888815487189876
calce_CX2_36,1,0.8833790837446385
calce_CX2_36,1,0.8866291377116516
calce_CX2_36,1,0.8797845438781989
calce_CX2_36,1,0.9030558720038662
calce_CX2_36,1,0.8952787212837554
calce_CX2_36,1,0.8917118946107219
calce_CX2_36,1,0.8928498623317723
calce_CX2_36,1,0.8825835642108778
calce_CX2_36,1,0.8784395128975306
calce_CX2_36,1,0.8658848038055242
calce_CX2_36,1,0.8879317650921777
calce_CX2_36,1,0.9019879656479504
calce_CX2_36,1,0.9590535874757032
calce_CX2_36,1,0.885578816922932
calce_CX2_36,1,0.8911372665933104
calce_CX2_36,1,0.8738111603674308
calce_CX2_36,1,0.8790441003250257
calce_CX2_36,1,0.8806408576386311
calce_CX2_36,1,0.8996583702742467
calce_CX2_36,1,0.8882112080431073
calce_CX2_36,1,0.8984045295231893
calce_CX2_36,1,0.8983378874448066
calce_CX2_36,1,0.8941180456108466
calce_CX2_36,1,0.8736339452092321
calce_CX2_36,1,0.8695085617947668
calce_CX2_36,1,0.8979946499867223
calce_CX2_36,1,0.8920791017276729
calce_CX2_36,1,0.8887350883939542
calce_CX2_36,1,0.8988676537872501
calce_CX2_36,1,0.8869302006000325
calce_CX2_36,1,0.879281554744774
calce_CX2_36,1,0.865386922794453
calce_CX2_36,1,0.8664089598835738
calce_CX2_36,1,0.8664343114307173
calce_CX2_36,1,0.8588388960885328
calce_CX2_36,1,0.8732170307932401
calce_CX2_36,1,0.8656468858707805
calce_CX2_36,1,0.86172990062404
calce_CX2_36,1,0.8559422136884492
calce_CX2_36,1,0.854785166530416
calce_CX2_36,1,0.8567869606727752
calce_CX2_36,1,0.8548559849454639
calce_CX2_36,1,0.8530258860562258
calce_CX2_36,1,0.850596226593026
calce_CX2_36,1,0.8568128202785411
calce_CX2_36,1,0.8487718236799935
calce_CX2_36,1,0.8698790763795542
calce_CX2_36,1,0.8914775595160968
calce_CX2_36,1,0.8826503918246331
calce_CX2_36,1,0.9585840936756005
calce_CX2_36,1,0.8904799237068016
calce_CX2_36,1,0.8818657248398584
calce_CX2_36,1,0.8662100762645214
calce_CX2_36,1,0.8621118569967356
calce_CX2_36,1,0.8821120009820601
calce_CX2_36,1,0.8886447958074728
calce_CX2_36,1,0.8855631386966272
calce_CX2_36,1,0.8918470891152565
calce_CX2_36,1,0.8904617450683524
calce_CX2_36,1,0.873734623287309
calce_CX2_36,1,0.8659077041209483
calce_CX2_36,1,0.8862105774823805
calce_CX2_36,1,0.8858814567849095
calce_CX2_36,1,0.8877197123603711
calce_CX2_36,1,0.8873131845371669
calce_CX2_36,1,0.8884254822417568
calce_CX2_36,1,0.8804769929974895
calce_CX2_36,1,0.8670061651910623
calce_CX2_36,1,0.8659144866400915
calce_CX2_36,1,0.8922063131484623
calce_CX2_36,1,0.8815765981244921
calce_CX2_36,1,0.8857815431162467
calce_CX2_36,1,0.8804307007495759
calce_CX2_36,1,0.8858235099421101
calce_CX2_36,1,0.8788368851969786
calce_CX2_36,1,0.8885270032924323
calce_CX2_36,1,0.9111811531044871
calce_CX2_36,1,0.8975634221766791
calce_CX2_36,1,0.894773122218962
calce_CX2_36,1,0.8901282465702784
calce_CX2_36,1,0.8956860006472772
calce_CX2_36,1,0.8689767177724464
calce_CX2_36,1,0.8772823335409964
calce_CX2_36,1,0.8603401629323009
calce_CX2_36,1,0.8729332328242133
calce_CX2_36,1,0.8749414699625236
calce_CX2_36,1,0.8671546121550807
calce_CX2_36,1,0.8625071787619757
calce_CX2_36,1,0.8630183302471326
calce_CX2_36,1,0.8645446199570713
calce_CX2_36,1,0.8674933321636684
calce_CX2_36,1,0.8689823350489583
calce_CX2_36,1,0.8653761384303866
calce_CX2_36,1,0.8632984233553884
calce_CX2_36,1,0.8607171291013859
calce_CX2_36,1,0.855047643367864
calce_CX2_36,1,0.8632982851827065
calce_CX2_36,1,0.8628917499568182
calce_CX2_36,1,0.885456408316257
calce_CX2_36,1,0.9495656776472516
calce_CX2_36,1,0.8794003528134661
calce_CX2_36,1,0.8831107335997839
calce_CX2_36,1,0.8692494195030368
calce_CX2_36,1,0.8685438685321001
calce_CX2_36,1,0.8886042713724955
calce_CX2_36,1,0.8869345932878244
calce_CX2_36,1,0.8942511964110977
calce_CX2_36,1,0.8918280396368572
calce_CX2_36,1,0.8948120969816233
calce_CX2_36,1,0.8599734922424321
calce_CX2_36,1,0.8605684008912331
calce_CX2_36,1,0.8789896067608535
calce_CX2_36,1,0.8932252233455026
calce_CX2_36,1,0.8889763993608077
calce_CX2_36,1,0.8910687635708119
calce_CX2_36,1,0.8820078377833884
calce_CX2_36,1,0.8780083278776486
calce_CX2_36,1,0.8644169598698886
calce_CX2_36,1,0.8595671903120989
calce_CX2_36,1,0.891152615152243
calce_CX2_36,1,0.8882665234195244
calce_CX2_36,1,0.8898789416657759
calce_CX2_36,1,0.9110922837578185
calce_CX2_36,1,0.9101871671124713
calce_CX2_36,1,0.8841076467418985
calce_CX2_36,1,0.8734067784252237
calce_CX2_36,1,0.9036271448156801
calce_CX2_36,1,0.914116052800667
calce_CX2_36,1,0.9188883398596289
calce_CX2_36,1,0.9155592983839216
calce_CX2_36,1,0.9213572341076819
calce_CX2_36,1,0.8949584506441798
calce_CX2_36,1,0.8790725739162519
calce_CX2_36,1,0.887440833084651
calce_CX2_36,1,0.8849036973905663
calce_CX2_36,1,0.8785720209363669
calce_CX2_36,1,0.8661183887417172
calce_CX2_36,1,0.8659143360422967
calce_CX2_36,1,0.9464977869881187
calce_CX2_36,1,0.8654589786825274
calce_CX2_36,1,0.867428238469237
calce_CX2_36,1,0.9451085704163136
calce_CX2_36,1,0.8686824753745274
calce_CX2_36,1,0.8640076005080058
calce_CX2_36,1,0.8681629735492035
calce_CX2_36,1,0.8701941974869174
calce_CX2_36,1,0.8681459051388681
calce_CX2_36,1,0.867874716778346
calce_CX2_36,1,0.8658737889589243
calce_CX2_36,1,0.9135927029657684
calce_CX2_36,1,0.9137808104701406
calce_CX2_36,1,0.890764379774685
calce_CX2_36,1,0.8889063140523473
calce_CX2_36,1,0.8893941853038068
calce_CX2_36,1,0.9104201788677286
calce_CX2_36,1,0.9172092319266179
calce_CX2_36,1,0.9162321135049194
calce_CX2_36,1,0.9198308903626502
calce_CX2_36,1,0.9033453051674097
calce_CX2_36,1,0.8850912918260558
calce_CX2_36,1,0.8876916640971372
calce_CX2_36,1,0.9127645946308911
calce_CX2_36,1,0.9168130295587681
calce_CX2_36,1,0.9201695998918492
calce_CX2_36,1,0.9187135630883045
calce_CX2_36,1,0.9134617957554029
calce_CX2_36,1,0.9198029420147141
calce_CX2_36,1,0.910747440708223
calce_CX2_36,1,0.8930332392975197
calce_CX2_36,1,0.8945178843813243
calce_CX2_36,1,0.9209624266443799
calce_CX2_36,1,0.9204847182965396
calce_CX2_36,1,0.9237077144196769
calce_CX2_36,1,0.9288317925921791
calce_CX2_36,1,0.9307576275344361
calce_CX2_36,1,0.8922830442588575
calce_CX2_36,1,0.8898897018127506
calce_CX2_36,1,0.9175299128110765
calce_CX2_36,1,0.9244104443986516
calce_CX2_36,1,0.9714379469770317
calce_CX2_36,1,0.9202605620336948
calce_CX2_36,1,0.9220810999547504
calce_CX2_36,1,0.9233266711716275
calce_CX2_36,1,0.9013465459780768
calce_CX2_36,1,0.8930071005114172
calce_CX2_36,1,0.9227694926306412
calce_CX2_36,1,0.9259313121360935
calce_CX2_36,1,0.9150216158910965
calce_CX2_36,1,0.9156281377832962
calce_CX2_36,1,0.9183225824397322
calce_CX2_36,1,0.9026197363823524
calce_CX2_36,1,0.8975532070341723
calce_CX2_36,1,0.8885614234514448
calce_CX2_36,1,0.9133010761103506
calce_CX2_36,1,0.9083113807234815
calce_CX2_36,1,0.9107246270593868
calce_CX2_36,1,0.9147256698726817
calce_CX2_36,1,0.910755520829558
calce_CX2_36,1,0.8961288191870286
calce_CX2_36,1,0.8929036445773032
calce_CX2_36,1,0.8877311185519248
calce_CX2_36,1,0.8841704670377392
calce_CX2_36,1,0.8927093313563771
calce_CX2_36,1,0.8963204602544896
calce_CX2_36,1,0.8895463414712685
calce_CX2_36,1,0.8872936984052943
calce_CX2_36,1,0.8841703800268743
calce_CX2_36,1,0.8812510742724021
calce_CX2_36,1,0.8843307666016074
calce_CX2_36,1,0.8860755008850508
calce_CX2_36,1,0.8843704303750378
calce_CX2_36,1,0.8915674089288718
calce_CX2_36,1,0.8832712261938767
calce_CX2_36,1,0.8839299273533624
calce_CX2_36,1,0.9130298529762102
calce_CX2_36,1,0.9178722498265688
calce_CX2_36,1,0.9043022717590549
calce_CX2_36,1,0.8957526613047918
calce_CX2_36,1,0.8977872131480854
calce_CX2_36,1,0.915881308107565
calce_CX2_36,1,0.9185993298507541
calce_CX2_36,1,0.9153003172323991
calce_CX2_36,1,0.9196311016465661
calce_CX2_36,1,0.9128581389260901
calce_CX2_36,1,0.9028227398632799
calce_CX2_36,1,0.9009228396983533
calce_CX2_36,1,0.9163844981395842
calce_CX2_36,1,0.9185700849845784
calce_CX2_36,1,0.9118449629419391
calce_CX2_36,1,0.9187399302093607
calce_CX2_36,1,0.913335636798631
calce_CX2_36,1,0.9036553071955019
calce_CX2_36,1,0.8933786647758364
calce_CX2_36,1,0.9027085245239405
calce_CX2_36,1,0.9237312258099614
calce_CX2_36,1,0.9322302686577741
calce_CX2_36,1,0.9140587945472176
calce_CX2_36,1,0.9226519521559837
calce_CX2_36,1,0.9246043137524521
calce_CX2_36,1,0.8980873445885836
calce_CX2_36,1,0.9037243460788161
calce_CX2_36,1,0.9202590120822234
calce_CX2_36,1,0.9256057006888693
calce_CX2_36,1,0.9126858896572884
calce_CX2_36,1,0.9141157720877641
calce_CX2_36,1,0.9189088365851195
calce_CX2_36,1,0.9314697069627169
calce_CX2_36,1,0.9023434981359927
calce_CX2_36,1,0.907155970555591
calce_CX2_36,1,0.895344933398804
calce_CX2_36,1,0.905572069114342
calce_CX2_36,1,0.964309095863111
calce_CX2_36,1,0.9004894695758165
calce_CX2_36,1,0.9187960599674251
calce_CX2_36,1,0.9049794042760776
calce_CX2_36,1,0.8943997227659621
calce_CX2_36,1,0.9000296811636186
calce_CX2_36,1,0.8977703828121089
calce_CX2_36,1,0.884103178417584
calce_CX2_36,1,0.8958487662703
calce_CX2_36,1,0.890519629360976
calce_CX2_36,1,0.8850875876645811
calce_CX2_36,1,0.8864318972842375
calce_CX2_36,1,0.8868151074468003
calce_CX2_36,1,0.9304399643804087
calce_CX2_36,1,0.9352893855965082
calce_CX2_36,1,0.916064264219222
calce_CX2_36,1,0.9014934342787232
calce_CX2_36,1,0.9042620453503096
calce_CX2_36,1,0.9312001417567976
calce_CX2_36,1,0.9291424806919558
calce_CX2_36,1,0.927887638213787
calce_CX2_36,1,0.9202315014819377
calce_CX2_36,1,0.9271528075713877
calce_CX2_36,1,0.9147577130115478
calce_CX2_36,1,0.8971810847326042
calce_CX2_36,1,0.9209789097876718
calce_CX2_36,1,0.9192264230685244
calce_CX2_36,1,0.9167921312607076
calce_CX2_36,1,0.9345530233093712
calce_CX2_36,1,0.9205267020927007
calce_CX2_36,1,0.9139762308465492
calce_CX2_36,1,0.902879427588393
calce_CX2_36,1,0.9045317685835721
calce_CX2_36,1,0.9231615891302476
calce_CX2_36,1,0.9244667067336045
calce_CX2_36,1,0.9187193136179731
calce_CX2_36,1,0.9204527451441806
calce_CX2_36,1,0.9718254272431662
calce_CX2_36,1,0.9127187357265014
calce_CX2_36,1,0.9069262868020329
calce_CX2_36,1,0.899811765283966
calce_CX2_36,1,0.9140630991436877
calce_CX2_36,1,0.9202653224773615
calce_CX2_36,1,0.9137233245904983
calce_CX2_36,1,0.914781280091889
calce_CX2_36,1,0.9151355707840583
calce_CX2_36,1,0.9064097269982698
calce_CX2_36,1,0.9025022809585752
calce_CX2_36,1,0.902941369276889
calce_CX2_36,1,0.8938946234470062
calce_CX2_36,1,0.890166424503796
calce_CX2_36,1,0.8956597676546293
calce_CX2_36,1,0.8882751557700753
calce_CX2_36,1,0.8885509436515244
calce_CX2_36,1,0.8853957344623977
calce_CX2_36,1,0.9603529366868777
calce_CX2_36,1,0.8878693928921815
calce_CX2_36,1,0.8815904346852379
calce_CX2_36,1,0.8839554477817083
calce_CX2_36,1,0.8875088396373666
calce_CX2_36,1,0.8774538052405191
calce_CX2_36,1,0.8888784109082776
calce_CX2_36,1,0.8840036343321233
calce_CX2_36,1,0.8963351847748753
calce_CX2_36,1,0.9063787857901164
calce_CX2_36,1,0.8988459613716611
calce_CX2_36,1,0.8917611552595709
calce_CX2_36,1,0.8885073904971529
calce_CX2_36,1,0.8978416653131869
calce_CX2_36,1,0.9052353428902271
calce_CX2_36,1,0.9027043029713462
calce_CX2_36,1,0.9031858586195779
calce_CX2_36,1,0.9055889419024983
calce_CX2_36,1,0.8859533488082435
calce_CX2_36,1,0.8829804833663719
calce_CX2_36,1,0.8837187108404967
calce_CX2_36,1,0.8998466161217933
calce_CX2_36,1,0.8971135406589608
calce_CX2_36,1,0.8978643560646226
calce_CX2_36,1,0.9059581526200319
calce_CX2_36,1,0.8983588190506456
calce_CX2_36,1,0.8919382113228569
calce_CX2_36,1,0.889252023360418
calce_CX2_36,1,0.89472470856858
calce_CX2_36,1,0.9005848803386177
calce_CX2_36,1,0.9784220767098741
calce_CX2_36,1,0.8775330260943025
calce_CX2_36,1,0.8873346188580611
calce_CX2_36,1,0.9240079648877915
calce_CX2_36,1,0.9006714321440488
calce_CX2_36,1,0.8919442895683952
calce_CX2_36,1,0.9033577810266302
calce_CX2_36,1,0.9233999605930309
calce_CX2_36,1,0.9187697089008171
calce_CX2_36,1,0.9325527759249562
calce_CX2_36,1,0.9328089754847275
calce_CX2_36,1,0.9301084304279574
calce_CX2_36,1,0.9081195352252392
calce_CX2_36,1,0.9087921544739659
calce_CX2_36,1,0.9176263351507676
calce_CX2_36,1,0.9339835226669081
calce_CX2_36,1,0.9336104893106528
calce_CX2_36,1,0.9364423315747934
calce_CX2_36,1,0.9314169880244834
calce_CX2_36,1,0.9289503639994546
calce_CX2_36,1,0.9160210276175461
calce_CX2_36,1,0.9111594690785246
calce_CX2_36,1,0.9310716279619969
calce_CX2_36,1,0.9372951794461757
calce_CX2_36,1,0.9359763308835303
calce_CX2_36,1,0.9305636713477495
calce_CX2_36,1,0.948347840663226
calce_CX2_36,1,0.941364457676741
calce_CX2_36,1,0.9440482927019654
calce_CX2_36,1,0.9397009989685183
calce_CX2_36,1,0.9444333896423437
calce_CX2_36,1,0.9430769316066503
calce_CX2_36,1,0.9323380879651033
calce_CX2_36,1,0.9220764578992345
calce_CX2_36,1,0.9259737148979073
calce_CX2_36,1,0.9234318324794961
calce_CX2_36,1,0.9230463392727137
calce_CX2_36,1,0.922674247936765
calce_CX2_36,1,0.9276454043621779
calce_CX2_36,1,0.928399482433302
calce_CX2_36,1,0.9278570558011571
calce_CX2_36,1,0.928147640468229
calce_CX2_36,1,0.9267786307648588
calce_CX2_36,1,0.9206201428456376
calce_CX2_36,1,0.9214979672726016
calce_CX2_36,1,0.9229656380989691
calce_CX2_36,1,0.9197466984894946
calce_CX2_36,1,0.9215791462641978
calce_CX2_36,1,0.9184697271212987
calce_CX2_36,1,0.925302450268816
calce_CX2_36,1,0.922017844697689
calce_CX2_36,1,0.9083944682182487
calce_CX2_36,1,0.9058600417053366
calce_CX2_36,1,0.9210486202560416
calce_CX2_36,1,0.914726267776328
calce_CX2_36,1,0.9143705593191366
calce_CX2_36,1,0.9219348102824987
calce_CX2_36,1,0.9215516058851098
calce_CX2_36,1,0.9185699582222103
calce_CX2_36,1,0.9199268257283479
calce_CX2_36,1,0.9129149010826779
calce_CX2_36,1,0.9200665365717351
calce_CX2_36,1,0.9175993692044317
calce_CX2_36,1,0.9187599432527982
calce_CX2_36,1,0.923718304558103
calce_CX2_36,1,0.9200392547685208
calce_CX2_36,1,0.8956490052285676
calce_CX2_36,1,0.9210104175113557
calce_CX2_36,1,0.9285090922866964
calce_CX2_36,1,0.9258721463617784
calce_CX2_36,1,0.9325818457350488
calce_CX2_36,1,0.9286492578399689
calce_CX2_36,1,0.9355280696127445
calce_CX2_36,1,0.9237551111122033
calce_CX2_36,1,0.9282049327057823
calce_CX2_36,1,0.9270790449738452
calce_CX2_36,1,0.9376581974357912
calce_CX2_36,1,0.9285789365840834
calce_CX2_36,1,0.9394300624507009
calce_CX2_36,1,0.9449393855967384
calce_CX2_36,1,0.937833782886106
calce_CX2_36,1,0.9389885590189779
calce_CX2_36,1,0.9370862135799571
calce_CX2_36,1,0.9411423947346963
calce_CX2_36,1,0.9404176137720525
calce_CX2_36,1,0.9412311321449368
calce_CX2_36,1,0.9447919007231956
calce_CX2_36,1,0.9490870345566998
calce_CX2_36,1,0.9409636735861521
calce_CX2_36,1,0.9413886668302308
calce_CX2_36,1,0.9455797923875908
calce_CX2_36,1,0.9451839323918036
calce_CX2_36,1,0.9456670228117704
calce_CX2_36,1,0.9387815794652021
calce_CX2_36,1,0.9456306216840769
calce_CX2_36,1,0.9456697597784044
calce_CX2_36,1,0.9447188344363747
calce_CX2_36,1,0.9385023669560049
calce_CX2_36,1,0.9391742136595684
calce_CX2_36,1,0.9401352689955268
calce_CX2_36,1,0.9385472704620151
calce_CX2_36,1,0.928570766354665
calce_CX2_36,1,0.9369511769421657
calce_CX2_36,1,0.9403962875333056
calce_CX2_36,1,0.9403714014092419
calce_CX2_36,1,0.9354114386940194
calce_CX2_36,1,0.9795642307523272
calce_CX2_36,1,0.9375056464501509
calce_CX2_36,1,0.9306401047161549
calce_CX2_36,1,0.9335589903985207
calce_CX2_36,1,0.9355579775201204
calce_CX2_36,1,0.979095024945594
calce_CX2_36,1,0.9433795907501349
calce_CX2_36,1,0.9443078475331567
calce_CX2_36,1,0.9465231781143864
calce_CX2_36,1,0.9469203977992691
calce_CX2_36,1,0.9425365045836371
calce_CX2_36,1,0.9412869580132328
calce_CX2_36,1,0.9368072802851863
calce_CX2_36,1,0.9453003625357999
calce_CX2_36,1,0.9417403880523729
calce_CX2_36,1,0.946083069364118
calce_CX2_36,1,0.9453832922006569
calce_CX2_36,1,0.9437742328786954
calce_CX2_36,1,0.9414731240264449
calce_CX2_36,1,0.94077049910518
calce_CX2_36,1,0.9443428004847352
calce_CX2_36,1,0.9436689497295306
calce_CX2_36,1,0.945532230013764
calce_CX2_36,1,0.9531858265476706
calce_CX2_36,1,0.954633081003608
calce_CX2_36,1,0.9472023109280416
calce_CX2_36,1,0.9481441065561975
calce_CX2_36,1,0.9547325518462474
calce_CX2_36,1,0.9420376065087505
calce_CX2_36,1,0.932109960713391
calce_CX2_36,1,0.9303307910133033
calce_CX2_36,1,0.9292238977400755
calce_CX2_36,1,0.9272886211403871
calce_CX2_36,1,0.9369726920731831
calce_CX2_36,1,0.9268023434364746
calce_CX2_36,1,0.9457501226044438
calce_CX2_36,1,0.92627841661124
calce_CX2_36,1,0.933692856828391
calce_CX2_36,1,0.93479723022613
calce_CX2_36,1,0.9322444495423104
calce_CX2_36,1,0.9354589295659244
calce_CX2_36,1,0.943908735397434
calce_CX2_36,1,0.9483805174082122
calce_CX2_36,1,0.9480797400205948
calce_CX2_36,1,0.9441562787302241
calce_CX2_36,1,0.9461572910820798
calce_CX2_36,1,0.9422544392728897
calce_CX2_36,1,0.9517481582500014
calce_CX2_36,1,0.946926924089138
calce_CX2_36,1,0.9506466388522862
calce_CX2_36,1,0.9479188393450815
calce_CX2_36,1,0.9455202850937394
calce_CX2_36,1,0.9434140302653209
calce_CX2_36,1,0.9413880172213757
calce_CX2_36,1,0.94884034728789
calce_CX2_36,1,0.9495701300065694
calce_CX2_36,1,0.9423508138042872
calce_CX2_36,1,0.9517681599070718
calce_CX2_36,1,0.9530644807369321
calce_CX2_36,1,0.9535254863633247
calce_CX2_36,1,0.9474864364083381
calce_CX2_36,1,0.9468075561277789
calce_CX2_36,1,0.9516389153392435
calce_CX2_36,1,0.9414519196121682
calce_CX2_36,1,0.9454222719996225
calce_CX2_36,1,0.9567896480355272
calce_CX2_36,1,0.9501596248033763
calce_CX2_36,1,0.9813263932495585
calce_CX2_36,1,0.9454370963532227
calce_CX2_36,1,0.948160979351704
calce_CX2_36,1,0.9508576453172852
calce_CX2_36,1,0.940806449097586
calce_CX2_36,1,0.94210256750473
calce_CX2_36,1,0.9428181732736388
calce_CX2_36,1,0.9441977933083964
calce_CX2_36,1,0.9502176503232176
calce_CX2_36,1,0.9457284900520463
calce_CX2_36,1,0.9449806402694477
calce_CX2_36,1,0.9437816878704469
calce_CX2_36,1,0.947011417247545
calce_CX2_36,1,0.9466261047564041
calce_CX2_36,1,0.9498541398203284
calce_CX2_36,1,0.9431208796929847
calce_CX2_36,1,0.9487825982001579
calce_CX2_36,1,0.9536016780360212
calce_CX2_36,1,0.9504860729127209
calce_CX2_36,1,0.9485853344452938
calce_CX2_36,1,0.9467386958296021
calce_CX2_36,1,0.9472204753451092
calce_CX2_36,1,0.9511109087717925
calce_CX2_36,1,0.9533043324842295
calce_CX2_36,1,0.955333850763873
calce_CX2_36,1,0.9566323573918573
calce_CX2_36,1,0.9562889721356642
calce_CX2_36,1,0.9527149626982437
calce_CX2_36,1,0.9523894870519243
calce_CX2_36,1,0.9523905975207734
calce_CX2_36,1,0.954619931193801
calce_CX2_36,1,0.9503278842534287
calce_CX2_36,1,0.9534841222324331
calce_CX2_36,1,0.9496522283670956
calce_CX2_36,1,0.9509877921129836
calce_CX2_36,1,0.9518693686895349
calce_CX2_36,1,0.955765990748154
calce_CX2_36,1,0.9567620777855577
calce_CX2_36,1,0.9581453311462051
calce_CX2_36,1,0.9532706748316261
calce_CX2_36,1,0.9578866898692711
calce_CX2_36,1,0.9654946825597109
calce_CX2_36,1,0.9590540470302616
calce_CX2_36,1,0.9850676027672816
calce_CX2_36,1,0.9571976951430453
calce_CX2_36,1,0.9495079632380409
calce_CX2_36,1,0.9483039919805671
calce_CX2_36,1,0.946400965655015
calce_CX2_36,1,0.9430158384739021
calce_CX2_36,1,0.9493376610327386
calce_CX2_36,1,0.9501955389829537
calce_CX2_36,1,0.9558326290908654
calce_CX2_36,1,0.9535603758389677
calce_CX2_36,1,0.9512473921553315
calce_CX2_36,1,0.9462583646508136
calce_CX2_36,1,0.9537014077075123
calce_CX2_36,1,0.9547230331149454
calce_CX2_36,1,0.9558953988775817
calce_CX2_36,1,0.9567521745959303
calce_CX2_36,1,0.9493953328524773
calce_CX2_36,1,0.9510542942187481
calce_CX2_36,1,0.95991296522392
calce_CX2_36,1,0.9535684825208647
calce_CX2_36,1,0.9528795170252111
calce_CX2_36,1,0.9523017962616824
calce_CX2_36,1,0.957453402827904
calce_CX2_36,1,0.9854265723156826
calce_CX2_36,1,0.9549125531374816
calce_CX2_36,1,0.9558597629276533
calce_CX2_36,1,0.9484482696630099
calce_CX2_36,1,0.9854909889549802
calce_CX2_36,1,0.9844020797480717
calce_CX2_36,1,0.9492184972568875
calce_CX2_36,1,0.9525674403609568
calce_CX2_36,1,0.9550054950188902
calce_CX2_36,1,0.9521475224529822
calce_CX2_36,1,0.9537921862792511
calce_CX2_36,1,0.9495882848197346
calce_CX2_36,1,0.9527697196132178
calce_CX2_36,1,0.947318799636293
calce_CX2_36,1,0.9513196554804668
calce_CX2_36,1,0.9482183569033152
calce_CX2_36,1,0.9597970745458632
calce_CX2_36,1,0.9611413222218496
calce_CX2_36,1,0.9517624212698165
calce_CX2_36,1,0.9487161009141895
calce_CX2_36,1,0.9536346194664479
calce_CX2_36,1,0.9482775902487242
calce_CX2_36,1,0.955343856242226
calce_CX2_36,1,0.9573788551146979
calce_CX2_36,1,0.9541848731492821
calce_CX2_36,1,0.9871870342309667
calce_CX2_36,1,0.9567752966577305
calce_CX2_36,1,0.9562631398870443
calce_CX2_36,1,0.9558285584992946
calce_CX2_36,1,0.9549556666348995
calce_CX2_36,1,0.9461943628734655
calce_CX2_36,1,0.9459144957589597
calce_CX2_36,1,0.9497528383595552
calce_CX2_36,1,0.9499034743057054
calce_CX2_36,1,0.9524730343969433
calce_CX2_36,1,0.954612114368679
calce_CX2_36,1,0.9438285671034768
calce_CX2_36,1,0.945902016620329
calce_CX2_36,1,0.9478054787973353
calce_CX2_36,1,0.9546548400431893
calce_CX2_36,1,0.9503828158504011
calce_CX2_36,1,0.9484871983038319
calce_CX2_36,1,0.9532908821137602
calce_CX2_36,1,0.955848049537527
calce_CX2_36,1,0.9554926243320159
calce_CX2_36,1,0.9551433433204749
calce_CX2_36,1,0.964231710805963
calce_CX2_36,1,0.952777391646308
calce_CX2_36,1,0.9605428986026845
calce_CX2_36,1,0.9550453009883665
calce_CX2_36,1,0.9599232901082774
calce_CX2_36,1,0.9617285561588845
calce_CX2_36,1,0.9566005415244424
calce_CX2_36,1,0.9559794557279858
calce_CX2_36,1,0.9579000932768066
calce_CX2_36,1,0.9548598085597492
calce_CX2_36,1,0.9563950255746854
calce_CX2_36,1,0.9562293853508654
calce_CX2_36,1,0.9576761728317996
calce_CX2_36,1,0.9556390370176095
calce_CX2_36,1,0.9580934415751803
calce_CX2_36,1,0.9574024682737713
calce_CX2_36,1,0.9581165217225557
calce_CX2_36,1,0.9560229267473025
calce_CX2_36,1,0.9581897300193984
calce_CX2_36,1,0.9588674078027487
calce_CX2_36,1,0.9618527236157358
calce_CX2_36,1,0.9614001172414157
calce_CX2_36,1,0.9566514246741971
calce_CX2_36,1,0.9611811113449543
calce_CX2_36,1,0.9605309464976078
calce_CX2_36,1,0.9591122520942263
calce_CX2_36,1,0.9622867851637744
calce_CX2_36,1,0.9623430764488531
calce_CX2_36,1,0.9598979731423062
calce_CX2_36,1,0.9607718981659066
calce_CX2_36,1,0.95283671425285
calce_CX2_36,1,0.9557480886465687
calce_CX2_36,1,0.952979144593532
calce_CX2_36,1,0.9614905063035859
calce_CX2_36,1,0.9521946588419459
calce_CX2_36,1,0.9530226405438181
calce_CX2_36,1,0.9568355368880032
calce_CX2_36,1,0.9603173196678967
calce_CX2_36,1,0.9630788342795552
calce_CX2_36,1,0.9610216884646967
calce_CX2_36,1,0.9632670228336135
calce_CX2_36,1,0.9563786502963666
calce_CX2_36,1,0.9549737167827824
calce_CX2_36,1,0.9588118755613905
calce_CX2_36,1,0.9563309330200073
calce_CX2_36,1,0.9595490047040357
calce_CX2_36,1,0.9612790411176521
calce_CX2_36,1,0.9627104173335078
calce_CX2_36,1,0.9656101914555223
calce_CX2_36,1,0.9578652762851892
calce_CX2_36,1,0.96178667055236
calce_CX2_36,1,0.9604310856562018
calce_CX2_36,1,0.9594607191550204
calce_CX2_36,1,0.9628993091045086
calce_CX2_36,1,0.9697892614648627
calce_CX2_36,1,0.9632206615145511
calce_CX2_36,1,0.9616976373427809
calce_CX2_36,1,0.9568713503471595
calce_CX2_36,1,0.9583197912629199
calce_CX2_36,1,0.9542057988570339
calce_CX2_36,1,0.9619688174969331
calce_CX2_36,1,0.9576489191115433
calce_CX2_36,1,0.9591339251521859
calce_CX2_36,1,0.9642314380640007
calce_CX2_36,1,0.9636036308088838
calce_CX2_36,1,0.962929059735074
calce_CX2_36,1,0.9556331304034388
calce_CX2_36,1,0.9592500451073244
calce_CX2_36,1,0.9545986848049416
calce_CX2_36,1,0.9616060205581041
calce_CX2_36,1,0.960370381338703
calce_CX2_36,1,0.9686403004960124
calce_CX2_36,1,0.9680328893909707
calce_CX2_36,1,0.9597706611094753
calce_CX2_36,1,0.9589960804508963
calce_CX2_36,1,0.9624955057516903
calce_CX2_36,1,0.9589040144146762
calce_CX2_36,1,0.9616468644689645
calce_CX2_36,1,0.9616524242758314
calce_CX2_36,1,0.9686605294980153
calce_CX2_36,1,0.964498574369899
calce_CX2_36,1,0.9653718493673195
calce_CX2_36,1,0.9681655805223873
calce_CX2_36,1,0.9613841796770668
calce_CX2_36,1,0.9551745578938549
calce_CX2_36,1,0.9621132583508767
calce_CX2_36,1,0.9629934505278174
calce_CX2_36,1,0.9619945793653654
calce_CX2_36,1,0.9639021157865827
calce_CX2_36,1,0.9680702479883079
calce_CX2_36,1,0.9669993282862802
calce_CX2_36,1,0.9670201817468362
calce_CX2_36,1,0.9635474672666059
calce_CX2_36,1,0.9649897412590136
calce_CX2_36,1,0.9645497703111205
calce_CX2_36,1,0.9589344381135049
calce_CX2_36,1,0.9650674833482719
calce_CX2_36,1,0.966562346534733
calce_CX2_36,1,0.9603061486240732
calce_CX2_36,1,0.9595649973939776
calce_CX2_36,1,0.9726200222624836
calce_CX2_36,1,0.9658690636078623
calce_CX2_36,1,0.9617566421353302
calce_CX2_36,1,0.9662679053001515
calce_CX2_36,1,0.9630153267703513
calce_CX2_36,1,0.9640199497966613
calce_CX2_36,1,0.9626570079909829
calce_CX2_36,1,0.9679690830785779
calce_CX2_36,1,0.9646842565933018
calce_CX2_36,1,0.9641792612221098
calce_CX2_36,1,0.9609625015233451
calce_CX2_36,1,0.9624537394730476
calce_CX2_36,1,0.9657727089248568
calce_CX2_36,1,0.9668464711517284
calce_CX2_36,1,0.9657819648345594
calce_CX2_36,1,0.9648236433448041
calce_CX2_36,1,0.9626173764057756
calce_CX2_36,1,0.9645292012950536
calce_CX2_36,1,0.9569149008075003
calce_CX2_36,1,0.9543580555140085
calce_CX2_36,1,0.9567258573473844
calce_CX2_36,1,0.9565104150578446
calce_CX2_36,1,0.9615825315374602
calce_CX2_36,1,0.9542398878110335
calce_CX2_36,1,0.9619972420752224
calce_CX2_36,1,0.9594082673304473
calce_CX2_36,1,0.9620857632359717
calce_CX2_36,1,0.9872123607628952
calce_CX2_36,1,0.9636534099299854
calce_CX2_36,1,0.9559114281415276
calce_CX2_36,1,0.9582303023345708
calce_CX2_36,1,0.9661850828239632
calce_CX2_36,1,0.9631792456478331
calce_CX2_36,1,0.9639994780435935
calce_CX2_36,1,0.9522835868082671
calce_CX2_36,1,0.9577390062872927
calce_CX2_36,1,0.9598300820488017
calce_CX2_36,1,0.9565329188317193
calce_CX2_36,1,0.9593361492627458
calce_CX2_36,1,0.9616395111695705
calce_CX2_36,1,0.9578219677829328
calce_CX2_36,1,0.9580962222272015
calce_CX2_36,1,0.9560953833800888
calce_CX2_36,1,0.9594569647498368
calce_CX2_36,1,0.963251004735102
calce_CX2_36,1,0.9594823815587535
calce_CX2_36,1,0.9607113082111219
calce_CX2_36,1,0.9640903861507789
calce_CX2_36,1,0.9687843167445166
calce_CX2_36,1,0.9621656798434781
calce_CX2_36,1,0.9659152450133398
calce_CX2_36,1,0.9654318508138737
calce_CX2_36,1,0.9658163594347732
calce_CX2_36,1,0.9714532141310149
calce_CX2_36,1,0.9689769635436187
calce_CX2_36,1,0.972642876203355
calce_CX2_36,1,0.9721432110593381
calce_CX2_36,1,0.9674068456461258
calce_CX2_36,1,0.965209499767753
calce_CX2_36,1,0.9667982813019194
calce_CX2_36,1,0.9670082043231298
calce_CX2_36,1,0.9673677825191619
calce_CX2_36,1,0.9664097940197172
calce_CX2_36,1,0.9670803475590533
calce_CX2_36,1,0.97003851049134
calce_CX2_36,1,0.9699460179524221
calce_CX2_36,1,0.968475889315654
calce_CX2_36,1,0.9643838018032976
calce_CX2_36,1,0.9650219716788359
calce_CX2_36,1,0.9704063302666169
calce_CX2_36,1,0.9684667460093657
calce_CX2_36,1,0.9691569169157378
calce_CX2_36,1,0.9717981414854493
calce_CX2_36,1,0.9692852601315595
calce_CX2_36,1,0.971395152474224
calce_CX2_36,1,0.967693876111469
calce_CX2_36,1,0.9654140499044819
calce_CX2_36,1,0.9700356397904626
calce_CX2_36,1,0.9909492204458428
calce_CX2_36,1,0.9651192736226762
calce_CX2_36,1,0.9708244650962595
calce_CX2_36,1,0.9701329793130818
calce_CX2_36,1,0.9698769340471592
calce_CX2_36,1,0.9711994215271122
calce_CX2_36,1,0.9548193565312724
calce_CX2_36,1,0.9590462680289829
calce_CX2_36,1,0.9597305397629103
calce_CX2_36,1,0.9565314587654556
calce_CX2_36,1,0.9598518524823666
calce_CX2_36,1,0.9603183526599425
calce_CX2_36,1,0.9538832844236685
calce_CX2_36,1,0.9546657833252165
calce_CX2_36,1,0.9563895312637529
calce_CX2_36,1,0.9571858352838809
calce_CX2_36,1,0.9565344571056618
calce_CX2_36,1,0.9572266700380223
calce_CX2_36,1,0.9579841188151109
calce_CX2_36,1,0.9609832573825855
calce_CX2_36,1,0.9544721982275478
calce_CX2_36,1,0.9534484297354032
calce_CX2_36,1,0.9575511816345702
calce_CX2_36,1,0.9547252160968415
calce_CX2_36,1,0.9545730940072212
calce_CX2_36,1,0.956766907808856
calce_CX2_36,1,0.9583309642607787
calce_CX2_36,1,0.9552622231036413
calce_CX2_36,1,0.9514997930717012
calce_CX2_36,1,0.9486019324868892
calce_CX2_36,1,0.9574524002766633
calce_CX2_36,1,0.9533598692096312
calce_CX2_36,1,0.9567285674491767
calce_CX2_36,1,0.9613780072183381
calce_CX2_36,1,0.9617276630548371
calce_CX2_36,1,0.9604485495898799
calce_CX2_36,1,0.9599167797149571
calce_CX2_36,1,0.9572033506811087
calce_CX2_36,1,0.9563416521160479
calce_CX2_36,1,0.9631221258010524
calce_CX2_36,1,0.9619447529296978
calce_CX2_36,1,0.9658334758581751
calce_CX2_36,1,0.9655948046605694
calce_CX2_36,1,0.96298283379516
calce_CX2_36,1,0.9544596023876524
calce_CX2_36,1,0.9545816225029563
calce_CX2_36,1,0.9568798972663668
calce_CX2_36,1,0.9569575241956224
calce_CX2_36,1,0.9622781982978855
calce_CX2_36,1,0.960913714693267
calce_CX2_36,1,0.9593729544007541
calce_CX2_36,1,0.9641422576558372
calce_CX2_36,1,0.9634375509370021
calce_CX2_36,1,0.9650451224114308
calce_CX2_36,1,0.9604866896089734
calce_CX2_36,1,0.9638711244619605
calce_CX2_36,1,0.9560927432874826
calce_CX2_36,1,0.9605083221279059
calce_CX2_36,1,0.9594943867032037
calce_CX2_36,1,0.9582980281479556
calce_CX2_36,1,0.9639101116550871
calce_CX2_36,1,0.9589046473334679
calce_CX2_36,1,0.960716843427321
calce_CX2_36,1,0.9648423259368976
calce_CX2_36,1,0.9588420431494171
calce_CX2_36,1,0.9586393343920967
calce_CX2_36,1,0.9588994122359001
calce_CX2_36,1,0.9644924727886606
calce_CX2_36,1,0.9623144618548761
calce_CX2_36,1,0.9596093285214455
calce_CX2_36,1,0.9605139171314259
calce_CX2_36,1,0.964293384301585
calce_CX2_36,1,0.9637977328309858
calce_CX2_36,1,0.9602756375931749
calce_CX2_36,1,0.9584988706509938
calce_CX2_36,1,0.9618079249734464
calce_CX2_36,1,0.9661741939219147
calce_CX2_36,1,0.9616315166417412
calce_CX2_36,1,0.967743105115158
calce_CX2_36,1,0.9677011526278235
calce_CX2_36,1,0.9636880215639702
calce_CX2_36,1,0.9620928922537142
calce_CX2_36,1,0.9667970363663411
calce_CX2_36,1,0.9692001441244666
calce_CX2_36,1,0.9678610889734582
calce_CX2_36,1,0.9693637703800495
calce_CX2_36,1,0.9903183292065982
calce_CX2_36,1,0.967625749276508
calce_CX2_36,1,0.970770017900392
calce_CX2_36,1,0.9667117897237553
calce_CX2_36,1,0.9650939403731347
calce_CX2_36,1,0.9687768099601497
calce_CX2_36,1,0.9646452001850061
calce_CX2_36,1,0.9679003365118982
calce_CX2_36,1,0.9670238510224576
calce_CX2_36,1,0.9670103816648161
calce_CX2_36,1,0.9692384616777496
calce_CX2_36,1,0.9672135231689956
calce_CX2_36,1,0.971119064195027
calce_CX2_36,1,0.9673496810290768
calce_CX2_36,1,0.9698543844523408
calce_CX2_36,1,0.9698752389708138
calce_CX2_36,1,0.9752091269999587
calce_CX2_36,1,0.9706137866135865
calce_CX2_36,1,0.9695411666532878
calce_CX2_36,1,0.9678017856099832
calce_CX2_36,1,0.9566121744652872
calce_CX2_36,1,0.9597354385377181
calce_CX2_36,1,0.9589757968075793
calce_CX2_36,1,0.9667234285129166
calce_CX2_36,1,0.9678992152265287
calce_CX2_36,1,0.9648861116835522
calce_CX2_36,1,0.9600249199528874
calce_CX2_36,1,0.9635018808458675
calce_CX2_36,1,0.9654115738963814
calce_CX2_36,1,0.9630094144029336
calce_CX2_36,1,0.9659351831919354
calce_CX2_36,1,0.9637699272087703
calce_CX2_36,1,0.9677506043296565
calce_CX2_36,1,0.9685859892416012
calce_CX2_36,1,0.965277085195035
calce_CX2_36,1,0.9670819354802884
calce_CX2_36,1,0.9884650762944006
calce_CX2_36,1,0.9631294433308488
calce_CX2_36,1,0.9668564180379223
calce_CX2_36,1,0.9661874337299415
calce_CX2_36,1,0.969756646139766
calce_CX2_36,1,0.9644566551155567
calce_CX2_36,1,0.9669434289129746
calce_CX2_36,1,0.9652869501652371
calce_CX2_36,1,0.9613957983178715
calce_CX2_36,1,0.9582221932630473
calce_CX2_36,1,0.9574402681883432
calce_CX2_36,1,0.9557227755225781
calce_CX2_36,1,0.9557050727558175
calce_CX2_36,1,0.95893034590627
calce_CX2_36,1,0.9597351376261698
calce_CX2_36,1,0.964658900047478
calce_CX2_36,1,0.9599291012478165
calce_CX2_36,1,0.9633511685171109
calce_CX2_36,1,0.9580998746995353
calce_CX2_36,1,0.9602750057332372
calce_CX2_36,1,0.9531694401936683
calce_CX2_36,1,0.9626234861747456
calce_CX2_36,1,0.9603043042598525
calce_CX2_36,1,0.9584566203758621
calce_CX2_36,1,0.9656732303649331
calce_CX2_36,1,0.9881663523470609
calce_CX2_36,1,0.9633429775749814
calce_CX2_36,1,0.9644155551847223
calce_CX2_36,1,0.962035493031415
calce_CX2_36,1,0.9660040823570104
calce_CX2_36,1,0.9628333428857679
calce_CX2_36,1,0.9617683656365066
calce_CX2_36,1,0.9641422935845111
calce_CX2_36,1,0.9639641505749533
calce_CX2_36,1,0.9623353129295382
calce_CX2_36,1,0.9654776231849657
calce_CX2_36,1,0.9613036621495057
calce_CX2_36,1,0.9656391270090443
calce_CX2_36,1,0.9692934897822039
calce_CX2_36,1,0.9698838431896931
calce_CX2_36,1,0.9716339872866149
calce_CX2_36,1,0.9650930041832444
calce_CX2_36,1,0.9694554632052691
calce_CX2_36,1,0.9665167838394287
calce_CX2_36,1,0.9649323957258332
calce_CX2_36,1,0.9662818803743216
calce_CX2_36,1,0.964432208190295
calce_CX2_36,1,0.9620592493941064
calce_CX2_36,1,0.9683517513033906
calce_CX2_36,1,0.9633283833204808
calce_CX2_36,1,0.9651833047025006
calce_CX2_36,1,0.966879600961241
calce_CX2_36,1,0.9907100875544275
calce_CX2_36,1,0.9662854555935412
calce_CX2_36,1,0.9877500454595329
calce_CX2_36,1,0.9628945684099872
calce_CX2_36,1,0.9642969024040626
calce_CX2_36,1,0.964821101263221
calce_CX2_36,1,0.9638140382519579
calce_CX2_36,1,0.9677389173749927
calce_CX2_36,1,0.9545332006815801
calce_CX2_36,1,0.9627652335084097
calce_CX2_36,1,0.9611508954320854
calce_CX2_36,1,0.9601475146097647
calce_CX2_36,1,0.9632321012962185
calce_CX2_36,1,0.9668056512711464
calce_CX2_36,1,0.9668029794117561
calce_CX2_36,1,0.9640951768202521
calce_CX2_36,1,0.9641511900857875
calce_CX2_36,1,0.9674409797615955
calce_CX2_36,1,0.9629084987135118
calce_CX2_36,1,0.9651349082918294
calce_CX2_36,1,0.9676377263859672
calce_CX2_36,1,0.9730881708393266
calce_CX2_36,1,0.9660444915106466
calce_CX2_36,1,0.966672317464295
calce_CX2_36,1,0.9662790317792012
calce_CX2_36,1,0.9663503883710247
calce_CX2_36,1,0.971052743887583
calce_CX2_36,1,0.9673223887703821
calce_CX2_36,1,0.9651766990671967
calce_CX2_36,1,0.9697101248482092
calce_CX2_36,1,0.9682978288840657
calce_CX2_36,1,0.9655164996744696
calce_CX2_36,1,0.9685882098132891
calce_CX2_36,1,0.9686832522286478
calce_CX2_36,1,0.971835542334685
calce_CX2_36,1,0.9683183523606527
calce_CX2_36,1,0.9710249084762159
calce_CX2_36,1,0.9687473205261552
calce_CX2_36,1,0.9685884645288148
calce_CX2_36,1,0.968953947509354
calce_CX2_36,1,0.9708513938378965
calce_CX2_36,1,0.969202918064582
calce_CX2_36,1,0.9682507871257724
calce_CX2_36,1,0.9697345339256519
calce_CX2_36,1,0.9670898202156342
calce_CX2_36,1,0.9708367828384453
calce_CX2_36,1,0.9691941254449981
calce_CX2_36,1,0.971628444337081
calce_CX2_36,1,0.9906176572132094
calce_CX2_36,1,0.9694328285566484
calce_CX2_36,1,0.9705567917425588
calce_CX2_36,1,0.9715643629051385
calce_CX2_36,1,0.9678843633477392
calce_CX2_36,1,0.9699062353869523
calce_CX2_36,1,0.9717549037637662
calce_CX2_36,1,0.9736469549842837
calce_CX2_36,1,0.9696606172183251
calce_CX2_36,1,0.9696216524950195
calce_CX2_36,1,0.9657317751588218
calce_CX2_36,1,0.9685231813364453
calce_CX2_36,1,0.972909840201378
calce_CX2_36,1,0.9713794297270535
calce_CX2_36,1,0.9693592055271623
calce_CX2_36,1,0.969688205693846
calce_CX2_36,1,0.9707798309457161
calce_CX2_36,1,0.968375013365553
calce_CX2_36,1,0.9727395646896815
calce_CX2_36,1,0.970468418521031
calce_CX2_36,1,0.969246130792166
calce_CX2_36,1,0.9706902024071875
calce_CX2_36,1,0.9695625752140076
calce_CX2_36,1,0.9695242388715899
calce_CX2_36,1,0.9721783029170586
calce_CX2_36,1,0.9718936186922097
calce_CX2_36,1,0.9693219568220763
calce_CX2_36,1,0.9720912474840073
calce_CX2_36,1,0.9693788389690552
calce_CX2_36,1,0.9714774376805142
calce_CX2_36,1,0.9727803910214705
calce_CX2_36,1,0.9715267335350004
calce_CX2_36,1,0.9755402638257118
calce_CX2_36,1,0.9745161337627705
calce_CX2_36,1,0.9724927312013049
calce_CX2_36,1,0.9735991554590582
calce_CX2_36,1,0.9711609052982323
calce_CX2_36,1,0.9756458884359589
calce_CX2_36,1,0.9773191402909651
calce_CX2_36,1,0.9716583416496686
calce_CX2_36,1,0.9747659515687291
calce_CX2_36,1,0.9746492459132549
calce_CX2_36,1,0.9726406040712823
calce_CX2_36,1,0.97441570667439
calce_CX2_36,1,0.97363870937136
calce_CX2_36,1,0.9757344792541358
calce_CX2_36,1,0.9723513344040563
calce_CX2_36,1,0.9778885487647533
calce_CX2_36,1,0.9717329591309153
calce_CX2_36,1,0.9769936708942258
calce_CX2_36,1,0.9783963973598632
calce_CX2_36,1,0.9770178855992039
calce_CX2_36,1,0.9762312974252632
calce_CX2_36,1,0.9731724354883688
calce_CX2_36,1,0.971415098567784
calce_CX2_36,1,0.9732777374195282
calce_CX2_36,1,0.9736924252332502
calce_CX2_36,1,0.9746928290717941
calce_CX2_36,1,0.9729110883765977
calce_CX2_36,1,0.9715284851373488
calce_CX2_36,1,0.9755872088541268
calce_CX2_36,1,0.9792235282979208
calce_CX2_36,1,0.9701904578542734
calce_CX2_36,1,0.9708098701987354
calce_CX2_36,1,0.976541296879205
calce_CX2_36,1,0.9777748922380259
calce_CX2_36,1,0.9745336494176753
calce_CX2_36,1,0.9770593692806654
calce_CX2_36,1,0.9762765192164634
calce_CX2_36,1,0.9732219719490441
calce_CX2_36,1,0.9767679849528822
calce_CX2_36,1,0.9759605465075782
calce_CX2_36,1,0.9746877054120481
calce_CX2_36,1,0.975925683671135
calce_CX2_36,1,0.9764515434243226
calce_CX2_36,1,0.9759549149245583
calce_CX2_36,1,0.9773257149791884
calce_CX2_36,1,0.9747679960283846
calce_CX2_36,1,0.9882032490667771
calce_CX2_36,1,0.9720988210306083
calce_CX2_36,1,0.9775057806607069
calce_CX2_36,1,0.9694407119638732
calce_CX2_36,1,0.968077335172665
calce_CX2_36,1,0.9716957805460757
calce_CX2_36,1,0.9762860388920203
calce_CX2_36,1,0.9776412191812099
calce_CX2_36,1,0.9916070095494532
calce_CX2_36,1,0.9776647368151885
calce_CX2_36,1,0.9734442279760834
calce_CX2_36,1,0.9723129725513379
calce_CX2_36,1,0.9698973197972579
calce_CX2_36,1,0.9695264089577855
calce_CX2_36,1,0.9716885738505978
calce_CX2_36,1,0.969775005420218
calce_CX2_36,1,0.9687537439855566
calce_CX2_36,1,0.9672523896875099
calce_CX2_36,1,0.9665435496673712
calce_CX2_36,1,0.9653091604810095
calce_CX2_36,1,0.9646849745419697
calce_CX2_36,1,0.967802239325504
calce_CX2_36,1,0.9613517985589918
calce_CX2_36,1,0.966696050443298
calce_CX2_36,1,0.9663036369161013
calce_CX2_36,1,0.9667099784027859
calce_CX2_36,1,0.9671744758247693
calce_CX2_36,1,0.9666852631132626
calce_CX2_36,1,0.9651785072246312
calce_CX2_36,1,0.9710721412110025
calce_CX2_36,1,0.9801745931246558
calce_CX2_36,1,0.9787849192632069
calce_CX2_36,1,0.9812118674995516
calce_CX2_36,1,0.9785883337850798
calce_CX2_36,1,0.9761303437105237
calce_CX2_36,1,0.9770193143355063
calce_CX2_36,1,0.972528604370145
calce_CX2_36,1,0.979034942351618
calce_CX2_36,1,0.9795388005383889
calce_CX2_36,1,0.9827359681116145
calce_CX2_36,1,0.9811649782463024
calce_CX2_36,1,0.9799541906619847
calce_CX2_36,1,0.9816603647862998
calce_CX2_36,1,0.9792909740763465
calce_CX2_36,1,0.9751919840266197
calce_CX2_36,1,0.9783751171911635
calce_CX2_36,1,0.9928096738738013
calce_CX2_36,1,0.9809945685953159
calce_CX2_36,1,0.9814989529405105
calce_CX2_36,1,0.9818842077327072
calce_CX2_36,1,0.9867583783135573
calce_CX2_36,1,0.9844903454584385
calce_CX2_36,1,0.9793086315214079
calce_CX2_36,1,0.9785579636393941
calce_CX2_36,1,0.9823578295076759
calce_CX2_36,1,0.9837260685339184
calce_CX2_36,1,0.9851954860125671
calce_CX2_36,1,0.9848234499221923
calce_CX2_36,1,0.9827462842327046
calce_CX2_36,1,0.9856032120755382
calce_CX2_36,1,0.9790183152972921
calce_CX2_36,1,0.9817856612852486
calce_CX2_36,1,0.9789315500662642
calce_CX2_36,1,0.9849922797867743
calce_CX2_36,1,0.9853671463056342
calce_CX2_36,1,0.9859402300797421
calce_CX2_36,1,0.9866698650195987
calce_CX2_36,1,0.9849427081594934
calce_CX2_36,1,0.9865225774870832
calce_CX2_36,1,0.9830105939445719
calce_CX2_36,1,0.9788304565198869
calce_CX2_36,1,0.9813859775193491
calce_CX2_36,1,0.9775029957531943
calce_CX2_36,1,0.9810840208427353
calce_CX2_36,1,0.9795849223758374
calce_CX2_36,1,0.9794848762456673
calce_CX2_36,1,0.9810212790965859
calce_CX2_36,1,0.9795358126367526
calce_CX2_36,1,0.9793059087385767
calce_CX2_36,1,0.9787316889408181
calce_CX2_36,1,0.9787641597902454
calce_CX2_36,1,0.9780724860911997
calce_CX2_36,1,0.9802643556276449
calce_CX2_36,1,0.9857099584720141
calce_CX2_36,1,0.9833556249699413
calce_CX2_36,1,0.9794427684822132
calce_CX2_36,1,0.9801858074500874
calce_CX2_36,1,0.988549641057429
calce_CX2_36,1,0.9878069999554304
calce_CX2_36,1,0.9879859917298255
calce_CX2_36,1,0.9862039171472725
calce_CX2_36,1,0.9872164184750839
calce_CX2_36,1,0.9873735466254318
calce_CX2_36,1,0.9842722880565253
calce_CX2_36,1,0.9817849707209354
calce_CX2_36,1,0.9826930620758827
calce_CX2_36,1,0.986532641301007
calce_CX2_36,1,0.9860441601280032
calce_CX2_36,1,0.9875189350597638
calce_CX2_36,1,0.9950078522365123
calce_CX2_36,1,0.9855887063229172
calce_CX2_36,1,0.9888023091659393
calce_CX2_36,1,0.9863588178798511
calce_CX2_36,1,0.9856367330278342
calce_CX2_36,1,0.9848758387045755
calce_CX2_36,1,0.9890278933229363
calce_CX2_36,1,0.9885555882141499
calce_CX2_36,1,0.9864550161996848
calce_CX2_36,1,0.9851602442290993
calce_CX2_36,1,0.9878458806952372
calce_CX2_36,1,0.9890678888973378
calce_CX2_36,1,0.9849299859403371
calce_CX2_36,1,0.9851822054305986
calce_CX2_36,1,0.9871109431855873
calce_CX2_36,1,0.9898703200299491
calce_CX2_36,1,0.9894388711145812
calce_CX2_36,1,0.9877826164265013
calce_CX2_36,1,0.9886971378598933
calce_CX2_36,1,0.9897606249547227
calce_CX2_36,1,0.9885511963973862
calce_CX2_36,1,0.9860523391572754
calce_CX2_36,1,0.9852749042067173
calce_CX2_36,1,0.9867338152798685
calce_CX2_36,1,0.9848017747678731
calce_CX2_36,1,0.9842780114586921
calce_CX2_36,1,0.9860868626009054
calce_CX2_36,1,0.9841340327229965
calce_CX2_36,1,0.9838720589591143
calce_CX2_36,1,0.9842311353401532
calce_CX2_36,1,0.9843277016849327
calce_CX2_36,1,0.9834132160025562
calce_CX2_36,1,0.9841508258874313
calce_CX2_36,1,0.9731792834753841
calce_CX2_36,1,0.9735080439896526
calce_CX2_36,1,0.9772384238315663
calce_CX2_36,1,0.9727653529238203
calce_CX2_36,1,0.9758498406996495
calce_CX2_36,1,0.976901956032826
calce_CX2_36,1,0.97498775279772
calce_CX2_36,1,0.974205445190725
calce_CX2_36,1,0.9766510100991743
calce_CX2_36,1,0.9762007806895083
calce_CX2_36,1,0.9753414704176787
calce_CX2_36,1,0.9781675105155901
calce_CX2_36,1,0.9798949674944083
calce_CX2_36,1,0.9767869548170055
calce_CX2_36,1,0.9768829281218311
calce_CX2_36,1,0.975811947567034
calce_CX2_36,1,0.9762895233379675
calce_CX2_36,1,0.978636306229847
calce_CX2_36,1,0.9774902749717284
calce_CX2_36,1,0.9757831915423304
calce_CX2_36,1,0.9749060006679131
calce_CX2_36,1,0.9767540119642705
calce_CX2_36,1,0.9833538527332089
calce_CX2_36,1,0.9763871915796114
calce_CX2_36,1,0.977487421250628
calce_CX2_36,1,0.9790217577974747
calce_CX2_36,1,0.9791717134703758
calce_CX2_36,1,0.9749824286389835
calce_CX2_36,1,0.9779834919103981
calce_CX2_36,1,0.9789795497969596
calce_CX2_36,1,0.9791891085901152
calce_CX2_36,1,0.9746474297308043
calce_CX2_36,1,0.9750717368364012
calce_CX2_36,1,0.9775882365534465
calce_CX2_36,1,0.9791594911808538
calce_CX2_36,1,0.9761064969128728
calce_CX2_36,1,0.9765970971257062
calce_CX2_36,1,0.9796231486554833
calce_CX2_36,1,0.9787216365331677
calce_CX2_36,1,0.9797847219357121
calce_CX2_36,1,0.9770518021742759
calce_CX2_36,1,0.9763943722110362
calce_CX2_36,1,0.9780506604053224
calce_CX2_36,1,0.9755495922134658
calce_CX2_36,1,0.975169846689747
calce_CX2_36,1,0.9722868602261527
calce_CX2_36,1,0.9671303059438245
calce_CX2_36,1,0.9748284207672474
calce_CX2_36,1,0.9752551488714838
calce_CX2_36,1,0.9732634822670513
calce_CX2_36,1,0.9702773738078793
calce_CX2_36,1,0.9718252561729988
calce_CX2_36,1,0.9765246429182489
calce_CX2_36,1,0.9730467046932797
calce_CX2_36,1,0.9706530319370681
calce_CX2_36,1,0.9671406626475787
calce_CX2_36,1,0.9753490037654124
calce_CX2_36,1,0.976485862006227
calce_CX2_36,1,0.979375568014772
calce_CX2_36,1,0.9766255055100231
calce_CX2_36,1,0.9755560320275596
calce_CX2_36,1,0.9777152786368674
calce_CX2_36,1,0.9729417573562472
calce_CX2_36,1,0.9693149615573191
calce_CX2_36,1,0.969613223704765
calce_CX2_36,1,0.967999061367037
calce_CX2_36,1,0.9653518601511922
calce_CX2_36,1,0.9872778827088675
calce_CX2_36,1,0.9670143166069115
calce_CX2_36,1,0.9636483829536172
calce_CX2_36,1,0.9619036080727354
calce_CX2_36,1,0.9654433486459342
calce_CX2_36,1,0.9643445919551402
calce_CX2_36,1,0.9626695692201026
calce_CX2_36,1,0.9623332831427064
calce_CX2_36,1,0.9584153438975563
calce_CX2_36,1,0.9589839768888112
calce_CX2_36,1,0.9580803565627339
calce_CX2_36,1,0.9611548686228542
calce_CX2_36,1,0.9614226027506655
calce_CX2_36,1,0.9592466379267891
calce_CX2_36,1,0.9780474449927781
calce_CX2_36,1,0.9748038693007318
calce_CX2_36,1,0.977359899047564
calce_CX2_36,1,0.9788812291068717
calce_CX2_36,1,0.9791187687372668
calce_CX2_36,1,0.9899181756151149
calce_CX2_36,1,0.9919210016942019
calce_CX2_36,1,0.9921557696859271
calce_CX2_36,1,0.9916970664637847
calce_CX2_36,1,0.9921633910787794
calce_CX2_36,1,0.9896715276636998
calce_CX2_36,1,0.9928770060639192
calce_CX2_36,1,0.9939612765364144
calce_CX2_36,1,0.9926888943451356
calce_CX2_36,1,0.9927354411989898
calce_CX2_36,1,0.9933466888236965
calce_CX2_36,1,0.9919900518813526
calce_CX2_36,1,0.993306729216132
calce_CX2_36,1,0.99185684234413
calce_CX2_36,1,0.99204003036577
calce_CX2_36,1,0.9921826418336643
calce_CX2_36,1,0.9937116946999409
calce_CX2_36,1,0.9935120678938149
calce_CX2_36,1,0.9930231435633162
calce_CX2_36,1,0.99666733698687
calce_CX2_36,1,0.9935593041678469
calce_CX2_36,1,0.9935969841755583
calce_CX2_36,1,0.9973776709700698
calce_CX2_36,1,0.9430344145619812
calce_CX2_36,1,0.9937474885291533
calce_CX2_36,1,0.9928374721891647
calce_CX2_36,1,0.9912229588064604
calce_CX2_36,1,0.9912798897237461
calce_CX2_36,1,0.9909465605822528
calce_CX2_36,1,0.9932136508154914
calce_CX2_36,1,0.9939764562498641
calce_CX2_36,1,0.9921236884097564
calce_CX2_36,1,0.9933593718658625
calce_CX2_36,1,0.9933226419612082
calce_CX2_36,1,0.9949645725132454
calce_CX2_36,1,0.9938787765816827
calce_CX2_36,1,0.9932041810365928
calce_CX2_36,1,0.9924625066479563
calce_CX2_36,1,0.9939474690187627
calce_CX2_36,1,0.9949408717729039
calce_CX2_36,1,0.9944668549524854
calce_CX2_36,1,0.9943290972900458
calce_CX2_36,1,0.9934627997529993
calce_CX2_36,1,0.9940597579873671
calce_CX2_36,1,0.9939216176147246
calce_CX2_36,1,0.9926031289226949
calce_CX2_36,1,0.9930409982277245
calce_CX2_36,1,0.9948585690584827
calce_CX2_36,1,0.9943308858240445
calce_CX2_36,1,0.9940877600482212
calce_CX2_36,1,0.9949316205547633
calce_CX2_36,1,0.9947621494072593
calce_CX2_36,1,0.9950099737873941
calce_CX2_36,1,0.9950994728171817
calce_CX2_36,1,0.9943376722692175
calce_CX2_36,1,0.9945409597172579
calce_CX2_36,1,0.9934546282291554
calce_CX2_36,1,0.9952872385880579
calce_CX2_36,1,0.994613368478714
calce_CX2_36,1,0.9945741004666423
calce_CX2_36,1,0.9952472926079928
calce_CX2_36,1,0.9942062923782067
calce_CX2_36,1,0.9957883665397205
calce_CX2_36,1,0.996043613489629
calce_CX2_36,1,0.9938938791435855
calce_CX2_36,1,0.9946045405483487
calce_CX2_36,1,0.9935690057816318
calce_CX2_36,1,0.9925953377090296
calce_CX2_36,1,0.9931010879664833
calce_CX2_36,1,0.9938961908043332
calce_CX2_36,1,0.9922095575254878
calce_CX2_36,1,0.9927320441844858
calce_CX2_36,1,0.9925380356038123
calce_CX2_36,1,0.9925369374712074
calce_CX2_36,1,0.9908806689627775
calce_CX2_36,1,0.9934958872178741
calce_CX2_36,1,0.9935817276479045
calce_CX2_36,1,0.9938759339455252
calce_CX2_36,1,0.993958559615204
calce_CX2_36,1,0.9929998237947857
calce_CX2_36,1,0.9950885039270195
calce_CX2_36,1,0.9954892903940922
calce_CX2_36,1,0.9944327791872014
calce_CX2_36,1,0.9950170551914986
calce_CX2_36,1,0.9932285164814024
calce_CX2_36,1,0.9944526249187818
calce_CX2_36,1,0.9944893689481207
calce_CX2_36,1,0.9939195258698057
calce_CX2_36,1,0.9934760611586615
calce_CX2_36,1,0.9951090880119496
calce_CX2_36,1,0.9950899562307056
calce_CX2_36,1,0.9951366970385127
calce_CX2_36,1,0.9949876449467516
calce_CX2_36,1,0.9950992444013184
calce_CX2_36,1,0.9955968453130825
calce_CX2_36,1,0.9962171096743985
calce_CX2_36,1,0.9977507464217084
calce_CX2_36,1,0.9939867780392418
calce_CX2_36,1,0.9949106335574578
calce_CX2_36,1,0.9939592366297744
calce_CX2_36,1,0.9972161769341994
calce_CX2_36,1,0.992979642756225
calce_CX2_36,1,0.9932541187049767
calce_CX2_36,1,0.9934534887685951
calce_CX2_36,1,0.9928392732571568
calce_CX2_36,1,0.9937855651302452
calce_CX2_36,1,0.9934657086743578
calce_CX2_36,1,0.9952927588093781
calce_CX2_36,1,0.9921302518349957
calce_CX2_36,1,0.9931293365418352
calce_CX2_36,1,0.9935487583740154
calce_CX2_36,1,0.9929555798173461
calce_CX2_36,1,0.9929671771483812
calce_CX2_36,1,0.9921482655161084
calce_CX2_36,1,0.9932126415555775
calce_CX2_36,1,0.9923268196353066
calce_CX2_36,1,0.9927137335254439
calce_CX2_36,1,0.9931127497870221
calce_CX2_36,1,0.9961287858491734
calce_CX2_36,1,0.9953200063011708
calce_CX2_36,1,0.9952599818776616
calce_CX2_36,1,0.9956222222143768
calce_CX2_36,1,0.996024516323693
calce_CX2_36,1,0.995805566164835
calce_CX2_36,1,0.9849811118873378
calce_CX2_36,1,0.9868879561307742
calce_CX2_36,1,0.9900891428446259
calce_CX2_36,1,0.9866428325660104
calce_CX2_36,1,0.9854143833209723
calce_CX2_36,1,0.9860922550429245
calce_CX2_36,1,0.9898384013514044
calce_CX2_36,1,0.9899442235746294
calce_CX2_36,1,0.9895561420762087
calce_CX2_36,1,0.9896496870281125
calce_CX2_36,1,0.9912352381406132
calce_CX2_36,1,0.9909563404410748
calce_CX2_36,1,0.9880322302798304
calce_CX2_36,1,0.9873751548161165
calce_CX2_36,1,0.9902237373710774
calce_CX2_36,1,0.9922912709132948
calce_CX2_36,1,0.9909115608529512
calce_CX2_36,1,0.9904609827386842
calce_CX2_36,1,0.9914084026307539
calce_CX2_36,1,0.996321101014076
calce_CX2_36,1,0.9928565779399016
calce_CX2_36,1,0.9904354651521297
calce_CX2_36,1,0.9896818227716317
calce_CX2_36,1,0.9895645627172336
calce_CX2_36,1,0.9911179061390831
calce_CX2_36,1,0.9924081463357998
calce_CX2_36,1,0.9919000322306802
calce_CX2_36,1,0.992337980657356
calce_CX2_36,1,0.9912371381459705
calce_CX2_36,1,0.9920418735776726
calce_CX2_36,1,0.9909206122018323
calce_CX2_36,1,0.9896260730316437
calce_CX2_36,1,0.9910270018740112
calce_CX2_36,1,0.9914020376685295
calce_CX2_36,1,0.9920133681214984
calce_CX2_36,1,0.9932036717628449
calce_CX2_36,1,0.9929603360533995
calce_CX2_36,1,0.9921049239637973
calce_CX2_36,1,0.9969608334011267
calce_CX2_36,1,0.9921443923808448
calce_CX2_36,1,0.9905932354525097
calce_CX2_36,1,0.9910094418148023
calce_CX2_36,1,0.9903919704401243
calce_CX2_36,1,0.9895966062942511
calce_CX2_36,1,0.9899102184958762
calce_CX2_36,1,0.9903860734642662
calce_CX2_36,1,0.9911144154764667
calce_CX2_36,1,0.9907807427966919
calce_CX2_36,1,0.9905191073730376
calce_CX2_36,1,0.9899098644650284
calce_CX2_36,1,0.9239092455716593
calce_CX2_36,1,0.9063013533222478
calce_CX2_36,1,0.9001800594702474
calce_CX2_36,1,0.9952168416912206
calce_CX2_36,1,0.9960719777333725
calce_CX2_36,1,0.9956799817447651
calce_CX2_36,1,0.9953691396985094
calce_CX2_36,1,0.9954313741109617
calce_CX2_36,1,0.9963840831619177
calce_CX2_36,1,0.9963004421131388
calce_CX2_36,1,0.9969195866185931
calce_CX2_36,1,0.9964522364482887
calce_CX2_36,1,0.9983725567222989
calce_CX2_36,1,0.9963239506198078
calce_CX2_36,1,0.9967929488687203
calce_CX2_36,1,0.9958470803935098
calce_CX2_36,1,0.995564578126485
calce_CX2_36,1,0.995836810061647
calce_CX2_36,1,0.9959299310222105
calce_CX2_36,1,0.9964142578376811
calce_CX2_36,1,0.9963145694581133
calce_CX2_36,1,0.9960558864627117
calce_CX2_36,1,0.996429210943512
calce_CX2_36,1,0.996113646025744
calce_CX2_36,1,0.995986346980572
calce_CX2_36,1,0.9954052557565862
calce_CX2_36,1,0.9957734874455741
calce_CX2_36,1,0.9953619078540183
calce_CX2_36,1,0.9950111161039029
calce_CX2_36,1,0.995470921231943
calce_CX2_36,1,0.994737608759567
calce_CX2_36,1,0.9948907993375011
calce_CX2_36,1,0.995648610338458
calce_CX2_36,1,0.9951381727070328
calce_CX2_36,1,0.9953223365652265
calce_CX2_36,1,0.994583587266844
calce_CX2_36,1,0.9949742208906266
calce_CX2_36,1,0.9944543601502012
calce_CX2_36,1,0.9943584726787414
calce_CX2_36,1,0.9951124698421641
calce_CX2_36,1,0.9944099037258722
calce_CX2_36,1,0.9953377743449995
calce_CX2_36,1,0.9943967155726857
calce_CX2_36,1,0.9945354249226334
calce_CX2_36,1,0.9944583370397714
calce_CX2_36,1,0.9952009739265772
calce_CX2_36,1,0.9955716845342891
calce_CX2_36,1,0.9950528547903563
calce_CX2_36,1,0.9962831359623504
calce_CX2_36,1,0.9963571171923432
calce_CX2_36,1,0.9965755881599687
calce_CX2_36,1,0.9966908411355162
calce_CX2_36,1,0.9963520735782218
calce_CX2_36,1,0.8702905478028086
calce_CX2_36,1,0.8501132122384075
calce_CX2_36,1,0.8400897021115511
calce_CX2_36,1,0.8545225427637807
calce_CX2_36,1,0.8645023619957931
calce_CX2_36,1,0.8739219128511236
calce_CX2_36,1,0.8775622310078048
calce_CX2_36,1,0.8672621677417329
calce_CX2_36,1,0.8385672291132826
calce_CX2_36,1,0.81802642129481
calce_CX2_36,1,0.857923036843133
calce_CX2_36,1,0.8645196671799108
calce_CX2_36,1,0.8763687384572466
calce_CX2_36,1,0.8662701983581942
calce_CX2_36,1,0.8462068731980903
calce_CX2_36,1,0.8249834169734932
calce_CX2_36,1,0.8338881294960434
calce_CX2_36,1,0.86439185464908
calce_CX2_36,1,0.8610091245423072
calce_CX2_36,1,0.873267680351672
calce_CX2_36,1,0.8798847022698345
calce_CX2_36,1,0.8379400410248615
calce_CX2_36,1,0.8277516354308416
calce_CX2_36,1,0.829985522534224
calce_CX2_36,1,0.8266882689986138
calce_CX2_36,1,0.8200965815269204
calce_CX2_36,1,0.8171370252401725
calce_CX2_36,1,0.8148211558548851
calce_CX2_36,1,0.8146351067330106
calce_CX2_36,1,0.8088596097792021
calce_CX2_36,1,0.8147321941802369
calce_CX2_36,1,0.8163827546498386
calce_CX2_36,1,0.8101091276732463
calce_CX2_36,1,0.8139489247631658
calce_CX2_36,1,0.8131911157893289
calce_CX2_36,1,0.8159066965061126
calce_CX2_36,1,0.8128342068860533
calce_CX2_36,1,0.8457406207715723
calce_CX2_36,1,0.8606066704220633
calce_CX2_36,1,0.870240962118098
calce_CX2_36,1,0.863326853253305
calce_CX2_36,1,0.8230989264031164
calce_CX2_36,1,0.9168712232916099
calce_CX2_36,1,0.8298966927069631
calce_CX2_36,1,0.8591288854794987
calce_CX2_36,1,0.8645684837389837
calce_CX2_36,1,0.865488108150036
calce_CX2_36,1,0.8697715983465142
calce_CX2_36,1,0.8382287928488491
calce_CX2_36,1,0.8296171348846317
calce_CX2_36,1,0.8784449008622321
calce_CX2_36,1,0.8787319720179373
calce_CX2_36,1,0.9034762088852625
calce_CX2_36,1,0.8524740859431644
calce_CX2_36,1,0.8458624621411954
calce_CX2_36,1,0.8756814724146996
calce_CX2_36,1,0.8824865967002221
calce_CX2_36,1,0.8735768578398455
calce_CX2_36,1,0.8864227227730587
calce_CX2_36,1,0.8720645067153826
calce_CX2_36,1,0.8636836242861122
calce_CX2_36,1,0.8574265232251083
calce_CX2_36,1,0.89046488914182
calce_CX2_36,1,0.885885689110394
calce_CX2_36,1,0.8874421680768674
calce_CX2_36,1,0.886210271703256
calce_CX2_36,1,0.8826939538458914
calce_CX2_36,1,0.864394449335728
calce_CX2_36,1,0.8513693863118835
calce_CX2_36,1,0.8852824798676944
calce_CX2_36,1,0.890047804646195
calce_CX2_36,1,0.8874046569161423
calce_CX2_36,1,0.8933753146349179
calce_CX2_36,1,0.8634121603354207
calce_CX2_36,1,0.8567604453078951
calce_CX2_36,1,0.867455147099405
calce_CX2_36,1,0.8431133110925612
calce_CX2_36,1,0.84050768182113
calce_CX2_36,1,0.8352459772279216
calce_CX2_36,1,0.8695183803807113
calce_CX2_36,1,0.8446727442300724
calce_CX2_36,1,0.8337143912548889
calce_CX2_36,1,0.8397020340212012
calce_CX2_36,1,0.8389692183361314
calce_CX2_36,1,0.8375615426756966
calce_CX2_36,1,0.8194156048603336
calce_CX2_36,1,0.8334363139968793
calce_CX2_36,1,0.8365030359429774
calce_CX2_36,1,0.833415444374893
calce_CX2_36,1,0.8558711110735925
calce_CX2_36,1,0.8826385209758123
calce_CX2_36,1,0.8870933463792292
calce_CX2_36,1,0.8808872380146844
calce_CX2_36,1,0.8973786577644138
calce_CX2_36,1,0.8608855666568653
calce_CX2_36,1,0.8525223529966048
calce_CX2_36,1,0.8826597908940094
calce_CX2_36,1,0.8942989365152082
calce_CX2_36,1,0.8786540097402129
calce_CX2_36,1,0.8748093470882631
calce_CX2_36,1,0.8927023124763891
calce_CX2_36,1,0.8665469997500929
calce_CX2_36,1,0.8412093492222507
calce_CX2_36,1,0.8536988568670465
calce_CX2_36,1,0.886519072751413
calce_CX2_36,1,0.8902945245693298
calce_CX2_36,1,0.879511580286449
calce_CX2_36,1,0.8847557742092125
calce_CX2_36,1,0.8669708303602082
calce_CX2_36,1,0.8499950374693575
calce_CX2_36,1,0.8730753227358599
calce_CX2_36,1,0.8876806062362302
calce_CX2_36,1,0.8821149978800107
calce_CX2_36,1,0.8900198631676665
calce_CX2_36,1,0.8999523953536372
calce_CX2_36,1,0.8663105129283774
calce_CX2_36,1,0.8484180574871046
calce_CX2_36,1,0.8498356253455149
calce_CX2_36,1,0.845482627320771
calce_CX2_36,1,0.8417336730937839
calce_CX2_36,1,0.8504260756588968
calce_CX2_36,1,0.8462134403441001
calce_CX2_36,1,0.8366394846942425
calce_CX2_36,1,0.8485856119983001
calce_CX2_36,1,0.8473298584333216
calce_CX2_36,1,0.866825585571547
calce_CX2_36,1,0.8419431973242381
calce_CX2_36,1,0.8447335973000172
calce_CX2_36,1,0.8417240142285072
calce_CX2_36,1,0.8314428820605295
calce_CX2_36,1,0.8303261418227265
calce_CX2_36,1,0.8604686197830937
calce_CX2_36,1,0.8803299654564504
calce_CX2_36,1,0.8768209828627525
calce_CX2_36,1,0.8882812831952718
calce_CX2_36,1,0.8892070865388996
calce_CX2_36,1,0.8460096913456512
calce_CX2_36,1,0.8391662395193212
calce_CX2_36,1,0.8701736699425597
calce_CX2_36,1,0.8925441066831785
calce_CX2_36,1,0.8840085640895453
calce_CX2_36,1,0.8885161643908649
calce_CX2_36,1,0.8846434890101303
calce_CX2_36,1,0.8531200565243344
calce_CX2_36,1,0.8503171611501396
calce_CX2_36,1,0.8708038438801913
calce_CX2_36,1,0.885999622474187
calce_CX2_36,1,0.8830135084687152
calce_CX2_36,1,0.8885989663276243
calce_CX2_36,1,0.8805095241536087
calce_CX2_36,1,0.8663091530442081
calce_CX2_36,1,0.8497945798749672
calce_CX2_36,1,0.8243598534205805
calce_CX2_36,1,0.8170770403111807
calce_CX2_36,1,0.8537232126592179
calce_CX2_36,1,0.8627888646475486
calce_CX2_36,1,0.864592618441546
calce_CX2_36,1,0.8739865764461969
calce_CX2_36,1,0.8629863877619023
calce_CX2_36,1,0.8627780696995909
calce_CX2_36,1,0.8791082038680343
calce_CX2_36,1,0.8879899636256228
calce_CX2_36,1,0.8847557817282646
calce_CX2_36,1,0.8875555311244834
calce_CX2_36,1,0.8941002134991309
calce_CX2_36,1,0.8760990636373265
calce_CX2_36,1,0.8702373593259816
calce_CX2_36,1,0.88174877974825
calce_CX2_36,1,0.8814515325734965
calce_CX2_36,1,0.8834568207977039
calce_CX2_36,1,0.8896143718691155
calce_CX2_36,1,0.8870998615010361
calce_CX2_36,1,0.8796483579609289
calce_CX2_36,1,0.8857626207453018
calce_CX2_36,1,0.873946735870092
calce_CX2_36,1,0.8705803589503064
calce_CX2_36,1,0.8829340592698176
calce_CX2_36,1,0.8678019917617247
calce_CX2_36,1,0.8761912112052818
calce_CX2_36,1,0.8742842379578732
calce_CX2_36,1,0.8759908950441249
calce_CX2_36,1,0.8785095484700188
calce_CX2_36,1,0.8840383675456428
calce_CX2_36,1,0.8783911291855049
calce_CX2_36,1,0.8783919724804806
calce_CX2_36,1,0.8758039767947685
calce_CX2_36,1,0.8813473267143168
calce_CX2_36,1,0.892246921803588
calce_CX2_36,1,0.9050825726390076
calce_CX2_36,1,0.9044237097992109
calce_CX2_36,1,0.9048651559193173
calce_CX2_38,0,0.8891815697798054
calce_CX2_38,0,0.8747847477440169
calce_CX2_38,0,0.8685254492589823
calce_CX2_38,0,0.8809128259694378
calce_CX2_38,0,0.8918753136085649
calce_CX2_38,0,0.8857065333785171
calce_CX2_38,0,0.8622027994238955
calce_CX2_38,0,0.8536054212347809
calce_CX2_38,0,0.8567830231428127
calce_CX2_38,0,0.8554984309617595
calce_CX2_38,0,0.9438591265622382
calce_CX2_38,0,0.8449428508122165
calce_CX2_38,0,0.8528481608051933
calce_CX2_38,0,0.851792977467894
calce_CX2_38,0,0.8431655117130046
calce_CX2_38,0,0.8538658686145073
calce_CX2_38,0,0.8561958377997625
calce_CX2_38,0,0.8543046512883163
calce_CX2_38,0,0.8540233236791561
calce_CX2_38,0,0.8537833830365239
calce_CX2_38,0,0.8541589012164182
calce_CX2_38,0,0.84344195045515
calce_CX2_38,0,0.8516812755715111
calce_CX2_38,0,0.8565216762417012
calce_CX2_38,0,0.8584188220825305
calce_CX2_38,0,0.8732598739234408
calce_CX2_38,0,0.8808609731171168
calce_CX2_38,0,0.8774468367437737
calce_CX2_38,0,0.8856069090752349
calce_CX2_38,0,0.8632499284800537
calce_CX2_38,0,0.8681825222876669
calce_CX2_38,0,0.872519816389877
calce_CX2_38,0,0.8887202268727189
calce_CX2_38,0,0.8818998753405822
calce_CX2_38,0,0.8794646749370466
calce_CX2_38,0,0.9003924374771873
calce_CX2_38,0,0.8789568851906813
calce_CX2_38,0,0.8655325832447456
calce_CX2_38,0,0.8751582364908135
calce_CX2_38,0,0.8908547241567684
calce_CX2_38,0,0.8835616555921931
calce_CX2_38,0,0.89464248200429
calce_CX2_38,0,0.9015234681026396
calce_CX2_38,0,0.8766450353943598
calce_CX2_38,0,0.866913128593047
calce_CX2_38,0,0.8800003140044875
calce_CX2_38,0,0.8998801542883506
calce_CX2_38,0,0.8874835302749975
calce_CX2_38,0,0.8908203127472669
calce_CX2_38,0,0.895415670487826
calce_CX2_38,0,0.8929472627048759
calce_CX2_38,0,0.9039741375853512
calce_CX2_38,0,0.8989952181978451
calce_CX2_38,0,0.8926448448916964
calce_CX2_38,0,0.8778528919671288
calce_CX2_38,0,0.8802178494491163
calce_CX2_38,0,0.9027407157987853
calce_CX2_38,0,0.9093786051461142
calce_CX2_38,0,0.9140675281705144
calce_CX2_38,0,0.9054163124665384
calce_CX2_38,0,0.9057528805365255
calce_CX2_38,0,0.9655716191825233
calce_CX2_38,0,0.9062751020573883
calce_CX2_38,0,0.8880303430478045
calce_CX2_38,0,0.8733942141792184
calce_CX2_38,0,0.9034853576913644
calce_CX2_38,0,0.9090919053082327
calce_CX2_38,0,0.9053039258153137
calce_CX2_38,0,0.9160202472514462
calce_CX2_38,0,0.9074404409838441
calce_CX2_38,0,0.8886751744882901
calce_CX2_38,0,0.8853864788478645
calce_CX2_38,0,0.9137525278527656
calce_CX2_38,0,0.9104417067812481
calce_CX2_38,0,0.9114015431937552
calce_CX2_38,0,0.9108172309314454
calce_CX2_38,0,0.9012907361031443
calce_CX2_38,0,0.886669094232073
calce_CX2_38,0,0.8794294227874125
calce_CX2_38,0,0.8810864076455179
calce_CX2_38,0,0.8769617923462184
calce_CX2_38,0,0.8726536609123176
calce_CX2_38,0,0.8718361096805042
calce_CX2_38,0,0.8850745165295727
calce_CX2_38,0,0.8788885781998911
calce_CX2_38,0,0.8676448130885801
calce_CX2_38,0,0.8680646160756788
calce_CX2_38,0,0.8822958743911176
calce_CX2_38,0,0.8670975582178707
calce_CX2_38,0,0.8794743492409636
calce_CX2_38,0,0.8775978268395875
calce_CX2_38,0,0.8739298301602474
calce_CX2_38,0,0.8763462879688535
calce_CX2_38,0,0.9592421438572187
calce_CX2_38,0,0.9042157897968133
calce_CX2_38,0,0.9039318700299737
calce_CX2_38,0,0.9012923220393751
calce_CX2_38,0,0.9096705379152357
calce_CX2_38,0,0.886830657081112
calce_CX2_38,0,0.8847063275077677
calce_CX2_38,0,0.8954883662892432
calce_CX2_38,0,0.9107189876939998
calce_CX2_38,0,0.9071840454478075
calce_CX2_38,0,0.908479224654795
calce_CX2_38,0,0.9085270538328037
calce_CX2_38,0,0.897035419581965
calce_CX2_38,0,0.8855679155686373
calce_CX2_38,0,0.9078634922486974
calce_CX2_38,0,0.9132947967911138
calce_CX2_38,0,0.9162055516810107
calce_CX2_38,0,0.9147262749388342
calce_CX2_38,0,0.9004712671357912
calce_CX2_38,0,0.8902580857848718
calce_CX2_38,0,0.9005169482860413
calce_CX2_38,0,0.9167090663823583
calce_CX2_38,0,0.9074600867636428
calce_CX2_38,0,0.911902142466308
calce_CX2_38,0,0.9211019934137183
calce_CX2_38,0,0.9081113670979893
calce_CX2_38,0,0.8952069892100837
calce_CX2_38,0,0.894476315329005
calce_CX2_38,0,0.8894552014214089
calce_CX2_38,0,0.8885738208238374
calce_CX2_38,0,0.8781135889805453
calce_CX2_38,0,0.8800658888446222
calce_CX2_38,0,0.8811719014701345
calce_CX2_38,0,0.8818261273187578
calce_CX2_38,0,0.8784264561368148
calce_CX2_38,0,0.882688003701597
calce_CX2_38,0,0.8830102449576517
calce_CX2_38,0,0.8773678627098866
calce_CX2_38,0,0.8790665087440928
calce_CX2_38,0,0.8781327512464081
calce_CX2_38,0,0.8801547645119294
calce_CX2_38,0,0.8802102583620082
calce_CX2_38,0,0.9120935327651853
calce_CX2_38,0,0.9171493560898591
calce_CX2_38,0,0.9160764108163609
calce_CX2_38,0,0.916812615936754
calce_CX2_38,0,0.908046733409939
calce_CX2_38,0,0.8963447753638616
calce_CX2_38,0,0.8870916622803361
calce_CX2_38,0,0.9086736630416976
calce_CX2_38,0,0.9153651417807088
calce_CX2_38,0,0.919828779747387
calce_CX2_38,0,0.9117297793882679
calce_CX2_38,0,0.9171330970217872
calce_CX2_38,0,0.894148505609335
calce_CX2_38,0,0.9020227169573445
calce_CX2_38,0,0.9180224213609315
calce_CX2_38,0,0.9202706318347795
calce_CX2_38,0,0.9218235253989943
calce_CX2_38,0,0.9244861656737087
calce_CX2_38,0,0.9157571491785995
calce_CX2_38,0,0.9022576241504926
calce_CX2_38,0,0.9034887273582435
calce_CX2_38,0,0.9203156721266288
calce_CX2_38,0,0.9227071798249457
calce_CX2_38,0,0.9149719668666565
calce_CX2_38,0,0.9171992548210243
calce_CX2_38,0,0.9178805361013994
calce_CX2_38,1,0.8936848213786851
calce_CX2_38,1,0.8997991497982417
calce_CX2_38,1,0.8937337259406906
calce_CX2_38,1,0.8935053085029052
calce_CX2_38,1,0.8923988490008371
calce_CX2_38,1,0.8872569011411529
calce_CX2_38,1,0.8910350124339006
calce_CX2_38,1,0.8825227185737254
calce_CX2_38,1,0.8948245086326473
calce_CX2_38,1,0.9021641996426162
calce_CX2_38,1,0.8812847993783659
calce_CX2_38,1,0.8798769829990551
calce_CX2_38,1,0.8821043336185225
calce_CX2_38,1,0.8793876120456352
calce_CX2_38,1,0.8826029728777604
calce_CX2_38,1,0.8813140379438693
calce_CX2_38,1,0.9033431235044862
calce_CX2_38,1,0.9148461147191904
calce_CX2_38,1,0.9218221053567558
calce_CX2_38,1,0.9701998926847315
calce_CX2_38,1,0.9202330315335133
calce_CX2_38,1,0.9015425848572195
calce_CX2_38,1,0.8955009208654593
calce_CX2_38,1,0.8982714748948283
calce_CX2_38,1,0.9178882435624809
calce_CX2_38,1,0.9123287362724338
calce_CX2_38,1,0.9135301611574317
calce_CX2_38,1,0.9197291831196853
calce_CX2_38,1,0.9142847096478811
calce_CX2_38,1,0.8979361282127194
calce_CX2_38,1,0.8992835961469452
calce_CX2_38,1,0.9149050152338731
calce_CX2_38,1,0.9154494586376964
calce_CX2_38,1,0.914331448587508
calce_CX2_38,1,0.9135873129773
calce_CX2_38,1,0.9672644172433547
calce_CX2_38,1,0.8979148836399805
calce_CX2_38,1,0.9006042549982625
calce_CX2_38,1,0.9153384139344065
calce_CX2_38,1,0.9180767030713398
calce_CX2_38,1,0.9138830520211155
calce_CX2_38,1,0.9215017960950119
calce_CX2_38,1,0.9181454676177134
calce_CX2_38,1,0.9036675085006696
calce_CX2_38,1,0.922986432580623
calce_CX2_38,1,0.9283808208093085
calce_CX2_38,1,0.9279727604455951
calce_CX2_38,1,0.925532768805499
calce_CX2_38,1,0.8980964289991986
calce_CX2_38,1,0.8979677300217278
calce_CX2_38,1,0.8922227766762
calce_CX2_38,1,0.892395442399166
calce_CX2_38,1,0.9134449805224156
calce_CX2_38,1,0.9039485542295833
calce_CX2_38,1,0.9063718527030407
calce_CX2_38,1,0.889215767575907
calce_CX2_38,1,0.8908412841950202
calce_CX2_38,1,0.883048820721672
calce_CX2_38,1,0.8821609030583473
calce_CX2_38,1,0.8978989013612169
calce_CX2_38,1,0.900616376108784
calce_CX2_38,1,0.8944586412587111
calce_CX2_38,1,0.8971149109074676
calce_CX2_38,1,0.8884017118186965
calce_CX2_38,1,0.8901770183045667
calce_CX2_38,1,0.8896563700327801
calce_CX2_38,1,0.8949853049867625
calce_CX2_38,1,0.8922186868099886
calce_CX2_38,1,0.8935967659671493
calce_CX2_38,1,0.904567134162097
calce_CX2_38,1,0.8948068548938012
calce_CX2_38,1,0.8767441415567953
calce_CX2_38,1,0.8852349479795808
calce_CX2_38,1,0.9000251913220042
calce_CX2_38,1,0.9035187802487106
calce_CX2_38,1,0.898356886994393
calce_CX2_38,1,0.8944591422753645
calce_CX2_38,1,0.8874078618743529
calce_CX2_38,1,0.890769637405186
calce_CX2_38,1,0.8902550397934492
calce_CX2_38,1,0.8867500672906685
calce_CX2_38,1,0.8842754220760612
calce_CX2_38,1,0.881304028957374
calce_CX2_38,1,0.8786604683898503
calce_CX2_38,1,0.8769597390996198
calce_CX2_38,1,0.8719937277753087
calce_CX2_38,1,0.8770362143917796
calce_CX2_38,1,0.867172972248416
calce_CX2_38,1,0.8720563585688245
calce_CX2_38,1,0.873887714451379
calce_CX2_38,1,0.8663619573132776
calce_CX2_38,1,0.8744583362452774
calce_CX2_38,1,0.8723458603554989
calce_CX2_38,1,0.8649502957293014
calce_CX2_38,1,0.8811939066620684
calce_CX2_38,1,0.903622046883992
calce_CX2_38,1,0.8979100425708676
calce_CX2_38,1,0.8976022332294188
calce_CX2_38,1,0.8943632073845045
calce_CX2_38,1,0.8930331826928684
calce_CX2_38,1,0.957456547969744
calce_CX2_38,1,0.8811678190771383
calce_CX2_38,1,0.8836679050312474
calce_CX2_38,1,0.8857755758198644
calce_CX2_38,1,0.8931093853571341
calce_CX2_38,1,0.8999417601456091
calce_CX2_38,1,0.8869655311255108
calce_CX2_38,1,0.8933378998170929
calce_CX2_38,1,0.890670571700181
calce_CX2_38,1,0.8737142695162311
calce_CX2_38,1,0.8814522939814402
calce_CX2_38,1,0.9053567029500789
calce_CX2_38,1,0.902974273207684
calce_CX2_38,1,0.9006533170007311
calce_CX2_38,1,0.8882244206096964
calce_CX2_38,1,0.891289164383178
calce_CX2_38,1,0.8842960752276086
calce_CX2_38,1,0.951910785541569
calce_CX2_38,1,0.8925774373472949
calce_CX2_38,1,0.9044066257553928
calce_CX2_38,1,0.8964632563290523
calce_CX2_38,1,0.8939153620786641
calce_CX2_38,1,0.9574674874717545
calce_CX2_38,1,0.8976452385599104
calce_CX2_38,1,0.8865732924616361
calce_CX2_38,1,0.8828858339620707
calce_CX2_38,1,0.8784432980779451
calce_CX2_38,1,0.8773284509226866
calce_CX2_38,1,0.8749871098920039
calce_CX2_38,1,0.8839996232240966
calce_CX2_38,1,0.8700213705649436
calce_CX2_38,1,0.8685048079497962
calce_CX2_38,1,0.8696873818886313
calce_CX2_38,1,0.8712179998307115
calce_CX2_38,1,0.8664486254431457
calce_CX2_38,1,0.8699676464751709
calce_CX2_38,1,0.8687132592617691
calce_CX2_38,1,0.8681774395599617
calce_CX2_38,1,0.8681606522034873
calce_CX2_38,1,0.865526300603121
calce_CX2_38,1,0.9515709601576166
calce_CX2_38,1,0.9051241879684712
calce_CX2_38,1,0.9025981515375777
calce_CX2_38,1,0.8980143620206857
calce_CX2_38,1,0.9039318702978694
calce_CX2_38,1,0.8943007317191614
calce_CX2_38,1,0.8748894440952412
calce_CX2_38,1,0.8827689297313063
calce_CX2_38,1,0.8987937283275357
calce_CX2_38,1,0.8912117679380545
calce_CX2_38,1,0.9007716838594687
calce_CX2_38,1,0.8767205991296839
calce_CX2_38,1,0.8775509310704933
calce_CX2_38,1,0.8931068035103361
calce_CX2_38,1,0.8952950711502713
calce_CX2_38,1,0.8954655362788828
calce_CX2_38,1,0.8858451628707978
calce_CX2_38,1,0.8922910069975634
calce_CX2_38,1,0.8886870656770175
calce_CX2_38,1,0.8846098030137547
calce_CX2_38,1,0.8954888477543191
calce_CX2_38,1,0.901136539768264
calce_CX2_38,1,0.895896811116698
calce_CX2_38,1,0.9115804360124403
calce_CX2_38,1,0.9150022190799669
calce_CX2_38,1,0.8908895977623879
calce_CX2_38,1,0.883718461504893
calce_CX2_38,1,0.9574371296936942
calce_CX2_38,1,0.9220659530581983
calce_CX2_38,1,0.918281993814677
calce_CX2_38,1,0.9203774223096027
calce_CX2_38,1,0.9365798237527886
calce_CX2_38,1,0.9191902664112778
calce_CX2_38,1,0.9051469314105447
calce_CX2_38,1,0.8984130906113181
calce_CX2_38,1,0.8932474691815638
calce_CX2_38,1,0.8872538439893176
calce_CX2_38,1,0.8837449230865217
calce_CX2_38,1,0.8809774129813757
calce_CX2_38,1,0.8892760385452004
calce_CX2_38,1,0.8892716485606353
calce_CX2_38,1,0.8934205006884698
calce_CX2_38,1,0.8903982166224269
calce_CX2_38,1,0.8920243715827301
calce_CX2_38,1,0.8895585230855345
calce_CX2_38,1,0.8913854971724966
calce_CX2_38,1,0.8885024983020174
calce_CX2_38,1,0.8840785254275529
calce_CX2_38,1,0.8862950925149548
calce_CX2_38,1,0.8778118517819591
calce_CX2_38,1,0.9147858850046626
calce_CX2_38,1,0.9239672524015179
calce_CX2_38,1,0.9169807943625488
calce_CX2_38,1,0.923192171801834
calce_CX2_38,1,0.914955991212268
calce_CX2_38,1,0.8988113787487583
calce_CX2_38,1,0.9176653531933155
calce_CX2_38,1,0.9228079152389648
calce_CX2_38,1,0.9224635806886821
calce_CX2_38,1,0.9220529307777672
calce_CX2_38,1,0.9167315053914521
calce_CX2_38,1,0.9028516268318385
calce_CX2_38,1,0.9053377306491267
calce_CX2_38,1,0.9232382637067573
calce_CX2_38,1,0.9250773059299598
calce_CX2_38,1,0.9312681747617982
calce_CX2_38,1,0.9243171035337372
calce_CX2_38,1,0.9262707073762918
calce_CX2_38,1,0.9255314990523845
calce_CX2_38,1,0.904714336978411
calce_CX2_38,1,0.9117153070793803
calce_CX2_38,1,0.9175013737689293
calce_CX2_38,1,0.9264651717591518
calce_CX2_38,1,0.9211293449674626
calce_CX2_38,1,0.9225905085902303
calce_CX2_38,1,0.9285534441362054
calce_CX2_38,1,0.91049616855443
calce_CX2_38,1,0.9094138890691225
calce_CX2_38,1,0.9119335161401767
calce_CX2_38,1,0.925559470002159
calce_CX2_38,1,0.922995935258331
calce_CX2_38,1,0.9342132460993495
calce_CX2_38,1,0.9353623759858245
calce_CX2_38,1,0.9246078034141367
calce_CX2_38,1,0.903745828659646
calce_CX2_38,1,0.9064051392510956
calce_CX2_38,1,0.933903913023033
calce_CX2_38,1,0.9229269281799335
calce_CX2_38,1,0.9203037016325385
calce_CX2_38,1,0.9140545777330752
calce_CX2_38,1,0.928515879474508
calce_CX2_38,1,0.9227666454177134
calce_CX2_38,1,0.9067937247493659
calce_CX2_38,1,0.9159318175934908
calce_CX2_38,1,0.9222848820501351
calce_CX2_38,1,0.9213213170446287
calce_CX2_38,1,0.9171311200855848
calce_CX2_38,1,0.9275114031488834
calce_CX2_38,1,0.9179818924688198
calce_CX2_38,1,0.9051881724323652
calce_CX2_38,1,0.9081438262982348
calce_CX2_38,1,0.9011596060776333
calce_CX2_38,1,0.9075797466047599
calce_CX2_38,1,0.9063472552487274
calce_CX2_38,1,0.904909362809103
calce_CX2_38,1,0.8995562020408449
calce_CX2_38,1,0.9021907693437079
calce_CX2_38,1,0.897460340412212
calce_CX2_38,1,0.9065227202047005
calce_CX2_38,1,0.9060798592738667
calce_CX2_38,1,0.8949158916477623
calce_CX2_38,1,0.9029894399400914
calce_CX2_38,1,0.9072573756649741
calce_CX2_38,1,0.9040666304613244
calce_CX2_38,1,0.9034620484459291
calce_CX2_38,1,0.920981911019293
calce_CX2_38,1,0.9232136525932316
calce_CX2_38,1,0.9267863869877129
calce_CX2_38,1,0.917023695231894
calce_CX2_38,1,0.9063135957077714
calce_CX2_38,1,0.90857375780685
calce_CX2_38,1,0.9243454359019312
calce_CX2_38,1,0.9261939234440921
calce_CX2_38,1,0.9179600724896368
calce_CX2_38,1,0.9213755325727633
calce_CX2_38,1,0.9178980143783556
calce_CX2_38,1,0.9118652235441895
calce_CX2_38,1,0.9018384750702454
calce_CX2_38,1,0.9208847742633259
calce_CX2_38,1,0.9273846678076522
calce_CX2_38,1,0.9231926925936069
calce_CX2_38,1,0.9232577811675867
calce_CX2_38,1,0.928610829742659
calce_CX2_38,1,0.9160079999911386
calce_CX2_38,1,0.9147097104967722
calce_CX2_38,1,0.9176516829355933
calce_CX2_38,1,0.9269270815731099
calce_CX2_38,1,0.9224524532727189
calce_CX2_38,1,0.9723012077602172
calce_CX2_38,1,0.922278968743758
calce_CX2_38,1,0.9258389797936368
calce_CX2_38,1,0.9118693352511407
calce_CX2_38,1,0.914390496539173
calce_CX2_38,1,0.923165569145554
calce_CX2_38,1,0.9253685180728015
calce_CX2_38,1,0.9244862692776794
calce_CX2_38,1,0.9230733075342352
calce_CX2_38,1,0.9738480177730274
calce_CX2_38,1,0.9203795524901024
calce_CX2_38,1,0.9154101843304925
calce_CX2_38,1,0.9145701006376448
calce_CX2_38,1,0.913056937346174
calce_CX2_38,1,0.913436888291018
calce_CX2_38,1,0.9067739578670749
calce_CX2_38,1,0.9159027006775344
calce_CX2_38,1,0.8968922948933888
calce_CX2_38,1,0.9131773627735789
calce_CX2_38,1,0.9120458832424718
calce_CX2_38,1,0.9077361062260156
calce_CX2_38,1,0.9092134413643997
calce_CX2_38,1,0.9001541363664088
calce_CX2_38,1,0.9064411940697261
calce_CX2_38,1,0.9044791589169423
calce_CX2_38,1,0.898914998848035
calce_CX2_38,1,0.9007060990312027
calce_CX2_38,1,0.9076913511258251
calce_CX2_38,1,0.9790650290274254
calce_CX2_38,1,0.940944159782211
calce_CX2_38,1,0.944842813545016
calce_CX2_38,1,0.9181613680644424
calce_CX2_38,1,0.9237926100208899
calce_CX2_38,1,0.926312903169596
calce_CX2_38,1,0.928002593941038
calce_CX2_38,1,0.9293541519073302
calce_CX2_38,1,0.9282524823188131
calce_CX2_38,1,0.9245292601709425
calce_CX2_38,1,0.9709669649362564
calce_CX2_38,1,0.9229694842973714
calce_CX2_38,1,0.9133788166289973
calce_CX2_38,1,0.9233418233985872
calce_CX2_38,1,0.9271470822668572
calce_CX2_38,1,0.9262788945156036
calce_CX2_38,1,0.9214779299998072
calce_CX2_38,1,0.9251592725332475
calce_CX2_38,1,0.9139772047550914
calce_CX2_38,1,0.9150725527904102
calce_CX2_38,1,0.9179564992620821
calce_CX2_38,1,0.9345188794543958
calce_CX2_38,1,0.9292389814895782
calce_CX2_38,1,0.9315299487279466
calce_CX2_38,1,0.9331288303813244
calce_CX2_38,1,0.9262946430076976
calce_CX2_38,1,0.9163609343855262
calce_CX2_38,1,0.9094402859340315
calce_CX2_38,1,0.9265243626519183
calce_CX2_38,1,0.9154627983631974
calce_CX2_38,1,0.9150823738560111
calce_CX2_38,1,0.9221816032419258
calce_CX2_38,1,0.9142936640148706
calce_CX2_38,1,0.904053905623857
calce_CX2_38,1,0.9140867114300976
calce_CX2_38,1,0.9125288302029161
calce_CX2_38,1,0.9138887833926329
calce_CX2_38,1,0.9085450017642099
calce_CX2_38,1,0.9097666994052583
calce_CX2_38,1,0.9044627904136319
calce_CX2_38,1,0.9027418598612704
calce_CX2_38,1,0.906614672758354
calce_CX2_38,1,0.9039175415732875
calce_CX2_38,1,0.9048047624936358
calce_CX2_38,1,0.9066588458749395
calce_CX2_38,1,0.9060465277792282
calce_CX2_38,1,0.9034631268387439
calce_CX2_38,1,0.9020146479377451
calce_CX2_38,1,0.9013228063449674
calce_CX2_38,1,0.9038294520530346
calce_CX2_38,1,0.9183749132552668
calce_CX2_38,1,0.9072675843138187
calce_CX2_38,1,0.9102519245830756
calce_CX2_38,1,0.8971769686648282
calce_CX2_38,1,0.904365147265565
calce_CX2_38,1,0.9133861101758504
calce_CX2_38,1,0.9125482529297156
calce_CX2_38,1,0.9151369754343381
calce_CX2_38,1,0.9113577116764905
calce_CX2_38,1,0.9143337260166332
calce_CX2_38,1,0.8995359593336908
calce_CX2_38,1,0.8981648205647573
calce_CX2_38,1,0.9105793153773134
calce_CX2_38,1,0.9110878960326444
calce_CX2_38,1,0.9136240365797557
calce_CX2_38,1,0.917318742717617
calce_CX2_38,1,0.9129231741762595
calce_CX2_38,1,0.9672750878042002
calce_CX2_38,1,0.905961258445572
calce_CX2_38,1,0.9019198071047411
calce_CX2_38,1,0.909887462522336
calce_CX2_38,1,0.9171030558377886
calce_CX2_38,1,0.8899123835168883
calce_CX2_38,1,0.8954671713507318
calce_CX2_38,1,0.8880402719373726
calce_CX2_38,1,0.9271672716497467
calce_CX2_38,1,0.9078500398193063
calce_CX2_38,1,0.9000485851614832
calce_CX2_38,1,0.9059361473160892
calce_CX2_38,1,0.9719088580971639
calce_CX2_38,1,0.9281225782715745
calce_CX2_38,1,0.938110339004624
calce_CX2_38,1,0.9356994184033626
calce_CX2_38,1,0.9373049420959723
calce_CX2_38,1,0.9295520196479136
calce_CX2_38,1,0.9127635737705403
calce_CX2_38,1,0.919153952290472
calce_CX2_38,1,0.9314963613946765
calce_CX2_38,1,0.9406086578165013
calce_CX2_38,1,0.9377345856236177
calce_CX2_38,1,0.9385944111637476
calce_CX2_38,1,0.9402937806175433
calce_CX2_38,1,0.9256553261486882
calce_CX2_38,1,0.9735488102225051
calce_CX2_38,1,0.9290279921383423
calce_CX2_38,1,0.9422264042826093
calce_CX2_38,1,0.943596841482794
calce_CX2_38,1,0.9458217996226128
calce_CX2_38,1,0.9410700427518802
calce_CX2_38,1,0.9477982745675847
calce_CX2_38,1,0.9478374053383956
calce_CX2_38,1,0.9530648606707182
calce_CX2_38,1,0.949256037706387
calce_CX2_38,1,0.9497283706760868
calce_CX2_38,1,0.9466747209442999
calce_CX2_38,1,0.9290306761605787
calce_CX2_38,1,0.9336787065598786
calce_CX2_38,1,0.9345924396609981
calce_CX2_38,1,0.9364712089434047
calce_CX2_38,1,0.9281524880620561
calce_CX2_38,1,0.9274214316354186
calce_CX2_38,1,0.9257094242373096
calce_CX2_38,1,0.9362567223445503
calce_CX2_38,1,0.925655978065755
calce_CX2_38,1,0.9261172585003173
calce_CX2_38,1,0.9325916131290093
calce_CX2_38,1,0.9263040227396968
calce_CX2_38,1,0.9214958663341799
calce_CX2_38,1,0.928044094831824
calce_CX2_38,1,0.9292013020091447
calce_CX2_38,1,0.9232512872256234
calce_CX2_38,1,0.926677911162087
calce_CX2_38,1,0.9280316013500017
calce_CX2_38,1,0.9282677329550081
calce_CX2_38,1,0.9226537667993818
calce_CX2_38,1,0.9256179144388361
calce_CX2_38,1,0.9296239582475171
calce_CX2_38,1,0.9749997794087575
calce_CX2_38,1,0.9322207254273842
calce_CX2_38,1,0.9318538072191953
calce_CX2_38,1,0.9274857675666018
calce_CX2_38,1,0.9229032463102448
calce_CX2_38,1,0.9264588238107982
calce_CX2_38,1,0.9321810034663746
calce_CX2_38,1,0.929619315575835
calce_CX2_38,1,0.9307257763066865
calce_CX2_38,1,0.9327573877530243
calce_CX2_38,1,0.9221917041305471
calce_CX2_38,1,0.9060662926713803
calce_CX2_38,1,0.9309422113208885
calce_CX2_38,1,0.9768023369311253
calce_CX2_38,1,0.9362585472982182
calce_CX2_38,1,0.9810290392294476
calce_CX2_38,1,0.9408666207663265
calce_CX2_38,1,0.9419513466772169
calce_CX2_38,1,0.939512154721908
calce_CX2_38,1,0.9323832767599372
calce_CX2_38,1,0.937997647006112
calce_CX2_38,1,0.9429088595557479
calce_CX2_38,1,0.9364259779272639
calce_CX2_38,1,0.9458756986451267
calce_CX2_38,1,0.9423178457185183
calce_CX2_38,1,0.9417711534760131
calce_CX2_38,1,0.9469001639213499
calce_CX2_38,1,0.9432242639666331
calce_CX2_38,1,0.9396915002253062
calce_CX2_38,1,0.9425147275880732
calce_CX2_38,1,0.9483163512179602
calce_CX2_38,1,0.949131980006527
calce_CX2_38,1,0.9493677225581744
calce_CX2_38,1,0.9528036001683386
calce_CX2_38,1,0.9521588094849457
calce_CX2_38,1,0.947755379069558
calce_CX2_38,1,0.9495637193296556
calce_CX2_38,1,0.9493781856815002
calce_CX2_38,1,0.9503583372960137
calce_CX2_38,1,0.9508103108189635
calce_CX2_38,1,0.9497207131061904
calce_CX2_38,1,0.9446305696858722
calce_CX2_38,1,0.9517465319725813
calce_CX2_38,1,0.9440552413837484
calce_CX2_38,1,0.9452324703145909
calce_CX2_38,1,0.9467536249109365
calce_CX2_38,1,0.9328674539398162
calce_CX2_38,1,0.9453193191199762
calce_CX2_38,1,0.9486654016386203
calce_CX2_38,1,0.9492875893396311
calce_CX2_38,1,0.9428043918279759
calce_CX2_38,1,0.9404804124238596
calce_CX2_38,1,0.9458858195646623
calce_CX2_38,1,0.9357971507528928
calce_CX2_38,1,0.9457797712339617
calce_CX2_38,1,0.9455234901303103
calce_CX2_38,1,0.9534027170355436
calce_CX2_38,1,0.9519979532451868
calce_CX2_38,1,0.9517937700568369
calce_CX2_38,1,0.9519185422670406
calce_CX2_38,1,0.9515891009172848
calce_CX2_38,1,0.9498362313736802
calce_CX2_38,1,0.9501155163060561
calce_CX2_38,1,0.9510847138137114
calce_CX2_38,1,0.9526479214945901
calce_CX2_38,1,0.9525940309858714
calce_CX2_38,1,0.9505733442705462
calce_CX2_38,1,0.9540992416778881
calce_CX2_38,1,0.9537319110814829
calce_CX2_38,1,0.9605847371341665
calce_CX2_38,1,0.9513127326526942
calce_CX2_38,1,0.9543759290928001
calce_CX2_38,1,0.9576258457571202
calce_CX2_38,1,0.9862703597051884
calce_CX2_38,1,0.9538192047036772
calce_CX2_38,1,0.9539195847714124
calce_CX2_38,1,0.9540883349612294
calce_CX2_38,1,0.9507296097996657
calce_CX2_38,1,0.948132071592389
calce_CX2_38,1,0.9456566936047714
calce_CX2_38,1,0.9372521856976692
calce_CX2_38,1,0.9398764952188235
calce_CX2_38,1,0.9349007576951913
calce_CX2_38,1,0.9386208609099083
calce_CX2_38,1,0.9345039464280248
calce_CX2_38,1,0.981430733675571
calce_CX2_38,1,0.9435030847704169
calce_CX2_38,1,0.9407333550391186
calce_CX2_38,1,0.9435659008287021
calce_CX2_38,1,0.9402292340814727
calce_CX2_38,1,0.9400970964701791
calce_CX2_38,1,0.9481958401601341
calce_CX2_38,1,0.9556115036534142
calce_CX2_38,1,0.9508054817430508
calce_CX2_38,1,0.9543041049307364
calce_CX2_38,1,0.959737568182154
calce_CX2_38,1,0.95675680893254
calce_CX2_38,1,0.9515701236236193
calce_CX2_38,1,0.9510912448108216
calce_CX2_38,1,0.9565744980104579
calce_CX2_38,1,0.9528549110895844
calce_CX2_38,1,0.9507568380947055
calce_CX2_38,1,0.9501224937956374
calce_CX2_38,1,0.9493686663283726
calce_CX2_38,1,0.9526799659824761
calce_CX2_38,1,0.951146371706629
calce_CX2_38,1,0.9533400949326439
calce_CX2_38,1,0.9570848999587134
calce_CX2_38,1,0.9533063369395478
calce_CX2_38,1,0.9580680958251371
calce_CX2_38,1,0.9586551830092284
calce_CX2_38,1,0.9593311553624172
calce_CX2_38,1,0.9628213979079051
calce_CX2_38,1,0.9447500345066465
calce_CX2_38,1,0.9503575731758774
calce_CX2_38,1,0.9518734399808698
calce_CX2_38,1,0.9550483254568654
calce_CX2_38,1,0.9523514438252625
calce_CX2_38,1,0.9553460166956638
calce_CX2_38,1,0.958985345099367
calce_CX2_38,1,0.9522641421172757
calce_CX2_38,1,0.9482440311843732
calce_CX2_38,1,0.9497318975794588
calce_CX2_38,1,0.9550756438860909
calce_CX2_38,1,0.9520780258191616
calce_CX2_38,1,0.9528451240885705
calce_CX2_38,1,0.956113213518928
calce_CX2_38,1,0.9575366904113182
calce_CX2_38,1,0.9571723013007475
calce_CX2_38,1,0.951418846633067
calce_CX2_38,1,0.951574653404249
calce_CX2_38,1,0.9516906665848276
calce_CX2_38,1,0.9570420239722703
calce_CX2_38,1,0.9569851574864664
calce_CX2_38,1,0.9558322485477323
calce_CX2_38,1,0.9615913198943393
calce_CX2_38,1,0.9508625052909015
calce_CX2_38,1,0.96163225795757
calce_CX2_38,1,0.9558733591862507
calce_CX2_38,1,0.95715403026634
calce_CX2_38,1,0.9608520349192656
calce_CX2_38,1,0.9618168007023477
calce_CX2_38,1,0.9612967444467049
calce_CX2_38,1,0.9610452203686959
calce_CX2_38,1,0.9867200334137163
calce_CX2_38,1,0.958265202147041
calce_CX2_38,1,0.9592020527513921
calce_CX2_38,1,0.9598932257697049
calce_CX2_38,1,0.9634109579530629
calce_CX2_38,1,0.9598258927756483
calce_CX2_38,1,0.9642953301589622
calce_CX2_38,1,0.955007741350457
calce_CX2_38,1,0.9688444290991225
calce_CX2_38,1,0.9605236469751112
calce_CX2_38,1,0.9607295640438172
calce_CX2_38,1,0.9611922722853643
calce_CX2_38,1,0.9886746285608081
calce_CX2_38,1,0.9647138036225863
calce_CX2_38,1,0.9652889255041054
calce_CX2_38,1,0.9664987411435022
calce_CX2_38,1,0.9624186376822301
calce_CX2_38,1,0.9640389605422892
calce_CX2_38,1,0.95939708388053
calce_CX2_38,1,0.9505479896957035
calce_CX2_38,1,0.9541884962291898
calce_CX2_38,1,0.9549188680338975
calce_CX2_38,1,0.9570130975059654
calce_CX2_38,1,0.954616529073589
calce_CX2_38,1,0.9594795766308108
calce_CX2_38,1,0.9610781026709357
calce_CX2_38,1,0.9534712115170679
calce_CX2_38,1,0.9879106767846311
calce_CX2_38,1,0.9562937489012944
calce_CX2_38,1,0.96331018218569
calce_CX2_38,1,0.9537333198051907
calce_CX2_38,1,0.9602929277981981
calce_CX2_38,1,0.9892897641747512
calce_CX2_38,1,0.9624066949132664
calce_CX2_38,1,0.9616907800963229
calce_CX2_38,1,0.9631050485156364
calce_CX2_38,1,0.9612699183296198
calce_CX2_38,1,0.9648240293827582
calce_CX2_38,1,0.9601229254835624
calce_CX2_38,1,0.9599335509492651
calce_CX2_38,1,0.9625497690720693
calce_CX2_38,1,0.9633975648757938
calce_CX2_38,1,0.9650253681809204
calce_CX2_38,1,0.9638594442345192
calce_CX2_38,1,0.9600214060414904
calce_CX2_38,1,0.9584833933157432
calce_CX2_38,1,0.9615199234285222
calce_CX2_38,1,0.9584951584456162
calce_CX2_38,1,0.9584590822094882
calce_CX2_38,1,0.9608336383155606
calce_CX2_38,1,0.9596181594770498
calce_CX2_38,1,0.960194286696517
calce_CX2_38,1,0.9576531799514584
calce_CX2_38,1,0.9586199296280857
calce_CX2_38,1,0.963381691024187
calce_CX2_38,1,0.9639157120805222
calce_CX2_38,1,0.962606207387591
calce_CX2_38,1,0.9626682946665946
calce_CX2_38,1,0.9605261797341234
calce_CX2_38,1,0.972296657141312
calce_CX2_38,1,0.9650365870575364
calce_CX2_38,1,0.9643233003541426
calce_CX2_38,1,0.9902862372823894
calce_CX2_38,1,0.9683240609580287
calce_CX2_38,1,0.9682647374727473
calce_CX2_38,1,0.9665256774206864
calce_CX2_38,1,0.961044382368229
calce_CX2_38,1,0.9623806546048581
calce_CX2_38,1,0.9650946285977126
calce_CX2_38,1,0.9564634768635853
calce_CX2_38,1,0.9620756682596845
calce_CX2_38,1,0.9562479983295756
calce_CX2_38,1,0.9606927008438457
calce_CX2_38,1,0.9578975787110379
calce_CX2_38,1,0.9566643465124182
calce_CX2_38,1,0.9495515450084367
calce_CX2_38,1,0.9559333328909645
calce_CX2_38,1,0.9579212280848564
calce_CX2_38,1,0.9604162046131229
calce_CX2_38,1,0.9636941919149918
calce_CX2_38,1,0.9599682731499314
calce_CX2_38,1,0.9577490202694395
calce_CX2_38,1,0.9922829454621045
calce_CX2_38,1,0.9604689124997945
calce_CX2_38,1,0.9596233321877362
calce_CX2_38,1,0.962897146467706
calce_CX2_38,1,0.9632988959820302
calce_CX2_38,1,0.9615879646014136
calce_CX2_38,1,0.9625529493449351
calce_CX2_38,1,0.9670937534825952
calce_CX2_38,1,0.9682056551391375
calce_CX2_38,1,0.9679940623224638
calce_CX2_38,1,0.9650182482100542
calce_CX2_38,1,0.9657720581065999
calce_CX2_38,1,0.9661801969961251
calce_CX2_38,1,0.9665873840157705
calce_CX2_38,1,0.9599733580544749
calce_CX2_38,1,0.9647289970644835
calce_CX2_38,1,0.9694752798681407
calce_CX2_38,1,0.964725085576072
calce_CX2_38,1,0.9625138541647719
calce_CX2_38,1,0.9684943797324194
calce_CX2_38,1,0.9646340503827939
calce_CX2_38,1,0.9666170783517846
calce_CX2_38,1,0.9693605672899525
calce_CX2_38,1,0.9714164838715535
calce_CX2_38,1,0.9696260668403003
calce_CX2_38,1,0.9664165035694122
calce_CX2_38,1,0.9679451486595613
calce_CX2_38,1,0.9726561130536472
calce_CX2_38,1,0.9702541715926677
calce_CX2_38,1,0.9695356098191281
calce_CX2_38,1,0.970857937714775
calce_CX2_38,1,0.9683523497432724
calce_CX2_38,1,0.9685227698576095
calce_CX2_38,1,0.9663191930946581
calce_CX2_38,1,0.9708704865228814
calce_CX2_38,1,0.9708361396379362
calce_CX2_38,1,0.9681327823352263
calce_CX2_38,1,0.9635562365820408
calce_CX2_38,1,0.9614096709631013
calce_CX2_38,1,0.9678116348073521
calce_CX2_38,1,0.9711081086232296
calce_CX2_38,1,0.973076162089565
calce_CX2_38,1,0.9697803460518
calce_CX2_38,1,0.9712969400437393
calce_CX2_38,1,0.9637502246857023
calce_CX2_38,1,0.9687114053252942
calce_CX2_38,1,0.967910416731504
calce_CX2_38,1,0.9653386003389477
calce_CX2_38,1,0.9699125252729689
calce_CX2_38,1,0.9716953167541158
calce_CX2_38,1,0.9711312329514503
calce_CX2_38,1,0.9769280012426733
calce_CX2_38,1,0.9693450227172159
calce_CX2_38,1,0.9670523014129644
calce_CX2_38,1,0.968576570037654
calce_CX2_38,1,0.9774950394596884
calce_CX2_38,1,0.977947077830931
calce_CX2_38,1,0.970313901910858
calce_CX2_38,1,0.9723367331101518
calce_CX2_38,1,0.9715348500962352
calce_CX2_38,1,0.9697533030391102
calce_CX2_38,1,0.9695750873293159
calce_CX2_38,1,0.9676314823952024
calce_CX2_38,1,0.9684395193442416
calce_CX2_38,1,0.9672926827071716
calce_CX2_38,1,0.9712733921161439
calce_CX2_38,1,0.9711439655417298
calce_CX2_38,1,0.9698075917567921
calce_CX2_38,1,0.9632145559150561
calce_CX2_38,1,0.9696021320800552
calce_CX2_38,1,0.9690262892076175
calce_CX2_38,1,0.974259963615013
calce_CX2_38,1,0.9707096111688718
calce_CX2_38,1,0.9751725992496708
calce_CX2_38,1,0.9768206671488414
calce_CX2_38,1,0.9735144145830799
calce_CX2_38,1,0.9698449235904087
calce_CX2_38,1,0.9733096630427104
calce_CX2_38,1,0.9723854291743826
calce_CX2_38,1,0.9717186288713708
calce_CX2_38,1,0.9753098217326814
calce_CX2_38,1,0.973747092825082
calce_CX2_38,1,0.9748116730094132
calce_CX2_38,1,0.9751183969110608
calce_CX2_38,1,0.9748094838271011
calce_CX2_38,1,0.9741429924954783
calce_CX2_38,1,0.973927180600438
calce_CX2_38,1,0.970698525410875
calce_CX2_38,1,0.9677545460745915
calce_CX2_38,1,0.9721922903482646
calce_CX2_38,1,0.973440368272158
calce_CX2_38,1,0.9759834360024222
calce_CX2_38,1,0.9767099693714707
calce_CX2_38,1,0.9755128403119048
calce_CX2_38,1,0.972811586766769
calce_CX2_38,1,0.9720437810702903
calce_CX2_38,1,0.9720852518386945
calce_CX2_38,1,0.9762879370084128
calce_CX2_38,1,0.9745835815945093
calce_CX2_38,1,0.9716532898847632
calce_CX2_38,1,0.9721888266830292
calce_CX2_38,1,0.9758151566391264
calce_CX2_38,1,0.9697762139466702
calce_CX2_38,1,0.9722048663533095
calce_CX2_38,1,0.968208412542386
calce_CX2_38,1,0.9728310551505375
calce_CX2_38,1,0.9714595996729218
calce_CX2_38,1,0.9739911528246065
calce_CX2_38,1,0.9769708299386939
calce_CX2_38,1,0.9751533422812073
calce_CX2_38,1,0.974208593555778
calce_CX2_38,1,0.9695928240921847
calce_CX2_38,1,0.9740717478507428
calce_CX2_38,1,0.9742722894108065
calce_CX2_38,1,0.9747075357169561
calce_CX2_38,1,0.9750636446057555
calce_CX2_38,1,0.9742180608623154
calce_CX2_38,1,0.9758696447632673
calce_CX2_38,1,0.9734576404207205
calce_CX2_38,1,0.9729974013278418
calce_CX2_38,1,0.9750365034633829
calce_CX2_38,1,0.9769064201750927
calce_CX2_38,1,0.9756529267082834
calce_CX2_38,1,0.9760948437219394
calce_CX2_38,1,0.9742155161324552
calce_CX2_38,1,0.978940801531734
calce_CX2_38,1,0.9790109974504533
calce_CX2_38,1,0.97695651385707
calce_CX2_38,1,0.9800159930442212
calce_CX2_38,1,0.9764946425137592
calce_CX2_38,1,0.9802981674695527
calce_CX2_38,1,0.9816177370228732
calce_CX2_38,1,0.9822235367166648
calce_CX2_38,1,0.9828669522772718
calce_CX2_38,1,0.9794024635960464
calce_CX2_38,1,0.9821373260666718
calce_CX2_38,1,0.9951235009177701
calce_CX2_38,1,0.9711041255330279
calce_CX2_38,1,0.9697221039914307
calce_CX2_38,1,0.9702595326217253
calce_CX2_38,1,0.9745313277009553
calce_CX2_38,1,0.9689925476045514
calce_CX2_38,1,0.979698279020022
calce_CX2_38,1,0.9733786775431158
calce_CX2_38,1,0.9752758962660713
calce_CX2_38,1,0.9752945558284644
calce_CX2_38,1,0.9713723634186013
calce_CX2_38,1,0.9719109166954526
calce_CX2_38,1,0.9724002944535413
calce_CX2_38,1,0.9754525815907223
calce_CX2_38,1,0.9756408349273952
calce_CX2_38,1,0.9775138018331945
calce_CX2_38,1,0.9772784168010804
calce_CX2_38,1,0.9780197343770308
calce_CX2_38,1,0.9741641041876002
calce_CX2_38,1,0.9765791651718503
calce_CX2_38,1,0.9772610880016999
calce_CX2_38,1,0.9786435524724196
calce_CX2_38,1,0.979777427288661
calce_CX2_38,1,0.9795450656329241
calce_CX2_38,1,0.9766494149607952
calce_CX2_38,1,0.9795136319009812
calce_CX2_38,1,0.9755532059183001
calce_CX2_38,1,0.9795762332038281
calce_CX2_38,1,0.9789671180003331
calce_CX2_38,1,0.976336917453618
calce_CX2_38,1,0.979433574019924
calce_CX2_38,1,0.980365252354288
calce_CX2_38,1,0.9800062657420355
calce_CX2_38,1,0.9807397281715615
calce_CX2_38,1,0.9776106702964676
calce_CX2_38,1,0.9798735103267828
calce_CX2_38,1,0.978994510645568
calce_CX2_38,1,0.9783636929061303
calce_CX2_38,1,0.9826925392812627
calce_CX2_38,1,0.9806008815717956
calce_CX2_38,1,0.9803202298895186
calce_CX2_38,1,0.9811632030526978
calce_CX2_38,1,0.9797427730877429
calce_CX2_38,1,0.977265589414043
calce_CX2_38,1,0.9822698760212748
calce_CX2_38,1,0.9953835696123824
calce_CX2_38,1,0.9820037478749022
calce_CX2_38,1,0.9819047925770646
calce_CX2_38,1,0.9804217330842784
calce_CX2_38,1,0.9816444062405669
calce_CX2_38,1,0.9828390650822275
calce_CX2_38,1,0.9618346024446686
calce_CX2_38,1,0.9645064185786056
calce_CX2_38,1,0.9633211350501695
calce_CX2_38,1,0.9662059448451757
calce_CX2_38,1,0.9668118723130741
calce_CX2_38,1,0.9701932311568985
calce_CX2_38,1,0.966895182342266
calce_CX2_38,1,0.9659581504703049
calce_CX2_38,1,0.9899838820001589
calce_CX2_38,1,0.9659421403141585
calce_CX2_38,1,0.9667029832035874
calce_CX2_38,1,0.9908976787515609
calce_CX2_38,1,0.9668253912725692
calce_CX2_38,1,0.9708413803233016
calce_CX2_38,1,0.9655408779422117
calce_CX2_38,1,0.9621172270123405
calce_CX2_38,1,0.9652136106090287
calce_CX2_38,1,0.9665066667550116
calce_CX2_38,1,0.966096478689663
calce_CX2_38,1,0.9668811631360219
calce_CX2_38,1,0.9632031160320627
calce_CX2_38,1,0.967416094974246
calce_CX2_38,1,0.9623153317288002
calce_CX2_38,1,0.9611045846339993
calce_CX2_38,1,0.962806541022013
calce_CX2_38,1,0.9675993365507755
calce_CX2_38,1,0.9684335859918329
calce_CX2_38,1,0.9691412502559521
calce_CX2_38,1,0.972318784174769
calce_CX2_38,1,0.9718601641486239
calce_CX2_38,1,0.9675988549622768
calce_CX2_38,1,0.9648900289589408
calce_CX2_38,1,0.9663878548175188
calce_CX2_38,1,0.9690745713957912
calce_CX2_38,1,0.9690729720988489
calce_CX2_38,1,0.9711810177763628
calce_CX2_38,1,0.9717618967686953
calce_CX2_38,1,0.9731934424967881
calce_CX2_38,1,0.967054636052361
calce_CX2_38,1,0.9645968724135365
calce_CX2_38,1,0.9656426278568742
calce_CX2_38,1,0.971515973663833
calce_CX2_38,1,0.9679032980752962
calce_CX2_38,1,0.9683084949044175
calce_CX2_38,1,0.973512203160916
calce_CX2_38,1,0.9702800839719543
calce_CX2_38,1,0.971960447422158
calce_CX2_38,1,0.9703005653144167
calce_CX2_38,1,0.9717207663225569
calce_CX2_38,1,0.9698251605522654
calce_CX2_38,1,0.971660535009171
calce_CX2_38,1,0.9809575277604364
calce_CX2_38,1,0.9776567949632545
calce_CX2_38,1,0.9753890823294316
calce_CX2_38,1,0.9764014558091371
calce_CX2_38,1,0.9802465395216831
calce_CX2_38,1,0.9798883160966149
calce_CX2_38,1,0.9757926236465567
calce_CX2_38,1,0.9768853294262113
calce_CX2_38,1,0.9779046062408322
calce_CX2_38,1,0.9761894687712861
calce_CX2_38,1,0.9787154823739405
calce_CX2_38,1,0.9778377529456765
calce_CX2_38,1,0.9762362195153893
calce_CX2_38,1,0.9748768629514044
calce_CX2_38,1,0.9744643927737703
calce_CX2_38,1,0.9741307019642049
calce_CX2_38,1,0.9753173309712528
calce_CX2_38,1,0.9774368150906951
calce_CX2_38,1,0.9774621050382507
calce_CX2_38,1,0.9758563857796261
calce_CX2_38,1,0.9948636374008355
calce_CX2_38,1,0.9754133689954712
calce_CX2_38,1,0.9791178922110911
calce_CX2_38,1,0.9778473532661172
calce_CX2_38,1,0.9778920087301755
calce_CX2_38,1,0.9791037329007359
calce_CX2_38,1,0.9787786040713908
calce_CX2_38,1,0.9812111843581359
calce_CX2_38,1,0.9807711599227511
calce_CX2_38,1,0.981326151141824
calce_CX2_38,1,0.9817252281392265
calce_CX2_38,1,0.9827315008317621
calce_CX2_38,1,0.9819850355254807
calce_CX2_38,1,0.9813186546019299
calce_CX2_38,1,0.9801591112484743
calce_CX2_38,1,0.9810253507249099
calce_CX2_38,1,0.9798071345537003
calce_CX2_38,1,0.9813956338720036
calce_CX2_38,1,0.9827297772417881
calce_CX2_38,1,0.9769504887595208
calce_CX2_38,1,0.9819989120077782
calce_CX2_38,1,0.9810821487800868
calce_CX2_38,1,0.9824543466597478
calce_CX2_38,1,0.9814519576131441
calce_CX2_38,1,0.981757715317421
calce_CX2_38,1,0.9958417834258018
calce_CX2_38,1,0.981216132927431
calce_CX2_38,1,0.9829577821031893
calce_CX2_38,1,0.9789310231338753
calce_CX2_38,1,0.9754726608283005
calce_CX2_38,1,0.9790855645892542
calce_CX2_38,1,0.9798231761408324
calce_CX2_38,1,0.9779692258499978
calce_CX2_38,1,0.9792410033018648
calce_CX2_38,1,0.9783712959778438
calce_CX2_38,1,0.976874635433423
calce_CX2_38,1,0.9787247309877543
calce_CX2_38,1,0.9818387745085159
calce_CX2_38,1,0.9826942499562025
calce_CX2_38,1,0.9811010322971425
calce_CX2_38,1,0.9805853803002701
calce_CX2_38,1,0.9812911359363543
calce_CX2_38,1,0.9815246554337247
calce_CX2_38,1,0.9818221435370915
calce_CX2_38,1,0.9808978796533447
calce_CX2_38,1,0.9809769752821415
calce_CX2_38,1,0.9826403206766575
calce_CX2_38,1,0.9957826838403316
calce_CX2_38,1,0.9838056172875377
calce_CX2_38,1,0.9812122611801138
calce_CX2_38,1,0.981339881689162
calce_CX2_38,1,0.983242813951001
calce_CX2_38,1,0.9817723790407722
calce_CX2_38,1,0.9807857283373488
calce_CX2_38,1,0.9922585310525844
calce_CX2_38,1,0.9753061954482737
calce_CX2_38,1,0.9749056925473168
calce_CX2_38,1,0.9765501277446526
calce_CX2_38,1,0.9778571423138253
calce_CX2_38,1,0.9807780004385892
calce_CX2_38,1,0.9818902558056523
calce_CX2_38,1,0.980937481680123
calce_CX2_38,1,0.9817118210936041
calce_CX2_38,1,0.9814894053842469
calce_CX2_38,1,0.9803154099618564
calce_CX2_38,1,0.9791507969641194
calce_CX2_38,1,0.9825494565702799
calce_CX2_38,1,0.9812539709414789
calce_CX2_38,1,0.9818058817620609
calce_CX2_38,1,0.981785571324063
calce_CX2_38,1,0.9803340590440223
calce_CX2_38,1,0.9803772365627709
calce_CX2_38,1,0.995800769396763
calce_CX2_38,1,0.9813176968558676
calce_CX2_38,1,0.9796108779063615
calce_CX2_38,1,0.9840512953271547
calce_CX2_38,1,0.981919879904756
calce_CX2_38,1,0.9809647290214009
calce_CX2_38,1,0.9869658089154351
calce_CX2_38,1,0.9815881671023138
calce_CX2_38,1,0.9823969923742618
calce_CX2_38,1,0.9820510283672337
calce_CX2_38,1,0.9842878682710335
calce_CX2_38,1,0.9832513648722915
calce_CX2_38,1,0.9836778659020335
calce_CX2_38,1,0.9827193574054547
calce_CX2_38,1,0.9851400441630546
calce_CX2_38,1,0.9859943796014915
calce_CX2_38,1,0.9868257243050806
calce_CX2_38,1,0.9860207981110036
calce_CX2_38,1,0.9846917385453449
calce_CX2_38,1,0.9886738015996951
calce_CX2_38,1,0.9849215388748982
calce_CX2_38,1,0.9860369564998519
calce_CX2_38,1,0.9870059233748435
calce_CX2_38,1,0.9849976375526704
calce_CX2_38,1,0.984361612787091
calce_CX2_38,1,0.9857515731803178
calce_CX2_38,1,0.9842341985204986
calce_CX2_38,1,0.9858385816069731
calce_CX2_38,1,0.9842648364621633
calce_CX2_38,1,0.9864505454192981
calce_CX2_38,1,0.9846757767937122
calce_CX2_38,1,0.9853385705938674
calce_CX2_38,1,0.983714668318943
calce_CX2_38,1,0.977010903321434
calce_CX2_38,1,0.983155179210649
calce_CX2_38,1,0.9798238711317758
calce_CX2_38,1,0.9824920077633713
calce_CX2_38,1,0.9847212739086274
calce_CX2_38,1,0.9834978042393957
calce_CX2_38,1,0.982851251972883
calce_CX2_38,1,0.9842057123696737
calce_CX2_38,1,0.9848763936407057
calce_CX2_38,1,0.9843972324237192
calce_CX2_38,1,0.9852281866972116
calce_CX2_38,1,0.9849159374196782
calce_CX2_38,1,0.9862804060823958
calce_CX2_38,1,0.986108829739378
calce_CX2_38,1,0.9872087367553161
calce_CX2_38,1,0.9848612717827759
calce_CX2_38,1,0.9848030252104332
calce_CX2_38,1,0.9839884345907537
calce_CX2_38,1,0.5708021555184428
calce_CX2_38,1,0.9828685492727577
calce_CX2_38,1,0.985377877601727
calce_CX2_38,1,0.9866110282972148
calce_CX2_38,1,0.9970008860493121
calce_CX2_38,1,0.9865709994117459
calce_CX2_38,1,0.9866976121382082
calce_CX2_38,1,0.9878464624947926
calce_CX2_38,1,0.9881933004111356
calce_CX2_38,1,0.9868640346540873
calce_CX2_38,1,0.9867251907312071
calce_CX2_38,1,0.9875829149154745
calce_CX2_38,1,0.9876066314129498
calce_CX2_38,1,0.9882848850081069
calce_CX2_38,1,0.99054995161819
calce_CX2_38,1,0.9893233616708925
calce_CX2_38,1,0.9879617053580665
calce_CX2_38,1,0.9896858192870452
calce_CX2_38,1,0.9886499005359585
calce_CX2_38,1,0.9891793816272142
calce_CX2_38,1,0.9886992527847691
calce_CX2_38,1,0.9894381361695848
calce_CX2_38,1,0.9896938114334894
calce_CX2_38,1,0.9926606499876899
calce_CX2_38,1,0.9891023876040993
calce_CX2_38,1,0.9889505442397678
calce_CX2_38,1,0.9891172297340927
calce_CX2_38,1,0.9898570336833212
calce_CX2_38,1,0.9893587037783783
calce_CX2_38,1,0.9886499841630396
calce_CX2_38,1,0.9885348389207376
calce_CX2_38,1,0.990544432549955
calce_CX2_38,1,0.9911926490766974
calce_CX2_38,1,0.9919910060966042
calce_CX2_38,1,0.9897194532805205
calce_CX2_38,1,0.9893753088077454
calce_CX2_38,1,0.9897628749510244
calce_CX2_38,1,0.9899503727939993
calce_CX2_38,1,0.9910524557466747
calce_CX2_38,1,0.9974495556671457
calce_CX2_38,1,0.9896177319254852
calce_CX2_38,1,0.9914781422532349
calce_CX2_38,1,0.9907688274879688
calce_CX2_38,1,0.9914705474689794
calce_CX2_38,1,0.9909230335563901
calce_CX2_38,1,0.9903195241385315
calce_CX2_38,1,0.9901782876852815
calce_CX2_38,1,0.9976867640422795
calce_CX2_38,1,0.990940348122151
calce_CX2_38,1,0.9892370062649903
calce_CX2_38,1,0.9901626639886913
calce_CX2_38,1,0.9882057016507995
calce_CX2_38,1,0.9902022204286602
calce_CX2_38,1,0.9899380390379855
calce_CX2_38,1,0.991391881116858
calce_CX2_38,1,0.990207050863628
calce_CX2_38,1,0.9908955962993259
calce_CX2_38,1,0.9913307821631363
calce_CX2_38,1,0.9911289757934849
calce_CX2_38,1,0.9917103822396802
calce_CX2_38,1,0.9915804968221361
calce_CX2_38,1,0.9913634556864984
calce_CX2_38,1,0.9915790668768538
calce_CX2_38,1,0.9921040798681665
calce_CX2_38,1,0.992654684982049
calce_CX2_38,1,0.9919911994330212
calce_CX2_38,1,0.9916229588333564
calce_CX2_38,1,0.9927361219539329
calce_CX2_38,1,0.9918615762742922
calce_CX2_38,1,0.9919465045896046
calce_CX2_38,1,0.9927418689033636
calce_CX2_38,1,0.9920429970558815
calce_CX2_38,1,0.993008388280739
calce_CX2_38,1,0.9936544314306683
calce_CX2_38,1,0.9930721733254478
calce_CX2_38,1,0.9937390573603428
calce_CX2_38,1,0.9933466289563097
calce_CX2_38,1,0.9913772295174027
calce_CX2_38,1,0.9926968330488524
calce_CX2_38,1,0.9920307113142163
calce_CX2_38,1,0.9921330584617797
calce_CX2_38,1,0.9931903480452701
calce_CX2_38,1,0.9926742512584344
calce_CX2_38,1,0.9929648944600594
calce_CX2_38,1,0.9920368453844159
calce_CX2_38,1,0.9935472114325239
calce_CX2_38,1,0.9979677562145528
calce_CX2_38,1,0.9929555780828789
calce_CX2_38,1,0.9918479757061037
calce_CX2_38,1,0.99321267410594
calce_CX2_38,1,0.9924589674243839
calce_CX2_38,1,0.9935674884325113
calce_CX2_38,1,0.9932785938234858
calce_CX2_38,1,0.9943480087806938
calce_CX2_38,1,0.9922325863860199
calce_CX2_38,1,0.9927609765162985
calce_CX2_38,1,0.992699985343587
calce_CX2_38,1,0.9919573093092174
calce_CX2_38,1,0.992617886782302
calce_CX2_38,1,0.9926880200126228
calce_CX2_38,1,0.9914719965674521
calce_CX2_38,1,0.9919689139186256
calce_CX2_38,1,0.9939373872600563
calce_CX2_38,1,0.9943979004975843
calce_CX2_38,1,0.9943688901653412
calce_CX2_38,1,0.9933539044433921
calce_CX2_38,1,0.9949837923192083
calce_CX2_38,1,0.9958740301832537
calce_CX2_38,1,0.9963349476804712
calce_CX2_38,1,0.9961157969660636
calce_CX2_38,1,0.9959949576330229
calce_CX2_38,1,0.9961834599227462
calce_CX2_38,1,0.9943087673748591
calce_CX2_38,1,0.9946360341314188
calce_CX2_38,1,0.9942484476421863
calce_CX2_38,1,0.9937137201441868
calce_CX2_38,1,0.9945100594763615
calce_CX2_38,1,0.9940071859343657
calce_CX2_38,1,0.9943888595510753
calce_CX2_38,1,0.9936077836875292
calce_CX2_38,1,0.9939145305720394
calce_CX2_38,1,0.9942797242597328
calce_CX2_38,1,0.9936224307507135
calce_CX2_38,1,0.9930012161375951
calce_CX2_38,1,0.9938602030890108
calce_CX2_38,1,0.9936809974623234
calce_CX2_38,1,0.9937422860270843
calce_CX2_38,1,0.9934435816198813
calce_CX2_38,1,0.9935725672418514
calce_CX2_38,1,0.9938137487098757
calce_CX2_38,1,0.9933257645731277
calce_CX2_38,1,0.9934557489241639
calce_CX2_38,1,0.9936820030426166
calce_CX2_38,1,0.9959618586179791
calce_CX2_38,1,0.9966543087637467
calce_CX2_38,1,0.9965771979502326
calce_CX2_38,1,0.9967796631213528
calce_CX2_38,1,0.9972081432360796
calce_CX2_38,1,0.9971667525045856
calce_CX2_38,1,0.9962197226260835
calce_CX2_38,1,0.9961154903116395
calce_CX2_38,1,0.9957761975361795
calce_CX2_38,1,0.9964946919470108
calce_CX2_38,1,0.997097909692028
calce_CX2_38,1,0.9969617165978459
calce_CX2_38,1,0.9974991797049227
calce_CX2_38,1,0.9969376469681341
calce_CX2_38,1,0.9973893360053548
calce_CX2_38,1,0.9973078822598728
calce_CX2_38,1,0.9974537525296177
calce_CX2_38,1,0.9967670268777032
calce_CX2_38,1,0.996704734427659
calce_CX2_38,1,0.9973632302683225
calce_CX2_38,1,0.9976981494295741
calce_CX2_38,1,0.9976166672733381
calce_CX2_38,1,0.9976803148970929
calce_CX2_38,1,0.9979491735717033
calce_CX2_38,1,0.9978601302063633
calce_CX2_38,1,0.9977274377696779
calce_CX2_38,1,0.9975366447685187
calce_CX2_38,1,0.99732272196439
calce_CX2_38,1,0.9968397769538544
calce_CX2_38,1,0.9967455085395103
calce_CX2_38,1,0.9971849130600743
calce_CX2_38,1,0.9981704010683812
calce_CX2_38,1,0.9982255195986974
calce_CX2_38,1,0.9980005578004374
calce_CX2_38,1,0.9979710215186339
calce_CX2_38,1,0.9980180204635662
calce_CX2_38,1,0.9983993930597341
calce_CX2_38,1,0.9971965365766323
calce_CX2_38,1,0.9969048786823482
calce_CX2_38,1,0.9970167848048825
calce_CX2_38,1,0.9973118212291248
calce_CX2_38,1,0.9975088038131574
calce_CX2_38,1,0.9981776308125708
calce_CX2_38,1,0.998063911900466
calce_CX2_38,1,0.9981886104768672
calce_CX2_38,1,0.9983152473483627
calce_CX2_38,1,0.9981707213236595
calce_CX2_38,1,0.9983153016857635
calce_CX2_38,1,0.9977710786223462
calce_CX2_38,1,0.9970393601648715
calce_CX2_38,1,0.997331955996649
calce_CX2_38,1,0.9970691179106076
calce_CX2_38,1,0.9971679071455458
calce_CX2_38,1,0.9968120539257973
calce_CX2_38,1,0.9965422782993386
calce_CX2_38,1,0.9979739561347759
calce_CX2_38,1,0.9981269735140562
calce_CX2_38,1,0.9973951862561595
calce_CX2_38,1,0.9965586997591865
calce_CX2_38,1,0.9972304690958727
calce_CX2_38,1,0.9974311239931348
calce_CX2_38,1,0.998192580452141
calce_CX2_38,1,0.9976190076506228
calce_CX2_38,1,0.998446860550403
calce_CX2_38,1,0.998110669992618
calce_CX2_38,1,0.9981595995115379
calce_CX2_38,1,0.9980611438053985
calce_CX2_38,1,0.9980706458166387
calce_CX2_38,1,0.9978069262098579
calce_CX2_38,1,0.9977024334264416
calce_CX2_38,1,0.9974744285799988
calce_CX2_38,1,0.997934080387782
calce_CX2_38,1,0.9983269214866541
calce_CX2_38,1,0.9977084715657012
calce_CX2_38,1,0.998214469548242
calce_CX2_38,1,0.9994362499125365
calce_CX2_38,1,0.9981964735129527
calce_CX2_38,1,0.9984782866198156
calce_CX2_38,1,0.9982236266043547
calce_CX2_38,1,0.9981966016051
calce_CX2_38,1,0.9975357284065827
calce_CX2_38,1,0.9974131523256784
calce_CX2_38,1,0.997848272014689
calce_CX2_38,1,0.9984339802500585
calce_CX2_38,1,0.997774458357166
calce_CX2_38,1,0.9984355175251897
calce_CX2_38,1,0.9984858258494933
calce_CX2_38,1,0.9975735815414766
calce_CX2_38,1,0.9987174005322511
calce_CX2_38,1,0.9984323535511805
calce_CX2_38,1,0.9982441529466747
calce_CX2_38,1,0.9981280907214262
calce_CX2_38,1,0.9978996240939413
calce_CX2_38,1,0.9978970473027959
calce_CX2_38,1,0.9985580167326242
calce_CX2_38,1,0.9984014717381138
calce_CX2_38,1,0.9984677023937618
calce_CX2_38,1,0.9984764031227447
calce_CX2_38,1,0.9983274459077198
calce_CX2_38,1,0.9986486872932013
calce_CX2_38,1,0.9987914041640482
calce_CX2_38,1,0.9982317315005608
calce_CX2_38,1,0.998305470967867
calce_CX2_38,1,0.9981384293039253
calce_CX2_38,1,0.9900915262848475
calce_CX2_38,1,0.9915991282426155
calce_CX2_38,1,0.9933577428423546
calce_CX2_38,1,0.9934909595200123
calce_CX2_38,1,0.9930804634364925
calce_CX2_38,1,0.9938195727383786
calce_CX2_38,1,0.9938720285765691
calce_CX2_38,1,0.9937635777128548
calce_CX2_38,1,0.993972767530115
calce_CX2_38,1,0.9952263568433555
calce_CX2_38,1,0.9984410239583735
calce_CX2_38,1,0.9931134790488316
calce_CX2_38,1,0.9936511372495788
calce_CX2_38,1,0.994704595762342
calce_CX2_38,1,0.9948788805250937
calce_CX2_38,1,0.9952638725812742
calce_CX2_38,1,0.9948199035097606
calce_CX2_38,1,0.9952705085424953
calce_CX2_38,1,0.9948151963550764
calce_CX2_38,1,0.9957297856502997
calce_CX2_38,1,0.9941331158040694
calce_CX2_38,1,0.9948343167833401
calce_CX2_38,1,0.994577064590416
calce_CX2_38,1,0.9950600076872693
calce_CX2_38,1,0.9949175619842354
calce_CX2_38,1,0.9954322514220852
calce_CX2_38,1,0.9947814838999939
calce_CX2_38,1,0.9958155425813506
calce_CX2_38,1,0.9958143162694079
calce_CX2_38,1,0.9942619821336294
calce_CX2_38,1,0.9955042817915766
calce_CX2_38,1,0.9957190445925506
calce_CX2_38,1,0.9949416007388855
calce_CX2_38,1,0.9949745018638166
calce_CX2_38,1,0.9952568507521617
calce_CX2_38,1,0.9951531964675541
calce_CX2_38,1,0.9950410784184774
calce_CX2_38,1,0.995426961524537
calce_CX2_38,1,0.9947569808642895
calce_CX2_38,1,0.9961069592783903
calce_CX2_38,1,0.9944413766807598
calce_CX2_38,1,0.9958611691483483
calce_CX2_38,1,0.9957100067430738
calce_CX2_38,1,0.9953759677858304
calce_CX2_38,1,0.9947734880782821
calce_CX2_38,1,0.9944862857414996
calce_CX2_38,1,0.9954196271156406
calce_CX2_38,1,0.9951725861660546
calce_CX2_38,1,0.9948903162105942
calce_CX2_38,1,0.9933337396428948
calce_CX2_38,1,0.9932765650801029
calce_CX2_38,1,0.9942005660649167
calce_CX2_38,1,0.9948150446552457
calce_CX2_38,1,0.9957496225399003
calce_CX2_38,1,0.9940304232834457
calce_CX2_38,1,0.9924200367843988
calce_CX2_38,1,0.9906800482775235
calce_CX2_38,1,0.9946874353504407
calce_CX2_38,1,0.9955904472805117
calce_CX2_38,1,0.9954769360129025
calce_CX2_38,1,0.994708155337453
calce_CX2_38,1,0.9957151331584505
calce_CX2_38,1,0.996152317867295
calce_CX2_38,1,0.9939374825242013
calce_CX2_38,1,0.9925640622529713
calce_CX2_38,1,0.9922536031650172
calce_CX2_38,1,0.9937749598183598
calce_CX2_38,1,0.9928535974645059
calce_CX2_38,1,0.9921528046226451
calce_CX2_38,1,0.9920359787609907
calce_CX2_38,1,0.9930254279220244
calce_CX2_38,1,0.992440315652969
calce_CX2_38,1,0.9920224959876645
calce_CX2_38,1,0.9921905134637928
calce_CX2_38,1,0.9920311995404744
calce_CX2_38,1,0.9911814300445217
calce_CX2_38,1,0.991067439640224
calce_CX2_38,1,0.991089060010886
calce_CX2_38,1,0.9965877930563134
calce_CX2_38,1,0.9903878708415147
calce_CX2_38,1,0.9922364246390193
calce_CX2_38,1,0.9932807320750945
calce_CX2_38,1,0.9904821556139659
calce_CX2_38,1,0.99095067570201
calce_CX2_38,1,0.9953702704686481
calce_CX2_38,1,0.9955962981203811
calce_CX2_38,1,0.9962957842150073
calce_CX2_38,1,0.9956586658707545
calce_CX2_38,1,0.9962156146423378
calce_CX2_38,1,0.996833478741623
calce_CX2_38,1,0.9985332379794277
calce_CX2_38,1,0.9995108532916092
calce_CX2_38,1,0.998859368632838
calce_CX2_38,1,0.9991533556138472
calce_CX2_38,1,0.9991419220905151
calce_CX2_38,1,0.9989324896456173
calce_CX2_38,1,0.9986007785573867
calce_CX2_38,1,0.9985879423703599
calce_CX2_38,1,0.9985744771559929
calce_CX2_38,1,0.9988991377793405
calce_CX2_38,1,0.9991974006706942
calce_CX2_38,1,0.9991466089845399
calce_CX2_38,1,0.9989227440043266
calce_CX2_38,1,0.9990399675058794
calce_CX2_38,1,0.9990604489094456
calce_CX2_38,1,0.9989965157029439
calce_CX2_38,1,0.999194088466226
calce_CX2_38,1,0.99899725628359
calce_CX2_38,1,0.9989668080930577
calce_CX2_38,1,0.9987352455635506
calce_CX2_38,1,0.9986106739625783
calce_CX2_38,1,0.9989760295205437
calce_CX2_38,1,0.9990753758307557
calce_CX2_38,1,0.9990896601883845
calce_CX2_38,1,0.9990916153676374
calce_CX2_38,1,0.9990534401590853
calce_CX2_38,1,0.9991622172514091
calce_CX2_38,1,0.9990725335237199
calce_CX2_38,1,0.9990331857054354
calce_CX2_38,1,0.9992667179189815
calce_CX2_38,1,0.9991517359005926
calce_CX2_38,1,0.9992692171543222
calce_CX2_38,1,0.999188566335747
calce_CX2_38,1,0.9992467647803438
calce_CX2_38,1,0.9991365104307331
calce_CX2_38,1,0.9990854298721007
calce_CX2_38,1,0.9995386868386179
calce_CX2_38,1,0.9992974951654142
calce_CX2_38,1,0.9990560764338984
calce_CX2_38,1,0.9992387608829669
calce_CX2_38,1,0.9991950643949974
calce_CX2_38,1,0.999492722748302
calce_CX2_38,1,0.9992410626288819
calce_CX2_38,1,0.998899559991256
calce_CX2_38,1,0.9987787973390041
calce_CX2_38,1,0.9990236531533904
calce_CX2_38,1,0.9991061576045054
calce_CX2_38,1,0.999294831329535
calce_CX2_38,1,0.9990614762889092
calce_CX2_38,1,0.9990800334192399
calce_CX2_38,1,0.998949123188625
calce_CX2_38,1,0.9988271496829267
calce_CX2_38,1,0.9991324115994712
calce_CX2_38,1,0.9988831319439528
calce_CX2_38,1,0.9990378938789769
calce_CX2_38,1,0.99913053696506
calce_CX2_38,1,0.999091655719806
calce_CX2_38,1,0.9991007688047839
calce_CX2_38,1,0.999127753014649
calce_CX2_38,1,0.9991158311778674
calce_CX2_38,1,0.9991495287629502
calce_CX2_38,1,0.9990952623844698
calce_CX2_38,1,0.9990944006004021
calce_CX2_38,1,0.999057279931744
calce_CX2_38,1,0.9986268598650335
calce_CX2_38,1,0.9990371557907243
calce_CX2_38,1,0.9992625561139792
calce_CX2_38,1,0.9991229980964085
calce_CX2_38,1,0.9992475453311999
calce_CX2_38,1,0.9992650184023317
calce_CX2_38,1,0.9991247826593835
calce_CX2_38,1,0.9992040889506772
calce_CX2_38,1,0.9990165341857918
calce_CX2_38,1,0.999045769412105
calce_CX2_38,1,0.999233905410596
calce_CX2_38,1,0.9991293335573993
calce_CX2_38,1,0.9991772090030062
calce_CX2_38,1,0.9992416018746394
calce_CX2_38,1,0.9992577099687854
calce_CX2_38,1,0.9989836044689723
calce_CX2_38,1,0.9991229777209251
calce_CX2_38,1,0.9989933699007306
calce_CX2_38,1,0.9991940641900715
calce_CX2_38,1,0.99947952150732
calce_CX2_38,1,0.9992717677861529
calce_CX2_38,1,0.9994596163183299
calce_CX2_38,1,0.9991984805287827
calce_CX2_38,1,0.9988802774260415
calce_CX2_38,1,0.9993308130517446
calce_CX2_38,1,0.9991999850541573
calce_CX2_38,1,0.9991003158560219
calce_CX2_38,1,0.9992300813533965
calce_CX2_38,1,0.9993085947058566
calce_CX2_38,1,0.9991350553194158
calce_CX2_38,1,0.9993933624672883
calce_CX2_38,1,0.9992893157401983
calce_CX2_38,1,0.9990416613428492
calce_CX2_38,1,0.9991788174645498
calce_CX2_38,1,0.9993440209711317
calce_CX2_38,1,0.999161854391084
calce_CX2_38,1,0.9991455566062464
calce_CX2_38,1,0.999023274212403
calce_CX2_38,1,0.9993578350843678
calce_CX2_38,1,0.9993066213829251
calce_CX2_38,1,0.9991152877399304
calce_CX2_38,1,0.9991520012767826
calce_CX2_38,1,0.9993645380550452
calce_CX2_38,1,0.9993175841237091
calce_CX2_38,1,0.9992318886604066
calce_CX2_38,1,0.9989561538012017
calce_CX2_38,1,0.9989652670088006
calce_CX2_38,1,0.9993809768414559
calce_CX2_38,1,0.9989812839188086
calce_CX2_38,1,0.9991862066324029
calce_CX2_38,1,0.9992800350879674
calce_CX2_38,1,0.9988731550065395
calce_CX2_38,1,0.9993134152126659
calce_CX2_38,1,0.9992428547063055
calce_CX2_38,1,0.9993501363222904
calce_CX2_38,1,0.9992948694475214
calce_CX2_38,1,0.9992020196481417
calce_CX2_38,1,0.9991985666874365
calce_CX2_38,1,0.9990490803006835
calce_CX2_38,1,0.9990201428700417
calce_CX2_38,1,0.9988892152731224
calce_CX2_38,1,0.9991622796096493
calce_CX2_38,1,0.999248710759236
calce_CX2_38,1,0.9992519560834124
calce_CX2_38,1,0.9993143780993358
calce_CX2_38,1,0.9992818813295269
calce_CX2_38,1,0.9991382460520399
calce_CX2_38,1,0.9977208437772674
calce_CX2_38,1,0.9980980844172136
calce_CX2_38,1,0.9985145498970058
calce_CX2_38,1,0.9984940631697883
calce_CX2_38,1,0.998331516923811
calce_CX2_38,1,0.9983572414378855
calce_CX2_38,1,0.9979705735041028
calce_CX2_38,1,0.9982968042755411
calce_CX2_38,1,0.9987264598428822
calce_CX2_38,1,0.9988988586068882
calce_CX2_38,1,0.9987490415228077
calce_CX2_38,1,0.9987854893260721
calce_CX2_38,1,0.9994799639781998
calce_CX2_38,1,0.9984290188230022
calce_CX2_38,1,0.9987736097545625
calce_CX2_38,1,0.9985326883989676
calce_CX2_38,1,0.9982690757939747
calce_CX2_38,1,0.9984972783854668
calce_CX2_38,1,0.9980960618882735
calce_CX2_38,1,0.9981137229043385
calce_CX2_38,1,0.9989589004789512
calce_CX2_38,1,0.9988121147699863
calce_CX2_38,1,0.9984961978436468
calce_CX2_38,1,0.9988999189296764
calce_CX2_38,1,0.9989139376052437
calce_CX2_38,1,0.9990011916484438
calce_CX2_38,1,0.9991460890643881
calce_CX2_38,1,0.9988459933820907
calce_CX2_38,1,0.9985283445851076
calce_CX2_38,1,0.9985040181158595
calce_CX2_38,1,0.9984343864423708
calce_CX2_38,1,0.9987976224600994
calce_CX2_38,1,0.9987327757794583
calce_CX2_38,1,0.9987345293148263
calce_CX2_38,1,0.9988396798013778
calce_CX2_38,1,0.9988559748758954
calce_CX2_38,1,0.9989416359349741
calce_CX2_38,1,0.9986812963058816
calce_CX2_38,1,0.9990920422653122
calce_CX2_38,1,0.9987748235517626
calce_CX2_38,1,0.9984228995518725
calce_CX2_38,1,0.9994635312293504
calce_CX2_38,1,0.9985749981920201
calce_CX2_38,1,0.9994940051531882
calce_CX2_38,1,0.9983888395270343
calce_CX2_38,1,0.9988918565498058
calce_CX2_38,1,0.9989463057768998
calce_CX2_38,1,0.9989405696865241
calce_CX2_38,1,0.9989652958702041
calce_CX2_38,1,0.9989376861025385
calce_CX2_38,1,0.9317619291440288
calce_CX2_38,1,0.9271995569548219
calce_CX2_38,1,0.9174527617598577
calce_CX2_38,1,0.9993195421059843
calce_CX2_38,1,0.9991830370073209
calce_CX2_38,1,0.9993023354161782
calce_CX2_38,1,0.9994468827526861
calce_CX2_38,1,0.9993617232836708
calce_CX2_38,1,0.9993491276922853
calce_CX2_38,1,0.9993571775578928
calce_CX2_38,1,0.9990765802775089
calce_CX2_38,1,0.9992668917443969
calce_CX2_38,1,0.9992689460627007
calce_CX2_38,1,0.9994660807415648
calce_CX2_38,1,0.9996193666036401
calce_CX2_38,1,0.9992406166802658
calce_CX2_38,1,0.9993597931823486
calce_CX2_38,1,0.9990925869639012
calce_CX2_38,1,0.9992517066913774
calce_CX2_38,1,0.9990883416819646
calce_CX2_38,1,0.9991648671651588
calce_CX2_38,1,0.9991722611743186
calce_CX2_38,1,0.9992395427910606
calce_CX2_38,1,0.9991807374968447
calce_CX2_38,1,0.9992167032309343
calce_CX2_38,1,0.9993305493417345
calce_CX2_38,1,0.9994186047605277
calce_CX2_38,1,0.9992098542343708
calce_CX2_38,1,0.9993700285922416
calce_CX2_38,1,0.9991034795615232
calce_CX2_38,1,0.9988020496912534
calce_CX2_38,1,0.9992282982964188
calce_CX2_38,1,0.9993673855265605
calce_CX2_38,1,0.9992022247018283
calce_CX2_38,1,0.9993084826859712
calce_CX2_38,1,0.9989933920564716
calce_CX2_38,1,0.9992793851539864
calce_CX2_38,1,0.9993921066775246
calce_CX2_38,1,0.9989763657130425
calce_CX2_38,1,0.9991235880528899
calce_CX2_38,1,0.9991759315178429
calce_CX2_38,1,0.9990038398897152
calce_CX2_38,1,0.9992979203612147
calce_CX2_38,1,0.9995767106626748
calce_CX2_38,1,0.999250904731787
calce_CX2_38,1,0.9993002251808312
calce_CX2_38,1,0.9991714474141575
calce_CX2_38,1,0.9993031612553038
calce_CX2_38,1,0.9993198583237066
calce_CX2_38,1,0.9992988970560966
calce_CX2_38,1,0.9992581979810692
calce_CX2_38,1,0.9990751570671146
calce_CX2_38,1,0.9992415631076483
calce_CX2_38,1,0.9049254202633307
calce_CX2_38,1,0.8630495364831539
calce_CX2_38,1,0.8518615030160985
calce_CX2_38,1,0.8673018264028861
calce_CX2_38,1,0.8854197510735069
calce_CX2_38,1,0.8736562415216871
calce_CX2_38,1,0.8784474178164177
calce_CX2_38,1,0.881815831752928
calce_CX2_38,1,0.8618644713800669
calce_CX2_38,1,0.8551010038414685
calce_CX2_38,1,0.8744480487304714
calce_CX2_38,1,0.8738905380098602
calce_CX2_38,1,0.9474156252369176
calce_CX2_38,1,0.8869953366242875
calce_CX2_38,1,0.873551743265388
calce_CX2_38,1,0.8500198760444787
calce_CX2_38,1,0.8427546307175322
calce_CX2_38,1,0.8716365817822254
calce_CX2_38,1,0.8811514619596083
calce_CX2_38,1,0.8775143562793158
calce_CX2_38,1,0.8845736619623704
calce_CX2_38,1,0.8623963252127551
calce_CX2_38,1,0.8540274667643002
calce_CX2_38,1,0.8504100054387742
calce_CX2_38,1,0.8485291863357742
calce_CX2_38,1,0.8452563422657573
calce_CX2_38,1,0.8420557395533246
calce_CX2_38,1,0.8349446725871065
calce_CX2_38,1,0.8365037119182472
calce_CX2_38,1,0.8375177217573223
calce_CX2_38,1,0.8417219620183914
calce_CX2_38,1,0.8419872777226198
calce_CX2_38,1,0.8400879494509009
calce_CX2_38,1,0.8403948349378103
calce_CX2_38,1,0.8363155642882244
calce_CX2_38,1,0.8417289643643324
calce_CX2_38,1,0.8562228007794862
calce_CX2_38,1,0.8648493265525677
calce_CX2_38,1,0.8693546630770658
calce_CX2_38,1,0.8823275408114614
calce_CX2_38,1,0.8763277605883151
calce_CX2_38,1,0.8615570272175085
calce_CX2_38,1,0.8564358792230358
calce_CX2_38,1,0.8829442603661724
calce_CX2_38,1,0.8815749293471146
calce_CX2_38,1,0.8833294634223438
calce_CX2_38,1,0.8849013375899271
calce_CX2_38,1,0.8653591815452008
calce_CX2_38,1,0.8503449763454252
calce_CX2_38,1,0.8571513851929722
calce_CX2_38,1,0.9015934397904531
calce_CX2_38,1,0.8910714369704408
calce_CX2_38,1,0.8967470281448908
calce_CX2_38,1,0.8772755400841098
calce_CX2_38,1,0.8762385045132554
calce_CX2_38,1,0.8889769425139219
calce_CX2_38,1,0.8929569407928846
calce_CX2_38,1,0.8927631360917287
calce_CX2_38,1,0.8973059441125197
calce_CX2_38,1,0.9025310633766988
calce_CX2_38,1,0.9006310290297592
calce_CX2_38,1,0.8726636027548507
calce_CX2_38,1,0.8952412262835892
calce_CX2_38,1,0.9020518738080282
calce_CX2_38,1,0.891227305759053
calce_CX2_38,1,0.8974512428548723
calce_CX2_38,1,0.8897443919788585
calce_CX2_38,1,0.8788738770425245
calce_CX2_38,1,0.8732756538920443
calce_CX2_38,1,0.9047351567254014
calce_CX2_38,1,0.90568276641158
calce_CX2_38,1,0.8977647735732107
calce_CX2_38,1,0.899594804943774
calce_CX2_38,1,0.8799630729236481
calce_CX2_38,1,0.8720243849557914
calce_CX2_38,1,0.8837952791291923
calce_CX2_38,1,0.8711282985534005
calce_CX2_38,1,0.8691510585942912
calce_CX2_38,1,0.8660349482994991
calce_CX2_38,1,0.8617206408233814
calce_CX2_38,1,0.8561931036499189
calce_CX2_38,1,0.8565534080241665
calce_CX2_38,1,0.8551990409762775
calce_CX2_38,1,0.8520418712723774
calce_CX2_38,1,0.8531149554677997
calce_CX2_38,1,0.8515238692986585
calce_CX2_38,1,0.8560144755030177
calce_CX2_38,1,0.8524763432976411
calce_CX2_38,1,0.9383389411431111
calce_CX2_38,1,0.8653384516189673
calce_CX2_38,1,0.8847343340545734
calce_CX2_38,1,0.8839330162359854
calce_CX2_38,1,0.8882874546063318
calce_CX2_38,1,0.8975305402523227
calce_CX2_38,1,0.8638979949962599
calce_CX2_38,1,0.8665162796323931
calce_CX2_38,1,0.8884912828316834
calce_CX2_38,1,0.9049165575691568
calce_CX2_38,1,0.8972183211612776
calce_CX2_38,1,0.8976087376506349
calce_CX2_38,1,0.9082320188258999
calce_CX2_38,1,0.8775792674728967
calce_CX2_38,1,0.8746724387545257
calce_CX2_38,1,0.8652885466261577
calce_CX2_38,1,0.8931780275958251
calce_CX2_38,1,0.8941640689314465
calce_CX2_38,1,0.8964422103922687
calce_CX2_38,1,0.8964200803849898
calce_CX2_38,1,0.8759931726029495
calce_CX2_38,1,0.8750316004177662
calce_CX2_38,1,0.8956429640274794
calce_CX2_38,1,0.9004976095987307
calce_CX2_38,1,0.8917477110771767
calce_CX2_38,1,0.8995861966148717
calce_CX2_38,1,0.911178316723566
calce_CX2_38,1,0.8803657309167
calce_CX2_38,1,0.8697324497834803
calce_CX2_38,1,0.8890948000748492
calce_CX2_38,1,0.8697925737501869
calce_CX2_38,1,0.8702379020143945
calce_CX2_38,1,0.8648521749194253
calce_CX2_38,1,0.8636512554022964
calce_CX2_38,1,0.8598806279600714
calce_CX2_38,1,0.8625115992170435
calce_CX2_38,1,0.8630867764825456
calce_CX2_38,1,0.860102943973398
calce_CX2_38,1,0.8574437349439217
calce_CX2_38,1,0.8568450373319041
calce_CX2_38,1,0.8528324640712313
calce_CX2_38,1,0.8478914684825328
calce_CX2_38,1,0.8484085428187899
calce_CX2_38,1,0.891131635120481
calce_CX2_38,1,0.8842786403647858
calce_CX2_38,1,0.8919421056135484
calce_CX2_38,1,0.8950481503872162
calce_CX2_38,1,0.8895531272276717
calce_CX2_38,1,0.8714712142648859
calce_CX2_38,1,0.8668195024904001
calce_CX2_38,1,0.89555379712617
calce_CX2_38,1,0.8997548626089367
calce_CX2_38,1,0.8923596581708253
calce_CX2_38,1,0.8916969058762864
calce_CX2_38,1,0.8917561388126821
calce_CX2_38,1,0.8851219482711695
calce_CX2_38,1,0.8710638847021129
calce_CX2_38,1,0.9021683941916866
calce_CX2_38,1,0.8917225872862845
calce_CX2_38,1,0.9001693711966902
calce_CX2_38,1,0.8995377763781577
calce_CX2_38,1,0.8833963282853049
calce_CX2_38,1,0.8795306025597907
calce_CX2_38,1,0.8754440120167835
calce_CX2_38,1,0.8548488097978696
calce_CX2_38,1,0.8429465515339597
calce_CX2_38,1,0.8673129890475922
calce_CX2_38,1,0.8653717280241139
calce_CX2_38,1,0.8760791380912091
calce_CX2_38,1,0.8846906482790633
calce_CX2_38,1,0.8749681180293599
calce_CX2_38,1,0.87701981427094
calce_CX2_38,1,0.8853725500462046
calce_CX2_38,1,0.8912067189134893
calce_CX2_38,1,0.8925103845993467
calce_CX2_38,1,0.896609941232089
calce_CX2_38,1,0.894729984899618
calce_CX2_38,1,0.8954197112462552
calce_CX2_38,1,0.8971594268980538
calce_CX2_38,1,0.904371267145565
calce_CX2_38,1,0.9022106530512917
calce_CX2_38,1,0.902707643480892
calce_CX2_38,1,0.8986586741114251
calce_CX2_38,1,0.9022465900098483
calce_CX2_38,1,0.9000268007214746
calce_CX2_38,1,0.8979860417557294
calce_CX2_38,1,0.8984807434785228
calce_CX2_38,1,0.9004162904557472
calce_CX2_38,1,0.8898077370741948
calce_CX2_38,1,0.8972649079735141
calce_CX2_38,1,0.8959151676576649
calce_CX2_38,1,0.8975799414178893
calce_CX2_38,1,0.8983229790329337
calce_CX2_38,1,0.8964555007852492
calce_CX2_38,1,0.8988860340509932
calce_CX2_38,1,0.9004739284756326
calce_CX2_38,1,0.9027596480116523
calce_CX2_38,1,0.9051390714040938
calce_CX2_38,1,0.9012966746328942
calce_CX2_38,1,0.9062930589625533
calce_CX2_38,1,0.9111920798454068
calce_CX2_38,1,0.9065915736732024
calce_CX2_37,0,0.8927591921435456
calce_CX2_37,0,0.8861058273275473
calce_CX2_37,0,0.8753045531236184
calce_CX2_37,0,0.8781065045364785
calce_CX2_37,0,0.8955274347482332
calce_CX2_37,0,0.8924319750628107
calce_CX2_37,0,0.8672375962115018
calce_CX2_37,0,0.8629737005429393
calce_CX2_37,0,0.8682967917482034
calce_CX2_37,0,0.8661929145524478
calce_CX2_37,0,0.8662771447549223
calce_CX2_37,0,0.8627656977662007
calce_CX2_37,0,0.863646312773378
calce_CX2_37,0,0.8445556876077988
calce_CX2_37,0,0.8585317437923312
calce_CX2_37,0,0.8625740597616095
calce_CX2_37,0,0.8610701165726906
calce_CX2_37,0,0.8577559989006259
calce_CX2_37,0,0.8435255982192109
calce_CX2_37,0,0.8461989981281157
calce_CX2_37,0,0.8413457215609308
calce_CX2_37,0,0.8430532217832905
calce_CX2_37,0,0.843290274676706
calce_CX2_37,0,0.8448420173016526
calce_CX2_37,0,0.8643187466413385
calce_CX2_37,0,0.891169881867997
calce_CX2_37,0,0.8902778237176181
calce_CX2_37,0,0.8811981657282308
calce_CX2_37,0,0.8934069133409593
calce_CX2_37,0,0.878560070483685
calce_CX2_37,0,0.8628121172480098
calce_CX2_37,0,0.874014536055421
calce_CX2_37,0,0.8952299128514212
calce_CX2_37,0,0.894258217190263
calce_CX2_37,0,0.8934845345592021
calce_CX2_37,0,0.8942331609595815
calce_CX2_37,0,0.8842285719175831
calce_CX2_37,0,0.8814911341843403
calce_CX2_37,0,0.8699353384901126
calce_CX2_37,0,0.902808569991457
calce_CX2_37,0,0.9007039137362743
calce_CX2_37,0,0.90680665429755
calce_CX2_37,0,0.9099752922576518
calce_CX2_37,0,0.8867809612537925
calce_CX2_37,0,0.8846652785024005
calce_CX2_37,0,0.8849843046133693
calce_CX2_37,0,0.9015685887314888
calce_CX2_37,0,0.8980273525118787
calce_CX2_37,0,0.9058996192205695
calce_CX2_37,0,0.8989049925558322
calce_CX2_37,0,0.9076268618830035
calce_CX2_37,0,0.9032382843054179
calce_CX2_37,0,0.9097585923858938
calce_CX2_37,0,0.8972129569097148
calce_CX2_37,0,0.8814290064578666
calce_CX2_37,0,0.8738958865733247
calce_CX2_37,0,0.9163513186374598
calce_CX2_37,0,0.9100745214570194
calce_CX2_37,0,0.9139000323383739
calce_CX2_37,0,0.9118810352221852
calce_CX2_37,0,0.9118527108246817
calce_CX2_37,0,0.9060922070332642
calce_CX2_37,0,0.9066152314357852
calce_CX2_37,0,0.8817463873000744
calce_CX2_37,0,0.8814320318502253
calce_CX2_37,0,0.9111253442367571
calce_CX2_37,0,0.9062999950535475
calce_CX2_37,0,0.9058396341210037
calce_CX2_37,0,0.9220509845305125
calce_CX2_37,0,0.973210519049007
calce_CX2_37,0,0.8974720926964405
calce_CX2_37,0,0.8979642771919751
calce_CX2_37,0,0.919167777661057
calce_CX2_37,0,0.9183963645116497
calce_CX2_37,0,0.9162254751699731
calce_CX2_37,0,0.9164748363809413
calce_CX2_37,0,0.9186505688148197
calce_CX2_37,0,0.9001157086864173
calce_CX2_37,0,0.8914513134377603
calce_CX2_37,0,0.901791488698136
calce_CX2_37,0,0.8987222586674269
calce_CX2_37,0,0.8916245577991327
calce_CX2_37,0,0.8926174870670193
calce_CX2_37,0,0.8851088602700674
calce_CX2_37,0,0.8806359792417711
calce_CX2_37,0,0.8721549533351464
calce_CX2_37,0,0.8844104466101179
calce_CX2_37,0,0.8985350234518841
calce_CX2_37,0,0.8800660770636554
calce_CX2_37,0,0.8762239893860857
calce_CX2_37,0,0.8738360550375214
calce_CX2_37,0,0.8699589686168481
calce_CX2_37,1,0.8721317263324863
calce_CX2_37,1,0.8933400292975505
calce_CX2_37,1,0.9121490163639077
calce_CX2_37,1,0.9076309364465049
calce_CX2_37,1,0.916730201730051
calce_CX2_37,1,0.9095956386783696
calce_CX2_37,1,0.9038939338636737
calce_CX2_37,1,0.8879388157275945
calce_CX2_37,1,0.8891603364509593
calce_CX2_37,1,0.9143149761207703
calce_CX2_37,1,0.9118696640491646
calce_CX2_37,1,0.9105766420278243
calce_CX2_37,1,0.9165711139150515
calce_CX2_37,1,0.910777015379983
calce_CX2_37,1,0.8917962655055806
calce_CX2_37,1,0.8932377512261918
calce_CX2_37,1,0.9180835433840772
calce_CX2_37,1,0.9238475234839086
calce_CX2_37,1,0.9143986263654503
calce_CX2_37,1,0.9688651345007688
calce_CX2_37,1,0.9050049195113988
calce_CX2_37,1,0.9021587460352589
calce_CX2_37,1,0.9204755879601433
calce_CX2_37,1,0.9274300475706657
calce_CX2_37,1,0.9289893375850429
calce_CX2_37,1,0.9283084185020976
calce_CX2_37,1,0.9219716854193635
calce_CX2_37,1,0.9140965036822344
calce_CX2_37,1,0.905686445665351
calce_CX2_37,1,0.8964726136512752
calce_CX2_37,1,0.9004270707030055
calce_CX2_37,1,0.89764700109039
calce_CX2_37,1,0.8886504240353483
calce_CX2_37,1,0.8884507943455681
calce_CX2_37,1,0.8943013430054018
calce_CX2_37,1,0.8939542142730368
calce_CX2_37,1,0.8935883073582004
calce_CX2_37,1,0.8792874124184713
calce_CX2_37,1,0.8908815457276467
calce_CX2_37,1,0.8867979881133475
calce_CX2_37,1,0.9578403223518492
calce_CX2_37,1,0.8817995366130271
calce_CX2_37,1,0.8831071300964425
calce_CX2_37,1,0.9027682376205415
calce_CX2_37,1,0.9118678995468689
calce_CX2_37,1,0.9242758213347962
calce_CX2_37,1,0.9135811049902369
calce_CX2_37,1,0.9215697257533183
calce_CX2_37,1,0.9081726741452765
calce_CX2_37,1,0.9039564668139348
calce_CX2_37,1,0.8915508494794993
calce_CX2_37,1,0.9204905989787413
calce_CX2_37,1,0.9212969526999246
calce_CX2_37,1,0.9275365857508978
calce_CX2_37,1,0.9264193156195403
calce_CX2_37,1,0.9231575343269096
calce_CX2_37,1,0.908066572373169
calce_CX2_37,1,0.8948376363424806
calce_CX2_37,1,0.9261984872885289
calce_CX2_37,1,0.921966564953247
calce_CX2_37,1,0.923816131164438
calce_CX2_37,1,0.9224186822307704
calce_CX2_37,1,0.9229531771284455
calce_CX2_37,1,0.9154487204688472
calce_CX2_37,1,0.9070939645320689
calce_CX2_37,1,0.9231241717153091
calce_CX2_37,1,0.9385483757545704
calce_CX2_37,1,0.9254049554177173
calce_CX2_37,1,0.9259114611736585
calce_CX2_37,1,0.936297850895363
calce_CX2_37,1,0.9082623294682401
calce_CX2_37,1,0.9034680126964657
calce_CX2_37,1,0.9259281651176166
calce_CX2_37,1,0.9268703974945208
calce_CX2_37,1,0.9340703593231594
calce_CX2_37,1,0.925327140341721
calce_CX2_37,1,0.9281568171766409
calce_CX2_37,1,0.9204255207420167
calce_CX2_37,1,0.9702151094741545
calce_CX2_37,1,0.9103174165704763
calce_CX2_37,1,0.9050077788333237
calce_CX2_37,1,0.9010993355889446
calce_CX2_37,1,0.8974470203478381
calce_CX2_37,1,0.9046812904947754
calce_CX2_37,1,0.9045034678464726
calce_CX2_37,1,0.8988857865928144
calce_CX2_37,1,0.8968719580548014
calce_CX2_37,1,0.8973602507068688
calce_CX2_37,1,0.896731767849269
calce_CX2_37,1,0.8899687533802471
calce_CX2_37,1,0.8867287723023541
calce_CX2_37,1,0.885586002062944
calce_CX2_37,1,0.886521918023837
calce_CX2_37,1,0.887124069201988
calce_CX2_37,1,0.9157931742175998
calce_CX2_37,1,0.9260905077732259
calce_CX2_37,1,0.9289446637410538
calce_CX2_37,1,0.931552636781023
calce_CX2_37,1,0.9299484661707876
calce_CX2_37,1,0.9121438142536454
calce_CX2_37,1,0.9007845346042902
calce_CX2_37,1,0.9113753100128384
calce_CX2_37,1,0.9257928916969191
calce_CX2_37,1,0.9284604982955889
calce_CX2_37,1,0.9283880785108636
calce_CX2_37,1,0.9257798635131111
calce_CX2_37,1,0.9188533197542882
calce_CX2_37,1,0.9084270314419617
calce_CX2_37,1,0.9105095817747557
calce_CX2_37,1,0.9237212419307138
calce_CX2_37,1,0.9258235235237757
calce_CX2_37,1,0.9246053784726355
calce_CX2_37,1,0.9239621257803504
calce_CX2_37,1,0.922439985990744
calce_CX2_37,1,0.8998316347447767
calce_CX2_37,1,0.9028027445984018
calce_CX2_37,1,0.9222103710661812
calce_CX2_37,1,0.9255683046071016
calce_CX2_37,1,0.9342934062359464
calce_CX2_37,1,0.9249532641110938
calce_CX2_37,1,0.93532180580825
calce_CX2_37,1,0.9305398453620982
calce_CX2_37,1,0.9340070676890297
calce_CX2_37,1,0.9341339995647946
calce_CX2_37,1,0.9359744514704144
calce_CX2_37,1,0.9369702515321567
calce_CX2_37,1,0.9223538620696036
calce_CX2_37,1,0.9145420776965401
calce_CX2_37,1,0.9120733354737273
calce_CX2_37,1,0.9095814802398354
calce_CX2_37,1,0.91327055228107
calce_CX2_37,1,0.9026468505804419
calce_CX2_37,1,0.8972598133320234
calce_CX2_37,1,0.9015786525328691
calce_CX2_37,1,0.8934853863908857
calce_CX2_37,1,0.897398735906372
calce_CX2_37,1,0.8944610105154885
calce_CX2_37,1,0.9135677568289452
calce_CX2_37,1,0.9092719948312127
calce_CX2_37,1,0.8980394463984813
calce_CX2_37,1,0.9071789193387241
calce_CX2_37,1,0.8991154799824365
calce_CX2_37,1,0.8946309122091816
calce_CX2_37,1,0.8853900867466854
calce_CX2_37,1,0.9181476376595433
calce_CX2_37,1,0.9078375265848782
calce_CX2_37,1,0.9065863004295518
calce_CX2_37,1,0.8945679277433107
calce_CX2_37,1,0.8993438715868964
calce_CX2_37,1,0.8998781551815249
calce_CX2_37,1,0.8983602124538065
calce_CX2_37,1,0.9067081246940067
calce_CX2_37,1,0.905131612505224
calce_CX2_37,1,0.9081958303171154
calce_CX2_37,1,0.9092794989199584
calce_CX2_37,1,0.9045932175686131
calce_CX2_37,1,0.8931589477678877
calce_CX2_37,1,0.8912547431569017
calce_CX2_37,1,0.9047014832077445
calce_CX2_37,1,0.9155444482214389
calce_CX2_37,1,0.9105784451587491
calce_CX2_37,1,0.9085083138243703
calce_CX2_37,1,0.9102910244623955
calce_CX2_37,1,0.898544079496095
calce_CX2_37,1,0.8881341448538957
calce_CX2_37,1,0.8996674656575091
calce_CX2_37,1,0.8974479119924997
calce_CX2_37,1,0.8948246891324971
calce_CX2_37,1,0.8952377726922977
calce_CX2_37,1,0.8846848405796579
calce_CX2_37,1,0.8835498462608403
calce_CX2_37,1,0.881741441231619
calce_CX2_37,1,0.8810053244587327
calce_CX2_37,1,0.8790253657058651
calce_CX2_37,1,0.8808153527240047
calce_CX2_37,1,0.8770924370780954
calce_CX2_37,1,0.8794857299066914
calce_CX2_37,1,0.8731860168544591
calce_CX2_37,1,0.8781011130219812
calce_CX2_37,1,0.869114354528331
calce_CX2_37,1,0.8908872225788332
calce_CX2_37,1,0.8967337629270924
calce_CX2_37,1,0.8994395090233424
calce_CX2_37,1,0.9016429982847903
calce_CX2_37,1,0.8989114348951511
calce_CX2_37,1,0.8944179420697516
calce_CX2_37,1,0.887018409547837
calce_CX2_37,1,0.9668565270030138
calce_CX2_37,1,0.906582817042678
calce_CX2_37,1,0.89905502709551
calce_CX2_37,1,0.901149048612293
calce_CX2_37,1,0.9074092972799164
calce_CX2_37,1,0.8899644694415344
calce_CX2_37,1,0.8943488803034912
calce_CX2_37,1,0.8978093187786624
calce_CX2_37,1,0.9027523993385208
calce_CX2_37,1,0.8880063527105413
calce_CX2_37,1,0.8915998292754634
calce_CX2_37,1,0.9008576726262653
calce_CX2_37,1,0.8829435311003109
calce_CX2_37,1,0.8939959130327042
calce_CX2_37,1,0.8941760576381012
calce_CX2_37,1,0.9009541968117328
calce_CX2_37,1,0.896932146850282
calce_CX2_37,1,0.8966697955532129
calce_CX2_37,1,0.9006043287876175
calce_CX2_37,1,0.8988714108089371
calce_CX2_37,1,0.8924229460997731
calce_CX2_37,1,0.8857082687953923
calce_CX2_37,1,0.9006720910996198
calce_CX2_37,1,0.9073500409451007
calce_CX2_37,1,0.9001368718060735
calce_CX2_37,1,0.8978026408231674
calce_CX2_37,1,0.895890047062887
calce_CX2_37,1,0.8983326842444662
calce_CX2_37,1,0.8866539394911583
calce_CX2_37,1,0.8865060694553001
calce_CX2_37,1,0.955598285086769
calce_CX2_37,1,0.8842348004605305
calce_CX2_37,1,0.8850429683777626
calce_CX2_37,1,0.8804680506460185
calce_CX2_37,1,0.8813388329129398
calce_CX2_37,1,0.8740502402380572
calce_CX2_37,1,0.8817935790101796
calce_CX2_37,1,0.8812030381713947
calce_CX2_37,1,0.8795268891292056
calce_CX2_37,1,0.8801166594176683
calce_CX2_37,1,0.8884647374188229
calce_CX2_37,1,0.8758546275708587
calce_CX2_37,1,0.8787847495767018
calce_CX2_37,1,0.8824010901970377
calce_CX2_37,1,0.884085078347017
calce_CX2_37,1,0.9070753838875977
calce_CX2_37,1,0.9066672641721609
calce_CX2_37,1,0.8883862819214143
calce_CX2_37,1,0.9611856562937827
calce_CX2_37,1,0.8933353250613049
calce_CX2_37,1,0.9004648019754093
calce_CX2_37,1,0.9053643547571991
calce_CX2_37,1,0.9035828450197099
calce_CX2_37,1,0.9002014654722721
calce_CX2_37,1,0.9067767207246472
calce_CX2_37,1,0.8945811710085517
calce_CX2_37,1,0.8793339857013027
calce_CX2_37,1,0.8852475021514878
calce_CX2_37,1,0.9026891839740122
calce_CX2_37,1,0.8997000431836865
calce_CX2_37,1,0.898874963200283
calce_CX2_37,1,0.9058706125007171
calce_CX2_37,1,0.884530071605439
calce_CX2_37,1,0.8942672819711207
calce_CX2_37,1,0.8907988108066992
calce_CX2_37,1,0.89514230317972
calce_CX2_37,1,0.8976724355423771
calce_CX2_37,1,0.8939321303472143
calce_CX2_37,1,0.9184962296445315
calce_CX2_37,1,0.9238345969350923
calce_CX2_37,1,0.9055916533960727
calce_CX2_37,1,0.8941168579631817
calce_CX2_37,1,0.9185623110185959
calce_CX2_37,1,0.9184121693390679
calce_CX2_37,1,0.9230196912698014
calce_CX2_37,1,0.9312273411600586
calce_CX2_37,1,0.9355831471017166
calce_CX2_37,1,0.9052718811939318
calce_CX2_37,1,0.909023411035564
calce_CX2_37,1,0.8941824696981634
calce_CX2_37,1,0.8931051460216229
calce_CX2_37,1,0.892084113643733
calce_CX2_37,1,0.8938007423421611
calce_CX2_37,1,0.8960520888350578
calce_CX2_37,1,0.8899742882645069
calce_CX2_37,1,0.8872426935872637
calce_CX2_37,1,0.8974833937192103
calce_CX2_37,1,0.894228985439633
calce_CX2_37,1,0.8921953120600398
calce_CX2_37,1,0.8950990151124656
calce_CX2_37,1,0.8901780942701106
calce_CX2_37,1,0.8856798458580911
calce_CX2_37,1,0.893851563401343
calce_CX2_37,1,0.8937100557223796
calce_CX2_37,1,0.9038458938084327
calce_CX2_37,1,0.9256734657115608
calce_CX2_37,1,0.9282342209791461
calce_CX2_37,1,0.902811839910265
calce_CX2_37,1,0.8999651690205615
calce_CX2_37,1,0.906647096017387
calce_CX2_37,1,0.9289699818762079
calce_CX2_37,1,0.9300809278970462
calce_CX2_37,1,0.9308685098190765
calce_CX2_37,1,0.9234215997796089
calce_CX2_37,1,0.9315688404580897
calce_CX2_37,1,0.9109330618143187
calce_CX2_37,1,0.9032098406889157
calce_CX2_37,1,0.923054349851969
calce_CX2_37,1,0.9374382726490755
calce_CX2_37,1,0.9378945013008313
calce_CX2_37,1,0.926188270693182
calce_CX2_37,1,0.9350295446967023
calce_CX2_37,1,0.9187740841093711
calce_CX2_37,1,0.9178808181925533
calce_CX2_37,1,0.9060828544568407
calce_CX2_37,1,0.9190456055516083
calce_CX2_37,1,0.9253635464930746
calce_CX2_37,1,0.9241981060482365
calce_CX2_37,1,0.9257551075148377
calce_CX2_37,1,0.9298798501201067
calce_CX2_37,1,0.9193452524460958
calce_CX2_37,1,0.9129594306187844
calce_CX2_37,1,0.9228147933860891
calce_CX2_37,1,0.9356668175693738
calce_CX2_37,1,0.9212089445567344
calce_CX2_37,1,0.9310668596032101
calce_CX2_37,1,0.9330645381393299
calce_CX2_37,1,0.9289000173941979
calce_CX2_37,1,0.9227745028146804
calce_CX2_37,1,0.9205211825847623
calce_CX2_37,1,0.9265253390661251
calce_CX2_37,1,0.930909099876659
calce_CX2_37,1,0.9251090429908233
calce_CX2_37,1,0.9267540468567654
calce_CX2_37,1,0.9374446882506212
calce_CX2_37,1,0.9238490702371878
calce_CX2_37,1,0.9244521509555398
calce_CX2_37,1,0.9243463030390505
calce_CX2_37,1,0.9342392855814646
calce_CX2_37,1,0.9318262958283393
calce_CX2_37,1,0.9313953768044976
calce_CX2_37,1,0.9312573810102462
calce_CX2_37,1,0.925905044977791
calce_CX2_37,1,0.9240924125381699
calce_CX2_37,1,0.9216533272740194
calce_CX2_37,1,0.9191119705583849
calce_CX2_37,1,0.9188572880055695
calce_CX2_37,1,0.9313114781652744
calce_CX2_37,1,0.9115679901968113
calce_CX2_37,1,0.9140961414904611
calce_CX2_37,1,0.9203574717135042
calce_CX2_37,1,0.9200941383559651
calce_CX2_37,1,0.9201224213006297
calce_CX2_37,1,0.9182838495893693
calce_CX2_37,1,0.9190021240256887
calce_CX2_37,1,0.9154699661287462
calce_CX2_37,1,0.9145862478634901
calce_CX2_37,1,0.9165573965495167
calce_CX2_37,1,0.9039026956532269
calce_CX2_37,1,0.9152805566934683
calce_CX2_37,1,0.9457639660385508
calce_CX2_37,1,0.9459849417610089
calce_CX2_37,1,0.9399917635124913
calce_CX2_37,1,0.9218745178766635
calce_CX2_37,1,0.9253388937989654
calce_CX2_37,1,0.9333805995375354
calce_CX2_37,1,0.9333816601850746
calce_CX2_37,1,0.9382027371603067
calce_CX2_37,1,0.9372361766376125
calce_CX2_37,1,0.9327588912130665
calce_CX2_37,1,0.9256762412762899
calce_CX2_37,1,0.9219534918179262
calce_CX2_37,1,0.925872675769135
calce_CX2_37,1,0.9343431125244765
calce_CX2_37,1,0.9320496103944781
calce_CX2_37,1,0.9355308613008763
calce_CX2_37,1,0.9277104784452634
calce_CX2_37,1,0.9354459393169845
calce_CX2_37,1,0.9275239582507295
calce_CX2_37,1,0.92443959121365
calce_CX2_37,1,0.9332403183151724
calce_CX2_37,1,0.9774549370645192
calce_CX2_37,1,0.9382196224326693
calce_CX2_37,1,0.9384159199009307
calce_CX2_37,1,0.9417882047193722
calce_CX2_37,1,0.9274743940533443
calce_CX2_37,1,0.9309612909305917
calce_CX2_37,1,0.9192270013217508
calce_CX2_37,1,0.926392426864132
calce_CX2_37,1,0.9295849407164144
calce_CX2_37,1,0.9227727252246217
calce_CX2_37,1,0.9198792103826234
calce_CX2_37,1,0.9311518729850778
calce_CX2_37,1,0.9210608130688138
calce_CX2_37,1,0.9192644706946653
calce_CX2_37,1,0.9122916239943469
calce_CX2_37,1,0.9752723387416616
calce_CX2_37,1,0.9080450237882706
calce_CX2_37,1,0.9177171362643498
calce_CX2_37,1,0.9165849600704314
calce_CX2_37,1,0.9152621145706556
calce_CX2_37,1,0.9148118355598196
calce_CX2_37,1,0.9105885634926447
calce_CX2_37,1,0.9122683290448027
calce_CX2_37,1,0.9018135998118761
calce_CX2_37,1,0.9093500972225369
calce_CX2_37,1,0.9126389293903737
calce_CX2_37,1,0.9087402707969034
calce_CX2_37,1,0.9093674997580975
calce_CX2_37,1,0.909797457795038
calce_CX2_37,1,0.9127999506846167
calce_CX2_37,1,0.9195824633749031
calce_CX2_37,1,0.921074329378707
calce_CX2_37,1,0.9054017189773303
calce_CX2_37,1,0.902924533076054
calce_CX2_37,1,0.914927781995069
calce_CX2_37,1,0.9154667196497317
calce_CX2_37,1,0.9118219152109217
calce_CX2_37,1,0.9699138078005611
calce_CX2_37,1,0.9148887030393625
calce_CX2_37,1,0.9176845960475443
calce_CX2_37,1,0.9041760129479409
calce_CX2_37,1,0.9012520954943845
calce_CX2_37,1,0.9052115831394024
calce_CX2_37,1,0.9115064992858802
calce_CX2_37,1,0.9118916988647425
calce_CX2_37,1,0.9180318516107903
calce_CX2_37,1,0.973759811954925
calce_CX2_37,1,0.9066870171601408
calce_CX2_37,1,0.9098363220046816
calce_CX2_37,1,0.906477543603386
calce_CX2_37,1,0.9037223497869579
calce_CX2_37,1,0.9222958865046897
calce_CX2_37,1,0.9284953572733754
calce_CX2_37,1,0.9321904935100659
calce_CX2_37,1,0.9376957480590792
calce_CX2_37,1,0.923205262257179
calce_CX2_37,1,0.9156177647847911
calce_CX2_37,1,0.9122235014050475
calce_CX2_37,1,0.921208489858559
calce_CX2_37,1,0.9349115315717337
calce_CX2_37,1,0.937308523131409
calce_CX2_37,1,0.938713156678698
calce_CX2_37,1,0.9334840492370368
calce_CX2_37,1,0.9234125092369769
calce_CX2_37,1,0.9120317893320024
calce_CX2_37,1,0.9183231308279042
calce_CX2_37,1,0.9273000554660307
calce_CX2_37,1,0.9309157848021813
calce_CX2_37,1,0.9336252871853088
calce_CX2_37,1,0.9396176540928939
calce_CX2_37,1,0.9337815847402086
calce_CX2_37,1,0.9250716904055925
calce_CX2_37,1,0.9214710966120054
calce_CX2_37,1,0.9364921545456707
calce_CX2_37,1,0.9275240976165819
calce_CX2_37,1,0.9336006852410537
calce_CX2_37,1,0.9283472170998602
calce_CX2_37,1,0.9785439252861796
calce_CX2_37,1,0.9221410621415499
calce_CX2_37,1,0.9131711097663803
calce_CX2_37,1,0.9100187259364039
calce_CX2_37,1,0.9267909320305553
calce_CX2_37,1,0.9249543834789196
calce_CX2_37,1,0.9296626522393796
calce_CX2_37,1,0.9302794875039437
calce_CX2_37,1,0.9302227397939641
calce_CX2_37,1,0.9145526651922171
calce_CX2_37,1,0.9106589473058524
calce_CX2_37,1,0.9214368069047925
calce_CX2_37,1,0.9188954732512906
calce_CX2_37,1,0.9131948158884045
calce_CX2_37,1,0.9165760421366075
calce_CX2_37,1,0.9065724706630687
calce_CX2_37,1,0.9098513313517239
calce_CX2_37,1,0.9078961051969181
calce_CX2_37,1,0.9060210039606117
calce_CX2_37,1,0.9038962406752477
calce_CX2_37,1,0.8967854177299925
calce_CX2_37,1,0.9088450413583435
calce_CX2_37,1,0.9058748698508998
calce_CX2_37,1,0.9092884763109573
calce_CX2_37,1,0.9099628570288912
calce_CX2_37,1,0.8901678739676269
calce_CX2_37,1,0.8897169191959639
calce_CX2_37,1,0.9197069901590124
calce_CX2_37,1,0.920422026733037
calce_CX2_37,1,0.9063695179719881
calce_CX2_37,1,0.8984950406163845
calce_CX2_37,1,0.9188561327901853
calce_CX2_37,1,0.928177879894495
calce_CX2_37,1,0.9311586759407677
calce_CX2_37,1,0.9331762567734049
calce_CX2_37,1,0.9359991114022825
calce_CX2_37,1,0.9368515688892252
calce_CX2_37,1,0.9232492323630827
calce_CX2_37,1,0.9143255386124224
calce_CX2_37,1,0.9407078632991042
calce_CX2_37,1,0.9415844371949762
calce_CX2_37,1,0.9451949513591149
calce_CX2_37,1,0.9456341630135704
calce_CX2_37,1,0.9550208645550483
calce_CX2_37,1,0.9304980526859082
calce_CX2_37,1,0.9260468302153974
calce_CX2_37,1,0.9218026366500764
calce_CX2_37,1,0.945354885102917
calce_CX2_37,1,0.9490173619407165
calce_CX2_37,1,0.9484533316087379
calce_CX2_37,1,0.9397665963470994
calce_CX2_37,1,0.9498495301168206
calce_CX2_37,1,0.9518367946690179
calce_CX2_37,1,0.9554460104815633
calce_CX2_37,1,0.954999236538007
calce_CX2_37,1,0.956409987027677
calce_CX2_37,1,0.9504543530491435
calce_CX2_37,1,0.9405312036876702
calce_CX2_37,1,0.9402037011541615
calce_CX2_37,1,0.9334713549351666
calce_CX2_37,1,0.9335378655587933
calce_CX2_37,1,0.9500284276854714
calce_CX2_37,1,0.9383116724129351
calce_CX2_37,1,0.9354550853005893
calce_CX2_37,1,0.9316298011169464
calce_CX2_37,1,0.9223886916253994
calce_CX2_37,1,0.9324361571678643
calce_CX2_37,1,0.936266106774538
calce_CX2_37,1,0.937335864911729
calce_CX2_37,1,0.9389917311143801
calce_CX2_37,1,0.9394194344934533
calce_CX2_37,1,0.9387555920261371
calce_CX2_37,1,0.9393152818709486
calce_CX2_37,1,0.9385749919216746
calce_CX2_37,1,0.938298098428458
calce_CX2_37,1,0.9290805955672624
calce_CX2_37,1,0.9241966590680575
calce_CX2_37,1,0.9407064429397881
calce_CX2_37,1,0.9375992919077185
calce_CX2_37,1,0.9301245507368768
calce_CX2_37,1,0.9283004746505259
calce_CX2_37,1,0.9366575872009693
calce_CX2_37,1,0.9334280752216679
calce_CX2_37,1,0.9283083962032969
calce_CX2_37,1,0.9232585874067901
calce_CX2_37,1,0.9238720661005372
calce_CX2_37,1,0.9243645404392147
calce_CX2_37,1,0.9305265956377878
calce_CX2_37,1,0.9342309051805263
calce_CX2_37,1,0.9335773835586371
calce_CX2_37,1,0.9229658924402441
calce_CX2_37,1,0.9385109172394523
calce_CX2_37,1,0.9346518557862576
calce_CX2_37,1,0.9404018756004155
calce_CX2_37,1,0.9447731544582184
calce_CX2_37,1,0.9380569521988105
calce_CX2_37,1,0.9431590329188216
calce_CX2_37,1,0.9382983581795654
calce_CX2_37,1,0.9449824927013468
calce_CX2_37,1,0.9434536484430959
calce_CX2_37,1,0.9430366315463242
calce_CX2_37,1,0.9447790764485715
calce_CX2_37,1,0.9461627529269603
calce_CX2_37,1,0.9857711565310723
calce_CX2_37,1,0.9554191760458716
calce_CX2_37,1,0.9529616030098226
calce_CX2_37,1,0.9517560461294641
calce_CX2_37,1,0.9511279374613841
calce_CX2_37,1,0.9519770288207567
calce_CX2_37,1,0.9488107986597443
calce_CX2_37,1,0.9546312446187768
calce_CX2_37,1,0.9534380469751469
calce_CX2_37,1,0.9505925258989527
calce_CX2_37,1,0.952033219696544
calce_CX2_37,1,0.9494077387616398
calce_CX2_37,1,0.9418304065320675
calce_CX2_37,1,0.9491972596528457
calce_CX2_37,1,0.9536508766577846
calce_CX2_37,1,0.9496599519727523
calce_CX2_37,1,0.9503268020185263
calce_CX2_37,1,0.9494940633419314
calce_CX2_37,1,0.9499183531403914
calce_CX2_37,1,0.9509432975897067
calce_CX2_37,1,0.9501155614353093
calce_CX2_37,1,0.9512906578230065
calce_CX2_37,1,0.9477265306923419
calce_CX2_37,1,0.9418859430534057
calce_CX2_37,1,0.9453614294683689
calce_CX2_37,1,0.9471593164286578
calce_CX2_37,1,0.9499496552042441
calce_CX2_37,1,0.9496875231654804
calce_CX2_37,1,0.947410603144513
calce_CX2_37,1,0.9434329947076209
calce_CX2_37,1,0.9453272777430691
calce_CX2_37,1,0.9618895292152119
calce_CX2_37,1,0.9473058244561434
calce_CX2_37,1,0.9568634186934876
calce_CX2_37,1,0.953422335084693
calce_CX2_37,1,0.954773433317548
calce_CX2_37,1,0.986882523132415
calce_CX2_37,1,0.9549065956817621
calce_CX2_37,1,0.9540253102971201
calce_CX2_37,1,0.9571496388409642
calce_CX2_37,1,0.9561125070105027
calce_CX2_37,1,0.9587458859440807
calce_CX2_37,1,0.9584112437636163
calce_CX2_37,1,0.9594830952962926
calce_CX2_37,1,0.9577172098873165
calce_CX2_37,1,0.9541183743281912
calce_CX2_37,1,0.9553445017140084
calce_CX2_37,1,0.9597696503466241
calce_CX2_37,1,0.9622032767803165
calce_CX2_37,1,0.9577212055063566
calce_CX2_37,1,0.9580800321240339
calce_CX2_37,1,0.958558255006495
calce_CX2_37,1,0.9600821322268142
calce_CX2_37,1,0.9605396482471181
calce_CX2_37,1,0.9599250755759651
calce_CX2_37,1,0.950118266535817
calce_CX2_37,1,0.9543525814767353
calce_CX2_37,1,0.9498211290941474
calce_CX2_37,1,0.9524829336003287
calce_CX2_37,1,0.9524169567654692
calce_CX2_37,1,0.9508846215097136
calce_CX2_37,1,0.9462869509676721
calce_CX2_37,1,0.9487074394296935
calce_CX2_37,1,0.9492378929397084
calce_CX2_37,1,0.9488541861508744
calce_CX2_37,1,0.9494663734877723
calce_CX2_37,1,0.9472198722532486
calce_CX2_37,1,0.9843328093939777
calce_CX2_37,1,0.9556223418249922
calce_CX2_37,1,0.9556296967259754
calce_CX2_37,1,0.9557503341023471
calce_CX2_37,1,0.9622200190490554
calce_CX2_37,1,0.9597656058621681
calce_CX2_37,1,0.9514563557124962
calce_CX2_37,1,0.9550493791191195
calce_CX2_37,1,0.9610355885329026
calce_CX2_37,1,0.9604280621567352
calce_CX2_37,1,0.9543312804145735
calce_CX2_37,1,0.9598811912442218
calce_CX2_37,1,0.9536550110592658
calce_CX2_37,1,0.9502912363615597
calce_CX2_37,1,0.9520731429067314
calce_CX2_37,1,0.9586382592373995
calce_CX2_37,1,0.955591861717564
calce_CX2_37,1,0.9605286908364667
calce_CX2_37,1,0.9577138263194401
calce_CX2_37,1,0.9580707899010927
calce_CX2_37,1,0.9584363856328594
calce_CX2_37,1,0.961668154303396
calce_CX2_37,1,0.9621929030542029
calce_CX2_37,1,0.9548029841096195
calce_CX2_37,1,0.9500631246919686
calce_CX2_37,1,0.9501685684427598
calce_CX2_37,1,0.9592385027810677
calce_CX2_37,1,0.9608179938521186
calce_CX2_37,1,0.9611896098597253
calce_CX2_37,1,0.9560860708839622
calce_CX2_37,1,0.9610450004595976
calce_CX2_37,1,0.9584632873331874
calce_CX2_37,1,0.9535480216259407
calce_CX2_37,1,0.9532923101502399
calce_CX2_37,1,0.9567162128151268
calce_CX2_37,1,0.9601206780639866
calce_CX2_37,1,0.961949311734168
calce_CX2_37,1,0.9623275196745695
calce_CX2_37,1,0.9598582341382875
calce_CX2_37,1,0.9566302866174852
calce_CX2_37,1,0.9553142539848569
calce_CX2_37,1,0.9599511455224753
calce_CX2_37,1,0.9615622346002052
calce_CX2_37,1,0.9603951985083731
calce_CX2_37,1,0.965265614451509
calce_CX2_37,1,0.9664631031037186
calce_CX2_37,1,0.9639623103332939
calce_CX2_37,1,0.9635673672366396
calce_CX2_37,1,0.988247978036286
calce_CX2_37,1,0.9655748895541698
calce_CX2_37,1,0.9616893256317711
calce_CX2_37,1,0.9636973713159848
calce_CX2_37,1,0.9605511738362513
calce_CX2_37,1,0.9631377788346109
calce_CX2_37,1,0.9622678808397178
calce_CX2_37,1,0.9610523231314232
calce_CX2_37,1,0.9602208054444464
calce_CX2_37,1,0.9643137399098577
calce_CX2_37,1,0.9643462506830066
calce_CX2_37,1,0.9667988959789284
calce_CX2_37,1,0.960871417135194
calce_CX2_37,1,0.966175725220862
calce_CX2_37,1,0.9637303380430348
calce_CX2_37,1,0.9684024625663198
calce_CX2_37,1,0.9680696269803843
calce_CX2_37,1,0.968047224859938
calce_CX2_37,1,0.963257564837831
calce_CX2_37,1,0.9635921490885728
calce_CX2_37,1,0.9633157987772162
calce_CX2_37,1,0.9641255679074205
calce_CX2_37,1,0.9658390895548692
calce_CX2_37,1,0.9712085750858475
calce_CX2_37,1,0.9663977685684733
calce_CX2_37,1,0.9568730861535543
calce_CX2_37,1,0.9585871256672858
calce_CX2_37,1,0.960906395555385
calce_CX2_37,1,0.9594007832618411
calce_CX2_37,1,0.964114954227054
calce_CX2_37,1,0.9639910702540158
calce_CX2_37,1,0.9653869532917714
calce_CX2_37,1,0.9651383758354098
calce_CX2_37,1,0.9649697835502521
calce_CX2_37,1,0.964525345102879
calce_CX2_37,1,0.9617927400537083
calce_CX2_37,1,0.9603688600286289
calce_CX2_37,1,0.9659967820275401
calce_CX2_37,1,0.9684776730178688
calce_CX2_37,1,0.9676154515101557
calce_CX2_37,1,0.9623946835193917
calce_CX2_37,1,0.9630828369732427
calce_CX2_37,1,0.9617383714496303
calce_CX2_37,1,0.9619486150129902
calce_CX2_37,1,0.9661063854155104
calce_CX2_37,1,0.9673896245718906
calce_CX2_37,1,0.9661802865676427
calce_CX2_37,1,0.9688393139040538
calce_CX2_37,1,0.964426706565834
calce_CX2_37,1,0.9612309288209322
calce_CX2_37,1,0.9616949377258698
calce_CX2_37,1,0.9642920517329867
calce_CX2_37,1,0.9641350535477629
calce_CX2_37,1,0.9620797287785282
calce_CX2_37,1,0.9648076529897117
calce_CX2_37,1,0.9627144736176724
calce_CX2_37,1,0.9584752386914078
calce_CX2_37,1,0.9889936995914701
calce_CX2_37,1,0.9612932370477776
calce_CX2_37,1,0.9642469770600148
calce_CX2_37,1,0.9672144941978599
calce_CX2_37,1,0.9632717428762475
calce_CX2_37,1,0.9669049903732021
calce_CX2_37,1,0.9679550137414855
calce_CX2_37,1,0.9645448648876304
calce_CX2_37,1,0.963305278231494
calce_CX2_37,1,0.9625799142425657
calce_CX2_37,1,0.9681561496473541
calce_CX2_37,1,0.9658005586480447
calce_CX2_37,1,0.9664793225094315
calce_CX2_37,1,0.9671172318430113
calce_CX2_37,1,0.9658155870846153
calce_CX2_37,1,0.9678215995673569
calce_CX2_37,1,0.963854595206872
calce_CX2_37,1,0.9634262547989267
calce_CX2_37,1,0.9601401273505892
calce_CX2_37,1,0.9631654749577672
calce_CX2_37,1,0.9580946956489521
calce_CX2_37,1,0.959538629431806
calce_CX2_37,1,0.9615352216120763
calce_CX2_37,1,0.9640961643733121
calce_CX2_37,1,0.9565383416430989
calce_CX2_37,1,0.9598897686933885
calce_CX2_37,1,0.9603850381980188
calce_CX2_37,1,0.9636819175961147
calce_CX2_37,1,0.9664113589674431
calce_CX2_37,1,0.9626966823743183
calce_CX2_37,1,0.9637456052863403
calce_CX2_37,1,0.9626110293513284
calce_CX2_37,1,0.9663857737308897
calce_CX2_37,1,0.9671932372069348
calce_CX2_37,1,0.9637848688922276
calce_CX2_37,1,0.9632012961374534
calce_CX2_37,1,0.9691039521811703
calce_CX2_37,1,0.9673771602805684
calce_CX2_37,1,0.9677802194820793
calce_CX2_37,1,0.9690705271434401
calce_CX2_37,1,0.9678980606679737
calce_CX2_37,1,0.9708828019381294
calce_CX2_37,1,0.97056378231976
calce_CX2_37,1,0.969354657324323
calce_CX2_37,1,0.9904463957738174
calce_CX2_37,1,0.9664954061211466
calce_CX2_37,1,0.9690060382388498
calce_CX2_37,1,0.9695935304318756
calce_CX2_37,1,0.9672113109543823
calce_CX2_37,1,0.9696198420249614
calce_CX2_37,1,0.9703435011973298
calce_CX2_37,1,0.9680745515841386
calce_CX2_37,1,0.9648599951505573
calce_CX2_37,1,0.9686917275833709
calce_CX2_37,1,0.9693383184847786
calce_CX2_37,1,0.9726812317797533
calce_CX2_37,1,0.970571170814286
calce_CX2_37,1,0.9717365385569388
calce_CX2_37,1,0.9679729536475944
calce_CX2_37,1,0.9694227251271708
calce_CX2_37,1,0.9749385180734453
calce_CX2_37,1,0.9749774858630965
calce_CX2_37,1,0.9740072959177468
calce_CX2_37,1,0.9735838801218688
calce_CX2_37,1,0.974089514271555
calce_CX2_37,1,0.9691768348470615
calce_CX2_37,1,0.9714284287804671
calce_CX2_37,1,0.9925730628648252
calce_CX2_37,1,0.9678362479172811
calce_CX2_37,1,0.9655514274860927
calce_CX2_37,1,0.971643231445431
calce_CX2_37,1,0.9708189078275276
calce_CX2_37,1,0.9759291157912878
calce_CX2_37,1,0.974342443441007
calce_CX2_37,1,0.9922002485162901
calce_CX2_37,1,0.9719144183303394
calce_CX2_37,1,0.9753801257162132
calce_CX2_37,1,0.979667501529632
calce_CX2_37,1,0.9728344085064978
calce_CX2_37,1,0.9929914046605389
calce_CX2_37,1,0.9738765214933679
calce_CX2_37,1,0.9734847794205843
calce_CX2_37,1,0.9752443160604449
calce_CX2_37,1,0.9761995509123375
calce_CX2_37,1,0.9729879217736035
calce_CX2_37,1,0.9751364425544592
calce_CX2_37,1,0.970403702855187
calce_CX2_37,1,0.9748313792316483
calce_CX2_37,1,0.9727723160486099
calce_CX2_37,1,0.9735540957797229
calce_CX2_37,1,0.9750423021608953
calce_CX2_37,1,0.9753628051703118
calce_CX2_37,1,0.9729646846954589
calce_CX2_37,1,0.9738321511130965
calce_CX2_37,1,0.9720388693305281
calce_CX2_37,1,0.9713076870033973
calce_CX2_37,1,0.9927318162218641
calce_CX2_37,1,0.9728162100897559
calce_CX2_37,1,0.976118258852732
calce_CX2_37,1,0.9762380600238343
calce_CX2_37,1,0.9729207106040416
calce_CX2_37,1,0.9755149343976184
calce_CX2_37,1,0.9731178971172285
calce_CX2_37,1,0.9732054213273793
calce_CX2_37,1,0.973954784903744
calce_CX2_37,1,0.9794569588972735
calce_CX2_37,1,0.9756198049385738
calce_CX2_37,1,0.9783285379764306
calce_CX2_37,1,0.9785944219972909
calce_CX2_37,1,0.9803873742741133
calce_CX2_37,1,0.9798161779915148
calce_CX2_37,1,0.9778047014739504
calce_CX2_37,1,0.9791816982088958
calce_CX2_37,1,0.9724082353961072
calce_CX2_37,1,0.9798419793428734
calce_CX2_37,1,0.9778278877604186
calce_CX2_37,1,0.9802989514717113
calce_CX2_37,1,0.9779514172908363
calce_CX2_37,1,0.9753339317225134
calce_CX2_37,1,0.9734167795914804
calce_CX2_37,1,0.9777912383701911
calce_CX2_37,1,0.9790956652458185
calce_CX2_37,1,0.9766313776444525
calce_CX2_37,1,0.9760771694664937
calce_CX2_37,1,0.9820669315250017
calce_CX2_37,1,0.9784623507376291
calce_CX2_37,1,0.9768371892770477
calce_CX2_37,1,0.9742568468493576
calce_CX2_37,1,0.9759288100457479
calce_CX2_37,1,0.9792687913727318
calce_CX2_37,1,0.9816506321147953
calce_CX2_37,1,0.9786636596916927
calce_CX2_37,1,0.9770090677367628
calce_CX2_37,1,0.9838788940954561
calce_CX2_37,1,0.9780791313561469
calce_CX2_37,1,0.9755588736211953
calce_CX2_37,1,0.9794933672989414
calce_CX2_37,1,0.9758897357551731
calce_CX2_37,1,0.9820908095430351
calce_CX2_37,1,0.9774547464556517
calce_CX2_37,1,0.9811018118363345
calce_CX2_37,1,0.9815772672407962
calce_CX2_37,1,0.979382944576424
calce_CX2_37,1,0.9795894832724695
calce_CX2_37,1,0.979749665146748
calce_CX2_37,1,0.9787744425340407
calce_CX2_37,1,0.9789867803986566
calce_CX2_37,1,0.9789077909792641
calce_CX2_37,1,0.9815597096625934
calce_CX2_37,1,0.9813681685713164
calce_CX2_37,1,0.9817942110712076
calce_CX2_37,1,0.9789256567794907
calce_CX2_37,1,0.9776555701409194
calce_CX2_37,1,0.9687967596053527
calce_CX2_37,1,0.9695696730736307
calce_CX2_37,1,0.9740134257260478
calce_CX2_37,1,0.9721050406492927
calce_CX2_37,1,0.9745197124443125
calce_CX2_37,1,0.9737271166328739
calce_CX2_37,1,0.9733335534296549
calce_CX2_37,1,0.9719997445209668
calce_CX2_37,1,0.9728960731932763
calce_CX2_37,1,0.9718103401289373
calce_CX2_37,1,0.9751568647668625
calce_CX2_37,1,0.976267937559551
calce_CX2_37,1,0.9780987834575157
calce_CX2_37,1,0.979170754767115
calce_CX2_37,1,0.9782218555347929
calce_CX2_37,1,0.9704514206301925
calce_CX2_37,1,0.9712834661731272
calce_CX2_37,1,0.9740679186242731
calce_CX2_37,1,0.9735151678544719
calce_CX2_37,1,0.9734126186152283
calce_CX2_37,1,0.9768598880064363
calce_CX2_37,1,0.9743470891607687
calce_CX2_37,1,0.9721996204061869
calce_CX2_37,1,0.9731567715584382
calce_CX2_37,1,0.9762074966022652
calce_CX2_37,1,0.9746318782406441
calce_CX2_37,1,0.9722464366486714
calce_CX2_37,1,0.9777721583610108
calce_CX2_37,1,0.9747989676612367
calce_CX2_37,1,0.974894266198827
calce_CX2_37,1,0.9798705526155203
calce_CX2_37,1,0.9743734770144171
calce_CX2_37,1,0.9778019018827541
calce_CX2_37,1,0.978663198852671
calce_CX2_37,1,0.9763111844045624
calce_CX2_37,1,0.9805511643344245
calce_CX2_37,1,0.9793086387652098
calce_CX2_37,1,0.9954593158052046
calce_CX2_37,1,0.9798598820277982
calce_CX2_37,1,0.9808201139967166
calce_CX2_37,1,0.9791858089228797
calce_CX2_37,1,0.9806162131325112
calce_CX2_37,1,0.9786394987810598
calce_CX2_37,1,0.9777990010776358
calce_CX2_37,1,0.9795920626958823
calce_CX2_37,1,0.9817965156113715
calce_CX2_37,1,0.979930715222373
calce_CX2_37,1,0.9819464672475262
calce_CX2_37,1,0.9809540505648181
calce_CX2_37,1,0.9801290705256454
calce_CX2_37,1,0.9799470662798566
calce_CX2_37,1,0.9811024640789161
calce_CX2_37,1,0.979568072923752
calce_CX2_37,1,0.9848974349519752
calce_CX2_37,1,0.9829363225800033
calce_CX2_37,1,0.9809731054416962
calce_CX2_37,1,0.9844652756117006
calce_CX2_37,1,0.982335380204504
calce_CX2_37,1,0.982064083057236
calce_CX2_37,1,0.9822054818078543
calce_CX2_37,1,0.9806256089782702
calce_CX2_37,1,0.982770542351037
calce_CX2_37,1,0.9812984220624805
calce_CX2_37,1,0.9827500621169097
calce_CX2_37,1,0.9845211719512981
calce_CX2_37,1,0.9670325563773682
calce_CX2_37,1,0.9670025330135583
calce_CX2_37,1,0.9675656645792712
calce_CX2_37,1,0.9694644303674295
calce_CX2_37,1,0.9725942263549814
calce_CX2_37,1,0.9688447360934249
calce_CX2_37,1,0.9740238955530018
calce_CX2_37,1,0.9923821919627569
calce_CX2_37,1,0.9713201640634549
calce_CX2_37,1,0.9674641098091863
calce_CX2_37,1,0.9730412614375414
calce_CX2_37,1,0.9745183144273805
calce_CX2_37,1,0.9716878888283578
calce_CX2_37,1,0.9724700105341864
calce_CX2_37,1,0.9747159252817572
calce_CX2_37,1,0.9738145764198641
calce_CX2_37,1,0.9736186476303693
calce_CX2_37,1,0.99246095672806
calce_CX2_37,1,0.9710264424759487
calce_CX2_37,1,0.9709448929816942
calce_CX2_37,1,0.9688913113603098
calce_CX2_37,1,0.968718434400538
calce_CX2_37,1,0.970101512204454
calce_CX2_37,1,0.9719984071523138
calce_CX2_37,1,0.9711829631293022
calce_CX2_37,1,0.9690214177714209
calce_CX2_37,1,0.9697767951851588
calce_CX2_37,1,0.9714787423482076
calce_CX2_37,1,0.9722725939157717
calce_CX2_37,1,0.9729745936101443
calce_CX2_37,1,0.9740260828368337
calce_CX2_37,1,0.9701742876529711
calce_CX2_37,1,0.9701293265066844
calce_CX2_37,1,0.9726131141091728
calce_CX2_37,1,0.9730027197980013
calce_CX2_37,1,0.9779230916073722
calce_CX2_37,1,0.9738296669775356
calce_CX2_37,1,0.993498458235678
calce_CX2_37,1,0.9756442699031961
calce_CX2_37,1,0.9756143473537803
calce_CX2_37,1,0.9774544596024899
calce_CX2_37,1,0.970828410977547
calce_CX2_37,1,0.9727557282982574
calce_CX2_37,1,0.9744959928063768
calce_CX2_37,1,0.9739279830764717
calce_CX2_37,1,0.975525085850197
calce_CX2_37,1,0.9775166367175651
calce_CX2_37,1,0.9774306023410863
calce_CX2_37,1,0.973319409868095
calce_CX2_37,1,0.9749516699001269
calce_CX2_37,1,0.9249069694979892
calce_CX2_37,1,0.9221343735420623
calce_CX2_37,1,0.9112032978924746
calce_CX2_37,1,0.8765857627247013
calce_CX2_37,1,0.8548399732327796
calce_CX2_37,1,0.8421370329848064
calce_CX2_37,1,0.8637914208202485
calce_CX2_37,1,0.8738190766262802
calce_CX2_37,1,0.8739808288731905
calce_CX2_37,1,0.8681483557043073
calce_CX2_37,1,0.8656327000781804
calce_CX2_37,1,0.8511126361448732
calce_CX2_37,1,0.8463351068048047
calce_CX2_37,1,0.8590074273550532
calce_CX2_37,1,0.8763213782324342
calce_CX2_37,1,0.872113967740268
calce_CX2_37,1,0.8680918379267146
calce_CX2_37,1,0.8644074227821202
calce_CX2_37,1,0.9338610809736226
calce_CX2_37,1,0.844153213048555
calce_CX2_37,1,0.8713479984369418
calce_CX2_37,1,0.8724853255591072
calce_CX2_37,1,0.8777384544911976
calce_CX2_37,1,0.866560854651733
calce_CX2_37,1,0.8601315420043439
calce_CX2_37,1,0.8425304248533039
calce_CX2_37,1,0.8496375619275421
calce_CX2_37,1,0.8303145085951795
calce_CX2_37,1,0.8308038919562005
calce_CX2_37,1,0.8268979101044096
calce_CX2_37,1,0.8312595211568348
calce_CX2_37,1,0.8434634878255287
calce_CX2_37,1,0.8251741884701407
calce_CX2_37,1,0.8237881258765684
calce_CX2_37,1,0.8231640978156252
calce_CX2_37,1,0.8226517791739956
calce_CX2_37,1,0.8287566869846423
calce_CX2_37,1,0.8217635523246232
calce_CX2_37,1,0.821080183507185
calce_CX2_37,1,0.8227276611656963
calce_CX2_37,1,0.8573828694635638
calce_CX2_37,1,0.9435848778357268
calce_CX2_37,1,0.8572656610845629
calce_CX2_37,1,0.8594997815165476
calce_CX2_37,1,0.872184461287555
calce_CX2_37,1,0.8373942036662881
calce_CX2_37,1,0.8344689718770252
calce_CX2_37,1,0.8633548704757846
calce_CX2_37,1,0.8738541551861666
calce_CX2_37,1,0.875314359604701
calce_CX2_37,1,0.8682890065700524
calce_CX2_37,1,0.8545361155374942
calce_CX2_37,1,0.8404497440829045
calce_CX2_37,1,0.8942658772745854
calce_CX2_37,1,0.8920491529312908
calce_CX2_37,1,0.896962396935902
calce_CX2_37,1,0.8775025760091769
calce_CX2_37,1,0.8664496701150878
calce_CX2_37,1,0.8900570625053437
calce_CX2_37,1,0.8848713960103967
calce_CX2_37,1,0.8941648111137368
calce_CX2_37,1,0.8876148156634995
calce_CX2_37,1,0.8969168464483891
calce_CX2_37,1,0.8777285487712313
calce_CX2_37,1,0.8717691983392829
calce_CX2_37,1,0.8943081325770946
calce_CX2_37,1,0.8991097647517899
calce_CX2_37,1,0.9003751915335443
calce_CX2_37,1,0.9064252883961974
calce_CX2_37,1,0.9060656379709543
calce_CX2_37,1,0.8843499582407196
calce_CX2_37,1,0.8707360389695611
calce_CX2_37,1,0.9012985982808696
calce_CX2_37,1,0.9011944284937176
calce_CX2_37,1,0.898412793684525
calce_CX2_37,1,0.9043272258268342
calce_CX2_37,1,0.8938799426612346
calce_CX2_37,1,0.892249826074374
calce_CX2_37,1,0.888328410718279
calce_CX2_37,1,0.8781038703742268
calce_CX2_37,1,0.8723966639568559
calce_CX2_37,1,0.8676970768635256
calce_CX2_37,1,0.8635067719164667
calce_CX2_37,1,0.8684134502092566
calce_CX2_37,1,0.8575971038561947
calce_CX2_37,1,0.8545259365935054
calce_CX2_37,1,0.8540447694976472
calce_CX2_37,1,0.8520554843132565
calce_CX2_37,1,0.8510676690413521
calce_CX2_37,1,0.8497225389216062
calce_CX2_37,1,0.8478455628151313
calce_CX2_37,1,0.8479296790734917
calce_CX2_37,1,0.857755916441405
calce_CX2_37,1,0.8995088365398565
calce_CX2_37,1,0.897547188943505
calce_CX2_37,1,0.8999580918690534
calce_CX2_37,1,0.9122338253366612
calce_CX2_37,1,0.9583930472065377
calce_CX2_37,1,0.8807224899901523
calce_CX2_37,1,0.8759514493732145
calce_CX2_37,1,0.8888358602575408
calce_CX2_37,1,0.887661628073715
calce_CX2_37,1,0.8917958337065636
calce_CX2_37,1,0.9008930428062181
calce_CX2_37,1,0.9644260138148484
calce_CX2_37,1,0.8756796697052783
calce_CX2_37,1,0.8686281954324189
calce_CX2_37,1,0.8971862824433885
calce_CX2_37,1,0.9014634524426696
calce_CX2_37,1,0.9013054124539596
calce_CX2_37,1,0.8941535428794892
calce_CX2_37,1,0.9066803247761791
calce_CX2_37,1,0.8756762654074276
calce_CX2_37,1,0.8750800636418242
calce_CX2_37,1,0.8964144879065401
calce_CX2_37,1,0.9049736565185829
calce_CX2_37,1,0.901933335480007
calce_CX2_37,1,0.8937431367197063
calce_CX2_37,1,0.8939543162606147
calce_CX2_37,1,0.885421727607379
calce_CX2_37,1,0.8820583487506752
calce_CX2_37,1,0.8749969558297619
calce_CX2_37,1,0.8756397205206655
calce_CX2_37,1,0.8748989350330962
calce_CX2_37,1,0.8736996399952803
calce_CX2_37,1,0.8703435052944954
calce_CX2_37,1,0.8706963995330665
calce_CX2_37,1,0.8661288876297157
calce_CX2_37,1,0.8692373229877388
calce_CX2_37,1,0.8714439565090145
calce_CX2_37,1,0.8691147932011237
calce_CX2_37,1,0.8658286243379286
calce_CX2_37,1,0.8667004042241185
calce_CX2_37,1,0.861020440966988
calce_CX2_37,1,0.8483422768216659
calce_CX2_37,1,0.891866192915441
calce_CX2_37,1,0.8884169960270156
calce_CX2_37,1,0.8990830914984195
calce_CX2_37,1,0.8911606833498406
calce_CX2_37,1,0.8788843839138083
calce_CX2_37,1,0.8793000245820344
calce_CX2_37,1,0.8614267372955136
calce_CX2_37,1,0.9039131443134715
calce_CX2_37,1,0.8989792645060222
calce_CX2_37,1,0.8981707939632475
calce_CX2_37,1,0.902549320913094
calce_CX2_37,1,0.8963083769617006
calce_CX2_37,1,0.8712874557433794
calce_CX2_37,1,0.8614409228171083
calce_CX2_37,1,0.906449335274109
calce_CX2_37,1,0.8905455215507374
calce_CX2_37,1,0.8942605258804918
calce_CX2_37,1,0.9044806985631386
calce_CX2_37,1,0.8713611817136201
calce_CX2_37,1,0.8672309633365523
calce_CX2_37,1,0.8532247892381705
calce_CX2_37,1,0.8388774056703809
calce_CX2_37,1,0.8684192883163528
calce_CX2_37,1,0.8791254295467097
calce_CX2_37,1,0.8660108324185617
calce_CX2_37,1,0.882473167168798
calce_CX2_37,1,0.8825812358893498
calce_CX2_37,1,0.8866154119269323
calce_CX2_37,1,0.9031461502831272
calce_CX2_37,1,0.8978403657922677
calce_CX2_37,1,0.8986498212565945
calce_CX2_37,1,0.8922589781830138
calce_CX2_37,1,0.899776516952352
calce_CX2_37,1,0.8886371572482267
calce_CX2_37,1,0.8912720509844156
calce_CX2_37,1,0.9602311834145875
calce_CX2_37,1,0.8948785438172153
calce_CX2_37,1,0.9097881135268151
calce_CX2_37,1,0.8982537178300918
calce_CX2_37,1,0.9003763121850894
calce_CX2_37,1,0.8874629002263932
calce_CX2_37,1,0.8893592413473979
calce_CX2_37,1,0.8954760744223758
calce_CX2_37,1,0.8913198891405059
calce_CX2_37,1,0.891011539583993
calce_CX2_37,1,0.8900550858466523
calce_CX2_37,1,0.8929960333181601
calce_CX2_37,1,0.8979274622119056
calce_CX2_37,1,0.8989417852118358
calce_CX2_37,1,0.9015587626982299
calce_CX2_37,1,0.8992240976998718
calce_CX2_37,1,0.8988099587554578
calce_CX2_37,1,0.8873910742200032
calce_CX2_37,1,0.898693079695641
calce_CX2_37,1,0.8918097935130215
calce_CX2_37,1,0.8968269501316573
calce_CX2_37,1,0.9060542352726332
calce_CX2_37,1,0.9063960056431362
calce_CX2_37,1,0.9132815804198985
calce_CS2_36,1,0.6017653776281369
calce_CS2_36,1,0.5562894747033796
calce_CS2_36,1,0.4960549261524307
calce_CS2_36,1,0.49989880470788195
calce_CS2_36,1,0.6627556819098652
calce_CS2_36,1,0.6579033426575401
calce_CS2_36,1,0.6110041725385283
calce_CS2_36,1,0.9236029636273951
calce_CS2_36,1,0.689905234222987
calce_CS2_36,1,0.6780533399958973
calce_CS2_36,1,0.5437760655661725
calce_CS2_36,1,0.5793480806678573
calce_CS2_36,1,0.6278013651657943
calce_CS2_36,1,0.6885537694373215
calce_CS2_36,1,0.6740327385056673
calce_CS2_36,1,0.6539887844503175
calce_CS2_36,1,0.6500489120322176
calce_CS2_36,1,0.680600578491207
calce_CS2_36,1,0.6705923541416795
calce_CS2_36,1,0.574087122687237
calce_CS2_36,1,0.5103901190525708
calce_CS2_36,1,0.5057866129097093
calce_CS2_36,1,0.6714388559538419
calce_CS2_36,1,0.6506297859016097
calce_CS2_36,1,0.6829987717916216
calce_CS2_36,1,0.6995194226803217
calce_CS2_36,1,0.6405567268723543
calce_CS2_36,1,0.5939469567482011
calce_CS2_36,1,0.5679562591866724
calce_CS2_36,1,0.7319473097250235
calce_CS2_36,1,0.7184278822806629
calce_CS2_36,1,0.7191784748900796
calce_CS2_36,1,0.7080164383923042
calce_CS2_36,1,0.7220209785889011
calce_CS2_36,1,0.5816941989540919
calce_CS2_36,1,0.6198207727092657
calce_CS2_36,1,0.6047033185357201
calce_CS2_36,1,0.5939599976498231
calce_CS2_36,1,0.5825386213855656
calce_CS2_36,1,0.5691037332050309
calce_CS2_36,1,0.5524408831111624
calce_CS2_36,1,0.5480363309750551
calce_CS2_36,1,0.5385025270457549
calce_CS2_36,1,0.5472204470530705
calce_CS2_36,1,0.5515122886301774
calce_CS2_36,1,0.5206136665055444
calce_CS2_36,1,0.5327113566944376
calce_CS2_36,1,0.5227640181394093
calce_CS2_36,1,0.5175176158837826
calce_CS2_36,1,0.5017195784498689
calce_CS2_36,1,0.4924944161885172
calce_CS2_36,1,0.6671457805287194
calce_CS2_36,1,0.6274609895281414
calce_CS2_36,1,0.6572632144410184
calce_CS2_36,1,0.686752053787238
calce_CS2_36,1,0.6022684297806107
calce_CS2_36,1,0.5576188232178144
calce_CS2_36,1,0.5398064753035747
calce_CS2_36,1,0.704682107329812
calce_CS2_36,1,0.7086071732503947
calce_CS2_36,1,0.6955948730000463
calce_CS2_36,1,0.6976355114475494
calce_CS2_36,1,0.6886593393279231
calce_CS2_36,1,0.5747150698589307
calce_CS2_36,1,0.5463999612067476
calce_CS2_36,1,0.8442773490035516
calce_CS2_36,1,0.7305220300109926
calce_CS2_36,1,0.6818550377065978
calce_CS2_36,1,0.6322654643048354
calce_CS2_36,1,0.5800700037505817
calce_CS2_36,1,0.5646482018274499
calce_CS2_36,1,0.7321404343913417
calce_CS2_36,1,0.7204330033220638
calce_CS2_36,1,0.7323779700975918
calce_CS2_36,1,0.7320794708849976
calce_CS2_36,1,0.7164077792969054
calce_CS2_36,1,0.5997531452731094
calce_CS2_36,1,0.6404161331203093
calce_CS2_36,1,0.6264904121504306
calce_CS2_36,1,0.6177842609072494
calce_CS2_36,1,0.5983471295886732
calce_CS2_36,1,0.5940236977184182
calce_CS2_36,1,0.5924761477873979
calce_CS2_36,1,0.5938022538925087
calce_CS2_36,1,0.5934817161991728
calce_CS2_36,1,0.5958142949570617
calce_CS2_36,1,0.824257860174002
calce_CS2_36,1,0.5977538705671032
calce_CS2_36,1,0.593246129014774
calce_CS2_36,1,0.588982587314001
calce_CS2_36,1,0.8129045682830045
calce_CS2_36,1,0.5867617047922701
calce_CS2_36,1,0.587075505758435
calce_CS2_36,1,0.6758854951736118
calce_CS2_36,1,0.7225856526817345
calce_CS2_36,1,0.7322498217339904
calce_CS2_36,1,0.6990300431204182
calce_CS2_36,1,0.7354399260636174
calce_CS2_36,1,0.6011319231946683
calce_CS2_36,1,0.6363574800609617
calce_CS2_36,1,0.7001411976272165
calce_CS2_36,1,0.7311768592774005
calce_CS2_36,1,0.7157750622204453
calce_CS2_36,1,0.7411013387920126
calce_CS2_36,1,0.727061515366841
calce_CS2_36,1,0.6865320835201958
calce_CS2_36,1,0.6540116212660672
calce_CS2_36,1,0.6209336773059301
calce_CS2_36,1,0.7592549107612587
calce_CS2_36,1,0.712362216880002
calce_CS2_36,1,0.733868873446306
calce_CS2_36,1,0.7175754975613973
calce_CS2_36,1,0.755183270898805
calce_CS2_36,1,0.624197355179184
calce_CS2_36,1,0.6060808033509342
calce_CS2_36,1,0.7104341194249104
calce_CS2_36,1,0.7589063095839853
calce_CS2_36,1,0.7696008765901531
calce_CS2_36,1,0.7655776438048212
calce_CS2_36,1,0.6569284008258699
calce_CS2_36,1,0.6260970808019622
calce_CS2_36,1,0.7158935824364069
calce_CS2_36,1,0.7736661690837574
calce_CS2_36,1,0.7634797011848834
calce_CS2_36,1,0.7697885126937045
calce_CS2_36,1,0.750131989850667
calce_CS2_36,1,0.6739289281566683
calce_CS2_36,1,0.6926585634548267
calce_CS2_36,1,0.6801840611049087
calce_CS2_36,1,0.6727117376919458
calce_CS2_36,1,0.6646660362949924
calce_CS2_36,1,0.6327152223230353
calce_CS2_36,1,0.6208402808610752
calce_CS2_36,1,0.6114177205320864
calce_CS2_36,1,0.606323932578366
calce_CS2_36,1,0.600628472700432
calce_CS2_36,1,0.5986383747890796
calce_CS2_36,1,0.5955161746343007
calce_CS2_36,1,0.5924956787343867
calce_CS2_36,1,0.5871070786574782
calce_CS2_36,1,0.5753039116822151
calce_CS2_36,1,0.8116555779756305
calce_CS2_36,1,0.5816530997445869
calce_CS2_36,1,0.5822303894627638
calce_CS2_36,1,0.7215905432543329
calce_CS2_36,1,0.7387140264918022
calce_CS2_36,1,0.743740148833921
calce_CS2_36,1,0.7540082048026806
calce_CS2_36,1,0.7758784926685631
calce_CS2_36,1,0.6744872893916032
calce_CS2_36,1,0.6415433333897136
calce_CS2_36,1,0.7414724276854133
calce_CS2_36,1,0.7372386298053784
calce_CS2_36,1,0.7670689603246218
calce_CS2_36,1,0.7420565176287932
calce_CS2_36,1,0.7825419921523038
calce_CS2_36,1,0.6790397961877569
calce_CS2_36,1,0.6214799216488966
calce_CS2_36,1,0.6350761491874847
calce_CS2_36,1,0.7728365940669775
calce_CS2_36,1,0.7573921532007784
calce_CS2_36,1,0.7330174368231085
calce_CS2_36,1,0.7526438371276473
calce_CS2_36,1,0.7384044594479914
calce_CS2_36,1,0.6446261984498689
calce_CS2_36,1,0.6230009153447379
calce_CS2_36,1,0.7887753183952207
calce_CS2_36,1,0.7956083298603405
calce_CS2_36,1,0.7609142519735297
calce_CS2_36,1,0.8004744173458905
calce_CS2_36,1,0.8213386723321003
calce_CS2_36,1,0.8128151149016862
calce_CS2_36,1,0.8084577371790795
calce_CS2_36,1,0.7693998124406616
calce_CS2_36,1,0.7972368438378249
calce_CS2_36,1,0.7136135697545096
calce_CS2_36,1,0.6754503600474001
calce_CS2_36,1,0.7194859558987091
calce_CS2_36,1,0.7103716668827548
calce_CS2_36,1,0.7042699126538852
calce_CS2_36,1,0.6977219492837092
calce_CS2_36,1,0.690852794826435
calce_CS2_36,1,0.7199160592456177
calce_CS2_36,1,0.7398768723318161
calce_CS2_36,1,0.6591192699539243
calce_CS2_36,1,0.6224015858267495
calce_CS2_36,1,0.6136190914747292
calce_CS2_36,1,0.7488445864417532
calce_CS2_36,1,0.7466103340814992
calce_CS2_36,1,0.7200986198511493
calce_CS2_36,1,0.7297991595990276
calce_CS2_36,1,0.7613338744011378
calce_CS2_36,1,0.6946803043955375
calce_CS2_36,1,0.6813326268448703
calce_CS2_36,1,0.6981428179507339
calce_CS2_36,1,0.7452020869392205
calce_CS2_36,1,0.7471382643744826
calce_CS2_36,1,0.7181710667663026
calce_CS2_36,1,0.7111737270705342
calce_CS2_36,1,0.7401974963836161
calce_CS2_36,1,0.6469305036441638
calce_CS2_36,1,0.6292697169091457
calce_CS2_36,1,0.7471217607484382
calce_CS2_36,1,0.7784314266028599
calce_CS2_36,1,0.7317106731642102
calce_CS2_36,1,0.7620539139651946
calce_CS2_36,1,0.7547294930854251
calce_CS2_36,1,0.6940789280855055
calce_CS2_36,1,0.6394386793472826
calce_CS2_36,1,0.6910573474361348
calce_CS2_36,1,0.7730061909549112
calce_CS2_36,1,0.7583025021911176
calce_CS2_36,1,0.7786252111780708
calce_CS2_36,1,0.7322329096575643
calce_CS2_36,1,0.7766788978436469
calce_CS2_36,1,0.698700077375919
calce_CS2_36,1,0.6669090874242593
calce_CS2_36,1,0.655912724196506
calce_CS2_36,1,0.6497959635364143
calce_CS2_36,1,0.6469711615039134
calce_CS2_36,1,0.6402402418351115
calce_CS2_36,1,0.6239679425091994
calce_CS2_36,1,0.625001096972416
calce_CS2_36,1,0.6291217972912868
calce_CS2_36,1,0.6278400704866687
calce_CS2_36,1,0.6344336061506464
calce_CS2_36,1,0.6383861965739971
calce_CS2_36,1,0.6428974175786452
calce_CS2_36,1,0.643254259677806
calce_CS2_36,1,0.6431608428030814
calce_CS2_36,1,0.6437969949137456
calce_CS2_36,1,0.6468287136160188
calce_CS2_36,1,0.7297551274774932
calce_CS2_36,1,0.7716885745948994
calce_CS2_36,1,0.7165972499542255
calce_CS2_36,1,0.6757427240153292
calce_CS2_36,1,0.6681943121501676
calce_CS2_36,1,0.7813226758284628
calce_CS2_36,1,0.7939988809957315
calce_CS2_36,1,0.7801692434104751
calce_CS2_36,1,0.7758282969409195
calce_CS2_36,1,0.7586070925503915
calce_CS2_36,1,0.7257216919296174
calce_CS2_36,1,0.6839757182222919
calce_CS2_36,1,0.7019214985402157
calce_CS2_36,1,0.7712763276830561
calce_CS2_36,1,0.7492617837012399
calce_CS2_36,1,0.7569894158513393
calce_CS2_36,1,0.7729721799546861
calce_CS2_36,1,0.8081211072496641
calce_CS2_36,1,0.6953141124757153
calce_CS2_36,1,0.6700379155288183
calce_CS2_36,1,0.7135539993680987
calce_CS2_36,1,0.7929468506250574
calce_CS2_36,1,0.7704600962637096
calce_CS2_36,1,0.7645096284220755
calce_CS2_36,1,0.8273906983181493
calce_CS2_36,1,0.8774190139599659
calce_CS2_36,1,0.7312866306912528
calce_CS2_36,1,0.7499672636703955
calce_CS2_36,1,0.8136573317819725
calce_CS2_36,1,0.8702782817635313
calce_CS2_36,1,0.8611158694182375
calce_CS2_36,1,0.8806398879062505
calce_CS2_36,1,0.8884088056218429
calce_CS2_36,1,0.8765869088361744
calce_CS2_36,1,0.773151610867924
calce_CS2_36,1,0.782614584431352
calce_CS2_36,1,0.7566799804145443
calce_CS2_36,1,0.7405290320838221
calce_CS2_36,1,0.7298099329542921
calce_CS2_36,1,0.694075391762568
calce_CS2_36,1,0.6877004783705267
calce_CS2_36,1,0.6789095202901615
calce_CS2_36,1,0.6968249974597064
calce_CS2_36,1,0.7088134525316119
calce_CS2_36,1,0.7140050202596692
calce_CS2_36,1,0.7188404824236984
calce_CS2_36,1,0.7234503334285637
calce_CS2_36,1,0.7195795528339185
calce_CS2_36,1,0.7154682907820618
calce_CS2_36,1,0.7167329859084237
calce_CS2_36,1,0.8588136417119066
calce_CS2_36,1,0.8744425478896232
calce_CS2_36,1,0.8205742135305139
calce_CS2_36,1,0.9136318449201696
calce_CS2_36,1,0.7387753015985644
calce_CS2_36,1,0.851797654807501
calce_CS2_36,1,0.8938440374706651
calce_CS2_36,1,0.8918174428148054
calce_CS2_36,1,0.8948829006691859
calce_CS2_36,1,0.8733139698148059
calce_CS2_36,1,0.8705342711495233
calce_CS2_36,1,0.7905506895379085
calce_CS2_36,1,0.8089369724376992
calce_CS2_36,1,0.879338130106442
calce_CS2_36,1,0.9106902603982854
calce_CS2_36,1,0.8985678452159102
calce_CS2_36,1,0.9923369428821898
calce_CS2_36,1,0.8576156313041521
calce_CS2_36,1,0.8695461987484989
calce_CS2_36,1,0.8863241754819663
calce_CS2_36,1,0.869996738695789
calce_CS2_36,1,0.8178876866375955
calce_CS2_36,1,0.797533841786967
calce_CS2_36,1,0.8822483591661671
calce_CS2_36,1,0.9156895353049903
calce_CS2_36,1,0.9034757108467862
calce_CS2_36,1,0.9046322070502564
calce_CS2_36,1,0.9043196710533887
calce_CS2_36,1,0.9194475661023044
calce_CS2_36,1,0.8373460389247219
calce_CS2_36,1,0.8026717929496912
calce_CS2_36,1,0.8927458177093635
calce_CS2_36,1,0.8998465578253756
calce_CS2_36,1,0.8935816843059362
calce_CS2_36,1,0.9165142550122175
calce_CS2_36,1,0.9239715063596997
calce_CS2_36,1,0.926034989975508
calce_CS2_36,1,0.8711345070216794
calce_CS2_36,1,0.8380382283724761
calce_CS2_36,1,0.8738139156887075
calce_CS2_36,1,0.9177870622566732
calce_CS2_36,1,0.8876963493672058
calce_CS2_36,1,0.9002280492005511
calce_CS2_36,1,0.906796906827786
calce_CS2_36,1,0.8932424609592683
calce_CS2_36,1,0.8259005061990541
calce_CS2_36,1,0.800729039007721
calce_CS2_36,1,0.8387095909868235
calce_CS2_36,1,0.8784066986870169
calce_CS2_36,1,0.8622865289391081
calce_CS2_36,1,0.8683745098841263
calce_CS2_36,1,0.8697917292402649
calce_CS2_36,1,0.8926960828363074
calce_CS2_36,1,0.8142154869754155
calce_CS2_36,1,0.8289075526525937
calce_CS2_36,1,0.8091190244527247
calce_CS2_36,1,0.8019312151437407
calce_CS2_36,1,0.7982049923585037
calce_CS2_36,1,0.7975609522563486
calce_CS2_36,1,0.7982724262712999
calce_CS2_36,1,0.7852260353434161
calce_CS2_36,1,0.7801178624898624
calce_CS2_36,1,0.7787972874545126
calce_CS2_36,1,0.7781017516275986
calce_CS2_36,1,0.7749293062469403
calce_CS2_36,1,0.7712789114463858
calce_CS2_36,1,0.7738736110151246
calce_CS2_36,1,0.8364099710721299
calce_CS2_36,1,0.8532067720727815
calce_CS2_36,1,0.8697704118440737
calce_CS2_36,1,0.8386066969232182
calce_CS2_36,1,0.833291862978772
calce_CS2_36,1,0.8816329446399215
calce_CS2_36,1,0.8956969934621083
calce_CS2_36,1,0.892629891165816
calce_CS2_36,1,0.8992343056089765
calce_CS2_36,1,0.8860184006059149
calce_CS2_36,1,0.8984547164772734
calce_CS2_36,1,0.8324325882758978
calce_CS2_36,1,0.8465494329442778
calce_CS2_36,1,0.8383675586920506
calce_CS2_36,1,0.9083978893190604
calce_CS2_36,1,0.8886848671816772
calce_CS2_36,1,0.8783251485455231
calce_CS2_36,1,0.9002065212867928
calce_CS2_36,1,0.8975437512899608
calce_CS2_36,1,0.8886974076420724
calce_CS2_36,1,0.9577660742485389
calce_CS2_36,1,0.8645598672089578
calce_CS2_36,1,0.8739010246946738
calce_CS2_36,1,0.8930423320624717
calce_CS2_36,1,0.9144401080368625
calce_CS2_36,1,0.9102169392952769
calce_CS2_36,1,0.8945176467633464
calce_CS2_36,1,0.9690687533260733
calce_CS2_36,1,0.9025337063162142
calce_CS2_36,1,0.8583027560663244
calce_CS2_36,1,0.8503826365330883
calce_CS2_36,1,0.9505259953621512
calce_CS2_36,1,0.9113536841731551
calce_CS2_36,1,0.8982605260535697
calce_CS2_36,1,0.8931869718894857
calce_CS2_36,1,0.8902729762272534
calce_CS2_36,1,0.9065818159913783
calce_CS2_36,1,0.8801980579039337
calce_CS2_36,1,0.8853141997757559
calce_CS2_36,1,0.878155005329304
calce_CS2_36,1,0.8689900335091949
calce_CS2_36,1,0.8681480745061407
calce_CS2_36,1,0.8578491419164833
calce_CS2_36,1,0.8515871030223732
calce_CS2_36,1,0.8412409284156762
calce_CS2_36,1,0.8467003230126653
calce_CS2_36,1,0.8458123624429343
calce_CS2_36,1,0.841246978461372
calce_CS2_36,1,0.8341657181288755
calce_CS2_36,1,0.8294924980622245
calce_CS2_36,1,0.9205421197687346
calce_CS2_36,1,0.9379487259754516
calce_CS2_36,1,0.9564766038532114
calce_CS2_36,1,0.9030710613524457
calce_CS2_36,1,0.8899084296762486
calce_CS2_36,1,0.8939931413800667
calce_CS2_36,1,0.938564944762031
calce_CS2_36,1,0.9319887665766636
calce_CS2_36,1,0.9335591550283874
calce_CS2_36,1,0.9283946096542233
calce_CS2_36,1,0.9326396868895187
calce_CS2_36,1,0.9176982285972073
calce_CS2_36,1,0.8920092478790798
calce_CS2_36,1,0.8837418060995845
calce_CS2_36,1,0.9399805702979743
calce_CS2_36,1,0.9306929267511326
calce_CS2_36,1,0.926368273774011
calce_CS2_36,1,0.9187087127954141
calce_CS2_36,1,0.9247017212986537
calce_CS2_36,1,0.9253415912407371
calce_CS2_36,1,0.9044825959736015
calce_CS2_36,1,0.8914020241636158
calce_CS2_36,1,0.887625068963274
calce_CS2_36,1,0.9305456034181299
calce_CS2_36,1,0.9408526322319636
calce_CS2_36,1,0.9303414552264859
calce_CS2_36,1,0.9325435282654898
calce_CS2_36,1,0.9432611729968854
calce_CS2_36,1,0.9385475042522297
calce_CS2_36,1,0.9138893851621932
calce_CS2_36,1,0.970881248353005
calce_CS2_36,1,0.9721819992377823
calce_CS2_36,1,0.9275826780818823
calce_CS2_36,1,0.9133255764125513
calce_CS2_36,1,0.9334965255273843
calce_CS2_36,1,0.9146070803425268
calce_CS2_36,1,0.9117917064693
calce_CS2_36,1,0.9177460460971699
calce_CS2_36,1,0.8835764509560132
calce_CS2_36,1,0.8583245541549822
calce_CS2_36,1,0.8850963233579203
calce_CS2_36,1,0.8761471396702041
calce_CS2_36,1,0.8735412915891859
calce_CS2_36,1,0.8725119487775866
calce_CS2_36,1,0.8663455762226465
calce_CS2_36,1,0.8628305080347837
calce_CS2_36,1,0.8610407811142691
calce_CS2_36,1,0.8587841834747456
calce_CS2_36,1,0.8617428373213938
calce_CS2_36,1,0.8616180491817604
calce_CS2_36,1,0.8660555882719758
calce_CS2_36,1,0.8895769625855628
calce_CS2_36,1,0.8982108313802667
calce_CS2_36,1,0.8727054725508677
calce_CS2_36,1,0.8665427164322309
calce_CS2_36,1,0.867863032244678
calce_CS2_36,1,0.9060995311240867
calce_CS2_36,1,0.9216872181268281
calce_CS2_36,1,0.9106040648277705
calce_CS2_36,1,0.9279092723517405
calce_CS2_36,1,0.9307171784080376
calce_CS2_36,1,0.9376325757667074
calce_CS2_36,1,0.8651936270041204
calce_CS2_36,1,0.8903605842708556
calce_CS2_36,1,0.8872491100207984
calce_CS2_36,1,0.9279721332248941
calce_CS2_36,1,0.9306594233643221
calce_CS2_36,1,0.9291866198178539
calce_CS2_36,1,0.9186312325054777
calce_CS2_36,1,0.9303420334550391
calce_CS2_36,1,0.9320152851080146
calce_CS2_36,1,0.8968027608835802
calce_CS2_36,1,0.8857216866110501
calce_CS2_36,1,0.88519167064677
calce_CS2_36,1,0.928390899179657
calce_CS2_36,1,0.9360983819383641
calce_CS2_36,1,0.9467764503586968
calce_CS2_36,1,0.8335777961677695
calce_CS2_36,1,0.9027658579012162
calce_CS2_36,1,0.9601979707598018
calce_CS2_36,1,0.9739511533690703
calce_CS2_36,1,0.9463484275758058
calce_CS2_36,1,0.932950076257151
calce_CS2_36,1,0.9310216899611103
calce_CS2_36,1,0.9765069463091963
calce_CS2_36,1,0.9816132753067215
calce_CS2_36,1,0.9884970931435859
calce_CS2_36,1,0.9901809984521989
calce_CS2_36,1,0.9974323295092108
calce_CS2_36,1,0.9896422028200197
calce_CS2_36,1,0.9918315266219653
calce_CS2_36,1,0.9754323573831563
calce_CS2_36,1,0.9730194062488516
calce_CS2_36,1,0.9652928699415917
calce_CS2_36,1,0.9902718510698096
calce_CS2_36,1,0.9923803668883394
calce_CS2_36,1,0.9924522718256241
calce_CS2_36,1,0.992761536316296
calce_CS2_36,1,0.9937756432381888
calce_CS2_36,1,0.9948197135553977
calce_CS2_36,1,0.991764715653782
calce_CS2_36,1,0.9855267797012924
calce_CS2_36,1,0.9791222364738609
calce_CS2_36,1,0.9817499976921075
calce_CS2_36,1,0.9922391560635929
calce_CS2_36,1,0.9947009933253506
calce_CS2_36,1,0.9931332272862218
calce_CS2_36,1,0.9943253831744253
calce_CS2_36,1,0.9947507023962842
calce_CS2_36,1,0.9953348911362826
calce_CS2_36,1,0.9967876841046279
calce_CS2_36,1,0.9959098341546967
calce_CS2_36,1,0.9990958568131948
calce_CS2_36,1,0.995818131706311
calce_CS2_36,1,0.9963921413815272
calce_CS2_36,1,0.9973270041706535
calce_CS2_36,1,0.9971035131758819
calce_CS2_36,1,0.99646158796488
calce_CS2_36,1,0.9930152327738021
calce_CS2_36,1,0.9930512339443917
calce_CS2_36,1,0.9933599276042738
calce_CS2_36,1,0.9936982544910887
calce_CS2_36,1,0.9939714651260814
calce_CS2_36,1,0.9941240942973061
calce_CS2_36,1,0.9933063228665066
calce_CS2_36,1,0.9932165390653236
calce_CS2_36,1,0.9932559465205969
calce_CS2_36,1,0.9843402715862616
calce_CS2_36,1,0.9852000655641449
calce_CS2_36,1,0.9899822704785668
calce_CS2_36,1,0.9919423280895258
calce_CS2_36,1,0.9924894606082276
calce_CS2_36,1,0.9945415733087765
calce_CS2_36,1,0.9934184677367418
calce_CS2_36,1,0.9938624456380324
calce_CS2_36,1,0.9946880517387792
calce_CS2_36,1,0.9890834425432506
calce_CS2_36,1,0.9926556624635214
calce_CS2_36,1,0.9929551259758505
calce_CS2_36,1,0.991403001353411
calce_CS2_36,1,0.9923658961730499
calce_CS2_36,1,0.9949298665209827
calce_CS2_36,1,0.9935733337186254
calce_CS2_36,1,0.9943645203271784
calce_CS2_36,1,0.9948157347789782
calce_CS2_36,1,0.9955442535368597
calce_CS2_36,1,0.9939572199958474
calce_CS2_36,1,0.9944739396299916
calce_CS2_36,1,0.9826863736951779
calce_CS2_36,1,0.9920927908828777
calce_CS2_36,1,0.9933034656322861
calce_CS2_36,1,0.9963963202058196
calce_CS2_36,1,0.9962571874467542
calce_CS2_36,1,0.9958448368404623
calce_CS2_36,1,0.9991910267830846
calce_CS2_36,1,0.9969614281225246
calce_CS2_36,1,0.9974787425367401
calce_CS2_36,1,0.997047213055804
calce_CS2_36,1,0.9975371333130604
calce_CS2_36,1,0.9961611149868974
calce_CS2_36,1,0.9968885303801915
calce_CS2_36,1,0.9962212348626559
calce_CS2_36,1,0.9968516076247279
calce_CS2_36,1,0.9975413136113489
calce_CS2_36,1,0.9979458543328116
calce_CS2_36,1,0.9984013346486329
calce_CS2_36,1,0.9986753368076494
calce_CS2_36,1,0.9989883942214665
calce_CS2_36,1,0.9988690435848032
calce_CS2_36,1,0.9990354698251086
calce_CS2_36,1,0.9988080205284963
calce_CS2_36,1,0.9984604156859432
calce_CS2_36,1,0.9985703481420352
calce_CS2_36,1,0.9988134067873956
calce_CS2_36,1,0.9991456730264452
calce_CS2_36,1,0.9991452614147311
calce_CS2_36,1,0.9994171520459036
calce_CS2_36,1,0.9985431280110073
calce_CS2_36,1,0.9987875288812142
calce_CS2_36,1,0.9993432162622135
calce_CS2_36,1,0.999473377346965
calce_CS2_36,1,0.9994042089918388
calce_CS2_36,1,0.9995909434905149
calce_CS2_36,1,0.9994969663566011
calce_CS2_36,1,0.999869490713414
calce_CS2_36,1,0.9996461382480875
calce_CS2_36,1,0.9995017805998084
calce_CS2_36,1,0.9996575864762816
calce_CS2_36,1,0.9994867429108997
calce_CS2_36,1,0.999208037440722
calce_CS2_36,1,0.9994923172979298
calce_CS2_36,1,0.9996402415710484
calce_CS2_36,1,0.9997049496274625
calce_CS2_36,1,0.9997277850101081
calce_CS2_36,1,0.9998096983048369
calce_CS2_36,1,0.9998654064996843
calce_CS2_36,1,0.999862371028174
calce_CS2_36,1,0.9998842284661331
calce_CS2_36,1,0.9999023313385942
calce_CS2_36,1,0.9998757718818816
calce_CS2_36,1,0.9999185966811779
calce_CS2_36,1,0.9998530652564606
calce_CS2_36,1,0.9998718162415008
calce_CS2_36,1,0.9998541401556711
calce_CS2_36,1,0.999794704172939
calce_CS2_36,1,0.9997758038946607
calce_CS2_36,1,0.9998574738725265
calce_CS2_36,1,0.9999029686036414
calce_CS2_36,1,0.9999040845880773
calce_CS2_36,1,0.9998998908614627
calce_CS2_36,1,0.999904736905027
calce_CS2_36,1,0.9999385439519333
calce_CS2_36,1,0.999919806951021
calce_CS2_36,1,0.9999127135468738
calce_CS2_36,1,0.9999249166457438
calce_CS2_36,1,0.9998734536412763
calce_CS2_36,1,0.9999040883704025
calce_CS2_36,1,0.9999030557591826
calce_CS2_36,1,0.9998849785359722
calce_CS2_36,1,0.9999351086310888
calce_CS2_36,1,0.9999312461643701
calce_CS2_36,1,0.9999480463966203
calce_CS2_36,1,0.9999335558846569
calce_CS2_36,1,0.9999456067756253
calce_CS2_36,1,0.9999540673144116
calce_CS2_36,1,0.999959947488478
calce_CS2_36,1,0.9999621776609273
calce_CS2_36,1,0.9998951266422326
calce_CS2_36,1,0.9999170689821638
calce_CS2_36,1,0.9999437302586465
calce_CS2_36,1,0.9999273321583662
calce_CS2_36,1,0.9999509326315982
calce_CS2_36,1,0.9999529517388197
calce_CS2_36,1,0.9999433247654128
calce_CS2_36,1,0.9999526931951409
calce_CS2_36,1,0.9999612963476988
calce_CS2_36,1,0.9999676917973479
calce_CS2_36,1,0.9999521719150383
calce_CS2_36,1,0.9999615436672077
calce_CS2_36,1,0.9999620140545764
calce_CS2_36,1,0.9999699429659423
calce_CS2_36,1,0.9999647365199736
calce_CS2_36,1,0.9999530175771345
calce_CS2_36,1,0.9999632822057807
calce_CS2_36,1,0.9999679179696005
calce_CS2_36,1,0.9999568769517007
calce_CS2_36,1,0.9999635108557077
calce_CS2_36,1,0.9999787444809983
calce_CS2_36,1,0.9999678462879699
calce_CS2_36,1,0.9999724535074677
calce_CS2_36,1,0.9999761345985697
calce_CS2_36,1,0.9999737353381621
calce_CS2_36,1,0.9999698554005819
calce_CS2_36,1,0.9999653892860573
calce_CS2_36,1,0.9999689917806596
calce_CS2_36,1,0.9999646292801305
calce_CS2_36,1,0.9999730059949721
calce_CS2_36,1,0.9999572663824848
calce_CS2_36,1,0.9999577624949219
calce_CS2_36,1,0.9999662264186497
calce_CS2_36,1,0.9999654714701396
calce_CS2_36,1,0.9999771719866789
calce_CS2_36,1,0.999980820438719
calce_CS2_36,1,0.9999697772308386
calce_CS2_36,1,0.9999777070362503
calce_CS2_36,1,0.9999779105131087
calce_CS2_36,1,0.9999819291277472
calce_CS2_36,1,0.9999809424374978
calce_CS2_36,1,0.9999856128557651
calce_CS2_36,1,0.9999878357515086
calce_CS2_36,1,0.9999808336633549
calce_CS2_36,1,0.9999820602630658
calce_CS2_36,1,0.999984573410026
calce_CS2_36,1,0.9999883521141522
calce_CS2_36,1,0.9999818083368919
calce_CS2_36,1,0.9999850115371678
calce_CS2_36,1,0.9999864560421663
calce_CS2_36,1,0.999917941313316
calce_CS2_36,1,0.9999575609718893
calce_CS2_36,1,0.9999468684701945
calce_CS2_36,1,0.9999610892872658
calce_CS2_36,1,0.9999637764323761
calce_CS2_36,1,0.9999398232779688
calce_CS2_36,1,0.9999674811322365
calce_CS2_36,1,0.9999493472619393
calce_CS2_36,1,0.9999617628775598
calce_CS2_36,1,0.9999704187219157
calce_CS2_36,1,0.9999775201446053
calce_CS2_36,1,0.9999807004683214
calce_CS2_36,1,0.9999837406917591
calce_CS2_36,1,0.999962571700302
calce_CS2_36,1,0.9999650919022742
calce_CS2_36,1,0.9999680046127328
calce_CS2_36,1,0.999990736938116
calce_CS2_36,1,0.9999868102948868
calce_CS2_36,1,0.9999856588853505
calce_CS2_36,1,0.9999859118131801
calce_CS2_36,1,0.9999831298400955
calce_CS2_36,1,0.9999799380727584
calce_CS2_36,1,0.9999712066378096
calce_CS2_36,1,0.9999823805291705
calce_CS2_36,1,0.9999576541938023
calce_CS2_36,1,0.9999843981444367
calce_CS2_36,1,0.999963800775893
calce_CS2_36,1,0.9999615475373131
calce_CS2_36,1,0.9999709464810366
calce_CS2_36,1,0.9999728888742802
calce_CS2_36,1,0.9999655405375452
calce_CS2_36,1,0.9999685059152693
calce_CS2_36,1,0.9999759488656123
calce_CS2_36,1,0.9999902296478607
calce_CS2_36,1,0.9999843295072697
calce_CS2_36,1,0.9999866390656418
calce_CS2_36,1,0.999986739644152
calce_CS2_36,1,0.999987160720164
calce_CS2_36,1,0.9999891073164014
calce_CS2_36,1,0.9999706075293477
calce_CS2_36,1,0.9999731854569485
calce_CS2_36,1,0.9999759734857708
calce_CS2_36,1,0.9999782119379281
calce_CS2_36,1,0.9999798023001648
calce_CS2_36,1,0.9999825534668366
calce_CS2_36,1,0.9999810206758184
calce_CS2_36,1,0.9999723627549867
calce_CS2_36,1,0.9999869947444315
calce_CS2_36,1,0.9999663702224926
calce_CS2_36,1,0.999978430108647
calce_CS2_36,1,0.5252092100654451
calce_CS2_36,1,0.5976064841206041
calce_CS2_36,1,0.5806533729011888
calce_CS2_36,1,0.589941626706843
calce_CS2_36,1,0.4780063056112789
calce_CS2_36,1,0.43051328401202615
calce_CS2_36,1,0.46023560819855974
calce_CS2_36,1,0.5496381234821764
calce_CS2_36,1,0.5083028038585702
calce_CS2_36,1,0.5190431942657284
calce_CS2_36,1,0.5571360106554574
calce_CS2_36,1,0.4365166697440753
calce_CS2_36,1,0.46225268069822617
calce_CS2_36,1,0.4462446016336503
calce_CS2_36,1,0.43614707051895524
calce_CS2_36,1,0.4314920128449062
calce_CS2_36,1,0.4231875239528671
calce_CS2_36,1,0.416466318108027
calce_CS2_36,1,0.3548972210380233
calce_CS2_36,1,0.35754463072755704
calce_CS2_36,1,0.35762678878492477
calce_CS2_36,1,0.35917854336747146
calce_CS2_36,1,0.3566205798704082
calce_CS2_36,1,0.3535622848361288
calce_CS2_36,1,0.3588961652111118
calce_CS2_36,1,0.3626490636921249
calce_CS2_36,1,0.36329651639545835
calce_CS2_36,1,0.4683270201021405
calce_CS2_36,1,0.4552105784506767
calce_CS2_36,1,0.48181898522183064
calce_CS2_36,1,0.4990947483245919
calce_CS2_36,1,0.5272079931689023
calce_CS2_36,1,0.4394292193666893
calce_CS2_36,1,0.4141453011571746
calce_CS2_36,1,0.5067809530994629
calce_CS2_36,1,0.49851908773425646
calce_CS2_36,1,0.48808284459275114
calce_CS2_36,1,0.5056869638975823
calce_CS2_36,1,0.4926606055964892
calce_CS2_36,1,0.42577331449368255
calce_CS2_36,1,0.40374494129770067
calce_CS2_36,1,0.5098032026888812
calce_CS2_36,1,0.5291785247466364
calce_CS2_36,1,0.5269546908287633
calce_CS2_36,1,0.46196178339338234
calce_CS2_36,1,0.4845350944502966
calce_CS2_36,1,0.40124685005810057
calce_CS2_36,1,0.37715931111429535
calce_CS2_36,1,0.4518577318300986
calce_CS2_36,1,0.4664656612166238
calce_CS2_36,1,0.4783544349315589
calce_CS2_36,1,0.48908931533037653
calce_CS2_36,1,0.5319273382221359
calce_CS2_36,1,0.5732455848129077
calce_CS2_36,1,0.5587106182133295
calce_CS2_36,1,0.5632773851430728
calce_CS2_36,1,0.5192225225770504
calce_CS2_36,1,0.4925013713650299
calce_CS2_36,1,0.5194193989699142
calce_CS2_36,1,0.5701519974233565
calce_CS2_36,1,0.5664366287410402
calce_CS2_36,1,0.5686830851784952
calce_CS2_36,1,0.5502001305987037
calce_CS2_36,1,0.47839251358571505
calce_CS2_36,1,0.5164377962098547
calce_CS2_36,1,0.696660005177377
calce_CS2_36,1,0.5647239867312922
calce_CS2_36,1,0.5567225262633075
calce_CS2_36,1,0.5460605623465841
calce_CS2_36,1,0.5966279195967555
calce_CS2_36,1,0.5344603323520449
calce_CS2_36,1,0.5034286388562597
calce_CS2_36,1,0.7446592197188073
calce_CS2_36,1,0.6007333060336006
calce_CS2_36,1,0.6219772613798609
calce_CS2_36,1,0.6080540976906947
calce_CS2_36,1,0.5699688370906633
calce_CS2_36,1,0.6059359854088822
calce_CS2_36,1,0.49793449891835445
calce_CS2_36,1,0.5461035712625737
calce_CS2_36,1,0.5119632530450448
calce_CS2_36,1,0.48409019282719706
calce_CS2_36,1,0.46691555586187344
calce_CS2_36,1,0.4538527567528103
calce_CS2_36,1,0.4421599619442889
calce_CS2_36,1,0.4266417613191903
calce_CS2_36,1,0.4252045603642075
calce_CS2_36,1,0.4197129163353496
calce_CS2_36,1,0.41531568403964336
calce_CS2_36,1,0.41108044047907116
calce_CS2_36,1,0.4081200229055126
calce_CS2_36,1,0.40361153187513515
calce_CS2_36,1,0.40263924224949205
calce_CS2_36,1,0.4018305426662538
calce_CS2_36,1,0.46327727264440766
calce_CS2_36,1,0.6089834663259032
calce_CS2_36,1,0.5438999204647087
calce_CS2_36,1,0.5535408936247571
calce_CS2_36,1,0.5901537780427601
calce_CS2_36,1,0.5010562215562373
calce_CS2_36,1,0.4452438530205083
calce_CS2_36,1,0.4645690513406974
calce_CS2_36,1,0.6102624599199262
calce_CS2_36,1,0.5954529097030524
calce_CS2_36,1,0.5691135811152175
calce_CS2_36,1,0.5023826383796147
calce_CS2_36,1,0.47647693022969395
calce_CS2_36,1,0.584146790809018
calce_CS2_36,1,0.5786542255766276
calce_CS2_36,1,0.5557577630926387
calce_CS2_36,1,0.580627605147381
calce_CS2_36,1,0.5945538316371015
calce_CS2_36,1,0.48040245531868875
calce_CS2_36,1,0.45089327143780267
calce_CS2_36,1,0.5704461279828436
calce_CS2_36,1,0.6008296079944809
calce_CS2_36,1,0.6012660157485583
calce_CS2_36,1,0.6024610189637019
calce_CS2_36,1,0.6558257492027273
calce_CS2_36,1,0.5265457916279391
calce_CS2_36,1,0.4836836059675209
calce_CS2_36,1,0.579739356880735
calce_CS2_36,1,0.6485465450304658
calce_CS2_36,1,0.6133167199444834
calce_CS2_36,1,0.631571671323797
calce_CS2_36,1,0.6141949877524457
calce_CS2_36,1,0.5007659786286259
calce_CS2_36,1,0.524979917141251
calce_CS2_36,1,0.7096729857861763
calce_CS2_36,1,0.4983116806751387
calce_CS2_36,1,0.48747886309807575
calce_CS2_36,1,0.47438418660796194
calce_CS2_36,1,0.46206717904963746
calce_CS2_36,1,0.45388270915089024
calce_CS2_36,1,0.4523797843174753
calce_CS2_36,1,0.45094491132700776
calce_CS2_36,1,0.4501106638872758
calce_CS2_36,1,0.44830488841776023
calce_CS2_36,1,0.4450307602281328
calce_CS2_36,1,0.4400600875841779
calce_CS2_36,1,0.435845701571585
calce_CS2_36,1,0.4130055601838037
calce_CS2_36,1,0.408765081936644
calce_CS2_36,1,0.5497981773575912
calce_CS2_36,1,0.5949545526159428
calce_CS2_36,1,0.6037029767305361
calce_CS2_36,1,0.6186121860427163
calce_CS2_36,1,0.6062053569750746
calce_CS2_36,1,0.49186053269279945
calce_CS2_36,1,0.45748597890846887
calce_CS2_36,1,0.6024212795442825
calce_CS2_36,1,0.6102257363515453
calce_CS2_36,1,0.5922558751594658
calce_CS2_36,1,0.6022836973602961
calce_CS2_36,1,0.4993277858241951
calce_CS2_36,1,0.5263420301255102
calce_CS2_36,1,0.5674110939871811
calce_CS2_36,1,0.5878158052890295
calce_CS2_36,1,0.6186935360079132
calce_CS2_36,1,0.5533708762504187
calce_CS2_36,1,0.8038817121238061
calce_CS2_36,1,0.581244063852546
calce_CS2_36,1,0.48561596048037625
calce_CS2_36,1,0.45946341068488716
calce_CS2_36,1,0.5897008056063382
calce_CS2_36,1,0.5798718933362597
calce_CS2_36,1,0.5844889870998613
calce_CS2_36,1,0.5867322596899043
calce_CS2_36,1,0.5889918936672116
calce_CS2_36,1,0.48402435381473835
calce_CS2_36,1,0.4585907279773136
calce_CS2_36,1,0.5659057514315863
calce_CS2_36,1,0.5712607524922515
calce_CS2_36,1,0.5584281313394397
calce_CS2_36,1,0.46237677564075197
calce_CS2_36,1,0.4378346341630923
calce_CS2_36,1,0.43821277591542734
calce_CS2_36,1,0.4381296539804551
calce_CS2_36,1,0.4323212324902268
calce_CS2_36,1,0.42999031256965503
calce_CS2_36,1,0.4252574112724438
calce_CS2_36,1,0.4071965788309423
calce_CS2_36,1,0.411853328674503
calce_CS2_36,1,0.40802102015108105
calce_CS2_36,1,0.6590982640427981
calce_CS2_36,1,0.4107707687842302
calce_CS2_36,1,0.40855288463970946
calce_CS2_36,1,0.40904181965447206
calce_CS2_36,1,0.40840494337174094
calce_CS2_36,1,0.4046345033208304
calce_CS2_36,1,0.4043368687842332
calce_CS2_36,1,0.40559932719006236
calce_CS2_36,1,0.40561001569115873
calce_CS2_36,1,0.5147282017231385
calce_CS2_36,1,0.527184268949369
calce_CS2_36,1,0.5417048087987265
calce_CS2_36,1,0.5952958066054018
calce_CS2_36,1,0.5746553247678572
calce_CS2_36,1,0.4735984022671288
calce_CS2_36,1,0.5047058315387805
calce_CS2_36,1,0.5457706297565577
calce_CS2_36,1,0.5746592937694195
calce_CS2_36,1,0.6214854145519833
calce_CS2_36,1,0.5104153183728877
calce_CS2_36,1,0.4629598946805472
calce_CS2_36,1,0.42211472398700894
calce_CS2_36,1,0.4084149442289601
calce_CS2_36,1,0.4934433610331461
calce_CS2_36,1,0.7215802586291584
calce_CS2_36,1,0.46106706414676013
calce_CS2_36,1,0.48108972641938236
calce_CS2_36,1,0.5383298879258727
calce_CS2_36,1,0.5364309580339962
calce_CS2_36,1,0.4835125376116668
calce_CS2_36,1,0.5904586772253189
calce_CS2_36,1,0.5291639510449331
calce_CS2_36,1,0.5384695243768884
calce_CS2_36,1,0.5396791040254701
calce_CS2_36,1,0.594650862411714
calce_CS2_36,1,0.5438664944020226
calce_CS2_36,1,0.5427781865879392
calce_CS2_36,1,0.5511063908900005
calce_CS2_36,1,0.5483267269195767
calce_CS2_36,1,0.5496900850388218
calce_CS2_36,1,0.5523000674544115
calce_CS2_36,1,0.5807886250146056
calce_CS2_36,1,0.5212036082958206
calce_CS2_36,1,0.5258172672789928
calce_CS2_36,1,0.5336062268116321
calce_CS2_36,1,0.5342313646189792
calce_CS2_36,1,0.5345996304483575
calce_CS2_36,1,0.7407498317431195
calce_CS2_36,1,0.7476235329008502
calce_CS2_36,1,0.548672695491866
calce_CS2_36,1,0.5580539460556933
calce_CS2_36,1,0.5627813693265779
calce_CS2_36,1,0.5692445466262873
calce_CS2_36,1,0.7825295255300077
calce_CS2_36,1,0.5773317558530852
calce_CS2_36,1,0.5646548836676831
calce_CS2_36,1,0.5189325861794465
calce_CS2_36,1,0.524804202320753
calce_CS2_36,1,0.5333870884343358
calce_CS2_36,1,0.5910899747180006
calce_CS2_36,1,0.6083160284523639
calce_CS2_36,1,0.6218400095921617
calce_CS2_36,1,0.9047552717025773
calce_CS2_35,0,0.8641780347607099
calce_CS2_35,0,0.8574167235474877
calce_CS2_35,0,0.8403210937319353
calce_CS2_35,0,0.8354423640976322
calce_CS2_35,0,0.8330162896482417
calce_CS2_35,0,0.8329587320282148
calce_CS2_35,0,0.8313818243455111
calce_CS2_35,0,0.8282382139612059
calce_CS2_35,0,0.8274091901362011
calce_CS2_35,0,0.8290306417714056
calce_CS2_35,0,0.8296775936169224
calce_CS2_35,0,0.8335172765025627
calce_CS2_35,0,0.8330999544378984
calce_CS2_35,0,0.8332867787806645
calce_CS2_35,0,0.8332859298105362
calce_CS2_35,0,0.831892309047538
calce_CS2_35,0,0.8982621276991146
calce_CS2_35,0,0.832609763371713
calce_CS2_35,0,0.8602904757398424
calce_CS2_35,0,0.8825052559959732
calce_CS2_35,0,0.8712028855599528
calce_CS2_35,0,0.8820754907645989
calce_CS2_35,0,0.8773019043672095
calce_CS2_35,0,0.8518509247969189
calce_CS2_35,0,0.855030957545897
calce_CS2_35,0,0.846914949155985
calce_CS2_35,0,0.8874863164929422
calce_CS2_35,0,0.9329719932379947
calce_CS2_35,0,0.8852456260014901
calce_CS2_35,0,0.8738645878336471
calce_CS2_35,0,0.8865564142067849
calce_CS2_35,0,0.8525887707705894
calce_CS2_35,0,0.8461066302406707
calce_CS2_35,0,0.87376063619047
calce_CS2_35,0,0.8913047968896424
calce_CS2_35,0,0.8955620266438341
calce_CS2_35,0,0.8834049114554007
calce_CS2_35,0,0.8921540007219328
calce_CS2_35,0,0.8617745033403983
calce_CS2_35,0,0.8670968628847127
calce_CS2_35,0,0.8708494403300329
calce_CS2_35,0,0.8994443017977399
calce_CS2_35,0,0.8931028750789478
calce_CS2_35,0,0.8951147987655256
calce_CS2_35,0,0.8980761379802915
calce_CS2_35,0,0.8722616168111073
calce_CS2_35,0,0.8691949069968771
calce_CS2_35,0,0.8648802101733499
calce_CS2_35,0,0.8928401273180561
calce_CS2_35,0,0.8976951321348057
calce_CS2_35,0,0.887001436214256
calce_CS2_35,0,0.8684415384237906
calce_CS2_35,0,0.8631298360999883
calce_CS2_35,0,0.861036628850845
calce_CS2_35,0,0.8595641753532525
calce_CS2_35,0,0.8565589416821352
calce_CS2_35,0,0.8554267210379328
calce_CS2_35,0,0.8539055715970568
calce_CS2_35,0,0.8543289913152048
calce_CS2_35,0,0.8549045300224715
calce_CS2_35,0,0.8552074282806115
calce_CS2_35,0,0.8554848048242345
calce_CS2_35,0,0.8554066856347251
calce_CS2_35,0,0.8546974083484853
calce_CS2_35,0,0.8541467695556633
calce_CS2_35,0,0.8533682074307054
calce_CS2_35,0,0.8534295569990216
calce_CS2_35,0,0.8541601948562914
calce_CS2_35,0,0.8865696861462823
calce_CS2_35,0,0.896639363377874
calce_CS2_35,0,0.8973033320210558
calce_CS2_35,0,0.8920904467331229
calce_CS2_35,0,0.8965384734092364
calce_CS2_35,0,0.8726104462171559
calce_CS2_35,0,0.8646380713570438
calce_CS2_35,0,0.8862576904154508
calce_CS2_35,0,0.8984075312950001
calce_CS2_35,0,0.8951856275626118
calce_CS2_35,0,0.895947049710592
calce_CS2_35,0,0.8969663527543996
calce_CS2_35,0,0.8789281130200104
calce_CS2_35,0,0.8698211942819166
calce_CS2_35,0,0.8756273640407377
calce_CS2_35,0,0.9044774366918975
calce_CS2_35,0,0.9097090598989676
calce_CS2_35,0,0.9091068342685852
calce_CS2_35,0,0.9046926786982002
calce_CS2_35,0,0.9048513342206222
calce_CS2_35,0,0.8771841456201409
calce_CS2_35,0,0.871171092513491
calce_CS2_35,0,0.8951295741169184
calce_CS2_35,0,0.8994782788208464
calce_CS2_35,0,0.897176508356526
calce_CS2_35,0,0.8995710206201532
calce_CS2_35,0,0.9061895939224062
calce_CS2_35,0,0.8839615966935428
calce_CS2_35,0,0.8834197936710699
calce_CS2_35,0,0.8699098492997662
calce_CS2_35,0,0.9107323881589817
calce_CS2_35,0,0.9080510655475561
calce_CS2_35,0,0.9000934301055391
calce_CS2_35,0,0.9023784384362183
calce_CS2_35,0,0.8774219069548372
calce_CS2_35,0,0.8852584430129989
calce_CS2_35,0,0.8838877358219092
calce_CS2_35,0,0.8831421939940483
calce_CS2_35,0,0.881622091899427
calce_CS2_35,0,0.8724177745172117
calce_CS2_35,0,0.8696726882196222
calce_CS2_35,0,0.8679705980242778
calce_CS2_35,0,0.8667045300170835
calce_CS2_35,0,0.8658063749913207
calce_CS2_35,0,0.8648645789457354
calce_CS2_35,0,0.8640972438078868
calce_CS2_35,0,0.8629636377660121
calce_CS2_35,0,0.8617694739924435
calce_CS2_35,0,0.85888810050304
calce_CS2_35,0,0.8603025078965141
calce_CS2_35,0,0.8595664086870561
calce_CS2_35,0,0.8964911478835076
calce_CS2_35,0,0.9011023340537041
calce_CS2_35,0,0.8992161151861865
calce_CS2_35,0,0.8991202653652659
calce_CS2_35,0,0.9058629691811146
calce_CS2_35,0,0.8875424958332192
calce_CS2_35,0,0.8722755391472546
calce_CS2_35,0,0.924959023366033
calce_CS2_35,0,0.8978678499077201
calce_CS2_35,0,0.9052672247048388
calce_CS2_35,0,0.900908916103773
calce_CS2_35,0,0.9103996824201366
calce_CS2_35,0,0.9067493359056775
calce_CS2_35,0,0.8831318394582416
calce_CS2_35,0,0.8715185909648306
calce_CS2_35,0,0.8824591999390426
calce_CS2_35,0,0.9020892472833513
calce_CS2_35,0,0.909294631448757
calce_CS2_35,0,0.9041099040363213
calce_CS2_35,0,0.9077728913505115
calce_CS2_35,0,0.8894952509660694
calce_CS2_35,0,0.8741000808504019
calce_CS2_35,0,0.8680178524255135
calce_CS2_35,0,0.8987887584113572
calce_CS2_35,0,0.9081520839288072
calce_CS2_35,0,0.9067417973275804
calce_CS2_35,0,0.8969549145725888
calce_CS2_35,0,0.9021219642618246
calce_CS2_35,0,0.8862533182297462
calce_CS2_35,0,0.9061959482306011
calce_CS2_35,0,0.9093756365208134
calce_CS2_35,0,0.9090300810988364
calce_CS2_35,0,0.9112403661875751
calce_CS2_35,0,0.9056160799679837
calce_CS2_35,0,0.882610656863375
calce_CS2_35,0,0.8897726303999745
calce_CS2_35,0,0.8860567206488413
calce_CS2_35,0,0.8832631857519082
calce_CS2_35,0,0.8824919714218157
calce_CS2_35,0,0.8800235169544781
calce_CS2_35,0,0.9988490863484635
calce_CS2_35,0,0.8838090983092961
calce_CS2_35,0,0.8685445088426315
calce_CS2_35,0,0.8711342389813584
calce_CS2_35,0,0.8692143732293026
calce_CS2_35,0,0.8939018385510442
calce_CS2_35,0,0.8949306453155104
calce_CS2_35,0,0.8822144326418957
calce_CS2_35,0,0.8723653825999786
calce_CS2_35,0,0.8732908020047923
calce_CS2_35,0,0.8676539879053644
calce_CS2_35,0,0.8636363243649893
calce_CS2_35,0,0.8684759475191061
calce_CS2_35,0,0.8851221574314859
calce_CS2_35,0,0.8861574642108881
calce_CS2_35,0,0.8731090856894477
calce_CS2_35,0,0.8736460794803429
calce_CS2_35,0,0.8838436876065126
calce_CS2_35,0,0.8706343520485584
calce_CS2_35,0,0.8684892886773758
calce_CS2_35,0,0.8896449894633455
calce_CS2_35,0,0.8892024223282476
calce_CS2_35,0,0.8902960356496988
calce_CS2_35,0,0.8936376298210391
calce_CS2_35,0,0.8877015846857151
calce_CS2_35,0,0.8719013506556622
calce_CS2_35,0,0.8652039847156259
calce_CS2_35,0,0.8810232502274403
calce_CS2_35,0,0.8884542824656964
calce_CS2_35,0,0.882766602521751
calce_CS2_35,0,0.8926545036324999
calce_CS2_35,0,0.8845063836343845
calce_CS2_35,0,0.8821548309617119
calce_CS2_35,0,0.8639042188740498
calce_CS2_35,0,0.860598736344917
calce_CS2_35,0,0.8586597603961225
calce_CS2_35,0,0.8582853953341423
calce_CS2_35,0,0.857573198617701
calce_CS2_35,0,0.8691322513307187
calce_CS2_35,0,0.8671862469913124
calce_CS2_35,0,0.8659040897037974
calce_CS2_35,0,0.8659507417431438
calce_CS2_35,0,0.8651983452709902
calce_CS2_35,0,0.8659942708817499
calce_CS2_35,0,0.8653996817406343
calce_CS2_35,0,0.865980458675201
calce_CS2_35,0,0.8653570400349627
calce_CS2_35,0,0.864934936876428
calce_CS2_35,0,0.8642793171470675
calce_CS2_35,0,0.8653001847419647
calce_CS2_35,0,0.8834269556035662
calce_CS2_35,0,0.8514891080742265
calce_CS2_35,0,0.8585297027540628
calce_CS2_35,0,0.8580392714593224
calce_CS2_35,0,0.8413009196521928
calce_CS2_35,0,0.8363070714404023
calce_CS2_35,0,0.8593116717909134
calce_CS2_35,0,0.8653080267403025
calce_CS2_35,0,0.8615444411588807
calce_CS2_35,0,0.8628573448741613
calce_CS2_35,0,0.8724800080850552
calce_CS2_35,0,0.8571655021029743
calce_CS2_35,0,0.8514667093553929
calce_CS2_35,0,0.8622270563497493
calce_CS2_35,0,0.8830452513819552
calce_CS2_35,0,0.8769009404616657
calce_CS2_35,0,0.8756815220609648
calce_CS2_35,0,0.8934573657755855
calce_CS2_35,0,0.8923385047872116
calce_CS2_35,0,0.8668650217333805
calce_CS2_35,0,0.8605034392589356
calce_CS2_35,0,0.8942771766201166
calce_CS2_35,0,0.9026592984007429
calce_CS2_35,0,0.9043077906465408
calce_CS2_35,0,0.9096049922007742
calce_CS2_35,0,0.903036802697913
calce_CS2_35,0,0.8824203012765514
calce_CS2_35,0,0.8699891240070878
calce_CS2_35,0,0.8650235929396083
calce_CS2_35,0,0.9187163093587575
calce_CS2_35,0,0.8614855084006989
calce_CS2_35,0,0.8576439651109907
calce_CS2_35,0,0.8539708892496336
calce_CS2_35,0,0.8527335584959272
calce_CS2_35,0,0.8532626326851683
calce_CS2_35,0,0.8599469551365967
calce_CS2_35,0,0.8614603508780112
calce_CS2_35,0,0.862637270518678
calce_CS2_35,0,0.8644300065092588
calce_CS2_35,0,0.8636507247660182
calce_CS2_35,0,0.8637444443179912
calce_CS2_35,0,0.8641937564621152
calce_CS2_35,0,0.8645506667540181
calce_CS2_35,0,0.8651682009658287
calce_CS2_35,0,0.9065963627565438
calce_CS2_35,0,0.9008738823696185
calce_CS2_35,0,0.9191089047467864
calce_CS2_35,0,0.919566851412338
calce_CS2_35,0,0.9150763801291268
calce_CS2_35,0,0.884655552069903
calce_CS2_35,0,0.8724912677014606
calce_CS2_35,0,0.9049648014593772
calce_CS2_35,0,0.911598245741887
calce_CS2_35,0,0.904116122460648
calce_CS2_35,0,0.8800523940387902
calce_CS2_35,0,0.875496483013787
calce_CS2_35,0,0.9132611885832699
calce_CS2_35,0,0.9171669716950384
calce_CS2_35,0,0.9190400635825681
calce_CS2_35,0,0.9025000918462215
calce_CS2_35,0,0.9096406107160162
calce_CS2_35,0,0.9168693665834403
calce_CS2_35,0,0.8989785644065579
calce_CS2_35,0,0.8824911025339066
calce_CS2_35,0,0.8758758195939211
calce_CS2_35,0,0.9073415547543707
calce_CS2_35,0,0.917280609059092
calce_CS2_35,0,0.9171150238023571
calce_CS2_35,0,0.9236752198570679
calce_CS2_35,0,0.9172816118309456
calce_CS2_35,0,0.8934744917189243
calce_CS2_35,0,0.8932475187318624
calce_CS2_35,0,0.8961729824174193
calce_CS2_35,0,0.9148828923609879
calce_CS2_35,0,0.9135899317493384
calce_CS2_35,0,0.9210146847977849
calce_CS2_35,0,0.9230664076798154
calce_CS2_35,0,0.9244571294207914
calce_CS2_35,0,0.9011654270042265
calce_CS2_35,0,0.893631447618785
calce_CS2_35,0,0.9174701099682179
calce_CS2_35,1,0.9218855541241244
calce_CS2_35,1,0.9151263379681253
calce_CS2_35,1,0.917374444667413
calce_CS2_35,1,0.9181906359787698
calce_CS2_35,1,0.8993627157923407
calce_CS2_35,1,0.8986094919270001
calce_CS2_35,1,0.8948463058976401
calce_CS2_35,1,0.9082632862674821
calce_CS2_35,1,0.9081914236257368
calce_CS2_35,1,0.9072160937300889
calce_CS2_35,1,0.908195900133682
calce_CS2_35,1,0.9152346055263428
calce_CS2_35,1,0.8968727988409875
calce_CS2_35,1,0.8911569843989946
calce_CS2_35,1,0.8885043938511248
calce_CS2_35,1,0.8879457140477814
calce_CS2_35,1,0.8876449070836637
calce_CS2_35,1,0.8871149145383809
calce_CS2_35,1,0.8865929736085698
calce_CS2_35,1,0.9325223072432676
calce_CS2_35,1,0.8857335306816617
calce_CS2_35,1,0.8848967951319495
calce_CS2_35,1,0.9327785929800334
calce_CS2_35,1,0.8856206545173982
calce_CS2_35,1,0.8858202091214381
calce_CS2_35,1,0.8866518339961182
calce_CS2_35,1,0.8910733338328638
calce_CS2_35,1,0.8923371654121827
calce_CS2_35,1,0.9024169672169754
calce_CS2_35,1,0.9088920906364996
calce_CS2_35,1,0.9001375036913788
calce_CS2_35,1,0.8966985354419106
calce_CS2_35,1,0.8950850666735076
calce_CS2_35,1,0.9162253251747199
calce_CS2_35,1,0.9099250361405726
calce_CS2_35,1,0.9096352664298485
calce_CS2_35,1,0.9138997211568171
calce_CS2_35,1,0.9174290664208671
calce_CS2_35,1,0.9089213966910095
calce_CS2_35,1,0.9015879885063848
calce_CS2_35,1,0.8987482064030811
calce_CS2_35,1,0.9224161461451047
calce_CS2_35,1,0.9140595236019459
calce_CS2_35,1,0.9136188137334444
calce_CS2_35,1,0.9181431569258173
calce_CS2_35,1,0.9152248844087241
calce_CS2_35,1,0.9042695155852375
calce_CS2_35,1,0.901013452335007
calce_CS2_35,1,0.9110974816880282
calce_CS2_35,1,0.9218159502651313
calce_CS2_35,1,0.9207330467335451
calce_CS2_35,1,0.919523153929112
calce_CS2_35,1,0.9176062979402451
calce_CS2_35,1,0.9237995827186752
calce_CS2_35,1,0.9038816703076189
calce_CS2_35,1,0.8991354310230515
calce_CS2_35,1,0.9237310155144914
calce_CS2_35,1,0.9260024506111985
calce_CS2_35,1,0.9177732694111052
calce_CS2_35,1,0.9176870215005474
calce_CS2_35,1,0.9205230157230805
calce_CS2_35,1,0.9170965975552128
calce_CS2_35,1,0.9110606208096959
calce_CS2_35,1,0.9095061701025238
calce_CS2_35,1,0.9077389079142606
calce_CS2_35,1,0.906491713638537
calce_CS2_35,1,0.9416146978453988
calce_CS2_35,1,0.9053733256285327
calce_CS2_35,1,0.9028898370165651
calce_CS2_35,1,0.9014352930593561
calce_CS2_35,1,0.9006329547620264
calce_CS2_35,1,0.9000409931986879
calce_CS2_35,1,0.8988654404065719
calce_CS2_35,1,0.8974420679885181
calce_CS2_35,1,0.898949091222684
calce_CS2_35,1,0.8983918326859106
calce_CS2_35,1,0.8973652639826579
calce_CS2_35,1,0.8967545189489856
calce_CS2_35,1,0.9246591211449132
calce_CS2_35,1,0.9325622808801065
calce_CS2_35,1,0.926323541365263
calce_CS2_35,1,0.9184824681667804
calce_CS2_35,1,0.9154074875093003
calce_CS2_35,1,0.9284622527290882
calce_CS2_35,1,0.9319220243095394
calce_CS2_35,1,0.9327967813005144
calce_CS2_35,1,0.9284027766793755
calce_CS2_35,1,0.9295197956723409
calce_CS2_35,1,0.9187649880738606
calce_CS2_35,1,0.9106407382547644
calce_CS2_35,1,0.9089362319082142
calce_CS2_35,1,0.9241204890705567
calce_CS2_35,1,0.9295540109899891
calce_CS2_35,1,0.925157757240828
calce_CS2_35,1,0.9238848657197285
calce_CS2_35,1,0.9275645494639989
calce_CS2_35,1,0.9141165580671881
calce_CS2_35,1,0.9099154670636013
calce_CS2_35,1,0.9206522961215678
calce_CS2_35,1,0.9266571262473422
calce_CS2_35,1,0.9324023996525355
calce_CS2_35,1,0.9303629703017438
calce_CS2_35,1,0.933349659112102
calce_CS2_35,1,0.9362443772406417
calce_CS2_35,1,0.9203663148615016
calce_CS2_35,1,0.9128527672363854
calce_CS2_35,1,0.9102261940420987
calce_CS2_35,1,0.95627961309348
calce_CS2_35,1,0.9287589157323657
calce_CS2_35,1,0.9240230745944009
calce_CS2_35,1,0.9192772510996897
calce_CS2_35,1,0.9194975366152617
calce_CS2_35,1,0.9193244557568904
calce_CS2_35,1,0.9054084686855294
calce_CS2_35,1,0.9016828341021659
calce_CS2_35,1,0.9002823081063229
calce_CS2_35,1,0.8996701876423108
calce_CS2_35,1,0.8988131306845908
calce_CS2_35,1,0.8976676829845333
calce_CS2_35,1,0.8974722138763087
calce_CS2_35,1,0.8974563571117166
calce_CS2_35,1,0.8972857246080395
calce_CS2_35,1,0.8970153569690263
calce_CS2_35,1,0.8973121924700467
calce_CS2_35,1,0.8977027677396896
calce_CS2_35,1,0.8984832026224853
calce_CS2_35,1,0.938131184731326
calce_CS2_35,1,0.8984982764830692
calce_CS2_35,1,0.907874893544257
calce_CS2_35,1,0.9186973892427222
calce_CS2_35,1,0.9141819408734476
calce_CS2_35,1,0.9001298924379717
calce_CS2_35,1,0.8986633519838433
calce_CS2_35,1,0.9095947908073262
calce_CS2_35,1,0.9157622105391737
calce_CS2_35,1,0.9159034600216033
calce_CS2_35,1,0.9139716806227584
calce_CS2_35,1,0.9190228431606302
calce_CS2_35,1,0.9206397330241016
calce_CS2_35,1,0.894829963611137
calce_CS2_35,1,0.9057198352139361
calce_CS2_35,1,0.9069795781151917
calce_CS2_35,1,0.9178343255910819
calce_CS2_35,1,0.9209897372412481
calce_CS2_35,1,0.9154686648725853
calce_CS2_35,1,0.9197812429290914
calce_CS2_35,1,0.9210113426588724
calce_CS2_35,1,0.9052891635724081
calce_CS2_35,1,0.8996448233213832
calce_CS2_35,1,0.9019869489079928
calce_CS2_35,1,0.913640844132537
calce_CS2_35,1,0.9228932780561963
calce_CS2_35,1,0.8822124172639861
calce_CS2_35,1,0.8938090545989247
calce_CS2_35,1,0.9236747953155852
calce_CS2_35,1,0.9329101917409676
calce_CS2_35,1,0.9220438464841282
calce_CS2_35,1,0.9172656515206303
calce_CS2_35,1,0.9061093005001435
calce_CS2_35,1,0.9433933143273715
calce_CS2_35,1,0.972023573595754
calce_CS2_35,1,0.9465092975604995
calce_CS2_35,1,0.953285913454968
calce_CS2_35,1,0.9492298695346162
calce_CS2_35,1,0.9544235817784663
calce_CS2_35,1,0.9353916284605884
calce_CS2_35,1,0.9368214658079824
calce_CS2_35,1,0.9379400230580112
calce_CS2_35,1,0.9533700381522826
calce_CS2_35,1,0.9555914179322327
calce_CS2_35,1,0.9536876920576645
calce_CS2_35,1,0.955906585275147
calce_CS2_35,1,0.963067793892182
calce_CS2_35,1,0.9562482113728956
calce_CS2_35,1,0.9452292041082552
calce_CS2_35,1,0.9380890861949833
calce_CS2_35,1,0.9557894018298414
calce_CS2_35,1,0.9620926919310941
calce_CS2_35,1,0.9600867115892593
calce_CS2_35,1,0.9628551880384544
calce_CS2_35,1,0.9640466784616292
calce_CS2_35,1,0.9678132962330471
calce_CS2_35,1,0.9667435608369203
calce_CS2_35,1,0.9684386158473992
calce_CS2_35,1,0.9677583583379104
calce_CS2_35,1,0.9658544446073435
calce_CS2_35,1,0.9665589333211393
calce_CS2_35,1,0.9655099678906273
calce_CS2_35,1,0.9593758506752862
calce_CS2_35,1,0.9554318243948153
calce_CS2_35,1,0.9612583078090766
calce_CS2_35,1,0.9588715326762501
calce_CS2_35,1,0.9607579894849334
calce_CS2_35,1,0.9562785574514269
calce_CS2_35,1,0.9545705530972243
calce_CS2_35,1,0.957190237371576
calce_CS2_35,1,0.9529623385667392
calce_CS2_35,1,0.955450908778661
calce_CS2_35,1,0.9560396481271373
calce_CS2_35,1,0.9574838282723588
calce_CS2_35,1,0.9590046550887988
calce_CS2_35,1,0.9542722219299278
calce_CS2_35,1,0.937127040318473
calce_CS2_35,1,0.9436150316421876
calce_CS2_35,1,0.9709253074638904
calce_CS2_35,1,0.9494949998771897
calce_CS2_35,1,0.953943853362402
calce_CS2_35,1,0.9575606108224762
calce_CS2_35,1,0.959557408515054
calce_CS2_35,1,0.9536225925095952
calce_CS2_35,1,0.9776544602700783
calce_CS2_35,1,0.9523086110308384
calce_CS2_35,1,0.9534571682536127
calce_CS2_35,1,0.9520046422534211
calce_CS2_35,1,0.9576647706208636
calce_CS2_35,1,0.960739858459215
calce_CS2_35,1,0.9625477295816737
calce_CS2_35,1,0.9570492615523102
calce_CS2_35,1,0.9810675641581073
calce_CS2_35,1,0.9605054321596039
calce_CS2_35,1,0.9594478626325279
calce_CS2_35,1,0.9491934905865657
calce_CS2_35,1,0.9618548814504857
calce_CS2_35,1,0.960496424687505
calce_CS2_35,1,0.9643711550978268
calce_CS2_35,1,0.9669088021174091
calce_CS2_35,1,0.9635151379625626
calce_CS2_35,1,0.9657596345040702
calce_CS2_35,1,0.9854705419819105
calce_CS2_35,1,0.9685333612899454
calce_CS2_35,1,0.9664542075216321
calce_CS2_35,1,0.9651435145226654
calce_CS2_35,1,0.9668468559647716
calce_CS2_35,1,0.966564293027612
calce_CS2_35,1,0.9690593770307234
calce_CS2_35,1,0.97098703659677
calce_CS2_35,1,0.9737449170791916
calce_CS2_35,1,0.9757140569686569
calce_CS2_35,1,0.9758184123688228
calce_CS2_35,1,0.9742881492368243
calce_CS2_35,1,0.9870625051737576
calce_CS2_35,1,0.9746706481132172
calce_CS2_35,1,0.9721002942882149
calce_CS2_35,1,0.9749539350445959
calce_CS2_35,1,0.9759311197039682
calce_CS2_35,1,0.977335267141306
calce_CS2_35,1,0.9782660683344349
calce_CS2_35,1,0.9748119575781593
calce_CS2_35,1,0.9758100911391223
calce_CS2_35,1,0.9741268835878373
calce_CS2_35,1,0.9738910368675013
calce_CS2_35,1,0.9727608254380854
calce_CS2_35,1,0.9654993687827019
calce_CS2_35,1,0.9676651638156705
calce_CS2_35,1,0.9716851404470623
calce_CS2_35,1,0.9761133366795813
calce_CS2_35,1,0.9750661861075096
calce_CS2_35,1,0.9767291985823835
calce_CS2_35,1,0.978999777857579
calce_CS2_35,1,0.9791262950124209
calce_CS2_35,1,0.9779052391037242
calce_CS2_35,1,0.9764421839917702
calce_CS2_35,1,0.9778627880868457
calce_CS2_35,1,0.9784637907561657
calce_CS2_35,1,0.981709132525492
calce_CS2_35,1,0.9820918028184401
calce_CS2_35,1,0.9844439347733509
calce_CS2_35,1,0.9826547981555703
calce_CS2_35,1,0.983795233961362
calce_CS2_35,1,0.9830604778957228
calce_CS2_35,1,0.9809095132596255
calce_CS2_35,1,0.9808359002157285
calce_CS2_35,1,0.9824927248622731
calce_CS2_35,1,0.9848705706934302
calce_CS2_35,1,0.9846122349595432
calce_CS2_35,1,0.9856036520857588
calce_CS2_35,1,0.986518957619836
calce_CS2_35,1,0.9843420906228764
calce_CS2_35,1,0.9851190586727565
calce_CS2_35,1,0.9835282814308424
calce_CS2_35,1,0.9849223256854279
calce_CS2_35,1,0.9830591325035245
calce_CS2_35,1,0.9849563450584078
calce_CS2_35,1,0.9859844602366387
calce_CS2_35,1,0.9871145293482517
calce_CS2_35,1,0.986484531958683
calce_CS2_35,1,0.9873031788202202
calce_CS2_35,1,0.9882115321099433
calce_CS2_35,1,0.9887783735180974
calce_CS2_35,1,0.9874338078479421
calce_CS2_35,1,0.9880747197224798
calce_CS2_35,1,0.9889650807570263
calce_CS2_35,1,0.9946576192814892
calce_CS2_35,1,0.9837107650241225
calce_CS2_35,1,0.9832385727336416
calce_CS2_35,1,0.981823013952384
calce_CS2_35,1,0.9811316767161852
calce_CS2_35,1,0.9811910303633112
calce_CS2_35,1,0.9812232309027041
calce_CS2_35,1,0.9815095143613954
calce_CS2_35,1,0.9817992427659298
calce_CS2_35,1,0.9822562311676886
calce_CS2_35,1,0.9846028818275832
calce_CS2_35,1,0.9882202592995031
calce_CS2_35,1,0.9896128706549592
calce_CS2_35,1,0.9901246788145389
calce_CS2_35,1,0.9898565608129819
calce_CS2_35,1,0.9914745851391602
calce_CS2_35,1,0.9910151355385499
calce_CS2_35,1,0.9915336873624919
calce_CS2_35,1,0.9924884814820341
calce_CS2_35,1,0.9915653359230754
calce_CS2_35,1,0.9920212931480747
calce_CS2_35,1,0.9922582443353128
calce_CS2_35,1,0.9911758890662218
calce_CS2_35,1,0.991445490549925
calce_CS2_35,1,0.9935737696773512
calce_CS2_35,1,0.9929610135532586
calce_CS2_35,1,0.9929389571058282
calce_CS2_35,1,0.9925239444085283
calce_CS2_35,1,0.9919908956547312
calce_CS2_35,1,0.9919698950158817
calce_CS2_35,1,0.9916699979030245
calce_CS2_35,1,0.9911675594128316
calce_CS2_35,1,0.9904104879975527
calce_CS2_35,1,0.991871572390413
calce_CS2_35,1,0.991835241573876
calce_CS2_35,1,0.9924199959103346
calce_CS2_35,1,0.9932340068958149
calce_CS2_35,1,0.993405122616015
calce_CS2_35,1,0.9945301448254261
calce_CS2_35,1,0.9941530876895491
calce_CS2_35,1,0.9939038120179173
calce_CS2_35,1,0.9942998229613587
calce_CS2_35,1,0.9953354093137708
calce_CS2_35,1,0.9954880223611751
calce_CS2_35,1,0.9952979297128948
calce_CS2_35,1,0.9957480753132703
calce_CS2_35,1,0.995326190615166
calce_CS2_35,1,0.996344864309237
calce_CS2_35,1,0.9967989941299115
calce_CS2_35,1,0.9964167222709075
calce_CS2_35,1,0.997046100794256
calce_CS2_35,1,0.997355575522815
calce_CS2_35,1,0.9979355648176841
calce_CS2_35,1,0.9978757647638873
calce_CS2_35,1,0.9977336535533677
calce_CS2_35,1,0.9981048813532832
calce_CS2_35,1,0.9981934057683007
calce_CS2_35,1,0.9982490047694171
calce_CS2_35,1,0.998208550360041
calce_CS2_35,1,0.9977785049819876
calce_CS2_35,1,0.9977854667022217
calce_CS2_35,1,0.9979791379574843
calce_CS2_35,1,0.9976206520077985
calce_CS2_35,1,0.9976555219659556
calce_CS2_35,1,0.9982745241556292
calce_CS2_35,1,0.9981315224852796
calce_CS2_35,1,0.9985884793505463
calce_CS2_35,1,0.9979580432840673
calce_CS2_35,1,0.9981937366612617
calce_CS2_35,1,0.9984568572957943
calce_CS2_35,1,0.9986579074379619
calce_CS2_35,1,0.998824741353194
calce_CS2_35,1,0.9984530972012322
calce_CS2_35,1,0.9981770702627009
calce_CS2_35,1,0.9984272061060977
calce_CS2_35,1,0.9981665227583372
calce_CS2_35,1,0.9987388404515007
calce_CS2_35,1,0.9982906668840311
calce_CS2_35,1,0.9983464021055647
calce_CS2_35,1,0.9981212662042701
calce_CS2_35,1,0.9983672748148942
calce_CS2_35,1,0.9986741770986668
calce_CS2_35,1,0.9988662243542766
calce_CS2_35,1,0.9986981851273561
calce_CS2_35,1,0.9988807594035329
calce_CS2_35,1,0.9986543141978483
calce_CS2_35,1,0.9987805874004733
calce_CS2_35,1,0.9989456375102705
calce_CS2_35,1,0.9987561613492073
calce_CS2_35,1,0.9990170816699167
calce_CS2_35,1,0.998940905366268
calce_CS2_35,1,0.9988579449348474
calce_CS2_35,1,0.9986745046240426
calce_CS2_35,1,0.9989331205528642
calce_CS2_35,1,0.9988744130720156
calce_CS2_35,1,0.9988310517828267
calce_CS2_35,1,0.995326190615166
calce_CS2_35,1,0.996344864309237
calce_CS2_35,1,0.9967989941299115
calce_CS2_35,1,0.9964167222709075
calce_CS2_35,1,0.997046100794256
calce_CS2_35,1,0.997355575522815
calce_CS2_35,1,0.9979355648176841
calce_CS2_35,1,0.9978757647638873
calce_CS2_35,1,0.9977336535533677
calce_CS2_35,1,0.9981048813532832
calce_CS2_35,1,0.9981934057683007
calce_CS2_35,1,0.9982490047694171
calce_CS2_35,1,0.998208550360041
calce_CS2_35,1,0.9977785049819876
calce_CS2_35,1,0.9977854667022217
calce_CS2_35,1,0.9979791379574843
calce_CS2_35,1,0.9976206520077985
calce_CS2_35,1,0.9976555219659556
calce_CS2_35,1,0.9982745241556292
calce_CS2_35,1,0.9981315224852796
calce_CS2_35,1,0.9985884793505463
calce_CS2_35,1,0.9979580432840673
calce_CS2_35,1,0.9981937366612617
calce_CS2_35,1,0.9984568572957943
calce_CS2_35,1,0.9986579074379619
calce_CS2_35,1,0.998824741353194
calce_CS2_35,1,0.9984530972012322
calce_CS2_35,1,0.9981770702627009
calce_CS2_35,1,0.9984272061060977
calce_CS2_35,1,0.9981665227583372
calce_CS2_35,1,0.9987388404515007
calce_CS2_35,1,0.9982906668840311
calce_CS2_35,1,0.9983464021055647
calce_CS2_35,1,0.9981212662042701
calce_CS2_35,1,0.9983672748148942
calce_CS2_35,1,0.9986741770986668
calce_CS2_35,1,0.9988662243542766
calce_CS2_35,1,0.9986981851273561
calce_CS2_35,1,0.9988807594035329
calce_CS2_35,1,0.9986543141978483
calce_CS2_35,1,0.9987805874004733
calce_CS2_35,1,0.9989456375102705
calce_CS2_35,1,0.9987561613492073
calce_CS2_35,1,0.9990170816699167
calce_CS2_35,1,0.998940905366268
calce_CS2_35,1,0.9988579449348474
calce_CS2_35,1,0.9986745046240426
calce_CS2_35,1,0.9989331205528642
calce_CS2_35,1,0.9988744130720156
calce_CS2_35,1,0.9988310517828267
calce_CS2_35,1,0.8407039176202327
calce_CS2_35,1,0.8535942861721086
calce_CS2_35,1,0.8492175898111358
calce_CS2_35,1,0.8498018992898447
calce_CS2_35,1,0.8225987659275383
calce_CS2_35,1,0.8127715405367094
calce_CS2_35,1,0.8277296006997711
calce_CS2_35,1,0.841586891936679
calce_CS2_35,1,0.8510317593747249
calce_CS2_35,1,0.8389298380559936
calce_CS2_35,1,0.8501421594081375
calce_CS2_35,1,0.831807277841954
calce_CS2_35,1,0.8205471383824479
calce_CS2_35,1,0.8164679639323282
calce_CS2_35,1,0.8151613183295829
calce_CS2_35,1,0.8140448585687003
calce_CS2_35,1,0.8123748195171923
calce_CS2_35,1,0.8113145196317182
calce_CS2_35,1,0.8112391336265967
calce_CS2_35,1,0.8124104104723724
calce_CS2_35,1,0.7920528797050065
calce_CS2_35,1,0.7929654945598613
calce_CS2_35,1,0.7938615518413248
calce_CS2_35,1,0.7939096926488355
calce_CS2_35,1,0.7941265737227771
calce_CS2_35,1,0.7959471477613347
calce_CS2_35,1,0.7982150849165472
calce_CS2_35,1,0.8236066917341771
calce_CS2_35,1,0.8334495187945615
calce_CS2_35,1,0.8256864958678302
calce_CS2_35,1,0.8336033449563165
calce_CS2_35,1,0.8436028212368749
calce_CS2_35,1,0.8154703874191818
calce_CS2_35,1,0.8028379885867627
calce_CS2_35,1,0.8149678437848517
calce_CS2_35,1,0.828540295783701
calce_CS2_35,1,0.8353702227622933
calce_CS2_35,1,0.8382142976434639
calce_CS2_35,1,0.8467054046541219
calce_CS2_35,1,0.8190407771305795
calce_CS2_35,1,0.8076470178163477
calce_CS2_35,1,0.8235813029173943
calce_CS2_35,1,0.8486241178056326
calce_CS2_35,1,0.8314213549605369
calce_CS2_35,1,0.8329756679705586
calce_CS2_35,1,0.8366455869136462
calce_CS2_35,1,0.8295513686158664
calce_CS2_35,1,0.8089418299092486
calce_CS2_35,1,0.8220372298771681
calce_CS2_35,1,0.8365256310176608
calce_CS2_35,1,0.8387537133071518
calce_CS2_35,1,0.8421560169933757
calce_CS2_35,1,0.8479839690756936
calce_CS2_35,1,0.8468205886320932
calce_CS2_35,1,0.8483777627369001
calce_CS2_35,1,0.8230897134088816
calce_CS2_35,1,0.81804339780465
calce_CS2_35,1,0.8531651895174083
calce_CS2_35,1,0.855391988706032
calce_CS2_35,1,0.8483437538389862
calce_CS2_35,1,0.856175660131821
calce_CS2_35,1,0.8631959695249588
calce_CS2_35,1,0.8320537304744926
calce_CS2_35,1,0.8266939633386099
calce_CS2_35,1,0.8600891116868717
calce_CS2_35,1,0.8573786964642377
calce_CS2_35,1,0.8640795524904241
calce_CS2_35,1,0.8662848697672408
calce_CS2_35,1,0.8630556536266648
calce_CS2_35,1,0.8456838465077717
calce_CS2_35,1,0.8372379285896719
calce_CS2_35,1,0.8635916502314255
calce_CS2_35,1,0.8752083250185879
calce_CS2_35,1,0.8673337654745116
calce_CS2_35,1,0.9129537408795663
calce_CS2_35,1,0.8615726584650351
calce_CS2_35,1,0.8568776229164319
calce_CS2_35,1,0.8474078761999984
calce_CS2_35,1,0.8434782426545409
calce_CS2_35,1,0.8422473189295325
calce_CS2_35,1,0.8417288121375797
calce_CS2_35,1,0.8409995410721367
calce_CS2_35,1,0.8386544364267206
calce_CS2_35,1,0.8376271424765687
calce_CS2_35,1,0.8379684298374797
calce_CS2_35,1,0.8392516122492525
calce_CS2_35,1,0.8205974636398156
calce_CS2_35,1,0.8214927032580006
calce_CS2_35,1,0.8211440464999641
calce_CS2_35,1,0.8209909342581815
calce_CS2_35,1,0.819472827585302
calce_CS2_35,1,0.8161448030284335
calce_CS2_35,1,0.8321711459221923
calce_CS2_35,1,0.8906120432173296
calce_CS2_35,1,0.8599424601813166
calce_CS2_35,1,0.8550760647308521
calce_CS2_35,1,0.8632024441142052
calce_CS2_35,1,0.8653758074785858
calce_CS2_35,1,0.8792275602498054
calce_CS2_35,1,0.8416871584257761
calce_CS2_35,1,0.8356326948524883
calce_CS2_35,1,0.8631868082427735
calce_CS2_35,1,0.8711995575392246
calce_CS2_35,1,0.8768982563737551
calce_CS2_35,1,0.9102005113890406
calce_CS2_35,1,0.8437701352812851
calce_CS2_35,1,0.8390916804513715
calce_CS2_35,1,0.86980924789923
calce_CS2_35,1,0.8784098608373531
calce_CS2_35,1,0.8756782795871938
calce_CS2_35,1,0.8770600981166965
calce_CS2_35,1,0.8740502640924647
calce_CS2_35,1,0.8533862815949878
calce_CS2_35,1,0.842841183307074
calce_CS2_35,1,0.8617084529548147
calce_CS2_35,1,0.8662417365597429
calce_CS2_35,1,0.9156777122527989
calce_CS2_35,1,0.8715903022468987
calce_CS2_35,1,0.8652408769395133
calce_CS2_35,1,0.8483777711379067
calce_CS2_35,1,0.8473055160803347
calce_CS2_35,1,0.8429929232587219
calce_CS2_35,1,0.8708166186678836
calce_CS2_35,1,0.8600451302662766
calce_CS2_35,1,0.8619093695885924
calce_CS2_35,1,0.9019389790456978
calce_CS2_35,1,0.8386755345710896
calce_CS2_35,1,0.8365219225538308
calce_CS2_35,1,0.8359175149832134
calce_CS2_35,1,0.8339144240956751
calce_CS2_35,1,0.8326316303344901
calce_CS2_35,1,0.8308874171589389
calce_CS2_35,1,0.8249003941041746
calce_CS2_35,1,0.8246761520291431
calce_CS2_35,1,0.823653042711342
calce_CS2_35,1,0.8234183161807694
calce_CS2_35,1,0.8215729449952204
calce_CS2_35,1,0.8207968710639483
calce_CS2_35,1,0.8205358983303231
calce_CS2_35,1,0.8198997790320068
calce_CS2_35,1,0.819599073756599
calce_CS2_35,1,0.8192478441187255
calce_CS2_35,1,0.8192808327821353
calce_CS2_35,1,0.8192143933723958
calce_CS2_35,1,0.8481170764800564
calce_CS2_35,1,0.8620411627050887
calce_CS2_35,1,0.8643661589087713
calce_CS2_35,1,0.8610880356916973
calce_CS2_35,1,0.8708261290770719
calce_CS2_35,1,0.8462588354624242
calce_CS2_35,1,0.8496848246771926
calce_CS2_35,1,0.8297898455989476
calce_CS2_35,1,0.8709483040279714
calce_CS2_35,1,0.830817076392082
calce_CS2_35,1,0.8224992319450086
calce_CS2_35,1,0.8106271679609663
calce_CS2_35,1,0.8078678115236312
calce_CS2_35,1,0.83339190865335
calce_CS2_35,1,0.8917478202487844
calce_CS2_35,1,0.8300681922069025
calce_CS2_35,1,0.8380183327918299
calce_CS2_35,1,0.8548334813632172
calce_CS2_35,1,0.8373581949407186
calce_CS2_35,1,0.8439687102564314
calce_CS2_35,1,0.8580656655771227
calce_CS2_35,1,0.8618235437639731
calce_CS2_35,1,0.8482694455356977
calce_CS2_35,1,0.8496051910789367
calce_CS2_35,1,0.8646550156140735
calce_CS2_35,1,0.8513755446675574
calce_CS2_35,1,0.8508261992175545
calce_CS2_35,1,0.8535247763920492
calce_CS2_35,1,0.8591701377177998
calce_CS2_35,1,0.8589494335219535
calce_CS2_35,1,0.85958704894047
calce_CS2_35,1,0.858208537873642
calce_CS2_35,1,0.856389091898105
calce_CS2_35,1,0.8554648069100291
calce_CS2_35,1,0.8589015683564338
calce_CS2_35,1,0.8627134057095283
calce_CS2_35,1,0.8475543894820785
calce_CS2_35,1,0.8456685998026157
calce_CS2_35,1,0.8471185321463913
calce_CS2_35,1,0.8531436526846071
calce_CS2_35,1,0.8561524051977906
calce_CS2_35,1,0.8577941976636924
calce_CS2_35,1,0.8619140104060254
calce_CS2_35,1,0.86272134314008
calce_CS2_35,1,0.8481175023419678
calce_CS2_35,1,0.8626833724427369
calce_CS2_35,1,0.8506651006173588
calce_CS2_35,1,0.853170946361472
calce_CS2_35,1,0.8540409717323034
calce_CS2_35,1,0.8718780494286723
calce_CS2_35,1,0.8832083906118371
calce_CS2_35,1,0.8702121384820335
calce_CS2_35,1,0.8734068406411036
calce_CS2_35,1,0.8539966167412828
calce_CS2_35,1,0.8561750676587897
calce_CS2_35,1,0.8647301056616647
calce_CS2_35,1,0.8397835702593973
calce_CS2_35,1,0.836550669729562
calce_CS2_35,1,0.8608996953759589
calce_CS2_35,1,0.9991322719780634
calce_CS2_33,0,0.6842283908703525
calce_CS2_33,0,0.6544935351587524
calce_CS2_33,0,0.7807932317357055
calce_CS2_33,1,0.6670318837757341
calce_CS2_33,1,0.6793719149346307
calce_CS2_33,1,0.6772628718112988
calce_CS2_33,1,0.7052691771011451
calce_CS2_33,1,0.6599413129767481
calce_CS2_33,1,0.6523023464851374
calce_CS2_33,1,0.6984958118911829
calce_CS2_33,1,0.6973289668885577
calce_CS2_33,1,0.6911300878523022
calce_CS2_33,1,0.6634086213907017
calce_CS2_33,1,0.6634557051730767
calce_CS2_33,1,0.6951593450279832
calce_CS2_33,1,0.6913005560824015
calce_CS2_33,1,0.6850897395550563
calce_CS2_33,1,0.6811722439750256
calce_CS2_33,1,0.6478691229271728
calce_CS2_33,1,0.6674111564280327
calce_CS2_33,1,0.7125450756308682
calce_CS2_33,1,0.6925042131526756
calce_CS2_33,1,0.9367026534706484
calce_CS2_33,1,0.7246997726224595
calce_CS2_33,1,0.709995991644142
calce_CS2_33,1,0.6664660103706981
calce_CS2_33,1,0.7105086843402891
calce_CS2_33,1,0.7345155166605545
calce_CS2_33,1,0.8601075445532996
calce_CS2_33,1,0.9487446736199288
calce_CS2_33,1,0.7293509446180402
calce_CS2_33,1,0.7287855164135659
calce_CS2_33,1,0.7214717322138857
calce_CS2_33,1,0.6763758347662099
calce_CS2_33,1,0.6940333411625047
calce_CS2_33,1,0.725528139958183
calce_CS2_33,1,0.7242190212701936
calce_CS2_33,1,0.7300535151679738
calce_CS2_33,1,0.7020208408892818
calce_CS2_33,1,0.6802731800468702
calce_CS2_33,1,0.7243574311020367
calce_CS2_33,1,0.7361431800946037
calce_CS2_33,1,0.719027378942781
calce_CS2_33,1,0.7325951623892165
calce_CS2_33,1,0.6793059988648739
calce_CS2_33,1,0.6895812157368306
calce_CS2_33,1,0.6839096265033175
calce_CS2_33,1,0.6742124641155403
calce_CS2_33,1,0.6655279988256411
calce_CS2_33,1,0.6643242669138139
calce_CS2_33,1,0.6606481464046321
calce_CS2_33,1,0.6626975990315611
calce_CS2_33,1,0.6528557163256663
calce_CS2_33,1,0.6566422200488197
calce_CS2_33,1,0.6487039054595786
calce_CS2_33,1,0.64449175514743
calce_CS2_33,1,0.6755701170118048
calce_CS2_33,1,0.71419604518453
calce_CS2_33,1,0.7100971688081996
calce_CS2_33,1,0.7277811160630786
calce_CS2_33,1,0.6861193395102255
calce_CS2_33,1,0.6684150822665368
calce_CS2_33,1,0.73042518393153
calce_CS2_33,1,0.7141540656264529
calce_CS2_33,1,0.7153567024677767
calce_CS2_33,1,0.7201935962284907
calce_CS2_33,1,0.6848612017935927
calce_CS2_33,1,0.6951682354284872
calce_CS2_33,1,0.7244471714948537
calce_CS2_33,1,0.7311289106848693
calce_CS2_33,1,0.7396131419587599
calce_CS2_33,1,0.7009909324058439
calce_CS2_33,1,0.6999232878113355
calce_CS2_33,1,0.7357173251418958
calce_CS2_33,1,0.7346929978447309
calce_CS2_33,1,0.7361462977449453
calce_CS2_33,1,0.7384110378447167
calce_CS2_33,1,0.7028774216556275
calce_CS2_33,1,0.7023987618719895
calce_CS2_33,1,0.7398049801705776
calce_CS2_33,1,0.7455476530726703
calce_CS2_33,1,0.7017087216449784
calce_CS2_33,1,0.6939655248114133
calce_CS2_33,1,0.6910508794628923
calce_CS2_33,1,0.678861239815092
calce_CS2_33,1,0.6781286809993331
calce_CS2_33,1,0.6790769393675198
calce_CS2_33,1,0.6808668738070025
calce_CS2_33,1,0.6800954160553143
calce_CS2_33,1,0.8196475249632762
calce_CS2_33,1,0.6781676391101974
calce_CS2_33,1,0.6768843786265787
calce_CS2_33,1,0.6759539538981196
calce_CS2_33,1,0.6819233660700853
calce_CS2_33,1,0.7381909907419391
calce_CS2_33,1,0.72746398332678
calce_CS2_33,1,0.7378465989906803
calce_CS2_33,1,0.7108966854973471
calce_CS2_33,1,0.6837603152155778
calce_CS2_33,1,0.7350495756265317
calce_CS2_33,1,0.7443509227979556
calce_CS2_33,1,0.7339696863664267
calce_CS2_33,1,0.8665750141029912
calce_CS2_33,1,0.6984625524377075
calce_CS2_33,1,0.7000236304339926
calce_CS2_33,1,0.8649219928906736
calce_CS2_33,1,0.7419697901896007
calce_CS2_33,1,0.7552390461794073
calce_CS2_33,1,0.7411190280100683
calce_CS2_33,1,0.7107255570914617
calce_CS2_33,1,0.7105154275493593
calce_CS2_33,1,0.7471840438311765
calce_CS2_33,1,0.7359050134840707
calce_CS2_33,1,0.7436425115590883
calce_CS2_33,1,0.7289461951741094
calce_CS2_33,1,0.7054939006765908
calce_CS2_33,1,0.7418594554534464
calce_CS2_33,1,0.7574191669996317
calce_CS2_33,1,0.7426060801935913
calce_CS2_33,1,0.7545506041862794
calce_CS2_33,1,0.7121527281585297
calce_CS2_33,1,0.7191671668552835
calce_CS2_33,1,0.7118191463822865
calce_CS2_33,1,0.7070763746205856
calce_CS2_33,1,0.6911526294547853
calce_CS2_33,1,0.6862166365788973
calce_CS2_33,1,0.6818157384429984
calce_CS2_33,1,0.6801705299016721
calce_CS2_33,1,0.6777940439178578
calce_CS2_33,1,0.6745018086221091
calce_CS2_33,1,0.7285047373007243
calce_CS2_33,1,0.7317733737610006
calce_CS2_33,1,0.7161004240143287
calce_CS2_33,1,0.7001268838339982
calce_CS2_33,1,0.7398219959692721
calce_CS2_33,1,0.7378058527692524
calce_CS2_33,1,0.7270218826501104
calce_CS2_33,1,0.7209756247497495
calce_CS2_33,1,0.6857798609546731
calce_CS2_33,1,0.7117060108215041
calce_CS2_33,1,0.7244779401604854
calce_CS2_33,1,0.7324093446435627
calce_CS2_33,1,0.7513818769083792
calce_CS2_33,1,0.7172141729341044
calce_CS2_33,1,0.755997237844861
calce_CS2_33,1,0.7677122717837924
calce_CS2_33,1,0.7549729657659991
calce_CS2_33,1,0.746263966893541
calce_CS2_33,1,0.7599828738608754
calce_CS2_33,1,0.7124862439808614
calce_CS2_33,1,0.7204455331810092
calce_CS2_33,1,0.7155664042573183
calce_CS2_33,1,0.7115233837239697
calce_CS2_33,1,0.7072940221782585
calce_CS2_33,1,0.6967882226014706
calce_CS2_33,1,0.706956793321452
calce_CS2_33,1,0.7018119780439365
calce_CS2_33,1,0.7120901718401575
calce_CS2_33,1,0.726119884016711
calce_CS2_33,1,0.6989852115831615
calce_CS2_33,1,0.6963272659004714
calce_CS2_33,1,0.6759582175287211
calce_CS2_33,1,0.6752676745245294
calce_CS2_33,1,0.7028973940682872
calce_CS2_33,1,0.6937969348004882
calce_CS2_33,1,0.6895022690120206
calce_CS2_33,1,0.8500034850636556
calce_CS2_33,1,0.6921265118750841
calce_CS2_33,1,0.6875695603794131
calce_CS2_33,1,0.6998081024101832
calce_CS2_33,1,0.6997559533517189
calce_CS2_33,1,0.7030753048718281
calce_CS2_33,1,0.6932221157537193
calce_CS2_33,1,0.6951789655631256
calce_CS2_33,1,0.7093012073065039
calce_CS2_33,1,0.7137607919096943
calce_CS2_33,1,0.7107784580260199
calce_CS2_33,1,0.6981042401339034
calce_CS2_33,1,0.6836111327209832
calce_CS2_33,1,0.6752307888403294
calce_CS2_33,1,0.6705920762665276
calce_CS2_33,1,0.6688513898000072
calce_CS2_33,1,0.6581768004154552
calce_CS2_33,1,0.6769333000718063
calce_CS2_33,1,0.6768052162295037
calce_CS2_33,1,0.6532760229758681
calce_CS2_33,1,0.6546479651122599
calce_CS2_33,1,0.65588484900849
calce_CS2_33,1,0.6569129530367882
calce_CS2_33,1,0.657801881889794
calce_CS2_33,1,0.6591020978440938
calce_CS2_33,1,0.6985010805955162
calce_CS2_33,1,0.7016426902013991
calce_CS2_33,1,0.6965506344425589
calce_CS2_33,1,0.8344086915781861
calce_CS2_33,1,0.7034643741814259
calce_CS2_33,1,0.6729629602563156
calce_CS2_33,1,0.6948420236256769
calce_CS2_33,1,0.6980533591715977
calce_CS2_33,1,0.6839077927243793
calce_CS2_33,1,0.8421287351313073
calce_CS2_33,1,0.6911040165195929
calce_CS2_33,1,0.6843182728581424
calce_CS2_33,1,0.6862503879485518
calce_CS2_33,1,0.6978565065709831
calce_CS2_33,1,0.6679239579542224
calce_CS2_33,1,0.6734729207434668
calce_CS2_33,1,0.7015476605722507
calce_CS2_33,1,0.7009861497187986
calce_CS2_33,1,0.7032087686134901
calce_CS2_33,1,0.7102549342541932
calce_CS2_33,1,0.6764962809788776
calce_CS2_33,1,0.6859513498838088
calce_CS2_33,1,0.7050855481512754
calce_CS2_33,1,0.6958493323111077
calce_CS2_33,1,0.6989249064525832
calce_CS2_33,1,0.6818342006597079
calce_CS2_33,1,0.6877263401102447
calce_CS2_33,1,0.6874593485782166
calce_CS2_33,1,0.6876469232131943
calce_CS2_33,1,0.6836370505920043
calce_CS2_33,1,0.6771874795106564
calce_CS2_33,1,0.6851100802199009
calce_CS2_33,1,0.6641453589587769
calce_CS2_33,1,0.667894913600991
calce_CS2_33,1,0.670545063960213
calce_CS2_33,1,0.6717497161115354
calce_CS2_33,1,0.6735718495241143
calce_CS2_33,1,0.6748182076298078
calce_CS2_33,1,0.6784394258772755
calce_CS2_33,1,0.7103515539333302
calce_CS2_33,1,0.7102259164027582
calce_CS2_33,1,0.6935894799682613
calce_CS2_33,1,0.7083200939995793
calce_CS2_33,1,0.6852143203325867
calce_CS2_33,1,0.6743603428053184
calce_CS2_33,1,0.7140987559201099
calce_CS2_33,1,0.7052859202016648
calce_CS2_33,1,0.7032277060325333
calce_CS2_33,1,0.7012869481069108
calce_CS2_33,1,0.6873063265238395
calce_CS2_33,1,0.6815427235984038
calce_CS2_33,1,0.7001181455622676
calce_CS2_33,1,0.715278735821781
calce_CS2_33,1,0.7037930557872407
calce_CS2_33,1,0.6891347905968089
calce_CS2_33,1,0.6874451891845889
calce_CS2_33,1,0.6972822132968883
calce_CS2_33,1,0.7132464784555982
calce_CS2_33,1,0.6994177236801914
calce_CS2_33,1,0.7366257011542112
calce_CS2_33,1,0.8733838313585294
calce_CS2_33,1,0.7058027202002545
calce_CS2_33,1,0.7160471109004095
calce_CS2_33,1,0.8844128476110054
calce_CS2_33,1,0.7618651122777931
calce_CS2_33,1,0.7234137862583169
calce_CS2_33,1,0.7095385066762057
calce_CS2_33,1,0.7060000170059614
calce_CS2_33,1,0.7069165536563616
calce_CS2_33,1,0.6927063468163712
calce_CS2_33,1,0.8316860820879279
calce_CS2_33,1,0.6988748097298497
calce_CS2_33,1,0.6875875727003155
calce_CS2_33,1,0.6923461315506013
calce_CS2_33,1,0.6987049320994987
calce_CS2_33,1,0.6986324153874075
calce_CS2_33,1,0.700814721401588
calce_CS2_33,1,0.834876540684896
calce_CS2_33,1,0.6815472670999952
calce_CS2_33,1,0.7336171897150419
calce_CS2_33,1,0.7525438040990993
calce_CS2_33,1,0.7684668582260311
calce_CS2_33,1,0.7639789727657686
calce_CS2_33,1,0.7383554153283383
calce_CS2_33,1,0.7132321393299916
calce_CS2_33,1,0.760868592049258
calce_CS2_33,1,0.763669514098835
calce_CS2_33,1,0.7700884938519282
calce_CS2_33,1,0.7750540786386305
calce_CS2_33,1,0.749693104809888
calce_CS2_33,1,0.7231765293170134
calce_CS2_33,1,0.7697881182567415
calce_CS2_33,1,0.777342156808895
calce_CS2_33,1,0.9946413650622001
calce_CS2_33,1,0.7513518620285798
calce_CS2_33,1,0.77116877685494
calce_CS2_33,1,0.7725948739846185
calce_CS2_33,1,0.7298568199427452
calce_CS2_33,1,0.7396039898671514
calce_CS2_33,1,0.7837117990362362
calce_CS2_33,1,0.7861702125646362
calce_CS2_33,1,0.7847592467006992
calce_CS2_33,1,0.7820369298003498
calce_CS2_33,1,0.7409895165030081
calce_CS2_33,1,0.7591915021237877
calce_CS2_33,1,0.9111120245540113
calce_CS2_33,1,0.7788893710522445
calce_CS2_33,1,0.7980213201038814
calce_CS2_33,1,0.8007393436046003
calce_CS2_33,1,0.7668858269241682
calce_CS2_33,1,0.7480694753494747
calce_CS2_33,1,0.790603551833372
calce_CS2_33,1,0.7710689255712205
calce_CS2_33,1,0.7767475420496085
calce_CS2_33,1,0.7871621585414847
calce_CS2_33,1,0.758748138835293
calce_CS2_33,1,0.7490378697292432
calce_CS2_33,1,0.7658592823842199
calce_CS2_33,1,0.7679631866383412
calce_CS2_33,1,0.7718094775133754
calce_CS2_33,1,0.7893990057891832
calce_CS2_33,1,0.7647418983269797
calce_CS2_33,1,0.752787646791885
calce_CS2_33,1,0.7496544846173706
calce_CS2_33,1,0.7500230736531043
calce_CS2_33,1,0.7482931145059881
calce_CS2_33,1,0.7430102254210363
calce_CS2_33,1,0.7359237973330479
calce_CS2_33,1,0.7370722386932549
calce_CS2_33,1,0.7396398471080489
calce_CS2_33,1,0.7430054083080936
calce_CS2_33,1,0.7463595841760143
calce_CS2_33,1,0.7395892617175792
calce_CS2_33,1,0.7445811716472153
calce_CS2_33,1,0.7516604659894229
calce_CS2_33,1,0.7570535942987743
calce_CS2_33,1,0.7932729676379577
calce_CS2_33,1,0.7912789506116995
calce_CS2_33,1,0.7802581474929984
calce_CS2_33,1,0.779432960144382
calce_CS2_33,1,0.7501049495156131
calce_CS2_33,1,0.7671220817768243
calce_CS2_33,1,0.7836566077796122
calce_CS2_33,1,0.7849517006726681
calce_CS2_33,1,0.7637444169220121
calce_CS2_33,1,0.7654598306703704
calce_CS2_33,1,0.7466664509392513
calce_CS2_33,1,0.7556883695180027
calce_CS2_33,1,0.7951457097720223
calce_CS2_33,1,0.7939673926210401
calce_CS2_33,1,0.7939066390279513
calce_CS2_33,1,0.7894300805687839
calce_CS2_33,1,0.7789431674214576
calce_CS2_33,1,0.7654757879756693
calce_CS2_33,1,0.7983300269438417
calce_CS2_33,1,0.7916444219325127
calce_CS2_33,1,0.7958326343314646
calce_CS2_33,1,0.8034570938044246
calce_CS2_33,1,0.7900723461717992
calce_CS2_33,1,0.7721737852128804
calce_CS2_33,1,0.7678038621681306
calce_CS2_33,1,0.7687327907274121
calce_CS2_33,1,0.7651945382209047
calce_CS2_33,1,0.7622900908462751
calce_CS2_33,1,0.7614872852563557
calce_CS2_33,1,0.7607906656856395
calce_CS2_33,1,0.7636556739455624
calce_CS2_33,1,0.7617255108427422
calce_CS2_33,1,0.7616361375547286
calce_CS2_33,1,0.760833120858833
calce_CS2_33,1,0.7600877134871453
calce_CS2_33,1,0.7609437905787071
calce_CS2_33,1,0.7657337979049602
calce_CS2_33,1,0.8146825335899002
calce_CS2_33,1,0.8347863049098773
calce_CS2_33,1,0.8264083509823535
calce_CS2_33,1,0.8263166572774155
calce_CS2_33,1,0.8163879941106581
calce_CS2_33,1,0.7920475616333396
calce_CS2_33,1,0.817609106805039
calce_CS2_33,1,0.8266358027419729
calce_CS2_33,1,0.8194413379245807
calce_CS2_33,1,0.9210195817771827
calce_CS2_33,1,0.8093968685956656
calce_CS2_33,1,0.7919728358234813
calce_CS2_33,1,0.8011659627588169
calce_CS2_33,1,0.812921846186359
calce_CS2_33,1,0.8127146001137748
calce_CS2_33,1,0.80848988582966
calce_CS2_33,1,0.8155436552801812
calce_CS2_33,1,0.7933503307579288
calce_CS2_33,1,0.7875525792551875
calce_CS2_33,1,0.8128848763379807
calce_CS2_33,1,0.8289689995733338
calce_CS2_33,1,0.8145595768408191
calce_CS2_33,1,0.8125311175924329
calce_CS2_33,1,0.7934450819957419
calce_CS2_33,1,0.7851371797263038
calce_CS2_33,1,0.7954268857187219
calce_CS2_33,1,0.805880335089902
calce_CS2_33,1,0.7935445419183162
calce_CS2_33,1,0.7949189431229133
calce_CS2_33,1,0.9063560862976353
calce_CS2_33,1,0.7914779987844002
calce_CS2_33,1,0.7822072509488872
calce_CS2_33,1,0.7795818033140433
calce_CS2_33,1,0.7796975441626001
calce_CS2_33,1,0.7761306720904126
calce_CS2_33,1,0.772929870697207
calce_CS2_33,1,0.7714763392140197
calce_CS2_33,1,0.7694839852877998
calce_CS2_33,1,0.77003326533099
calce_CS2_33,1,0.7724046208900661
calce_CS2_33,1,0.7742393587123795
calce_CS2_33,1,0.7657439794710501
calce_CS2_33,1,0.7744798847135665
calce_CS2_33,1,0.7774802563176522
calce_CS2_33,1,0.7650270478294156
calce_CS2_33,1,0.7990929618631568
calce_CS2_33,1,0.7913789354399529
calce_CS2_33,1,0.7962802902274672
calce_CS2_33,1,0.7966237657355344
calce_CS2_33,1,0.7810121633834375
calce_CS2_33,1,0.7889233801233885
calce_CS2_33,1,0.8010689196704639
calce_CS2_33,1,0.8109324165937385
calce_CS2_33,1,0.7898737955153599
calce_CS2_33,1,0.795922576548142
calce_CS2_33,1,0.8037549142391464
calce_CS2_33,1,0.7846017115205133
calce_CS2_33,1,0.7656223592983815
calce_CS2_33,1,0.7984043554192767
calce_CS2_33,1,0.8084323927220012
calce_CS2_33,1,0.7987316243878174
calce_CS2_33,1,0.8070661980119268
calce_CS2_33,1,0.7764163778377191
calce_CS2_33,1,0.7875411749754024
calce_CS2_33,1,0.7870310839467086
calce_CS2_33,1,0.8115050624300472
calce_CS2_33,1,0.7239300366312061
calce_CS2_33,1,0.7481457649527146
calce_CS2_33,1,0.837799237071585
calce_CS2_33,1,0.8001079243000433
calce_CS2_33,1,0.8120148181902225
calce_CS2_33,1,0.8483042318726394
calce_CS2_33,1,0.8727034312132825
calce_CS2_33,1,0.8925798652477596
calce_CS2_33,1,0.894899788559206
calce_CS2_33,1,0.9017961972991807
calce_CS2_33,1,0.8756673676082739
calce_CS2_33,1,0.8677520287409076
calce_CS2_33,1,0.9044572164568118
calce_CS2_33,1,0.915209144512509
calce_CS2_33,1,0.9194575247298495
calce_CS2_33,1,0.9122053593837077
calce_CS2_33,1,0.9200024672454038
calce_CS2_33,1,0.8916049012387288
calce_CS2_33,1,0.8766995316727254
calce_CS2_33,1,0.9163020162435596
calce_CS2_33,1,0.9229736205463824
calce_CS2_33,1,0.921037378485883
calce_CS2_33,1,0.977498905075237
calce_CS2_33,1,0.9339921094687468
calce_CS2_33,1,0.9344770222036022
calce_CS2_33,1,0.9336561867133023
calce_CS2_33,1,0.9322287565788551
calce_CS2_33,1,0.9341214049145073
calce_CS2_33,1,0.9269113594768952
calce_CS2_33,1,0.9114424638462356
calce_CS2_33,1,0.9088980657400109
calce_CS2_33,1,0.9090624928702119
calce_CS2_33,1,0.9068066272012538
calce_CS2_33,1,0.9036953006574394
calce_CS2_33,1,0.9015375196633976
calce_CS2_33,1,0.9007926593009301
calce_CS2_33,1,0.9009942954285388
calce_CS2_33,1,0.9037899598328775
calce_CS2_33,1,0.9099244442294322
calce_CS2_33,1,0.9054038970393126
calce_CS2_33,1,0.9084710132172646
calce_CS2_33,1,0.9116244195656107
calce_CS2_33,1,0.9112050688327377
calce_CS2_33,1,0.9066381543081576
calce_CS2_33,1,0.9051521805154491
calce_CS2_33,1,0.9077924083906531
calce_CS2_33,1,0.9105931598087121
calce_CS2_33,1,0.9115420194187795
calce_CS2_33,1,0.9119804387053184
calce_CS2_33,1,0.9730807718414749
calce_CS2_33,1,0.888038868989382
calce_CS2_33,1,0.901109544857599
calce_CS2_33,1,0.9007173995705237
calce_CS2_33,1,0.9043597929669495
calce_CS2_33,1,0.9141510225305488
calce_CS2_33,1,0.912148343253972
calce_CS2_33,1,0.9071807252420119
calce_CS2_33,1,0.8972865502961075
calce_CS2_33,1,0.8949630316473273
calce_CS2_33,1,0.9070737236833757
calce_CS2_33,1,0.915319989774163
calce_CS2_33,1,0.909218686650921
calce_CS2_33,1,0.9104173844208052
calce_CS2_33,1,0.9103964271172416
calce_CS2_33,1,0.896653242932838
calce_CS2_33,1,0.9115053394012687
calce_CS2_33,1,0.9216122612354153
calce_CS2_33,1,0.9273572696188644
calce_CS2_33,1,0.9296066074000031
calce_CS2_33,1,0.9323004625457844
calce_CS2_33,1,0.931642620240654
calce_CS2_33,1,0.9278370446384736
calce_CS2_33,1,0.926815431638258
calce_CS2_33,1,0.9295679626746582
calce_CS2_33,1,0.9364971415133612
calce_CS2_33,1,0.9417735323588324
calce_CS2_33,1,0.9453127362854742
calce_CS2_33,1,0.9504599310369646
calce_CS2_33,1,0.9528110710621838
calce_CS2_33,1,0.9456963506774961
calce_CS2_33,1,0.9519190053120796
calce_CS2_33,1,0.9521592865967384
calce_CS2_33,1,0.9584965767368775
calce_CS2_33,1,0.9577197327317822
calce_CS2_33,1,0.9570178727988108
calce_CS2_33,1,0.9612298511046814
calce_CS2_33,1,0.9593848633150425
calce_CS2_33,1,0.9596253651631645
calce_CS2_33,1,0.9599729941623009
calce_CS2_33,1,0.9607584686421804
calce_CS2_33,1,0.9642348808348802
calce_CS2_33,1,0.9636319588857196
calce_CS2_33,1,0.9621714744732442
calce_CS2_33,1,0.9661731378228983
calce_CS2_33,1,0.9652056095142283
calce_CS2_33,1,0.9656647115880973
calce_CS2_33,1,0.9688652686961673
calce_CS2_33,1,0.9698339145793632
calce_CS2_33,1,0.9700263771683286
calce_CS2_33,1,0.9745429811566975
calce_CS2_33,1,0.959279656618833
calce_CS2_33,1,0.9684343559184394
calce_CS2_33,1,0.9734575462744078
calce_CS2_33,1,0.9794189532156863
calce_CS2_33,1,0.9799730306267899
calce_CS2_33,1,0.9780458528647684
calce_CS2_33,1,0.9814029478624632
calce_CS2_33,1,0.9794831066345993
calce_CS2_33,1,0.9751489205649457
calce_CS2_33,1,0.9795693015054805
calce_CS2_33,1,0.9849605063470726
calce_CS2_33,1,0.9849641203345455
calce_CS2_33,1,0.9866999521399737
calce_CS2_33,1,0.9888230385567706
calce_CS2_33,1,0.9883322054433595
calce_CS2_33,1,0.9901547237722456
calce_CS2_33,1,0.9870083693813624
calce_CS2_33,1,0.9874402078649165
calce_CS2_33,1,0.9870345580185768
calce_CS2_33,1,0.9875854130830046
calce_CS2_33,1,0.9915374590017411
calce_CS2_33,1,0.9917328225411055
calce_CS2_33,1,0.9921724294299885
calce_CS2_33,1,0.993887769047716
calce_CS2_33,1,0.992898493130762
calce_CS2_33,1,0.9933150268785669
calce_CS2_33,1,0.9922318405827778
calce_CS2_33,1,0.9924772130080017
calce_CS2_33,1,0.9916854964446107
calce_CS2_33,1,0.9927129412729029
calce_CS2_33,1,0.9938888569116491
calce_CS2_33,1,0.9949371047967513
calce_CS2_33,1,0.9949963873735485
calce_CS2_33,1,0.9955984052213034
calce_CS2_33,1,0.9960472365026161
calce_CS2_33,1,0.9955398312724802
calce_CS2_33,1,0.996588554003887
calce_CS2_33,1,0.9965037077912571
calce_CS2_33,1,0.9966392197774816
calce_CS2_33,1,0.9963159000231265
calce_CS2_33,1,0.9934849584031611
calce_CS2_33,1,0.9931040830176197
calce_CS2_33,1,0.9925036298980551
calce_CS2_33,1,0.993324534471558
calce_CS2_33,1,0.9927531609058953
calce_CS2_33,1,0.998031553802097
calce_CS2_33,1,0.9928395655658767
calce_CS2_33,1,0.9916711997729174
calce_CS2_33,1,0.9925896658639871
calce_CS2_33,1,0.9936011989242801
calce_CS2_33,1,0.9946873825849352
calce_CS2_33,1,0.9967274533342159
calce_CS2_33,1,0.9979750344488848
calce_CS2_33,1,0.9986044910845316
calce_CS2_33,1,0.9987383618120756
calce_CS2_33,1,0.9989996334533082
calce_CS2_33,1,0.9989914348455909
calce_CS2_33,1,0.9992882814590228
calce_CS2_33,1,0.9993391031742738
calce_CS2_33,1,0.9992530977820722
calce_CS2_33,1,0.999172460137161
calce_CS2_33,1,0.9993286196923232
calce_CS2_33,1,0.998985583663803
calce_CS2_33,1,0.9991061860568241
calce_CS2_33,1,0.9990735335552035
calce_CS2_33,1,0.9993023653404106
calce_CS2_33,1,0.9992374978348842
calce_CS2_33,1,0.9991188686120024
calce_CS2_33,1,0.9990858884249981
calce_CS2_33,1,0.9994429906597461
calce_CS2_33,1,0.9995285545950398
calce_CS2_33,1,0.9995935803826178
calce_CS2_33,1,0.9995280954207842
calce_CS2_33,1,0.9994448716299125
calce_CS2_33,1,0.9994289899418215
calce_CS2_33,1,0.9994665506259427
calce_CS2_33,1,0.9992998365311555
calce_CS2_33,1,0.9994707999382684
calce_CS2_33,1,0.9993312534228348
calce_CS2_33,1,0.999302056447037
calce_CS2_33,1,0.9992574446546418
calce_CS2_33,1,0.9992647055252081
calce_CS2_33,1,0.9992751202591807
calce_CS2_33,1,0.9995136843685631
calce_CS2_33,1,0.9994329223150744
calce_CS2_33,1,0.9994433231100344
calce_CS2_33,1,0.9995327405994134
calce_CS2_33,1,0.9995032936496037
calce_CS2_33,1,0.9995407969360706
calce_CS2_33,1,0.999534672302128
calce_CS2_33,1,0.9995923249571194
calce_CS2_33,1,0.9995347006686447
calce_CS2_33,1,0.9995262911182824
calce_CS2_33,1,0.9996783683158152
calce_CS2_33,1,0.9996786091736636
calce_CS2_33,1,0.9995507020970471
calce_CS2_33,1,0.9994547288526262
calce_CS2_33,1,0.999612191255502
calce_CS2_33,1,0.9995653846020041
calce_CS2_33,1,0.9996124124059079
calce_CS2_33,1,0.9986858894555631
calce_CS2_33,1,0.9990492446645926
calce_CS2_33,1,0.9990631377365066
calce_CS2_33,1,0.9994369343905305
calce_CS2_33,1,0.9988951651667985
calce_CS2_33,1,0.9993535033175539
calce_CS2_33,1,0.9991859135696155
calce_CS2_33,1,0.999187648175282
calce_CS2_33,1,0.9992586119295651
calce_CS2_33,1,0.999055252303201
calce_CS2_33,1,0.9989668790963037
calce_CS2_33,1,0.9984879295295156
calce_CS2_33,1,0.9987551261225658
calce_CS2_33,1,0.9990978896410573
calce_CS2_33,1,0.9989253886618774
calce_CS2_33,1,0.9983387271121434
calce_CS2_33,1,0.9984520108508064
calce_CS2_33,1,0.9987603165761564
calce_CS2_33,1,0.9986383740588218
calce_CS2_33,1,0.998927725496778
calce_CS2_33,1,0.9991018157671836
calce_CS2_33,1,0.99847583491886
calce_CS2_33,1,0.9982581375269067
calce_CS2_33,1,0.9982517496066381
calce_CS2_33,1,0.9983971805524913
calce_CS2_33,1,0.9985630980212309
calce_CS2_33,1,0.9984987199851055
calce_CS2_33,1,0.9984188297601345
calce_CS2_33,1,0.9983632895291223
calce_CS2_33,1,0.9980623565280358
calce_CS2_33,1,0.9994252466558905
calce_CS2_33,1,0.9973284468054662
calce_CS2_33,1,0.9987908748979087
calce_CS2_33,1,0.9975785251977384
calce_CS2_33,1,0.9988900423275712
calce_CS2_33,1,0.9988163357081445
calce_CS2_33,1,0.9985857764034862
calce_CS2_33,1,0.9981173783895705
calce_CS2_33,1,0.9978097071551573
calce_CS2_33,1,0.9988351242533714
calce_CS2_33,1,0.9986293228047548
calce_CS2_33,1,0.997682181170563
calce_CS2_33,1,0.9980359236493757
calce_CS2_33,1,0.9982463075750716
calce_CS2_33,1,0.997976263752793
calce_CS2_33,1,0.9980770748479736
calce_CS2_33,1,0.9984747552205135
calce_CS2_33,1,0.9985495864766422
calce_CS2_33,1,0.9997309316159942
calce_CS2_33,1,0.9997478904487342
calce_CS2_33,1,0.6483179229578501
calce_CS2_33,1,0.6775198104984137
calce_CS2_33,1,0.6764400741802101
calce_CS2_33,1,0.6778890127467049
calce_CS2_33,1,0.6375013931629193
calce_CS2_33,1,0.6332213506638785
calce_CS2_33,1,0.6590573015929401
calce_CS2_33,1,0.6684354917734054
calce_CS2_33,1,0.6803280442450911
calce_CS2_33,1,0.641222890846096
calce_CS2_33,1,0.6249944548091935
calce_CS2_33,1,0.6203094026700703
calce_CS2_33,1,0.619156580047586
calce_CS2_33,1,0.6177558078545099
calce_CS2_33,1,0.5953702727836495
calce_CS2_33,1,0.5977896500440018
calce_CS2_33,1,0.5990942613435621
calce_CS2_33,1,0.6007677066107697
calce_CS2_33,1,0.6016920807020185
calce_CS2_33,1,0.6050616451983947
calce_CS2_33,1,0.5842267912390353
calce_CS2_33,1,0.6337719692910553
calce_CS2_33,1,0.6476509851234099
calce_CS2_33,1,0.6402554821103933
calce_CS2_33,1,0.6515645746372907
calce_CS2_33,1,0.7565319531868163
calce_CS2_33,1,0.611653213141208
calce_CS2_33,1,0.7888831638832402
calce_CS2_33,1,0.6670004212785489
calce_CS2_33,1,0.653498354390907
calce_CS2_33,1,0.6418991810602198
calce_CS2_33,1,0.6140130743095543
calce_CS2_33,1,0.6555700980059935
calce_CS2_33,1,0.664415953357677
calce_CS2_33,1,0.6471405901601627
calce_CS2_33,1,0.6485840381049588
calce_CS2_33,1,0.6182474106222683
calce_CS2_33,1,0.6440235137656759
calce_CS2_33,1,0.6542071486571513
calce_CS2_33,1,0.6609276740853648
calce_CS2_33,1,0.654220721262877
calce_CS2_33,1,0.6230005729135719
calce_CS2_33,1,0.620476240459646
calce_CS2_33,1,0.6618117516052808
calce_CS2_33,1,0.6664172594973733
calce_CS2_33,1,0.6725061156485135
calce_CS2_33,1,0.6218564632899984
calce_CS2_33,1,0.633042728739286
calce_CS2_33,1,0.6261814180779416
calce_CS2_33,1,0.6217232963612908
calce_CS2_33,1,0.6106445068353518
calce_CS2_33,1,0.6117511802687366
calce_CS2_33,1,0.6110193613036623
calce_CS2_33,1,0.6995663725054839
calce_CS2_33,1,0.6881057725661144
calce_CS2_33,1,0.6650132137225897
calce_CS2_33,1,0.6544178277110462
calce_CS2_33,1,0.6849953084682753
calce_CS2_33,1,0.6776608440831335
calce_CS2_33,1,0.6866950776190485
calce_CS2_33,1,0.6650573179432208
calce_CS2_33,1,0.6401581135475173
calce_CS2_33,1,0.6749702253268436
calce_CS2_33,1,0.6820275703318499
calce_CS2_33,1,0.6861341236671061
calce_CS2_33,1,0.7054275196273034
calce_CS2_33,1,0.6614974214950757
calce_CS2_33,1,0.6591388356333872
calce_CS2_33,1,0.7047005158568986
calce_CS2_33,1,0.7028398079460656
calce_CS2_33,1,0.6997118178626545
calce_CS2_33,1,0.6632932365344242
calce_CS2_33,1,0.654406750536373
calce_CS2_33,1,0.6324351262547045
calce_CS2_33,1,0.6449073733647678
calce_CS2_33,1,0.6384676028881336
calce_CS2_33,1,0.6318230339557744
calce_CS2_33,1,0.6307332214636638
calce_CS2_33,1,0.6283896259489644
calce_CS2_33,1,0.6264665950624908
calce_CS2_33,1,0.62651749069079
calce_CS2_33,1,0.6243345333817096
calce_CS2_33,1,0.6254246607519617
calce_CS2_33,1,0.6184267025537507
calce_CS2_33,1,0.6820143740005608
calce_CS2_33,1,0.6842520620451339
calce_CS2_33,1,0.6951939350114523
calce_CS2_33,1,0.6450573121178729
calce_CS2_33,1,0.6429144899911494
calce_CS2_33,1,0.6751587175327888
calce_CS2_33,1,0.6698504992055007
calce_CS2_33,1,0.672272163090986
calce_CS2_33,1,0.687470094599786
calce_CS2_33,1,0.6463142008876831
calce_CS2_33,1,0.7960738487058512
calce_CS2_33,1,0.7026948442730098
calce_CS2_33,1,0.6884746661261011
calce_CS2_33,1,0.6986408486821694
calce_CS2_33,1,0.6502884481023092
calce_CS2_33,1,0.6478873539749043
calce_CS2_33,1,0.701359044606472
calce_CS2_33,1,0.6972247704423782
calce_CS2_33,1,0.6786445406442304
calce_CS2_33,1,0.6948274294681318
calce_CS2_33,1,0.7116355077706848
calce_CS2_33,1,0.6478612070338183
calce_CS2_33,1,0.6410120050409823
calce_CS2_33,1,0.6374039538458347
calce_CS2_33,1,0.6341869028209106
calce_CS2_33,1,0.6293372335326745
calce_CS2_33,1,0.6293353362680172
calce_CS2_33,1,0.6319481615741234
calce_CS2_33,1,0.6324201817093233
calce_CS2_33,1,0.6343591632455023
calce_CS2_33,1,0.6331084303289441
calce_CS2_33,1,0.6321707177666401
calce_CS2_33,1,0.6225182008438842
calce_CS2_33,1,0.7922497815512786
calce_CS2_33,1,0.6788078740499801
calce_CS2_33,1,0.6830214824549332
calce_CS2_33,1,0.6969177491730683
calce_CS2_33,1,0.6448762139542147
calce_CS2_33,1,0.6488890009459135
calce_CS2_33,1,0.6910858455331658
calce_CS2_33,1,0.6906208656458835
calce_CS2_33,1,0.6920862683336968
calce_CS2_33,1,0.683021091983048
calce_CS2_33,1,0.6493945582775491
calce_CS2_33,1,0.6732235180175101
calce_CS2_33,1,0.699580587591026
calce_CS2_33,1,0.6894833630594349
calce_CS2_33,1,0.6950795034211158
calce_CS2_33,1,0.6636680020387459
calce_CS2_33,1,0.6497045509603757
calce_CS2_33,1,0.6838558921543502
calce_CS2_33,1,0.6762083445096345
calce_CS2_33,1,0.6830511834923798
calce_CS2_33,1,0.6722881037937607
calce_CS2_33,1,0.6483620471190981
calce_CS2_33,1,0.669323162874495
calce_CS2_33,1,0.6724237632751232
calce_CS2_33,1,0.6437376113155088
calce_CS2_33,1,0.6196782031753947
calce_CS2_33,1,0.6191696970103872
calce_CS2_33,1,0.617644931431581
calce_CS2_33,1,0.6162446317336161
calce_CS2_33,1,0.6120342792880136
calce_CS2_33,1,0.6320323468514355
calce_CS2_33,1,0.6085035031466856
calce_CS2_33,1,0.6083526519524534
calce_CS2_33,1,0.6089022273864437
calce_CS2_33,1,0.6089888265164116
calce_CS2_33,1,0.6066540887982336
calce_CS2_33,1,0.6657548760410079
calce_CS2_33,1,0.6375219793296527
calce_CS2_33,1,0.6242004179586036
calce_CS2_33,1,0.6620764244749076
calce_CS2_33,1,0.6526276261136511
calce_CS2_33,1,0.6584632506526817
calce_CS2_33,1,0.6807424739416115
calce_CS2_33,1,0.6672122115644057
calce_CS2_33,1,0.6804047768066158
calce_CS2_33,1,0.6874018141071205
calce_CS2_33,1,0.6904723196057468
calce_CS2_33,1,0.7121773289329302
calce_CS2_33,1,0.693573783821901
calce_CS2_33,1,0.6807898138237901
calce_CS2_33,1,0.6987677509268613
calce_CS2_33,1,0.6967660866279851
calce_CS2_33,1,0.7089960630646395
calce_CS2_33,1,0.6891133097446148
calce_CS2_33,1,0.6907236149049439
calce_CS2_33,1,0.695036092969061
calce_CS2_33,1,0.674536447061793
calce_CS2_33,1,0.6675193403364185
calce_CS2_33,1,0.6786316015136713
calce_CS2_33,1,0.8280165382549145
calce_CS2_33,1,0.6849545479463411
calce_CS2_33,1,0.6872896770962422
calce_CS2_33,1,0.6870231334284206
calce_CS2_33,1,0.8274879202978568
calce_CS2_33,1,0.6941138059414313
calce_CS2_33,1,0.6753217680288441
calce_CS2_33,1,0.7228478537288618
calce_CS2_33,1,0.7102713500819599
calce_CS2_33,1,0.9956228771944539
calce_CS2_34,0,0.9835778045926836
calce_CS2_34,0,0.9829118226265211
calce_CS2_34,0,0.9808089552431002
calce_CS2_34,0,0.9811945975434657
calce_CS2_34,0,0.9814818563210694
calce_CS2_34,0,0.9815183370553906
calce_CS2_34,0,0.9816867472302336
calce_CS2_34,0,0.9942406815653235
calce_CS2_34,0,0.979245557946713
calce_CS2_34,0,0.9795705633083113
calce_CS2_34,0,0.9797237980979615
calce_CS2_34,0,0.9797605282147478
calce_CS2_34,0,0.980390733155251
calce_CS2_34,0,0.9806022167479482
calce_CS2_34,0,0.9824864850790485
calce_CS2_34,0,0.985238858922975
calce_CS2_34,0,0.9845064020849806
calce_CS2_34,0,0.9863778536192332
calce_CS2_34,0,0.9830477200219704
calce_CS2_34,0,0.9819831049649227
calce_CS2_34,0,0.9870793904511268
calce_CS2_34,0,0.9867422222160794
calce_CS2_34,0,0.985874693818143
calce_CS2_34,0,0.9859713200379029
calce_CS2_34,0,0.9829513878468988
calce_CS2_34,0,0.9874886285209923
calce_CS2_34,0,0.9879299830494594
calce_CS2_34,0,0.9872163179041037
calce_CS2_34,0,0.9878497062666083
calce_CS2_34,0,0.983841721488614
calce_CS2_34,0,0.9859438260860266
calce_CS2_34,0,0.9880821085374564
calce_CS2_34,0,0.986957492369112
calce_CS2_34,0,0.9872379893070071
calce_CS2_34,0,0.984912215697309
calce_CS2_34,0,0.9836081324343151
calce_CS2_34,0,0.9888705373760254
calce_CS2_34,0,0.9873809516096654
calce_CS2_34,0,0.9885210770226536
calce_CS2_34,0,0.9990059600739076
calce_CS2_34,0,0.9985192841906971
calce_CS2_34,0,0.9978251198353199
calce_CS2_34,0,0.9974115020808472
calce_CS2_34,0,0.9970804075887448
calce_CS2_34,0,0.9967730543783204
calce_CS2_34,0,0.9966255719812234
calce_CS2_34,0,0.9965008940040642
calce_CS2_34,0,0.9964779232677301
calce_CS2_34,0,0.996269254348626
calce_CS2_34,0,0.9963093914576776
calce_CS2_34,0,0.9961058265681255
calce_CS2_34,0,0.9960539515590793
calce_CS2_34,0,0.9969970242759459
calce_CS2_34,0,0.9969724968005362
calce_CS2_34,0,0.9972188225572731
calce_CS2_34,0,0.9971664804784435
calce_CS2_34,0,0.9961400827157019
calce_CS2_34,0,0.996611543172345
calce_CS2_34,0,0.9970111152646343
calce_CS2_34,0,0.9968280841881629
calce_CS2_34,0,0.9972436711237859
calce_CS2_34,0,0.9962157159396502
calce_CS2_34,0,0.9956873723394168
calce_CS2_34,0,0.9970588937707907
calce_CS2_34,0,0.9970396518365916
calce_CS2_34,0,0.9971923298696717
calce_CS2_34,0,0.9963006317157094
calce_CS2_34,0,0.9957182643829351
calce_CS2_34,0,0.997187435702681
calce_CS2_34,0,0.9970771060159911
calce_CS2_34,0,0.9967470207799017
calce_CS2_34,0,0.9965121747845211
calce_CS2_34,0,0.9961509261389381
calce_CS2_34,0,0.9967632964117628
calce_CS2_34,0,0.9969619142280748
calce_CS2_34,0,0.9970670479385291
calce_CS2_34,0,0.9971987243151321
calce_CS2_34,0,0.9960133111199203
calce_CS2_34,0,0.9956885621198939
calce_CS2_34,0,0.9954803004436538
calce_CS2_34,0,0.9952516477224486
calce_CS2_34,0,0.995007607988001
calce_CS2_34,0,0.9949796019636162
calce_CS2_34,0,0.994931378458386
calce_CS2_34,0,0.9949037822175325
calce_CS2_34,0,0.994874378027149
calce_CS2_34,0,0.9947259216242648
calce_CS2_34,0,0.9946747673248937
calce_CS2_34,0,0.9946244453977614
calce_CS2_34,0,0.9966163296478593
calce_CS2_34,0,0.9964902817950928
calce_CS2_34,0,0.9952543207799143
calce_CS2_34,0,0.9959355006655687
calce_CS2_34,0,0.9965404525777962
calce_CS2_34,0,0.9967503392291512
calce_CS2_34,0,0.9966796916114232
calce_CS2_34,0,0.9956325287252505
calce_CS2_34,0,0.9957169255347276
calce_CS2_34,0,0.9967878788930253
calce_CS2_34,0,0.9967171808244939
calce_CS2_34,0,0.996673487267683
calce_CS2_34,0,0.9959026647841717
calce_CS2_34,0,0.9953576320833488
calce_CS2_34,0,0.9968528951244527
calce_CS2_34,0,0.9968847996531092
calce_CS2_34,0,0.9969586996626754
calce_CS2_34,0,0.9967942257389127
calce_CS2_34,0,0.995968536257844
calce_CS2_34,0,0.9963590922296175
calce_CS2_34,0,0.9968450119271347
calce_CS2_34,0,0.9968090760441721
calce_CS2_34,0,0.9971207054997937
calce_CS2_34,1,0.9959708134848738
calce_CS2_34,1,0.9957449122653796
calce_CS2_34,1,0.9955713830315843
calce_CS2_34,1,0.9953470656610021
calce_CS2_34,1,0.9950026509629496
calce_CS2_34,1,0.9947764226040214
calce_CS2_34,1,0.9946819342903533
calce_CS2_34,1,0.9946058649201995
calce_CS2_34,1,0.9945223234009376
calce_CS2_34,1,0.994481867077322
calce_CS2_34,1,0.9943411617049417
calce_CS2_34,1,0.9943390356973378
calce_CS2_34,1,0.9958221020176053
calce_CS2_34,1,0.9964080597425247
calce_CS2_34,1,0.9965441460484966
calce_CS2_34,1,0.9969484707767687
calce_CS2_34,1,0.9954908763790978
calce_CS2_34,1,0.9952678719210738
calce_CS2_34,1,0.9964900409875452
calce_CS2_34,1,0.9994580885493963
calce_CS2_34,1,0.9967202959858145
calce_CS2_34,1,0.9965944261202785
calce_CS2_34,1,0.9954761413256837
calce_CS2_34,1,0.9958926109408418
calce_CS2_34,1,0.996307783728053
calce_CS2_34,1,0.9962483407644847
calce_CS2_34,1,0.9964287574542616
calce_CS2_34,1,0.9967374477611853
calce_CS2_34,1,0.9960142402516767
calce_CS2_34,1,0.9969003828065522
calce_CS2_34,1,0.9971345989254258
calce_CS2_34,1,0.9970017720140977
calce_CS2_34,1,0.9966503971620038
calce_CS2_34,1,0.9967860904667297
calce_CS2_34,1,0.9957300200957601
calce_CS2_34,1,0.9955447098234989
calce_CS2_34,1,0.9954296728996264
calce_CS2_34,1,0.9953524399292042
calce_CS2_34,1,0.9954803325423865
calce_CS2_34,1,0.9952182343517988
calce_CS2_34,1,0.9946416131727512
calce_CS2_34,1,0.9952302113995984
calce_CS2_34,1,0.9956263012223097
calce_CS2_34,1,0.9951992128164773
calce_CS2_34,1,0.9950082289595785
calce_CS2_34,1,0.9947455003638258
calce_CS2_34,1,0.9947002203700118
calce_CS2_34,1,0.9957999970580944
calce_CS2_34,1,0.9955826947672882
calce_CS2_34,1,0.9955779259934819
calce_CS2_34,1,0.9949469021323996
calce_CS2_34,1,0.9945930917912202
calce_CS2_34,1,0.995503483886662
calce_CS2_34,1,0.9957632874680633
calce_CS2_34,1,0.9957687788073307
calce_CS2_34,1,0.9955657484136547
calce_CS2_34,1,0.9946363365560077
calce_CS2_34,1,0.9951669091821225
calce_CS2_34,1,0.9956562608941592
calce_CS2_34,1,0.9954663702525707
calce_CS2_34,1,0.9951322690049498
calce_CS2_34,1,0.9950587138735066
calce_CS2_34,1,0.9946502790735846
calce_CS2_34,1,0.9945111155555674
calce_CS2_34,1,0.9945171566565703
calce_CS2_34,1,0.9941790004363901
calce_CS2_34,1,0.9939950330046697
calce_CS2_34,1,0.993976167042526
calce_CS2_34,1,0.993948248271608
calce_CS2_34,1,0.9940232196390059
calce_CS2_34,1,0.9940607827962762
calce_CS2_34,1,0.9939740809812972
calce_CS2_34,1,0.994012404938379
calce_CS2_34,1,0.9941091359770015
calce_CS2_34,1,0.9951073891714035
calce_CS2_34,1,0.9954231987859694
calce_CS2_34,1,0.9952839042358389
calce_CS2_34,1,0.995765240465102
calce_CS2_34,1,0.9949852009992728
calce_CS2_34,1,0.9945482151913885
calce_CS2_34,1,0.9953298196828119
calce_CS2_34,1,0.9954557160759699
calce_CS2_34,1,0.994968181013521
calce_CS2_34,1,0.9947920078473128
calce_CS2_34,1,0.9943157666005492
calce_CS2_34,1,0.9953484620663209
calce_CS2_34,1,0.9951918736524049
calce_CS2_34,1,0.9950696252064715
calce_CS2_34,1,0.9949026749537021
calce_CS2_34,1,0.9953019394579523
calce_CS2_34,1,0.9949383386165452
calce_CS2_34,1,0.993970270929369
calce_CS2_34,1,0.9956601351882731
calce_CS2_34,1,0.9956557692739626
calce_CS2_34,1,0.9948560855173104
calce_CS2_34,1,0.9948551855948307
calce_CS2_34,1,0.9945874689142741
calce_CS2_34,1,0.9944876223562222
calce_CS2_34,1,0.9945073794411144
calce_CS2_34,1,0.9944274507994708
calce_CS2_34,1,0.9942949652387947
calce_CS2_34,1,0.9944605021922129
calce_CS2_34,1,0.9944910069006896
calce_CS2_34,1,0.9937758532985539
calce_CS2_34,1,0.9938228250593925
calce_CS2_34,1,0.9938651708775827
calce_CS2_34,1,0.9939219218611384
calce_CS2_34,1,0.993986534728418
calce_CS2_34,1,0.9988702786206064
calce_CS2_34,1,0.9953591868789974
calce_CS2_34,1,0.9950894720438924
calce_CS2_34,1,0.9953193172460045
calce_CS2_34,1,0.9950995656158076
calce_CS2_34,1,0.9945690463415998
calce_CS2_34,1,0.9950895696839164
calce_CS2_34,1,0.9953016147315499
calce_CS2_34,1,0.9953888225755639
calce_CS2_34,1,0.9957400533395265
calce_CS2_34,1,0.9946799780346666
calce_CS2_34,1,0.9948210204260456
calce_CS2_34,1,0.9958078734752165
calce_CS2_34,1,0.9956172009225706
calce_CS2_34,1,0.995182236114085
calce_CS2_34,1,0.9950024487738713
calce_CS2_34,1,0.994189993969777
calce_CS2_34,1,0.9954267247874923
calce_CS2_34,1,0.9957374482577649
calce_CS2_34,1,0.9951237523581603
calce_CS2_34,1,0.9967377192799793
calce_CS2_34,1,0.995372653558309
calce_CS2_34,1,0.9948673761262052
calce_CS2_34,1,0.9966283670494216
calce_CS2_34,1,0.9967312534466191
calce_CS2_34,1,0.9965004212042117
calce_CS2_34,1,0.9962870578794459
calce_CS2_34,1,0.9949308745088223
calce_CS2_34,1,0.995218463500866
calce_CS2_34,1,0.994978020438543
calce_CS2_34,1,0.9959754491117774
calce_CS2_34,1,0.9963168598291833
calce_CS2_34,1,0.9951378423470242
calce_CS2_34,1,0.9959788400079239
calce_CS2_34,1,0.9962691086796164
calce_CS2_34,1,0.9966153746563728
calce_CS2_34,1,0.9967806068217039
calce_CS2_34,1,0.9958422462823466
calce_CS2_34,1,0.9953130508915832
calce_CS2_34,1,0.9967553164208415
calce_CS2_34,1,0.9965814546729437
calce_CS2_34,1,0.9963844276514308
calce_CS2_34,1,0.9964571038983927
calce_CS2_34,1,0.9963480189974219
calce_CS2_34,1,0.995287347670149
calce_CS2_34,1,0.9957416925613474
calce_CS2_34,1,0.9964644595590223
calce_CS2_34,1,0.996622724716112
calce_CS2_34,1,0.9969198571985893
calce_CS2_34,1,0.9959625389937758
calce_CS2_34,1,0.9956328475945366
calce_CS2_34,1,0.9967727455317925
calce_CS2_34,1,0.9965788631515113
calce_CS2_34,1,0.9965971221649744
calce_CS2_34,1,0.9969531569725627
calce_CS2_34,1,0.9960332622066528
calce_CS2_34,1,0.995829473943341
calce_CS2_34,1,0.9995139678560694
calce_CS2_34,1,0.9962507597946182
calce_CS2_34,1,0.9962583657414177
calce_CS2_34,1,0.9966268078370811
calce_CS2_34,1,0.9955287642659992
calce_CS2_34,1,0.9953520973571429
calce_CS2_34,1,0.9965440909376414
calce_CS2_34,1,0.9963918542178634
calce_CS2_34,1,0.9959348492716396
calce_CS2_34,1,0.9962433010667555
calce_CS2_34,1,0.9951937954796186
calce_CS2_34,1,0.9956491815318326
calce_CS2_34,1,0.9956296122311765
calce_CS2_34,1,0.9955795809787588
calce_CS2_34,1,0.9954659461180906
calce_CS2_34,1,0.9952563743432152
calce_CS2_34,1,0.9952533436488166
calce_CS2_34,1,0.9952782796857625
calce_CS2_34,1,0.9953600575666482
calce_CS2_34,1,0.9948471393910441
calce_CS2_34,1,0.995129435118048
calce_CS2_34,1,0.995251734462693
calce_CS2_34,1,0.9954036583448247
calce_CS2_34,1,0.9966007992756291
calce_CS2_34,1,0.9961770294911888
calce_CS2_34,1,0.996249716940451
calce_CS2_34,1,0.9966576816188175
calce_CS2_34,1,0.9955454879877936
calce_CS2_34,1,0.995920143971313
calce_CS2_34,1,0.9964052593728275
calce_CS2_34,1,0.9964309848632426
calce_CS2_34,1,0.9967030873366458
calce_CS2_34,1,0.9994625945776604
calce_CS2_34,1,0.9958687243818038
calce_CS2_34,1,0.9940630856876627
calce_CS2_34,1,0.9942823181998429
calce_CS2_34,1,0.9940332512063804
calce_CS2_34,1,0.9938353757231381
calce_CS2_34,1,0.9942484998366196
calce_CS2_34,1,0.9945577841092359
calce_CS2_34,1,0.99503159203876
calce_CS2_34,1,0.9948005140328633
calce_CS2_34,1,0.9939915351353963
calce_CS2_34,1,0.9942252100128678
calce_CS2_34,1,0.9947829718564057
calce_CS2_34,1,0.9999529990679457
calce_CS2_34,1,0.9928998215192418
calce_CS2_34,1,0.9956864171349243
calce_CS2_34,1,0.9955995461806914
calce_CS2_34,1,0.994952241935299
calce_CS2_34,1,0.9961677861394391
calce_CS2_34,1,0.9967307292895203
calce_CS2_34,1,0.9967662632933333
calce_CS2_34,1,0.996888174402094
calce_CS2_34,1,0.9960520126611219
calce_CS2_34,1,0.995276319709263
calce_CS2_34,1,0.9970213387291454
calce_CS2_34,1,0.9970335887579461
calce_CS2_34,1,0.9970921212435572
calce_CS2_34,1,0.9996566196921097
calce_CS2_34,1,0.9964878676236691
calce_CS2_34,1,0.9962457095934706
calce_CS2_34,1,0.9974460761494188
calce_CS2_34,1,0.9973857203914459
calce_CS2_34,1,0.9972378822786226
calce_CS2_34,1,0.9974372791365473
calce_CS2_34,1,0.997839441473812
calce_CS2_34,1,0.9977215035096972
calce_CS2_34,1,0.9975851330432348
calce_CS2_34,1,0.9977005254171869
calce_CS2_34,1,0.9968420688332608
calce_CS2_34,1,0.997069770292273
calce_CS2_34,1,0.9970815865396898
calce_CS2_34,1,0.9970006391161288
calce_CS2_34,1,0.9969777619003191
calce_CS2_34,1,0.9964513059140511
calce_CS2_34,1,0.9964789887501183
calce_CS2_34,1,0.9966826655359957
calce_CS2_34,1,0.9969373584917355
calce_CS2_34,1,0.9966073604647626
calce_CS2_34,1,0.9967609668535732
calce_CS2_34,1,0.9968663912216574
calce_CS2_34,1,0.9968476944997235
calce_CS2_34,1,0.9969866732003027
calce_CS2_34,1,0.9966232680148124
calce_CS2_34,1,0.9967933137200751
calce_CS2_34,1,0.9969046188917873
calce_CS2_34,1,0.996469161120003
calce_CS2_34,1,0.9962225705003636
calce_CS2_34,1,0.9968225970254094
calce_CS2_34,1,0.9966250414511786
calce_CS2_34,1,0.996859210583888
calce_CS2_34,1,0.9967527716764769
calce_CS2_34,1,0.9964679622896205
calce_CS2_34,1,0.9962940643131262
calce_CS2_34,1,0.9969529303460577
calce_CS2_34,1,0.9962392160766513
calce_CS2_34,1,0.9969498202477205
calce_CS2_34,1,0.9968514937546762
calce_CS2_34,1,0.9970088208199481
calce_CS2_34,1,0.997130861871732
calce_CS2_34,1,0.9969253195938919
calce_CS2_34,1,0.9971416843551136
calce_CS2_34,1,0.9972851338479664
calce_CS2_34,1,0.9972567566389304
calce_CS2_34,1,0.9976331179804778
calce_CS2_34,1,0.99794668483564
calce_CS2_34,1,0.9976685969336354
calce_CS2_34,1,0.99750828828316
calce_CS2_34,1,0.9978466233488279
calce_CS2_34,1,0.9977528043181172
calce_CS2_34,1,0.9979571456615253
calce_CS2_34,1,0.9977463814674461
calce_CS2_34,1,0.9978109569119851
calce_CS2_34,1,0.9977058283740776
calce_CS2_34,1,0.9978365842033551
calce_CS2_34,1,0.9978578823792413
calce_CS2_34,1,0.9979708279516593
calce_CS2_34,1,0.9980185810322519
calce_CS2_34,1,0.9977634902642407
calce_CS2_34,1,0.9978380135222017
calce_CS2_34,1,0.9979265595758492
calce_CS2_34,1,0.998095927987373
calce_CS2_34,1,0.9979022992437079
calce_CS2_34,1,0.9980351355959276
calce_CS2_34,1,0.9972192042357697
calce_CS2_34,1,0.9968041450730895
calce_CS2_34,1,0.9975787355157479
calce_CS2_34,1,0.9979299048171151
calce_CS2_34,1,0.9981271240139518
calce_CS2_34,1,0.9979449322788563
calce_CS2_34,1,0.9978485836111523
calce_CS2_34,1,0.9980271394869639
calce_CS2_34,1,0.9976778028853971
calce_CS2_34,1,0.9981747384001153
calce_CS2_34,1,0.9980271006236632
calce_CS2_34,1,0.9981482459234985
calce_CS2_34,1,0.9981663350147421
calce_CS2_34,1,0.9978039853122007
calce_CS2_34,1,0.9978487775701955
calce_CS2_34,1,0.998035245625243
calce_CS2_34,1,0.9981994800637988
calce_CS2_34,1,0.9984495869310285
calce_CS2_34,1,0.9985609485676569
calce_CS2_34,1,0.9983078128310379
calce_CS2_34,1,0.9981931713136896
calce_CS2_34,1,0.9973117489212843
calce_CS2_34,1,0.9977833736871962
calce_CS2_34,1,0.9979268605198165
calce_CS2_34,1,0.9981295671485123
calce_CS2_34,1,0.9981681368213575
calce_CS2_34,1,0.9981497507235499
calce_CS2_34,1,0.9981161837607938
calce_CS2_34,1,0.9980517055928165
calce_CS2_34,1,0.9985315715221521
calce_CS2_34,1,0.9983983992260255
calce_CS2_34,1,0.9983163242704249
calce_CS2_34,1,0.9983089885387483
calce_CS2_34,1,0.9981127031943471
calce_CS2_34,1,0.9981941086188455
calce_CS2_34,1,0.998411664460523
calce_CS2_34,1,0.9984696064811477
calce_CS2_34,1,0.9986021989472729
calce_CS2_34,1,0.9986152867107508
calce_CS2_34,1,0.9985461338620292
calce_CS2_34,1,0.9986684289113577
calce_CS2_34,1,0.9975135320206878
calce_CS2_34,1,0.997813953277301
calce_CS2_34,1,0.9983738612317431
calce_CS2_34,1,0.9982951848318612
calce_CS2_34,1,0.9984026491716298
calce_CS2_34,1,0.9986838519285123
calce_CS2_34,1,0.9982994656191532
calce_CS2_34,1,0.9983811551924642
calce_CS2_34,1,0.9985411525457731
calce_CS2_34,1,0.9985096586035453
calce_CS2_34,1,0.9986753607752455
calce_CS2_34,1,0.998589520378887
calce_CS2_34,1,0.9986261460379603
calce_CS2_34,1,0.9984345651099404
calce_CS2_34,1,0.9985755350368808
calce_CS2_34,1,0.9987697086893899
calce_CS2_34,1,0.9987032857452024
calce_CS2_34,1,0.9988514317256889
calce_CS2_34,1,0.9987355616066215
calce_CS2_34,1,0.9987737829478559
calce_CS2_34,1,0.998786447784919
calce_CS2_34,1,0.9989725173456344
calce_CS2_34,1,0.9988705520933335
calce_CS2_34,1,0.9989806716850481
calce_CS2_34,1,0.998980990574051
calce_CS2_34,1,0.9987693464271516
calce_CS2_34,1,0.9987037798902999
calce_CS2_34,1,0.998827262276763
calce_CS2_34,1,0.9990411473097118
calce_CS2_34,1,0.998937177162617
calce_CS2_34,1,0.9990267698164335
calce_CS2_34,1,0.9989231092706665
calce_CS2_34,1,0.9989888445466085
calce_CS2_34,1,0.9990416324322082
calce_CS2_34,1,0.9991185508446593
calce_CS2_34,1,0.9990304969543108
calce_CS2_34,1,0.9991127452600791
calce_CS2_34,1,0.9991601388310652
calce_CS2_34,1,0.9991221180359444
calce_CS2_34,1,0.9990654665784281
calce_CS2_34,1,0.9990708011154942
calce_CS2_34,1,0.9991709083593149
calce_CS2_34,1,0.9991025941686378
calce_CS2_34,1,0.9991178383990769
calce_CS2_34,1,0.9988332355811859
calce_CS2_34,1,0.9989296328954165
calce_CS2_34,1,0.9990250520249265
calce_CS2_34,1,0.998937961390693
calce_CS2_34,1,0.9991562681352459
calce_CS2_34,1,0.9990538177741723
calce_CS2_34,1,0.9985227577806411
calce_CS2_34,1,0.998955604135466
calce_CS2_34,1,0.9989569192403389
calce_CS2_34,1,0.9990914598922762
calce_CS2_34,1,0.9991675033487855
calce_CS2_34,1,0.9991111620912344
calce_CS2_34,1,0.9990918290437575
calce_CS2_34,1,0.9991363379168817
calce_CS2_34,1,0.9992076653171863
calce_CS2_34,1,0.9992004860389389
calce_CS2_34,1,0.9993090074511041
calce_CS2_34,1,0.9992576914809085
calce_CS2_34,1,0.9993009240030106
calce_CS2_34,1,0.9992600721009575
calce_CS2_34,1,0.9992303704337744
calce_CS2_34,1,0.9993080231384647
calce_CS2_34,1,0.9992430177520274
calce_CS2_34,1,0.9992998508686676
calce_CS2_34,1,0.9992930947348787
calce_CS2_34,1,0.999174881943731
calce_CS2_34,1,0.9991585304509443
calce_CS2_34,1,0.9991946946920781
calce_CS2_34,1,0.9992258242344072
calce_CS2_34,1,0.9992488220365977
calce_CS2_34,1,0.9991035907613951
calce_CS2_34,1,0.9991509916428347
calce_CS2_34,1,0.9990683971718497
calce_CS2_34,1,0.9991515671678471
calce_CS2_34,1,0.9992359656525842
calce_CS2_34,1,0.9992832389404869
calce_CS2_34,1,0.9993060418854466
calce_CS2_34,1,0.9992411908697177
calce_CS2_34,1,0.9992197219996816
calce_CS2_34,1,0.9992272026557066
calce_CS2_34,1,0.9993187781316653
calce_CS2_34,1,0.9993550753754809
calce_CS2_34,1,0.9992985019982912
calce_CS2_34,1,0.9993328538753952
calce_CS2_34,1,0.9992367982905735
calce_CS2_34,1,0.99919484522547
calce_CS2_34,1,0.9991933562937093
calce_CS2_34,1,0.9992368563220708
calce_CS2_34,1,0.9993292131346967
calce_CS2_34,1,0.9992427403022623
calce_CS2_34,1,0.9991022575510945
calce_CS2_34,1,0.9991620302090793
calce_CS2_34,1,0.9992678876288779
calce_CS2_34,1,0.9992476618672101
calce_CS2_34,1,0.999190705155291
calce_CS2_34,1,0.9993091247056682
calce_CS2_34,1,0.9991041233468406
calce_CS2_34,1,0.9992787394171647
calce_CS2_34,1,0.9993752190381489
calce_CS2_34,1,0.9993972648549622
calce_CS2_34,1,0.9993822229203962
calce_CS2_34,1,0.999456291763351
calce_CS2_34,1,0.9994069773056505
calce_CS2_34,1,0.9993868189456504
calce_CS2_34,1,0.9994817178203756
calce_CS2_34,1,0.9995855857486708
calce_CS2_34,1,0.9995342847422657
calce_CS2_34,1,0.9995738482909923
calce_CS2_34,1,0.9995207286282589
calce_CS2_34,1,0.9995035849601672
calce_CS2_34,1,0.9995294453844848
calce_CS2_34,1,0.999959089531651
calce_CS2_34,1,0.999570145530649
calce_CS2_34,1,0.9995805927503144
calce_CS2_34,1,0.9994905710555406
calce_CS2_34,1,0.9995088571908213
calce_CS2_34,1,0.9995253717385658
calce_CS2_34,1,0.9995681776646107
calce_CS2_34,1,0.9995497481988299
calce_CS2_34,1,0.9995710433651762
calce_CS2_34,1,0.9996446794917982
calce_CS2_34,1,0.999543057758323
calce_CS2_34,1,0.9995362165316044
calce_CS2_34,1,0.9995752801113891
calce_CS2_34,1,0.9996464850186312
calce_CS2_34,1,0.9996373055140475
calce_CS2_34,1,0.9996401901566968
calce_CS2_34,1,0.9997006858578953
calce_CS2_34,1,0.9996388402290852
calce_CS2_34,1,0.9996478130879398
calce_CS2_34,1,0.9995797976971631
calce_CS2_34,1,0.9996740845533691
calce_CS2_34,1,0.9996813509917954
calce_CS2_34,1,0.9996992866087997
calce_CS2_34,1,0.9997517030158256
calce_CS2_34,1,0.9997168308810107
calce_CS2_34,1,0.9996323083632265
calce_CS2_34,1,0.9997018725449262
calce_CS2_34,1,0.999656230834465
calce_CS2_34,1,0.9998167035708782
calce_CS2_34,1,0.9998381649895571
calce_CS2_34,1,0.9998265939795162
calce_CS2_34,1,0.9998627171003285
calce_CS2_34,1,0.9998360495914852
calce_CS2_34,1,0.999987281902812
calce_CS2_34,1,0.9997938356662339
calce_CS2_34,1,0.9998279701895463
calce_CS2_34,1,0.9998529248042372
calce_CS2_34,1,0.9998626013937912
calce_CS2_34,1,0.9998500051160273
calce_CS2_34,1,0.9998695135671467
calce_CS2_34,1,0.9998598282220437
calce_CS2_34,1,0.9999897325186403
calce_CS2_34,1,0.9998296160711134
calce_CS2_34,1,0.9998078572022661
calce_CS2_34,1,0.9998295416842718
calce_CS2_34,1,0.9998357331673927
calce_CS2_34,1,0.9998319420125411
calce_CS2_34,1,0.9998373130809793
calce_CS2_34,1,0.9998282216365103
calce_CS2_34,1,0.9997755201216307
calce_CS2_34,1,0.9998078102332464
calce_CS2_34,1,0.9998412790175641
calce_CS2_34,1,0.9998383140854914
calce_CS2_34,1,0.9998941624440957
calce_CS2_34,1,0.9999081764415874
calce_CS2_34,1,0.9999936096282203
calce_CS2_34,1,0.9998740370522547
calce_CS2_34,1,0.9998827275005252
calce_CS2_34,1,0.9998585398937172
calce_CS2_34,1,0.999904108073687
calce_CS2_34,1,0.9999279191285818
calce_CS2_34,1,0.999915891233094
calce_CS2_34,1,0.9999386006315866
calce_CS2_34,1,0.9999324899826757
calce_CS2_34,1,0.9998912362381204
calce_CS2_34,1,0.9998931113369209
calce_CS2_34,1,0.999909558249447
calce_CS2_34,1,0.9999231565917154
calce_CS2_34,1,0.9999308548641268
calce_CS2_34,1,0.9999408958068174
calce_CS2_34,1,0.9999505545876445
calce_CS2_34,1,0.9999451400189667
calce_CS2_34,1,0.999937051346525
calce_CS2_34,1,0.9999483448115315
calce_CS2_34,1,0.999947536514431
calce_CS2_34,1,0.9999572075140241
calce_CS2_34,1,0.9999532935098804
calce_CS2_34,1,0.9892129662802442
calce_CS2_34,1,0.9912518440555099
calce_CS2_34,1,0.9894757367769391
calce_CS2_34,1,0.9895164177092352
calce_CS2_34,1,0.9868931969115954
calce_CS2_34,1,0.985127981233307
calce_CS2_34,1,0.9878273551321135
calce_CS2_34,1,0.9885501119177564
calce_CS2_34,1,0.9892803189616356
calce_CS2_34,1,0.9863934471105577
calce_CS2_34,1,0.9854924642970116
calce_CS2_34,1,0.9832124180535904
calce_CS2_34,1,0.983175925803611
calce_CS2_34,1,0.9831231077986995
calce_CS2_34,1,0.9832475056826443
calce_CS2_34,1,0.9834377007326919
calce_CS2_34,1,0.9947554361394525
calce_CS2_34,1,0.9814519421672285
calce_CS2_34,1,0.9814971057511173
calce_CS2_34,1,0.9818708749600997
calce_CS2_34,1,0.9821541091910737
calce_CS2_34,1,0.9852733128337327
calce_CS2_34,1,0.9869110246962792
calce_CS2_34,1,0.9859857187684332
calce_CS2_34,1,0.9855832634321319
calce_CS2_34,1,0.984030340118046
calce_CS2_34,1,0.9854157472309493
calce_CS2_34,1,0.9858683251274996
calce_CS2_34,1,0.9862590990518263
calce_CS2_34,1,0.9864648007517598
calce_CS2_34,1,0.9841335412788885
calce_CS2_34,1,0.9842102860004986
calce_CS2_34,1,0.9874882012152727
calce_CS2_34,1,0.9857133127294674
calce_CS2_34,1,0.986663007745705
calce_CS2_34,1,0.9842991791218958
calce_CS2_34,1,0.9818820742110519
calce_CS2_34,1,0.9866106489102315
calce_CS2_34,1,0.9869521501058511
calce_CS2_34,1,0.9860225997236597
calce_CS2_34,1,0.9957837264185325
calce_CS2_34,1,0.9831566703045884
calce_CS2_34,1,0.9863509543851852
calce_CS2_34,1,0.9871340274978765
calce_CS2_34,1,0.9874992021365371
calce_CS2_34,1,0.9856874161712879
calce_CS2_34,1,0.9829372634399005
calce_CS2_34,1,0.9822708348689079
calce_CS2_34,1,0.9818175884362079
calce_CS2_34,1,0.9811693548530318
calce_CS2_34,1,0.9808420473540284
calce_CS2_34,1,0.9808925302384671
calce_CS2_34,1,0.9810784865944099
calce_CS2_34,1,0.9871581198798016
calce_CS2_34,1,0.9844017744128487
calce_CS2_34,1,0.9829557318931366
calce_CS2_34,1,0.988517256572417
calce_CS2_34,1,0.9876056571942153
calce_CS2_34,1,0.9881972441166805
calce_CS2_34,1,0.9863417986182738
calce_CS2_34,1,0.9826731698721851
calce_CS2_34,1,0.9870675827156802
calce_CS2_34,1,0.9875264118703138
calce_CS2_34,1,0.9879943754245636
calce_CS2_34,1,0.9893253564400639
calce_CS2_34,1,0.9831818980954916
calce_CS2_34,1,0.9862529086737442
calce_CS2_34,1,0.9881830492886579
calce_CS2_34,1,0.9876899019042493
calce_CS2_34,1,0.9888553543110782
calce_CS2_34,1,0.9854006555715183
calce_CS2_34,1,0.9842159645403687
calce_CS2_34,1,0.9836650182232111
calce_CS2_34,1,0.9834326186909645
calce_CS2_34,1,0.9832189805401336
calce_CS2_34,1,0.9828877249704954
calce_CS2_34,1,0.9830096929839595
calce_CS2_34,1,0.9952760461531862
calce_CS2_34,1,0.9829158174565467
calce_CS2_34,1,0.980397693149303
calce_CS2_34,1,0.9802003380402342
calce_CS2_34,1,0.9793618799766075
calce_CS2_34,1,0.9815951701472156
calce_CS2_34,1,0.9861426634412233
calce_CS2_34,1,0.9866414893954556
calce_CS2_34,1,0.9876314535307307
calce_CS2_34,1,0.983221912769994
calce_CS2_34,1,0.9838564110936171
calce_CS2_34,1,0.9874015935134739
calce_CS2_34,1,0.9867814285812709
calce_CS2_34,1,0.9870448881139593
calce_CS2_34,1,0.9861078444782526
calce_CS2_34,1,0.9839106141379335
calce_CS2_34,1,0.9870292376850012
calce_CS2_34,1,0.9878018664280062
calce_CS2_34,1,0.987036195651706
calce_CS2_34,1,0.9877671250764264
calce_CS2_34,1,0.9829940355724414
calce_CS2_34,1,0.9833037215235678
calce_CS2_34,1,0.9864939102465298
calce_CS2_34,1,0.996526855217633
calce_CS2_34,1,0.9861235468150136
calce_CS2_34,1,0.9858590101376746
calce_CS2_34,1,0.9856221991137982
calce_CS2_34,1,0.982786138175845
calce_CS2_34,1,0.9816354660857898
calce_CS2_34,1,0.9853261346065753
calce_CS2_34,1,0.9861582183493075
calce_CS2_34,1,0.9867956765477899
calce_CS2_34,1,0.9869496479749077
calce_CS2_34,1,0.9865230280606677
calce_CS2_34,1,0.9881022818047888
calce_CS2_34,1,0.9882311516117896
calce_CS2_34,1,0.9885764797819138
calce_CS2_34,1,0.9896108875294535
calce_CS2_34,1,0.9885648752458283
calce_CS2_34,1,0.9885292358489275
calce_CS2_34,1,0.9890099449527809
calce_CS2_34,1,0.98898664945448
calce_CS2_34,1,0.9900478536653843
calce_CS2_34,1,0.9882625752026997
calce_CS2_34,1,0.988575022981077
calce_CS2_34,1,0.9887201201139618
calce_CS2_34,1,0.9869308182330292
calce_CS2_34,1,0.9870891997180404
calce_CS2_34,1,0.98749677417107
calce_CS2_34,1,0.9879341876965159
calce_CS2_34,1,0.9881127400943456
calce_CS2_34,1,0.9883211806302029
calce_CS2_34,1,0.9880670101529744
calce_CS2_34,1,0.98863199457026
calce_CS2_34,1,0.9871280478328494
calce_CS2_34,1,0.9905815048433195
calce_CS2_34,1,0.9897836752626188
calce_CS2_34,1,0.9902246070791326
calce_CS2_34,1,0.9881887623181344
calce_CS2_34,1,0.9882149268512173
calce_CS2_34,1,0.9863085759123412
calce_CS2_34,1,0.9853465469327843
calce_CS2_34,1,0.9999881779730178
