cell,y,p_raw,p_iso,p_platt,p_temp
calce_CX2_36,0,0.002032483695074916,0.6243567753001715,0.6950761430675994,0.16339756522681245
calce_CX2_36,0,0.011117823421955109,0.6412210009712769,0.6986004722271496,0.23453461918085544
calce_CX2_36,0,0.011117823421955109,0.6412210009712769,0.6986004722271496,0.23453461918085544
calce_CX2_36,0,0.011644106358289719,0.6652991241037951,0.6988039139355753,0.23675549509102772
calce_CX2_36,0,0.007443854585289955,0.6243567753001715,0.6971780773778015,0.21592228362242666
calce_CX2_36,0,0.0036872101482003927,0.6243567753001715,0.6957197562885973,0.18607116881719768
calce_CX2_36,0,0.004305242095142603,0.6243567753001715,0.6959599464189494,0.1923616054989659
calce_CX2_36,0,0.0041420916095376015,0.6243567753001715,0.695896550463536,0.190778011287916
calce_CX2_36,0,0.011620888486504555,0.6642368765234123,0.6987949404042557,0.2366593295073038
calce_CX2_36,0,0.012329061515629292,0.6802244039270685,0.6990685754518091,0.2395218528249752
calce_CX2_36,0,0.006597983185201883,0.6243567753001715,0.696850056898925,0.21055114907685799
calce_CX2_36,0,0.004297791980206966,0.6243567753001715,0.695957051663874,0.19229039019577981
calce_CX2_36,0,0.004526671953499317,0.6243567753001715,0.6960459762878506,0.19443277756653413
calce_CX2_36,0,0.010803813114762306,0.6363636363636364,0.6984790501354219,0.23316672177788073
calce_CX2_36,0,0.008809547871351242,0.6243567753001715,0.6977072555568858,0.2235963561685826
calce_CX2_36,0,0.008144372142851353,0.6243567753001715,0.6974495790455901,0.2199943961333703
calce_CX2_36,0,0.016978535801172256,0.6802244039270685,0.7008615894938638,0.2554561256731464
calce_CX2_36,0,0.10840459913015366,0.6802244039270685,0.7348333948963365,0.36462031120372135
calce_CX2_36,0,0.006203858181834221,0.6243567753001715,0.6966971506215095,0.20784827737259962
calce_CX2_36,0,0.005798242054879665,0.6243567753001715,0.6965397407410773,0.20491180130445932
calce_CX2_36,0,0.006203858181834221,0.6243567753001715,0.6966971506215095,0.20784827737259962
calce_CX2_36,0,0.021630384027957916,0.6802244039270685,0.7026493752717812,0.26802831476186484
calce_CX2_36,0,0.005798242054879665,0.6243567753001715,0.6965397407410773,0.20491180130445932
calce_CX2_36,0,0.006213019602000713,0.6243567753001715,0.6967007054162558,0.20791272030029928
calce_CX2_36,0,0.002922061365097761,0.6243567753001715,0.695422243256119,0.1769359965884642
calce_CX2_36,0,0.0029219184070825577,0.6243567753001715,0.6954221876544365,0.17693411322431538
calce_CX2_36,0,0.0023013525642454624,0.6243567753001715,0.6951807727998456,0.1679331346866699
calce_CX2_36,0,0.0028415340930223465,0.6243567753001715,0.6953909223052507,0.17586284922706574
calce_CX2_36,0,0.0032279109582304955,0.6243567753001715,0.6955411864607387,0.1808012503189212
calce_CX2_36,0,0.0036192601546645164,0.6243567753001715,0.695693341888169,0.18532713320171845
calce_CX2_36,0,0.0024695636238902807,0.6243567753001715,0.6952462215129962,0.1705535092051585
calce_CX2_36,0,0.0034928699024021626,0.6243567753001715,0.6956442064033141,0.1839118012759171
calce_CX2_36,0,0.0038161342963576317,0.6243567753001715,0.6957698698050899,0.18745210595117529
calce_CX2_36,0,0.004528287798166275,0.6243567753001715,0.6960466040249862,0.1944475783008115
calce_CX2_36,0,0.005634556990116835,0.6243567753001715,0.6964762054429137,0.2036778448523387
calce_CX2_36,0,0.003255002899095416,0.6243567753001715,0.6955517211065166,0.18112881349399704
calce_CX2_36,0,0.05822325870394707,0.6802244039270685,0.7164946548708421,0.32439969596355905
calce_CX2_36,0,0.0037019450683146715,0.6243567753001715,0.6957254840671371,0.18623100903499273
calce_CX2_36,0,0.003513038856908679,0.6243567753001715,0.6956520475869676,0.18414047456771704
calce_CX2_36,0,0.003173975506797433,0.6243567753001715,0.6955202131606183,0.18014229280441565
calce_CX2_36,0,0.00345737230964005,0.6243567753001715,0.6956304055535766,0.183506660513879
calce_CX2_36,0,0.0033846083097159863,0.6243567753001715,0.6956021150694897,0.18266529298028486
calce_CX2_36,0,0.0020009351428598166,0.6243567753001715,0.6950638646960997,0.16283357981743804
calce_CX2_36,0,0.0019663162529468536,0.6243567753001715,0.6950503910614746,0.16220625420891727
calce_CX2_36,0,0.004463288001716137,0.6243567753001715,0.6960213517727947,0.1938486919510272
calce_CX2_36,0,0.0026339665055274963,0.6243567753001715,0.6953101808865747,0.17297618811741966
calce_CX2_36,0,0.0021474999375641346,0.6243567753001715,0.6951209038540849,0.16539469277555488
calce_CX2_36,0,0.006542363669723272,0.6243567753001715,0.6968284811736412,0.2101780702636494
calce_CX2_36,0,0.00345737230964005,0.6243567753001715,0.6956304055535766,0.183506660513879
calce_CX2_36,0,0.006218787282705307,0.6243567753001715,0.6967029433673744,0.20795325023459693
calce_CX2_36,0,0.011930610053241253,0.6666666666666666,0.6989146329192147,0.2379289709047006
calce_CX2_36,0,0.005575468763709068,0.6243567753001715,0.6964532681648457,0.20322502242540066
calce_CX2_36,0,0.03451986238360405,0.6802244039270685,0.707570646092369,0.29360179926670193
calce_CX2_36,0,0.008205707184970379,0.6243567753001715,0.6974733442868875,0.22033670893962595
calce_CX2_36,0,0.010431413538753986,0.6363636363636364,0.6983350139448136,0.231500124560044
calce_CX2_36,0,0.005874003283679485,0.6243567753001715,0.6965691453562526,0.20547308116070284
calce_CX2_36,0,0.02344513311982155,0.6802244039270685,0.7033451412167386,0.27231155899678183
calce_CX2_36,0,0.03377348184585571,0.6802244039270685,0.7072869801351775,0.29236620538249225
calce_CX2_36,0,0.03206867724657059,0.6802244039270685,0.7066384554611924,0.2894543108141974
calce_CX2_36,0,0.021053729578852654,0.6802244039270685,0.7024280918040197,0.2666030337775704
calce_CX2_36,0,0.0312349796295166,0.6802244039270685,0.7063210027989962,0.2879819871914842
calce_CX2_36,0,0.023845981806516647,0.6802244039270685,0.7034986976605243,0.2732193434878859
calce_CX2_36,0,0.011166215874254704,0.6434350180801526,0.6986191822384188,0.23474250844101044
calce_CX2_36,1,0.00993062648922205,0.6243567753001715,0.6981412586241411,0.22917769637339522
calce_CX2_36,1,0.005915164016187191,0.6243567753001715,0.6965851200763304,0.20577548354846378
calce_CX2_36,1,0.02579735964536667,0.6802244039270685,0.7042455708739496,0.2774609209347457
calce_CX2_36,1,0.024378500878810883,0.6802244039270685,0.7037026230331297,0.2744053906981071
calce_CX2_36,1,0.035819631069898605,0.6802244039270685,0.7080642449845499,0.2957002068702348
calce_CX2_36,1,0.03690322861075401,0.6802244039270685,0.7084753764360439,0.2974006422325724
calce_CX2_36,1,0.024378500878810883,0.6802244039270685,0.7037026230331297,0.2744053906981071
calce_CX2_36,1,0.01810937188565731,0.6802244039270685,0.7012967560206504,0.2587600434756828
calce_CX2_36,1,0.01741601899266243,0.6802244039270685,0.7010299841706034,0.2567559183964696
calce_CX2_36,1,0.17534898221492767,0.6802244039270685,0.7580855942032223,0.39938106912639726
calce_CX2_36,1,0.04676845669746399,0.6802244039270685,0.712202646839495,0.3111920820788776
calce_CX2_36,1,0.028669726103544235,0.6802244039270685,0.705342956486017,0.283231394470439
calce_CX2_36,1,0.008750524371862411,0.6243567753001715,0.6976843959970256,0.2232861977809139
calce_CX2_36,1,0.008699862286448479,0.6243567753001715,0.6976647739973738,0.22301856573501622
calce_CX2_36,1,0.003958649002015591,0.6243567753001715,0.6958252606398674,0.1889342204365681
calce_CX2_36,1,0.008112283423542976,0.6243567753001715,0.6974371453378302,0.2198144412451617
calce_CX2_36,1,0.005376896355301142,0.6243567753001715,0.6963761777838898,0.20167323810253512
calce_CX2_36,1,0.005416468251496553,0.6243567753001715,0.6963915413860852,0.20198626260550873
calce_CX2_36,1,0.0059909154660999775,0.6243567753001715,0.6966145184146003,0.2063274397032081
calce_CX2_36,1,0.0027315174229443073,0.6243567753001715,0.6953481285757934,0.17435536693572087
calce_CX2_36,1,0.0028050492983311415,0.6243567753001715,0.6953767310081939,0.17536834692624842
calce_CX2_36,1,0.003837423864752054,0.6243567753001715,0.6957781447291116,0.18767640344469477
calce_CX2_36,1,0.08231724798679352,0.6802244039270685,0.7253949701356762,0.3462591351717321
calce_CX2_36,1,0.005742879584431648,0.6243567753001715,0.6965182523201067,0.20449774823763572
calce_CX2_36,1,0.002934484276920557,0.6243567753001715,0.6954270749662136,0.17709936906372162
calce_CX2_36,1,0.002897228579968214,0.6243567753001715,0.695412584777948,0.1766076954439411
calce_CX2_36,1,0.003468797542154789,0.6243567753001715,0.6956348475246636,0.18363743377490416
calce_CX2_36,1,0.002855681348592043,0.6243567753001715,0.6953964249882433,0.17605318628466154
calce_CX2_36,1,0.005895982496440411,0.6243567753001715,0.6965776756758326,0.2056347796252189
calce_CX2_36,1,0.005471383687108755,0.6243567753001715,0.6964128613186605,0.20241750388482424
calce_CX2_36,1,0.003360222326591611,0.6243567753001715,0.6955926335217142,0.18237996377648819
calce_CX2_36,1,0.004609436262398958,0.6243567753001715,0.696078128334072,0.1951852754520321
calce_CX2_36,1,0.004609436262398958,0.6243567753001715,0.696078128334072,0.1951852754520321
calce_CX2_36,1,0.009528005495667458,0.6243567753001715,0.697985432695978,0.2272375442943784
calce_CX2_36,1,0.02019176073372364,0.6802244039270685,0.7020971458380784,0.26440920123570866
calce_CX2_36,1,0.010649998672306538,0.6363636363636364,0.6984195627368617,0.23248434544389487
calce_CX2_36,1,0.006810030434280634,0.6243567753001715,0.6969323055572215,0.21194969449910459
calce_CX2_36,1,0.00902574136853218,0.6243567753001715,0.6977909780474731,0.2247176382390304
calce_CX2_36,1,0.008908049203455448,0.6243567753001715,0.6977454025381365,0.22411007901458702
calce_CX2_36,1,0.18562978506088257,0.6802244039270685,0.7615308064919709,0.4037843813176082
calce_CX2_36,1,0.09035251289606094,0.6802244039270685,0.7283242852876447,0.3523654277830169
calce_CX2_36,1,0.08820461481809616,0.6802244039270685,0.7275431745144668,0.35077812048055423
calce_CX2_36,1,0.21257483959197998,0.6802244039270685,0.7703995130972704,0.41456390134124926
calce_CX2_36,1,0.12473045289516449,0.6802244039270685,0.740633518762144,0.37436837353255836
calce_CX2_36,1,0.0972035676240921,0.6802244039270685,0.7308063568811358,0.35723123187256767
calce_CX2_36,1,0.17655643820762634,0.6802244039270685,0.7584919769910897,0.3999076832700231
calce_CX2_36,1,0.1469009816646576,0.6802244039270685,0.7483769368556172,0.3861228127544788
calce_CX2_36,1,0.02751300297677517,0.6802244039270685,0.7049013163670251,0.2809696569640115
calce_CX2_36,1,0.10533013939857483,0.6802244039270685,0.7337318957739358,0.36265562649435745
calce_CX2_36,1,0.05967283621430397,0.6802244039270685,0.7170350330915128,0.3259110242066061
calce_CX2_36,1,0.018098505213856697,0.6802244039270685,0.7012925760550791,0.2587291417466193
calce_CX2_36,1,0.8975619077682495,0.6802244039270685,0.9218950790195546,0.6392348917441507
calce_CX2_36,1,0.25820469856262207,0.6802244039270685,0.7848836477523963,0.43090879687111916
calce_CX2_36,1,0.25373440980911255,0.6802244039270685,0.7834944589875747,0.4293923367154734
calce_CX2_36,1,0.15016575157642365,0.6802244039270685,0.7495041565683045,0.3877368124228684
calce_CX2_36,1,0.15016575157642365,0.6802244039270685,0.7495041565683045,0.3877368124228684
calce_CX2_36,1,0.42769351601600647,0.6802244039270685,0.8327969439663445,0.480817512477057
calce_CX2_36,1,0.49205252528190613,0.6802244039270685,0.8486125563545307,0.4979051697429932
calce_CX2_36,1,0.1590159833431244,0.6802244039270685,0.7525429063146184,0.39198325579505355
calce_CX2_36,1,0.5374362468719482,0.6802244039270685,0.8590105749792368,0.5098840488110279
calce_CX2_36,1,0.46367424726486206,0.6802244039270685,0.8417957667651367,0.49041012684523283
calce_CX2_36,1,0.07947956025600433,0.6802244039270685,0.724355792834152,0.3439855051707183
calce_CX2_36,1,0.07947956025600433,0.6802244039270685,0.724355792834152,0.3439855051707183
calce_CX2_36,1,0.23509900271892548,0.6802244039270685,0.7776335181857535,0.4228861431221172
calce_CX2_36,1,0.11555437743663788,0.6802244039270685,0.7373836862889791,0.3690230729254844
calce_CX2_36,1,0.5245335102081299,0.6802244039270685,0.8561166390427446,0.5064709788894015
calce_CX2_36,1,0.12099698930978775,0.6802244039270685,0.7393144206165569,0.37223211838135395
calce_CX2_36,1,0.1594274342060089,0.6802244039270685,0.7526835754813112,0.3921763374850618
calce_CX2_36,1,0.44341301918029785,0.6802244039270685,0.8367777674728099,0.48502603367451685
calce_CX2_36,1,0.589992105960846,0.6802244039270685,0.8702986835682543,0.5239614991172129
calce_CX2_36,1,0.9030197262763977,0.6802244039270685,0.9226136597868333,0.6429229021793018
calce_CX2_36,1,0.8996292948722839,0.6802244039270685,0.9221679886111374,0.6406128058864385
calce_CX2_36,1,0.953683614730835,0.6802244039270685,0.9290002095093653,0.689383161677782
calce_CX2_36,1,0.9819886088371277,0.6802244039270685,0.9323529175349639,0.7415191588626437
calce_CX2_36,1,0.9813910722732544,0.6802244039270685,0.9322836814406089,0.7398361377539436
calce_CX2_36,1,0.6446384787559509,0.6802244039270685,0.8812108463885515,0.5391612367375618
calce_CX2_36,1,0.5065130591392517,0.6802244039270685,0.851992343249976,0.5017166965168396
calce_CX2_36,1,0.27209556102752686,0.6802244039270685,0.789159008467326,0.43552324261041564
calce_CX2_36,1,0.14810363948345184,0.6802244039270685,0.7487925671865593,0.3867204933620183
calce_CX2_36,1,0.3666643798351288,0.6802244039270685,0.8166054041130353,0.4640492227088128
calce_CX2_36,1,0.7553432583808899,0.6802244039270685,0.9008967893775941,0.5737382387001304
calce_CX2_36,1,0.25622355937957764,0.6802244039270685,0.7842687878409715,0.43023871355972715
calce_CX2_36,1,0.5817549824714661,0.6802244039270685,0.8685817563174953,0.5217291228563697
calce_CX2_36,1,0.49740299582481384,0.6802244039270685,0.8498704256152518,0.49931551816463954
calce_CX2_36,1,0.8878516554832458,0.6802244039270685,0.9206015063646039,0.6330464808369457
calce_CX2_36,1,0.8089327216148376,0.6802244039270685,0.9093424637483761,0.5939566044816162
calce_CX2_36,1,0.7344935536384583,0.6802244039270685,0.8974257552492694,0.5666478090080316
calce_CX2_36,1,0.6049582958221436,0.6802244039270685,0.873369347641163,0.5280511333525973
calce_CX2_36,1,0.6441516876220703,0.6802244039270685,0.8811172455141315,0.5390221180232561
calce_CX2_36,1,0.6341330409049988,0.6802244039270685,0.879176638329804,0.5361759649793263
calce_CX2_36,1,0.5842736959457397,0.6802244039270685,0.869108788685448,0.5224104537534263
calce_CX2_36,1,0.719714343547821,0.6802244039270685,0.8949005115368523,0.5618201861467335
calce_CX2_36,1,0.6534650325775146,0.6802244039270685,0.8828969952656681,0.5416978943036258
calce_CX2_36,1,0.42674073576927185,0.6802244039270685,0.8325531844682492,0.4805613405221199
calce_CX2_36,1,0.5191807746887207,0.6802244039270685,0.8549016531353097,0.5050576660407136
calce_CX2_36,1,0.7551616430282593,0.6802244039270685,0.90086701065763,0.573674906265182
calce_CX2_36,1,0.6458421945571899,0.6802244039270685,0.8814420247944329,0.5395055852409355
calce_CX2_36,1,0.7449472546577454,0.6802244039270685,0.8991793359113409,0.5701587685422831
calce_CX2_36,1,0.7987872362136841,0.6802244039270685,0.907794899151467,0.5898592806744742
calce_CX2_36,1,0.5317407250404358,0.6802244039270685,0.8577391786731372,0.5083761850731314
calce_CX2_36,1,0.7829620242118835,0.6802244039270685,0.9053335618749192,0.583742375570863
calce_CX2_36,1,0.6743664741516113,0.6802244039270685,0.8868071918821381,0.5478220435831715
calce_CX2_36,1,0.6599971055984497,0.6802244039270685,0.8841314255262197,0.5435932602077348
calce_CX2_36,1,0.6424028277397156,0.6802244039270685,0.8807804458096136,0.5385229659363456
calce_CX2_36,1,0.6225733160972595,0.6802244039270685,0.8769036334496554,0.5329296928565036
calce_CX2_36,1,0.8979514837265015,0.6802244039270685,0.9219465726616871,0.6394928218604649
calce_CX2_36,1,0.9916833639144897,0.9202453987730062,0.9334671033986045,0.7790496350499813
calce_CX2_36,1,0.9862332344055176,0.6802244039270685,0.9328428522281139,0.7550718817546214
calce_CX2_36,1,0.9822564721107483,0.6802244039270685,0.932383933325998,0.7422891113114741
calce_CX2_36,1,0.9980134963989258,0.936046511627907,0.9341853826536624,0.8374268428459075
calce_CX2_36,1,0.9987894892692566,0.936046511627907,0.9342729368811373,0.8544530287501306
calce_CX2_36,1,0.9985488057136536,0.936046511627907,0.9342457924709102,0.848399558605357
calce_CX2_36,1,0.9986427426338196,0.936046511627907,0.9342563879628686,0.8506573429172537
calce_CX2_36,1,0.9981474876403809,0.936046511627907,0.9342005084443138,0.8399218520382894
calce_CX2_36,1,0.9984785914421082,0.936046511627907,0.9342378717073594,0.8467884781290778
calce_CX2_36,1,0.9984392523765564,0.936046511627907,0.9342334335404434,0.845912165235115
calce_CX2_36,1,0.981137752532959,0.6802244039270685,0.932254309649845,0.7391365079877437
calce_CX2_36,1,0.998126208782196,0.936046511627907,0.9341981065661938,0.839515954525558
calce_CX2_36,1,0.9978704452514648,0.936046511627907,0.9341692305554536,0.8349110327734218
calce_CX2_36,1,0.9978704452514648,0.936046511627907,0.9341692305554536,0.8349110327734218
calce_CX2_36,1,0.9982314705848694,0.936046511627907,0.9342099873301943,0.841562059611247
calce_CX2_36,1,0.9979032278060913,0.936046511627907,0.9341729324033763,0.8354750401812604
calce_CX2_36,1,0.9976474642753601,0.936046511627907,0.9341440461241661,0.831253307796772
calce_CX2_36,1,0.999440610408783,0.9514813224559897,0.9343463184413772,0.8779964966306238
calce_CX2_36,1,0.9996213912963867,0.9514813224559897,0.9343666789911051,0.8886000883525653
calce_CX2_36,1,0.999631404876709,0.9514813224559897,0.9343678066046396,0.889297762318297
calce_CX2_36,1,0.9995502829551697,0.9514813224559897,0.9343586710744884,0.8840278650843436
calce_CX2_36,1,0.999631404876709,0.9514813224559897,0.9343678066046396,0.889297762318297
calce_CX2_36,1,0.9993265867233276,0.936046511627907,0.9343334734394575,0.872658101651447
calce_CX2_36,1,0.9987465143203735,0.936046511627907,0.9342680909092705,0.8533044043048603
calce_CX2_36,1,0.998544454574585,0.936046511627907,0.9342453016514085,0.8482978951435742
calce_CX2_36,1,0.999631404876709,0.9514813224559897,0.9343678066046396,0.889297762318297
calce_CX2_36,1,0.999631404876709,0.9514813224559897,0.9343678066046396,0.889297762318297
calce_CX2_36,1,0.9994810223579407,0.9514813224559897,0.9343508703695838,0.880098886547804
calce_CX2_36,1,0.999631404876709,0.9514813224559897,0.9343678066046396,0.889297762318297
calce_CX2_36,1,0.9996153116226196,0.9514813224559897,0.934365994359814,0.8881836245307032
calce_CX2_36,1,0.9988523721694946,0.936046511627907,0.934280027129081,0.8561949031195378
calce_CX2_36,1,0.9881516098976135,0.6802244039270685,0.933063198069227,0.7624053228198588
calce_CX2_36,1,0.9996227025985718,0.9514813224559897,0.9343668266558071,0.8886906099051276
calce_CX2_36,1,0.999631404876709,0.9514813224559897,0.9343678066046396,0.889297762318297
calce_CX2_36,1,0.9996770620346069,0.9514813224559897,0.9343729477571086,0.8926838556213237
calce_CX2_36,1,0.9996696710586548,0.9514813224559897,0.9343721155332851,0.8921109708559725
calce_CX2_36,1,0.9996770620346069,0.9514813224559897,0.9343729477571086,0.8926838556213237
calce_CX2_36,1,0.9987667798995972,0.936046511627907,0.9342703761523661,0.8538420065689055
calce_CX2_36,1,0.9988465309143066,0.936046511627907,0.9342793685388515,0.8560298810832505
calce_CX2_36,1,0.9997039437294006,0.9514813224559897,0.9343759745529483,0.8948592949261156
calce_CX2_36,1,0.9936596751213074,0.9202453987730062,0.9336921333437455,0.7911999440859399
calce_CX2_36,1,0.9996287822723389,0.9514813224559897,0.9343675112790263,0.8891135966452783
calce_CX2_36,1,0.9996067881584167,0.9514813224559897,0.9343650345224126,0.8876084807904797
calce_CX2_36,1,0.9998573064804077,0.9514813224559897,0.9343932402428167,0.9116354669332928
calce_CX2_36,1,0.9964698553085327,0.9202453987730062,0.9340108933031965,0.8156664332363087
calce_CX2_36,1,0.9996324777603149,0.9514813224559897,0.9343679274193071,0.8893734029290772
calce_CX2_36,1,0.9940752983093262,0.9202453987730062,0.9337393676369293,0.7941546961712791
calce_CX2_36,1,0.9997279047966003,0.9514813224559897,0.9343786723857296,0.8969344357668408
calce_CX2_36,1,0.9997279047966003,0.9514813224559897,0.9343786723857296,0.8969344357668408
calce_CX2_36,1,0.9996869564056396,0.9514813224559897,0.9343740618478342,0.8934672778526944
calce_CX2_36,1,0.9992685914039612,0.936046511627907,0.9343269392514564,0.8702170433431031
calce_CX2_36,1,0.9993675351142883,0.936046511627907,0.9343380866284963,0.8744854100833078
calce_CX2_36,1,0.9994640946388245,0.9514813224559897,0.9343489636979068,0.8792028458981384
calce_CX2_36,1,0.9990972280502319,0.936046511627907,0.9343076286377263,0.863816179839193
calce_CX2_36,1,0.9991756081581116,0.936046511627907,0.9343164617995108,0.8666101286307348
calce_CX2_36,1,0.9991593360900879,0.936046511627907,0.9343146280856512,0.866012993703611
calce_CX2_36,1,0.9995881915092468,0.9514813224559897,0.9343629402864184,0.8863872406972977
calce_CX2_36,1,0.9990585446357727,0.936046511627907,0.9343032687463059,0.8625088502728023
calce_CX2_36,1,0.9990211725234985,0.936046511627907,0.9342990563923285,0.8612864191217235
calce_CX2_36,1,0.9990845918655396,0.936046511627907,0.9343062044808985,0.8633842404457404
calce_CX2_36,1,0.9996898174285889,0.9514813224559897,0.9343743839912727,0.8936974632280116
calce_CX2_36,1,0.9995761513710022,0.9514813224559897,0.9343615843697252,0.8856197802523089
calce_CX2_36,1,0.9994425177574158,0.9514813224559897,0.9343465332882444,0.8780929467164326
calce_CX2_36,1,0.9992152452468872,0.936046511627907,0.9343209283392393,0.8681054521320625
calce_CX2_36,1,0.9989757537841797,0.936046511627907,0.9342939367341726,0.8598505780521384
calce_CX2_36,1,0.99885094165802,0.936046511627907,0.9342798658422452,0.8561544266935962
calce_CX2_36,1,0.9986255168914795,0.936046511627907,0.934254445126655,0.8502339936461919
calce_CX2_36,1,0.9994613528251648,0.9514813224559897,0.9343486548659592,0.8790598486543353
calce_CX2_36,1,0.9996788501739502,0.9514813224559897,0.9343731491001077,0.8928240162423863
calce_CX2_36,1,0.9998593330383301,0.9514813224559897,0.9343934683659019,0.9119387369421779
calce_CX2_36,1,0.9994317889213562,0.9514813224559897,0.9343453247661135,0.87755380808533
calce_CX2_36,1,0.9995352029800415,0.9514813224559897,0.9343569727155762,0.8831332553471379
calce_CX2_36,1,0.9988644123077393,0.936046511627907,0.9342813846120337,0.8565372108094537
calce_CX2_36,1,0.9989452958106995,0.936046511627907,0.9342905032648492,0.8589162974989375
calce_CX2_36,1,0.9990211725234985,0.936046511627907,0.9342990563923285,0.8612864191217235
calce_CX2_36,1,0.9996449947357178,0.9514813224559897,0.9343693369084833,0.8902690965846706
calce_CX2_36,1,0.9994788765907288,0.9514813224559897,0.9343506286816572,0.8799840226546504
calce_CX2_36,1,0.9997349381446838,0.9514813224559897,0.9343794642673171,0.8975709409214918
calce_CX2_36,1,0.9996592998504639,0.9514813224559897,0.9343709477187948,0.8913239832521819
calce_CX2_36,1,0.99969482421875,0.9514813224559897,0.934374947738752,0.8941043660493144
calce_CX2_36,1,0.999010443687439,0.936046511627907,0.9342978470577163,0.8609424589290203
calce_CX2_36,1,0.9987530708312988,0.936046511627907,0.9342688302607077,0.8534775570363998
calce_CX2_36,1,0.9996718168258667,0.9514813224559897,0.9343723571476642,0.892276236503213
calce_CX2_36,1,0.9996131062507629,0.9514813224559897,0.9343657460115282,0.8880338471136663
calce_CX2_36,1,0.9972307085990906,0.936046511627907,0.9340969519321243,0.8251214828483147
calce_CX2_36,1,0.9997195601463318,0.9514813224559897,0.934377732853678,0.8961959128965615
calce_CX2_36,1,0.9995434880256653,0.9514813224559897,0.9343579058111027,0.8836218458225549
calce_CX2_36,1,0.9991412162780762,0.936046511627907,0.9343125860918666,0.8653589176854707
calce_CX2_36,1,0.998715877532959,0.936046511627907,0.9342646360191803,0.8525049286682986
calce_CX2_36,1,0.998715877532959,0.936046511627907,0.9342646360191803,0.8525049286682986
calce_CX2_36,1,0.998803973197937,0.936046511627907,0.9342745700534102,0.85484761306063
calce_CX2_36,1,0.9984934329986572,0.936046511627907,0.9342395460343598,0.8471238918257636
calce_CX2_36,1,0.9989452958106995,0.936046511627907,0.9342905032648492,0.8589162974989375
calce_CX2_36,1,0.9985989928245544,0.936046511627907,0.934251453457877,0.8495904898050142
calce_CX2_36,1,0.9985594153404236,0.936046511627907,0.9342469892493908,0.8486484952377221
calce_CX2_36,1,0.9983639121055603,0.936046511627907,0.9342249330010859,0.8442830223102669
calce_CX2_36,1,0.9980741739273071,0.936046511627907,0.9341922327225837,0.8385390551249337
calce_CX2_36,1,0.9983639121055603,0.936046511627907,0.9342249330010859,0.8442830223102669
calce_CX2_36,1,0.9982125759124756,0.936046511627907,0.9342078548597261,0.8411875720961421
calce_CX2_36,1,0.9983850717544556,0.936046511627907,0.9342273205183649,0.8447342831944319
calce_CX2_36,1,0.9984128475189209,0.936046511627907,0.9342304544328474,0.845334027221019
calce_CX2_36,1,0.9981891512870789,0.936046511627907,0.9342052110453031,0.8407277720640752
calce_CX2_36,1,0.9982591271400452,0.936046511627907,0.9342131085591302,0.8421161493509587
calce_CX2_36,1,0.9788578152656555,0.6802244039270685,0.9319894245016673,0.7331761919996114
calce_CX2_36,1,0.9996694326400757,0.9514813224559897,0.934372088687192,0.8920926605952545
calce_CX2_36,1,0.999484658241272,0.9514813224559897,0.9343512798944595,0.8802943861986254
calce_CX2_36,1,0.9998407363891602,0.9514813224559897,0.9343913749734508,0.9092745862070931
calce_CX2_36,1,0.9994373917579651,0.9514813224559897,0.9343459558858064,0.8778343321124072
calce_CX2_36,1,0.9994101524353027,0.9514813224559897,0.934342887516903,0.8764908689942813
calce_CX2_36,1,0.9986572265625,0.936046511627907,0.9342580215174103,0.8510167042961991
calce_CX2_36,1,0.9986312985420227,0.936046511627907,0.9342550972264213,0.8503756029079341
calce_CX2_36,1,0.9995831847190857,0.9514813224559897,0.9343623764430358,0.886065957390181
calce_CX2_36,1,0.9994646906852722,0.9514813224559897,0.9343490308351079,0.8792340096263471
calce_CX2_36,1,0.9995766282081604,0.9514813224559897,0.9343616380698915,0.8856498425312737
calce_CX2_36,1,0.9996745586395264,0.9514813224559897,0.9343726658759447,0.8924886605774318
calce_CX2_36,1,0.9995580315589905,0.9514813224559897,0.9343595437331388,0.8844968805784845
calce_CX2_36,1,0.9991412162780762,0.936046511627907,0.9343125860918666,0.8653589176854707
calce_CX2_36,1,0.998683512210846,0.936046511627907,0.9342609860200162,0.8516770104058371
calce_CX2_36,1,0.9995831847190857,0.9514813224559897,0.9343623764430358,0.886065957390181
calce_CX2_36,1,0.9995831847190857,0.9514813224559897,0.9343623764430358,0.886065957390181
calce_CX2_36,1,0.9995831847190857,0.9514813224559897,0.9343623764430358,0.886065957390181
calce_CX2_36,1,0.9995831847190857,0.9514813224559897,0.9343623764430358,0.886065957390181
calce_CX2_36,1,0.9995923638343811,0.9514813224559897,0.9343634101524638,0.8866573601688589
calce_CX2_36,1,0.9993913173675537,0.9514813224559897,0.9343407657659087,0.8755906847492366
calce_CX2_36,1,0.9989098310470581,0.936046511627907,0.9342865051794308,0.8578555698775936
calce_CX2_36,1,0.9989098310470581,0.936046511627907,0.9342865051794308,0.8578555698775936
calce_CX2_36,1,0.9996817111968994,0.9514813224559897,0.9343734712477118,0.893049565143886
calce_CX2_36,1,0.9996291399002075,0.9514813224559897,0.9343675515507736,0.8891386491611907
calce_CX2_36,1,0.9996291399002075,0.9514813224559897,0.9343675515507736,0.8891386491611907
calce_CX2_36,1,0.9917998909950256,0.9202453987730062,0.9334803912473073,0.7796944450564591
calce_CX2_36,1,0.9996291399002075,0.9514813224559897,0.9343675515507736,0.8891386491611907
calce_CX2_36,1,0.9998805522918701,0.9514813224559897,0.9343958569045053,0.9153392498131018
calce_CX2_36,1,0.9996687173843384,0.9514813224559897,0.9343720081488512,0.8920377925697236
calce_CX2_36,1,0.9997993111610413,0.9514813224559897,0.9343867115843123,0.9041199495364493
calce_CX2_36,1,0.9999277591705322,1.0,0.9344011704419356,0.9250616265354611
calce_CX2_36,1,0.9999274015426636,1.0,0.9344011301893683,0.9249713430799577
calce_CX2_36,1,0.9998977184295654,0.9514813224559897,0.9343977891462348,0.9184550742801946
calce_CX2_36,1,0.9999219179153442,0.9876308277830638,0.9344005129804628,0.9236284239649398
calce_CX2_36,1,0.99988853931427,0.9514813224559897,0.934396755940226,0.9167422518908507
calce_CX2_36,1,0.9998753070831299,0.9514813224559897,0.9343952664867557,0.9144572552153312
calce_CX2_36,1,0.9998292922973633,0.9514813224559897,0.9343900867010733,0.9077542415748461
calce_CX2_36,1,0.9998923540115356,0.9514813224559897,0.9343971853263787,0.9174401985876731
calce_CX2_36,1,0.999886155128479,0.9514813224559897,0.9343964875725534,0.9163154457652096
calce_CX2_36,1,0.9998418092727661,0.9514813224559897,0.9343914957477804,0.9094214669572935
calce_CX2_36,1,0.9997742772102356,0.9514813224559897,0.934383893271695,0.9013997519621512
calce_CX2_36,1,0.9998327493667603,0.9514813224559897,0.9343904758691667,0.9082048597898635
calce_CX2_36,1,0.9998327493667603,0.9514813224559897,0.9343904758691667,0.9082048597898635
calce_CX2_36,1,0.9998418092727661,0.9514813224559897,0.9343914957477804,0.9094214669572935
calce_CX2_36,1,0.9998582601547241,0.9514813224559897,0.9343933475949486,0.9117777593579325
calce_CX2_36,1,0.9998418092727661,0.9514813224559897,0.9343914957477804,0.9094214669572935
calce_CX2_36,1,0.9998327493667603,0.9514813224559897,0.9343904758691667,0.9082048597898635
calce_CX2_36,1,0.999806821346283,0.9514813224559897,0.9343875570561497,0.9049879979466099
calce_CX2_36,1,0.9998041987419128,0.9514813224559897,0.9343872618131672,0.9046819011308054
calce_CX2_36,1,0.9998327493667603,0.9514813224559897,0.9343904758691667,0.9082048597898635
calce_CX2_36,1,0.9998418092727661,0.9514813224559897,0.9343914957477804,0.9094214669572935
calce_CX2_36,1,0.999911904335022,0.9514813224559897,0.9343993858893983,0.9213544900189993
calce_CX2_36,1,0.9999443292617798,1.0,0.9344030354523643,0.9296856332836684
calce_CX2_36,1,0.9998853206634521,0.9514813224559897,0.934396393643627,0.916167711410066
calce_CX2_36,1,0.9998905658721924,0.9514813224559897,0.9343969840519449,0.9171106741416545
calce_CX2_36,1,0.999834418296814,0.9514813224559897,0.9343906637426505,0.9084250200974501
calce_CX2_36,1,0.9998098015785217,0.9514813224559897,0.93438789255804,0.9053398272604641
calce_CX2_36,1,0.9998998641967773,0.9514813224559897,0.9343980306727304,0.918872664147278
calce_CX2_36,1,0.999890923500061,0.9514813224559897,0.9343970243068777,0.9171762412947863
calce_CX2_36,1,0.9999016523361206,0.9514813224559897,0.9343982319441786,0.9192260149666175
calce_CX2_36,1,0.9998950958251953,0.9514813224559897,0.934397493946062,0.9179538587970099
calce_CX2_36,1,0.9998853206634521,0.9514813224559897,0.934396393643627,0.916167711410066
calce_CX2_36,1,0.9998481273651123,0.9514813224559897,0.9343922069701949,0.9103026348752808
calce_CX2_36,1,0.9998231530189514,0.9514813224559897,0.9343893955869276,0.9069713628289965
calce_CX2_36,1,0.999866247177124,0.9514813224559897,0.9343942466626421,0.9129998548504654
calce_CX2_36,1,0.9998810291290283,0.9514813224559897,0.9343959105786013,0.9154209215893543
calce_CX2_36,1,0.9999048709869385,0.9514813224559897,0.9343985942313382,0.9198748585954416
calce_CX2_36,1,0.9998989105224609,0.9514813224559897,0.9343979233277233,0.918686216371894
calce_CX2_36,1,0.999890923500061,0.9514813224559897,0.9343970243068777,0.9171762412947863
calce_CX2_36,1,0.9998985528945923,0.9514813224559897,0.9343978830733037,0.9186166517249869
calce_CX2_36,1,0.9998564720153809,0.9514813224559897,0.934393146309567,0.9115115704762912
calce_CX2_36,1,0.9998375177383423,0.9514813224559897,0.934391012649222,0.9088385501854203
calce_CX2_36,1,0.9998989105224609,0.9514813224559897,0.9343979233277233,0.918686216371894
calce_CX2_36,1,0.9999039173126221,0.9514813224559897,0.9343984868871884,0.9196808489068923
calce_CX2_36,1,0.9998966455459595,0.9514813224559897,0.934397668382677,0.9182488345257737
calce_CX2_36,1,0.9999074935913086,0.9514813224559897,0.9343988894269075,0.92041630637978
calce_CX2_36,1,0.9999234676361084,0.9876308277830638,0.9344006874096139,0.924000322184441
calce_CX2_36,1,0.9999034404754639,0.9514813224559897,0.9343984332150524,0.9195844058227245
calce_CX2_36,1,0.9998985528945923,0.9514813224559897,0.9343978830733037,0.9186166517249869
calce_CX2_36,1,0.9999188184738159,0.9514813224559897,0.9344001641208668,0.9229014999534186
calce_CX2_36,1,0.9998944997787476,0.9514813224559897,0.9343974268549413,0.917841310770011
calce_CX2_36,1,0.999896764755249,0.9514813224559897,0.9343976818008602,0.9182716674256276
calce_CX2_36,1,0.999927282333374,1.0,0.934401116771841,0.924941325280264
calce_CX2_36,1,0.9999336004257202,1.0,0.9344018278972817,0.9265877623466091
calce_CX2_36,1,0.9999274015426636,1.0,0.9344011301893683,0.9249713430799577
calce_CX2_36,1,0.9998990297317505,0.9514813224559897,0.9343979367458582,0.918709447199624
calce_CX2_36,1,0.9999017715454102,0.9514813224559897,0.9343982453622546,0.9192497490977182
calce_CX2_36,1,0.9999039173126221,0.9514813224559897,0.9343984868871884,0.9196808489068923
calce_CX2_36,1,0.999907374382019,0.9514813224559897,0.934398876008954,0.9203914375801207
calce_CX2_36,1,0.9998769760131836,0.9514813224559897,0.9343954543474848,0.9147346931081053
calce_CX2_36,1,0.9998689889907837,0.9514813224559897,0.9343945552951792,0.9134325473636813
calce_CX2_36,1,0.999964714050293,1.0,0.93440532975008,0.9371476683932654
calce_CX2_36,1,0.9998689889907837,0.9514813224559897,0.9343945552951792,0.9134325473636813
calce_CX2_36,1,0.9998689889907837,0.9514813224559897,0.9343945552951792,0.9134325473636813
calce_CX2_36,1,0.9999635219573975,1.0,0.9344051955826769,0.936629862359653
calce_CX2_36,1,0.9998723268508911,0.9514813224559897,0.9343949310199243,0.9139689660635884
calce_CX2_36,1,0.9998797178268433,0.9514813224559897,0.9343957629747395,0.915196934826131
calce_CX2_36,1,0.9998829364776611,0.9514813224559897,0.9343961252745766,0.9157501871763035
calce_CX2_36,1,0.999904990196228,0.9514813224559897,0.9343986076493452,0.9198992161446782
calce_CX2_36,1,0.9998829364776611,0.9514813224559897,0.9343961252745766,0.9157501871763035
calce_CX2_36,1,0.9998829364776611,0.9514813224559897,0.9343961252745766,0.9157501871763035
calce_CX2_36,1,0.9998689889907837,0.9514813224559897,0.9343945552951792,0.9134325473636813
calce_CX2_36,1,0.9999234676361084,0.9876308277830638,0.9344006874096139,0.924000322184441
calce_CX2_36,1,0.9997890591621399,0.9514813224559897,0.9343855574318012,0.902975343615396
calce_CX2_36,1,0.9998989105224609,0.9514813224559897,0.9343979233277233,0.918686216371894
calce_CX2_36,1,0.999901294708252,0.9514813224559897,0.9343981916899348,0.919154946765048
calce_CX2_36,1,0.9998977184295654,0.9514813224559897,0.9343977891462348,0.9184550742801946
calce_CX2_36,1,0.9998944997787476,0.9514813224559897,0.9343974268549413,0.917841310770011
calce_CX2_36,1,0.9999234676361084,0.9876308277830638,0.9344006874096139,0.924000322184441
calce_CX2_36,1,0.9999189376831055,0.9514813224559897,0.9344001775385756,0.922929056384304
calce_CX2_36,1,0.999927282333374,1.0,0.934401116771841,0.924941325280264
calce_CX2_36,1,0.9999271631240845,1.0,0.9344011033543108,0.9249113456386046
calce_CX2_36,1,0.999890923500061,0.9514813224559897,0.9343970243068777,0.9171762412947863
calce_CX2_36,1,0.9998948574066162,0.9514813224559897,0.9343974671096212,0.9179087799123448
calce_CX2_36,1,0.9999189376831055,0.9514813224559897,0.9344001775385756,0.922929056384304
calce_CX2_36,1,0.9999508857727051,1.0,0.9344037733925178,0.9318142682108147
calce_CX2_36,1,0.9999479055404663,1.0,0.9344034379661322,0.9308210806120077
calce_CX2_36,1,0.9999350309371948,1.0,0.9344019889058202,0.9269773028112809
calce_CX2_36,1,0.9999285936355591,1.0,0.9344012643645029,0.9252736443453146
calce_CX2_36,1,0.9999567270278931,1.0,0.9344044308236076,0.9339044244635196
calce_CX2_36,1,0.9999301433563232,1.0,0.9344014387917964,0.9256725449243565
calce_CX2_36,1,0.9999134540557861,0.9514813224559897,0.9343995603213358,0.9216928004408597
calce_CX2_36,1,0.9999052286148071,0.9514813224559897,0.9343986344853521,0.9199480027113518
calce_CX2_36,1,0.9999525547027588,1.0,0.9344039612305972,0.9323909513407125
calce_CX2_36,1,0.9999525547027588,1.0,0.9344039612305972,0.9323909513407125
calce_CX2_36,1,0.9999479055404663,1.0,0.9344034379661322,0.9308210806120077
calce_CX2_36,1,0.9999552965164185,1.0,0.9344042698206418,0.9333733095984219
calce_CX2_36,1,0.9999477863311768,1.0,0.9344034245490436,0.9307822760186845
calce_CX2_36,1,0.9996090531349182,0.9514813224559897,0.9343652895853728,0.8877603415138156
calce_CX2_36,1,0.9998977184295654,0.9514813224559897,0.9343977891462348,0.9184550742801946
calce_CX2_36,1,0.999927282333374,1.0,0.934401116771841,0.924941325280264
calce_CX2_36,1,0.9999479055404663,1.0,0.9344034379661322,0.9308210806120077
calce_CX2_36,1,0.999955415725708,1.0,0.9344042832375696,0.9334170642899722
calce_CX2_36,1,0.9999442100524902,1.0,0.9344030220351992,0.9296487683206964
calce_CX2_36,1,0.9999552965164185,1.0,0.9344042698206418,0.9333733095984219
calce_CX2_36,1,0.9999442100524902,1.0,0.9344030220351992,0.9296487683206964
calce_CX2_36,1,0.9999170303344727,0.9514813224559897,0.9343999628549307,0.9224918792485192
calce_CX2_36,1,0.9999052286148071,0.9514813224559897,0.9343986344853521,0.9199480027113518
calce_CX2_36,1,0.9999442100524902,1.0,0.9344030220351992,0.9296487683206964
calce_CX2_36,1,0.9999552965164185,1.0,0.9344042698206418,0.9333733095984219
calce_CX2_36,1,0.9999569654464722,1.0,0.9344044576573994,0.9339942556912234
calce_CX2_36,1,0.9999552965164185,1.0,0.9344042698206418,0.9333733095984219
calce_CX2_36,1,0.9999606609344482,1.0,0.9344048735798686,0.9354382881997052
calce_CX2_36,1,0.9999171495437622,0.9514813224559897,0.9343999762726776,0.9225189727300166
calce_CX2_36,1,0.9999200105667114,0.9876308277830638,0.9344002982978385,0.9231784918327264
calce_CX2_36,1,0.9999018907546997,0.9514813224559897,0.9343982587803282,0.9192735056740049
calce_CX2_36,1,0.9998427629470825,0.9514813224559897,0.9343916031025666,0.909552684732291
calce_CX2_36,1,0.9999569654464722,1.0,0.9344044576573994,0.9339942556912234
calce_CX2_36,1,0.9999605417251587,1.0,0.9344048601630531,0.9353901075535478
calce_CX2_36,1,0.9999569654464722,1.0,0.9344044576573994,0.9339942556912234
calce_CX2_36,1,0.9999477863311768,1.0,0.9344034245490436,0.9307822760186845
calce_CX2_36,1,0.999915599822998,0.9514813224559897,0.9343998018417683,0.9221690943039931
calce_CX2_36,1,0.9999030828475952,0.9514813224559897,0.9343983929609235,0.9195123166023923
calce_CX2_36,1,0.9998948574066162,0.9514813224559897,0.9343974671096212,0.9179087799123448
calce_CX2_36,1,0.9999039173126221,0.9514813224559897,0.9343984868871884,0.9196808489068923
calce_CX2_36,1,0.9999117851257324,0.9514813224559897,0.934399372471539,0.9213286583935021
calce_CX2_36,1,0.9999173879623413,0.9514813224559897,0.9344000031081638,0.9225732507121162
calce_CX2_36,1,0.9998939037322998,0.9514813224559897,0.9343973597637567,0.9177292573863949
calce_CX2_36,1,0.9998948574066162,0.9514813224559897,0.9343974671096212,0.9179087799123448
calce_CX2_36,1,0.9998948574066162,0.9514813224559897,0.9343974671096212,0.9179087799123448
calce_CX2_36,1,0.9998698234558105,0.9514813224559897,0.9343946492265532,0.9135656412780937
calce_CX2_36,1,0.9998948574066162,0.9514813224559897,0.9343974671096212,0.9179087799123448
calce_CX2_36,1,0.9998728036880493,0.9514813224559897,0.9343949846947244,0.9140464895063698
calce_CX2_36,1,0.999890923500061,0.9514813224559897,0.9343970243068777,0.9171762412947863
calce_CX2_36,1,0.9998862743377686,0.9514813224559897,0.9343965009909615,0.9163366196017214
calce_CX2_36,1,0.9998998641967773,0.9514813224559897,0.9343980306727304,0.918872664147278
calce_CX2_36,1,0.9999034404754639,0.9514813224559897,0.9343984332150524,0.9195844058227245
calce_CX2_36,1,0.9999569654464722,1.0,0.9344044576573994,0.9339942556912234
calce_CX2_36,1,0.9999569654464722,1.0,0.9344044576573994,0.9339942556912234
calce_CX2_36,1,0.9999216794967651,0.9876308277830638,0.9344004861451705,0.9235717187508978
calce_CX2_36,1,0.9999173879623413,0.9514813224559897,0.9344000031081638,0.9225732507121162
calce_CX2_36,1,0.9999188184738159,0.9514813224559897,0.9344001641208668,0.9229014999534186
calce_CX2_36,1,0.9999569654464722,1.0,0.9344044576573994,0.9339942556912234
calce_CX2_36,1,0.9999551773071289,1.0,0.9344042564037115,0.9333296448327131
calce_CX2_36,1,0.9998334646224976,0.9514813224559897,0.9343905563864353,0.9082990021841371
calce_CX2_36,1,0.9999552965164185,1.0,0.9344042698206418,0.9333733095984219
calce_CX2_36,1,0.9999552965164185,1.0,0.9344042698206418,0.9333733095984219
calce_CX2_36,1,0.9999170303344727,0.9514813224559897,0.9343999628549307,0.9224918792485192
calce_CX2_36,1,0.9999256134033203,0.9876308277830638,0.9344009289261882,0.9245250332637681
calce_CX2_36,1,0.9999442100524902,1.0,0.9344030220351992,0.9296487683206964
calce_CX2_36,1,0.9999605417251587,1.0,0.9344048601630531,0.9353901075535478
calce_CX2_36,1,0.9999605417251587,1.0,0.9344048601630531,0.9353901075535478
calce_CX2_36,1,0.9999568462371826,1.0,0.9344044442405048,0.9339492922334686
calce_CX2_36,1,0.9999477863311768,1.0,0.9344034245490436,0.9307822760186845
calce_CX2_36,1,0.9999508857727051,1.0,0.9344037733925178,0.9318142682108147
calce_CX2_36,1,0.9999098777770996,0.9514813224559897,0.9343991577854445,0.9209189996266991
calce_CX2_36,1,0.9999170303344727,0.9514813224559897,0.9343999628549307,0.9224918792485192
calce_CX2_36,1,0.999951958656311,1.0,0.9344038941456262,0.9321832207962915
calce_CX2_36,1,0.9999477863311768,1.0,0.9344034245490436,0.9307822760186845
calce_CX2_36,1,0.9999477863311768,1.0,0.9344034245490436,0.9307822760186845
calce_CX2_36,1,0.9999477863311768,1.0,0.9344034245490436,0.9307822760186845
calce_CX2_36,1,0.9999439716339111,1.0,0.9344029952008612,0.9295752207929054
calce_CX2_36,1,0.9999428987503052,1.0,0.9344028744462142,0.9292472219004527
calce_CX2_36,1,0.9999558925628662,1.0,0.9344043369052555,0.9335929908357959
calce_CX2_36,1,0.9999552965164185,1.0,0.9344042698206418,0.9333733095984219
calce_CX2_36,1,0.9999552965164185,1.0,0.9344042698206418,0.9333733095984219
calce_CX2_36,1,0.9999567270278931,1.0,0.9344044308236076,0.9339044244635196
calce_CX2_36,1,0.9999440908432007,1.0,0.9344030086180316,0.9296119642332733
calce_CX2_36,1,0.9999477863311768,1.0,0.9344034245490436,0.9307822760186845
calce_CX2_36,1,0.9998931884765625,0.9514813224559897,0.9343972792542513,0.9175954393642168
calce_CX2_36,1,0.9999542236328125,1.0,0.9344041490681765,0.9329835142034109
calce_CX2_36,1,0.9999551773071289,1.0,0.9344042564037115,0.9333296448327131
calce_CX2_36,1,0.9999558925628662,1.0,0.9344043369052555,0.9335929908357959
calce_CX2_36,1,0.9999552965164185,1.0,0.9344042698206418,0.9333733095984219
calce_CX2_36,1,0.9999499320983887,1.0,0.934403666056248,0.9314914999685523
calce_CX2_36,1,0.9999428987503052,1.0,0.9344028744462142,0.9292472219004527
calce_CX2_36,1,0.999893307685852,0.9514813224559897,0.9343972926725086,0.917617693748128
calce_CX2_36,1,0.9999442100524902,1.0,0.9344030220351992,0.9296487683206964
calce_CX2_36,1,0.9999344348907471,1.0,0.9344019218189737,0.9268141944412854
calce_CX2_36,1,0.9999582767486572,1.0,0.9344046052430723,0.9344953053048105
calce_CX2_36,1,0.9999428987503052,1.0,0.9344028744462142,0.9292472219004527
calce_CX2_36,1,0.9999212026596069,0.9876308277830638,0.9344004324745553,0.9234587093138338
calce_CX2_36,1,0.9999337196350098,1.0,0.9344018413146737,0.9266199742716139
calce_CX2_36,1,0.9999350309371948,1.0,0.9344019889058202,0.9269773028112809
calce_CX2_36,1,0.999915599822998,0.9514813224559897,0.9343998018417683,0.9221690943039931
calce_CX2_36,1,0.9999324083328247,1.0,0.9344016937232188,0.9262680834960109
calce_CX2_36,1,0.9998924732208252,0.9514813224559897,0.9343971987446538,0.9174623182585765
calce_CX2_36,1,0.9999568462371826,1.0,0.9344044442405048,0.9339492922334686
calce_CX2_36,1,0.9999568462371826,1.0,0.9344044442405048,0.9339492922334686
calce_CX2_36,1,0.9999568462371826,1.0,0.9344044442405048,0.9339492922334686
calce_CX2_36,1,0.9999542236328125,1.0,0.9344041490681765,0.9329835142034109
calce_CX2_36,1,0.9999558925628662,1.0,0.9344043369052555,0.9335929908357959
calce_CX2_36,1,0.9999477863311768,1.0,0.9344034245490436,0.9307822760186845
calce_CX2_36,1,0.9999552965164185,1.0,0.9344042698206418,0.9333733095984219
calce_CX2_36,1,0.9999439716339111,1.0,0.9344029952008612,0.9295752207929054
calce_CX2_36,1,0.9999568462371826,1.0,0.9344044442405048,0.9339492922334686
calce_CX2_36,1,0.9999568462371826,1.0,0.9344044442405048,0.9339492922334686
calce_CX2_36,1,0.9999477863311768,1.0,0.9344034245490436,0.9307822760186845
calce_CX2_36,1,0.9999465942382812,1.0,0.9344032903780173,0.9303979480058326
calce_CX2_36,1,0.9999477863311768,1.0,0.9344034245490436,0.9307822760186845
calce_CX2_36,1,0.9998857975006104,0.9514813224559897,0.9343964473173146,0.916252027902974
calce_CX2_36,1,0.9999439716339111,1.0,0.9344029952008612,0.9295752207929054
calce_CX2_36,1,0.9999042749404907,0.9514813224559897,0.9343985271412638,0.9197534260899839
calce_CX2_36,1,0.9999568462371826,1.0,0.9344044442405048,0.9339492922334686
calce_CX2_36,1,0.9999567270278931,1.0,0.9344044308236076,0.9339044244635196
calce_CX2_36,1,0.9999464750289917,1.0,0.9344032769609008,0.9303598811298366
calce_CX2_36,1,0.9999542236328125,1.0,0.9344041490681765,0.9329835142034109
calce_CX2_36,1,0.9999568462371826,1.0,0.9344044442405048,0.9339492922334686
calce_CX2_36,1,0.9999440908432007,1.0,0.9344030086180316,0.9296119642332733
calce_CX2_36,1,0.9999439716339111,1.0,0.9344029952008612,0.9295752207929054
calce_CX2_36,1,0.9999439716339111,1.0,0.9344029952008612,0.9295752207929054
calce_CX2_36,1,0.9999598264694214,1.0,0.934404779662106,0.9351033554382638
calce_CX2_36,1,0.9999568462371826,1.0,0.9344044442405048,0.9339492922334686
calce_CX2_36,1,0.9999568462371826,1.0,0.9344044442405048,0.9339492922334686
calce_CX2_36,1,0.9999557733535767,1.0,0.9344043234883379,0.9335488721723755
calce_CX2_36,1,0.9999552965164185,1.0,0.9344042698206418,0.9333733095984219
calce_CX2_36,1,0.9999595880508423,1.0,0.9344047528284367,0.9350086457762722
calce_CX2_36,1,0.9999606609344482,1.0,0.9344048735798686,0.9354382881997052
calce_CX2_36,1,0.9999606609344482,1.0,0.9344048735798686,0.9354382881997052
calce_CX2_36,1,0.9999606609344482,1.0,0.9344048735798686,0.9354382881997052
calce_CX2_36,1,0.9999606609344482,1.0,0.9344048735798686,0.9354382881997052
calce_CX2_36,1,0.9999573230743408,1.0,0.9344044979080682,0.9341297248796888
calce_CX2_36,1,0.9999582767486572,1.0,0.9344046052430723,0.9344953053048105
calce_CX2_36,1,0.9999537467956543,1.0,0.9344040954003476,0.9328125317785059
calce_CX2_36,1,0.9999526739120483,1.0,0.9344039746475838,0.9324327389649527
calce_CX2_36,1,0.9999582767486572,1.0,0.9344046052430723,0.9344953053048105
calce_CX2_36,1,0.9999507665634155,1.0,0.934403759975493,0.9317736588685755
calce_CX2_36,1,0.9999507665634155,1.0,0.934403759975493,0.9317736588685755
calce_CX2_36,1,0.9999475479125977,1.0,0.9344033977148587,0.9307048717910931
calce_CX2_36,1,0.999964714050293,1.0,0.93440532975008,0.9371476683932654
calce_CX2_36,1,0.9999507665634155,1.0,0.934403759975493,0.9317736588685755
calce_CX2_36,1,0.9999475479125977,1.0,0.9344033977148587,0.9307048717910931
calce_CX2_36,1,0.999943733215332,1.0,0.934402968366513,0.929501914946049
calce_CX2_36,1,0.9999475479125977,1.0,0.9344033977148587,0.9307048717910931
calce_CX2_36,1,0.999946117401123,1.0,0.9344032367095354,0.9302460723979945
calce_CX2_36,1,0.9999500513076782,1.0,0.9344036794732906,0.9315315849068425
calce_CX2_36,1,0.9999487400054932,1.0,0.934403531885681,0.9310946516800309
calce_CX2_36,1,0.9998388290405273,0.9514813224559897,0.9343911602630212,0.9090153695598044
calce_CX2_36,1,0.9999568462371826,1.0,0.9344044442405048,0.9339492922334686
calce_CX2_36,1,0.9999467134475708,1.0,0.9344033037951314,0.9304360806260553
calce_CX2_36,1,0.9999427795410156,1.0,0.9344028610290184,0.9292110726530343
calce_CX2_36,1,0.9999347925186157,1.0,0.9344019620710893,0.9269119208773645
calce_CX2_36,1,0.9999558925628662,1.0,0.9344043369052555,0.9335929908357959
calce_CX2_36,1,0.9999568462371826,1.0,0.9344044442405048,0.9339492922334686
calce_CX2_36,1,0.9999582767486572,1.0,0.9344046052430723,0.9344953053048105
calce_CX2_36,1,0.9999542236328125,1.0,0.9344041490681765,0.9329835142034109
calce_CX2_36,1,0.9999440908432007,1.0,0.9344030086180316,0.9296119642332733
calce_CX2_36,1,0.9999438524246216,1.0,0.9344029817836884,0.9295385377724389
calce_CX2_36,1,0.9999417066574097,1.0,0.9344027402741417,0.9288883239969268
calce_CX2_36,1,0.999942421913147,1.0,0.9344028207774158,0.9291029733781251
calce_CX2_36,1,0.9999426603317261,1.0,0.9344028476118201,0.9291749816253689
calce_CX2_36,1,0.9999465942382812,1.0,0.9344032903780173,0.9303979480058326
calce_CX2_36,1,0.9999465942382812,1.0,0.9344032903780173,0.9303979480058326
calce_CX2_36,1,0.9999440908432007,1.0,0.9344030086180316,0.9296119642332733
calce_CX2_36,1,0.9999558925628662,1.0,0.9344043369052555,0.9335929908357959
calce_CX2_36,1,0.9999346733093262,1.0,0.9344019486537201,0.9268792993520261
calce_CX2_36,1,0.9999454021453857,1.0,0.9344031562067359,0.9300201957288341
calce_CX2_36,1,0.9999492168426514,1.0,0.9344035855539384,0.9312525264689391
calce_CX2_36,1,0.9999427795410156,1.0,0.9344028610290184,0.9292110726530343
calce_CX2_36,1,0.9999517202377319,1.0,0.9344038673116201,0.9321006855523531
calce_CX2_36,1,0.9999374151229858,1.0,0.9344022572525679,0.927641565811308
calce_CX2_36,1,0.9999507665634155,1.0,0.934403759975493,0.9317736588685755
calce_CX2_36,1,0.9998931884765625,0.9514813224559897,0.9343972792542513,0.9175954393642168
calce_CX2_36,1,0.9999581575393677,1.0,0.9344045918262057,0.9344492576497956
calce_CX2_36,1,0.999945878982544,1.0,0.934403209875279,0.930170523948396
calce_CX2_36,1,0.9999021291732788,0.9514813224559897,0.9343982856164678,0.9193210863550175
calce_CX2_36,1,0.9999568462371826,1.0,0.9344044442405048,0.9339492922334686
calce_CX2_36,1,0.9999568462371826,1.0,0.9344044442405048,0.9339492922334686
calce_CX2_36,1,0.9999568462371826,1.0,0.9344044442405048,0.9339492922334686
calce_CX2_36,1,0.9999568462371826,1.0,0.9344044442405048,0.9339492922334686
calce_CX2_36,1,0.999955415725708,1.0,0.9344042832375696,0.9334170642899722
calce_CX2_36,1,0.9999552965164185,1.0,0.9344042698206418,0.9333733095984219
calce_CX2_36,1,0.9999552965164185,1.0,0.9344042698206418,0.9333733095984219
calce_CX2_36,1,0.9999552965164185,1.0,0.9344042698206418,0.9333733095984219
calce_CX2_36,1,0.9999046325683594,0.9514813224559897,0.9343985673953161,0.9198262147019541
calce_CX2_36,1,0.9999568462371826,1.0,0.9344044442405048,0.9339492922334686
calce_CX2_36,1,0.9999568462371826,1.0,0.9344044442405048,0.9339492922334686
calce_CX2_36,1,0.9999440908432007,1.0,0.9344030086180316,0.9296119642332733
calce_CX2_36,1,0.9999477863311768,1.0,0.9344034245490436,0.9307822760186845
calce_CX2_36,1,0.9999476671218872,1.0,0.9344034111319525,0.9307435398364606
calce_CX2_36,1,0.9999568462371826,1.0,0.9344044442405048,0.9339492922334686
calce_CX2_36,1,0.9999568462371826,1.0,0.9344044442405048,0.9339492922334686
calce_CX2_36,1,0.9999568462371826,1.0,0.9344044442405048,0.9339492922334686
calce_CX2_36,1,0.9999552965164185,1.0,0.9344042698206418,0.9333733095984219
calce_CX2_36,1,0.9998959302902222,0.9514813224559897,0.9343975878735236,0.9181122665231617
calce_CX2_36,1,0.9998931884765625,0.9514813224559897,0.9343972792542513,0.9175954393642168
calce_CX2_36,1,0.9999440908432007,1.0,0.9344030086180316,0.9296119642332733
calce_CX2_36,1,0.9999440908432007,1.0,0.9344030086180316,0.9296119642332733
calce_CX2_36,1,0.9998857975006104,0.9514813224559897,0.9343964473173146,0.916252027902974
calce_CX2_36,1,0.9999464750289917,1.0,0.9344032769609008,0.9303598811298366
calce_CX2_36,1,0.9999537467956543,1.0,0.9344040954003476,0.9328125317785059
calce_CX2_36,1,0.9999568462371826,1.0,0.9344044442405048,0.9339492922334686
calce_CX2_36,1,0.9999440908432007,1.0,0.9344030086180316,0.9296119642332733
calce_CX2_36,1,0.9999423027038574,1.0,0.9344028073602098,0.9290670557359967
calce_CX2_36,1,0.9999568462371826,1.0,0.9344044442405048,0.9339492922334686
calce_CX2_36,1,0.9999552965164185,1.0,0.9344042698206418,0.9333733095984219
calce_CX2_36,1,0.999946117401123,1.0,0.9344032367095354,0.9302460723979945
calce_CX2_36,1,0.9999477863311768,1.0,0.9344034245490436,0.9307822760186845
calce_CX2_36,1,0.9999568462371826,1.0,0.9344044442405048,0.9339492922334686
calce_CX2_36,1,0.9999537467956543,1.0,0.9344040954003476,0.9328125317785059
calce_CX2_36,1,0.9999440908432007,1.0,0.9344030086180316,0.9296119642332733
calce_CX2_36,1,0.9999537467956543,1.0,0.9344040954003476,0.9328125317785059
calce_CX2_36,1,0.9999440908432007,1.0,0.9344030086180316,0.9296119642332733
calce_CX2_36,1,0.9999440908432007,1.0,0.9344030086180316,0.9296119642332733
calce_CX2_36,1,0.9999440908432007,1.0,0.9344030086180316,0.9296119642332733
calce_CX2_36,1,0.999946117401123,1.0,0.9344032367095354,0.9302460723979945
calce_CX2_36,1,0.9999440908432007,1.0,0.9344030086180316,0.9296119642332733
calce_CX2_36,1,0.9999440908432007,1.0,0.9344030086180316,0.9296119642332733
calce_CX2_36,1,0.9999423027038574,1.0,0.9344028073602098,0.9290670557359967
calce_CX2_36,1,0.9999606609344482,1.0,0.9344048735798686,0.9354382881997052
calce_CX2_36,1,0.9999477863311768,1.0,0.9344034245490436,0.9307822760186845
calce_CX2_36,1,0.9999440908432007,1.0,0.9344030086180316,0.9296119642332733
calce_CX2_36,1,0.9999568462371826,1.0,0.9344044442405048,0.9339492922334686
calce_CX2_36,1,0.9999477863311768,1.0,0.9344034245490436,0.9307822760186845
calce_CX2_36,1,0.9999477863311768,1.0,0.9344034245490436,0.9307822760186845
calce_CX2_36,1,0.9999537467956543,1.0,0.9344040954003476,0.9328125317785059
calce_CX2_36,1,0.9999552965164185,1.0,0.9344042698206418,0.9333733095984219
calce_CX2_36,1,0.9999477863311768,1.0,0.9344034245490436,0.9307822760186845
calce_CX2_36,1,0.9999552965164185,1.0,0.9344042698206418,0.9333733095984219
calce_CX2_36,1,0.9999568462371826,1.0,0.9344044442405048,0.9339492922334686
calce_CX2_36,1,0.9999477863311768,1.0,0.9344034245490436,0.9307822760186845
calce_CX2_36,1,0.9999477863311768,1.0,0.9344034245490436,0.9307822760186845
calce_CX2_36,1,0.9999606609344482,1.0,0.9344048735798686,0.9354382881997052
calce_CX2_36,1,0.9999606609344482,1.0,0.9344048735798686,0.9354382881997052
calce_CX2_36,1,0.9999606609344482,1.0,0.9344048735798686,0.9354382881997052
calce_CX2_36,1,0.9999465942382812,1.0,0.9344032903780173,0.9303979480058326
calce_CX2_36,1,0.9999552965164185,1.0,0.9344042698206418,0.9333733095984219
calce_CX2_36,1,0.9999552965164185,1.0,0.9344042698206418,0.9333733095984219
calce_CX2_36,1,0.9998857975006104,0.9514813224559897,0.9343964473173146,0.916252027902974
calce_CX2_36,1,0.9999477863311768,1.0,0.9344034245490436,0.9307822760186845
calce_CX2_36,1,0.9999423027038574,1.0,0.9344028073602098,0.9290670557359967
calce_CX2_36,1,0.9999440908432007,1.0,0.9344030086180316,0.9296119642332733
calce_CX2_36,1,0.9999477863311768,1.0,0.9344034245490436,0.9307822760186845
calce_CX2_36,1,0.9999440908432007,1.0,0.9344030086180316,0.9296119642332733
calce_CX2_36,1,0.9999440908432007,1.0,0.9344030086180316,0.9296119642332733
calce_CX2_36,1,0.9999440908432007,1.0,0.9344030086180316,0.9296119642332733
calce_CX2_36,1,0.9999408721923828,1.0,0.9344026463535392,0.9286404605167028
calce_CX2_36,1,0.9999405145645142,1.0,0.9344026061018139,0.9285350615338044
calce_CX2_36,1,0.9999386072158813,1.0,0.934402391425559,0.927981074295977
calce_CX2_36,1,0.9999405145645142,1.0,0.9344026061018139,0.9285350615338044
calce_CX2_36,1,0.9999405145645142,1.0,0.9344026061018139,0.9285350615338044
calce_CX2_36,1,0.9999405145645142,1.0,0.9344026061018139,0.9285350615338044
calce_CX2_36,1,0.9999405145645142,1.0,0.9344026061018139,0.9285350615338044
calce_CX2_36,1,0.9999405145645142,1.0,0.9344026061018139,0.9285350615338044
calce_CX2_36,1,0.9999444484710693,1.0,0.9344030488695271,0.9297225593520333
calce_CX2_36,1,0.9999444484710693,1.0,0.9344030488695271,0.9297225593520333
calce_CX2_36,1,0.9999405145645142,1.0,0.9344026061018139,0.9285350615338044
calce_CX2_36,1,0.9999405145645142,1.0,0.9344026061018139,0.9285350615338044
calce_CX2_36,1,0.9999405145645142,1.0,0.9344026061018139,0.9285350615338044
calce_CX2_36,1,0.9999405145645142,1.0,0.9344026061018139,0.9285350615338044
calce_CX2_36,1,0.9999405145645142,1.0,0.9344026061018139,0.9285350615338044
calce_CX2_36,1,0.9999444484710693,1.0,0.9344030488695271,0.9297225593520333
calce_CX2_36,1,0.9999405145645142,1.0,0.9344026061018139,0.9285350615338044
calce_CX2_36,1,0.9998985528945923,0.9514813224559897,0.9343978830733037,0.9186166517249869
calce_CX2_36,1,0.9998892545700073,0.9514813224559897,0.9343968364503287,0.916871682060321
calce_CX2_36,1,0.9999405145645142,1.0,0.9344026061018139,0.9285350615338044
calce_CX2_36,1,0.9999405145645142,1.0,0.9344026061018139,0.9285350615338044
calce_CX2_36,1,0.9999426603317261,1.0,0.9344028476118201,0.9291749816253689
calce_CX2_36,1,0.9998784065246582,0.9514813224559897,0.9343956153705686,0.9149748471043263
calce_CX2_36,1,0.9999580383300781,1.0,0.9344045784093366,0.934403311023314
calce_CX2_36,1,0.9999444484710693,1.0,0.9344030488695271,0.9297225593520333
calce_CX2_36,1,0.9999386072158813,1.0,0.934402391425559,0.927981074295977
calce_CX2_36,1,0.9999405145645142,1.0,0.9344026061018139,0.9285350615338044
calce_CX2_36,1,0.9999524354934692,1.0,0.9344039478136081,0.9323492446951582
calce_CX2_36,1,0.9999444484710693,1.0,0.9344030488695271,0.9297225593520333
calce_CX2_36,1,0.999911904335022,0.9514813224559897,0.9343993858893983,0.9213544900189993
calce_CX2_36,1,0.9999405145645142,1.0,0.9344026061018139,0.9285350615338044
calce_CX2_36,1,0.9999405145645142,1.0,0.9344026061018139,0.9285350615338044
calce_CX2_36,1,0.9998784065246582,0.9514813224559897,0.9343956153705686,0.9149748471043263
calce_CX2_36,1,0.9998784065246582,0.9514813224559897,0.9343956153705686,0.9149748471043263
calce_CX2_36,1,0.9999483823776245,1.0,0.9344034916344611,0.9309769886420995
calce_CX2_36,1,0.9999405145645142,1.0,0.9344026061018139,0.9285350615338044
calce_CX2_36,1,0.9999405145645142,1.0,0.9344026061018139,0.9285350615338044
calce_CX2_36,1,0.9998892545700073,0.9514813224559897,0.9343968364503287,0.916871682060321
calce_CX2_36,1,0.9998784065246582,0.9514813224559897,0.9343956153705686,0.9149748471043263
calce_CX2_36,1,0.9998892545700073,0.9514813224559897,0.9343968364503287,0.916871682060321
calce_CX2_36,1,0.9998840093612671,0.9514813224559897,0.9343962460407756,0.915937243685617
calce_CX2_36,1,0.9999405145645142,1.0,0.9344026061018139,0.9285350615338044
calce_CX2_36,1,0.9998840093612671,0.9514813224559897,0.9343962460407756,0.915937243685617
calce_CX2_36,1,0.9998325109481812,0.9514813224559897,0.9343904490300569,0.9081735491904145
calce_CX2_36,1,0.9998892545700073,0.9514813224559897,0.9343968364503287,0.916871682060321
calce_CX2_36,1,0.9999591112136841,1.0,0.9344046991610673,0.9348205109209198
calce_CX2_36,1,0.9999591112136841,1.0,0.9344046991610673,0.9348205109209198
calce_CX2_36,1,0.999954104423523,1.0,0.9344041356512232,0.9329406402058408
calce_CX2_36,1,0.9999567270278931,1.0,0.9344044308236076,0.9339044244635196
calce_CX2_36,1,0.9999580383300781,1.0,0.9344045784093366,0.934403311023314
calce_CX2_36,1,0.9999591112136841,1.0,0.9344046991610673,0.9348205109209198
calce_CX2_36,1,0.9999551773071289,1.0,0.9344042564037115,0.9333296448327131
calce_CX2_36,1,0.9999591112136841,1.0,0.9344046991610673,0.9348205109209198
calce_CX2_36,1,0.999957799911499,1.0,0.9344045515755907,0.9343117188415196
calce_CX2_36,1,0.9999635219573975,1.0,0.9344051955826769,0.936629862359653
calce_CX2_36,1,0.9999635219573975,1.0,0.9344051955826769,0.936629862359653
calce_CX2_36,1,0.9999591112136841,1.0,0.9344046991610673,0.9348205109209198
calce_CX2_36,1,0.9999580383300781,1.0,0.9344045784093366,0.934403311023314
calce_CX2_36,1,0.9999580383300781,1.0,0.9344045784093366,0.934403311023314
calce_CX2_36,1,0.9999580383300781,1.0,0.9344045784093366,0.934403311023314
calce_CX2_36,1,0.9999580383300781,1.0,0.9344045784093366,0.934403311023314
calce_CX2_36,1,0.9999580383300781,1.0,0.9344045784093366,0.934403311023314
calce_CX2_36,1,0.9999580383300781,1.0,0.9344045784093366,0.934403311023314
calce_CX2_36,1,0.9999580383300781,1.0,0.9344045784093366,0.934403311023314
calce_CX2_36,1,0.9998949766159058,0.9514813224559897,0.9343974805278428,0.9179313093824589
calce_CX2_36,1,0.9999580383300781,1.0,0.9344045784093366,0.934403311023314
calce_CX2_36,1,0.9999580383300781,1.0,0.9344045784093366,0.934403311023314
calce_CX2_36,1,0.9999580383300781,1.0,0.9344045784093366,0.934403311023314
calce_CX2_36,1,0.9999580383300781,1.0,0.9344045784093366,0.934403311023314
calce_CX2_36,1,0.9999580383300781,1.0,0.9344045784093366,0.934403311023314
calce_CX2_36,1,0.9999591112136841,1.0,0.9344046991610673,0.9348205109209198
calce_CX2_36,1,0.9999420642852783,1.0,0.9344027805257903,0.9289953923673631
calce_CX2_36,1,0.9999420642852783,1.0,0.9344027805257903,0.9289953923673631
calce_CX2_36,1,0.9999600648880005,1.0,0.9344048064957653,0.9351984992283531
calce_CX2_36,1,0.9999535083770752,1.0,0.934404068566418,0.9327275502540896
calce_CX2_36,1,0.9998249411582947,0.9514813224559897,0.9343895968830085,0.9071971542513224
calce_CX2_36,1,0.9999420642852783,1.0,0.9344027805257903,0.9289953923673631
calce_CX2_36,1,0.9999483823776245,1.0,0.9344034916344611,0.9309769886420995
calce_CX2_36,1,0.9999420642852783,1.0,0.9344027805257903,0.9289953923673631
calce_CX2_36,1,0.9999420642852783,1.0,0.9344027805257903,0.9289953923673631
calce_CX2_36,1,0.9999535083770752,1.0,0.934404068566418,0.9327275502540896
calce_CX2_36,1,0.9999535083770752,1.0,0.934404068566418,0.9327275502540896
calce_CX2_36,1,0.9999420642852783,1.0,0.9344027805257903,0.9289953923673631
calce_CX2_36,1,0.999945878982544,1.0,0.934403209875279,0.930170523948396
calce_CX2_36,1,0.9999535083770752,1.0,0.934404068566418,0.9327275502540896
calce_CX2_36,1,0.9999483823776245,1.0,0.9344034916344611,0.9309769886420995
calce_CX2_36,1,0.9999483823776245,1.0,0.9344034916344611,0.9309769886420995
calce_CX2_36,1,0.9999483823776245,1.0,0.9344034916344611,0.9309769886420995
calce_CX2_36,1,0.9999483823776245,1.0,0.9344034916344611,0.9309769886420995
calce_CX2_36,1,0.9999483823776245,1.0,0.9344034916344611,0.9309769886420995
calce_CX2_36,1,0.9999483823776245,1.0,0.9344034916344611,0.9309769886420995
calce_CX2_36,1,0.9999483823776245,1.0,0.9344034916344611,0.9309769886420995
calce_CX2_36,1,0.9999600648880005,1.0,0.9344048064957653,0.9351984992283531
calce_CX2_36,1,0.9999440908432007,1.0,0.9344030086180316,0.9296119642332733
calce_CX2_36,1,0.9998891353607178,0.9514813224559897,0.9343968230319845,0.916850065165363
calce_CX2_36,1,0.9999551773071289,1.0,0.9344042564037115,0.9333296448327131
calce_CX2_36,1,0.9999483823776245,1.0,0.9344034916344611,0.9309769886420995
calce_CX2_36,1,0.9999499320983887,1.0,0.934403666056248,0.9314914999685523
calce_CX2_36,1,0.999945878982544,1.0,0.934403209875279,0.930170523948396
calce_CX2_36,1,0.9999440908432007,1.0,0.9344030086180316,0.9296119642332733
calce_CX2_36,1,0.9999420642852783,1.0,0.9344027805257903,0.9289953923673631
calce_CX2_36,1,0.9999535083770752,1.0,0.934404068566418,0.9327275502540896
calce_CX2_36,1,0.9999420642852783,1.0,0.9344027805257903,0.9289953923673631
calce_CX2_36,1,0.9999420642852783,1.0,0.9344027805257903,0.9289953923673631
calce_CX2_36,1,0.9999420642852783,1.0,0.9344027805257903,0.9289953923673631
calce_CX2_36,1,0.9999483823776245,1.0,0.9344034916344611,0.9309769886420995
calce_CX2_36,1,0.9999483823776245,1.0,0.9344034916344611,0.9309769886420995
calce_CX2_36,1,0.9999483823776245,1.0,0.9344034916344611,0.9309769886420995
calce_CX2_36,1,0.9999420642852783,1.0,0.9344027805257903,0.9289953923673631
calce_CX2_36,1,0.9999420642852783,1.0,0.9344027805257903,0.9289953923673631
calce_CX2_36,1,0.9999010562896729,0.9514813224559897,0.9343981648537596,0.9191076793138573
calce_CX2_36,1,0.999894380569458,0.9514813224559897,0.9343974134367095,0.9178188606796531
calce_CX2_36,1,0.9998544454574585,0.9514813224559897,0.9343929181854407,0.911213010273774
calce_CX2_36,1,0.9999517202377319,1.0,0.9344038673116201,0.9321006855523531
calce_CX2_36,1,0.9998992681503296,0.9514813224559897,0.9343979635821202,0.9187559730400411
calce_CX2_36,1,0.9999499320983887,1.0,0.934403666056248,0.9314914999685523
calce_CX2_36,1,0.9999037981033325,0.9514813224559897,0.9343984734691583,0.9196567032565006
calce_CX2_36,1,0.9999483823776245,1.0,0.9344034916344611,0.9309769886420995
calce_CX2_36,1,0.9999483823776245,1.0,0.9344034916344611,0.9309769886420995
calce_CX2_36,1,0.9999483823776245,1.0,0.9344034916344611,0.9309769886420995
calce_CX2_36,1,0.9998975992202759,0.9514813224559897,0.9343977757280719,0.9184320757277673
calce_CX2_36,1,0.9999066591262817,0.9514813224559897,0.9343987955011785,0.9202427456608963
calce_CX2_36,1,0.9999483823776245,1.0,0.9344034916344611,0.9309769886420995
calce_CX2_36,1,0.9999483823776245,1.0,0.9344034916344611,0.9309769886420995
calce_CX2_36,1,0.9999483823776245,1.0,0.9344034916344611,0.9309769886420995
calce_CX2_36,1,0.9999483823776245,1.0,0.9344034916344611,0.9309769886420995
calce_CX2_36,1,0.9999517202377319,1.0,0.9344038673116201,0.9321006855523531
calce_CX2_36,1,0.9998992681503296,0.9514813224559897,0.9343979635821202,0.9187559730400411
calce_CX2_36,1,0.9999483823776245,1.0,0.9344034916344611,0.9309769886420995
calce_CX2_36,1,0.999911904335022,0.9514813224559897,0.9343993858893983,0.9213544900189993
calce_CX2_36,1,0.9999037981033325,0.9514813224559897,0.9343984734691583,0.9196567032565006
calce_CX2_36,1,0.999894380569458,0.9514813224559897,0.9343974134367095,0.9178188606796531
calce_CX2_36,1,0.9999483823776245,1.0,0.9344034916344611,0.9309769886420995
calce_CX2_36,1,0.9999517202377319,1.0,0.9344038673116201,0.9321006855523531
calce_CX2_36,1,0.9999483823776245,1.0,0.9344034916344611,0.9309769886420995
calce_CX2_36,1,0.9998544454574585,0.9514813224559897,0.9343929181854407,0.911213010273774
calce_CX2_36,1,0.9999483823776245,1.0,0.9344034916344611,0.9309769886420995
calce_CX2_36,1,0.999911904335022,0.9514813224559897,0.9343993858893983,0.9213544900189993
calce_CX2_36,1,0.9999499320983887,1.0,0.934403666056248,0.9314914999685523
calce_CX2_36,1,0.999894380569458,0.9514813224559897,0.9343974134367095,0.9178188606796531
calce_CX2_36,1,0.9999499320983887,1.0,0.934403666056248,0.9314914999685523
calce_CX2_36,1,0.9999483823776245,1.0,0.9344034916344611,0.9309769886420995
calce_CX2_36,1,0.9999483823776245,1.0,0.9344034916344611,0.9309769886420995
calce_CX2_36,1,0.9999483823776245,1.0,0.9344034916344611,0.9309769886420995
calce_CX2_36,1,0.999911904335022,0.9514813224559897,0.9343993858893983,0.9213544900189993
calce_CX2_36,1,0.9999483823776245,1.0,0.9344034916344611,0.9309769886420995
calce_CX2_36,1,0.9999483823776245,1.0,0.9344034916344611,0.9309769886420995
calce_CX2_36,1,0.999901294708252,0.9514813224559897,0.9343981916899348,0.919154946765048
calce_CX2_36,1,0.9999499320983887,1.0,0.934403666056248,0.9314914999685523
calce_CX2_36,1,0.9999483823776245,1.0,0.9344034916344611,0.9309769886420995
calce_CX2_36,1,0.9999483823776245,1.0,0.9344034916344611,0.9309769886420995
calce_CX2_36,1,0.9999586343765259,1.0,0.934404645493657,0.9346340595469046
calce_CX2_36,1,0.9999483823776245,1.0,0.9344034916344611,0.9309769886420995
calce_CX2_36,1,0.999911904335022,0.9514813224559897,0.9343993858893983,0.9213544900189993
calce_CX2_36,1,0.9999499320983887,1.0,0.934403666056248,0.9314914999685523
calce_CX2_36,1,0.9998992681503296,0.9514813224559897,0.9343979635821202,0.9187559730400411
calce_CX2_36,1,0.9999483823776245,1.0,0.9344034916344611,0.9309769886420995
calce_CX2_36,1,0.9999517202377319,1.0,0.9344038673116201,0.9321006855523531
calce_CX2_36,1,0.9999483823776245,1.0,0.9344034916344611,0.9309769886420995
calce_CX2_36,1,0.9999483823776245,1.0,0.9344034916344611,0.9309769886420995
calce_CX2_36,1,0.9999483823776245,1.0,0.9344034916344611,0.9309769886420995
calce_CX2_36,1,0.9999483823776245,1.0,0.9344034916344611,0.9309769886420995
calce_CX2_36,1,0.9999145269393921,0.9514813224559897,0.9343996810816554,0.9219297852755053
calce_CX2_36,1,0.9999037981033325,0.9514813224559897,0.9343984734691583,0.9196567032565006
calce_CX2_36,1,0.999894380569458,0.9514813224559897,0.9343974134367095,0.9178188606796531
calce_CX2_36,1,0.9998918771743774,0.9514813224559897,0.9343971316532526,0.9173519104731865
calce_CX2_36,1,0.9999483823776245,1.0,0.9344034916344611,0.9309769886420995
calce_CX2_36,1,0.9999037981033325,0.9514813224559897,0.9343984734691583,0.9196567032565006
calce_CX2_36,1,0.9999499320983887,1.0,0.934403666056248,0.9314914999685523
calce_CX2_36,1,0.9999483823776245,1.0,0.9344034916344611,0.9309769886420995
calce_CX2_36,1,0.9999531507492065,1.0,0.9344040283155043,0.932600706476389
calce_CX2_36,1,0.9999483823776245,1.0,0.9344034916344611,0.9309769886420995
calce_CX2_36,1,0.9999483823776245,1.0,0.9344034916344611,0.9309769886420995
calce_CX2_36,1,0.9999499320983887,1.0,0.934403666056248,0.9314914999685523
calce_CX2_36,1,0.9999483823776245,1.0,0.9344034916344611,0.9309769886420995
calce_CX2_36,1,0.9999037981033325,0.9514813224559897,0.9343984734691583,0.9196567032565006
calce_CX2_36,1,0.9999483823776245,1.0,0.9344034916344611,0.9309769886420995
calce_CX2_36,1,0.9998992681503296,0.9514813224559897,0.9343979635821202,0.9187559730400411
calce_CX2_36,1,0.9999499320983887,1.0,0.934403666056248,0.9314914999685523
calce_CX2_36,1,0.9998992681503296,0.9514813224559897,0.9343979635821202,0.9187559730400411
calce_CX2_36,1,0.9999483823776245,1.0,0.9344034916344611,0.9309769886420995
calce_CX2_36,1,0.9999483823776245,1.0,0.9344034916344611,0.9309769886420995
calce_CX2_36,1,0.9999483823776245,1.0,0.9344034916344611,0.9309769886420995
calce_CX2_36,1,0.9999483823776245,1.0,0.9344034916344611,0.9309769886420995
calce_CX2_36,1,0.9999483823776245,1.0,0.9344034916344611,0.9309769886420995
calce_CX2_36,1,0.9999483823776245,1.0,0.9344034916344611,0.9309769886420995
calce_CX2_36,1,0.9999037981033325,0.9514813224559897,0.9343984734691583,0.9196567032565006
calce_CX2_36,1,0.999911904335022,0.9514813224559897,0.9343993858893983,0.9213544900189993
calce_CX2_36,1,0.9999483823776245,1.0,0.9344034916344611,0.9309769886420995
calce_CX2_36,1,0.9999483823776245,1.0,0.9344034916344611,0.9309769886420995
calce_CX2_36,1,0.9999598264694214,1.0,0.934404779662106,0.9351033554382638
calce_CX2_36,1,0.9999483823776245,1.0,0.9344034916344611,0.9309769886420995
calce_CX2_36,1,0.9999600648880005,1.0,0.9344048064957653,0.9351984992283531
calce_CX2_36,1,0.9999483823776245,1.0,0.9344034916344611,0.9309769886420995
calce_CX2_36,1,0.9999483823776245,1.0,0.9344034916344611,0.9309769886420995
calce_CX2_36,1,0.9999586343765259,1.0,0.934404645493657,0.9346340595469046
calce_CX2_36,1,0.9999483823776245,1.0,0.9344034916344611,0.9309769886420995
calce_CX2_36,1,0.9999517202377319,1.0,0.9344038673116201,0.9321006855523531
calce_CX2_36,1,0.9999499320983887,1.0,0.934403666056248,0.9314914999685523
calce_CX2_36,1,0.9999483823776245,1.0,0.9344034916344611,0.9309769886420995
calce_CX2_36,1,0.9999499320983887,1.0,0.934403666056248,0.9314914999685523
calce_CX2_36,1,0.9999483823776245,1.0,0.9344034916344611,0.9309769886420995
calce_CX2_36,1,0.9999635219573975,1.0,0.9344051955826769,0.936629862359653
calce_CX2_36,1,0.9999635219573975,1.0,0.9344051955826769,0.936629862359653
calce_CX2_36,1,0.9999635219573975,1.0,0.9344051955826769,0.936629862359653
calce_CX2_36,1,0.9999635219573975,1.0,0.9344051955826769,0.936629862359653
calce_CX2_36,1,0.9999635219573975,1.0,0.9344051955826769,0.936629862359653
calce_CX2_36,1,0.9999635219573975,1.0,0.9344051955826769,0.936629862359653
calce_CX2_36,1,0.999901294708252,0.9514813224559897,0.9343981916899348,0.919154946765048
calce_CX2_36,1,0.999964714050293,1.0,0.93440532975008,0.9371476683932654
calce_CX2_36,1,0.9999635219573975,1.0,0.9344051955826769,0.936629862359653
calce_CX2_36,1,0.9999635219573975,1.0,0.9344051955826769,0.936629862359653
calce_CX2_36,1,0.9999635219573975,1.0,0.9344051955826769,0.936629862359653
calce_CX2_36,1,0.9999635219573975,1.0,0.9344051955826769,0.936629862359653
calce_CX2_36,1,0.9999635219573975,1.0,0.9344051955826769,0.936629862359653
calce_CX2_36,1,0.9999635219573975,1.0,0.9344051955826769,0.936629862359653
calce_CX2_36,1,0.9999635219573975,1.0,0.9344051955826769,0.936629862359653
calce_CX2_36,1,0.9999635219573975,1.0,0.9344051955826769,0.936629862359653
calce_CX2_36,1,0.9999635219573975,1.0,0.9344051955826769,0.936629862359653
calce_CX2_36,1,0.9999635219573975,1.0,0.9344051955826769,0.936629862359653
calce_CX2_36,1,0.9999635219573975,1.0,0.9344051955826769,0.936629862359653
calce_CX2_36,1,0.999964714050293,1.0,0.93440532975008,0.9371476683932654
calce_CX2_36,1,0.9999635219573975,1.0,0.9344051955826769,0.936629862359653
calce_CX2_36,1,0.999911904335022,0.9514813224559897,0.9343993858893983,0.9213544900189993
calce_CX2_36,1,0.9999483823776245,1.0,0.9344034916344611,0.9309769886420995
calce_CX2_36,1,0.9999037981033325,0.9514813224559897,0.9343984734691583,0.9196567032565006
calce_CX2_36,1,0.9999483823776245,1.0,0.9344034916344611,0.9309769886420995
calce_CX2_36,1,0.999911904335022,0.9514813224559897,0.9343993858893983,0.9213544900189993
calce_CX2_36,1,0.999911904335022,0.9514813224559897,0.9343993858893983,0.9213544900189993
calce_CX2_36,1,0.9999037981033325,0.9514813224559897,0.9343984734691583,0.9196567032565006
calce_CX2_36,1,0.999911904335022,0.9514813224559897,0.9343993858893983,0.9213544900189993
calce_CX2_36,1,0.9999483823776245,1.0,0.9344034916344611,0.9309769886420995
calce_CX2_36,1,0.9999483823776245,1.0,0.9344034916344611,0.9309769886420995
calce_CX2_36,1,0.9999499320983887,1.0,0.934403666056248,0.9314914999685523
calce_CX2_36,1,0.9999499320983887,1.0,0.934403666056248,0.9314914999685523
calce_CX2_36,1,0.999911904335022,0.9514813224559897,0.9343993858893983,0.9213544900189993
calce_CX2_36,1,0.9999483823776245,1.0,0.9344034916344611,0.9309769886420995
calce_CX2_36,1,0.9998992681503296,0.9514813224559897,0.9343979635821202,0.9187559730400411
calce_CX2_36,1,0.999911904335022,0.9514813224559897,0.9343993858893983,0.9213544900189993
calce_CX2_36,1,0.9999483823776245,1.0,0.9344034916344611,0.9309769886420995
calce_CX2_36,1,0.9999635219573975,1.0,0.9344051955826769,0.936629862359653
calce_CX2_36,1,0.9999635219573975,1.0,0.9344051955826769,0.936629862359653
calce_CX2_36,1,0.9998695850372314,0.9514813224559897,0.9343946223890306,0.9135275465397228
calce_CX2_36,1,0.9999517202377319,1.0,0.9344038673116201,0.9321006855523531
calce_CX2_36,1,0.9999483823776245,1.0,0.9344034916344611,0.9309769886420995
calce_CX2_36,1,0.9999483823776245,1.0,0.9344034916344611,0.9309769886420995
calce_CX2_36,1,0.9999483823776245,1.0,0.9344034916344611,0.9309769886420995
calce_CX2_36,1,0.9999483823776245,1.0,0.9344034916344611,0.9309769886420995
calce_CX2_36,1,0.9999483823776245,1.0,0.9344034916344611,0.9309769886420995
calce_CX2_36,1,0.999911904335022,0.9514813224559897,0.9343993858893983,0.9213544900189993
calce_CX2_36,1,0.9999483823776245,1.0,0.9344034916344611,0.9309769886420995
calce_CX2_36,1,0.9999499320983887,1.0,0.934403666056248,0.9314914999685523
calce_CX2_36,1,0.9999483823776245,1.0,0.9344034916344611,0.9309769886420995
calce_CX2_36,1,0.9999483823776245,1.0,0.9344034916344611,0.9309769886420995
calce_CX2_36,1,0.9999517202377319,1.0,0.9344038673116201,0.9321006855523531
calce_CX2_36,1,0.999911904335022,0.9514813224559897,0.9343993858893983,0.9213544900189993
calce_CX2_36,1,0.999911904335022,0.9514813224559897,0.9343993858893983,0.9213544900189993
calce_CX2_36,1,0.9999483823776245,1.0,0.9344034916344611,0.9309769886420995
calce_CX2_36,1,0.9999483823776245,1.0,0.9344034916344611,0.9309769886420995
calce_CX2_36,1,0.9999483823776245,1.0,0.9344034916344611,0.9309769886420995
calce_CX2_36,1,0.9999483823776245,1.0,0.9344034916344611,0.9309769886420995
calce_CX2_36,1,0.999911904335022,0.9514813224559897,0.9343993858893983,0.9213544900189993
calce_CX2_36,1,0.9999289512634277,1.0,0.9344013046169934,0.9253650978615291
calce_CX2_36,1,0.9999483823776245,1.0,0.9344034916344611,0.9309769886420995
calce_CX2_36,1,0.9999483823776245,1.0,0.9344034916344611,0.9309769886420995
calce_CX2_36,1,0.9999483823776245,1.0,0.9344034916344611,0.9309769886420995
calce_CX2_36,1,0.9999483823776245,1.0,0.9344034916344611,0.9309769886420995
calce_CX2_36,1,0.9999483823776245,1.0,0.9344034916344611,0.9309769886420995
calce_CX2_36,1,0.9999483823776245,1.0,0.9344034916344611,0.9309769886420995
calce_CX2_36,1,0.9999483823776245,1.0,0.9344034916344611,0.9309769886420995
calce_CX2_36,1,0.9999483823776245,1.0,0.9344034916344611,0.9309769886420995
calce_CX2_36,1,0.9999483823776245,1.0,0.9344034916344611,0.9309769886420995
calce_CX2_36,1,0.9999598264694214,1.0,0.934404779662106,0.9351033554382638
calce_CX2_36,1,0.9999517202377319,1.0,0.9344038673116201,0.9321006855523531
calce_CX2_36,1,0.9999483823776245,1.0,0.9344034916344611,0.9309769886420995
calce_CX2_36,1,0.9999483823776245,1.0,0.9344034916344611,0.9309769886420995
calce_CX2_36,1,0.9999037981033325,0.9514813224559897,0.9343984734691583,0.9196567032565006
calce_CX2_36,1,0.9999483823776245,1.0,0.9344034916344611,0.9309769886420995
calce_CX2_36,1,0.9999483823776245,1.0,0.9344034916344611,0.9309769886420995
calce_CX2_36,1,0.9999483823776245,1.0,0.9344034916344611,0.9309769886420995
calce_CX2_36,1,0.9999483823776245,1.0,0.9344034916344611,0.9309769886420995
calce_CX2_36,1,0.9999037981033325,0.9514813224559897,0.9343984734691583,0.9196567032565006
calce_CX2_36,1,0.9999483823776245,1.0,0.9344034916344611,0.9309769886420995
calce_CX2_36,1,0.9999517202377319,1.0,0.9344038673116201,0.9321006855523531
calce_CX2_36,1,0.9999483823776245,1.0,0.9344034916344611,0.9309769886420995
calce_CX2_36,1,0.9999483823776245,1.0,0.9344034916344611,0.9309769886420995
calce_CX2_36,1,0.9999483823776245,1.0,0.9344034916344611,0.9309769886420995
calce_CX2_36,1,0.9999483823776245,1.0,0.9344034916344611,0.9309769886420995
calce_CX2_36,1,0.9999145269393921,0.9514813224559897,0.9343996810816554,0.9219297852755053
calce_CX2_36,1,0.9999635219573975,1.0,0.9344051955826769,0.936629862359653
calce_CX2_36,1,0.9999289512634277,1.0,0.9344013046169934,0.9253650978615291
calce_CX2_36,1,0.9999635219573975,1.0,0.9344051955826769,0.936629862359653
calce_CX2_36,1,0.9999586343765259,1.0,0.934404645493657,0.9346340595469046
calce_CX2_36,1,0.9999483823776245,1.0,0.9344034916344611,0.9309769886420995
calce_CX2_36,1,0.9999483823776245,1.0,0.9344034916344611,0.9309769886420995
calce_CX2_36,1,0.9999483823776245,1.0,0.9344034916344611,0.9309769886420995
calce_CX2_36,1,0.9999483823776245,1.0,0.9344034916344611,0.9309769886420995
calce_CX2_36,1,0.9999483823776245,1.0,0.9344034916344611,0.9309769886420995
calce_CX2_36,1,0.9998992681503296,0.9514813224559897,0.9343979635821202,0.9187559730400411
calce_CX2_36,1,0.9999483823776245,1.0,0.9344034916344611,0.9309769886420995
calce_CX2_36,1,0.9999483823776245,1.0,0.9344034916344611,0.9309769886420995
calce_CX2_36,1,0.9999483823776245,1.0,0.9344034916344611,0.9309769886420995
calce_CX2_36,1,0.9999635219573975,1.0,0.9344051955826769,0.936629862359653
calce_CX2_36,1,0.9998544454574585,0.9514813224559897,0.9343929181854407,0.911213010273774
calce_CX2_36,1,0.9999607801437378,1.0,0.9344048869966817,0.9354865814603528
calce_CX2_36,1,0.9999635219573975,1.0,0.9344051955826769,0.936629862359653
calce_CX2_36,1,0.9999635219573975,1.0,0.9344051955826769,0.936629862359653
calce_CX2_36,1,0.9999635219573975,1.0,0.9344051955826769,0.936629862359653
calce_CX2_36,1,0.9999289512634277,1.0,0.9344013046169934,0.9253650978615291
calce_CX2_36,1,0.9999635219573975,1.0,0.9344051955826769,0.936629862359653
calce_CX2_36,1,0.9999635219573975,1.0,0.9344051955826769,0.936629862359653
calce_CX2_36,1,0.9999635219573975,1.0,0.9344051955826769,0.936629862359653
calce_CX2_36,1,0.9999635219573975,1.0,0.9344051955826769,0.936629862359653
calce_CX2_36,1,0.9999635219573975,1.0,0.9344051955826769,0.936629862359653
calce_CX2_36,1,0.9999635219573975,1.0,0.9344051955826769,0.936629862359653
calce_CX2_36,1,0.9999635219573975,1.0,0.9344051955826769,0.936629862359653
calce_CX2_36,1,0.9999635219573975,1.0,0.9344051955826769,0.936629862359653
calce_CX2_36,1,0.999964714050293,1.0,0.93440532975008,0.9371476683932654
calce_CX2_36,1,0.9999635219573975,1.0,0.9344051955826769,0.936629862359653
calce_CX2_36,1,0.9999635219573975,1.0,0.9344051955826769,0.936629862359653
calce_CX2_36,1,0.9999635219573975,1.0,0.9344051955826769,0.936629862359653
calce_CX2_36,1,0.9999635219573975,1.0,0.9344051955826769,0.936629862359653
calce_CX2_36,1,0.9999635219573975,1.0,0.9344051955826769,0.936629862359653
calce_CX2_36,1,0.999964714050293,1.0,0.93440532975008,0.9371476683932654
calce_CX2_36,1,0.9999635219573975,1.0,0.9344051955826769,0.936629862359653
calce_CX2_36,1,0.9999635219573975,1.0,0.9344051955826769,0.936629862359653
calce_CX2_36,1,0.9999638795852661,1.0,0.9344052358329246,0.9367838192553162
calce_CX2_36,1,0.9999635219573975,1.0,0.9344051955826769,0.936629862359653
calce_CX2_36,1,0.9999638795852661,1.0,0.9344052358329246,0.9367838192553162
calce_CX2_36,1,0.9999626874923706,1.0,0.934405101665343,0.9362750972802876
calce_CX2_36,1,0.9999626874923706,1.0,0.934405101665343,0.9362750972802876
calce_CX2_36,1,0.9999635219573975,1.0,0.9344051955826769,0.936629862359653
calce_CX2_36,1,0.9999626874923706,1.0,0.934405101665343,0.9362750972802876
calce_CX2_36,1,0.9999635219573975,1.0,0.9344051955826769,0.936629862359653
calce_CX2_36,1,0.9999635219573975,1.0,0.9344051955826769,0.936629862359653
calce_CX2_36,1,0.999964714050293,1.0,0.93440532975008,0.9371476683932654
calce_CX2_36,1,0.9999635219573975,1.0,0.9344051955826769,0.936629862359653
calce_CX2_36,1,0.9999635219573975,1.0,0.9344051955826769,0.936629862359653
calce_CX2_36,1,0.9999635219573975,1.0,0.9344051955826769,0.936629862359653
calce_CX2_36,1,0.9999626874923706,1.0,0.934405101665343,0.9362750972802876
calce_CX2_36,1,0.9999635219573975,1.0,0.9344051955826769,0.936629862359653
calce_CX2_36,1,0.9999626874923706,1.0,0.934405101665343,0.9362750972802876
calce_CX2_36,1,0.9999600648880005,1.0,0.9344048064957653,0.9351984992283531
calce_CX2_36,1,0.9999600648880005,1.0,0.9344048064957653,0.9351984992283531
calce_CX2_36,1,0.9999600648880005,1.0,0.9344048064957653,0.9351984992283531
calce_CX2_36,1,0.9999483823776245,1.0,0.9344034916344611,0.9309769886420995
calce_CX2_36,1,0.9999531507492065,1.0,0.9344040283155043,0.932600706476389
calce_CX2_36,1,0.9999586343765259,1.0,0.934404645493657,0.9346340595469046
calce_CX2_36,1,0.999894380569458,0.9514813224559897,0.9343974134367095,0.9178188606796531
calce_CX2_36,1,0.9999598264694214,1.0,0.934404779662106,0.9351033554382638
calce_CX2_36,1,0.9999586343765259,1.0,0.934404645493657,0.9346340595469046
calce_CX2_36,1,0.9999517202377319,1.0,0.9344038673116201,0.9321006855523531
calce_CX2_36,1,0.9999483823776245,1.0,0.9344034916344611,0.9309769886420995
calce_CX2_36,1,0.9999517202377319,1.0,0.9344038673116201,0.9321006855523531
calce_CX2_36,1,0.9999483823776245,1.0,0.9344034916344611,0.9309769886420995
calce_CX2_36,1,0.9999483823776245,1.0,0.9344034916344611,0.9309769886420995
calce_CX2_36,1,0.9999483823776245,1.0,0.9344034916344611,0.9309769886420995
calce_CX2_36,1,0.9999586343765259,1.0,0.934404645493657,0.9346340595469046
calce_CX2_36,1,0.9999483823776245,1.0,0.9344034916344611,0.9309769886420995
calce_CX2_36,1,0.9999517202377319,1.0,0.9344038673116201,0.9321006855523531
calce_CX2_36,1,0.9999483823776245,1.0,0.9344034916344611,0.9309769886420995
calce_CX2_36,1,0.9999483823776245,1.0,0.9344034916344611,0.9309769886420995
calce_CX2_36,1,0.9998605251312256,0.9514813224559897,0.9343936025556074,0.91211873194956
calce_CX2_36,1,0.9999483823776245,1.0,0.9344034916344611,0.9309769886420995
calce_CX2_36,1,0.9999586343765259,1.0,0.934404645493657,0.9346340595469046
calce_CX2_36,1,0.9999586343765259,1.0,0.934404645493657,0.9346340595469046
calce_CX2_36,1,0.9999517202377319,1.0,0.9344038673116201,0.9321006855523531
calce_CX2_36,1,0.9999600648880005,1.0,0.9344048064957653,0.9351984992283531
calce_CX2_36,1,0.9999586343765259,1.0,0.934404645493657,0.9346340595469046
calce_CX2_36,1,0.9999517202377319,1.0,0.9344038673116201,0.9321006855523531
calce_CX2_36,1,0.9999483823776245,1.0,0.9344034916344611,0.9309769886420995
calce_CX2_36,1,0.9999600648880005,1.0,0.9344048064957653,0.9351984992283531
calce_CX2_36,1,0.9999483823776245,1.0,0.9344034916344611,0.9309769886420995
calce_CX2_36,1,0.9999586343765259,1.0,0.934404645493657,0.9346340595469046
calce_CX2_36,1,0.9999586343765259,1.0,0.934404645493657,0.9346340595469046
calce_CX2_36,1,0.9999600648880005,1.0,0.9344048064957653,0.9351984992283531
calce_CX2_36,1,0.9999517202377319,1.0,0.9344038673116201,0.9321006855523531
calce_CX2_36,1,0.9999517202377319,1.0,0.9344038673116201,0.9321006855523531
calce_CX2_36,1,0.9999600648880005,1.0,0.9344048064957653,0.9351984992283531
calce_CX2_36,1,0.9999483823776245,1.0,0.9344034916344611,0.9309769886420995
calce_CX2_36,1,0.9999586343765259,1.0,0.934404645493657,0.9346340595469046
calce_CX2_36,1,0.9999517202377319,1.0,0.9344038673116201,0.9321006855523531
calce_CX2_36,1,0.9999483823776245,1.0,0.9344034916344611,0.9309769886420995
calce_CX2_36,1,0.9999517202377319,1.0,0.9344038673116201,0.9321006855523531
calce_CX2_36,1,0.9999483823776245,1.0,0.9344034916344611,0.9309769886420995
calce_CX2_36,1,0.9999483823776245,1.0,0.9344034916344611,0.9309769886420995
calce_CX2_36,1,0.9999598264694214,1.0,0.934404779662106,0.9351033554382638
calce_CX2_36,1,0.9999598264694214,1.0,0.934404779662106,0.9351033554382638
calce_CX2_36,1,0.9999517202377319,1.0,0.9344038673116201,0.9321006855523531
calce_CX2_36,1,0.9999635219573975,1.0,0.9344051955826769,0.936629862359653
calce_CX2_36,1,0.9999635219573975,1.0,0.9344051955826769,0.936629862359653
calce_CX2_36,1,0.9999635219573975,1.0,0.9344051955826769,0.936629862359653
calce_CX2_36,1,0.999961256980896,1.0,0.9344049406639081,0.9356808927841007
calce_CX2_36,1,0.9999483823776245,1.0,0.9344034916344611,0.9309769886420995
calce_CX2_36,1,0.9999499320983887,1.0,0.934403666056248,0.9314914999685523
calce_CX2_36,1,0.9999586343765259,1.0,0.934404645493657,0.9346340595469046
calce_CX2_36,1,0.9999483823776245,1.0,0.9344034916344611,0.9309769886420995
calce_CX2_36,1,0.9999517202377319,1.0,0.9344038673116201,0.9321006855523531
calce_CX2_36,1,0.9999483823776245,1.0,0.9344034916344611,0.9309769886420995
calce_CX2_36,1,0.9999517202377319,1.0,0.9344038673116201,0.9321006855523531
calce_CX2_36,1,0.999911904335022,0.9514813224559897,0.9343993858893983,0.9213544900189993
calce_CX2_36,1,0.9999499320983887,1.0,0.934403666056248,0.9314914999685523
calce_CX2_36,1,0.9999483823776245,1.0,0.9344034916344611,0.9309769886420995
calce_CX2_36,1,0.9998992681503296,0.9514813224559897,0.9343979635821202,0.9187559730400411
calce_CX2_36,1,0.9999037981033325,0.9514813224559897,0.9343984734691583,0.9196567032565006
calce_CX2_36,1,0.9999483823776245,1.0,0.9344034916344611,0.9309769886420995
calce_CX2_36,1,0.9999483823776245,1.0,0.9344034916344611,0.9309769886420995
calce_CX2_36,1,0.9999483823776245,1.0,0.9344034916344611,0.9309769886420995
calce_CX2_36,1,0.9999483823776245,1.0,0.9344034916344611,0.9309769886420995
calce_CX2_36,1,0.9999483823776245,1.0,0.9344034916344611,0.9309769886420995
calce_CX2_36,1,0.9999517202377319,1.0,0.9344038673116201,0.9321006855523531
calce_CX2_36,1,0.9999483823776245,1.0,0.9344034916344611,0.9309769886420995
calce_CX2_36,1,0.9999037981033325,0.9514813224559897,0.9343984734691583,0.9196567032565006
calce_CX2_36,1,0.9999483823776245,1.0,0.9344034916344611,0.9309769886420995
calce_CX2_36,1,0.9999483823776245,1.0,0.9344034916344611,0.9309769886420995
calce_CX2_36,1,0.999911904335022,0.9514813224559897,0.9343993858893983,0.9213544900189993
calce_CX2_36,1,0.9999483823776245,1.0,0.9344034916344611,0.9309769886420995
calce_CX2_36,1,0.9998544454574585,0.9514813224559897,0.9343929181854407,0.911213010273774
calce_CX2_36,1,0.9999023675918579,0.9514813224559897,0.934398312452597,0.9193687573970403
calce_CX2_36,1,0.9999483823776245,1.0,0.9344034916344611,0.9309769886420995
calce_CX2_36,1,0.9999483823776245,1.0,0.9344034916344611,0.9309769886420995
calce_CX2_36,1,0.9999483823776245,1.0,0.9344034916344611,0.9309769886420995
calce_CX2_36,1,0.9999483823776245,1.0,0.9344034916344611,0.9309769886420995
calce_CX2_36,1,0.9999483823776245,1.0,0.9344034916344611,0.9309769886420995
calce_CX2_36,1,0.9999037981033325,0.9514813224559897,0.9343984734691583,0.9196567032565006
calce_CX2_36,1,0.9999483823776245,1.0,0.9344034916344611,0.9309769886420995
calce_CX2_36,1,0.999894380569458,0.9514813224559897,0.9343974134367095,0.9178188606796531
calce_CX2_36,1,0.9999483823776245,1.0,0.9344034916344611,0.9309769886420995
calce_CX2_36,1,0.9999483823776245,1.0,0.9344034916344611,0.9309769886420995
calce_CX2_36,1,0.9999483823776245,1.0,0.9344034916344611,0.9309769886420995
calce_CX2_36,1,0.9999483823776245,1.0,0.9344034916344611,0.9309769886420995
calce_CX2_36,1,0.9998347759246826,0.9514813224559897,0.9343907040011892,0.9084724236334198
calce_CX2_36,1,0.9999483823776245,1.0,0.9344034916344611,0.9309769886420995
calce_CX2_36,1,0.9999483823776245,1.0,0.9344034916344611,0.9309769886420995
calce_CX2_36,1,0.9999483823776245,1.0,0.9344034916344611,0.9309769886420995
calce_CX2_36,1,0.9999483823776245,1.0,0.9344034916344611,0.9309769886420995
calce_CX2_36,1,0.9999483823776245,1.0,0.9344034916344611,0.9309769886420995
calce_CX2_36,1,0.9999483823776245,1.0,0.9344034916344611,0.9309769886420995
calce_CX2_36,1,0.9999499320983887,1.0,0.934403666056248,0.9314914999685523
calce_CX2_36,1,0.9999635219573975,1.0,0.9344051955826769,0.936629862359653
calce_CX2_36,1,0.9999635219573975,1.0,0.9344051955826769,0.936629862359653
calce_CX2_36,1,0.999964714050293,1.0,0.93440532975008,0.9371476683932654
calce_CX2_36,1,0.9999635219573975,1.0,0.9344051955826769,0.936629862359653
calce_CX2_36,1,0.9999635219573975,1.0,0.9344051955826769,0.936629862359653
calce_CX2_36,1,0.9999635219573975,1.0,0.9344051955826769,0.936629862359653
calce_CX2_36,1,0.999964714050293,1.0,0.93440532975008,0.9371476683932654
calce_CX2_36,1,0.9999635219573975,1.0,0.9344051955826769,0.936629862359653
calce_CX2_36,1,0.9999600648880005,1.0,0.9344048064957653,0.9351984992283531
calce_CX2_36,1,0.9999635219573975,1.0,0.9344051955826769,0.936629862359653
calce_CX2_36,1,0.9999635219573975,1.0,0.9344051955826769,0.936629862359653
calce_CX2_36,1,0.9999635219573975,1.0,0.9344051955826769,0.936629862359653
calce_CX2_36,1,0.9999635219573975,1.0,0.9344051955826769,0.936629862359653
calce_CX2_36,1,0.9999635219573975,1.0,0.9344051955826769,0.936629862359653
calce_CX2_36,1,0.9999635219573975,1.0,0.9344051955826769,0.936629862359653
calce_CX2_36,1,0.9999635219573975,1.0,0.9344051955826769,0.936629862359653
calce_CX2_36,1,0.9999635219573975,1.0,0.9344051955826769,0.936629862359653
calce_CX2_36,1,0.9999635219573975,1.0,0.9344051955826769,0.936629862359653
calce_CX2_36,1,0.9999635219573975,1.0,0.9344051955826769,0.936629862359653
calce_CX2_36,1,0.9999635219573975,1.0,0.9344051955826769,0.936629862359653
calce_CX2_36,1,0.999964714050293,1.0,0.93440532975008,0.9371476683932654
calce_CX2_36,1,0.9999635219573975,1.0,0.9344051955826769,0.936629862359653
calce_CX2_36,1,0.999964714050293,1.0,0.93440532975008,0.9371476683932654
calce_CX2_36,1,0.9999635219573975,1.0,0.9344051955826769,0.936629862359653
calce_CX2_36,1,0.9999600648880005,1.0,0.9344048064957653,0.9351984992283531
calce_CX2_36,1,0.9999635219573975,1.0,0.9344051955826769,0.936629862359653
calce_CX2_36,1,0.9999635219573975,1.0,0.9344051955826769,0.936629862359653
calce_CX2_36,1,0.9999635219573975,1.0,0.9344051955826769,0.936629862359653
calce_CX2_36,1,0.9999635219573975,1.0,0.9344051955826769,0.936629862359653
calce_CX2_36,1,0.9999635219573975,1.0,0.9344051955826769,0.936629862359653
calce_CX2_36,1,0.999964714050293,1.0,0.93440532975008,0.9371476683932654
calce_CX2_36,1,0.9999635219573975,1.0,0.9344051955826769,0.936629862359653
calce_CX2_36,1,0.9999635219573975,1.0,0.9344051955826769,0.936629862359653
calce_CX2_36,1,0.9999635219573975,1.0,0.9344051955826769,0.936629862359653
calce_CX2_36,1,0.9999635219573975,1.0,0.9344051955826769,0.936629862359653
calce_CX2_36,1,0.9999600648880005,1.0,0.9344048064957653,0.9351984992283531
calce_CX2_36,1,0.9999635219573975,1.0,0.9344051955826769,0.936629862359653
calce_CX2_36,1,0.9999635219573975,1.0,0.9344051955826769,0.936629862359653
calce_CX2_36,1,0.9999635219573975,1.0,0.9344051955826769,0.936629862359653
calce_CX2_36,1,0.999964714050293,1.0,0.93440532975008,0.9371476683932654
calce_CX2_36,1,0.999964714050293,1.0,0.93440532975008,0.9371476683932654
calce_CX2_36,1,0.9999635219573975,1.0,0.9344051955826769,0.936629862359653
calce_CX2_36,1,0.9999635219573975,1.0,0.9344051955826769,0.936629862359653
calce_CX2_36,1,0.9999635219573975,1.0,0.9344051955826769,0.936629862359653
calce_CX2_36,1,0.9999635219573975,1.0,0.9344051955826769,0.936629862359653
calce_CX2_36,1,0.9999635219573975,1.0,0.9344051955826769,0.936629862359653
calce_CX2_36,1,0.9999635219573975,1.0,0.9344051955826769,0.936629862359653
calce_CX2_36,1,0.9999635219573975,1.0,0.9344051955826769,0.936629862359653
calce_CX2_36,1,0.999964714050293,1.0,0.93440532975008,0.9371476683932654
calce_CX2_36,1,0.9999289512634277,1.0,0.9344013046169934,0.9253650978615291
calce_CX2_36,1,0.9999635219573975,1.0,0.9344051955826769,0.936629862359653
calce_CX2_36,1,0.9999635219573975,1.0,0.9344051955826769,0.936629862359653
calce_CX2_36,1,0.9999635219573975,1.0,0.9344051955826769,0.936629862359653
calce_CX2_36,1,0.9999635219573975,1.0,0.9344051955826769,0.936629862359653
calce_CX2_36,1,0.9999635219573975,1.0,0.9344051955826769,0.936629862359653
calce_CX2_36,1,0.9999635219573975,1.0,0.9344051955826769,0.936629862359653
calce_CX2_36,1,0.9999635219573975,1.0,0.9344051955826769,0.936629862359653
calce_CX2_36,1,0.9999635219573975,1.0,0.9344051955826769,0.936629862359653
calce_CX2_36,1,0.999964714050293,1.0,0.93440532975008,0.9371476683932654
calce_CX2_36,1,0.999964714050293,1.0,0.93440532975008,0.9371476683932654
calce_CX2_36,1,0.9999635219573975,1.0,0.9344051955826769,0.936629862359653
calce_CX2_36,1,0.9999635219573975,1.0,0.9344051955826769,0.936629862359653
calce_CX2_36,1,0.9999626874923706,1.0,0.934405101665343,0.9362750972802876
calce_CX2_36,1,0.9999626874923706,1.0,0.934405101665343,0.9362750972802876
calce_CX2_36,1,0.9999626874923706,1.0,0.934405101665343,0.9362750972802876
calce_CX2_36,1,0.9999626874923706,1.0,0.934405101665343,0.9362750972802876
calce_CX2_36,1,0.9999626874923706,1.0,0.934405101665343,0.9362750972802876
calce_CX2_36,1,0.9999626874923706,1.0,0.934405101665343,0.9362750972802876
calce_CX2_36,1,0.9999626874923706,1.0,0.934405101665343,0.9362750972802876
calce_CX2_36,1,0.9999635219573975,1.0,0.9344051955826769,0.936629862359653
calce_CX2_36,1,0.9999635219573975,1.0,0.9344051955826769,0.936629862359653
calce_CX2_36,1,0.9999635219573975,1.0,0.9344051955826769,0.936629862359653
calce_CX2_36,1,0.9999635219573975,1.0,0.9344051955826769,0.936629862359653
calce_CX2_36,1,0.9999635219573975,1.0,0.9344051955826769,0.936629862359653
calce_CX2_36,1,0.9999635219573975,1.0,0.9344051955826769,0.936629862359653
calce_CX2_36,1,0.9999635219573975,1.0,0.9344051955826769,0.936629862359653
calce_CX2_36,1,0.9999635219573975,1.0,0.9344051955826769,0.936629862359653
calce_CX2_36,1,0.9999635219573975,1.0,0.9344051955826769,0.936629862359653
calce_CX2_36,1,0.9999635219573975,1.0,0.9344051955826769,0.936629862359653
calce_CX2_36,1,0.9999635219573975,1.0,0.9344051955826769,0.936629862359653
calce_CX2_36,1,0.9999635219573975,1.0,0.9344051955826769,0.936629862359653
calce_CX2_36,1,0.9999635219573975,1.0,0.9344051955826769,0.936629862359653
calce_CX2_36,1,0.9999635219573975,1.0,0.9344051955826769,0.936629862359653
calce_CX2_36,1,0.9999635219573975,1.0,0.9344051955826769,0.936629862359653
calce_CX2_36,1,0.9999635219573975,1.0,0.9344051955826769,0.936629862359653
calce_CX2_36,1,0.9999635219573975,1.0,0.9344051955826769,0.936629862359653
calce_CX2_36,1,0.9999635219573975,1.0,0.9344051955826769,0.936629862359653
calce_CX2_36,1,0.9999635219573975,1.0,0.9344051955826769,0.936629862359653
calce_CX2_36,1,0.9999635219573975,1.0,0.9344051955826769,0.936629862359653
calce_CX2_36,1,0.9999635219573975,1.0,0.9344051955826769,0.936629862359653
calce_CX2_36,1,0.9999635219573975,1.0,0.9344051955826769,0.936629862359653
calce_CX2_36,1,0.9999635219573975,1.0,0.9344051955826769,0.936629862359653
calce_CX2_36,1,0.9999635219573975,1.0,0.9344051955826769,0.936629862359653
calce_CX2_36,1,0.9999635219573975,1.0,0.9344051955826769,0.936629862359653
calce_CX2_36,1,0.9999635219573975,1.0,0.9344051955826769,0.936629862359653
calce_CX2_36,1,0.9999635219573975,1.0,0.9344051955826769,0.936629862359653
calce_CX2_36,1,0.9999635219573975,1.0,0.9344051955826769,0.936629862359653
calce_CX2_36,1,0.9999635219573975,1.0,0.9344051955826769,0.936629862359653
calce_CX2_36,1,0.9999635219573975,1.0,0.9344051955826769,0.936629862359653
calce_CX2_36,1,0.9999635219573975,1.0,0.9344051955826769,0.936629862359653
calce_CX2_36,1,0.9999635219573975,1.0,0.9344051955826769,0.936629862359653
calce_CX2_36,1,0.999964714050293,1.0,0.93440532975008,0.9371476683932654
calce_CX2_36,1,0.9999635219573975,1.0,0.9344051955826769,0.936629862359653
calce_CX2_36,1,0.9999635219573975,1.0,0.9344051955826769,0.936629862359653
calce_CX2_36,1,0.9999635219573975,1.0,0.9344051955826769,0.936629862359653
calce_CX2_36,1,0.9999635219573975,1.0,0.9344051955826769,0.936629862359653
calce_CX2_36,1,0.9999635219573975,1.0,0.9344051955826769,0.936629862359653
calce_CX2_36,1,0.9999635219573975,1.0,0.9344051955826769,0.936629862359653
calce_CX2_36,1,0.9999635219573975,1.0,0.9344051955826769,0.936629862359653
calce_CX2_36,1,0.9999289512634277,1.0,0.9344013046169934,0.9253650978615291
calce_CX2_36,1,0.9999635219573975,1.0,0.9344051955826769,0.936629862359653
calce_CX2_36,1,0.9999635219573975,1.0,0.9344051955826769,0.936629862359653
calce_CX2_36,1,0.9999635219573975,1.0,0.9344051955826769,0.936629862359653
calce_CX2_36,1,0.9999635219573975,1.0,0.9344051955826769,0.936629862359653
calce_CX2_36,1,0.9999635219573975,1.0,0.9344051955826769,0.936629862359653
calce_CX2_36,1,0.9999635219573975,1.0,0.9344051955826769,0.936629862359653
calce_CX2_36,1,0.999964714050293,1.0,0.93440532975008,0.9371476683932654
calce_CX2_36,1,0.9999635219573975,1.0,0.9344051955826769,0.936629862359653
calce_CX2_36,1,0.9999635219573975,1.0,0.9344051955826769,0.936629862359653
calce_CX2_36,1,0.999964714050293,1.0,0.93440532975008,0.9371476683932654
calce_CX2_36,1,0.9999635219573975,1.0,0.9344051955826769,0.936629862359653
calce_CX2_36,1,0.9999635219573975,1.0,0.9344051955826769,0.936629862359653
calce_CX2_36,1,0.9999635219573975,1.0,0.9344051955826769,0.936629862359653
calce_CX2_36,1,0.9999635219573975,1.0,0.9344051955826769,0.936629862359653
calce_CX2_36,1,0.9999635219573975,1.0,0.9344051955826769,0.936629862359653
calce_CX2_36,1,0.9999635219573975,1.0,0.9344051955826769,0.936629862359653
calce_CX2_36,1,0.9999635219573975,1.0,0.9344051955826769,0.936629862359653
calce_CX2_36,1,0.9999635219573975,1.0,0.9344051955826769,0.936629862359653
calce_CX2_36,1,0.9999626874923706,1.0,0.934405101665343,0.9362750972802876
calce_CX2_36,1,0.9999635219573975,1.0,0.9344051955826769,0.936629862359653
calce_CX2_36,1,0.9999635219573975,1.0,0.9344051955826769,0.936629862359653
calce_CX2_36,1,0.999964714050293,1.0,0.93440532975008,0.9371476683932654
calce_CX2_36,1,0.9999635219573975,1.0,0.9344051955826769,0.936629862359653
calce_CX2_36,1,0.9999635219573975,1.0,0.9344051955826769,0.936629862359653
calce_CX2_36,1,0.9999635219573975,1.0,0.9344051955826769,0.936629862359653
calce_CX2_36,1,0.9999635219573975,1.0,0.9344051955826769,0.936629862359653
calce_CX2_36,1,0.9999635219573975,1.0,0.9344051955826769,0.936629862359653
calce_CX2_36,1,0.9999635219573975,1.0,0.9344051955826769,0.936629862359653
calce_CX2_36,1,0.9999635219573975,1.0,0.9344051955826769,0.936629862359653
calce_CX2_36,1,0.9999635219573975,1.0,0.9344051955826769,0.936629862359653
calce_CX2_36,1,0.9999600648880005,1.0,0.9344048064957653,0.9351984992283531
calce_CX2_36,1,0.9999635219573975,1.0,0.9344051955826769,0.936629862359653
calce_CX2_36,1,0.9998544454574585,0.9514813224559897,0.9343929181854407,0.911213010273774
calce_CX2_36,1,0.999964714050293,1.0,0.93440532975008,0.9371476683932654
calce_CX2_36,1,0.9999635219573975,1.0,0.9344051955826769,0.936629862359653
calce_CX2_36,1,0.9999635219573975,1.0,0.9344051955826769,0.936629862359653
calce_CX2_36,1,0.999964714050293,1.0,0.93440532975008,0.9371476683932654
calce_CX2_36,1,0.9999635219573975,1.0,0.9344051955826769,0.936629862359653
calce_CX2_36,1,0.9999635219573975,1.0,0.9344051955826769,0.936629862359653
calce_CX2_36,1,0.9999635219573975,1.0,0.9344051955826769,0.936629862359653
calce_CX2_36,1,0.9999635219573975,1.0,0.9344051955826769,0.936629862359653
calce_CX2_36,1,0.9999635219573975,1.0,0.9344051955826769,0.936629862359653
calce_CX2_36,1,0.999964714050293,1.0,0.93440532975008,0.9371476683932654
calce_CX2_36,1,0.9999635219573975,1.0,0.9344051955826769,0.936629862359653
calce_CX2_36,1,0.9999635219573975,1.0,0.9344051955826769,0.936629862359653
calce_CX2_36,1,0.9999635219573975,1.0,0.9344051955826769,0.936629862359653
calce_CX2_36,1,0.9999635219573975,1.0,0.9344051955826769,0.936629862359653
calce_CX2_36,1,0.9999635219573975,1.0,0.9344051955826769,0.936629862359653
calce_CX2_36,1,0.9998544454574585,0.9514813224559897,0.9343929181854407,0.911213010273774
calce_CX2_36,1,0.9999635219573975,1.0,0.9344051955826769,0.936629862359653
calce_CX2_36,1,0.9999635219573975,1.0,0.9344051955826769,0.936629862359653
calce_CX2_36,1,0.9999635219573975,1.0,0.9344051955826769,0.936629862359653
calce_CX2_36,1,0.9999635219573975,1.0,0.9344051955826769,0.936629862359653
calce_CX2_36,1,0.9999635219573975,1.0,0.9344051955826769,0.936629862359653
calce_CX2_36,1,0.9999635219573975,1.0,0.9344051955826769,0.936629862359653
calce_CX2_36,1,0.9999517202377319,1.0,0.9344038673116201,0.9321006855523531
calce_CX2_36,1,0.9999635219573975,1.0,0.9344051955826769,0.936629862359653
calce_CX2_36,1,0.9999635219573975,1.0,0.9344051955826769,0.936629862359653
calce_CX2_36,1,0.9999635219573975,1.0,0.9344051955826769,0.936629862359653
calce_CX2_36,1,0.9999635219573975,1.0,0.9344051955826769,0.936629862359653
calce_CX2_36,1,0.9999635219573975,1.0,0.9344051955826769,0.936629862359653
calce_CX2_36,1,0.9999635219573975,1.0,0.9344051955826769,0.936629862359653
calce_CX2_36,1,0.9999635219573975,1.0,0.9344051955826769,0.936629862359653
calce_CX2_36,1,0.9999483823776245,1.0,0.9344034916344611,0.9309769886420995
calce_CX2_36,1,0.9999635219573975,1.0,0.9344051955826769,0.936629862359653
calce_CX2_36,1,0.9999635219573975,1.0,0.9344051955826769,0.936629862359653
calce_CX2_36,1,0.999964714050293,1.0,0.93440532975008,0.9371476683932654
calce_CX2_36,1,0.999964714050293,1.0,0.93440532975008,0.9371476683932654
calce_CX2_36,1,0.9999635219573975,1.0,0.9344051955826769,0.936629862359653
calce_CX2_36,1,0.9998544454574585,0.9514813224559897,0.9343929181854407,0.911213010273774
calce_CX2_36,1,0.9999635219573975,1.0,0.9344051955826769,0.936629862359653
calce_CX2_36,1,0.9999635219573975,1.0,0.9344051955826769,0.936629862359653
calce_CX2_36,1,0.9999635219573975,1.0,0.9344051955826769,0.936629862359653
calce_CX2_36,1,0.9999635219573975,1.0,0.9344051955826769,0.936629862359653
calce_CX2_36,1,0.9999635219573975,1.0,0.9344051955826769,0.936629862359653
calce_CX2_36,1,0.9999635219573975,1.0,0.9344051955826769,0.936629862359653
calce_CX2_36,1,0.999964714050293,1.0,0.93440532975008,0.9371476683932654
calce_CX2_36,1,0.9999635219573975,1.0,0.9344051955826769,0.936629862359653
calce_CX2_36,1,0.9999635219573975,1.0,0.9344051955826769,0.936629862359653
calce_CX2_36,1,0.9999635219573975,1.0,0.9344051955826769,0.936629862359653
calce_CX2_36,1,0.9999635219573975,1.0,0.9344051955826769,0.936629862359653
calce_CX2_36,1,0.999964714050293,1.0,0.93440532975008,0.9371476683932654
calce_CX2_36,1,0.9999635219573975,1.0,0.9344051955826769,0.936629862359653
calce_CX2_36,1,0.9999635219573975,1.0,0.9344051955826769,0.936629862359653
calce_CX2_36,1,0.9999635219573975,1.0,0.9344051955826769,0.936629862359653
calce_CX2_36,1,0.9999635219573975,1.0,0.9344051955826769,0.936629862359653
calce_CX2_36,1,0.9999626874923706,1.0,0.934405101665343,0.9362750972802876
calce_CX2_36,1,0.9999635219573975,1.0,0.9344051955826769,0.936629862359653
calce_CX2_36,1,0.9999635219573975,1.0,0.9344051955826769,0.936629862359653
calce_CX2_36,1,0.999964714050293,1.0,0.93440532975008,0.9371476683932654
calce_CX2_36,1,0.9999600648880005,1.0,0.9344048064957653,0.9351984992283531
calce_CX2_36,1,0.9999635219573975,1.0,0.9344051955826769,0.936629862359653
calce_CX2_36,1,0.9999635219573975,1.0,0.9344051955826769,0.936629862359653
calce_CX2_36,1,0.9999635219573975,1.0,0.9344051955826769,0.936629862359653
calce_CX2_36,1,0.9999635219573975,1.0,0.9344051955826769,0.936629862359653
calce_CX2_36,1,0.9999635219573975,1.0,0.9344051955826769,0.936629862359653
calce_CX2_36,1,0.9999626874923706,1.0,0.934405101665343,0.9362750972802876
calce_CX2_36,1,0.9999626874923706,1.0,0.934405101665343,0.9362750972802876
calce_CX2_36,1,0.9999626874923706,1.0,0.934405101665343,0.9362750972802876
calce_CX2_36,1,0.9999626874923706,1.0,0.934405101665343,0.9362750972802876
calce_CX2_36,1,0.9999626874923706,1.0,0.934405101665343,0.9362750972802876
calce_CX2_36,1,0.9999626874923706,1.0,0.934405101665343,0.9362750972802876
calce_CX2_36,1,0.9999626874923706,1.0,0.934405101665343,0.9362750972802876
calce_CX2_36,1,0.9999626874923706,1.0,0.934405101665343,0.9362750972802876
calce_CX2_36,1,0.9999626874923706,1.0,0.934405101665343,0.9362750972802876
calce_CX2_36,1,0.9999626874923706,1.0,0.934405101665343,0.9362750972802876
calce_CX2_36,1,0.9999626874923706,1.0,0.934405101665343,0.9362750972802876
calce_CX2_36,1,0.9999626874923706,1.0,0.934405101665343,0.9362750972802876
calce_CX2_36,1,0.9999626874923706,1.0,0.934405101665343,0.9362750972802876
calce_CX2_36,1,0.9999626874923706,1.0,0.934405101665343,0.9362750972802876
calce_CX2_36,1,0.9999626874923706,1.0,0.934405101665343,0.9362750972802876
calce_CX2_36,1,0.9999626874923706,1.0,0.934405101665343,0.9362750972802876
calce_CX2_36,1,0.9999626874923706,1.0,0.934405101665343,0.9362750972802876
calce_CX2_36,1,0.9999635219573975,1.0,0.9344051955826769,0.936629862359653
calce_CX2_36,1,0.9999635219573975,1.0,0.9344051955826769,0.936629862359653
calce_CX2_36,1,0.9999635219573975,1.0,0.9344051955826769,0.936629862359653
calce_CX2_36,1,0.9999635219573975,1.0,0.9344051955826769,0.936629862359653
calce_CX2_36,1,0.9999635219573975,1.0,0.9344051955826769,0.936629862359653
calce_CX2_36,1,0.9999145269393921,0.9514813224559897,0.9343996810816554,0.9219297852755053
calce_CX2_36,1,0.9999635219573975,1.0,0.9344051955826769,0.936629862359653
calce_CX2_36,1,0.999964714050293,1.0,0.93440532975008,0.9371476683932654
calce_CX2_36,1,0.9999635219573975,1.0,0.9344051955826769,0.936629862359653
calce_CX2_36,1,0.9999635219573975,1.0,0.9344051955826769,0.936629862359653
calce_CX2_36,1,0.9999635219573975,1.0,0.9344051955826769,0.936629862359653
calce_CX2_36,1,0.999964714050293,1.0,0.93440532975008,0.9371476683932654
calce_CX2_36,1,0.9999635219573975,1.0,0.9344051955826769,0.936629862359653
calce_CX2_36,1,0.9999635219573975,1.0,0.9344051955826769,0.936629862359653
calce_CX2_36,1,0.9999635219573975,1.0,0.9344051955826769,0.936629862359653
calce_CX2_36,1,0.999964714050293,1.0,0.93440532975008,0.9371476683932654
calce_CX2_36,1,0.9999635219573975,1.0,0.9344051955826769,0.936629862359653
calce_CX2_36,1,0.999964714050293,1.0,0.93440532975008,0.9371476683932654
calce_CX2_36,1,0.9999635219573975,1.0,0.9344051955826769,0.936629862359653
calce_CX2_36,1,0.9999635219573975,1.0,0.9344051955826769,0.936629862359653
calce_CX2_36,1,0.999964714050293,1.0,0.93440532975008,0.9371476683932654
calce_CX2_36,1,0.9999638795852661,1.0,0.9344052358329246,0.9367838192553162
calce_CX2_36,1,0.9999638795852661,1.0,0.9344052358329246,0.9367838192553162
calce_CX2_36,1,0.9999626874923706,1.0,0.934405101665343,0.9362750972802876
calce_CX2_36,1,0.9999626874923706,1.0,0.934405101665343,0.9362750972802876
calce_CX2_36,1,0.9999626874923706,1.0,0.934405101665343,0.9362750972802876
calce_CX2_36,1,0.9999638795852661,1.0,0.9344052358329246,0.9367838192553162
calce_CX2_36,1,0.9999626874923706,1.0,0.934405101665343,0.9362750972802876
calce_CX2_36,1,0.9999638795852661,1.0,0.9344052358329246,0.9367838192553162
calce_CX2_36,1,0.9999626874923706,1.0,0.934405101665343,0.9362750972802876
calce_CX2_36,1,0.9999626874923706,1.0,0.934405101665343,0.9362750972802876
calce_CX2_36,1,0.9999626874923706,1.0,0.934405101665343,0.9362750972802876
calce_CX2_36,1,0.9999338388442993,1.0,0.9344018547320636,0.9266522311297459
calce_CX2_36,1,0.9999626874923706,1.0,0.934405101665343,0.9362750972802876
calce_CX2_36,1,0.9999626874923706,1.0,0.934405101665343,0.9362750972802876
calce_CX2_36,1,0.9999635219573975,1.0,0.9344051955826769,0.936629862359653
calce_CX2_36,1,0.9999626874923706,1.0,0.934405101665343,0.9362750972802876
calce_CX2_36,1,0.9999635219573975,1.0,0.9344051955826769,0.936629862359653
calce_CX2_36,1,0.9999626874923706,1.0,0.934405101665343,0.9362750972802876
calce_CX2_36,1,0.9999626874923706,1.0,0.934405101665343,0.9362750972802876
calce_CX2_36,1,0.9999626874923706,1.0,0.934405101665343,0.9362750972802876
calce_CX2_36,1,0.9999626874923706,1.0,0.934405101665343,0.9362750972802876
calce_CX2_36,1,0.9999626874923706,1.0,0.934405101665343,0.9362750972802876
calce_CX2_36,1,0.9999635219573975,1.0,0.9344051955826769,0.936629862359653
calce_CX2_36,1,0.9999626874923706,1.0,0.934405101665343,0.9362750972802876
calce_CX2_36,1,0.9999626874923706,1.0,0.934405101665343,0.9362750972802876
calce_CX2_36,1,0.9999635219573975,1.0,0.9344051955826769,0.936629862359653
calce_CX2_36,1,0.9999635219573975,1.0,0.9344051955826769,0.936629862359653
calce_CX2_36,1,0.9999626874923706,1.0,0.934405101665343,0.9362750972802876
calce_CX2_36,1,0.9999626874923706,1.0,0.934405101665343,0.9362750972802876
calce_CX2_36,1,0.9999626874923706,1.0,0.934405101665343,0.9362750972802876
calce_CX2_36,1,0.9999626874923706,1.0,0.934405101665343,0.9362750972802876
calce_CX2_36,1,0.9999635219573975,1.0,0.9344051955826769,0.936629862359653
calce_CX2_36,1,0.9998544454574585,0.9514813224559897,0.9343929181854407,0.911213010273774
calce_CX2_36,1,0.9999626874923706,1.0,0.934405101665343,0.9362750972802876
calce_CX2_36,1,0.9999635219573975,1.0,0.9344051955826769,0.936629862359653
calce_CX2_36,1,0.9999635219573975,1.0,0.9344051955826769,0.936629862359653
calce_CX2_36,1,0.9999635219573975,1.0,0.9344051955826769,0.936629862359653
calce_CX2_36,1,0.9999626874923706,1.0,0.934405101665343,0.9362750972802876
calce_CX2_36,1,0.9999626874923706,1.0,0.934405101665343,0.9362750972802876
calce_CX2_36,1,0.9999626874923706,1.0,0.934405101665343,0.9362750972802876
calce_CX2_36,1,0.9999635219573975,1.0,0.9344051955826769,0.936629862359653
calce_CX2_36,1,0.9998544454574585,0.9514813224559897,0.9343929181854407,0.911213010273774
calce_CX2_36,1,0.9999635219573975,1.0,0.9344051955826769,0.936629862359653
calce_CX2_36,1,0.9999635219573975,1.0,0.9344051955826769,0.936629862359653
calce_CX2_36,1,0.9999635219573975,1.0,0.9344051955826769,0.936629862359653
calce_CX2_36,1,0.9999635219573975,1.0,0.9344051955826769,0.936629862359653
calce_CX2_36,1,0.9999635219573975,1.0,0.9344051955826769,0.936629862359653
calce_CX2_36,1,0.9999635219573975,1.0,0.9344051955826769,0.936629862359653
calce_CX2_36,1,0.9999635219573975,1.0,0.9344051955826769,0.936629862359653
calce_CX2_36,1,0.9999626874923706,1.0,0.934405101665343,0.9362750972802876
calce_CX2_36,1,0.9999635219573975,1.0,0.9344051955826769,0.936629862359653
calce_CX2_36,1,0.9999635219573975,1.0,0.9344051955826769,0.936629862359653
calce_CX2_36,1,0.9999635219573975,1.0,0.9344051955826769,0.936629862359653
calce_CX2_36,1,0.9999289512634277,1.0,0.9344013046169934,0.9253650978615291
calce_CX2_36,1,0.9999635219573975,1.0,0.9344051955826769,0.936629862359653
calce_CX2_36,1,0.9999635219573975,1.0,0.9344051955826769,0.936629862359653
calce_CX2_36,1,0.9999598264694214,1.0,0.934404779662106,0.9351033554382638
calce_CX2_36,1,0.9999626874923706,1.0,0.934405101665343,0.9362750972802876
calce_CX2_36,1,0.9999635219573975,1.0,0.9344051955826769,0.936629862359653
calce_CX2_36,1,0.9999635219573975,1.0,0.9344051955826769,0.936629862359653
calce_CX2_36,1,0.9999635219573975,1.0,0.9344051955826769,0.936629862359653
calce_CX2_36,1,0.9999626874923706,1.0,0.934405101665343,0.9362750972802876
calce_CX2_36,1,0.9999635219573975,1.0,0.9344051955826769,0.936629862359653
calce_CX2_36,1,0.9999635219573975,1.0,0.9344051955826769,0.936629862359653
calce_CX2_36,1,0.9999635219573975,1.0,0.9344051955826769,0.936629862359653
calce_CX2_36,1,0.9999635219573975,1.0,0.9344051955826769,0.936629862359653
calce_CX2_36,1,0.9999635219573975,1.0,0.9344051955826769,0.936629862359653
calce_CX2_36,1,0.9999635219573975,1.0,0.9344051955826769,0.936629862359653
calce_CX2_36,1,0.9999626874923706,1.0,0.934405101665343,0.9362750972802876
calce_CX2_36,1,0.9999635219573975,1.0,0.9344051955826769,0.936629862359653
calce_CX2_36,1,0.9999635219573975,1.0,0.9344051955826769,0.936629862359653
calce_CX2_36,1,0.9999626874923706,1.0,0.934405101665343,0.9362750972802876
calce_CX2_36,1,0.9999635219573975,1.0,0.9344051955826769,0.936629862359653
calce_CX2_36,1,0.9998544454574585,0.9514813224559897,0.9343929181854407,0.911213010273774
calce_CX2_36,1,0.9999635219573975,1.0,0.9344051955826769,0.936629862359653
calce_CX2_36,1,0.9999638795852661,1.0,0.9344052358329246,0.9367838192553162
calce_CX2_36,1,0.9999635219573975,1.0,0.9344051955826769,0.936629862359653
calce_CX2_36,1,0.999964714050293,1.0,0.93440532975008,0.9371476683932654
calce_CX2_36,1,0.9999635219573975,1.0,0.9344051955826769,0.936629862359653
calce_CX2_36,1,0.9999289512634277,1.0,0.9344013046169934,0.9253650978615291
calce_CX2_36,1,0.9999635219573975,1.0,0.9344051955826769,0.936629862359653
calce_CX2_36,1,0.9999626874923706,1.0,0.934405101665343,0.9362750972802876
calce_CX2_36,1,0.9999626874923706,1.0,0.934405101665343,0.9362750972802876
calce_CX2_36,1,0.9999626874923706,1.0,0.934405101665343,0.9362750972802876
calce_CX2_36,1,0.9999626874923706,1.0,0.934405101665343,0.9362750972802876
calce_CX2_36,1,0.9999638795852661,1.0,0.9344052358329246,0.9367838192553162
calce_CX2_36,1,0.9999635219573975,1.0,0.9344051955826769,0.936629862359653
calce_CX2_36,1,0.9999635219573975,1.0,0.9344051955826769,0.936629862359653
calce_CX2_36,1,0.9999635219573975,1.0,0.9344051955826769,0.936629862359653
calce_CX2_36,1,0.9999635219573975,1.0,0.9344051955826769,0.936629862359653
calce_CX2_36,1,0.9999289512634277,1.0,0.9344013046169934,0.9253650978615291
calce_CX2_36,1,0.9999635219573975,1.0,0.9344051955826769,0.936629862359653
calce_CX2_36,1,0.9999635219573975,1.0,0.9344051955826769,0.936629862359653
calce_CX2_36,1,0.9999635219573975,1.0,0.9344051955826769,0.936629862359653
calce_CX2_36,1,0.9999635219573975,1.0,0.9344051955826769,0.936629862359653
calce_CX2_36,1,0.9999635219573975,1.0,0.9344051955826769,0.936629862359653
calce_CX2_36,1,0.9999635219573975,1.0,0.9344051955826769,0.936629862359653
calce_CX2_36,1,0.9999635219573975,1.0,0.9344051955826769,0.936629862359653
calce_CX2_36,1,0.9999635219573975,1.0,0.9344051955826769,0.936629862359653
calce_CX2_36,1,0.9999635219573975,1.0,0.9344051955826769,0.936629862359653
calce_CX2_36,1,0.9999635219573975,1.0,0.9344051955826769,0.936629862359653
calce_CX2_36,1,0.9999635219573975,1.0,0.9344051955826769,0.936629862359653
calce_CX2_36,1,0.9999635219573975,1.0,0.9344051955826769,0.936629862359653
calce_CX2_36,1,0.9999635219573975,1.0,0.9344051955826769,0.936629862359653
calce_CX2_36,1,0.9999626874923706,1.0,0.934405101665343,0.9362750972802876
calce_CX2_36,1,0.9999635219573975,1.0,0.9344051955826769,0.936629862359653
calce_CX2_36,1,0.9999635219573975,1.0,0.9344051955826769,0.936629862359653
calce_CX2_36,1,0.9999635219573975,1.0,0.9344051955826769,0.936629862359653
calce_CX2_36,1,0.9999635219573975,1.0,0.9344051955826769,0.936629862359653
calce_CX2_36,1,0.9999635219573975,1.0,0.9344051955826769,0.936629862359653
calce_CX2_36,1,0.9999635219573975,1.0,0.9344051955826769,0.936629862359653
calce_CX2_36,1,0.9998544454574585,0.9514813224559897,0.9343929181854407,0.911213010273774
calce_CX2_36,1,0.9999638795852661,1.0,0.9344052358329246,0.9367838192553162
calce_CX2_36,1,0.9999635219573975,1.0,0.9344051955826769,0.936629862359653
calce_CX2_36,1,0.9999626874923706,1.0,0.934405101665343,0.9362750972802876
calce_CX2_36,1,0.9999635219573975,1.0,0.9344051955826769,0.936629862359653
calce_CX2_36,1,0.9999635219573975,1.0,0.9344051955826769,0.936629862359653
calce_CX2_36,1,0.9999635219573975,1.0,0.9344051955826769,0.936629862359653
calce_CX2_36,1,0.9999626874923706,1.0,0.934405101665343,0.9362750972802876
calce_CX2_36,1,0.9999635219573975,1.0,0.9344051955826769,0.936629862359653
calce_CX2_36,1,0.999964714050293,1.0,0.93440532975008,0.9371476683932654
calce_CX2_36,1,0.9999635219573975,1.0,0.9344051955826769,0.936629862359653
calce_CX2_36,1,0.9999635219573975,1.0,0.9344051955826769,0.936629862359653
calce_CX2_36,1,0.9999626874923706,1.0,0.934405101665343,0.9362750972802876
calce_CX2_36,1,0.9999635219573975,1.0,0.9344051955826769,0.936629862359653
calce_CX2_36,1,0.9999626874923706,1.0,0.934405101665343,0.9362750972802876
calce_CX2_36,1,0.9999635219573975,1.0,0.9344051955826769,0.936629862359653
calce_CX2_36,1,0.9999626874923706,1.0,0.934405101665343,0.9362750972802876
calce_CX2_36,1,0.9999626874923706,1.0,0.934405101665343,0.9362750972802876
calce_CX2_36,1,0.9999626874923706,1.0,0.934405101665343,0.9362750972802876
calce_CX2_36,1,0.9999635219573975,1.0,0.9344051955826769,0.936629862359653
calce_CX2_36,1,0.9999626874923706,1.0,0.934405101665343,0.9362750972802876
calce_CX2_36,1,0.9999626874923706,1.0,0.934405101665343,0.9362750972802876
calce_CX2_36,1,0.9999626874923706,1.0,0.934405101665343,0.9362750972802876
calce_CX2_36,1,0.9999626874923706,1.0,0.934405101665343,0.9362750972802876
calce_CX2_36,1,0.9999635219573975,1.0,0.9344051955826769,0.936629862359653
calce_CX2_36,1,0.9999483823776245,1.0,0.9344034916344611,0.9309769886420995
calce_CX2_36,1,0.9999635219573975,1.0,0.9344051955826769,0.936629862359653
calce_CX2_36,1,0.9999483823776245,1.0,0.9344034916344611,0.9309769886420995
calce_CX2_36,1,0.9999635219573975,1.0,0.9344051955826769,0.936629862359653
calce_CX2_36,1,0.9999635219573975,1.0,0.9344051955826769,0.936629862359653
calce_CX2_36,1,0.9999635219573975,1.0,0.9344051955826769,0.936629862359653
calce_CX2_36,1,0.9999635219573975,1.0,0.9344051955826769,0.936629862359653
calce_CX2_36,1,0.999964714050293,1.0,0.93440532975008,0.9371476683932654
calce_CX2_36,1,0.999964714050293,1.0,0.93440532975008,0.9371476683932654
calce_CX2_36,1,0.999901294708252,0.9514813224559897,0.9343981916899348,0.919154946765048
calce_CX2_36,1,0.9999635219573975,1.0,0.9344051955826769,0.936629862359653
calce_CX2_36,1,0.9999635219573975,1.0,0.9344051955826769,0.936629862359653
calce_CX2_36,1,0.9999635219573975,1.0,0.9344051955826769,0.936629862359653
calce_CX2_36,1,0.9999635219573975,1.0,0.9344051955826769,0.936629862359653
calce_CX2_36,1,0.9999635219573975,1.0,0.9344051955826769,0.936629862359653
calce_CX2_36,1,0.9999635219573975,1.0,0.9344051955826769,0.936629862359653
calce_CX2_36,1,0.9999635219573975,1.0,0.9344051955826769,0.936629862359653
calce_CX2_36,1,0.9999635219573975,1.0,0.9344051955826769,0.936629862359653
calce_CX2_36,1,0.9999626874923706,1.0,0.934405101665343,0.9362750972802876
calce_CX2_36,1,0.9999635219573975,1.0,0.9344051955826769,0.936629862359653
calce_CX2_36,1,0.9999635219573975,1.0,0.9344051955826769,0.936629862359653
calce_CX2_36,1,0.9999289512634277,1.0,0.9344013046169934,0.9253650978615291
calce_CX2_36,1,0.9999635219573975,1.0,0.9344051955826769,0.936629862359653
calce_CX2_36,1,0.999964714050293,1.0,0.93440532975008,0.9371476683932654
calce_CX2_36,1,0.9999635219573975,1.0,0.9344051955826769,0.936629862359653
calce_CX2_36,1,0.9999635219573975,1.0,0.9344051955826769,0.936629862359653
calce_CX2_36,1,0.9999635219573975,1.0,0.9344051955826769,0.936629862359653
calce_CX2_36,1,0.9999635219573975,1.0,0.9344051955826769,0.936629862359653
calce_CX2_36,1,0.9999635219573975,1.0,0.9344051955826769,0.936629862359653
calce_CX2_36,1,0.9999635219573975,1.0,0.9344051955826769,0.936629862359653
calce_CX2_36,1,0.9999600648880005,1.0,0.9344048064957653,0.9351984992283531
calce_CX2_36,1,0.9998544454574585,0.9514813224559897,0.9343929181854407,0.911213010273774
calce_CX2_36,1,0.9999626874923706,1.0,0.934405101665343,0.9362750972802876
calce_CX2_36,1,0.9999635219573975,1.0,0.9344051955826769,0.936629862359653
calce_CX2_36,1,0.9999635219573975,1.0,0.9344051955826769,0.936629862359653
calce_CX2_36,1,0.999964714050293,1.0,0.93440532975008,0.9371476683932654
calce_CX2_36,1,0.9999635219573975,1.0,0.9344051955826769,0.936629862359653
calce_CX2_36,1,0.9999635219573975,1.0,0.9344051955826769,0.936629862359653
calce_CX2_36,1,0.9999635219573975,1.0,0.9344051955826769,0.936629862359653
calce_CX2_36,1,0.9999635219573975,1.0,0.9344051955826769,0.936629862359653
calce_CX2_36,1,0.9999635219573975,1.0,0.9344051955826769,0.936629862359653
calce_CX2_36,1,0.9999638795852661,1.0,0.9344052358329246,0.9367838192553162
calce_CX2_36,1,0.9999626874923706,1.0,0.934405101665343,0.9362750972802876
calce_CX2_36,1,0.9999626874923706,1.0,0.934405101665343,0.9362750972802876
calce_CX2_36,1,0.9999626874923706,1.0,0.934405101665343,0.9362750972802876
calce_CX2_36,1,0.9999638795852661,1.0,0.9344052358329246,0.9367838192553162
calce_CX2_36,1,0.9999626874923706,1.0,0.934405101665343,0.9362750972802876
calce_CX2_36,1,0.9999626874923706,1.0,0.934405101665343,0.9362750972802876
calce_CX2_36,1,0.9999626874923706,1.0,0.934405101665343,0.9362750972802876
calce_CX2_36,1,0.9999626874923706,1.0,0.934405101665343,0.9362750972802876
calce_CX2_36,1,0.9999635219573975,1.0,0.9344051955826769,0.936629862359653
calce_CX2_36,1,0.9999635219573975,1.0,0.9344051955826769,0.936629862359653
calce_CX2_36,1,0.999964714050293,1.0,0.93440532975008,0.9371476683932654
calce_CX2_36,1,0.9999635219573975,1.0,0.9344051955826769,0.936629862359653
calce_CX2_36,1,0.9999635219573975,1.0,0.9344051955826769,0.936629862359653
calce_CX2_36,1,0.9999635219573975,1.0,0.9344051955826769,0.936629862359653
calce_CX2_36,1,0.9999635219573975,1.0,0.9344051955826769,0.936629862359653
calce_CX2_36,1,0.9999638795852661,1.0,0.9344052358329246,0.9367838192553162
calce_CX2_36,1,0.9999635219573975,1.0,0.9344051955826769,0.936629862359653
calce_CX2_36,1,0.9999635219573975,1.0,0.9344051955826769,0.936629862359653
calce_CX2_36,1,0.9999635219573975,1.0,0.9344051955826769,0.936629862359653
calce_CX2_36,1,0.9999635219573975,1.0,0.9344051955826769,0.936629862359653
calce_CX2_36,1,0.9999626874923706,1.0,0.934405101665343,0.9362750972802876
calce_CX2_36,1,0.9999635219573975,1.0,0.9344051955826769,0.936629862359653
calce_CX2_36,1,0.9999626874923706,1.0,0.934405101665343,0.9362750972802876
calce_CX2_36,1,0.9999626874923706,1.0,0.934405101665343,0.9362750972802876
calce_CX2_36,1,0.9999626874923706,1.0,0.934405101665343,0.9362750972802876
calce_CX2_36,1,0.9999635219573975,1.0,0.9344051955826769,0.936629862359653
calce_CX2_36,1,0.9999626874923706,1.0,0.934405101665343,0.9362750972802876
calce_CX2_36,1,0.9999635219573975,1.0,0.9344051955826769,0.936629862359653
calce_CX2_36,1,0.9999635219573975,1.0,0.9344051955826769,0.936629862359653
calce_CX2_36,1,0.9999626874923706,1.0,0.934405101665343,0.9362750972802876
calce_CX2_36,1,0.9999626874923706,1.0,0.934405101665343,0.9362750972802876
calce_CX2_36,1,0.9999626874923706,1.0,0.934405101665343,0.9362750972802876
calce_CX2_36,1,0.9999635219573975,1.0,0.9344051955826769,0.936629862359653
calce_CX2_36,1,0.9999638795852661,1.0,0.9344052358329246,0.9367838192553162
calce_CX2_36,1,0.9999626874923706,1.0,0.934405101665343,0.9362750972802876
calce_CX2_36,1,0.9999626874923706,1.0,0.934405101665343,0.9362750972802876
calce_CX2_36,1,0.9999635219573975,1.0,0.9344051955826769,0.936629862359653
calce_CX2_36,1,0.9999626874923706,1.0,0.934405101665343,0.9362750972802876
calce_CX2_36,1,0.9999635219573975,1.0,0.9344051955826769,0.936629862359653
calce_CX2_36,1,0.9999626874923706,1.0,0.934405101665343,0.9362750972802876
calce_CX2_36,1,0.9999635219573975,1.0,0.9344051955826769,0.936629862359653
calce_CX2_36,1,0.9999635219573975,1.0,0.9344051955826769,0.936629862359653
calce_CX2_36,1,0.9999635219573975,1.0,0.9344051955826769,0.936629862359653
calce_CX2_36,1,0.9999626874923706,1.0,0.934405101665343,0.9362750972802876
calce_CX2_36,1,0.9999635219573975,1.0,0.9344051955826769,0.936629862359653
calce_CX2_36,1,0.9999635219573975,1.0,0.9344051955826769,0.936629862359653
calce_CX2_36,1,0.9999626874923706,1.0,0.934405101665343,0.9362750972802876
calce_CX2_36,1,0.9999626874923706,1.0,0.934405101665343,0.9362750972802876
calce_CX2_36,1,0.9998544454574585,0.9514813224559897,0.9343929181854407,0.911213010273774
calce_CX2_36,1,0.9999626874923706,1.0,0.934405101665343,0.9362750972802876
calce_CX2_36,1,0.9999635219573975,1.0,0.9344051955826769,0.936629862359653
calce_CX2_36,1,0.9999626874923706,1.0,0.934405101665343,0.9362750972802876
calce_CX2_36,1,0.9999635219573975,1.0,0.9344051955826769,0.936629862359653
calce_CX2_36,1,0.9999635219573975,1.0,0.9344051955826769,0.936629862359653
calce_CX2_36,1,0.9998544454574585,0.9514813224559897,0.9343929181854407,0.911213010273774
calce_CX2_36,1,0.9999626874923706,1.0,0.934405101665343,0.9362750972802876
calce_CX2_36,1,0.9998544454574585,0.9514813224559897,0.9343929181854407,0.911213010273774
calce_CX2_36,1,0.9999626874923706,1.0,0.934405101665343,0.9362750972802876
calce_CX2_36,1,0.9999626874923706,1.0,0.934405101665343,0.9362750972802876
calce_CX2_36,1,0.9999635219573975,1.0,0.9344051955826769,0.936629862359653
calce_CX2_36,1,0.9999626874923706,1.0,0.934405101665343,0.9362750972802876
calce_CX2_36,1,0.9999626874923706,1.0,0.934405101665343,0.9362750972802876
calce_CX2_36,1,0.9999635219573975,1.0,0.9344051955826769,0.936629862359653
calce_CX2_36,1,0.9999626874923706,1.0,0.934405101665343,0.9362750972802876
calce_CX2_36,1,0.9999635219573975,1.0,0.9344051955826769,0.936629862359653
calce_CX2_36,1,0.9999626874923706,1.0,0.934405101665343,0.9362750972802876
calce_CX2_36,1,0.9999635219573975,1.0,0.9344051955826769,0.936629862359653
calce_CX2_36,1,0.9999635219573975,1.0,0.9344051955826769,0.936629862359653
calce_CX2_36,1,0.9999600648880005,1.0,0.9344048064957653,0.9351984992283531
calce_CX2_36,1,0.9999635219573975,1.0,0.9344051955826769,0.936629862359653
calce_CX2_36,1,0.9999626874923706,1.0,0.934405101665343,0.9362750972802876
calce_CX2_36,1,0.9999626874923706,1.0,0.934405101665343,0.9362750972802876
calce_CX2_36,1,0.9999626874923706,1.0,0.934405101665343,0.9362750972802876
calce_CX2_36,1,0.9999626874923706,1.0,0.934405101665343,0.9362750972802876
calce_CX2_36,1,0.9998544454574585,0.9514813224559897,0.9343929181854407,0.911213010273774
calce_CX2_36,1,0.9999635219573975,1.0,0.9344051955826769,0.936629862359653
calce_CX2_36,1,0.9999626874923706,1.0,0.934405101665343,0.9362750972802876
calce_CX2_36,1,0.999964714050293,1.0,0.93440532975008,0.9371476683932654
calce_CX2_36,1,0.9999626874923706,1.0,0.934405101665343,0.9362750972802876
calce_CX2_36,1,0.9999635219573975,1.0,0.9344051955826769,0.936629862359653
calce_CX2_36,1,0.9999638795852661,1.0,0.9344052358329246,0.9367838192553162
calce_CX2_36,1,0.9999635219573975,1.0,0.9344051955826769,0.936629862359653
calce_CX2_36,1,0.9999626874923706,1.0,0.934405101665343,0.9362750972802876
calce_CX2_36,1,0.9999635219573975,1.0,0.9344051955826769,0.936629862359653
calce_CX2_36,1,0.9999626874923706,1.0,0.934405101665343,0.9362750972802876
calce_CX2_36,1,0.9999626874923706,1.0,0.934405101665343,0.9362750972802876
calce_CX2_36,1,0.9999626874923706,1.0,0.934405101665343,0.9362750972802876
calce_CX2_36,1,0.9999638795852661,1.0,0.9344052358329246,0.9367838192553162
calce_CX2_36,1,0.9999626874923706,1.0,0.934405101665343,0.9362750972802876
calce_CX2_36,1,0.9999638795852661,1.0,0.9344052358329246,0.9367838192553162
calce_CX2_36,1,0.9999626874923706,1.0,0.934405101665343,0.9362750972802876
calce_CX2_36,1,0.9999626874923706,1.0,0.934405101665343,0.9362750972802876
calce_CX2_36,1,0.9999626874923706,1.0,0.934405101665343,0.9362750972802876
calce_CX2_36,1,0.9999626874923706,1.0,0.934405101665343,0.9362750972802876
calce_CX2_36,1,0.9999635219573975,1.0,0.9344051955826769,0.936629862359653
calce_CX2_36,1,0.9999635219573975,1.0,0.9344051955826769,0.936629862359653
calce_CX2_36,1,0.9999626874923706,1.0,0.934405101665343,0.9362750972802876
calce_CX2_36,1,0.9999626874923706,1.0,0.934405101665343,0.9362750972802876
calce_CX2_36,1,0.9999626874923706,1.0,0.934405101665343,0.9362750972802876
calce_CX2_36,1,0.9999638795852661,1.0,0.9344052358329246,0.9367838192553162
calce_CX2_36,1,0.9999626874923706,1.0,0.934405101665343,0.9362750972802876
calce_CX2_36,1,0.9999626874923706,1.0,0.934405101665343,0.9362750972802876
calce_CX2_36,1,0.9999635219573975,1.0,0.9344051955826769,0.936629862359653
calce_CX2_36,1,0.9999626874923706,1.0,0.934405101665343,0.9362750972802876
calce_CX2_36,1,0.9999635219573975,1.0,0.9344051955826769,0.936629862359653
calce_CX2_36,1,0.9999626874923706,1.0,0.934405101665343,0.9362750972802876
calce_CX2_36,1,0.9999626874923706,1.0,0.934405101665343,0.9362750972802876
calce_CX2_36,1,0.9999600648880005,1.0,0.9344048064957653,0.9351984992283531
calce_CX2_36,1,0.9999638795852661,1.0,0.9344052358329246,0.9367838192553162
calce_CX2_36,1,0.9999626874923706,1.0,0.934405101665343,0.9362750972802876
calce_CX2_36,1,0.9999626874923706,1.0,0.934405101665343,0.9362750972802876
calce_CX2_36,1,0.9999626874923706,1.0,0.934405101665343,0.9362750972802876
calce_CX2_36,1,0.9999626874923706,1.0,0.934405101665343,0.9362750972802876
calce_CX2_36,1,0.9999626874923706,1.0,0.934405101665343,0.9362750972802876
calce_CX2_36,1,0.9999626874923706,1.0,0.934405101665343,0.9362750972802876
calce_CX2_36,1,0.9999626874923706,1.0,0.934405101665343,0.9362750972802876
calce_CX2_36,1,0.9999626874923706,1.0,0.934405101665343,0.9362750972802876
calce_CX2_36,1,0.9999635219573975,1.0,0.9344051955826769,0.936629862359653
calce_CX2_36,1,0.9999600648880005,1.0,0.9344048064957653,0.9351984992283531
calce_CX2_36,1,0.9998544454574585,0.9514813224559897,0.9343929181854407,0.911213010273774
calce_CX2_36,1,0.999964714050293,1.0,0.93440532975008,0.9371476683932654
calce_CX2_36,1,0.9999635219573975,1.0,0.9344051955826769,0.936629862359653
calce_CX2_36,1,0.9999635219573975,1.0,0.9344051955826769,0.936629862359653
calce_CX2_36,1,0.9999626874923706,1.0,0.934405101665343,0.9362750972802876
calce_CX2_36,1,0.9999626874923706,1.0,0.934405101665343,0.9362750972802876
calce_CX2_36,1,0.9999635219573975,1.0,0.9344051955826769,0.936629862359653
calce_CX2_36,1,0.9999626874923706,1.0,0.934405101665343,0.9362750972802876
calce_CX2_36,1,0.9999517202377319,1.0,0.9344038673116201,0.9321006855523531
calce_CX2_36,1,0.9999635219573975,1.0,0.9344051955826769,0.936629862359653
calce_CX2_36,1,0.9999600648880005,1.0,0.9344048064957653,0.9351984992283531
calce_CX2_36,1,0.9999635219573975,1.0,0.9344051955826769,0.936629862359653
calce_CX2_36,1,0.9999635219573975,1.0,0.9344051955826769,0.936629862359653
calce_CX2_36,1,0.9999635219573975,1.0,0.9344051955826769,0.936629862359653
calce_CX2_36,1,0.9999635219573975,1.0,0.9344051955826769,0.936629862359653
calce_CX2_36,1,0.9999600648880005,1.0,0.9344048064957653,0.9351984992283531
calce_CX2_36,1,0.9999635219573975,1.0,0.9344051955826769,0.936629862359653
calce_CX2_36,1,0.9999635219573975,1.0,0.9344051955826769,0.936629862359653
calce_CX2_36,1,0.9999635219573975,1.0,0.9344051955826769,0.936629862359653
calce_CX2_36,1,0.9999635219573975,1.0,0.9344051955826769,0.936629862359653
calce_CX2_36,1,0.9999635219573975,1.0,0.9344051955826769,0.936629862359653
calce_CX2_36,1,0.9999635219573975,1.0,0.9344051955826769,0.936629862359653
calce_CX2_36,1,0.9999635219573975,1.0,0.9344051955826769,0.936629862359653
calce_CX2_36,1,0.9999635219573975,1.0,0.9344051955826769,0.936629862359653
calce_CX2_36,1,0.9999635219573975,1.0,0.9344051955826769,0.936629862359653
calce_CX2_36,1,0.9999635219573975,1.0,0.9344051955826769,0.936629862359653
calce_CX2_36,1,0.9999635219573975,1.0,0.9344051955826769,0.936629862359653
calce_CX2_36,1,0.9999626874923706,1.0,0.934405101665343,0.9362750972802876
calce_CX2_36,1,0.9999626874923706,1.0,0.934405101665343,0.9362750972802876
calce_CX2_36,1,0.9999626874923706,1.0,0.934405101665343,0.9362750972802876
calce_CX2_36,1,0.9999626874923706,1.0,0.934405101665343,0.9362750972802876
calce_CX2_36,1,0.9999289512634277,1.0,0.9344013046169934,0.9253650978615291
calce_CX2_36,1,0.9999635219573975,1.0,0.9344051955826769,0.936629862359653
calce_CX2_36,1,0.9999626874923706,1.0,0.934405101665343,0.9362750972802876
calce_CX2_36,1,0.9999626874923706,1.0,0.934405101665343,0.9362750972802876
calce_CX2_36,1,0.9999626874923706,1.0,0.934405101665343,0.9362750972802876
calce_CX2_36,1,0.9999626874923706,1.0,0.934405101665343,0.9362750972802876
calce_CX2_36,1,0.9999626874923706,1.0,0.934405101665343,0.9362750972802876
calce_CX2_36,1,0.9999626874923706,1.0,0.934405101665343,0.9362750972802876
calce_CX2_36,1,0.9999626874923706,1.0,0.934405101665343,0.9362750972802876
calce_CX2_36,1,0.9999638795852661,1.0,0.9344052358329246,0.9367838192553162
calce_CX2_36,1,0.9999626874923706,1.0,0.934405101665343,0.9362750972802876
calce_CX2_36,1,0.9999289512634277,1.0,0.9344013046169934,0.9253650978615291
calce_CX2_36,1,0.9999626874923706,1.0,0.934405101665343,0.9362750972802876
calce_CX2_36,1,0.9999635219573975,1.0,0.9344051955826769,0.936629862359653
calce_CX2_36,1,0.9999626874923706,1.0,0.934405101665343,0.9362750972802876
calce_CX2_36,1,0.9999626874923706,1.0,0.934405101665343,0.9362750972802876
calce_CX2_36,1,0.9999626874923706,1.0,0.934405101665343,0.9362750972802876
calce_CX2_36,1,0.9999635219573975,1.0,0.9344051955826769,0.936629862359653
calce_CX2_36,1,0.9999635219573975,1.0,0.9344051955826769,0.936629862359653
calce_CX2_36,1,0.9999626874923706,1.0,0.934405101665343,0.9362750972802876
calce_CX2_36,1,0.9999635219573975,1.0,0.9344051955826769,0.936629862359653
calce_CX2_36,1,0.9999626874923706,1.0,0.934405101665343,0.9362750972802876
calce_CX2_36,1,0.9999635219573975,1.0,0.9344051955826769,0.936629862359653
calce_CX2_36,1,0.9999635219573975,1.0,0.9344051955826769,0.936629862359653
calce_CX2_36,1,0.9999626874923706,1.0,0.934405101665343,0.9362750972802876
calce_CX2_36,1,0.9999626874923706,1.0,0.934405101665343,0.9362750972802876
calce_CX2_36,1,0.9999626874923706,1.0,0.934405101665343,0.9362750972802876
calce_CX2_36,1,0.9999626874923706,1.0,0.934405101665343,0.9362750972802876
calce_CX2_36,1,0.9999626874923706,1.0,0.934405101665343,0.9362750972802876
calce_CX2_36,1,0.9999626874923706,1.0,0.934405101665343,0.9362750972802876
calce_CX2_36,1,0.9999626874923706,1.0,0.934405101665343,0.9362750972802876
calce_CX2_36,1,0.9999626874923706,1.0,0.934405101665343,0.9362750972802876
calce_CX2_36,1,0.9999626874923706,1.0,0.934405101665343,0.9362750972802876
calce_CX2_36,1,0.9999626874923706,1.0,0.934405101665343,0.9362750972802876
calce_CX2_36,1,0.9999626874923706,1.0,0.934405101665343,0.9362750972802876
calce_CX2_36,1,0.9999626874923706,1.0,0.934405101665343,0.9362750972802876
calce_CX2_36,1,0.9999626874923706,1.0,0.934405101665343,0.9362750972802876
calce_CX2_36,1,0.9999626874923706,1.0,0.934405101665343,0.9362750972802876
calce_CX2_36,1,0.9999626874923706,1.0,0.934405101665343,0.9362750972802876
calce_CX2_36,1,0.9999626874923706,1.0,0.934405101665343,0.9362750972802876
calce_CX2_36,1,0.9999626874923706,1.0,0.934405101665343,0.9362750972802876
calce_CX2_36,1,0.9999626874923706,1.0,0.934405101665343,0.9362750972802876
calce_CX2_36,1,0.9999626874923706,1.0,0.934405101665343,0.9362750972802876
calce_CX2_36,1,0.9999626874923706,1.0,0.934405101665343,0.9362750972802876
calce_CX2_36,1,0.9999626874923706,1.0,0.934405101665343,0.9362750972802876
calce_CX2_36,1,0.9999626874923706,1.0,0.934405101665343,0.9362750972802876
calce_CX2_36,1,0.9999626874923706,1.0,0.934405101665343,0.9362750972802876
calce_CX2_36,1,0.9999626874923706,1.0,0.934405101665343,0.9362750972802876
calce_CX2_36,1,0.9999626874923706,1.0,0.934405101665343,0.9362750972802876
calce_CX2_36,1,0.9999626874923706,1.0,0.934405101665343,0.9362750972802876
calce_CX2_36,1,0.9999626874923706,1.0,0.934405101665343,0.9362750972802876
calce_CX2_36,1,0.9999635219573975,1.0,0.9344051955826769,0.936629862359653
calce_CX2_36,1,0.9999626874923706,1.0,0.934405101665343,0.9362750972802876
calce_CX2_36,1,0.9999626874923706,1.0,0.934405101665343,0.9362750972802876
calce_CX2_36,1,0.9999626874923706,1.0,0.934405101665343,0.9362750972802876
calce_CX2_36,1,0.9999638795852661,1.0,0.9344052358329246,0.9367838192553162
calce_CX2_36,1,0.9999626874923706,1.0,0.934405101665343,0.9362750972802876
calce_CX2_36,1,0.9999626874923706,1.0,0.934405101665343,0.9362750972802876
calce_CX2_36,1,0.9999626874923706,1.0,0.934405101665343,0.9362750972802876
calce_CX2_36,1,0.9999626874923706,1.0,0.934405101665343,0.9362750972802876
calce_CX2_36,1,0.9999626874923706,1.0,0.934405101665343,0.9362750972802876
calce_CX2_36,1,0.9999626874923706,1.0,0.934405101665343,0.9362750972802876
calce_CX2_36,1,0.9999626874923706,1.0,0.934405101665343,0.9362750972802876
calce_CX2_36,1,0.9999626874923706,1.0,0.934405101665343,0.9362750972802876
calce_CX2_36,1,0.9999638795852661,1.0,0.9344052358329246,0.9367838192553162
calce_CX2_36,1,0.9999626874923706,1.0,0.934405101665343,0.9362750972802876
calce_CX2_36,1,0.9999626874923706,1.0,0.934405101665343,0.9362750972802876
calce_CX2_36,1,0.999900221824646,0.9514813224559897,0.934398070927066,0.9189429387983544
calce_CX2_36,1,0.999900221824646,0.9514813224559897,0.934398070927066,0.9189429387983544
calce_CX2_36,1,0.9996501207351685,0.9514813224559897,0.9343699141197376,0.8906431530888385
calce_CX2_36,1,0.9999626874923706,1.0,0.934405101665343,0.9362750972802876
calce_CX2_36,1,0.9999626874923706,1.0,0.934405101665343,0.9362750972802876
calce_CX2_36,1,0.9999626874923706,1.0,0.934405101665343,0.9362750972802876
calce_CX2_36,1,0.9999626874923706,1.0,0.934405101665343,0.9362750972802876
calce_CX2_36,1,0.9999638795852661,1.0,0.9344052358329246,0.9367838192553162
calce_CX2_36,1,0.9999626874923706,1.0,0.934405101665343,0.9362750972802876
calce_CX2_36,1,0.9999626874923706,1.0,0.934405101665343,0.9362750972802876
calce_CX2_36,1,0.9999626874923706,1.0,0.934405101665343,0.9362750972802876
calce_CX2_36,1,0.9999626874923706,1.0,0.934405101665343,0.9362750972802876
calce_CX2_36,1,0.9999638795852661,1.0,0.9344052358329246,0.9367838192553162
calce_CX2_36,1,0.9999626874923706,1.0,0.934405101665343,0.9362750972802876
calce_CX2_36,1,0.9999626874923706,1.0,0.934405101665343,0.9362750972802876
calce_CX2_36,1,0.9999638795852661,1.0,0.9344052358329246,0.9367838192553162
calce_CX2_36,1,0.9999626874923706,1.0,0.934405101665343,0.9362750972802876
calce_CX2_36,1,0.9999626874923706,1.0,0.934405101665343,0.9362750972802876
calce_CX2_36,1,0.9999626874923706,1.0,0.934405101665343,0.9362750972802876
calce_CX2_36,1,0.9999626874923706,1.0,0.934405101665343,0.9362750972802876
calce_CX2_36,1,0.9999626874923706,1.0,0.934405101665343,0.9362750972802876
calce_CX2_36,1,0.9999626874923706,1.0,0.934405101665343,0.9362750972802876
calce_CX2_36,1,0.9999626874923706,1.0,0.934405101665343,0.9362750972802876
calce_CX2_36,1,0.9999626874923706,1.0,0.934405101665343,0.9362750972802876
calce_CX2_36,1,0.9999626874923706,1.0,0.934405101665343,0.9362750972802876
calce_CX2_36,1,0.9999289512634277,1.0,0.9344013046169934,0.9253650978615291
calce_CX2_36,1,0.9999626874923706,1.0,0.934405101665343,0.9362750972802876
calce_CX2_36,1,0.9999626874923706,1.0,0.934405101665343,0.9362750972802876
calce_CX2_36,1,0.9999626874923706,1.0,0.934405101665343,0.9362750972802876
calce_CX2_36,1,0.9999626874923706,1.0,0.934405101665343,0.9362750972802876
calce_CX2_36,1,0.9999626874923706,1.0,0.934405101665343,0.9362750972802876
calce_CX2_36,1,0.9999626874923706,1.0,0.934405101665343,0.9362750972802876
calce_CX2_36,1,0.9999626874923706,1.0,0.934405101665343,0.9362750972802876
calce_CX2_36,1,0.9999638795852661,1.0,0.9344052358329246,0.9367838192553162
calce_CX2_36,1,0.9999626874923706,1.0,0.934405101665343,0.9362750972802876
calce_CX2_36,1,0.9999626874923706,1.0,0.934405101665343,0.9362750972802876
calce_CX2_36,1,0.9999626874923706,1.0,0.934405101665343,0.9362750972802876
calce_CX2_36,1,0.9999626874923706,1.0,0.934405101665343,0.9362750972802876
calce_CX2_36,1,0.9999626874923706,1.0,0.934405101665343,0.9362750972802876
calce_CX2_36,1,0.9999626874923706,1.0,0.934405101665343,0.9362750972802876
calce_CX2_36,1,0.9999626874923706,1.0,0.934405101665343,0.9362750972802876
calce_CX2_36,1,0.9999626874923706,1.0,0.934405101665343,0.9362750972802876
calce_CX2_36,1,0.9999626874923706,1.0,0.934405101665343,0.9362750972802876
calce_CX2_36,1,0.9999626874923706,1.0,0.934405101665343,0.9362750972802876
calce_CX2_36,1,0.9999626874923706,1.0,0.934405101665343,0.9362750972802876
calce_CX2_36,1,0.9999626874923706,1.0,0.934405101665343,0.9362750972802876
calce_CX2_36,1,0.9999626874923706,1.0,0.934405101665343,0.9362750972802876
calce_CX2_36,1,0.9999626874923706,1.0,0.934405101665343,0.9362750972802876
calce_CX2_36,1,0.9999626874923706,1.0,0.934405101665343,0.9362750972802876
calce_CX2_36,1,0.9999626874923706,1.0,0.934405101665343,0.9362750972802876
calce_CX2_36,1,0.9999626874923706,1.0,0.934405101665343,0.9362750972802876
calce_CX2_36,1,0.9999626874923706,1.0,0.934405101665343,0.9362750972802876
calce_CX2_36,1,0.9999626874923706,1.0,0.934405101665343,0.9362750972802876
calce_CX2_36,1,0.999861478805542,0.9514813224559897,0.9343937099071884,0.9122635968409786
calce_CX2_36,1,0.9997643828392029,0.9514813224559897,0.9343827793361502,0.9003899960856694
calce_CX2_36,1,0.9997925162315369,0.9514813224559897,0.9343859466248736,0.9033563242337815
calce_CX2_36,1,0.9997580647468567,0.9514813224559897,0.9343820680187124,0.8997625791933473
calce_CX2_36,1,0.9998108744621277,0.9514813224559897,0.9343880133383299,0.905467546968791
calce_CX2_36,1,0.999864935874939,0.9514813224559897,0.9343940990552995,0.9127953632071171
calce_CX2_36,1,0.9998500347137451,0.9514813224559897,0.9343924216774396,0.9105742882398253
calce_CX2_36,1,0.9998329877853394,0.9514813224559897,0.9343905027082663,0.9082362054295134
calce_CX2_36,1,0.9997925162315369,0.9514813224559897,0.9343859466248736,0.9033563242337815
calce_CX2_36,1,0.9997969269752502,0.9514813224559897,0.9343864431784361,0.9038497255608088
calce_CX2_36,1,0.9997277855873108,0.9514813224559897,0.9343786589639311,0.8969237601705465
calce_CX2_36,1,0.9997900128364563,0.9514813224559897,0.9343856647956218,0.9030799477893094
calce_CX2_36,1,0.9998807907104492,0.9514813224559897,0.9343958837415585,0.9153800538126058
calce_CX2_36,1,0.9998108744621277,0.9514813224559897,0.9343880133383299,0.905467546968791
calce_CX2_36,1,0.9997949004173279,0.9514813224559897,0.9343862150326384,0.9036219910276188
calce_CX2_36,1,0.999774158000946,0.9514813224559897,0.9343838798508894,0.9013873804309794
calce_CX2_36,1,0.9997691512107849,0.9514813224559897,0.9343833161747522,0.9008723641574516
calce_CX2_36,1,0.9998145699501038,0.9514813224559897,0.9343884293577464,0.9059118756682695
calce_CX2_36,1,0.9997528195381165,0.9514813224559897,0.9343814774855816,0.8992514518385338
calce_CX2_36,1,0.9998500347137451,0.9514813224559897,0.9343924216774396,0.9105742882398253
calce_CX2_36,1,0.9998538494110107,0.9514813224559897,0.934392851089969,0.9111258181501605
calce_CX2_36,1,0.9997804760932922,0.9514813224559897,0.9343845911500657,0.9020502841494349
calce_CX2_36,1,0.9997491240501404,0.9514813224559897,0.9343810614251814,0.8988964559647692
calce_CX2_36,1,0.9997491240501404,0.9514813224559897,0.9343810614251814,0.8988964559647692
calce_CX2_36,1,0.9997852444648743,0.9514813224559897,0.9343851279748855,0.9025606143288801
calce_CX2_36,1,0.9997324347496033,0.9514813224559897,0.9343791824121771,0.897342874947967
calce_CX2_36,1,0.9998065829277039,0.9514813224559897,0.9343875302159298,0.9049600364008049
calce_CX2_36,1,0.9997829794883728,0.9514813224559897,0.9343848729836052,0.9023171064614787
calce_CX2_36,1,0.999774158000946,0.9514813224559897,0.9343838798508894,0.9013873804309794
calce_CX2_36,1,0.9997491240501404,0.9514813224559897,0.9343810614251814,0.8988964559647692
calce_CX2_36,1,0.9997852444648743,0.9514813224559897,0.9343851279748855,0.9025606143288801
calce_CX2_36,1,0.9997852444648743,0.9514813224559897,0.9343851279748855,0.9025606143288801
calce_CX2_36,1,0.9997852444648743,0.9514813224559897,0.9343851279748855,0.9025606143288801
calce_CX2_36,1,0.999774158000946,0.9514813224559897,0.9343838798508894,0.9013873804309794
calce_CX2_36,1,0.9997852444648743,0.9514813224559897,0.9343851279748855,0.9025606143288801
calce_CX2_36,1,0.9997852444648743,0.9514813224559897,0.9343851279748855,0.9025606143288801
calce_CX2_36,1,0.9997491240501404,0.9514813224559897,0.9343810614251814,0.8988964559647692
calce_CX2_36,1,0.9997162222862244,0.9514813224559897,0.9343773570373554,0.895905364224843
calce_CX2_36,1,0.9997817873954773,0.9514813224559897,0.9343847387772981,0.9021897475206505
calce_CX2_36,1,0.9997751116752625,0.9514813224559897,0.9343839872172621,0.9014864971654991
calce_CX2_36,1,0.9997246861457825,0.9514813224559897,0.934378309996277,0.8966474831927849
calce_CX2_36,1,0.9997661709785461,0.9514813224559897,0.9343829806511045,0.9005699741716344
calce_CX2_36,1,0.9999198913574219,0.9876308277830638,0.934400284880153,0.9231506488906998
calce_CX2_36,1,0.9997491240501404,0.9514813224559897,0.9343810614251814,0.8988964559647692
calce_CX2_36,1,0.9996758699417114,0.9514813224559897,0.9343728135281231,0.892590756574579
calce_CX2_36,1,0.9997759461402893,0.9514813224559897,0.9343840811627044,0.9015734964079858
calce_CX2_36,1,0.9997246861457825,0.9514813224559897,0.934378309996277,0.8966474831927849
calce_CX2_36,1,0.9998114705085754,0.9514813224559897,0.9343880804384016,0.9055387486314531
calce_CX2_36,1,0.9997265934944153,0.9514813224559897,0.934378524745807,0.8968172069467767
calce_CX2_36,1,0.9997922778129578,0.9514813224559897,0.934385919784041,0.9033298899259452
calce_CX2_36,1,0.9998162388801575,0.9514813224559897,0.934388617236679,0.9061148243428855
calce_CX2_36,1,0.9998162388801575,0.9514813224559897,0.934388617236679,0.9061148243428855
calce_CX2_36,1,0.9998449087142944,0.9514813224559897,0.934391844650238,0.9098502216127278
calce_CX2_36,1,0.9996753931045532,0.9514813224559897,0.9343727598364576,0.8925535929391131
calce_CX2_36,1,0.999610960483551,0.9514813224559897,0.9343655043745195,0.887888767788819
calce_CX2_36,1,0.999488115310669,0.9514813224559897,0.934351669276565,0.8804812957903717
calce_CX2_36,1,0.9998714923858643,0.9514813224559897,0.9343948370889256,0.9138338429126008
calce_CX2_36,1,0.999864935874939,0.9514813224559897,0.9343940990552995,0.9127953632071171
calce_CX2_36,1,0.9998714923858643,0.9514813224559897,0.9343948370889256,0.9138338429126008
calce_CX2_36,1,0.9998776912689209,0.9514813224559897,0.9343955348590727,0.914854495834042
calce_CX2_36,1,0.9998108744621277,0.9514813224559897,0.9343880133383299,0.905467546968791
calce_CX2_36,1,0.9997493624687195,0.9514813224559897,0.9343810882678618,0.898919233918012
calce_CX2_36,1,0.9998730421066284,0.9514813224559897,0.9343950115321092,0.9140853364388186
calce_CX2_36,1,0.9998865127563477,0.9514813224559897,0.9343965278277695,0.9163790192905387
calce_CX2_36,1,0.9998865127563477,0.9514813224559897,0.9343965278277695,0.9163790192905387
calce_CX2_36,1,0.9998779296875,0.9514813224559897,0.9343955616962482,0.9148945516943907
calce_CX2_36,1,0.9998714923858643,0.9514813224559897,0.9343948370889256,0.9138338429126008
calce_CX2_36,1,0.9998291730880737,0.9514813224559897,0.9343900732814455,0.907738831225573
calce_CX2_36,1,0.9997568726539612,0.9514813224559897,0.9343819338070711,0.8996456516180326
calce_CX2_36,1,0.9998593330383301,0.9514813224559897,0.9343934683659019,0.9119387369421779
calce_CX2_36,1,0.9998577833175659,0.9514813224559897,0.934393293918903,0.9117065197780899
calce_CX2_36,1,0.9998452663421631,0.9514813224559897,0.9343918849081029,0.9099001243468662
calce_CX2_36,1,0.9996641874313354,0.9514813224559897,0.9343714980705594,0.8916924598591534
calce_CX2_36,1,0.9998206496238708,0.9514813224559897,0.9343891137714496,0.9066582477416617
calce_CX2_36,1,0.9997493624687195,0.9514813224559897,0.9343810882678618,0.898919233918012
calce_CX2_36,1,0.9998108744621277,0.9514813224559897,0.9343880133383299,0.905467546968791
calce_CX2_36,1,0.9997561573982239,0.9514813224559897,0.9343818532799638,0.899575712042513
calce_CX2_36,1,0.9997639060020447,0.9514813224559897,0.9343827256520655,0.9003421839140898
calce_CX2_36,1,0.9997691512107849,0.9514813224559897,0.9343833161747522,0.9008723641574516
calce_CX2_36,1,0.9996241331100464,0.9514813224559897,0.9343669877442207,0.888789646268755
calce_CX2_36,1,0.9997549653053284,0.9514813224559897,0.9343817190679142,0.8994595049883266
calce_CX2_36,1,0.9998024106025696,0.9514813224559897,0.9343870605104253,0.9044750424054941
calce_CX2_36,1,0.9997639060020447,0.9514813224559897,0.9343827256520655,0.9003421839140898
calce_CX2_36,1,0.9997978806495667,0.9514813224559897,0.9343865505409089,0.9039575140472681
calce_CX2_36,1,0.9997639060020447,0.9514813224559897,0.9343827256520655,0.9003421839140898
calce_CX2_36,1,0.9998065829277039,0.9514813224559897,0.9343875302159298,0.9049600364008049
calce_CX2_36,1,0.9997639060020447,0.9514813224559897,0.9343827256520655,0.9003421839140898
calce_CX2_36,1,0.9997639060020447,0.9514813224559897,0.9343827256520655,0.9003421839140898
calce_CX2_36,1,0.9997639060020447,0.9514813224559897,0.9343827256520655,0.9003421839140898
calce_CX2_36,1,0.99977046251297,0.9514813224559897,0.934383463804652,0.9010063916135786
calce_CX2_36,1,0.9996922016143799,0.9514813224559897,0.9343746524430149,0.8938905725892379
calce_CX2_36,1,0.9996922016143799,0.9514813224559897,0.9343746524430149,0.8938905725892379
calce_CX2_36,1,0.9996292591094971,0.9514813224559897,0.9343675649746843,0.8891470042647897
calce_CX2_36,1,0.9997108578681946,0.9514813224559897,0.9343767530426444,0.8954440245154579
calce_CX2_36,1,0.9997937083244324,0.9514813224559897,0.9343860808288836,0.903488855554908
calce_CX2_36,1,0.9997580647468567,0.9514813224559897,0.9343820680187124,0.8997625791933473
calce_CX2_36,1,0.9996991157531738,0.9514813224559897,0.9343754309472934,0.8944573692547372
calce_CX2_36,1,0.999721109867096,0.9514813224559897,0.9343779073391475,0.8963317409917229
calce_CX2_36,1,0.9996190071105957,0.9514813224559897,0.9343664105090371,0.8884361400989597
calce_CX2_36,1,0.9996837377548218,0.9514813224559897,0.9343736994347085,0.8932103029493884
calce_CX2_36,1,0.9997966885566711,0.9514813224559897,0.9343864163377922,0.9038228406902687
calce_CX2_36,1,0.9996927976608276,0.9514813224559897,0.9343747195557909,0.8939390349678805
calce_CX2_36,1,0.9996250867843628,0.9514813224559897,0.9343670951362925,0.8888558370294695
calce_CX2_36,1,0.9996479749679565,0.9514813224559897,0.9343696724969962,0.8904860454382424
calce_CX2_36,1,0.9997805953025818,0.9514813224559897,0.9343846045707359,0.9020629354774292
calce_CX2_36,1,0.9997832179069519,0.9514813224559897,0.9343848998248361,0.9023426443455022
calce_CX2_36,1,0.9996474981307983,0.9514813224559897,0.9343696188029414,0.890451235894195
calce_CX2_36,1,0.9994115829467773,0.9514813224559897,0.9343430486599437,0.8765601735929489
calce_CX2_36,1,0.9997246861457825,0.9514813224559897,0.934378309996277,0.8966474831927849
calce_CX2_36,1,0.9997166991233826,0.9514813224559897,0.9343774107255239,0.8959467051312163
calce_CX2_36,1,0.999756395816803,0.9514813224559897,0.9343818801223431,0.8995990072268351
calce_CX2_36,1,0.9990324974060059,0.936046511627907,0.934300332889746,0.8616528106156133
calce_CX2_36,1,0.9994115829467773,0.9514813224559897,0.9343430486599437,0.8765601735929489
calce_CX2_36,1,0.9994115829467773,0.9514813224559897,0.9343430486599437,0.8765601735929489
calce_CX2_36,1,0.9996138215065002,0.9514813224559897,0.9343658265570138,0.8880823490404967
calce_CX2_36,1,0.9996837377548218,0.9514813224559897,0.9343736994347085,0.8932103029493884
calce_CX2_36,1,0.9996675252914429,0.9514813224559897,0.9343718739180792,0.8919465542484547
calce_CX2_36,1,0.9995977282524109,0.9514813224559897,0.9343640142613555,0.887007908117748
calce_CX2_36,1,0.9996838569641113,0.9514813224559897,0.9343737128574501,0.8932197835032383
calce_CX2_36,1,0.9996954202651978,0.9514813224559897,0.9343750148512473,0.894153158274186
calce_CX2_36,1,0.999758780002594,0.9514813224559897,0.9343821485455749,0.8998329540996397
calce_CX2_36,1,0.9996514320373535,0.9514813224559897,0.9343700617776723,0.8907395401597188
calce_CX2_36,1,0.9996892213821411,0.9514813224559897,0.9343743168781775,0.8936493696626088
calce_CX2_36,1,0.999657154083252,0.9514813224559897,0.9343707060995914,0.8911635364905819
calce_CX2_36,1,0.999610960483551,0.9514813224559897,0.9343655043745195,0.887888767788819
calce_CX2_36,1,0.9995576739311218,0.9514813224559897,0.9343595034568232,0.8844750900487709
calce_CX2_36,1,0.999721348285675,0.9514813224559897,0.9343779341830276,0.896352690563489
calce_CX2_36,1,0.9997166991233826,0.9514813224559897,0.9343774107255239,0.8959467051312163
calce_CX2_36,1,0.9996954202651978,0.9514813224559897,0.9343750148512473,0.894153158274186
calce_CX2_36,1,0.9997324347496033,0.9514813224559897,0.9343791824121771,0.897342874947967
calce_CX2_36,1,0.9997273087501526,0.9514813224559897,0.9343786052767121,0.8968810947042386
calce_CX2_36,1,0.9989805817604065,0.936046511627907,0.9342944809674198,0.8600007315499172
calce_CX2_36,1,0.9995249509811401,0.9514813224559897,0.9343558180767023,0.8825381921184982
calce_CX2_36,1,0.999381422996521,0.9514813224559897,0.934339651149657,0.8751267136288846
calce_CX2_36,1,0.9994115829467773,0.9514813224559897,0.9343430486599437,0.8765601735929489
calce_CX2_36,1,0.9994425177574158,0.9514813224559897,0.9343465332882444,0.8780929467164326
calce_CX2_36,1,0.9989029169082642,0.936046511627907,0.9342857256944185,0.857652036886278
calce_CX2_36,1,0.9989427924156189,0.936046511627907,0.9342902210544732,0.8588404827861019
calce_CX2_36,1,0.999639630317688,0.9514813224559897,0.9343687328451398,0.8898822057356138
calce_CX2_36,1,0.9994922876358032,0.9514813224559897,0.9343521392176257,0.880708223987666
calce_CX2_36,1,0.9992800354957581,0.936046511627907,0.9343282286766097,0.8706860926871097
calce_CX2_36,1,0.9995620846748352,0.9514813224559897,0.9343600001964438,0.884744827017512
calce_CX2_36,1,0.9997016787528992,0.9514813224559897,0.9343757195285946,0.8946700961368074
calce_CX2_36,1,0.9993796348571777,0.9514813224559897,0.9343394497111083,0.8750434989596229
calce_CX2_36,1,0.999455988407135,0.9514813224559897,0.9343480506256334,0.8787817464098251
calce_CX2_36,1,0.9996193647384644,0.9514813224559897,0.9343664507814124,0.888460680261429
calce_CX2_36,1,0.9996147155761719,0.9514813224559897,0.9343659272387418,0.8881430769760293
calce_CX2_36,1,0.9996147155761719,0.9514813224559897,0.9343659272387418,0.8881430769760293
calce_CX2_36,1,0.9997158646583557,0.9514813224559897,0.934377316771202,0.8958743945877824
calce_CX2_36,1,0.9997158646583557,0.9514813224559897,0.934377316771202,0.8958743945877824
calce_CX2_36,1,0.9998145699501038,0.9514813224559897,0.9343884293577464,0.9059118756682695
calce_CX2_36,1,0.9997209906578064,0.9514813224559897,0.9343778939172035,0.896321271516067
calce_CX2_36,1,0.9997969269752502,0.9514813224559897,0.9343864431784361,0.9038497255608088
calce_CX2_36,1,0.9997852444648743,0.9514813224559897,0.9343851279748855,0.9025606143288801
calce_CX2_36,1,0.9997313618659973,0.9514813224559897,0.9343790616167728,0.8972456483029471
calce_CX2_36,1,0.9998145699501038,0.9514813224559897,0.9343884293577464,0.9059118756682695
calce_CX2_36,1,0.9997246861457825,0.9514813224559897,0.934378309996277,0.8966474831927849
calce_CX2_36,1,0.9997807145118713,0.9514813224559897,0.9343846179914037,0.9020755922217748
calce_CX2_36,1,0.9998145699501038,0.9514813224559897,0.9343884293577464,0.9059118756682695
calce_CX2_36,1,0.9997900128364563,0.9514813224559897,0.9343856647956218,0.9030799477893094
calce_CX2_36,1,0.9998400211334229,0.9514813224559897,0.9343912944571163,0.9091770961468041
calce_CX2_36,1,0.9997914433479309,0.9514813224559897,0.9343858258410463,0.9032375575198661
calce_CX2_36,1,0.9997914433479309,0.9514813224559897,0.9343858258410463,0.9032375575198661
calce_CX2_36,1,0.9998251795768738,0.9514813224559897,0.9343896237224426,0.9072273964261622
calce_CX2_36,1,0.9998379945755005,0.9514813224559897,0.9343910663270029,0.9089027182136601
calce_CX2_36,1,0.9997807145118713,0.9514813224559897,0.9343846179914037,0.9020755922217748
calce_CX2_36,1,0.9998114705085754,0.9514813224559897,0.9343880804384016,0.9055387486314531
calce_CX2_36,1,0.9998131394386292,0.9514813224559897,0.9343882683182633,0.905739058939829
calce_CX2_36,1,0.9998251795768738,0.9514813224559897,0.9343896237224426,0.9072273964261622
calce_CX2_36,1,0.9996554851531982,0.9514813224559897,0.9343705181729726,0.8910392944710352
calce_CX2_36,1,0.9996569156646729,0.9514813224559897,0.9343706792529621,0.8911457582926895
calce_CX2_36,1,0.9997914433479309,0.9514813224559897,0.9343858258410463,0.9032375575198661
calce_CX2_36,1,0.9998362064361572,0.9514813224559897,0.9343908650351137,0.9086628464852726
calce_CX2_36,1,0.9997914433479309,0.9514813224559897,0.9343858258410463,0.9032375575198661
calce_CX2_36,1,0.9998162388801575,0.9514813224559897,0.934388617236679,0.9061148243428855
calce_CX2_36,1,0.9998310804367065,0.9514813224559897,0.9343902879951826,0.9079864165204441
calce_CX2_36,1,0.9998131394386292,0.9514813224559897,0.9343882683182633,0.905739058939829
calce_CX2_36,1,0.9997817873954773,0.9514813224559897,0.9343847387772981,0.9021897475206505
calce_CX2_36,1,0.9998162388801575,0.9514813224559897,0.934388617236679,0.9061148243428855
calce_CX2_36,1,0.9998352527618408,0.9514813224559897,0.9343907576792048,0.908535753717515
calce_CX2_36,1,0.9997807145118713,0.9514813224559897,0.9343846179914037,0.9020755922217748
calce_CX2_36,1,0.9998400211334229,0.9514813224559897,0.9343912944571163,0.9091770961468041
calce_CX2_36,1,0.9997914433479309,0.9514813224559897,0.9343858258410463,0.9032375575198661
calce_CX2_36,1,0.9997807145118713,0.9514813224559897,0.9343846179914037,0.9020755922217748
calce_CX2_36,1,0.9997807145118713,0.9514813224559897,0.9343846179914037,0.9020755922217748
calce_CX2_36,1,0.999570906162262,0.9514813224559897,0.9343609936652002,0.885290859923928
calce_CX2_36,1,0.9998131394386292,0.9514813224559897,0.9343882683182633,0.905739058939829
calce_CX2_36,1,0.9997938275337219,0.9514813224559897,0.9343860942492705,0.9035021418132422
calce_CX2_36,1,0.9998680353164673,0.9514813224559897,0.9343944479448847,0.9132812492424663
calce_CX2_36,1,0.9998388290405273,0.9514813224559897,0.9343911602630212,0.9090153695598044
calce_CX2_36,1,0.9998425245285034,0.9514813224559897,0.9343915762638854,0.9095198219206263
calce_CX2_38,0,0.052918896079063416,0.7150586113615869,0.7481067843775246,0.30273491632824856
calce_CX2_38,0,0.034570466727018356,0.7150586113615869,0.7418310162108709,0.27627816418938056
calce_CX2_38,0,0.029976097866892815,0.7150586113615869,0.7402437283047187,0.2678387819059953
calce_CX2_38,0,0.050052836537361145,0.7150586113615869,0.7471331983307857,0.2991630522810731
calce_CX2_38,0,0.02584710158407688,0.7150586113615869,0.7388118264598262,0.2592812121871119
calce_CX2_38,0,0.050052836537361145,0.7150586113615869,0.7471331983307857,0.2991630522810731
calce_CX2_38,0,0.010549921542406082,0.7150586113615869,0.7334626055608978,0.21192115754522436
calce_CX2_38,0,0.010549921542406082,0.7150586113615869,0.7334626055608978,0.21192115754522436
calce_CX2_38,0,0.010549921542406082,0.7150586113615869,0.7334626055608978,0.21192115754522436
calce_CX2_38,0,0.010549921542406082,0.7150586113615869,0.7334626055608978,0.21192115754522436
calce_CX2_38,0,0.10786543786525726,0.7150586113615869,0.7662869709083228,0.35181812187061845
calce_CX2_38,0,0.03836698457598686,0.7150586113615869,0.7431378767492052,0.2825753534785326
calce_CX2_38,0,0.03836698457598686,0.7150586113615869,0.7431378767492052,0.2825753534785326
calce_CX2_38,0,0.03836698457598686,0.7150586113615869,0.7431378767492052,0.2825753534785326
calce_CX2_38,0,0.04854652285575867,0.7150586113615869,0.7466205142209577,0.29721765287189417
calce_CX2_38,0,0.013452248647809029,0.7150586113615869,0.7344828534972806,0.22404558282775802
calce_CX2_38,0,0.008469663560390472,0.6111111111111112,0.7327298039729688,0.20140867515627214
calce_CX2_38,0,0.013452248647809029,0.7150586113615869,0.7344828534972806,0.22404558282775802
calce_CX2_38,0,0.018841000273823738,0.7150586113615869,0.7363705225797851,0.241729097072539
calce_CX2_38,0,0.018841000273823738,0.7150586113615869,0.7363705225797851,0.241729097072539
calce_CX2_38,0,0.014562809839844704,0.7150586113615869,0.7348725860817109,0.2281167554796918
calce_CX2_38,0,0.026339517906308174,0.7150586113615869,0.7389828600916523,0.26035902975653213
calce_CX2_38,0,0.05440482497215271,0.7150586113615869,0.7486105672151823,0.3045244214807713
calce_CX2_38,0,0.014754765667021275,0.7150586113615869,0.734939912641347,0.22879427574107988
calce_CX2_38,0,0.015862375497817993,0.7150586113615869,0.7353281819910922,0.23256727057320695
calce_CX2_38,0,0.1419331133365631,0.7150586113615869,0.7770913776820347,0.3727559564168205
calce_CX2_38,0,0.16336163878440857,0.7150586113615869,0.7837024783936007,0.3840414935954875
calce_CX2_38,0,0.08613522350788116,0.7150586113615869,0.7592077716326331,0.3355734637296583
calce_CX2_38,0,0.23358473181724548,0.7150586113615869,0.8043645772218936,0.41492257842118185
calce_CX2_38,0,0.0732165053486824,0.7150586113615869,0.7549303439773073,0.3242864768387688
calce_CX2_38,0,0.035069093108177185,0.7150586113615869,0.7420029034748099,0.2771370193027573
calce_CX2_38,0,0.2044985294342041,0.7150586113615869,0.7959927960175261,0.40302228325786393
calce_CX2_38,0,0.20322193205356598,0.7150586113615869,0.7956193243716252,0.40247506362945695
calce_CX2_38,0,0.19646674394607544,0.7150586113615869,0.7936346232530211,0.399540021640833
calce_CX2_38,0,0.19246940314769745,0.7150586113615869,0.7924534893467424,0.39777068568391316
calce_CX2_38,0,0.21419517695903778,0.7150586113615869,0.7988130008790089,0.40710604123076305
calce_CX2_38,0,0.06059466302394867,0.7150586113615869,0.7507019326984097,0.31157208705570016
calce_CX2_38,0,0.02026633359491825,0.7150586113615869,0.7368683707532212,0.24569412659549306
calce_CX2_38,0,0.07881935685873032,0.7150586113615869,0.7567917461118594,0.32936439379022386
calce_CX2_38,0,0.23566381633281708,0.7150586113615869,0.8049529211447974,0.415735722885728
calce_CX2_38,0,0.2365182489156723,0.7150586113615869,0.8051943213648057,0.41606859011452246
calce_CX2_38,0,0.17051492631435394,0.7150586113615869,0.785877543727581,0.3875671266669544
calce_CX2_38,0,0.14648593962192535,0.7150586113615869,0.7785079738059767,0.3752542012379748
calce_CX2_38,0,0.1842919886112213,0.7150586113615869,0.7900217055933327,0.39407052833603357
calce_CX2_38,0,0.0576934814453125,0.7150586113615869,0.7497231571346722,0.3083462970577632
calce_CX2_38,0,0.24480855464935303,0.7150586113615869,0.8075247980140321,0.41926009949659504
calce_CX2_38,0,0.1786697506904602,0.7150586113615869,0.7883376772290643,0.3914595465407132
calce_CX2_38,0,0.17662258446216583,0.7150586113615869,0.7877220413550753,0.39049446394595244
calce_CX2_38,0,0.18659436702728271,0.7150586113615869,0.790708491586299,0.39512366431919466
calce_CX2_38,0,0.16488133370876312,0.7150586113615869,0.784165899309514,0.3847996839419449
calce_CX2_38,0,0.2629149556159973,0.7150586113615869,0.8125406702502395,0.42600854795468357
calce_CX2_38,0,0.17255623638629913,0.7150586113615869,0.7864953086487232,0.3885537016611581
calce_CX2_38,0,0.25210219621658325,0.7150586113615869,0.8095574936258765,0.42201343836184413
calce_CX2_38,0,0.13494046032428741,0.7150586113615869,0.7749030795521911,0.36879923951880594
calce_CX2_38,0,0.09811845421791077,0.7150586113615869,0.7631296319213724,0.3448867341576697
calce_CX2_38,0,0.0974738672375679,0.7150586113615869,0.7629197974376238,0.34440948618964196
calce_CX2_38,0,0.2561225891113281,0.7150586113615869,0.8106709158730476,0.4235105837919887
calce_CX2_38,0,0.18818612396717072,0.7150586113615869,0.7911823368097776,0.3958464742798082
calce_CX2_38,0,0.18968528509140015,0.7150586113615869,0.7916278949461975,0.39652336706705227
calce_CX2_38,0,0.2572547197341919,0.7150586113615869,0.8109835505107639,0.42392963719285265
calce_CX2_38,0,0.23293937742710114,0.7150586113615869,0.8041816804882735,0.41466924852110393
calce_CX2_38,0,0.43040600419044495,0.7150586113615869,0.8542267458339561,0.4797511767036773
calce_CX2_38,0,0.8965997695922852,0.7150586113615869,0.9313395110067584,0.6512932463392973
calce_CX2_38,0,0.915299654006958,0.7150586113615869,0.9334613178502322,0.6656099720651132
calce_CX2_38,0,0.9276784062385559,0.7150586113615869,0.9348322251705373,0.6765535362922761
calce_CX2_38,0,0.8973330855369568,0.7150586113615869,0.9314238857443872,0.6518142742818592
calce_CX2_38,0,0.7490461468696594,0.7150586113615869,0.9122805409805138,0.5784168223513323
calce_CX2_38,0,0.8561152815818787,0.7150586113615869,0.9265296600560616,0.6261659318594486
calce_CX2_38,0,0.8063206672668457,0.7150586113615869,0.920188960656409,0.6016911256420593
calce_CX2_38,0,0.8515869379043579,0.7150586113615869,0.9259727631046308,0.6237057423878647
calce_CX2_38,0,0.9643468260765076,0.7150586113615869,0.9387403465262214,0.7218697320262746
calce_CX2_38,0,0.9629923701286316,0.7150586113615869,0.9385999671639657,0.7196173897391561
calce_CX2_38,0,0.8100809454917908,0.7150586113615869,0.9206847285213426,0.6033714169552021
calce_CX2_38,0,0.824224054813385,0.7150586113615869,0.9225242966294548,0.6099069775481486
calce_CX2_38,0,0.824224054813385,0.7150586113615869,0.9225242966294548,0.6099069775481486
calce_CX2_38,0,0.8189473748207092,0.7150586113615869,0.9218425841674033,0.6074268907809618
calce_CX2_38,0,0.9048359990119934,0.7150586113615869,0.9322816615123489,0.6573215386887655
calce_CX2_38,0,0.7122669816017151,0.7150586113615869,0.906835044086,0.5651672166827431
calce_CX2_38,0,0.9172277450561523,0.7150586113615869,0.933676595207566,0.6672258064861206
calce_CX2_38,0,0.9226351380348206,0.7150586113615869,0.9342768999990738,0.6719250295001754
calce_CX2_38,0,0.9090347290039062,0.7150586113615869,0.9327573319890256,0.6605555099752699
calce_CX2_38,0,0.930129885673523,0.7150586113615869,0.9351005835398134,0.678898673110313
calce_CX2_38,0,0.9137242436408997,0.7150586113615869,0.9332849368189242,0.6643114819043233
calce_CX2_38,0,0.909375786781311,0.7150586113615869,0.9327958336849854,0.6608233883852909
calce_CX2_38,0,0.9495848417282104,0.7150586113615869,0.9371940730478965,0.7003762294673944
calce_CX2_38,0,0.9062635898590088,0.7150586113615869,0.9324437411289125,0.6584081327530477
calce_CX2_38,0,0.899285614490509,0.7150586113615869,0.9316480739936849,0.6532160088674946
calce_CX2_38,0,0.8926861882209778,0.7150586113615869,0.9308875894467924,0.6485607182087995
calce_CX2_38,0,0.899285614490509,0.7150586113615869,0.9316480739936849,0.6532160088674946
calce_CX2_38,0,0.8969438076019287,0.7150586113615869,0.9313791077086199,0.6515373250654432
calce_CX2_38,0,0.8762108683586121,0.7150586113615869,0.9289547539103249,0.6378449962261785
calce_CX2_38,0,0.9104642868041992,0.7150586113615869,0.932918576649616,0.6616837511734731
calce_CX2_38,0,0.869204580783844,0.7150586113615869,0.928117761223198,0.6336198522412527
calce_CX2_38,0,0.9632198810577393,0.7150586113615869,0.9386235679830837,0.719990887837906
calce_CX2_38,0,0.9071093201637268,0.7150586113615869,0.9325395901915623,0.6590580731596519
calce_CX2_38,0,0.8978290557861328,0.7150586113615869,0.9314808972179768,0.6521683299523707
calce_CX2_38,0,0.9301227927207947,0.7150586113615869,0.9350998085744503,0.6788917920027339
calce_CX2_38,0,0.8687401413917542,0.7150586113615869,0.9280619575371085,0.633345930248582
calce_CX2_38,0,0.9365934729576111,0.7150586113615869,0.9358032160247703,0.6854200438305083
calce_CX2_38,0,0.925624668598175,0.7150586113615869,0.9346066124772974,0.6746380745917837
calce_CX2_38,0,0.9440886378288269,0.7150586113615869,0.936609113295305,0.6937018543919001
calce_CX2_38,0,0.9066587686538696,0.7150586113615869,0.9324885435971999,0.6587112427391717
calce_CX2_38,0,0.9956254959106445,0.7150586113615869,0.941899789798893,0.8277545585906544
calce_CX2_38,0,0.9933277368545532,0.7150586113615869,0.9416729942165458,0.8095404097174265
calce_CX2_38,0,0.9961754083633423,0.75,0.9419539449356805,0.8332462405777165
calce_CX2_38,0,0.9951072931289673,0.7150586113615869,0.9418487140330207,0.8230669432508915
calce_CX2_38,0,0.9958019852638245,0.7150586113615869,0.9419171755569071,0.8294533836954181
calce_CX2_38,0,0.9955060482025146,0.7150586113615869,0.9418880203754164,0.8266358531861372
calce_CX2_38,0,0.9966155886650085,0.9393939393939394,0.9419972595622477,0.8381195831876906
calce_CX2_38,0,0.9926319122314453,0.7150586113615869,0.9416041506143562,0.8050455656133455
calce_CX2_38,0,0.9926319122314453,0.7150586113615869,0.9416041506143562,0.8050455656133455
calce_CX2_38,0,0.995550274848938,0.7150586113615869,0.9418923783768258,0.8270472405074226
calce_CX2_38,0,0.9964860677719116,0.9393939393939394,0.94198451759637,0.8366353124828363
calce_CX2_38,0,0.9965875148773193,0.9393939393939394,0.9419944979508947,0.8377940533944614
calce_CX2_38,0,0.9951617121696472,0.7150586113615869,0.9418540797312958,0.8235398455975492
calce_CX2_38,0,0.9943285584449768,0.7150586113615869,0.9417718801597765,0.8167260471796005
calce_CX2_38,0,0.9953574538230896,0.7150586113615869,0.9418733759492092,0.8252771342915791
calce_CX2_38,0,0.9962465167045593,0.9166666666666666,0.9419609441944283,0.8340019421220126
calce_CX2_38,0,0.99406498670578,0.7150586113615869,0.9417458532825026,0.8147396745070303
calce_CX2_38,0,0.9950264096260071,0.7150586113615869,0.9418407380896651,0.8223718503083275
calce_CX2_38,0,0.9974614381790161,0.949627345155487,0.9420804077235913,0.8491211290873083
calce_CX2_38,0,0.9975837469100952,0.949627345155487,0.9420924215774947,0.8509462338067122
calce_CX2_38,0,0.9975837469100952,0.949627345155487,0.9420924215774947,0.8509462338067122
calce_CX2_38,0,0.9978797435760498,0.949627345155487,0.94212148636248,0.8556874804491639
calce_CX2_38,0,0.9993842840194702,0.949627345155487,0.9422690100598394,0.8945410937078836
calce_CX2_38,0,0.9991365075111389,0.949627345155487,0.9422447392975181,0.8849436260252876
calce_CX2_38,0,0.9991365075111389,0.949627345155487,0.9422447392975181,0.8849436260252876
calce_CX2_38,0,0.9993065595626831,0.949627345155487,0.9422613976496983,0.8912510304885345
calce_CX2_38,0,0.9993458390235901,0.949627345155487,0.9422652448366962,0.8928759942211426
calce_CX2_38,0,0.9996132254600525,0.949627345155487,0.9422914273364619,0.9065762494750181
calce_CX2_38,0,0.9995355606079102,0.949627345155487,0.9422838235371758,0.9019942387727731
calce_CX2_38,0,0.9996033310890198,0.949627345155487,0.9422904586775454,0.9059553902670935
calce_CX2_38,0,0.9996033310890198,0.949627345155487,0.9422904586775454,0.9059553902670935
calce_CX2_38,0,0.9996204376220703,0.949627345155487,0.9422921333975002,0.907036497743314
calce_CX2_38,0,0.9995577931404114,0.949627345155487,0.9422860003156271,0.9032418502390014
calce_CX2_38,0,0.9995811581611633,0.949627345155487,0.9422882878924965,0.9046059305215881
calce_CX2_38,0,0.9995841383934021,0.949627345155487,0.9422885796691395,0.9047840805853311
calce_CX2_38,0,0.9995841383934021,0.949627345155487,0.9422885796691395,0.9047840805853311
calce_CX2_38,0,0.9996505975723267,0.949627345155487,0.9422950859285236,0.9090368203506017
calce_CX2_38,0,0.9996523857116699,0.949627345155487,0.9422952609753169,0.9091594967733778
calce_CX2_38,0,0.9996403455734253,0.949627345155487,0.9422940823172872,0.9083425758805939
calce_CX2_38,0,0.9996480941772461,0.949627345155487,0.9422948408621757,0.9088658755673805
calce_CX2_38,0,0.9996523857116699,0.949627345155487,0.9422952609753169,0.9091594967733778
calce_CX2_38,0,0.9996505975723267,0.949627345155487,0.9422950859285236,0.9090368203506017
calce_CX2_38,0,0.999687910079956,0.949627345155487,0.9422987384682879,0.9117027256168859
calce_CX2_38,0,0.9995861649513245,0.949627345155487,0.9422887780764658,0.904905781540382
calce_CX2_38,0,0.9995841383934021,0.949627345155487,0.9422885796691395,0.9047840805853311
calce_CX2_38,0,0.9997327923774719,0.949627345155487,0.9423031317309645,0.9152525589857433
calce_CX2_38,0,0.999733030796051,0.949627345155487,0.942303155067511,0.915272587985831
calce_CX2_38,0,0.9996098875999451,0.949627345155487,0.942291100561666,0.9063654596891162
calce_CX2_38,0,0.9997249245643616,0.949627345155487,0.9423023616199672,0.9145990897852654
calce_CX2_38,0,0.9997652173042297,0.949627345155487,0.9423063054199126,0.9181107090096584
calce_CX2_38,0,0.9998061060905457,0.949627345155487,0.942310307301384,0.9221773288212626
calce_CX2_38,0,0.9996885061264038,0.949627345155487,0.9422987968138073,0.9117472389087437
calce_CX2_38,0,0.9997395873069763,0.949627345155487,0.9423037968190604,0.9158287851352332
calce_CX2_38,0,0.9987863898277283,0.949627345155487,0.9422104274521129,0.8745230576095143
calce_CX2_38,0,0.9997249245643616,0.949627345155487,0.9423023616199672,0.9145990897852654
calce_CX2_38,0,0.9997219443321228,0.949627345155487,0.9423020699087362,0.9143552704304765
calce_CX2_38,0,0.9996991157531738,0.949627345155487,0.9422998353547845,0.9125506430840287
calce_CX2_38,0,0.9996505975723267,0.949627345155487,0.9422950859285236,0.9090368203506017
calce_CX2_38,0,0.9996464252471924,0.949627345155487,0.9422946774840675,0.9087524272110944
calce_CX2_38,0,0.9995926022529602,0.949627345155487,0.9422894083072546,0.9052954110290519
calce_CX2_38,0,0.9996868371963501,0.949627345155487,0.9422986334462137,0.9116227645607949
calce_CX2_38,0,0.9995926022529602,0.949627345155487,0.9422894083072546,0.9052954110290519
calce_CX2_38,0,0.9996603727340698,0.949627345155487,0.9422960428449076,0.9097134027678738
calce_CX2_38,0,0.9996153116226196,0.949627345155487,0.9422916315698271,0.9067087001681803
calce_CX2_38,0,0.9984000325202942,0.949627345155487,0.9421725418843072,0.8654725501683456
calce_CX2_38,0,0.9996708631515503,0.949627345155487,0.942297069762992,0.9104562175786579
calce_CX2_38,0,0.9985038042068481,0.949627345155487,0.9421827198560048,0.8677181682377335
calce_CX2_38,0,0.9995884299278259,0.949627345155487,0.9422889998250727,0.905042341173058
calce_CX2_38,0,0.9997226595878601,0.949627345155487,0.9423021399195579,0.91441360528617
calce_CX2_38,1,0.999586284160614,0.949627345155487,0.942288789747465,0.9049129546117858
calce_CX2_38,1,0.9996525049209595,0.949627345155487,0.9422952726450854,0.9091676923046588
calce_CX2_38,1,0.9996139407157898,0.949627345155487,0.9422914973594063,0.9066215994945039
calce_CX2_38,1,0.999579131603241,0.949627345155487,0.9422880894835883,0.9044853419310842
calce_CX2_38,1,0.9995484948158264,0.949627345155487,0.942285089929726,0.9027143409463717
calce_CX2_38,1,0.999665379524231,0.949627345155487,0.9422965329670425,0.9100657126369275
calce_CX2_38,1,0.9997380375862122,0.949627345155487,0.9423036451329352,0.9156963690369084
calce_CX2_38,1,0.999652624130249,0.949627345155487,0.9422952843148518,0.9091758899810777
calce_CX2_38,1,0.9997637867927551,0.949627345155487,0.9423061654076793,0.9179784923109646
calce_CX2_38,1,0.9998730421066284,0.9640195322539192,0.9423168579238878,0.930526066273953
calce_CX2_38,1,0.9997232556343079,0.949627345155487,0.9423021982618486,0.9144623050640575
calce_CX2_38,1,0.9997091889381409,0.949627345155487,0.9423008213690235,0.9133336307513475
calce_CX2_38,1,0.9988387227058411,0.949627345155487,0.9422155573368607,0.8759169947669415
calce_CX2_38,1,0.999747097492218,0.949627345155487,0.9423045319080557,0.9164791024103668
calce_CX2_38,1,0.9996973276138306,0.949627345155487,0.9422996603210179,0.9124137430263501
calce_CX2_38,1,0.9996988773345947,0.949627345155487,0.9422998120169777,0.912532354029999
calce_CX2_38,1,0.999646782875061,0.949627345155487,0.9422947124936988,0.9087767031189361
calce_CX2_38,1,0.9997116923332214,0.949627345155487,0.9423010664115283,0.9135314135546452
calce_CX2_38,1,0.9996973276138306,0.949627345155487,0.9422996603210179,0.9124137430263501
calce_CX2_38,1,0.9996916055679321,0.949627345155487,0.9422991002096149,0.911979759202039
calce_CX2_38,1,0.9997571110725403,0.949627345155487,0.9423055120130399,0.9173693857304408
calce_CX2_38,1,0.9996973276138306,0.949627345155487,0.9422996603210179,0.9124137430263501
calce_CX2_38,1,0.9996973276138306,0.949627345155487,0.9422996603210179,0.9124137430263501
calce_CX2_38,1,0.9996973276138306,0.949627345155487,0.9422996603210179,0.9124137430263501
calce_CX2_38,1,0.9996874332427979,0.949627345155487,0.9422986917918327,0.9116671615690831
calce_CX2_38,1,0.999871015548706,0.949627345155487,0.9423166596071887,0.9302293401618917
calce_CX2_38,1,0.9997662901878357,0.949627345155487,0.942306410428878,0.9182102727570823
calce_CX2_38,1,0.9997681975364685,0.949627345155487,0.9423065971110405,0.9183881334656816
calce_CX2_38,1,0.9996926784515381,0.949627345155487,0.9422992052308917,0.9120606615085599
calce_CX2_38,1,0.9996926784515381,0.949627345155487,0.9422992052308917,0.9120606615085599
calce_CX2_38,1,0.9996763467788696,0.949627345155487,0.9422976065542535,0.9108517131305914
calce_CX2_38,1,0.9997159838676453,0.949627345155487,0.9423014864821209,0.9138735293072684
calce_CX2_38,1,0.9996926784515381,0.949627345155487,0.9422992052308917,0.9120606615085599
calce_CX2_38,1,0.999707043170929,0.949627345155487,0.9423006113318133,0.9131651306411926
calce_CX2_38,1,0.9997602105140686,0.949627345155487,0.9423058153757008,0.9176505857595174
calce_CX2_38,1,0.9997953772544861,0.949627345155487,0.9423092572702398,0.9210518364601298
calce_CX2_38,1,0.9997953772544861,0.949627345155487,0.9423092572702398,0.9210518364601298
calce_CX2_38,1,0.9998192191123962,0.949627345155487,0.9423115906484174,0.9236187198040211
calce_CX2_38,1,0.9997416138648987,0.949627345155487,0.9423039951772745,0.9160028502900698
calce_CX2_38,1,0.9996848106384277,0.949627345155487,0.9422984350706946,0.9114722944390865
calce_CX2_38,1,0.9985472559928894,0.949627345155487,0.9421869811264308,0.8686949471506429
calce_CX2_38,1,0.9996039271354675,0.949627345155487,0.942290517030924,0.9059924542284058
calce_CX2_38,1,0.9996371269226074,0.949627345155487,0.9422937672266586,0.9081277330103703
calce_CX2_38,1,0.9997072815895081,0.949627345155487,0.9423006346693165,0.9131838064262284
calce_CX2_38,1,0.999618649482727,0.949627345155487,0.9422919583418005,0.906921767659693
calce_CX2_38,1,0.9997463822364807,0.949627345155487,0.9423044618999589,0.9164165408577328
calce_CX2_38,1,0.9997063279151917,0.949627345155487,0.9423005413192502,0.9131091725650646
calce_CX2_38,1,0.9996329545974731,0.949627345155487,0.9422933587734401,0.9078513878193594
calce_CX2_38,1,0.9983795881271362,0.949627345155487,0.9421705364911344,0.8650437173528734
calce_CX2_38,1,0.9997320771217346,0.949627345155487,0.9423030617212727,0.9151925533083669
calce_CX2_38,1,0.999752938747406,0.949627345155487,0.9423051036378627,0.9169951125373179
calce_CX2_38,1,0.9996792078018188,0.949627345155487,0.9422978866173986,0.9110600890533773
calce_CX2_38,1,0.9997305274009705,0.949627345155487,0.9423029100333332,0.915062957217355
calce_CX2_38,1,0.9997348189353943,0.949627345155487,0.9423033300913252,0.9154232401025928
calce_CX2_38,1,0.9997143149375916,0.949627345155487,0.9423013231216759,0.9137400202883104
calce_CX2_38,1,0.9996916055679321,0.949627345155487,0.9422991002096149,0.911979759202039
calce_CX2_38,1,0.9997517466545105,0.949627345155487,0.9423049869587422,0.9168890584381663
calce_CX2_38,1,0.9997187256813049,0.949627345155487,0.9423017548590518,0.9140941661221494
calce_CX2_38,1,0.9997517466545105,0.949627345155487,0.9423049869587422,0.9168890584381663
calce_CX2_38,1,0.9997187256813049,0.949627345155487,0.9423017548590518,0.9140941661221494
calce_CX2_38,1,0.999735414981842,0.949627345155487,0.942303388432486,0.9154736288917756
calce_CX2_38,1,0.999727189540863,0.949627345155487,0.9423025833195767,0.914785738420424
calce_CX2_38,1,0.9997212290763855,0.949627345155487,0.9423019998978348,0.9142970495028556
calce_CX2_38,1,0.9997854828834534,0.949627345155487,0.9423082888922816,0.9200527740279973
calce_CX2_38,1,0.9997109770774841,0.949627345155487,0.9423009963994838,0.9134747713457986
calce_CX2_38,1,0.9997711777687073,0.949627345155487,0.942306888800784,0.9186682737625597
calce_CX2_38,1,0.999735414981842,0.949627345155487,0.942303388432486,0.9154736288917756
calce_CX2_38,1,0.9997634291648865,0.949627345155487,0.9423061304045711,0.9179455329934637
calce_CX2_38,1,0.9997000694274902,0.949627345155487,0.9422999287059227,0.9126239097692662
calce_CX2_38,1,0.999715268611908,0.949627345155487,0.9423014164705548,0.9138162383168758
calce_CX2_38,1,0.9997212290763855,0.949627345155487,0.9423019998978348,0.9142970495028556
calce_CX2_38,1,0.9997147917747498,0.949627345155487,0.9423013697961331,0.9137781050817906
calce_CX2_38,1,0.9997363686561584,0.949627345155487,0.9423034817782279,0.9155544305362395
calce_CX2_38,1,0.9996888637542725,0.949627345155487,0.9422988318210923,0.911773978023926
calce_CX2_38,1,0.9996888637542725,0.949627345155487,0.9422988318210923,0.911773978023926
calce_CX2_38,1,0.9997100234031677,0.949627345155487,0.942300903049967,0.9133994139849363
calce_CX2_38,1,0.9997145533561707,0.949627345155487,0.942301346458909,0.9137590566386697
calce_CX2_38,1,0.9997100234031677,0.949627345155487,0.942300903049967,0.9133994139849363
calce_CX2_38,1,0.9997100234031677,0.949627345155487,0.942300903049967,0.9133994139849363
calce_CX2_38,1,0.9997339844703674,0.949627345155487,0.9423032484136071,0.915352840087988
calce_CX2_38,1,0.9997339844703674,0.949627345155487,0.9423032484136071,0.915352840087988
calce_CX2_38,1,0.9997100234031677,0.949627345155487,0.942300903049967,0.9133994139849363
calce_CX2_38,1,0.9997339844703674,0.949627345155487,0.9423032484136071,0.915352840087988
calce_CX2_38,1,0.999666690826416,0.949627345155487,0.9422966613317177,0.9101586479201699
calce_CX2_38,1,0.9997145533561707,0.949627345155487,0.942301346458909,0.9137590566386697
calce_CX2_38,1,0.9997256398200989,0.949627345155487,0.9423024316304567,0.9146579049010279
calce_CX2_38,1,0.9997344613075256,0.949627345155487,0.9423032950866023,0.9153930480978888
calce_CX2_38,1,0.9997734427452087,0.949627345155487,0.9423071104840631,0.9188830347476397
calce_CX2_38,1,0.9996970891952515,0.949627345155487,0.9422996369831446,0.9123955362264616
calce_CX2_38,1,0.9996805191040039,0.949627345155487,0.9422980149792469,0.9111560681268891
calce_CX2_38,1,0.9998739957809448,1.0,0.9423169512491718,0.9306669339827939
calce_CX2_38,1,0.9995591044425964,0.949627345155487,0.9422861287022978,0.9033169246890924
calce_CX2_38,1,0.9996140599250793,0.949627345155487,0.9422915090298893,0.9066291640732936
calce_CX2_38,1,0.9996466636657715,0.949627345155487,0.9422947008238239,0.9087686090664419
calce_CX2_38,1,0.9997143149375916,0.949627345155487,0.9423013231216759,0.9137400202883104
calce_CX2_38,1,0.999600350856781,0.949627345155487,0.9422901669098205,0.9057707066893129
calce_CX2_38,1,0.9996927976608276,0.949627345155487,0.9422992168999115,0.9120696639195354
calce_CX2_38,1,0.9997722506523132,0.949627345155487,0.9423069938087526,0.9187698009596865
calce_CX2_38,1,0.999734103679657,0.949627345155487,0.9423032600818594,0.9153628869560337
calce_CX2_38,1,0.9997373223304749,0.949627345155487,0.9423035751238281,0.9156354544254287
calce_CX2_38,1,0.9996466636657715,0.949627345155487,0.9422947008238239,0.9087686090664419
calce_CX2_38,1,0.9997493624687195,0.949627345155487,0.9423047535998368,0.9166781038254268
calce_CX2_38,1,0.9997521042823792,0.949627345155487,0.9423050219625017,0.916920834033336
calce_CX2_38,1,0.9997697472572327,0.949627345155487,0.9423067487898797,0.9185334636203304
calce_CX2_38,1,0.9997653365135193,0.949627345155487,0.9423063170875841,0.9181217546001691
calce_CX2_38,1,0.9997441172599792,0.949627345155487,0.9423042402071257,0.9162193084668827
calce_CX2_38,1,0.9997286200523376,0.949627345155487,0.9423027233399709,0.9149042291948093
calce_CX2_38,1,0.9998286962509155,0.949627345155487,0.9423125181416343,0.9247103946962828
calce_CX2_38,1,0.9997722506523132,0.949627345155487,0.9423069938087526,0.9187698009596865
calce_CX2_38,1,0.9997429251670837,0.949627345155487,0.9423041235263659,0.9161160336375039
calce_CX2_38,1,0.9997534155845642,0.949627345155487,0.942305150309449,0.9170376428699784
calce_CX2_38,1,0.9997722506523132,0.949627345155487,0.9423069938087526,0.9187698009596865
calce_CX2_38,1,0.9998654127120972,0.949627345155487,0.9423161113165127,0.9294268113823065
calce_CX2_38,1,0.9997075200080872,0.949627345155487,0.942300658006811,0.9132024937850953
calce_CX2_38,1,0.9997047781944275,0.949627345155487,0.9423003896250904,0.91298828480386
calce_CX2_38,1,0.9996968507766724,0.949627345155487,0.9422996136452626,0.9123773403298161
calce_CX2_38,1,0.9996790885925293,0.949627345155487,0.9422978749481264,0.9110513785129877
calce_CX2_38,1,0.9996790885925293,0.949627345155487,0.9422978749481264,0.9110513785129877
calce_CX2_38,1,0.9996684789657593,0.949627345155487,0.9422968363740246,0.9102858280919387
calce_CX2_38,1,0.9996790885925293,0.949627345155487,0.9422978749481264,0.9110513785129877
calce_CX2_38,1,0.9997010231018066,0.949627345155487,0.9423000220569194,0.9126973539412101
calce_CX2_38,1,0.9997038245201111,0.949627345155487,0.9423002962746521,0.9129141320864249
calce_CX2_38,1,0.998839795589447,0.949627345155487,0.9422156625008693,0.8759460812047135
calce_CX2_38,1,0.9997038245201111,0.949627345155487,0.9423002962746521,0.9129141320864249
calce_CX2_38,1,0.9996856451034546,0.949627345155487,0.9422985167548094,0.9115341632370294
calce_CX2_38,1,0.9997130036354065,0.949627345155487,0.9423011947667361,0.9136355357354419
calce_CX2_38,1,0.9996954202651978,0.949627345155487,0.942299473617784,0.9122683930830605
calce_CX2_38,1,0.9997130036354065,0.949627345155487,0.9423011947667361,0.9136355357354419
calce_CX2_38,1,0.9996993541717529,0.949627345155487,0.9422998586925823,0.9125689431696927
calce_CX2_38,1,0.9999380111694336,1.0,0.9423232153847734,0.9427926334187848
calce_CX2_38,1,0.999966025352478,1.0,0.9423259564722742,0.9514824101806463
calce_CX2_38,1,0.9999228715896606,1.0,0.9423217339801958,0.9392867233360814
calce_CX2_38,1,0.9999313354492188,1.0,0.9423225621714095,0.941175990794757
calce_CX2_38,1,0.9999386072158813,1.0,0.9423232737070575,0.9429431754599498
calce_CX2_38,1,0.999927282333374,1.0,0.9423221655741931,0.9402508312157956
calce_CX2_38,1,0.9999353885650635,1.0,0.9423229587660658,0.942142759848798
calce_CX2_38,1,0.9999392032623291,1.0,0.9423233320292861,0.9430948084323169
calce_CX2_38,1,0.9999309778213501,1.0,0.9423225271776404,0.9410927472202496
calce_CX2_38,1,0.9999396800994873,1.0,0.9423233786870293,0.9432169127550967
calce_CX2_38,1,0.9999425411224365,1.0,0.9423236586327436,0.9439650115831751
calce_CX2_38,1,0.999937891960144,1.0,0.94232320372031,0.9427626543209492
calce_CX2_38,1,0.9998443126678467,0.949627345155487,0.942314046433251,0.92661303651196
calce_CX2_38,1,0.9999328851699829,1.0,0.9423227138108452,0.9415404893273551
calce_CX2_38,1,0.9999405145645142,1.0,0.9423234603379944,0.9434323333976243
calce_CX2_38,1,0.9999381303787231,1.0,0.9423232270492347,0.9428226554282823
calce_CX2_38,1,0.9999419450759888,1.0,0.942323600310825,0.9438069111159476
calce_CX2_38,1,0.9999387264251709,1.0,0.9423232853715076,0.9429734141922167
calce_CX2_38,1,0.9999412298202515,1.0,0.9423235303244495,0.9436187750876154
calce_CX2_38,1,0.9999401569366455,1.0,0.9423234253447369,0.9433397369090137
calce_CX2_38,1,0.9999328851699829,1.0,0.9423227138108452,0.9415404893273551
calce_CX2_38,1,0.9999381303787231,1.0,0.9423232270492347,0.9428226554282823
calce_CX2_38,1,0.9999457597732544,1.0,0.9423239735701474,0.9448404749922822
calce_CX2_38,1,0.9999381303787231,1.0,0.9423232270492347,0.9428226554282823
calce_CX2_38,1,0.9999243021011353,1.0,0.9423218739569595,0.9395947974649429
calce_CX2_38,1,0.9998295307159424,0.949627345155487,0.9423125998070329,0.9248086809661535
calce_CX2_38,1,0.9999411106109619,1.0,0.9423235186600458,0.9435875847731323
calce_CX2_38,1,0.9999328851699829,1.0,0.9423227138108452,0.9415404893273551
calce_CX2_38,1,0.999966025352478,1.0,0.9423259564722742,0.9514824101806463
calce_CX2_38,1,0.9999406337738037,1.0,0.9423234720024091,0.9434632908550581
calce_CX2_38,1,0.9999268054962158,1.0,0.9423221189155289,0.9401445354199558
calce_CX2_38,1,0.9999305009841919,1.0,0.9423224805192507,0.9409822540180859
calce_CX2_38,1,0.9999604225158691,1.0,0.942325408264558,0.9494031427772199
calce_CX2_38,1,0.9999284744262695,1.0,0.942322282220699,0.9405188619803396
calce_CX2_38,1,0.9999319314956665,1.0,0.9423226204943137,0.941315450441674
calce_CX2_38,1,0.9998672008514404,0.949627345155487,0.9423162863034302,0.9296801650369573
calce_CX2_38,1,0.9999371767044067,1.0,0.9423231337334826,0.9425836729486736
calce_CX2_38,1,0.9999328851699829,1.0,0.9423227138108452,0.9415404893273551
calce_CX2_38,1,0.9999375343322754,1.0,0.9423231687269062,0.9426729730757768
calce_CX2_38,1,0.9999375343322754,1.0,0.9423231687269062,0.9426729730757768
calce_CX2_38,1,0.9999401569366455,1.0,0.9423234253447369,0.9433397369090137
calce_CX2_38,1,0.9999366998672485,1.0,0.9423230870755536,0.9424651924905834
calce_CX2_38,1,0.9999370574951172,1.0,0.9423231220690038,0.9425539902828042
calce_CX2_38,1,0.9999366998672485,1.0,0.9423230870755536,0.9424651924905834
calce_CX2_38,1,0.9998571872711182,0.949627345155487,0.9423153063702734,0.9282929401285847
calce_CX2_38,1,0.9999401569366455,1.0,0.9423234253447369,0.9433397369090137
calce_CX2_38,1,0.9999366998672485,1.0,0.9423230870755536,0.9424651924905834
calce_CX2_38,1,0.9999401569366455,1.0,0.9423234253447369,0.9433397369090137
calce_CX2_38,1,0.9999328851699829,1.0,0.9423227138108452,0.9415404893273551
calce_CX2_38,1,0.9999364614486694,1.0,0.9423230637465758,0.9424062011084338
calce_CX2_38,1,0.9999376535415649,1.0,0.9423231803913763,0.9427028242908663
calce_CX2_38,1,0.9999239444732666,1.0,0.9423218389627984,0.9395173746339948
calce_CX2_38,1,0.9999510049819946,1.0,0.9423244867980132,0.9463536889861647
calce_CX2_38,1,0.9999239444732666,1.0,0.9423218389627984,0.9395173746339948
calce_CX2_38,1,0.9999406337738037,1.0,0.9423234720024091,0.9434632908550581
calce_CX2_38,1,0.9999268054962158,1.0,0.9423221189155289,0.9401445354199558
calce_CX2_38,1,0.9999395608901978,1.0,0.9423233670225967,0.943186319574616
calce_CX2_38,1,0.9999271631240845,1.0,0.9423221539095304,0.9402242086794362
calce_CX2_38,1,0.9999406337738037,1.0,0.9423234720024091,0.9434632908550581
calce_CX2_38,1,0.9999406337738037,1.0,0.9423234720024091,0.9434632908550581
calce_CX2_38,1,0.9999409914016724,1.0,0.9423235069956398,0.9435564413561068
calce_CX2_38,1,0.9999239444732666,1.0,0.9423218389627984,0.9395173746339948
calce_CX2_38,1,0.999937891960144,1.0,0.94232320372031,0.9427626543209492
calce_CX2_38,1,0.9999301433563232,1.0,0.9423224455254352,0.9408997540935768
calce_CX2_38,1,0.9999406337738037,1.0,0.9423234720024091,0.9434632908550581
calce_CX2_38,1,0.999950647354126,1.0,0.9423244518053403,0.9462467936071994
calce_CX2_38,1,0.9999639987945557,1.0,0.9423257581849414,0.950702934259308
calce_CX2_38,1,0.9999576807022095,1.0,0.942325139990914,0.9484643348264981
calce_CX2_38,1,0.9999542236328125,1.0,0.9423248017311717,0.9473427831972784
calce_CX2_38,1,0.9999542236328125,1.0,0.9423248017311717,0.9473427831972784
calce_CX2_38,1,0.9999302625656128,1.0,0.9423224571900426,0.940927219041464
calce_CX2_38,1,0.9999275207519531,1.0,0.942322188903512,0.9403041740161426
calce_CX2_38,1,0.9999239444732666,1.0,0.9423218389627984,0.9395173746339948
calce_CX2_38,1,0.9999555349349976,1.0,0.9423249300368105,0.9477605621379055
calce_CX2_38,1,0.9999305009841919,1.0,0.9423224805192507,0.9409822540180859
calce_CX2_38,1,0.9999409914016724,1.0,0.9423235069956398,0.9435564413561068
calce_CX2_38,1,0.9999573230743408,1.0,0.9423251049986132,0.9483452317599144
calce_CX2_38,1,0.9999243021011353,1.0,0.9423218739569595,0.9395947974649429
calce_CX2_38,1,0.9999247789382935,1.0,0.9423219206158099,0.9396984532929638
calce_CX2_38,1,0.9999229907989502,1.0,0.9423217456449382,0.9393122326477286
calce_CX2_38,1,0.9999552965164185,1.0,0.9423249067085324,0.9476839294736756
calce_CX2_38,1,0.9999406337738037,1.0,0.9423234720024091,0.9434632908550581
calce_CX2_38,1,0.9999592304229736,1.0,0.9423252916239871,0.948989232095168
calce_CX2_38,1,0.9999599456787109,1.0,0.9423253616083562,0.949236485766167
calce_CX2_38,1,0.9999510049819946,1.0,0.9423244867980132,0.9463536889861647
calce_CX2_38,1,0.9999368190765381,1.0,0.9423230987400392,0.9424947501901327
calce_CX2_38,1,0.99992835521698,1.0,0.9423222705560585,0.9404919097741588
calce_CX2_38,1,0.9999639987945557,1.0,0.9423257581849414,0.950702934259308
calce_CX2_38,1,0.9999406337738037,1.0,0.9423234720024091,0.9434632908550581
calce_CX2_38,1,0.9999305009841919,1.0,0.9423224805192507,0.9409822540180859
calce_CX2_38,1,0.9999239444732666,1.0,0.9423218389627984,0.9395173746339948
calce_CX2_38,1,0.9999569654464722,1.0,0.9423250700062926,0.9482268655870437
calce_CX2_38,1,0.999861478805542,0.949627345155487,0.9423157263435399,0.9288782125943934
calce_CX2_38,1,0.9999274015426636,1.0,0.9423221772388537,0.9402774862971464
calce_CX2_38,1,0.9998295307159424,0.949627345155487,0.9423125998070329,0.9248086809661535
calce_CX2_38,1,0.9999402761459351,1.0,0.9423234370091583,0.9433705565836519
calce_CX2_38,1,0.9999309778213501,1.0,0.9423225271776404,0.9410927472202496
calce_CX2_38,1,0.9999245405197144,1.0,0.9423218972863892,0.939646564332359
calce_CX2_38,1,0.9999613761901855,1.0,0.9423255015768551,0.9497409660170026
calce_CX2_38,1,0.9999244213104248,1.0,0.9423218856216755,0.9396206656787399
calce_CX2_38,1,0.9999319314956665,1.0,0.9423226204943137,0.941315450441674
calce_CX2_38,1,0.9999257326126099,1.0,0.9423220139334045,0.9399072435835091
calce_CX2_38,1,0.9999421834945679,1.0,0.942323623639599,0.9438700058852414
calce_CX2_38,1,0.9999295473098755,1.0,0.9423223872023649,0.9407629506371333
calce_CX2_38,1,0.9999256134033203,1.0,0.9423220022687129,0.9398810358853358
calce_CX2_38,1,0.9999301433563232,1.0,0.9423224455254352,0.9408997540935768
calce_CX2_38,1,0.9999433755874634,1.0,0.9423237402833367,0.9441884126600719
calce_CX2_38,1,0.9999393224716187,1.0,0.9423233436937252,0.943125267565535
calce_CX2_38,1,0.9999371767044067,1.0,0.9423231337334826,0.9425836729486736
calce_CX2_38,1,0.9999237060546875,1.0,0.9423218156333466,0.9394659100997714
calce_CX2_38,1,0.9999237060546875,1.0,0.9423218156333466,0.9394659100997714
calce_CX2_38,1,0.9999370574951172,1.0,0.9423231220690038,0.9425539902828042
calce_CX2_38,1,0.9999377727508545,1.0,0.9423231920558444,0.9427327179922398
calce_CX2_38,1,0.9999215602874756,1.0,0.9423216056678823,0.9390080433735261
calce_CX2_38,1,0.9999293088912964,1.0,0.9423223638731214,0.9407084706188962
calce_CX2_38,1,0.9999279975891113,1.0,0.9423222355621234,0.9404112531362798
calce_CX2_38,1,0.9999372959136963,1.0,0.9423231453979596,0.9426133975439077
calce_CX2_38,1,0.9999526739120483,1.0,0.9423246500968896,0.9468603285987942
calce_CX2_38,1,0.9999613761901855,1.0,0.9423255015768551,0.9497409660170026
calce_CX2_38,1,0.9999226331710815,1.0,0.942321710650704,0.9392357927972252
calce_CX2_38,1,0.9999274015426636,1.0,0.9423221772388537,0.9402774862971464
calce_CX2_38,1,0.9999228715896606,1.0,0.9423217339801958,0.9392867233360814
calce_CX2_38,1,0.9999558925628662,1.0,0.9423249650292109,0.9478760840060626
calce_CX2_38,1,0.9999597072601318,1.0,0.9423253382802421,0.9491537073616482
calce_CX2_38,1,0.9999302625656128,1.0,0.9423224571900426,0.940927219041464
calce_CX2_38,1,0.9999442100524902,1.0,0.9423238219338212,0.9444142733804771
calce_CX2_38,1,0.9999302625656128,1.0,0.9423224571900426,0.940927219041464
calce_CX2_38,1,0.9999212026596069,1.0,0.9423215706735684,0.938932643380046
calce_CX2_38,1,0.9999374151229858,1.0,0.9423231570624341,0.9426431642066537
calce_CX2_38,1,0.9999366998672485,1.0,0.9423230870755536,0.9424651924905834
calce_CX2_38,1,0.9999597072601318,1.0,0.9423253382802421,0.9491537073616482
calce_CX2_38,1,0.9999442100524902,1.0,0.9423238219338212,0.9444142733804771
calce_CX2_38,1,0.9999465942382812,1.0,0.942324055220322,0.9450737253688721
calce_CX2_38,1,0.9999579191207886,1.0,0.9423251633191035,0.9485441515813683
calce_CX2_38,1,0.9999315738677979,1.0,0.9423225855005779,0.9412316660569859
calce_CX2_38,1,0.9999343156814575,1.0,0.9423228537853766,0.9418825540784121
calce_CX2_38,1,0.9999315738677979,1.0,0.9423225855005779,0.9412316660569859
calce_CX2_38,1,0.9999597072601318,1.0,0.9423253382802421,0.9491537073616482
calce_CX2_38,1,0.9999465942382812,1.0,0.942324055220322,0.9450737253688721
calce_CX2_38,1,0.9999697208404541,1.0,0.9423263180534096,0.9529970591054043
calce_CX2_38,1,0.9999465942382812,1.0,0.942324055220322,0.9450737253688721
calce_CX2_38,1,0.9999597072601318,1.0,0.9423253382802421,0.9491537073616482
calce_CX2_38,1,0.9999319314956665,1.0,0.9423226204943137,0.941315450441674
calce_CX2_38,1,0.9999315738677979,1.0,0.9423225855005779,0.9412316660569859
calce_CX2_38,1,0.9999465942382812,1.0,0.942324055220322,0.9450737253688721
calce_CX2_38,1,0.9999597072601318,1.0,0.9423253382802421,0.9491537073616482
calce_CX2_38,1,0.9999558925628662,1.0,0.9423249650292109,0.9478760840060626
calce_CX2_38,1,0.9999465942382812,1.0,0.942324055220322,0.9450737253688721
calce_CX2_38,1,0.9999697208404541,1.0,0.9423263180534096,0.9529970591054043
calce_CX2_38,1,0.9999366998672485,1.0,0.9423230870755536,0.9424651924905834
calce_CX2_38,1,0.9999302625656128,1.0,0.9423224571900426,0.940927219041464
calce_CX2_38,1,0.999930739402771,1.0,0.9423225038484502,0.9410374297974249
calce_CX2_38,1,0.9999290704727173,1.0,0.942322340543869,0.9406541273150812
calce_CX2_38,1,0.9999290704727173,1.0,0.942322340543869,0.9406541273150812
calce_CX2_38,1,0.999933123588562,1.0,0.9423227371399558,0.9415971207200939
calce_CX2_38,1,0.9999302625656128,1.0,0.9423224571900426,0.940927219041464
calce_CX2_38,1,0.9999454021453857,1.0,0.9423239385771823,0.9447413258102609
calce_CX2_38,1,0.9999308586120605,1.0,0.9423225155130464,0.9410650707505446
calce_CX2_38,1,0.9999322891235352,1.0,0.9423226554880296,0.941399563257321
calce_CX2_38,1,0.9999346733093262,1.0,0.9423228887789596,0.9419689355376267
calce_CX2_38,1,0.9999306201934814,1.0,0.9423224921838517,0.9410098242550524
calce_CX2_38,1,0.9999502897262573,1.0,0.9423244168126476,0.9461404712991376
calce_CX2_38,1,0.9999374151229858,1.0,0.9423231570624341,0.9426431642066537
calce_CX2_38,1,0.9999412298202515,1.0,0.9423235303244495,0.9436187750876154
calce_CX2_38,1,0.9999436140060425,1.0,0.9423237636120576,0.9442526905582108
calce_CX2_38,1,0.9999463558197021,1.0,0.9423240318917118,0.945006807868746
calce_CX2_38,1,0.9999312162399292,1.0,0.9423225505068221,0.9411482071352638
calce_CX2_38,1,0.9999681711196899,1.0,0.9423261664228699,0.9523461279649889
calce_CX2_38,1,0.9999624490737915,1.0,0.94232560655302,0.9501284756124312
calce_CX2_38,1,0.9999607801437378,1.0,0.942325443256686,0.9495291132998932
calce_CX2_38,1,0.9999315738677979,1.0,0.9423225855005779,0.9412316660569859
calce_CX2_38,1,0.9999558925628662,1.0,0.9423249650292109,0.9478760840060626
calce_CX2_38,1,0.9999597072601318,1.0,0.9423253382802421,0.9491537073616482
calce_CX2_38,1,0.9999597072601318,1.0,0.9423253382802421,0.9491537073616482
calce_CX2_38,1,0.9999597072601318,1.0,0.9423253382802421,0.9491537073616482
calce_CX2_38,1,0.9999597072601318,1.0,0.9423253382802421,0.9491537073616482
calce_CX2_38,1,0.9999558925628662,1.0,0.9423249650292109,0.9478760840060626
calce_CX2_38,1,0.9999681711196899,1.0,0.9423261664228699,0.9523461279649889
calce_CX2_38,1,0.9999465942382812,1.0,0.942324055220322,0.9450737253688721
calce_CX2_38,1,0.9999303817749023,1.0,0.9423224688546479,0.9409547189816762
calce_CX2_38,1,0.9999558925628662,1.0,0.9423249650292109,0.9478760840060626
calce_CX2_38,1,0.9999597072601318,1.0,0.9423253382802421,0.9491537073616482
calce_CX2_38,1,0.9999597072601318,1.0,0.9423253382802421,0.9491537073616482
calce_CX2_38,1,0.9999465942382812,1.0,0.942324055220322,0.9450737253688721
calce_CX2_38,1,0.9999558925628662,1.0,0.9423249650292109,0.9478760840060626
calce_CX2_38,1,0.9999315738677979,1.0,0.9423225855005779,0.9412316660569859
calce_CX2_38,1,0.9999315738677979,1.0,0.9423225855005779,0.9412316660569859
calce_CX2_38,1,0.99992835521698,1.0,0.9423222705560585,0.9404919097741588
calce_CX2_38,1,0.9999607801437378,1.0,0.942325443256686,0.9495291132998932
calce_CX2_38,1,0.9999597072601318,1.0,0.9423253382802421,0.9491537073616482
calce_CX2_38,1,0.9999624490737915,1.0,0.94232560655302,0.9501284756124312
calce_CX2_38,1,0.9999624490737915,1.0,0.94232560655302,0.9501284756124312
calce_CX2_38,1,0.9999597072601318,1.0,0.9423253382802421,0.9491537073616482
calce_CX2_38,1,0.9999315738677979,1.0,0.9423225855005779,0.9412316660569859
calce_CX2_38,1,0.9999319314956665,1.0,0.9423226204943137,0.941315450441674
calce_CX2_38,1,0.9999597072601318,1.0,0.9423253382802421,0.9491537073616482
calce_CX2_38,1,0.9999315738677979,1.0,0.9423225855005779,0.9412316660569859
calce_CX2_38,1,0.9999315738677979,1.0,0.9423225855005779,0.9412316660569859
calce_CX2_38,1,0.9999465942382812,1.0,0.942324055220322,0.9450737253688721
calce_CX2_38,1,0.999930739402771,1.0,0.9423225038484502,0.9410374297974249
calce_CX2_38,1,0.9999406337738037,1.0,0.9423234720024091,0.9434632908550581
calce_CX2_38,1,0.9999302625656128,1.0,0.9423224571900426,0.940927219041464
calce_CX2_38,1,0.9999300241470337,1.0,0.9423224338608256,0.9408723240346251
calce_CX2_38,1,0.9999319314956665,1.0,0.9423226204943137,0.941315450441674
calce_CX2_38,1,0.9999309778213501,1.0,0.9423225271776404,0.9410927472202496
calce_CX2_38,1,0.9999306201934814,1.0,0.9423224921838517,0.9410098242550524
calce_CX2_38,1,0.9999370574951172,1.0,0.9423231220690038,0.9425539902828042
calce_CX2_38,1,0.9999439716339111,1.0,0.9423237986051224,0.944349487076468
calce_CX2_38,1,0.9999330043792725,1.0,0.9423227254754016,0.9415687862686055
calce_CX2_38,1,0.9999390840530396,1.0,0.9423233203648448,0.9430643936782585
calce_CX2_38,1,0.9999361038208008,1.0,0.9423230287530925,0.9423180220684326
calce_CX2_38,1,0.9999319314956665,1.0,0.9423226204943137,0.941315450441674
calce_CX2_38,1,0.9999316930770874,1.0,0.9423225971651586,0.9412595578769687
calce_CX2_38,1,0.9999327659606934,1.0,0.9423227021462866,0.9415122297810059
calce_CX2_38,1,0.9999386072158813,1.0,0.9423232737070575,0.9429431754599498
calce_CX2_38,1,0.9999428987503052,1.0,0.9423236936258682,0.9440604577230481
calce_CX2_38,1,0.9998407363891602,0.949627345155487,0.94231369644616,0.9261650371752737
calce_CX2_38,1,0.9999302625656128,1.0,0.9423224571900426,0.940927219041464
calce_CX2_38,1,0.9999343156814575,1.0,0.9423228537853766,0.9418825540784121
calce_CX2_38,1,0.9999322891235352,1.0,0.9423226554880296,0.941399563257321
calce_CX2_38,1,0.9999433755874634,1.0,0.9423237402833367,0.9441884126600719
calce_CX2_38,1,0.9999324083328247,1.0,0.942322667152597,0.9414276743663373
calce_CX2_38,1,0.9999290704727173,1.0,0.942322340543869,0.9406541273150812
calce_CX2_38,1,0.9999290704727173,1.0,0.942322340543869,0.9406541273150812
calce_CX2_38,1,0.9999312162399292,1.0,0.9423225505068221,0.9411482071352638
calce_CX2_38,1,0.9999322891235352,1.0,0.9423226554880296,0.941399563257321
calce_CX2_38,1,0.9999302625656128,1.0,0.9423224571900426,0.940927219041464
calce_CX2_38,1,0.9999451637268066,1.0,0.9423239152485279,0.9446754940021482
calce_CX2_38,1,0.9999403953552246,1.0,0.9423234486735773,0.9434014220269833
calce_CX2_38,1,0.9999306201934814,1.0,0.9423224921838517,0.9410098242550524
calce_CX2_38,1,0.9999322891235352,1.0,0.9423226554880296,0.941399563257321
calce_CX2_38,1,0.9999312162399292,1.0,0.9423225505068221,0.9411482071352638
calce_CX2_38,1,0.9999312162399292,1.0,0.9423225505068221,0.9411482071352638
calce_CX2_38,1,0.9999308586120605,1.0,0.9423225155130464,0.9410650707505446
calce_CX2_38,1,0.9999682903289795,1.0,0.9423261780867709,0.9523953584502465
calce_CX2_38,1,0.9999312162399292,1.0,0.9423225505068221,0.9411482071352638
calce_CX2_38,1,0.9999397993087769,1.0,0.9423233903514594,0.9432475509239862
calce_CX2_38,1,0.9999315738677979,1.0,0.9423225855005779,0.9412316660569859
calce_CX2_38,1,0.9999319314956665,1.0,0.9423226204943137,0.941315450441674
calce_CX2_38,1,0.999919056892395,1.0,0.9423213607072665,0.9384855265271282
calce_CX2_38,1,0.9999369382858276,1.0,0.9423231104045225,0.9425243494088658
calce_CX2_38,1,0.9999403953552246,1.0,0.9423234486735773,0.9434014220269833
calce_CX2_38,1,0.9999597072601318,1.0,0.9423253382802421,0.9491537073616482
calce_CX2_38,1,0.9999312162399292,1.0,0.9423225505068221,0.9411482071352638
calce_CX2_38,1,0.9999451637268066,1.0,0.9423239152485279,0.9446754940021482
calce_CX2_38,1,0.9999299049377441,1.0,0.9423224221962138,0.9408449287616997
calce_CX2_38,1,0.9999681711196899,1.0,0.9423261664228699,0.9523461279649889
calce_CX2_38,1,0.9999597072601318,1.0,0.9423253382802421,0.9491537073616482
calce_CX2_38,1,0.9999624490737915,1.0,0.94232560655302,0.9501284756124312
calce_CX2_38,1,0.9999624490737915,1.0,0.94232560655302,0.9501284756124312
calce_CX2_38,1,0.9999624490737915,1.0,0.94232560655302,0.9501284756124312
calce_CX2_38,1,0.9999582767486572,1.0,0.9423251983113711,0.9486645069372995
calce_CX2_38,1,0.9999308586120605,1.0,0.9423225155130464,0.9410650707505446
calce_CX2_38,1,0.9999312162399292,1.0,0.9423225505068221,0.9411482071352638
calce_CX2_38,1,0.9999624490737915,1.0,0.94232560655302,0.9501284756124312
calce_CX2_38,1,0.9999624490737915,1.0,0.94232560655302,0.9501284756124312
calce_CX2_38,1,0.9999624490737915,1.0,0.94232560655302,0.9501284756124312
calce_CX2_38,1,0.9999624490737915,1.0,0.94232560655302,0.9501284756124312
calce_CX2_38,1,0.9999624490737915,1.0,0.94232560655302,0.9501284756124312
calce_CX2_38,1,0.9999572038650513,1.0,0.9423250933345085,0.9483056950183109
calce_CX2_38,1,0.9999681711196899,1.0,0.9423261664228699,0.9523461279649889
calce_CX2_38,1,0.9999597072601318,1.0,0.9423253382802421,0.9491537073616482
calce_CX2_38,1,0.9999624490737915,1.0,0.94232560655302,0.9501284756124312
calce_CX2_38,1,0.9999624490737915,1.0,0.94232560655302,0.9501284756124312
calce_CX2_38,1,0.9999607801437378,1.0,0.942325443256686,0.9495291132998932
calce_CX2_38,1,0.9999624490737915,1.0,0.94232560655302,0.9501284756124312
calce_CX2_38,1,0.9999624490737915,1.0,0.94232560655302,0.9501284756124312
calce_CX2_38,1,0.9999607801437378,1.0,0.942325443256686,0.9495291132998932
calce_CX2_38,1,0.9999624490737915,1.0,0.94232560655302,0.9501284756124312
calce_CX2_38,1,0.9999624490737915,1.0,0.94232560655302,0.9501284756124312
calce_CX2_38,1,0.9999624490737915,1.0,0.94232560655302,0.9501284756124312
calce_CX2_38,1,0.9999624490737915,1.0,0.94232560655302,0.9501284756124312
calce_CX2_38,1,0.9999597072601318,1.0,0.9423253382802421,0.9491537073616482
calce_CX2_38,1,0.9999624490737915,1.0,0.94232560655302,0.9501284756124312
calce_CX2_38,1,0.9999624490737915,1.0,0.94232560655302,0.9501284756124312
calce_CX2_38,1,0.9999624490737915,1.0,0.94232560655302,0.9501284756124312
calce_CX2_38,1,0.9999597072601318,1.0,0.9423253382802421,0.9491537073616482
calce_CX2_38,1,0.9999597072601318,1.0,0.9423253382802421,0.9491537073616482
calce_CX2_38,1,0.9999579191207886,1.0,0.9423251633191035,0.9485441515813683
calce_CX2_38,1,0.9999624490737915,1.0,0.94232560655302,0.9501284756124312
calce_CX2_38,1,0.9999597072601318,1.0,0.9423253382802421,0.9491537073616482
calce_CX2_38,1,0.9999597072601318,1.0,0.9423253382802421,0.9491537073616482
calce_CX2_38,1,0.9999624490737915,1.0,0.94232560655302,0.9501284756124312
calce_CX2_38,1,0.9999589920043945,1.0,0.9423252682958464,0.9489075279478048
calce_CX2_38,1,0.9999352693557739,1.0,0.9423229471015536,0.9421136900191458
calce_CX2_38,1,0.9999599456787109,1.0,0.9423253616083562,0.949236485766167
calce_CX2_38,1,0.9999599456787109,1.0,0.9423253616083562,0.949236485766167
calce_CX2_38,1,0.9999561309814453,1.0,0.9423249883574668,0.9479534846714613
calce_CX2_38,1,0.9999589920043945,1.0,0.9423252682958464,0.9489075279478048
calce_CX2_38,1,0.9999579191207886,1.0,0.9423251633191035,0.9485441515813683
calce_CX2_38,1,0.9999597072601318,1.0,0.9423253382802421,0.9491537073616482
calce_CX2_38,1,0.9999465942382812,1.0,0.942324055220322,0.9450737253688721
calce_CX2_38,1,0.9999579191207886,1.0,0.9423251633191035,0.9485441515813683
calce_CX2_38,1,0.9999597072601318,1.0,0.9423253382802421,0.9491537073616482
calce_CX2_38,1,0.9999681711196899,1.0,0.9423261664228699,0.9523461279649889
calce_CX2_38,1,0.9999624490737915,1.0,0.94232560655302,0.9501284756124312
calce_CX2_38,1,0.9999624490737915,1.0,0.94232560655302,0.9501284756124312
calce_CX2_38,1,0.9999589920043945,1.0,0.9423252682958464,0.9489075279478048
calce_CX2_38,1,0.9999465942382812,1.0,0.942324055220322,0.9450737253688721
calce_CX2_38,1,0.9999589920043945,1.0,0.9423252682958464,0.9489075279478048
calce_CX2_38,1,0.9999624490737915,1.0,0.94232560655302,0.9501284756124312
calce_CX2_38,1,0.9999597072601318,1.0,0.9423253382802421,0.9491537073616482
calce_CX2_38,1,0.9999597072601318,1.0,0.9423253382802421,0.9491537073616482
calce_CX2_38,1,0.9999624490737915,1.0,0.94232560655302,0.9501284756124312
calce_CX2_38,1,0.9999465942382812,1.0,0.942324055220322,0.9450737253688721
calce_CX2_38,1,0.9999319314956665,1.0,0.9423226204943137,0.941315450441674
calce_CX2_38,1,0.9999624490737915,1.0,0.94232560655302,0.9501284756124312
calce_CX2_38,1,0.9999697208404541,1.0,0.9423263180534096,0.9529970591054043
calce_CX2_38,1,0.9999624490737915,1.0,0.94232560655302,0.9501284756124312
calce_CX2_38,1,0.9999681711196899,1.0,0.9423261664228699,0.9523461279649889
calce_CX2_38,1,0.9999624490737915,1.0,0.94232560655302,0.9501284756124312
calce_CX2_38,1,0.9999624490737915,1.0,0.94232560655302,0.9501284756124312
calce_CX2_38,1,0.9999624490737915,1.0,0.94232560655302,0.9501284756124312
calce_CX2_38,1,0.9999624490737915,1.0,0.94232560655302,0.9501284756124312
calce_CX2_38,1,0.9999607801437378,1.0,0.942325443256686,0.9495291132998932
calce_CX2_38,1,0.9999624490737915,1.0,0.94232560655302,0.9501284756124312
calce_CX2_38,1,0.9999607801437378,1.0,0.942325443256686,0.9495291132998932
calce_CX2_38,1,0.9999607801437378,1.0,0.942325443256686,0.9495291132998932
calce_CX2_38,1,0.9999624490737915,1.0,0.94232560655302,0.9501284756124312
calce_CX2_38,1,0.9999624490737915,1.0,0.94232560655302,0.9501284756124312
calce_CX2_38,1,0.9999624490737915,1.0,0.94232560655302,0.9501284756124312
calce_CX2_38,1,0.9999607801437378,1.0,0.942325443256686,0.9495291132998932
calce_CX2_38,1,0.9999624490737915,1.0,0.94232560655302,0.9501284756124312
calce_CX2_38,1,0.9999624490737915,1.0,0.94232560655302,0.9501284756124312
calce_CX2_38,1,0.9999624490737915,1.0,0.94232560655302,0.9501284756124312
calce_CX2_38,1,0.9999607801437378,1.0,0.942325443256686,0.9495291132998932
calce_CX2_38,1,0.9999624490737915,1.0,0.94232560655302,0.9501284756124312
calce_CX2_38,1,0.9999624490737915,1.0,0.94232560655302,0.9501284756124312
calce_CX2_38,1,0.9999624490737915,1.0,0.94232560655302,0.9501284756124312
calce_CX2_38,1,0.9999607801437378,1.0,0.942325443256686,0.9495291132998932
calce_CX2_38,1,0.9999607801437378,1.0,0.942325443256686,0.9495291132998932
calce_CX2_38,1,0.9999624490737915,1.0,0.94232560655302,0.9501284756124312
calce_CX2_38,1,0.9999624490737915,1.0,0.94232560655302,0.9501284756124312
calce_CX2_38,1,0.9999096393585205,1.0,0.9423204391800123,0.9366217849020881
calce_CX2_38,1,0.9999624490737915,1.0,0.94232560655302,0.9501284756124312
calce_CX2_38,1,0.9999624490737915,1.0,0.94232560655302,0.9501284756124312
calce_CX2_38,1,0.9999624490737915,1.0,0.94232560655302,0.9501284756124312
calce_CX2_38,1,0.9999624490737915,1.0,0.94232560655302,0.9501284756124312
calce_CX2_38,1,0.9999624490737915,1.0,0.94232560655302,0.9501284756124312
calce_CX2_38,1,0.9999624490737915,1.0,0.94232560655302,0.9501284756124312
calce_CX2_38,1,0.9999624490737915,1.0,0.94232560655302,0.9501284756124312
calce_CX2_38,1,0.9999607801437378,1.0,0.942325443256686,0.9495291132998932
calce_CX2_38,1,0.9999624490737915,1.0,0.94232560655302,0.9501284756124312
calce_CX2_38,1,0.9999624490737915,1.0,0.94232560655302,0.9501284756124312
calce_CX2_38,1,0.9999624490737915,1.0,0.94232560655302,0.9501284756124312
calce_CX2_38,1,0.9999624490737915,1.0,0.94232560655302,0.9501284756124312
calce_CX2_38,1,0.9999624490737915,1.0,0.94232560655302,0.9501284756124312
calce_CX2_38,1,0.9999624490737915,1.0,0.94232560655302,0.9501284756124312
calce_CX2_38,1,0.9999624490737915,1.0,0.94232560655302,0.9501284756124312
calce_CX2_38,1,0.9999624490737915,1.0,0.94232560655302,0.9501284756124312
calce_CX2_38,1,0.9999624490737915,1.0,0.94232560655302,0.9501284756124312
calce_CX2_38,1,0.9999624490737915,1.0,0.94232560655302,0.9501284756124312
calce_CX2_38,1,0.9999607801437378,1.0,0.942325443256686,0.9495291132998932
calce_CX2_38,1,0.9999624490737915,1.0,0.94232560655302,0.9501284756124312
calce_CX2_38,1,0.9999624490737915,1.0,0.94232560655302,0.9501284756124312
calce_CX2_38,1,0.9999624490737915,1.0,0.94232560655302,0.9501284756124312
calce_CX2_38,1,0.9999624490737915,1.0,0.94232560655302,0.9501284756124312
calce_CX2_38,1,0.9999624490737915,1.0,0.94232560655302,0.9501284756124312
calce_CX2_38,1,0.9999624490737915,1.0,0.94232560655302,0.9501284756124312
calce_CX2_38,1,0.9999607801437378,1.0,0.942325443256686,0.9495291132998932
calce_CX2_38,1,0.9999624490737915,1.0,0.94232560655302,0.9501284756124312
calce_CX2_38,1,0.9999607801437378,1.0,0.942325443256686,0.9495291132998932
calce_CX2_38,1,0.9999624490737915,1.0,0.94232560655302,0.9501284756124312
calce_CX2_38,1,0.9999607801437378,1.0,0.942325443256686,0.9495291132998932
calce_CX2_38,1,0.9999624490737915,1.0,0.94232560655302,0.9501284756124312
calce_CX2_38,1,0.9999624490737915,1.0,0.94232560655302,0.9501284756124312
calce_CX2_38,1,0.9999624490737915,1.0,0.94232560655302,0.9501284756124312
calce_CX2_38,1,0.9999681711196899,1.0,0.9423261664228699,0.9523461279649889
calce_CX2_38,1,0.9999624490737915,1.0,0.94232560655302,0.9501284756124312
calce_CX2_38,1,0.9999624490737915,1.0,0.94232560655302,0.9501284756124312
calce_CX2_38,1,0.9999607801437378,1.0,0.942325443256686,0.9495291132998932
calce_CX2_38,1,0.9999624490737915,1.0,0.94232560655302,0.9501284756124312
calce_CX2_38,1,0.9999624490737915,1.0,0.94232560655302,0.9501284756124312
calce_CX2_38,1,0.9999624490737915,1.0,0.94232560655302,0.9501284756124312
calce_CX2_38,1,0.9999624490737915,1.0,0.94232560655302,0.9501284756124312
calce_CX2_38,1,0.9999624490737915,1.0,0.94232560655302,0.9501284756124312
calce_CX2_38,1,0.9999624490737915,1.0,0.94232560655302,0.9501284756124312
calce_CX2_38,1,0.9999624490737915,1.0,0.94232560655302,0.9501284756124312
calce_CX2_38,1,0.9999600648880005,1.0,0.9423253732724101,0.9492780117839986
calce_CX2_38,1,0.9999674558639526,1.0,0.9423260964394178,0.9520535695227413
calce_CX2_38,1,0.9999617338180542,1.0,0.94232553656893,0.9498692411313356
calce_CX2_38,1,0.9999626874923706,1.0,0.9423256298810323,0.950215698436101
calce_CX2_38,1,0.9999617338180542,1.0,0.94232553656893,0.9498692411313356
calce_CX2_38,1,0.9999626874923706,1.0,0.9423256298810323,0.950215698436101
calce_CX2_38,1,0.9999607801437378,1.0,0.942325443256686,0.9495291132998932
calce_CX2_38,1,0.9999624490737915,1.0,0.94232560655302,0.9501284756124312
calce_CX2_38,1,0.9999624490737915,1.0,0.94232560655302,0.9501284756124312
calce_CX2_38,1,0.9999624490737915,1.0,0.94232560655302,0.9501284756124312
calce_CX2_38,1,0.9999681711196899,1.0,0.9423261664228699,0.9523461279649889
calce_CX2_38,1,0.9999681711196899,1.0,0.9423261664228699,0.9523461279649889
calce_CX2_38,1,0.9999607801437378,1.0,0.942325443256686,0.9495291132998932
calce_CX2_38,1,0.9999624490737915,1.0,0.94232560655302,0.9501284756124312
calce_CX2_38,1,0.9999624490737915,1.0,0.94232560655302,0.9501284756124312
calce_CX2_38,1,0.9999624490737915,1.0,0.94232560655302,0.9501284756124312
calce_CX2_38,1,0.9999624490737915,1.0,0.94232560655302,0.9501284756124312
calce_CX2_38,1,0.9999624490737915,1.0,0.94232560655302,0.9501284756124312
calce_CX2_38,1,0.9999624490737915,1.0,0.94232560655302,0.9501284756124312
calce_CX2_38,1,0.9999624490737915,1.0,0.94232560655302,0.9501284756124312
calce_CX2_38,1,0.9999624490737915,1.0,0.94232560655302,0.9501284756124312
calce_CX2_38,1,0.9999624490737915,1.0,0.94232560655302,0.9501284756124312
calce_CX2_38,1,0.9999624490737915,1.0,0.94232560655302,0.9501284756124312
calce_CX2_38,1,0.9999681711196899,1.0,0.9423261664228699,0.9523461279649889
calce_CX2_38,1,0.9999681711196899,1.0,0.9423261664228699,0.9523461279649889
calce_CX2_38,1,0.9999681711196899,1.0,0.9423261664228699,0.9523461279649889
calce_CX2_38,1,0.9999681711196899,1.0,0.9423261664228699,0.9523461279649889
calce_CX2_38,1,0.9999681711196899,1.0,0.9423261664228699,0.9523461279649889
calce_CX2_38,1,0.9999681711196899,1.0,0.9423261664228699,0.9523461279649889
calce_CX2_38,1,0.9999624490737915,1.0,0.94232560655302,0.9501284756124312
calce_CX2_38,1,0.9999624490737915,1.0,0.94232560655302,0.9501284756124312
calce_CX2_38,1,0.9999624490737915,1.0,0.94232560655302,0.9501284756124312
calce_CX2_38,1,0.9999681711196899,1.0,0.9423261664228699,0.9523461279649889
calce_CX2_38,1,0.9999681711196899,1.0,0.9423261664228699,0.9523461279649889
calce_CX2_38,1,0.9999681711196899,1.0,0.9423261664228699,0.9523461279649889
calce_CX2_38,1,0.9999681711196899,1.0,0.9423261664228699,0.9523461279649889
calce_CX2_38,1,0.9999681711196899,1.0,0.9423261664228699,0.9523461279649889
calce_CX2_38,1,0.9999681711196899,1.0,0.9423261664228699,0.9523461279649889
calce_CX2_38,1,0.9999681711196899,1.0,0.9423261664228699,0.9523461279649889
calce_CX2_38,1,0.9999681711196899,1.0,0.9423261664228699,0.9523461279649889
calce_CX2_38,1,0.9999681711196899,1.0,0.9423261664228699,0.9523461279649889
calce_CX2_38,1,0.9999681711196899,1.0,0.9423261664228699,0.9523461279649889
calce_CX2_38,1,0.9999681711196899,1.0,0.9423261664228699,0.9523461279649889
calce_CX2_38,1,0.9999681711196899,1.0,0.9423261664228699,0.9523461279649889
calce_CX2_38,1,0.9999681711196899,1.0,0.9423261664228699,0.9523461279649889
calce_CX2_38,1,0.9999681711196899,1.0,0.9423261664228699,0.9523461279649889
calce_CX2_38,1,0.9999697208404541,1.0,0.9423263180534096,0.9529970591054043
calce_CX2_38,1,0.9999681711196899,1.0,0.9423261664228699,0.9523461279649889
calce_CX2_38,1,0.9999681711196899,1.0,0.9423261664228699,0.9523461279649889
calce_CX2_38,1,0.9999697208404541,1.0,0.9423263180534096,0.9529970591054043
calce_CX2_38,1,0.9999681711196899,1.0,0.9423261664228699,0.9523461279649889
calce_CX2_38,1,0.9999681711196899,1.0,0.9423261664228699,0.9523461279649889
calce_CX2_38,1,0.9999681711196899,1.0,0.9423261664228699,0.9523461279649889
calce_CX2_38,1,0.9999681711196899,1.0,0.9423261664228699,0.9523461279649889
calce_CX2_38,1,0.9999681711196899,1.0,0.9423261664228699,0.9523461279649889
calce_CX2_38,1,0.9999681711196899,1.0,0.9423261664228699,0.9523461279649889
calce_CX2_38,1,0.9999681711196899,1.0,0.9423261664228699,0.9523461279649889
calce_CX2_38,1,0.9999681711196899,1.0,0.9423261664228699,0.9523461279649889
calce_CX2_38,1,0.9999697208404541,1.0,0.9423263180534096,0.9529970591054043
calce_CX2_38,1,0.9999681711196899,1.0,0.9423261664228699,0.9523461279649889
calce_CX2_38,1,0.9999697208404541,1.0,0.9423263180534096,0.9529970591054043
calce_CX2_38,1,0.9999697208404541,1.0,0.9423263180534096,0.9529970591054043
calce_CX2_38,1,0.9999681711196899,1.0,0.9423261664228699,0.9523461279649889
calce_CX2_38,1,0.9999681711196899,1.0,0.9423261664228699,0.9523461279649889
calce_CX2_38,1,0.9999681711196899,1.0,0.9423261664228699,0.9523461279649889
calce_CX2_38,1,0.9999697208404541,1.0,0.9423263180534096,0.9529970591054043
calce_CX2_38,1,0.9999697208404541,1.0,0.9423263180534096,0.9529970591054043
calce_CX2_38,1,0.9999669790267944,1.0,0.9423260497837386,0.9518611583994278
calce_CX2_38,1,0.9999727010726929,1.0,0.9423266096495492,0.9543213679483394
calce_CX2_38,1,0.9999681711196899,1.0,0.9423261664228699,0.9523461279649889
calce_CX2_38,1,0.9999681711196899,1.0,0.9423261664228699,0.9523461279649889
calce_CX2_38,1,0.9999681711196899,1.0,0.9423261664228699,0.9523461279649889
calce_CX2_38,1,0.9999697208404541,1.0,0.9423263180534096,0.9529970591054043
calce_CX2_38,1,0.9999681711196899,1.0,0.9423261664228699,0.9523461279649889
calce_CX2_38,1,0.9999681711196899,1.0,0.9423261664228699,0.9523461279649889
calce_CX2_38,1,0.9999681711196899,1.0,0.9423261664228699,0.9523461279649889
calce_CX2_38,1,0.9999681711196899,1.0,0.9423261664228699,0.9523461279649889
calce_CX2_38,1,0.9999681711196899,1.0,0.9423261664228699,0.9523461279649889
calce_CX2_38,1,0.9999681711196899,1.0,0.9423261664228699,0.9523461279649889
calce_CX2_38,1,0.9999681711196899,1.0,0.9423261664228699,0.9523461279649889
calce_CX2_38,1,0.9999681711196899,1.0,0.9423261664228699,0.9523461279649889
calce_CX2_38,1,0.9999697208404541,1.0,0.9423263180534096,0.9529970591054043
calce_CX2_38,1,0.9999681711196899,1.0,0.9423261664228699,0.9523461279649889
calce_CX2_38,1,0.9999681711196899,1.0,0.9423261664228699,0.9523461279649889
calce_CX2_38,1,0.9999681711196899,1.0,0.9423261664228699,0.9523461279649889
calce_CX2_38,1,0.9999681711196899,1.0,0.9423261664228699,0.9523461279649889
calce_CX2_38,1,0.9999681711196899,1.0,0.9423261664228699,0.9523461279649889
calce_CX2_38,1,0.9999681711196899,1.0,0.9423261664228699,0.9523461279649889
calce_CX2_38,1,0.9999681711196899,1.0,0.9423261664228699,0.9523461279649889
calce_CX2_38,1,0.9999681711196899,1.0,0.9423261664228699,0.9523461279649889
calce_CX2_38,1,0.9999669790267944,1.0,0.9423260497837386,0.9518611583994278
calce_CX2_38,1,0.9999681711196899,1.0,0.9423261664228699,0.9523461279649889
calce_CX2_38,1,0.9999681711196899,1.0,0.9423261664228699,0.9523461279649889
calce_CX2_38,1,0.9999681711196899,1.0,0.9423261664228699,0.9523461279649889
calce_CX2_38,1,0.9999681711196899,1.0,0.9423261664228699,0.9523461279649889
calce_CX2_38,1,0.9999681711196899,1.0,0.9423261664228699,0.9523461279649889
calce_CX2_38,1,0.9999681711196899,1.0,0.9423261664228699,0.9523461279649889
calce_CX2_38,1,0.9999681711196899,1.0,0.9423261664228699,0.9523461279649889
calce_CX2_38,1,0.9999681711196899,1.0,0.9423261664228699,0.9523461279649889
calce_CX2_38,1,0.9999681711196899,1.0,0.9423261664228699,0.9523461279649889
calce_CX2_38,1,0.9999681711196899,1.0,0.9423261664228699,0.9523461279649889
calce_CX2_38,1,0.9999697208404541,1.0,0.9423263180534096,0.9529970591054043
calce_CX2_38,1,0.9999681711196899,1.0,0.9423261664228699,0.9523461279649889
calce_CX2_38,1,0.9999681711196899,1.0,0.9423261664228699,0.9523461279649889
calce_CX2_38,1,0.9999681711196899,1.0,0.9423261664228699,0.9523461279649889
calce_CX2_38,1,0.9999681711196899,1.0,0.9423261664228699,0.9523461279649889
calce_CX2_38,1,0.9999697208404541,1.0,0.9423263180534096,0.9529970591054043
calce_CX2_38,1,0.9999681711196899,1.0,0.9423261664228699,0.9523461279649889
calce_CX2_38,1,0.9999697208404541,1.0,0.9423263180534096,0.9529970591054043
calce_CX2_38,1,0.9999681711196899,1.0,0.9423261664228699,0.9523461279649889
calce_CX2_38,1,0.9999681711196899,1.0,0.9423261664228699,0.9523461279649889
calce_CX2_38,1,0.9999681711196899,1.0,0.9423261664228699,0.9523461279649889
calce_CX2_38,1,0.9999697208404541,1.0,0.9423263180534096,0.9529970591054043
calce_CX2_38,1,0.9999681711196899,1.0,0.9423261664228699,0.9523461279649889
calce_CX2_38,1,0.9999681711196899,1.0,0.9423261664228699,0.9523461279649889
calce_CX2_38,1,0.9999681711196899,1.0,0.9423261664228699,0.9523461279649889
calce_CX2_38,1,0.9999302625656128,1.0,0.9423224571900426,0.940927219041464
calce_CX2_38,1,0.9999681711196899,1.0,0.9423261664228699,0.9523461279649889
calce_CX2_38,1,0.9999681711196899,1.0,0.9423261664228699,0.9523461279649889
calce_CX2_38,1,0.9999727010726929,1.0,0.9423266096495492,0.9543213679483394
calce_CX2_38,1,0.9999681711196899,1.0,0.9423261664228699,0.9523461279649889
calce_CX2_38,1,0.9999681711196899,1.0,0.9423261664228699,0.9523461279649889
calce_CX2_38,1,0.9999681711196899,1.0,0.9423261664228699,0.9523461279649889
calce_CX2_38,1,0.9999681711196899,1.0,0.9423261664228699,0.9523461279649889
calce_CX2_38,1,0.9999681711196899,1.0,0.9423261664228699,0.9523461279649889
calce_CX2_38,1,0.9999681711196899,1.0,0.9423261664228699,0.9523461279649889
calce_CX2_38,1,0.9999681711196899,1.0,0.9423261664228699,0.9523461279649889
calce_CX2_38,1,0.9999681711196899,1.0,0.9423261664228699,0.9523461279649889
calce_CX2_38,1,0.9999681711196899,1.0,0.9423261664228699,0.9523461279649889
calce_CX2_38,1,0.9999681711196899,1.0,0.9423261664228699,0.9523461279649889
calce_CX2_38,1,0.9999681711196899,1.0,0.9423261664228699,0.9523461279649889
calce_CX2_38,1,0.9999681711196899,1.0,0.9423261664228699,0.9523461279649889
calce_CX2_38,1,0.9999681711196899,1.0,0.9423261664228699,0.9523461279649889
calce_CX2_38,1,0.9999681711196899,1.0,0.9423261664228699,0.9523461279649889
calce_CX2_38,1,0.9999681711196899,1.0,0.9423261664228699,0.9523461279649889
calce_CX2_38,1,0.9999681711196899,1.0,0.9423261664228699,0.9523461279649889
calce_CX2_38,1,0.9999681711196899,1.0,0.9423261664228699,0.9523461279649889
calce_CX2_38,1,0.9999681711196899,1.0,0.9423261664228699,0.9523461279649889
calce_CX2_38,1,0.9999681711196899,1.0,0.9423261664228699,0.9523461279649889
calce_CX2_38,1,0.9999681711196899,1.0,0.9423261664228699,0.9523461279649889
calce_CX2_38,1,0.9999681711196899,1.0,0.9423261664228699,0.9523461279649889
calce_CX2_38,1,0.9999681711196899,1.0,0.9423261664228699,0.9523461279649889
calce_CX2_38,1,0.9999727010726929,1.0,0.9423266096495492,0.9543213679483394
calce_CX2_38,1,0.9999681711196899,1.0,0.9423261664228699,0.9523461279649889
calce_CX2_38,1,0.9999681711196899,1.0,0.9423261664228699,0.9523461279649889
calce_CX2_38,1,0.9999681711196899,1.0,0.9423261664228699,0.9523461279649889
calce_CX2_38,1,0.9999697208404541,1.0,0.9423263180534096,0.9529970591054043
calce_CX2_38,1,0.9999681711196899,1.0,0.9423261664228699,0.9523461279649889
calce_CX2_38,1,0.9999681711196899,1.0,0.9423261664228699,0.9523461279649889
calce_CX2_38,1,0.9999681711196899,1.0,0.9423261664228699,0.9523461279649889
calce_CX2_38,1,0.9999681711196899,1.0,0.9423261664228699,0.9523461279649889
calce_CX2_38,1,0.9999681711196899,1.0,0.9423261664228699,0.9523461279649889
calce_CX2_38,1,0.9999697208404541,1.0,0.9423263180534096,0.9529970591054043
calce_CX2_38,1,0.9999681711196899,1.0,0.9423261664228699,0.9523461279649889
calce_CX2_38,1,0.9999681711196899,1.0,0.9423261664228699,0.9523461279649889
calce_CX2_38,1,0.9999681711196899,1.0,0.9423261664228699,0.9523461279649889
calce_CX2_38,1,0.9999669790267944,1.0,0.9423260497837386,0.9518611583994278
calce_CX2_38,1,0.9999681711196899,1.0,0.9423261664228699,0.9523461279649889
calce_CX2_38,1,0.9999681711196899,1.0,0.9423261664228699,0.9523461279649889
calce_CX2_38,1,0.9999681711196899,1.0,0.9423261664228699,0.9523461279649889
calce_CX2_38,1,0.9999681711196899,1.0,0.9423261664228699,0.9523461279649889
calce_CX2_38,1,0.9999681711196899,1.0,0.9423261664228699,0.9523461279649889
calce_CX2_38,1,0.9999681711196899,1.0,0.9423261664228699,0.9523461279649889
calce_CX2_38,1,0.9999681711196899,1.0,0.9423261664228699,0.9523461279649889
calce_CX2_38,1,0.9999681711196899,1.0,0.9423261664228699,0.9523461279649889
calce_CX2_38,1,0.9999681711196899,1.0,0.9423261664228699,0.9523461279649889
calce_CX2_38,1,0.9999697208404541,1.0,0.9423263180534096,0.9529970591054043
calce_CX2_38,1,0.9999681711196899,1.0,0.9423261664228699,0.9523461279649889
calce_CX2_38,1,0.9999681711196899,1.0,0.9423261664228699,0.9523461279649889
calce_CX2_38,1,0.9999681711196899,1.0,0.9423261664228699,0.9523461279649889
calce_CX2_38,1,0.9999681711196899,1.0,0.9423261664228699,0.9523461279649889
calce_CX2_38,1,0.9999681711196899,1.0,0.9423261664228699,0.9523461279649889
calce_CX2_38,1,0.9999681711196899,1.0,0.9423261664228699,0.9523461279649889
calce_CX2_38,1,0.9999681711196899,1.0,0.9423261664228699,0.9523461279649889
calce_CX2_38,1,0.9999681711196899,1.0,0.9423261664228699,0.9523461279649889
calce_CX2_38,1,0.9999681711196899,1.0,0.9423261664228699,0.9523461279649889
calce_CX2_38,1,0.9999681711196899,1.0,0.9423261664228699,0.9523461279649889
calce_CX2_38,1,0.9999697208404541,1.0,0.9423263180534096,0.9529970591054043
calce_CX2_38,1,0.9999697208404541,1.0,0.9423263180534096,0.9529970591054043
calce_CX2_38,1,0.9999681711196899,1.0,0.9423261664228699,0.9523461279649889
calce_CX2_38,1,0.9999669790267944,1.0,0.9423260497837386,0.9518611583994278
calce_CX2_38,1,0.9999681711196899,1.0,0.9423261664228699,0.9523461279649889
calce_CX2_38,1,0.9999681711196899,1.0,0.9423261664228699,0.9523461279649889
calce_CX2_38,1,0.9999681711196899,1.0,0.9423261664228699,0.9523461279649889
calce_CX2_38,1,0.9999681711196899,1.0,0.9423261664228699,0.9523461279649889
calce_CX2_38,1,0.9999681711196899,1.0,0.9423261664228699,0.9523461279649889
calce_CX2_38,1,0.9999727010726929,1.0,0.9423266096495492,0.9543213679483394
calce_CX2_38,1,0.9999681711196899,1.0,0.9423261664228699,0.9523461279649889
calce_CX2_38,1,0.9999697208404541,1.0,0.9423263180534096,0.9529970591054043
calce_CX2_38,1,0.9999697208404541,1.0,0.9423263180534096,0.9529970591054043
calce_CX2_38,1,0.9999681711196899,1.0,0.9423261664228699,0.9523461279649889
calce_CX2_38,1,0.9999681711196899,1.0,0.9423261664228699,0.9523461279649889
calce_CX2_38,1,0.9999681711196899,1.0,0.9423261664228699,0.9523461279649889
calce_CX2_38,1,0.9999727010726929,1.0,0.9423266096495492,0.9543213679483394
calce_CX2_38,1,0.9999681711196899,1.0,0.9423261664228699,0.9523461279649889
calce_CX2_38,1,0.9999681711196899,1.0,0.9423261664228699,0.9523461279649889
calce_CX2_38,1,0.9999681711196899,1.0,0.9423261664228699,0.9523461279649889
calce_CX2_38,1,0.9999727010726929,1.0,0.9423266096495492,0.9543213679483394
calce_CX2_38,1,0.9999727010726929,1.0,0.9423266096495492,0.9543213679483394
calce_CX2_38,1,0.9999681711196899,1.0,0.9423261664228699,0.9523461279649889
calce_CX2_38,1,0.9999681711196899,1.0,0.9423261664228699,0.9523461279649889
calce_CX2_38,1,0.9999681711196899,1.0,0.9423261664228699,0.9523461279649889
calce_CX2_38,1,0.9999681711196899,1.0,0.9423261664228699,0.9523461279649889
calce_CX2_38,1,0.9999681711196899,1.0,0.9423261664228699,0.9523461279649889
calce_CX2_38,1,0.9999681711196899,1.0,0.9423261664228699,0.9523461279649889
calce_CX2_38,1,0.9999681711196899,1.0,0.9423261664228699,0.9523461279649889
calce_CX2_38,1,0.9999681711196899,1.0,0.9423261664228699,0.9523461279649889
calce_CX2_38,1,0.9999681711196899,1.0,0.9423261664228699,0.9523461279649889
calce_CX2_38,1,0.9999681711196899,1.0,0.9423261664228699,0.9523461279649889
calce_CX2_38,1,0.9999681711196899,1.0,0.9423261664228699,0.9523461279649889
calce_CX2_38,1,0.9999669790267944,1.0,0.9423260497837386,0.9518611583994278
calce_CX2_38,1,0.9999681711196899,1.0,0.9423261664228699,0.9523461279649889
calce_CX2_38,1,0.9999681711196899,1.0,0.9423261664228699,0.9523461279649889
calce_CX2_38,1,0.9999681711196899,1.0,0.9423261664228699,0.9523461279649889
calce_CX2_38,1,0.9999697208404541,1.0,0.9423263180534096,0.9529970591054043
calce_CX2_38,1,0.9999697208404541,1.0,0.9423263180534096,0.9529970591054043
calce_CX2_38,1,0.9999681711196899,1.0,0.9423261664228699,0.9523461279649889
calce_CX2_38,1,0.9999681711196899,1.0,0.9423261664228699,0.9523461279649889
calce_CX2_38,1,0.9999669790267944,1.0,0.9423260497837386,0.9518611583994278
calce_CX2_38,1,0.9999681711196899,1.0,0.9423261664228699,0.9523461279649889
calce_CX2_38,1,0.9999681711196899,1.0,0.9423261664228699,0.9523461279649889
calce_CX2_38,1,0.9999681711196899,1.0,0.9423261664228699,0.9523461279649889
calce_CX2_38,1,0.9999681711196899,1.0,0.9423261664228699,0.9523461279649889
calce_CX2_38,1,0.9999681711196899,1.0,0.9423261664228699,0.9523461279649889
calce_CX2_38,1,0.9999681711196899,1.0,0.9423261664228699,0.9523461279649889
calce_CX2_38,1,0.9999681711196899,1.0,0.9423261664228699,0.9523461279649889
calce_CX2_38,1,0.9999681711196899,1.0,0.9423261664228699,0.9523461279649889
calce_CX2_38,1,0.9999681711196899,1.0,0.9423261664228699,0.9523461279649889
calce_CX2_38,1,0.9999681711196899,1.0,0.9423261664228699,0.9523461279649889
calce_CX2_38,1,0.9999697208404541,1.0,0.9423263180534096,0.9529970591054043
calce_CX2_38,1,0.9999681711196899,1.0,0.9423261664228699,0.9523461279649889
calce_CX2_38,1,0.9999681711196899,1.0,0.9423261664228699,0.9523461279649889
calce_CX2_38,1,0.9999681711196899,1.0,0.9423261664228699,0.9523461279649889
calce_CX2_38,1,0.9999681711196899,1.0,0.9423261664228699,0.9523461279649889
calce_CX2_38,1,0.9999681711196899,1.0,0.9423261664228699,0.9523461279649889
calce_CX2_38,1,0.9999681711196899,1.0,0.9423261664228699,0.9523461279649889
calce_CX2_38,1,0.9999681711196899,1.0,0.9423261664228699,0.9523461279649889
calce_CX2_38,1,0.9999681711196899,1.0,0.9423261664228699,0.9523461279649889
calce_CX2_38,1,0.9999681711196899,1.0,0.9423261664228699,0.9523461279649889
calce_CX2_38,1,0.9999681711196899,1.0,0.9423261664228699,0.9523461279649889
calce_CX2_38,1,0.9999681711196899,1.0,0.9423261664228699,0.9523461279649889
calce_CX2_38,1,0.9999681711196899,1.0,0.9423261664228699,0.9523461279649889
calce_CX2_38,1,0.9999681711196899,1.0,0.9423261664228699,0.9523461279649889
calce_CX2_38,1,0.9999681711196899,1.0,0.9423261664228699,0.9523461279649889
calce_CX2_38,1,0.9999681711196899,1.0,0.9423261664228699,0.9523461279649889
calce_CX2_38,1,0.9999681711196899,1.0,0.9423261664228699,0.9523461279649889
calce_CX2_38,1,0.9999681711196899,1.0,0.9423261664228699,0.9523461279649889
calce_CX2_38,1,0.9999681711196899,1.0,0.9423261664228699,0.9523461279649889
calce_CX2_38,1,0.9999681711196899,1.0,0.9423261664228699,0.9523461279649889
calce_CX2_38,1,0.9999681711196899,1.0,0.9423261664228699,0.9523461279649889
calce_CX2_38,1,0.9999681711196899,1.0,0.9423261664228699,0.9523461279649889
calce_CX2_38,1,0.9999681711196899,1.0,0.9423261664228699,0.9523461279649889
calce_CX2_38,1,0.9999681711196899,1.0,0.9423261664228699,0.9523461279649889
calce_CX2_38,1,0.9999681711196899,1.0,0.9423261664228699,0.9523461279649889
calce_CX2_38,1,0.9999681711196899,1.0,0.9423261664228699,0.9523461279649889
calce_CX2_38,1,0.9999681711196899,1.0,0.9423261664228699,0.9523461279649889
calce_CX2_38,1,0.9999681711196899,1.0,0.9423261664228699,0.9523461279649889
calce_CX2_38,1,0.9999681711196899,1.0,0.9423261664228699,0.9523461279649889
calce_CX2_38,1,0.9999681711196899,1.0,0.9423261664228699,0.9523461279649889
calce_CX2_38,1,0.9999681711196899,1.0,0.9423261664228699,0.9523461279649889
calce_CX2_38,1,0.9999681711196899,1.0,0.9423261664228699,0.9523461279649889
calce_CX2_38,1,0.9999681711196899,1.0,0.9423261664228699,0.9523461279649889
calce_CX2_38,1,0.9999681711196899,1.0,0.9423261664228699,0.9523461279649889
calce_CX2_38,1,0.9999681711196899,1.0,0.9423261664228699,0.9523461279649889
calce_CX2_38,1,0.9999681711196899,1.0,0.9423261664228699,0.9523461279649889
calce_CX2_38,1,0.9999681711196899,1.0,0.9423261664228699,0.9523461279649889
calce_CX2_38,1,0.9999681711196899,1.0,0.9423261664228699,0.9523461279649889
calce_CX2_38,1,0.9999697208404541,1.0,0.9423263180534096,0.9529970591054043
calce_CX2_38,1,0.9999681711196899,1.0,0.9423261664228699,0.9523461279649889
calce_CX2_38,1,0.9999681711196899,1.0,0.9423261664228699,0.9523461279649889
calce_CX2_38,1,0.9999681711196899,1.0,0.9423261664228699,0.9523461279649889
calce_CX2_38,1,0.9999681711196899,1.0,0.9423261664228699,0.9523461279649889
calce_CX2_38,1,0.9999681711196899,1.0,0.9423261664228699,0.9523461279649889
calce_CX2_38,1,0.9999727010726929,1.0,0.9423266096495492,0.9543213679483394
calce_CX2_38,1,0.9999681711196899,1.0,0.9423261664228699,0.9523461279649889
calce_CX2_38,1,0.9999681711196899,1.0,0.9423261664228699,0.9523461279649889
calce_CX2_38,1,0.9999681711196899,1.0,0.9423261664228699,0.9523461279649889
calce_CX2_38,1,0.9999681711196899,1.0,0.9423261664228699,0.9523461279649889
calce_CX2_38,1,0.9999681711196899,1.0,0.9423261664228699,0.9523461279649889
calce_CX2_38,1,0.9999681711196899,1.0,0.9423261664228699,0.9523461279649889
calce_CX2_38,1,0.9999681711196899,1.0,0.9423261664228699,0.9523461279649889
calce_CX2_38,1,0.9999681711196899,1.0,0.9423261664228699,0.9523461279649889
calce_CX2_38,1,0.9999681711196899,1.0,0.9423261664228699,0.9523461279649889
calce_CX2_38,1,0.9999681711196899,1.0,0.9423261664228699,0.9523461279649889
calce_CX2_38,1,0.9999727010726929,1.0,0.9423266096495492,0.9543213679483394
calce_CX2_38,1,0.9999681711196899,1.0,0.9423261664228699,0.9523461279649889
calce_CX2_38,1,0.9999681711196899,1.0,0.9423261664228699,0.9523461279649889
calce_CX2_38,1,0.9999681711196899,1.0,0.9423261664228699,0.9523461279649889
calce_CX2_38,1,0.9999681711196899,1.0,0.9423261664228699,0.9523461279649889
calce_CX2_38,1,0.9999681711196899,1.0,0.9423261664228699,0.9523461279649889
calce_CX2_38,1,0.9999681711196899,1.0,0.9423261664228699,0.9523461279649889
calce_CX2_38,1,0.9999681711196899,1.0,0.9423261664228699,0.9523461279649889
calce_CX2_38,1,0.9999681711196899,1.0,0.9423261664228699,0.9523461279649889
calce_CX2_38,1,0.9999681711196899,1.0,0.9423261664228699,0.9523461279649889
calce_CX2_38,1,0.9999681711196899,1.0,0.9423261664228699,0.9523461279649889
calce_CX2_38,1,0.9999697208404541,1.0,0.9423263180534096,0.9529970591054043
calce_CX2_38,1,0.9999681711196899,1.0,0.9423261664228699,0.9523461279649889
calce_CX2_38,1,0.9999681711196899,1.0,0.9423261664228699,0.9523461279649889
calce_CX2_38,1,0.9999681711196899,1.0,0.9423261664228699,0.9523461279649889
calce_CX2_38,1,0.9999681711196899,1.0,0.9423261664228699,0.9523461279649889
calce_CX2_38,1,0.9999681711196899,1.0,0.9423261664228699,0.9523461279649889
calce_CX2_38,1,0.9999681711196899,1.0,0.9423261664228699,0.9523461279649889
calce_CX2_38,1,0.9999681711196899,1.0,0.9423261664228699,0.9523461279649889
calce_CX2_38,1,0.9999681711196899,1.0,0.9423261664228699,0.9523461279649889
calce_CX2_38,1,0.9999669790267944,1.0,0.9423260497837386,0.9518611583994278
calce_CX2_38,1,0.9999681711196899,1.0,0.9423261664228699,0.9523461279649889
calce_CX2_38,1,0.9999681711196899,1.0,0.9423261664228699,0.9523461279649889
calce_CX2_38,1,0.9999681711196899,1.0,0.9423261664228699,0.9523461279649889
calce_CX2_38,1,0.9999681711196899,1.0,0.9423261664228699,0.9523461279649889
calce_CX2_38,1,0.9999681711196899,1.0,0.9423261664228699,0.9523461279649889
calce_CX2_38,1,0.9999681711196899,1.0,0.9423261664228699,0.9523461279649889
calce_CX2_38,1,0.9999681711196899,1.0,0.9423261664228699,0.9523461279649889
calce_CX2_38,1,0.9999697208404541,1.0,0.9423263180534096,0.9529970591054043
calce_CX2_38,1,0.9999681711196899,1.0,0.9423261664228699,0.9523461279649889
calce_CX2_38,1,0.9999681711196899,1.0,0.9423261664228699,0.9523461279649889
calce_CX2_38,1,0.9999681711196899,1.0,0.9423261664228699,0.9523461279649889
calce_CX2_38,1,0.9999681711196899,1.0,0.9423261664228699,0.9523461279649889
calce_CX2_38,1,0.9999681711196899,1.0,0.9423261664228699,0.9523461279649889
calce_CX2_38,1,0.9999681711196899,1.0,0.9423261664228699,0.9523461279649889
calce_CX2_38,1,0.9999681711196899,1.0,0.9423261664228699,0.9523461279649889
calce_CX2_38,1,0.9999681711196899,1.0,0.9423261664228699,0.9523461279649889
calce_CX2_38,1,0.9999681711196899,1.0,0.9423261664228699,0.9523461279649889
calce_CX2_38,1,0.9999681711196899,1.0,0.9423261664228699,0.9523461279649889
calce_CX2_38,1,0.9999681711196899,1.0,0.9423261664228699,0.9523461279649889
calce_CX2_38,1,0.9999681711196899,1.0,0.9423261664228699,0.9523461279649889
calce_CX2_38,1,0.9999681711196899,1.0,0.9423261664228699,0.9523461279649889
calce_CX2_38,1,0.9999681711196899,1.0,0.9423261664228699,0.9523461279649889
calce_CX2_38,1,0.9999681711196899,1.0,0.9423261664228699,0.9523461279649889
calce_CX2_38,1,0.9999681711196899,1.0,0.9423261664228699,0.9523461279649889
calce_CX2_38,1,0.9999681711196899,1.0,0.9423261664228699,0.9523461279649889
calce_CX2_38,1,0.9999681711196899,1.0,0.9423261664228699,0.9523461279649889
calce_CX2_38,1,0.9999681711196899,1.0,0.9423261664228699,0.9523461279649889
calce_CX2_38,1,0.9999681711196899,1.0,0.9423261664228699,0.9523461279649889
calce_CX2_38,1,0.9999681711196899,1.0,0.9423261664228699,0.9523461279649889
calce_CX2_38,1,0.9999681711196899,1.0,0.9423261664228699,0.9523461279649889
calce_CX2_38,1,0.9999681711196899,1.0,0.9423261664228699,0.9523461279649889
calce_CX2_38,1,0.9999681711196899,1.0,0.9423261664228699,0.9523461279649889
calce_CX2_38,1,0.9999681711196899,1.0,0.9423261664228699,0.9523461279649889
calce_CX2_38,1,0.9999681711196899,1.0,0.9423261664228699,0.9523461279649889
calce_CX2_38,1,0.9999681711196899,1.0,0.9423261664228699,0.9523461279649889
calce_CX2_38,1,0.9999681711196899,1.0,0.9423261664228699,0.9523461279649889
calce_CX2_38,1,0.9999681711196899,1.0,0.9423261664228699,0.9523461279649889
calce_CX2_38,1,0.9999681711196899,1.0,0.9423261664228699,0.9523461279649889
calce_CX2_38,1,0.9999681711196899,1.0,0.9423261664228699,0.9523461279649889
calce_CX2_38,1,0.9999681711196899,1.0,0.9423261664228699,0.9523461279649889
calce_CX2_38,1,0.9999681711196899,1.0,0.9423261664228699,0.9523461279649889
calce_CX2_38,1,0.9999681711196899,1.0,0.9423261664228699,0.9523461279649889
calce_CX2_38,1,0.9999681711196899,1.0,0.9423261664228699,0.9523461279649889
calce_CX2_38,1,0.9999681711196899,1.0,0.9423261664228699,0.9523461279649889
calce_CX2_38,1,0.9999681711196899,1.0,0.9423261664228699,0.9523461279649889
calce_CX2_38,1,0.9999681711196899,1.0,0.9423261664228699,0.9523461279649889
calce_CX2_38,1,0.9999681711196899,1.0,0.9423261664228699,0.9523461279649889
calce_CX2_38,1,0.9999681711196899,1.0,0.9423261664228699,0.9523461279649889
calce_CX2_38,1,0.9999681711196899,1.0,0.9423261664228699,0.9523461279649889
calce_CX2_38,1,0.9999681711196899,1.0,0.9423261664228699,0.9523461279649889
calce_CX2_38,1,0.9999681711196899,1.0,0.9423261664228699,0.9523461279649889
calce_CX2_38,1,0.9999697208404541,1.0,0.9423263180534096,0.9529970591054043
calce_CX2_38,1,0.9999681711196899,1.0,0.9423261664228699,0.9523461279649889
calce_CX2_38,1,0.9999681711196899,1.0,0.9423261664228699,0.9523461279649889
calce_CX2_38,1,0.9999681711196899,1.0,0.9423261664228699,0.9523461279649889
calce_CX2_38,1,0.9999681711196899,1.0,0.9423261664228699,0.9523461279649889
calce_CX2_38,1,0.9999681711196899,1.0,0.9423261664228699,0.9523461279649889
calce_CX2_38,1,0.9999681711196899,1.0,0.9423261664228699,0.9523461279649889
calce_CX2_38,1,0.9999681711196899,1.0,0.9423261664228699,0.9523461279649889
calce_CX2_38,1,0.9999681711196899,1.0,0.9423261664228699,0.9523461279649889
calce_CX2_38,1,0.9999681711196899,1.0,0.9423261664228699,0.9523461279649889
calce_CX2_38,1,0.9999681711196899,1.0,0.9423261664228699,0.9523461279649889
calce_CX2_38,1,0.9999681711196899,1.0,0.9423261664228699,0.9523461279649889
calce_CX2_38,1,0.9999681711196899,1.0,0.9423261664228699,0.9523461279649889
calce_CX2_38,1,0.9999697208404541,1.0,0.9423263180534096,0.9529970591054043
calce_CX2_38,1,0.9999681711196899,1.0,0.9423261664228699,0.9523461279649889
calce_CX2_38,1,0.9999681711196899,1.0,0.9423261664228699,0.9523461279649889
calce_CX2_38,1,0.9999681711196899,1.0,0.9423261664228699,0.9523461279649889
calce_CX2_38,1,0.9999681711196899,1.0,0.9423261664228699,0.9523461279649889
calce_CX2_38,1,0.9999681711196899,1.0,0.9423261664228699,0.9523461279649889
calce_CX2_38,1,0.9999681711196899,1.0,0.9423261664228699,0.9523461279649889
calce_CX2_38,1,0.9999681711196899,1.0,0.9423261664228699,0.9523461279649889
calce_CX2_38,1,0.9999681711196899,1.0,0.9423261664228699,0.9523461279649889
calce_CX2_38,1,0.9999681711196899,1.0,0.9423261664228699,0.9523461279649889
calce_CX2_38,1,0.9999681711196899,1.0,0.9423261664228699,0.9523461279649889
calce_CX2_38,1,0.9999727010726929,1.0,0.9423266096495492,0.9543213679483394
calce_CX2_38,1,0.9999681711196899,1.0,0.9423261664228699,0.9523461279649889
calce_CX2_38,1,0.9999681711196899,1.0,0.9423261664228699,0.9523461279649889
calce_CX2_38,1,0.9999681711196899,1.0,0.9423261664228699,0.9523461279649889
calce_CX2_38,1,0.9999697208404541,1.0,0.9423263180534096,0.9529970591054043
calce_CX2_38,1,0.9999681711196899,1.0,0.9423261664228699,0.9523461279649889
calce_CX2_38,1,0.9999681711196899,1.0,0.9423261664228699,0.9523461279649889
calce_CX2_38,1,0.9999681711196899,1.0,0.9423261664228699,0.9523461279649889
calce_CX2_38,1,0.9999681711196899,1.0,0.9423261664228699,0.9523461279649889
calce_CX2_38,1,0.9999681711196899,1.0,0.9423261664228699,0.9523461279649889
calce_CX2_38,1,0.9999681711196899,1.0,0.9423261664228699,0.9523461279649889
calce_CX2_38,1,0.9999681711196899,1.0,0.9423261664228699,0.9523461279649889
calce_CX2_38,1,0.9999681711196899,1.0,0.9423261664228699,0.9523461279649889
calce_CX2_38,1,0.9999681711196899,1.0,0.9423261664228699,0.9523461279649889
calce_CX2_38,1,0.9999681711196899,1.0,0.9423261664228699,0.9523461279649889
calce_CX2_38,1,0.9999681711196899,1.0,0.9423261664228699,0.9523461279649889
calce_CX2_38,1,0.9999681711196899,1.0,0.9423261664228699,0.9523461279649889
calce_CX2_38,1,0.9999681711196899,1.0,0.9423261664228699,0.9523461279649889
calce_CX2_38,1,0.9999681711196899,1.0,0.9423261664228699,0.9523461279649889
calce_CX2_38,1,0.9999681711196899,1.0,0.9423261664228699,0.9523461279649889
calce_CX2_38,1,0.9999681711196899,1.0,0.9423261664228699,0.9523461279649889
calce_CX2_38,1,0.9999681711196899,1.0,0.9423261664228699,0.9523461279649889
calce_CX2_38,1,0.9999681711196899,1.0,0.9423261664228699,0.9523461279649889
calce_CX2_38,1,0.9999681711196899,1.0,0.9423261664228699,0.9523461279649889
calce_CX2_38,1,0.9999681711196899,1.0,0.9423261664228699,0.9523461279649889
calce_CX2_38,1,0.9999681711196899,1.0,0.9423261664228699,0.9523461279649889
calce_CX2_38,1,0.9999681711196899,1.0,0.9423261664228699,0.9523461279649889
calce_CX2_38,1,0.9999681711196899,1.0,0.9423261664228699,0.9523461279649889
calce_CX2_38,1,0.9999681711196899,1.0,0.9423261664228699,0.9523461279649889
calce_CX2_38,1,0.9999681711196899,1.0,0.9423261664228699,0.9523461279649889
calce_CX2_38,1,0.9999681711196899,1.0,0.9423261664228699,0.9523461279649889
calce_CX2_38,1,0.9999681711196899,1.0,0.9423261664228699,0.9523461279649889
calce_CX2_38,1,0.9999681711196899,1.0,0.9423261664228699,0.9523461279649889
calce_CX2_38,1,0.9999681711196899,1.0,0.9423261664228699,0.9523461279649889
calce_CX2_38,1,0.9999681711196899,1.0,0.9423261664228699,0.9523461279649889
calce_CX2_38,1,0.9999681711196899,1.0,0.9423261664228699,0.9523461279649889
calce_CX2_38,1,0.9999681711196899,1.0,0.9423261664228699,0.9523461279649889
calce_CX2_38,1,0.9999681711196899,1.0,0.9423261664228699,0.9523461279649889
calce_CX2_38,1,0.9999681711196899,1.0,0.9423261664228699,0.9523461279649889
calce_CX2_38,1,0.9999681711196899,1.0,0.9423261664228699,0.9523461279649889
calce_CX2_38,1,0.9999681711196899,1.0,0.9423261664228699,0.9523461279649889
calce_CX2_38,1,0.9999681711196899,1.0,0.9423261664228699,0.9523461279649889
calce_CX2_38,1,0.9999681711196899,1.0,0.9423261664228699,0.9523461279649889
calce_CX2_38,1,0.9999681711196899,1.0,0.9423261664228699,0.9523461279649889
calce_CX2_38,1,0.9999697208404541,1.0,0.9423263180534096,0.9529970591054043
calce_CX2_38,1,0.9999697208404541,1.0,0.9423263180534096,0.9529970591054043
calce_CX2_38,1,0.9999697208404541,1.0,0.9423263180534096,0.9529970591054043
calce_CX2_38,1,0.9999681711196899,1.0,0.9423261664228699,0.9523461279649889
calce_CX2_38,1,0.9999681711196899,1.0,0.9423261664228699,0.9523461279649889
calce_CX2_38,1,0.9999681711196899,1.0,0.9423261664228699,0.9523461279649889
calce_CX2_38,1,0.9999681711196899,1.0,0.9423261664228699,0.9523461279649889
calce_CX2_38,1,0.9999681711196899,1.0,0.9423261664228699,0.9523461279649889
calce_CX2_38,1,0.9999681711196899,1.0,0.9423261664228699,0.9523461279649889
calce_CX2_38,1,0.9999681711196899,1.0,0.9423261664228699,0.9523461279649889
calce_CX2_38,1,0.9999681711196899,1.0,0.9423261664228699,0.9523461279649889
calce_CX2_38,1,0.9999681711196899,1.0,0.9423261664228699,0.9523461279649889
calce_CX2_38,1,0.9999681711196899,1.0,0.9423261664228699,0.9523461279649889
calce_CX2_38,1,0.9999681711196899,1.0,0.9423261664228699,0.9523461279649889
calce_CX2_38,1,0.9999681711196899,1.0,0.9423261664228699,0.9523461279649889
calce_CX2_38,1,0.9999681711196899,1.0,0.9423261664228699,0.9523461279649889
calce_CX2_38,1,0.9999681711196899,1.0,0.9423261664228699,0.9523461279649889
calce_CX2_38,1,0.9999681711196899,1.0,0.9423261664228699,0.9523461279649889
calce_CX2_38,1,0.9999681711196899,1.0,0.9423261664228699,0.9523461279649889
calce_CX2_38,1,0.9999681711196899,1.0,0.9423261664228699,0.9523461279649889
calce_CX2_38,1,0.9999681711196899,1.0,0.9423261664228699,0.9523461279649889
calce_CX2_38,1,0.9999681711196899,1.0,0.9423261664228699,0.9523461279649889
calce_CX2_38,1,0.9999681711196899,1.0,0.9423261664228699,0.9523461279649889
calce_CX2_38,1,0.9999681711196899,1.0,0.9423261664228699,0.9523461279649889
calce_CX2_38,1,0.9999697208404541,1.0,0.9423263180534096,0.9529970591054043
calce_CX2_38,1,0.9999681711196899,1.0,0.9423261664228699,0.9523461279649889
calce_CX2_38,1,0.9999681711196899,1.0,0.9423261664228699,0.9523461279649889
calce_CX2_38,1,0.9999681711196899,1.0,0.9423261664228699,0.9523461279649889
calce_CX2_38,1,0.9999681711196899,1.0,0.9423261664228699,0.9523461279649889
calce_CX2_38,1,0.9999681711196899,1.0,0.9423261664228699,0.9523461279649889
calce_CX2_38,1,0.9998676776885986,0.949627345155487,0.942316332966524,0.9297481585842334
calce_CX2_38,1,0.9999681711196899,1.0,0.9423261664228699,0.9523461279649889
calce_CX2_38,1,0.9999681711196899,1.0,0.9423261664228699,0.9523461279649889
calce_CX2_38,1,0.9999681711196899,1.0,0.9423261664228699,0.9523461279649889
calce_CX2_38,1,0.9999681711196899,1.0,0.9423261664228699,0.9523461279649889
calce_CX2_38,1,0.9999697208404541,1.0,0.9423263180534096,0.9529970591054043
calce_CX2_38,1,0.9999681711196899,1.0,0.9423261664228699,0.9523461279649889
calce_CX2_38,1,0.9999681711196899,1.0,0.9423261664228699,0.9523461279649889
calce_CX2_38,1,0.9999681711196899,1.0,0.9423261664228699,0.9523461279649889
calce_CX2_38,1,0.9999697208404541,1.0,0.9423263180534096,0.9529970591054043
calce_CX2_38,1,0.9999681711196899,1.0,0.9423261664228699,0.9523461279649889
calce_CX2_38,1,0.9999681711196899,1.0,0.9423261664228699,0.9523461279649889
calce_CX2_38,1,0.9999681711196899,1.0,0.9423261664228699,0.9523461279649889
calce_CX2_38,1,0.9999681711196899,1.0,0.9423261664228699,0.9523461279649889
calce_CX2_38,1,0.9999681711196899,1.0,0.9423261664228699,0.9523461279649889
calce_CX2_38,1,0.9999681711196899,1.0,0.9423261664228699,0.9523461279649889
calce_CX2_38,1,0.9999681711196899,1.0,0.9423261664228699,0.9523461279649889
calce_CX2_38,1,0.9999681711196899,1.0,0.9423261664228699,0.9523461279649889
calce_CX2_38,1,0.9999681711196899,1.0,0.9423261664228699,0.9523461279649889
calce_CX2_38,1,0.9999681711196899,1.0,0.9423261664228699,0.9523461279649889
calce_CX2_38,1,0.9999681711196899,1.0,0.9423261664228699,0.9523461279649889
calce_CX2_38,1,0.9999681711196899,1.0,0.9423261664228699,0.9523461279649889
calce_CX2_38,1,0.9999681711196899,1.0,0.9423261664228699,0.9523461279649889
calce_CX2_38,1,0.9999681711196899,1.0,0.9423261664228699,0.9523461279649889
calce_CX2_38,1,0.9999669790267944,1.0,0.9423260497837386,0.9518611583994278
calce_CX2_38,1,0.9999681711196899,1.0,0.9423261664228699,0.9523461279649889
calce_CX2_38,1,0.9999681711196899,1.0,0.9423261664228699,0.9523461279649889
calce_CX2_38,1,0.9999681711196899,1.0,0.9423261664228699,0.9523461279649889
calce_CX2_38,1,0.9999681711196899,1.0,0.9423261664228699,0.9523461279649889
calce_CX2_38,1,0.9999681711196899,1.0,0.9423261664228699,0.9523461279649889
calce_CX2_38,1,0.9999697208404541,1.0,0.9423263180534096,0.9529970591054043
calce_CX2_38,1,0.9999681711196899,1.0,0.9423261664228699,0.9523461279649889
calce_CX2_38,1,0.9999681711196899,1.0,0.9423261664228699,0.9523461279649889
calce_CX2_38,1,0.9999681711196899,1.0,0.9423261664228699,0.9523461279649889
calce_CX2_38,1,0.9999681711196899,1.0,0.9423261664228699,0.9523461279649889
calce_CX2_38,1,0.9999681711196899,1.0,0.9423261664228699,0.9523461279649889
calce_CX2_38,1,0.9999681711196899,1.0,0.9423261664228699,0.9523461279649889
calce_CX2_38,1,0.9999727010726929,1.0,0.9423266096495492,0.9543213679483394
calce_CX2_38,1,0.9999681711196899,1.0,0.9423261664228699,0.9523461279649889
calce_CX2_38,1,0.9999681711196899,1.0,0.9423261664228699,0.9523461279649889
calce_CX2_38,1,0.9999681711196899,1.0,0.9423261664228699,0.9523461279649889
calce_CX2_38,1,0.9999681711196899,1.0,0.9423261664228699,0.9523461279649889
calce_CX2_38,1,0.9999681711196899,1.0,0.9423261664228699,0.9523461279649889
calce_CX2_38,1,0.9999681711196899,1.0,0.9423261664228699,0.9523461279649889
calce_CX2_38,1,0.9999681711196899,1.0,0.9423261664228699,0.9523461279649889
calce_CX2_38,1,0.9999681711196899,1.0,0.9423261664228699,0.9523461279649889
calce_CX2_38,1,0.9999681711196899,1.0,0.9423261664228699,0.9523461279649889
calce_CX2_38,1,0.9999681711196899,1.0,0.9423261664228699,0.9523461279649889
calce_CX2_38,1,0.9999681711196899,1.0,0.9423261664228699,0.9523461279649889
calce_CX2_38,1,0.9999681711196899,1.0,0.9423261664228699,0.9523461279649889
calce_CX2_38,1,0.9999681711196899,1.0,0.9423261664228699,0.9523461279649889
calce_CX2_38,1,0.9999681711196899,1.0,0.9423261664228699,0.9523461279649889
calce_CX2_38,1,0.9999681711196899,1.0,0.9423261664228699,0.9523461279649889
calce_CX2_38,1,0.9999681711196899,1.0,0.9423261664228699,0.9523461279649889
calce_CX2_38,1,0.9999681711196899,1.0,0.9423261664228699,0.9523461279649889
calce_CX2_38,1,0.9999681711196899,1.0,0.9423261664228699,0.9523461279649889
calce_CX2_38,1,0.9999681711196899,1.0,0.9423261664228699,0.9523461279649889
calce_CX2_38,1,0.9999681711196899,1.0,0.9423261664228699,0.9523461279649889
calce_CX2_38,1,0.9999681711196899,1.0,0.9423261664228699,0.9523461279649889
calce_CX2_38,1,0.9999681711196899,1.0,0.9423261664228699,0.9523461279649889
calce_CX2_38,1,0.9999681711196899,1.0,0.9423261664228699,0.9523461279649889
calce_CX2_38,1,0.9999681711196899,1.0,0.9423261664228699,0.9523461279649889
calce_CX2_38,1,0.9999697208404541,1.0,0.9423263180534096,0.9529970591054043
calce_CX2_38,1,0.9999681711196899,1.0,0.9423261664228699,0.9523461279649889
calce_CX2_38,1,0.9999681711196899,1.0,0.9423261664228699,0.9523461279649889
calce_CX2_38,1,0.9999681711196899,1.0,0.9423261664228699,0.9523461279649889
calce_CX2_38,1,0.9999681711196899,1.0,0.9423261664228699,0.9523461279649889
calce_CX2_38,1,0.9999681711196899,1.0,0.9423261664228699,0.9523461279649889
calce_CX2_38,1,0.9999697208404541,1.0,0.9423263180534096,0.9529970591054043
calce_CX2_38,1,0.9999204874038696,1.0,0.9423215006848809,0.9387826059720004
calce_CX2_38,1,0.9999681711196899,1.0,0.9423261664228699,0.9523461279649889
calce_CX2_38,1,0.9999681711196899,1.0,0.9423261664228699,0.9523461279649889
calce_CX2_38,1,0.9999681711196899,1.0,0.9423261664228699,0.9523461279649889
calce_CX2_38,1,0.9999681711196899,1.0,0.9423261664228699,0.9523461279649889
calce_CX2_38,1,0.9999681711196899,1.0,0.9423261664228699,0.9523461279649889
calce_CX2_38,1,0.9999681711196899,1.0,0.9423261664228699,0.9523461279649889
calce_CX2_38,1,0.9999697208404541,1.0,0.9423263180534096,0.9529970591054043
calce_CX2_38,1,0.9999681711196899,1.0,0.9423261664228699,0.9523461279649889
calce_CX2_38,1,0.9999681711196899,1.0,0.9423261664228699,0.9523461279649889
calce_CX2_38,1,0.9999681711196899,1.0,0.9423261664228699,0.9523461279649889
calce_CX2_38,1,0.9999681711196899,1.0,0.9423261664228699,0.9523461279649889
calce_CX2_38,1,0.9999697208404541,1.0,0.9423263180534096,0.9529970591054043
calce_CX2_38,1,0.9999681711196899,1.0,0.9423261664228699,0.9523461279649889
calce_CX2_38,1,0.9999727010726929,1.0,0.9423266096495492,0.9543213679483394
calce_CX2_38,1,0.9999681711196899,1.0,0.9423261664228699,0.9523461279649889
calce_CX2_38,1,0.9999681711196899,1.0,0.9423261664228699,0.9523461279649889
calce_CX2_38,1,0.9999697208404541,1.0,0.9423263180534096,0.9529970591054043
calce_CX2_38,1,0.9999681711196899,1.0,0.9423261664228699,0.9523461279649889
calce_CX2_38,1,0.9999681711196899,1.0,0.9423261664228699,0.9523461279649889
calce_CX2_38,1,0.9999681711196899,1.0,0.9423261664228699,0.9523461279649889
calce_CX2_38,1,0.9999681711196899,1.0,0.9423261664228699,0.9523461279649889
calce_CX2_38,1,0.9999681711196899,1.0,0.9423261664228699,0.9523461279649889
calce_CX2_38,1,0.9999727010726929,1.0,0.9423266096495492,0.9543213679483394
calce_CX2_38,1,0.9999681711196899,1.0,0.9423261664228699,0.9523461279649889
calce_CX2_38,1,0.9999697208404541,1.0,0.9423263180534096,0.9529970591054043
calce_CX2_38,1,0.9999681711196899,1.0,0.9423261664228699,0.9523461279649889
calce_CX2_38,1,0.9999681711196899,1.0,0.9423261664228699,0.9523461279649889
calce_CX2_38,1,0.9999681711196899,1.0,0.9423261664228699,0.9523461279649889
calce_CX2_38,1,0.9999681711196899,1.0,0.9423261664228699,0.9523461279649889
calce_CX2_38,1,0.9999681711196899,1.0,0.9423261664228699,0.9523461279649889
calce_CX2_38,1,0.9999681711196899,1.0,0.9423261664228699,0.9523461279649889
calce_CX2_38,1,0.9999681711196899,1.0,0.9423261664228699,0.9523461279649889
calce_CX2_38,1,0.9999727010726929,1.0,0.9423266096495492,0.9543213679483394
calce_CX2_38,1,0.9999681711196899,1.0,0.9423261664228699,0.9523461279649889
calce_CX2_38,1,0.9999681711196899,1.0,0.9423261664228699,0.9523461279649889
calce_CX2_38,1,0.9999681711196899,1.0,0.9423261664228699,0.9523461279649889
calce_CX2_38,1,0.9999681711196899,1.0,0.9423261664228699,0.9523461279649889
calce_CX2_38,1,0.9999681711196899,1.0,0.9423261664228699,0.9523461279649889
calce_CX2_38,1,0.9999681711196899,1.0,0.9423261664228699,0.9523461279649889
calce_CX2_38,1,0.9999681711196899,1.0,0.9423261664228699,0.9523461279649889
calce_CX2_38,1,0.9999681711196899,1.0,0.9423261664228699,0.9523461279649889
calce_CX2_38,1,0.9999681711196899,1.0,0.9423261664228699,0.9523461279649889
calce_CX2_38,1,0.9999697208404541,1.0,0.9423263180534096,0.9529970591054043
calce_CX2_38,1,0.9999681711196899,1.0,0.9423261664228699,0.9523461279649889
calce_CX2_38,1,0.9999681711196899,1.0,0.9423261664228699,0.9523461279649889
calce_CX2_38,1,0.9999681711196899,1.0,0.9423261664228699,0.9523461279649889
calce_CX2_38,1,0.9999681711196899,1.0,0.9423261664228699,0.9523461279649889
calce_CX2_38,1,0.9999681711196899,1.0,0.9423261664228699,0.9523461279649889
calce_CX2_38,1,0.9999681711196899,1.0,0.9423261664228699,0.9523461279649889
calce_CX2_38,1,0.9999681711196899,1.0,0.9423261664228699,0.9523461279649889
calce_CX2_38,1,0.9999697208404541,1.0,0.9423263180534096,0.9529970591054043
calce_CX2_38,1,0.9999681711196899,1.0,0.9423261664228699,0.9523461279649889
calce_CX2_38,1,0.9999681711196899,1.0,0.9423261664228699,0.9523461279649889
calce_CX2_38,1,0.9999681711196899,1.0,0.9423261664228699,0.9523461279649889
calce_CX2_38,1,0.9999681711196899,1.0,0.9423261664228699,0.9523461279649889
calce_CX2_38,1,0.9999681711196899,1.0,0.9423261664228699,0.9523461279649889
calce_CX2_38,1,0.9999681711196899,1.0,0.9423261664228699,0.9523461279649889
calce_CX2_38,1,0.9999681711196899,1.0,0.9423261664228699,0.9523461279649889
calce_CX2_38,1,0.9999681711196899,1.0,0.9423261664228699,0.9523461279649889
calce_CX2_38,1,0.9999681711196899,1.0,0.9423261664228699,0.9523461279649889
calce_CX2_38,1,0.9999681711196899,1.0,0.9423261664228699,0.9523461279649889
calce_CX2_38,1,0.9999681711196899,1.0,0.9423261664228699,0.9523461279649889
calce_CX2_38,1,0.9999681711196899,1.0,0.9423261664228699,0.9523461279649889
calce_CX2_38,1,0.9999681711196899,1.0,0.9423261664228699,0.9523461279649889
calce_CX2_38,1,0.9999681711196899,1.0,0.9423261664228699,0.9523461279649889
calce_CX2_38,1,0.9999669790267944,1.0,0.9423260497837386,0.9518611583994278
calce_CX2_38,1,0.9999681711196899,1.0,0.9423261664228699,0.9523461279649889
calce_CX2_38,1,0.9999681711196899,1.0,0.9423261664228699,0.9523461279649889
calce_CX2_38,1,0.9999681711196899,1.0,0.9423261664228699,0.9523461279649889
calce_CX2_38,1,0.9999681711196899,1.0,0.9423261664228699,0.9523461279649889
calce_CX2_38,1,0.9999697208404541,1.0,0.9423263180534096,0.9529970591054043
calce_CX2_38,1,0.9999681711196899,1.0,0.9423261664228699,0.9523461279649889
calce_CX2_38,1,0.9999681711196899,1.0,0.9423261664228699,0.9523461279649889
calce_CX2_38,1,0.9999681711196899,1.0,0.9423261664228699,0.9523461279649889
calce_CX2_38,1,0.9999675750732422,1.0,0.942326108103332,0.952101997306203
calce_CX2_38,1,0.9999681711196899,1.0,0.9423261664228699,0.9523461279649889
calce_CX2_38,1,0.9999675750732422,1.0,0.942326108103332,0.952101997306203
calce_CX2_38,1,0.9999675750732422,1.0,0.942326108103332,0.952101997306203
calce_CX2_38,1,0.9999675750732422,1.0,0.942326108103332,0.952101997306203
calce_CX2_38,1,0.9999681711196899,1.0,0.9423261664228699,0.9523461279649889
calce_CX2_38,1,0.9999675750732422,1.0,0.942326108103332,0.952101997306203
calce_CX2_38,1,0.9999681711196899,1.0,0.9423261664228699,0.9523461279649889
calce_CX2_38,1,0.9999675750732422,1.0,0.942326108103332,0.952101997306203
calce_CX2_38,1,0.9999675750732422,1.0,0.942326108103332,0.952101997306203
calce_CX2_38,1,0.9999675750732422,1.0,0.942326108103332,0.952101997306203
calce_CX2_38,1,0.9999682903289795,1.0,0.9423261780867709,0.9523953584502465
calce_CX2_38,1,0.9999682903289795,1.0,0.9423261780867709,0.9523953584502465
calce_CX2_38,1,0.9999674558639526,1.0,0.9423260964394178,0.9520535695227413
calce_CX2_38,1,0.9999675750732422,1.0,0.942326108103332,0.952101997306203
calce_CX2_38,1,0.9999675750732422,1.0,0.942326108103332,0.952101997306203
calce_CX2_38,1,0.9999675750732422,1.0,0.942326108103332,0.952101997306203
calce_CX2_38,1,0.9999675750732422,1.0,0.942326108103332,0.952101997306203
calce_CX2_38,1,0.9999289512634277,1.0,0.9423223288792395,0.9406270066822905
calce_CX2_38,1,0.9999675750732422,1.0,0.942326108103332,0.952101997306203
calce_CX2_38,1,0.9999681711196899,1.0,0.9423261664228699,0.9523461279649889
calce_CX2_38,1,0.9999699592590332,1.0,0.9423263413811517,0.9530993716431702
calce_CX2_38,1,0.9999675750732422,1.0,0.942326108103332,0.952101997306203
calce_CX2_38,1,0.9999682903289795,1.0,0.9423261780867709,0.9523953584502465
calce_CX2_38,1,0.9999675750732422,1.0,0.942326108103332,0.952101997306203
calce_CX2_38,1,0.9999675750732422,1.0,0.942326108103332,0.952101997306203
calce_CX2_38,1,0.9999650716781616,1.0,0.9423258631606678,0.9511114369779665
calce_CX2_38,1,0.9999669790267944,1.0,0.9423260497837386,0.9518611583994278
calce_CX2_38,1,0.9999650716781616,1.0,0.9423258631606678,0.9511114369779665
calce_CX2_38,1,0.9999650716781616,1.0,0.9423258631606678,0.9511114369779665
calce_CX2_38,1,0.9999644756317139,1.0,0.9423258048408422,0.9508833643898497
calce_CX2_38,1,0.999966025352478,1.0,0.9423259564722742,0.9514824101806463
calce_CX2_38,1,0.9999682903289795,1.0,0.9423261780867709,0.9523953584502465
calce_CX2_38,1,0.9999674558639526,1.0,0.9423260964394178,0.9520535695227413
calce_CX2_38,1,0.9999674558639526,1.0,0.9423260964394178,0.9520535695227413
calce_CX2_38,1,0.999966025352478,1.0,0.9423259564722742,0.9514824101806463
calce_CX2_38,1,0.999966025352478,1.0,0.9423259564722742,0.9514824101806463
calce_CX2_38,1,0.9999644756317139,1.0,0.9423258048408422,0.9508833643898497
calce_CX2_38,1,0.9999650716781616,1.0,0.9423258631606678,0.9511114369779665
calce_CX2_38,1,0.9999650716781616,1.0,0.9423258631606678,0.9511114369779665
calce_CX2_38,1,0.9999644756317139,1.0,0.9423258048408422,0.9508833643898497
calce_CX2_38,1,0.9999668598175049,1.0,0.9423260381198132,0.9518133765617521
calce_CX2_38,1,0.9999644756317139,1.0,0.9423258048408422,0.9508833643898497
calce_CX2_38,1,0.9999644756317139,1.0,0.9423258048408422,0.9508833643898497
calce_CX2_38,1,0.9999644756317139,1.0,0.9423258048408422,0.9508833643898497
calce_CX2_38,1,0.9999644756317139,1.0,0.9423258048408422,0.9508833643898497
calce_CX2_38,1,0.9999673366546631,1.0,0.9423260847755013,0.952005272560297
calce_CX2_38,1,0.9999649524688721,1.0,0.9423258514967072,0.9510655936146223
calce_CX2_38,1,0.9999644756317139,1.0,0.9423258048408422,0.9508833643898497
calce_CX2_38,1,0.9999678134918213,1.0,0.9423261314311537,0.9521992486737525
calce_CX2_38,1,0.999969482421875,1.0,0.9423262947256587,0.952895339332135
calce_CX2_38,1,0.9999678134918213,1.0,0.9423261314311537,0.9521992486737525
calce_CX2_38,1,0.9999678134918213,1.0,0.9423261314311537,0.9521992486737525
calce_CX2_38,1,0.9999665021896362,1.0,0.942326003128024,0.9516707886069878
calce_CX2_38,1,0.9999678134918213,1.0,0.9423261314311537,0.9521992486737525
calce_CX2_38,1,0.9999673366546631,1.0,0.9423260847755013,0.952005272560297
calce_CX2_38,1,0.9999650716781616,1.0,0.9423258631606678,0.9511114369779665
calce_CX2_38,1,0.9999644756317139,1.0,0.9423258048408422,0.9508833643898497
calce_CX2_38,1,0.9999650716781616,1.0,0.9423258631606678,0.9511114369779665
calce_CX2_38,1,0.999968409538269,1.0,0.9423261897506695,0.9524447257627336
calce_CX2_38,1,0.9999682903289795,1.0,0.9423261780867709,0.9523953584502465
calce_CX2_38,1,0.9999674558639526,1.0,0.9423260964394178,0.9520535695227413
calce_CX2_38,1,0.9999674558639526,1.0,0.9423260964394178,0.9520535695227413
calce_CX2_38,1,0.9999675750732422,1.0,0.942326108103332,0.952101997306203
calce_CX2_38,1,0.999966025352478,1.0,0.9423259564722742,0.9514824101806463
calce_CX2_38,1,0.9999650716781616,1.0,0.9423258631606678,0.9511114369779665
calce_CX2_38,1,0.9999650716781616,1.0,0.9423258631606678,0.9511114369779665
calce_CX2_38,1,0.9999674558639526,1.0,0.9423260964394178,0.9520535695227413
calce_CX2_38,1,0.9999681711196899,1.0,0.9423261664228699,0.9523461279649889
calce_CX2_38,1,0.9999681711196899,1.0,0.9423261664228699,0.9523461279649889
calce_CX2_38,1,0.9999682903289795,1.0,0.9423261780867709,0.9523953584502465
calce_CX2_38,1,0.9999682903289795,1.0,0.9423261780867709,0.9523953584502465
calce_CX2_38,1,0.9999682903289795,1.0,0.9423261780867709,0.9523953584502465
calce_CX2_38,1,0.9999675750732422,1.0,0.942326108103332,0.952101997306203
calce_CX2_38,1,0.9999669790267944,1.0,0.9423260497837386,0.9518611583994278
calce_CX2_38,1,0.9999650716781616,1.0,0.9423258631606678,0.9511114369779665
calce_CX2_38,1,0.9999674558639526,1.0,0.9423260964394178,0.9520535695227413
calce_CX2_38,1,0.9999682903289795,1.0,0.9423261780867709,0.9523953584502465
calce_CX2_38,1,0.9999682903289795,1.0,0.9423261780867709,0.9523953584502465
calce_CX2_38,1,0.9999682903289795,1.0,0.9423261780867709,0.9523953584502465
calce_CX2_38,1,0.9999682903289795,1.0,0.9423261780867709,0.9523953584502465
calce_CX2_38,1,0.9999682903289795,1.0,0.9423261780867709,0.9523953584502465
calce_CX2_38,1,0.9999682903289795,1.0,0.9423261780867709,0.9523953584502465
calce_CX2_38,1,0.9999674558639526,1.0,0.9423260964394178,0.9520535695227413
calce_CX2_38,1,0.9999691247940063,1.0,0.9423262597340156,0.9527438536976173
calce_CX2_38,1,0.999966025352478,1.0,0.9423259564722742,0.9514824101806463
calce_CX2_38,1,0.999966025352478,1.0,0.9423259564722742,0.9514824101806463
calce_CX2_38,1,0.999966025352478,1.0,0.9423259564722742,0.9514824101806463
calce_CX2_38,1,0.9999681711196899,1.0,0.9423261664228699,0.9523461279649889
calce_CX2_38,1,0.9999682903289795,1.0,0.9423261780867709,0.9523953584502465
calce_CX2_38,1,0.9999675750732422,1.0,0.942326108103332,0.952101997306203
calce_CX2_38,1,0.9999682903289795,1.0,0.9423261780867709,0.9523953584502465
calce_CX2_38,1,0.9999682903289795,1.0,0.9423261780867709,0.9523953584502465
calce_CX2_38,1,0.9999675750732422,1.0,0.942326108103332,0.952101997306203
calce_CX2_38,1,0.9999682903289795,1.0,0.9423261780867709,0.9523953584502465
calce_CX2_38,1,0.999966025352478,1.0,0.9423259564722742,0.9514824101806463
calce_CX2_38,1,0.999966025352478,1.0,0.9423259564722742,0.9514824101806463
calce_CX2_38,1,0.9999650716781616,1.0,0.9423258631606678,0.9511114369779665
calce_CX2_38,1,0.9999675750732422,1.0,0.942326108103332,0.952101997306203
calce_CX2_38,1,0.9999669790267944,1.0,0.9423260497837386,0.9518611583994278
calce_CX2_38,1,0.9999675750732422,1.0,0.942326108103332,0.952101997306203
calce_CX2_38,1,0.9999674558639526,1.0,0.9423260964394178,0.9520535695227413
calce_CX2_38,1,0.9999675750732422,1.0,0.942326108103332,0.952101997306203
calce_CX2_38,1,0.9999682903289795,1.0,0.9423261780867709,0.9523953584502465
calce_CX2_38,1,0.9999675750732422,1.0,0.942326108103332,0.952101997306203
calce_CX2_38,1,0.999966025352478,1.0,0.9423259564722742,0.9514824101806463
calce_CX2_38,1,0.999966025352478,1.0,0.9423259564722742,0.9514824101806463
calce_CX2_38,1,0.999966025352478,1.0,0.9423259564722742,0.9514824101806463
calce_CX2_38,1,0.9999650716781616,1.0,0.9423258631606678,0.9511114369779665
calce_CX2_38,1,0.9999650716781616,1.0,0.9423258631606678,0.9511114369779665
calce_CX2_38,1,0.9999650716781616,1.0,0.9423258631606678,0.9511114369779665
calce_CX2_38,1,0.9999644756317139,1.0,0.9423258048408422,0.9508833643898497
calce_CX2_38,1,0.999966025352478,1.0,0.9423259564722742,0.9514824101806463
calce_CX2_38,1,0.9999727010726929,1.0,0.9423266096495492,0.9543213679483394
calce_CX2_38,1,0.9999699592590332,1.0,0.9423263413811517,0.9530993716431702
calce_CX2_38,1,0.9999650716781616,1.0,0.9423258631606678,0.9511114369779665
calce_CX2_38,1,0.999966025352478,1.0,0.9423259564722742,0.9514824101806463
calce_CX2_38,1,0.9999644756317139,1.0,0.9423258048408422,0.9508833643898497
calce_CX2_38,1,0.999966025352478,1.0,0.9423259564722742,0.9514824101806463
calce_CX2_38,1,0.9999674558639526,1.0,0.9423260964394178,0.9520535695227413
calce_CX2_38,1,0.9999674558639526,1.0,0.9423260964394178,0.9520535695227413
calce_CX2_38,1,0.9999674558639526,1.0,0.9423260964394178,0.9520535695227413
calce_CX2_38,1,0.9999669790267944,1.0,0.9423260497837386,0.9518611583994278
calce_CX2_38,1,0.999966025352478,1.0,0.9423259564722742,0.9514824101806463
calce_CX2_38,1,0.9999674558639526,1.0,0.9423260964394178,0.9520535695227413
calce_CX2_38,1,0.999966025352478,1.0,0.9423259564722742,0.9514824101806463
calce_CX2_38,1,0.9999644756317139,1.0,0.9423258048408422,0.9508833643898497
calce_CX2_38,1,0.9999650716781616,1.0,0.9423258631606678,0.9511114369779665
calce_CX2_38,1,0.9999650716781616,1.0,0.9423258631606678,0.9511114369779665
calce_CX2_38,1,0.999966025352478,1.0,0.9423259564722742,0.9514824101806463
calce_CX2_38,1,0.999966025352478,1.0,0.9423259564722742,0.9514824101806463
calce_CX2_38,1,0.9999681711196899,1.0,0.9423261664228699,0.9523461279649889
calce_CX2_38,1,0.9999682903289795,1.0,0.9423261780867709,0.9523953584502465
calce_CX2_38,1,0.9999674558639526,1.0,0.9423260964394178,0.9520535695227413
calce_CX2_38,1,0.9999669790267944,1.0,0.9423260497837386,0.9518611583994278
calce_CX2_38,1,0.999966025352478,1.0,0.9423259564722742,0.9514824101806463
calce_CX2_38,1,0.999966025352478,1.0,0.9423259564722742,0.9514824101806463
calce_CX2_38,1,0.9999650716781616,1.0,0.9423258631606678,0.9511114369779665
calce_CX2_38,1,0.9999650716781616,1.0,0.9423258631606678,0.9511114369779665
calce_CX2_38,1,0.9999650716781616,1.0,0.9423258631606678,0.9511114369779665
calce_CX2_38,1,0.9999644756317139,1.0,0.9423258048408422,0.9508833643898497
calce_CX2_38,1,0.999966025352478,1.0,0.9423259564722742,0.9514824101806463
calce_CX2_38,1,0.9999682903289795,1.0,0.9423261780867709,0.9523953584502465
calce_CX2_38,1,0.999966025352478,1.0,0.9423259564722742,0.9514824101806463
calce_CX2_38,1,0.999966025352478,1.0,0.9423259564722742,0.9514824101806463
calce_CX2_38,1,0.9999669790267944,1.0,0.9423260497837386,0.9518611583994278
calce_CX2_38,1,0.9999675750732422,1.0,0.942326108103332,0.952101997306203
calce_CX2_38,1,0.9999669790267944,1.0,0.9423260497837386,0.9518611583994278
calce_CX2_38,1,0.9999650716781616,1.0,0.9423258631606678,0.9511114369779665
calce_CX2_38,1,0.9999650716781616,1.0,0.9423258631606678,0.9511114369779665
calce_CX2_38,1,0.9999644756317139,1.0,0.9423258048408422,0.9508833643898497
calce_CX2_38,1,0.999966025352478,1.0,0.9423259564722742,0.9514824101806463
calce_CX2_38,1,0.9999669790267944,1.0,0.9423260497837386,0.9518611583994278
calce_CX2_38,1,0.9999682903289795,1.0,0.9423261780867709,0.9523953584502465
calce_CX2_38,1,0.9999674558639526,1.0,0.9423260964394178,0.9520535695227413
calce_CX2_38,1,0.9999674558639526,1.0,0.9423260964394178,0.9520535695227413
calce_CX2_38,1,0.999966025352478,1.0,0.9423259564722742,0.9514824101806463
calce_CX2_38,1,0.9999674558639526,1.0,0.9423260964394178,0.9520535695227413
calce_CX2_38,1,0.9999675750732422,1.0,0.942326108103332,0.952101997306203
calce_CX2_38,1,0.999966025352478,1.0,0.9423259564722742,0.9514824101806463
calce_CX2_38,1,0.9999650716781616,1.0,0.9423258631606678,0.9511114369779665
calce_CX2_38,1,0.9999644756317139,1.0,0.9423258048408422,0.9508833643898497
calce_CX2_38,1,0.9999675750732422,1.0,0.942326108103332,0.952101997306203
calce_CX2_38,1,0.9999675750732422,1.0,0.942326108103332,0.952101997306203
calce_CX2_38,1,0.9999675750732422,1.0,0.942326108103332,0.952101997306203
calce_CX2_38,1,0.9999675750732422,1.0,0.942326108103332,0.952101997306203
calce_CX2_38,1,0.9999681711196899,1.0,0.9423261664228699,0.9523461279649889
calce_CX2_38,1,0.9999681711196899,1.0,0.9423261664228699,0.9523461279649889
calce_CX2_38,1,0.9999682903289795,1.0,0.9423261780867709,0.9523953584502465
calce_CX2_38,1,0.9999675750732422,1.0,0.942326108103332,0.952101997306203
calce_CX2_38,1,0.9999674558639526,1.0,0.9423260964394178,0.9520535695227413
calce_CX2_38,1,0.9999727010726929,1.0,0.9423266096495492,0.9543213679483394
calce_CX2_38,1,0.9999682903289795,1.0,0.9423261780867709,0.9523953584502465
calce_CX2_38,1,0.9999675750732422,1.0,0.942326108103332,0.952101997306203
calce_CX2_38,1,0.9999675750732422,1.0,0.942326108103332,0.952101997306203
calce_CX2_38,1,0.9999681711196899,1.0,0.9423261664228699,0.9523461279649889
calce_CX2_38,1,0.9999681711196899,1.0,0.9423261664228699,0.9523461279649889
calce_CX2_38,1,0.9999681711196899,1.0,0.9423261664228699,0.9523461279649889
calce_CX2_38,1,0.9999681711196899,1.0,0.9423261664228699,0.9523461279649889
calce_CX2_38,1,0.9999675750732422,1.0,0.942326108103332,0.952101997306203
calce_CX2_38,1,0.9999681711196899,1.0,0.9423261664228699,0.9523461279649889
calce_CX2_38,1,0.9999727010726929,1.0,0.9423266096495492,0.9543213679483394
calce_CX2_38,1,0.9999681711196899,1.0,0.9423261664228699,0.9523461279649889
calce_CX2_38,1,0.9999675750732422,1.0,0.942326108103332,0.952101997306203
calce_CX2_38,1,0.9999675750732422,1.0,0.942326108103332,0.952101997306203
calce_CX2_38,1,0.9999681711196899,1.0,0.9423261664228699,0.9523461279649889
calce_CX2_38,1,0.9999681711196899,1.0,0.9423261664228699,0.9523461279649889
calce_CX2_38,1,0.9999675750732422,1.0,0.942326108103332,0.952101997306203
calce_CX2_38,1,0.9999681711196899,1.0,0.9423261664228699,0.9523461279649889
calce_CX2_38,1,0.9999675750732422,1.0,0.942326108103332,0.952101997306203
calce_CX2_38,1,0.9999681711196899,1.0,0.9423261664228699,0.9523461279649889
calce_CX2_38,1,0.9999681711196899,1.0,0.9423261664228699,0.9523461279649889
calce_CX2_38,1,0.9999697208404541,1.0,0.9423263180534096,0.9529970591054043
calce_CX2_38,1,0.9999681711196899,1.0,0.9423261664228699,0.9523461279649889
calce_CX2_38,1,0.9999675750732422,1.0,0.942326108103332,0.952101997306203
calce_CX2_38,1,0.9999681711196899,1.0,0.9423261664228699,0.9523461279649889
calce_CX2_38,1,0.9999675750732422,1.0,0.942326108103332,0.952101997306203
calce_CX2_38,1,0.9999675750732422,1.0,0.942326108103332,0.952101997306203
calce_CX2_38,1,0.9999682903289795,1.0,0.9423261780867709,0.9523953584502465
calce_CX2_38,1,0.9999675750732422,1.0,0.942326108103332,0.952101997306203
calce_CX2_38,1,0.9999675750732422,1.0,0.942326108103332,0.952101997306203
calce_CX2_38,1,0.9999681711196899,1.0,0.9423261664228699,0.9523461279649889
calce_CX2_38,1,0.9999675750732422,1.0,0.942326108103332,0.952101997306203
calce_CX2_38,1,0.9999675750732422,1.0,0.942326108103332,0.952101997306203
calce_CX2_38,1,0.9999681711196899,1.0,0.9423261664228699,0.9523461279649889
calce_CX2_38,1,0.9999675750732422,1.0,0.942326108103332,0.952101997306203
calce_CX2_38,1,0.9999681711196899,1.0,0.9423261664228699,0.9523461279649889
calce_CX2_38,1,0.9999675750732422,1.0,0.942326108103332,0.952101997306203
calce_CX2_38,1,0.9999681711196899,1.0,0.9423261664228699,0.9523461279649889
calce_CX2_38,1,0.9999681711196899,1.0,0.9423261664228699,0.9523461279649889
calce_CX2_38,1,0.9999669790267944,1.0,0.9423260497837386,0.9518611583994278
calce_CX2_38,1,0.9999669790267944,1.0,0.9423260497837386,0.9518611583994278
calce_CX2_38,1,0.9999675750732422,1.0,0.942326108103332,0.952101997306203
calce_CX2_38,1,0.9999682903289795,1.0,0.9423261780867709,0.9523953584502465
calce_CX2_38,1,0.9999681711196899,1.0,0.9423261664228699,0.9523461279649889
calce_CX2_38,1,0.9999681711196899,1.0,0.9423261664228699,0.9523461279649889
calce_CX2_38,1,0.999966025352478,1.0,0.9423259564722742,0.9514824101806463
calce_CX2_38,1,0.999966025352478,1.0,0.9423259564722742,0.9514824101806463
calce_CX2_38,1,0.9999669790267944,1.0,0.9423260497837386,0.9518611583994278
calce_CX2_38,1,0.9999675750732422,1.0,0.942326108103332,0.952101997306203
calce_CX2_38,1,0.9999682903289795,1.0,0.9423261780867709,0.9523953584502465
calce_CX2_38,1,0.9999675750732422,1.0,0.942326108103332,0.952101997306203
calce_CX2_38,1,0.9999675750732422,1.0,0.942326108103332,0.952101997306203
calce_CX2_38,1,0.9999681711196899,1.0,0.9423261664228699,0.9523461279649889
calce_CX2_38,1,0.9999681711196899,1.0,0.9423261664228699,0.9523461279649889
calce_CX2_38,1,0.999968409538269,1.0,0.9423261897506695,0.9524447257627336
calce_CX2_38,1,0.9999674558639526,1.0,0.9423260964394178,0.9520535695227413
calce_CX2_38,1,0.9999650716781616,1.0,0.9423258631606678,0.9511114369779665
calce_CX2_38,1,0.9999650716781616,1.0,0.9423258631606678,0.9511114369779665
calce_CX2_38,1,0.9999650716781616,1.0,0.9423258631606678,0.9511114369779665
calce_CX2_38,1,0.9999650716781616,1.0,0.9423258631606678,0.9511114369779665
calce_CX2_38,1,0.9999668598175049,1.0,0.9423260381198132,0.9518133765617521
calce_CX2_38,1,0.9999644756317139,1.0,0.9423258048408422,0.9508833643898497
calce_CX2_38,1,0.9999644756317139,1.0,0.9423258048408422,0.9508833643898497
calce_CX2_38,1,0.9999644756317139,1.0,0.9423258048408422,0.9508833643898497
calce_CX2_38,1,0.999969482421875,1.0,0.9423262947256587,0.952895339332135
calce_CX2_38,1,0.9999668598175049,1.0,0.9423260381198132,0.9518133765617521
calce_CX2_38,1,0.9999644756317139,1.0,0.9423258048408422,0.9508833643898497
calce_CX2_38,1,0.9999644756317139,1.0,0.9423258048408422,0.9508833643898497
calce_CX2_38,1,0.9999649524688721,1.0,0.9423258514967072,0.9510655936146223
calce_CX2_38,1,0.9999644756317139,1.0,0.9423258048408422,0.9508833643898497
calce_CX2_38,1,0.9999673366546631,1.0,0.9423260847755013,0.952005272560297
calce_CX2_38,1,0.9999665021896362,1.0,0.942326003128024,0.9516707886069878
calce_CX2_38,1,0.9999678134918213,1.0,0.9423261314311537,0.9521992486737525
calce_CX2_38,1,0.9999678134918213,1.0,0.9423261314311537,0.9521992486737525
calce_CX2_38,1,0.9999644756317139,1.0,0.9423258048408422,0.9508833643898497
calce_CX2_38,1,0.9999669790267944,1.0,0.9423260497837386,0.9518611583994278
calce_CX2_38,1,0.9999674558639526,1.0,0.9423260964394178,0.9520535695227413
calce_CX2_38,1,0.999966025352478,1.0,0.9423259564722742,0.9514824101806463
calce_CX2_38,1,0.9999682903289795,1.0,0.9423261780867709,0.9523953584502465
calce_CX2_38,1,0.9999682903289795,1.0,0.9423261780867709,0.9523953584502465
calce_CX2_38,1,0.9999682903289795,1.0,0.9423261780867709,0.9523953584502465
calce_CX2_38,1,0.999966025352478,1.0,0.9423259564722742,0.9514824101806463
calce_CX2_38,1,0.9999650716781616,1.0,0.9423258631606678,0.9511114369779665
calce_CX2_38,1,0.9999682903289795,1.0,0.9423261780867709,0.9523953584502465
calce_CX2_38,1,0.9999675750732422,1.0,0.942326108103332,0.952101997306203
calce_CX2_38,1,0.9999669790267944,1.0,0.9423260497837386,0.9518611583994278
calce_CX2_38,1,0.999966025352478,1.0,0.9423259564722742,0.9514824101806463
calce_CX2_38,1,0.9999644756317139,1.0,0.9423258048408422,0.9508833643898497
calce_CX2_38,1,0.9999644756317139,1.0,0.9423258048408422,0.9508833643898497
calce_CX2_38,1,0.9999644756317139,1.0,0.9423258048408422,0.9508833643898497
calce_CX2_38,1,0.9999650716781616,1.0,0.9423258631606678,0.9511114369779665
calce_CX2_38,1,0.9999650716781616,1.0,0.9423258631606678,0.9511114369779665
calce_CX2_38,1,0.9999650716781616,1.0,0.9423258631606678,0.9511114369779665
calce_CX2_38,1,0.9999675750732422,1.0,0.942326108103332,0.952101997306203
calce_CX2_38,1,0.999966025352478,1.0,0.9423259564722742,0.9514824101806463
calce_CX2_38,1,0.999966025352478,1.0,0.9423259564722742,0.9514824101806463
calce_CX2_38,1,0.9999650716781616,1.0,0.9423258631606678,0.9511114369779665
calce_CX2_38,1,0.999966025352478,1.0,0.9423259564722742,0.9514824101806463
calce_CX2_38,1,0.9999650716781616,1.0,0.9423258631606678,0.9511114369779665
calce_CX2_38,1,0.9999644756317139,1.0,0.9423258048408422,0.9508833643898497
calce_CX2_38,1,0.9999644756317139,1.0,0.9423258048408422,0.9508833643898497
calce_CX2_38,1,0.9999644756317139,1.0,0.9423258048408422,0.9508833643898497
calce_CX2_38,1,0.9999650716781616,1.0,0.9423258631606678,0.9511114369779665
calce_CX2_38,1,0.999966025352478,1.0,0.9423259564722742,0.9514824101806463
calce_CX2_38,1,0.9999650716781616,1.0,0.9423258631606678,0.9511114369779665
calce_CX2_38,1,0.9999650716781616,1.0,0.9423258631606678,0.9511114369779665
calce_CX2_38,1,0.999966025352478,1.0,0.9423259564722742,0.9514824101806463
calce_CX2_38,1,0.9999650716781616,1.0,0.9423258631606678,0.9511114369779665
calce_CX2_38,1,0.9999650716781616,1.0,0.9423258631606678,0.9511114369779665
calce_CX2_38,1,0.9999650716781616,1.0,0.9423258631606678,0.9511114369779665
calce_CX2_38,1,0.999966025352478,1.0,0.9423259564722742,0.9514824101806463
calce_CX2_38,1,0.9999644756317139,1.0,0.9423258048408422,0.9508833643898497
calce_CX2_38,1,0.9999674558639526,1.0,0.9423260964394178,0.9520535695227413
calce_CX2_38,1,0.9999669790267944,1.0,0.9423260497837386,0.9518611583994278
calce_CX2_38,1,0.9999650716781616,1.0,0.9423258631606678,0.9511114369779665
calce_CX2_38,1,0.9999678134918213,1.0,0.9423261314311537,0.9521992486737525
calce_CX2_38,1,0.9999665021896362,1.0,0.942326003128024,0.9516707886069878
calce_CX2_38,1,0.9999699592590332,1.0,0.9423263413811517,0.9530993716431702
calce_CX2_38,1,0.9999727010726929,1.0,0.9423266096495492,0.9543213679483394
calce_CX2_38,1,0.9999674558639526,1.0,0.9423260964394178,0.9520535695227413
calce_CX2_38,1,0.9999650716781616,1.0,0.9423258631606678,0.9511114369779665
calce_CX2_38,1,0.9999644756317139,1.0,0.9423258048408422,0.9508833643898497
calce_CX2_38,1,0.9999650716781616,1.0,0.9423258631606678,0.9511114369779665
calce_CX2_38,1,0.9999669790267944,1.0,0.9423260497837386,0.9518611583994278
calce_CX2_38,1,0.9999674558639526,1.0,0.9423260964394178,0.9520535695227413
calce_CX2_38,1,0.9999681711196899,1.0,0.9423261664228699,0.9523461279649889
calce_CX2_38,1,0.999966025352478,1.0,0.9423259564722742,0.9514824101806463
calce_CX2_38,1,0.9999650716781616,1.0,0.9423258631606678,0.9511114369779665
calce_CX2_38,1,0.9999644756317139,1.0,0.9423258048408422,0.9508833643898497
calce_CX2_38,1,0.9999673366546631,1.0,0.9423260847755013,0.952005272560297
calce_CX2_38,1,0.9999678134918213,1.0,0.9423261314311537,0.9521992486737525
calce_CX2_38,1,0.9999644756317139,1.0,0.9423258048408422,0.9508833643898497
calce_CX2_38,1,0.9999678134918213,1.0,0.9423261314311537,0.9521992486737525
calce_CX2_38,1,0.9999650716781616,1.0,0.9423258631606678,0.9511114369779665
calce_CX2_38,1,0.999968409538269,1.0,0.9423261897506695,0.9524447257627336
calce_CX2_38,1,0.999966025352478,1.0,0.9423259564722742,0.9514824101806463
calce_CX2_38,1,0.9999692440032959,1.0,0.9423262713978987,0.9527942043443282
calce_CX2_38,1,0.999966025352478,1.0,0.9423259564722742,0.9514824101806463
calce_CX2_38,1,0.999966025352478,1.0,0.9423259564722742,0.9514824101806463
calce_CX2_38,1,0.9999650716781616,1.0,0.9423258631606678,0.9511114369779665
calce_CX2_38,1,0.999966025352478,1.0,0.9423259564722742,0.9514824101806463
calce_CX2_38,1,0.9999650716781616,1.0,0.9423258631606678,0.9511114369779665
calce_CX2_38,1,0.9999644756317139,1.0,0.9423258048408422,0.9508833643898497
calce_CX2_38,1,0.9999673366546631,1.0,0.9423260847755013,0.952005272560297
calce_CX2_38,1,0.9999644756317139,1.0,0.9423258048408422,0.9508833643898497
calce_CX2_38,1,0.999966025352478,1.0,0.9423259564722742,0.9514824101806463
calce_CX2_38,1,0.9999650716781616,1.0,0.9423258631606678,0.9511114369779665
calce_CX2_38,1,0.9999650716781616,1.0,0.9423258631606678,0.9511114369779665
calce_CX2_38,1,0.999966025352478,1.0,0.9423259564722742,0.9514824101806463
calce_CX2_38,1,0.9999650716781616,1.0,0.9423258631606678,0.9511114369779665
calce_CX2_38,1,0.999966025352478,1.0,0.9423259564722742,0.9514824101806463
calce_CX2_38,1,0.9999650716781616,1.0,0.9423258631606678,0.9511114369779665
calce_CX2_38,1,0.9999650716781616,1.0,0.9423258631606678,0.9511114369779665
calce_CX2_38,1,0.9999682903289795,1.0,0.9423261780867709,0.9523953584502465
calce_CX2_38,1,0.9999682903289795,1.0,0.9423261780867709,0.9523953584502465
calce_CX2_38,1,0.9999674558639526,1.0,0.9423260964394178,0.9520535695227413
calce_CX2_38,1,0.9999644756317139,1.0,0.9423258048408422,0.9508833643898497
calce_CX2_38,1,0.9999673366546631,1.0,0.9423260847755013,0.952005272560297
calce_CX2_38,1,0.9999644756317139,1.0,0.9423258048408422,0.9508833643898497
calce_CX2_38,1,0.9999678134918213,1.0,0.9423261314311537,0.9521992486737525
calce_CX2_38,1,0.9999678134918213,1.0,0.9423261314311537,0.9521992486737525
calce_CX2_38,1,0.9999650716781616,1.0,0.9423258631606678,0.9511114369779665
calce_CX2_38,1,0.999966025352478,1.0,0.9423259564722742,0.9514824101806463
calce_CX2_38,1,0.9999674558639526,1.0,0.9423260964394178,0.9520535695227413
calce_CX2_38,1,0.9999727010726929,1.0,0.9423266096495492,0.9543213679483394
calce_CX2_38,1,0.9999675750732422,1.0,0.942326108103332,0.952101997306203
calce_CX2_38,1,0.9999674558639526,1.0,0.9423260964394178,0.9520535695227413
calce_CX2_38,1,0.999966025352478,1.0,0.9423259564722742,0.9514824101806463
calce_CX2_38,1,0.9999669790267944,1.0,0.9423260497837386,0.9518611583994278
calce_CX2_38,1,0.9999650716781616,1.0,0.9423258631606678,0.9511114369779665
calce_CX2_38,1,0.999966025352478,1.0,0.9423259564722742,0.9514824101806463
calce_CX2_38,1,0.9999665021896362,1.0,0.942326003128024,0.9516707886069878
calce_CX2_38,1,0.9999665021896362,1.0,0.942326003128024,0.9516707886069878
calce_CX2_38,1,0.9999678134918213,1.0,0.9423261314311537,0.9521992486737525
calce_CX2_38,1,0.9999650716781616,1.0,0.9423258631606678,0.9511114369779665
calce_CX2_38,1,0.9999673366546631,1.0,0.9423260847755013,0.952005272560297
calce_CX2_38,1,0.9999673366546631,1.0,0.9423260847755013,0.952005272560297
calce_CX2_38,1,0.9999644756317139,1.0,0.9423258048408422,0.9508833643898497
calce_CX2_38,1,0.9999669790267944,1.0,0.9423260497837386,0.9518611583994278
calce_CX2_38,1,0.9999674558639526,1.0,0.9423260964394178,0.9520535695227413
calce_CX2_38,1,0.9999650716781616,1.0,0.9423258631606678,0.9511114369779665
calce_CX2_38,1,0.9999644756317139,1.0,0.9423258048408422,0.9508833643898497
calce_CX2_38,1,0.9999644756317139,1.0,0.9423258048408422,0.9508833643898497
calce_CX2_38,1,0.9999678134918213,1.0,0.9423261314311537,0.9521992486737525
calce_CX2_38,1,0.9999665021896362,1.0,0.942326003128024,0.9516707886069878
calce_CX2_38,1,0.999966025352478,1.0,0.9423259564722742,0.9514824101806463
calce_CX2_38,1,0.9999650716781616,1.0,0.9423258631606678,0.9511114369779665
calce_CX2_38,1,0.9999650716781616,1.0,0.9423258631606678,0.9511114369779665
calce_CX2_38,1,0.9999650716781616,1.0,0.9423258631606678,0.9511114369779665
calce_CX2_38,1,0.9999650716781616,1.0,0.9423258631606678,0.9511114369779665
calce_CX2_38,1,0.9999674558639526,1.0,0.9423260964394178,0.9520535695227413
calce_CX2_38,1,0.9999674558639526,1.0,0.9423260964394178,0.9520535695227413
calce_CX2_38,1,0.999966025352478,1.0,0.9423259564722742,0.9514824101806463
calce_CX2_38,1,0.9999682903289795,1.0,0.9423261780867709,0.9523953584502465
calce_CX2_38,1,0.9999674558639526,1.0,0.9423260964394178,0.9520535695227413
calce_CX2_38,1,0.9999650716781616,1.0,0.9423258631606678,0.9511114369779665
calce_CX2_38,1,0.999966025352478,1.0,0.9423259564722742,0.9514824101806463
calce_CX2_38,1,0.9999644756317139,1.0,0.9423258048408422,0.9508833643898497
calce_CX2_38,1,0.9999650716781616,1.0,0.9423258631606678,0.9511114369779665
calce_CX2_38,1,0.9999644756317139,1.0,0.9423258048408422,0.9508833643898497
calce_CX2_38,1,0.9999644756317139,1.0,0.9423258048408422,0.9508833643898497
calce_CX2_38,1,0.9999644756317139,1.0,0.9423258048408422,0.9508833643898497
calce_CX2_38,1,0.9999678134918213,1.0,0.9423261314311537,0.9521992486737525
calce_CX2_38,1,0.9999673366546631,1.0,0.9423260847755013,0.952005272560297
calce_CX2_38,1,0.9999648332595825,1.0,0.9423258398327442,0.9510198653446148
calce_CX2_38,1,0.9999675750732422,1.0,0.942326108103332,0.952101997306203
calce_CX2_38,1,0.9999648332595825,1.0,0.9423258398327442,0.9510198653446148
calce_CX2_38,1,0.9999648332595825,1.0,0.9423258398327442,0.9510198653446148
calce_CX2_38,1,0.9999648332595825,1.0,0.9423258398327442,0.9510198653446148
calce_CX2_38,1,0.9999648332595825,1.0,0.9423258398327442,0.9510198653446148
calce_CX2_38,1,0.9999648332595825,1.0,0.9423258398327442,0.9510198653446148
calce_CX2_38,1,0.9999648332595825,1.0,0.9423258398327442,0.9510198653446148
calce_CX2_38,1,0.9999674558639526,1.0,0.9423260964394178,0.9520535695227413
calce_CX2_38,1,0.999966025352478,1.0,0.9423259564722742,0.9514824101806463
calce_CX2_38,1,0.999966025352478,1.0,0.9423259564722742,0.9514824101806463
calce_CX2_38,1,0.9999682903289795,1.0,0.9423261780867709,0.9523953584502465
calce_CX2_38,1,0.9999650716781616,1.0,0.9423258631606678,0.9511114369779665
calce_CX2_38,1,0.9999650716781616,1.0,0.9423258631606678,0.9511114369779665
calce_CX2_38,1,0.9999644756317139,1.0,0.9423258048408422,0.9508833643898497
calce_CX2_38,1,0.9999650716781616,1.0,0.9423258631606678,0.9511114369779665
calce_CX2_38,1,0.9999669790267944,1.0,0.9423260497837386,0.9518611583994278
calce_CX2_38,1,0.999966025352478,1.0,0.9423259564722742,0.9514824101806463
calce_CX2_38,1,0.9999682903289795,1.0,0.9423261780867709,0.9523953584502465
calce_CX2_38,1,0.9999669790267944,1.0,0.9423260497837386,0.9518611583994278
calce_CX2_38,1,0.999966025352478,1.0,0.9423259564722742,0.9514824101806463
calce_CX2_38,1,0.999966025352478,1.0,0.9423259564722742,0.9514824101806463
calce_CX2_38,1,0.999966025352478,1.0,0.9423259564722742,0.9514824101806463
calce_CX2_38,1,0.9999681711196899,1.0,0.9423261664228699,0.9523461279649889
calce_CX2_38,1,0.9999650716781616,1.0,0.9423258631606678,0.9511114369779665
calce_CX2_38,1,0.9999644756317139,1.0,0.9423258048408422,0.9508833643898497
calce_CX2_38,1,0.9999644756317139,1.0,0.9423258048408422,0.9508833643898497
calce_CX2_38,1,0.999966025352478,1.0,0.9423259564722742,0.9514824101806463
calce_CX2_38,1,0.9999727010726929,1.0,0.9423266096495492,0.9543213679483394
calce_CX2_38,1,0.999966025352478,1.0,0.9423259564722742,0.9514824101806463
calce_CX2_38,1,0.999966025352478,1.0,0.9423259564722742,0.9514824101806463
calce_CX2_38,1,0.9999674558639526,1.0,0.9423260964394178,0.9520535695227413
calce_CX2_38,1,0.9999675750732422,1.0,0.942326108103332,0.952101997306203
calce_CX2_38,1,0.9999681711196899,1.0,0.9423261664228699,0.9523461279649889
calce_CX2_38,1,0.9999681711196899,1.0,0.9423261664228699,0.9523461279649889
calce_CX2_38,1,0.9999682903289795,1.0,0.9423261780867709,0.9523953584502465
calce_CX2_38,1,0.9999674558639526,1.0,0.9423260964394178,0.9520535695227413
calce_CX2_38,1,0.9999674558639526,1.0,0.9423260964394178,0.9520535695227413
calce_CX2_38,1,0.9999673366546631,1.0,0.9423260847755013,0.952005272560297
calce_CX2_38,1,0.9999644756317139,1.0,0.9423258048408422,0.9508833643898497
calce_CX2_38,1,0.9999650716781616,1.0,0.9423258631606678,0.9511114369779665
calce_CX2_38,1,0.999966025352478,1.0,0.9423259564722742,0.9514824101806463
calce_CX2_38,1,0.9999650716781616,1.0,0.9423258631606678,0.9511114369779665
calce_CX2_38,1,0.9999644756317139,1.0,0.9423258048408422,0.9508833643898497
calce_CX2_38,1,0.9999674558639526,1.0,0.9423260964394178,0.9520535695227413
calce_CX2_38,1,0.9999674558639526,1.0,0.9423260964394178,0.9520535695227413
calce_CX2_38,1,0.9999650716781616,1.0,0.9423258631606678,0.9511114369779665
calce_CX2_38,1,0.9999644756317139,1.0,0.9423258048408422,0.9508833643898497
calce_CX2_38,1,0.9999678134918213,1.0,0.9423261314311537,0.9521992486737525
calce_CX2_38,1,0.9999665021896362,1.0,0.942326003128024,0.9516707886069878
calce_CX2_38,1,0.9999644756317139,1.0,0.9423258048408422,0.9508833643898497
calce_CX2_38,1,0.9999678134918213,1.0,0.9423261314311537,0.9521992486737525
calce_CX2_38,1,0.9999650716781616,1.0,0.9423258631606678,0.9511114369779665
calce_CX2_38,1,0.9999650716781616,1.0,0.9423258631606678,0.9511114369779665
calce_CX2_38,1,0.9999650716781616,1.0,0.9423258631606678,0.9511114369779665
calce_CX2_38,1,0.9999674558639526,1.0,0.9423260964394178,0.9520535695227413
calce_CX2_38,1,0.9999675750732422,1.0,0.942326108103332,0.952101997306203
calce_CX2_38,1,0.9999691247940063,1.0,0.9423262597340156,0.9527438536976173
calce_CX2_38,1,0.9999176263809204,1.0,0.9423212207293334,0.9381923396966737
calce_CX2_38,1,0.9999170303344727,1.0,0.9423211624051006,0.9380712995016594
calce_CX2_38,1,0.9998676776885986,0.949627345155487,0.942316332966524,0.9297481585842334
calce_CX2_38,1,0.999966025352478,1.0,0.9423259564722742,0.9514824101806463
calce_CX2_38,1,0.9999669790267944,1.0,0.9423260497837386,0.9518611583994278
calce_CX2_38,1,0.9999650716781616,1.0,0.9423258631606678,0.9511114369779665
calce_CX2_38,1,0.9999644756317139,1.0,0.9423258048408422,0.9508833643898497
calce_CX2_38,1,0.9999644756317139,1.0,0.9423258048408422,0.9508833643898497
calce_CX2_38,1,0.9999678134918213,1.0,0.9423261314311537,0.9521992486737525
calce_CX2_38,1,0.9999699592590332,1.0,0.9423263413811517,0.9530993716431702
calce_CX2_38,1,0.999966025352478,1.0,0.9423259564722742,0.9514824101806463
calce_CX2_38,1,0.999966025352478,1.0,0.9423259564722742,0.9514824101806463
calce_CX2_38,1,0.9999650716781616,1.0,0.9423258631606678,0.9511114369779665
calce_CX2_38,1,0.9999727010726929,1.0,0.9423266096495492,0.9543213679483394
calce_CX2_38,1,0.999966025352478,1.0,0.9423259564722742,0.9514824101806463
calce_CX2_38,1,0.9999650716781616,1.0,0.9423258631606678,0.9511114369779665
calce_CX2_38,1,0.9999650716781616,1.0,0.9423258631606678,0.9511114369779665
calce_CX2_38,1,0.9999674558639526,1.0,0.9423260964394178,0.9520535695227413
calce_CX2_38,1,0.9999650716781616,1.0,0.9423258631606678,0.9511114369779665
calce_CX2_38,1,0.9999650716781616,1.0,0.9423258631606678,0.9511114369779665
calce_CX2_38,1,0.9999650716781616,1.0,0.9423258631606678,0.9511114369779665
calce_CX2_38,1,0.9999650716781616,1.0,0.9423258631606678,0.9511114369779665
calce_CX2_38,1,0.9999665021896362,1.0,0.942326003128024,0.9516707886069878
calce_CX2_38,1,0.9999650716781616,1.0,0.9423258631606678,0.9511114369779665
calce_CX2_38,1,0.9999665021896362,1.0,0.942326003128024,0.9516707886069878
calce_CX2_38,1,0.9999648332595825,1.0,0.9423258398327442,0.9510198653446148
calce_CX2_38,1,0.9999665021896362,1.0,0.942326003128024,0.9516707886069878
calce_CX2_38,1,0.9999644756317139,1.0,0.9423258048408422,0.9508833643898497
calce_CX2_38,1,0.9999644756317139,1.0,0.9423258048408422,0.9508833643898497
calce_CX2_38,1,0.9999644756317139,1.0,0.9423258048408422,0.9508833643898497
calce_CX2_38,1,0.9999669790267944,1.0,0.9423260497837386,0.9518611583994278
calce_CX2_38,1,0.9999648332595825,1.0,0.9423258398327442,0.9510198653446148
calce_CX2_38,1,0.9999648332595825,1.0,0.9423258398327442,0.9510198653446148
calce_CX2_38,1,0.9999648332595825,1.0,0.9423258398327442,0.9510198653446148
calce_CX2_38,1,0.9999648332595825,1.0,0.9423258398327442,0.9510198653446148
calce_CX2_38,1,0.9999648332595825,1.0,0.9423258398327442,0.9510198653446148
calce_CX2_38,1,0.9999648332595825,1.0,0.9423258398327442,0.9510198653446148
calce_CX2_38,1,0.9999648332595825,1.0,0.9423258398327442,0.9510198653446148
calce_CX2_38,1,0.9999644756317139,1.0,0.9423258048408422,0.9508833643898497
calce_CX2_38,1,0.9999672174453735,1.0,0.9423260731115826,0.951957105594839
calce_CX2_38,1,0.9999648332595825,1.0,0.9423258398327442,0.9510198653446148
calce_CX2_38,1,0.9999681711196899,1.0,0.9423261664228699,0.9523461279649889
calce_CX2_38,1,0.9999648332595825,1.0,0.9423258398327442,0.9510198653446148
calce_CX2_38,1,0.9999727010726929,1.0,0.9423266096495492,0.9543213679483394
calce_CX2_38,1,0.9999648332595825,1.0,0.9423258398327442,0.9510198653446148
calce_CX2_38,1,0.9999648332595825,1.0,0.9423258398327442,0.9510198653446148
calce_CX2_38,1,0.9999648332595825,1.0,0.9423258398327442,0.9510198653446148
calce_CX2_38,1,0.9999648332595825,1.0,0.9423258398327442,0.9510198653446148
calce_CX2_38,1,0.9999648332595825,1.0,0.9423258398327442,0.9510198653446148
calce_CX2_38,1,0.9999648332595825,1.0,0.9423258398327442,0.9510198653446148
calce_CX2_38,1,0.9999648332595825,1.0,0.9423258398327442,0.9510198653446148
calce_CX2_38,1,0.9999672174453735,1.0,0.9423260731115826,0.951957105594839
calce_CX2_38,1,0.9999648332595825,1.0,0.9423258398327442,0.9510198653446148
calce_CX2_38,1,0.9999271631240845,1.0,0.9423221539095304,0.9402242086794362
calce_CX2_38,1,0.999908447265625,1.0,0.9423203225300071,0.9363963705358398
calce_CX2_38,1,0.9999334812164307,1.0,0.9423227721336053,0.9416823502977979
calce_CX2_38,1,0.9999039173126221,1.0,0.9423198792579681,0.9355593013946696
calce_CX2_38,1,0.9998912811279297,1.0,0.9423186427453774,0.933370811216749
calce_CX2_38,1,0.9999152421951294,1.0,0.9423209874320695,0.937712031393641
calce_CX2_38,1,0.9999018907546997,1.0,0.9423196809510206,0.9351943569401981
calce_CX2_38,1,0.9998912811279297,1.0,0.9423186427453774,0.933370811216749
calce_CX2_38,1,0.9997990727424622,0.949627345155487,0.9423096189496595,0.9214343587680772
calce_CX2_38,1,0.9999035596847534,1.0,0.9423198442626709,0.9354944837739845
calce_CX2_38,1,0.9999039173126221,1.0,0.9423198792579681,0.9355593013946696
calce_CX2_38,1,0.9998252987861633,0.949627345155487,0.9423121856456755,0.9243139180097316
calce_CX2_38,1,0.9999593496322632,1.0,0.9423253032880542,0.9490302168641431
calce_CX2_38,1,0.9999089241027832,1.0,0.9423203691900358,0.9364862715188145
calce_CX2_38,1,0.9998252987861633,0.949627345155487,0.9423121856456755,0.9243139180097316
calce_CX2_38,1,0.9999388456344604,1.0,0.9423232970359555,0.9430036967072933
calce_CX2_38,1,0.9999388456344604,1.0,0.9423232970359555,0.9430036967072933
calce_CX2_38,1,0.9999192953109741,1.0,0.9423213840368909,0.9385347662203677
calce_CX2_38,1,0.9999103546142578,1.0,0.9423205091699091,0.9367581022989427
calce_CX2_38,1,0.9998227953910828,0.949627345155487,0.9423119406475022,0.9240254830442516
calce_CX2_38,1,0.9999103546142578,1.0,0.9423205091699091,0.9367581022989427
calce_CX2_38,1,0.9999145269393921,1.0,0.9423209174427176,0.9375699080152394
calce_CX2_38,1,0.9999039173126221,1.0,0.9423198792579681,0.9355593013946696
calce_CX2_38,1,0.9999388456344604,1.0,0.9423232970359555,0.9430036967072933
calce_CX2_38,1,0.9999388456344604,1.0,0.9423232970359555,0.9430036967072933
calce_CX2_38,1,0.9999388456344604,1.0,0.9423232970359555,0.9430036967072933
calce_CX2_38,1,0.999935507774353,1.0,0.9423229704305759,0.9421718696184778
calce_CX2_38,1,0.999935507774353,1.0,0.9423229704305759,0.9421718696184778
calce_CX2_38,1,0.9998748302459717,1.0,0.9423170329086791,0.9307908513194728
calce_CX2_38,1,0.9999376535415649,1.0,0.9423231803913763,0.9427028242908663
calce_CX2_38,1,0.9999376535415649,1.0,0.9423231803913763,0.9427028242908663
calce_CX2_38,1,0.9999376535415649,1.0,0.9423231803913763,0.9427028242908663
calce_CX2_38,1,0.9999376535415649,1.0,0.9423231803913763,0.9427028242908663
calce_CX2_38,1,0.9999343156814575,1.0,0.9423228537853766,0.9418825540784121
calce_CX2_38,1,0.9999343156814575,1.0,0.9423228537853766,0.9418825540784121
calce_CX2_38,1,0.9999376535415649,1.0,0.9423231803913763,0.9427028242908663
calce_CX2_38,1,0.9999145269393921,1.0,0.9423209174427176,0.9375699080152394
calce_CX2_38,1,0.9999122619628906,1.0,0.9423206958092438,0.9371256317241005
calce_CX2_38,1,0.9999164342880249,1.0,0.9423211040808122,0.9379509066833688
calce_CX2_38,1,0.9999103546142578,1.0,0.9423205091699091,0.9367581022989427
calce_CX2_38,1,0.9999103546142578,1.0,0.9423205091699091,0.9367581022989427
calce_CX2_38,1,0.9998986721038818,1.0,0.9423193659916117,0.934626163881215
calce_CX2_38,1,0.9999039173126221,1.0,0.9423198792579681,0.9355593013946696
calce_CX2_38,1,0.9999133348464966,1.0,0.9423208007936205,0.9373349969947129
calce_CX2_38,1,0.9999103546142578,1.0,0.9423205091699091,0.9367581022989427
calce_CX2_38,1,0.9999133348464966,1.0,0.9423208007936205,0.9373349969947129
calce_CX2_38,1,0.9999103546142578,1.0,0.9423205091699091,0.9367581022989427
calce_CX2_38,1,0.9999099969863892,1.0,0.9423204741749707,0.9366898424071488
calce_CX2_38,1,0.9999388456344604,1.0,0.9423232970359555,0.9430036967072933
calce_CX2_38,1,0.9998986721038818,1.0,0.9423193659916117,0.934626163881215
calce_CX2_38,1,0.9999123811721802,1.0,0.9423207074741835,0.937148799773582
calce_CX2_38,1,0.9999154806137085,1.0,0.9423210107618358,0.9377596048465903
calce_CX2_38,1,0.9999094009399414,1.0,0.942320415850029,0.9365765249835355
calce_CX2_38,1,0.9999133348464966,1.0,0.9423208007936205,0.9373349969947129
calce_CX2_38,1,0.9999089241027832,1.0,0.9423203691900358,0.9364862715188145
calce_CX2_38,1,0.9998328685760498,0.949627345155487,0.9423129264675429,0.9252054920555658
calce_CX2_38,1,0.9999125003814697,1.0,0.9423207191391209,0.9371719913819988
calce_CX2_38,1,0.9999094009399414,1.0,0.942320415850029,0.9365765249835355
calce_CX2_38,1,0.9999094009399414,1.0,0.942320415850029,0.9365765249835355
calce_CX2_38,1,0.9999088048934937,1.0,0.942320357525032,0.9364637633528137
calce_CX2_38,1,0.9999221563339233,1.0,0.9423216639916943,0.9391342818692218
calce_CX2_38,1,0.9999145269393921,1.0,0.9423209174427176,0.9375699080152394
calce_CX2_38,1,0.9998410940170288,0.949627345155487,0.942313731444959,0.9262094940830023
calce_CX2_38,1,0.9998400211334229,0.949627345155487,0.9423136264485028,0.9260763484748086
calce_CX2_38,1,0.9997069239616394,0.949627345155487,0.9423005996630582,0.9131557970837291
calce_CX2_38,1,0.9998464584350586,0.949627345155487,0.9423142564245489,0.9268855684655528
calce_CX2_38,1,0.9998565912246704,0.949627345155487,0.942315248040426,0.9282127023497222
calce_CX2_38,1,0.9999058246612549,1.0,0.9423200658992165,0.9359080759601847
calce_CX2_38,1,0.9999122619628906,1.0,0.9423206958092438,0.9371256317241005
calce_CX2_38,1,0.9998204112052917,0.949627345155487,0.9423117073150005,0.9237536274207632
calce_CX2_38,1,0.9998087286949158,0.949627345155487,0.9423105639729348,0.9224595837860853
calce_CX2_38,1,0.9998410940170288,0.949627345155487,0.942313731444959,0.9262094940830023
calce_CX2_38,1,0.9998493194580078,0.949627345155487,0.9423145364118296,0.9272534409025053
calce_CX2_38,1,0.9998480081558228,0.949627345155487,0.9423144080844843,0.9270841858447213
calce_CX2_38,1,0.9998512268066406,0.949627345155487,0.942314723069308,0.927501620253691
calce_CX2_38,1,0.9998403787612915,0.949627345155487,0.9423136614473414,0.9261206554033409
calce_CX2_38,1,0.9998421669006348,0.949627345155487,0.9423138364412357,0.9263433185720125
calce_CX2_38,1,0.9998501539230347,0.949627345155487,0.9423146180745462,0.9273617267301758
calce_CX2_38,1,0.9999099969863892,1.0,0.9423204741749707,0.9366898424071488
calce_CX2_38,1,0.9999039173126221,1.0,0.9423198792579681,0.9355593013946696
calce_CX2_38,1,0.9999039173126221,1.0,0.9423198792579681,0.9355593013946696
calce_CX2_38,1,0.9999145269393921,1.0,0.9423209174427176,0.9375699080152394
calce_CX2_38,1,0.9998034834861755,0.949627345155487,0.942310050628761,0.921897943801853
calce_CX2_38,1,0.999935507774353,1.0,0.9423229704305759,0.9421718696184778
calce_CX2_38,1,0.9999388456344604,1.0,0.9423232970359555,0.9430036967072933
calce_CX2_38,1,0.999935507774353,1.0,0.9423229704305759,0.9421718696184778
calce_CX2_38,1,0.9999039173126221,1.0,0.9423198792579681,0.9355593013946696
calce_CX2_38,1,0.999935507774353,1.0,0.9423229704305759,0.9421718696184778
calce_CX2_38,1,0.9999591112136841,1.0,0.9423252799599179,0.9489483359384883
calce_CX2_38,1,0.9998583793640137,0.949627345155487,0.9423154230298021,0.9284541742856705
calce_CX2_38,1,0.9996892213821411,0.949627345155487,0.9422988668283574,0.9118007405514086
calce_CX2_38,1,0.9998480081558228,0.949627345155487,0.9423144080844843,0.9270841858447213
calce_CX2_38,1,0.9998565912246704,0.949627345155487,0.942315248040426,0.9282127023497222
calce_CX2_38,1,0.9998464584350586,0.949627345155487,0.9423142564245489,0.9268855684655528
calce_CX2_38,1,0.9998512268066406,0.949627345155487,0.942314723069308,0.927501620253691
calce_CX2_38,1,0.9998421669006348,0.949627345155487,0.9423138364412357,0.9263433185720125
calce_CX2_38,1,0.9998565912246704,0.949627345155487,0.942315248040426,0.9282127023497222
calce_CX2_38,1,0.9998142123222351,0.949627345155487,0.9423111006463494,0.9230593336316519
calce_CX2_38,1,0.9996860027313232,0.949627345155487,0.942298551762254,0.911560716728671
calce_CX2_38,1,0.9998410940170288,0.949627345155487,0.942313731444959,0.9262094940830023
calce_CX2_38,1,0.9997896552085876,0.949627345155487,0.9423086972462932,0.9204697235054724
calce_CX2_38,1,0.9998227953910828,0.949627345155487,0.9423119406475022,0.9240254830442516
calce_CX2_38,1,0.9999122619628906,1.0,0.9423206958092438,0.9371256317241005
calce_CX2_38,1,0.9999164342880249,1.0,0.9423211040808122,0.9379509066833688
calce_CX2_38,1,0.9998410940170288,0.949627345155487,0.942313731444959,0.9262094940830023
calce_CX2_38,1,0.9998410940170288,0.949627345155487,0.942313731444959,0.9262094940830023
calce_CX2_38,1,0.9998410940170288,0.949627345155487,0.942313731444959,0.9262094940830023
calce_CX2_38,1,0.9998410940170288,0.949627345155487,0.942313731444959,0.9262094940830023
calce_CX2_38,1,0.999847412109375,0.949627345155487,0.9423143497537841,0.92700761491759
calce_CX2_38,1,0.9998478889465332,0.949627345155487,0.9423143964183487,0.9270688535988035
calce_CX2_38,1,0.9998410940170288,0.949627345155487,0.942313731444959,0.9262094940830023
calce_CX2_38,1,0.9998514652252197,0.949627345155487,0.942314746401453,0.9275328107475335
calce_CX2_38,1,0.9998517036437988,0.949627345155487,0.942314769733589,0.9275640389384495
calce_CX2_38,1,0.9998493194580078,0.949627345155487,0.9423145364118296,0.9272534409025053
calce_CX2_38,1,0.9997896552085876,0.949627345155487,0.9423086972462932,0.9204697235054724
calce_CX2_38,1,0.9998480081558228,0.949627345155487,0.9423144080844843,0.9270841858447213
calce_CX2_38,1,0.9998512268066406,0.949627345155487,0.942314723069308,0.927501620253691
calce_CX2_38,1,0.9996922016143799,0.949627345155487,0.942299158554791,0.912024678426146
calce_CX2_38,1,0.9996936321258545,0.949627345155487,0.9422992985829872,0.9121327553701971
calce_CX2_38,1,0.9998421669006348,0.949627345155487,0.9423138364412357,0.9263433185720125
calce_CX2_38,1,0.9998224377632141,0.949627345155487,0.9423119056476835,0.9239845294501391
calce_CX2_38,1,0.9998396635055542,0.949627345155487,0.942313591449644,0.9260321160990672
calce_CX2_38,1,0.9998313188552856,0.949627345155487,0.9423127748039507,0.9250205223121802
calce_CX2_38,1,0.9998224377632141,0.949627345155487,0.9423119056476835,0.9239845294501391
calce_CX2_38,1,0.9998224377632141,0.949627345155487,0.9423119056476835,0.9239845294501391
calce_CX2_38,1,0.9998224377632141,0.949627345155487,0.9423119056476835,0.9239845294501391
calce_CX2_38,1,0.9998501539230347,0.949627345155487,0.9423146180745462,0.9273617267301758
calce_CX2_38,1,0.9998313188552856,0.949627345155487,0.9423127748039507,0.9250205223121802
calce_CX2_38,1,0.9998868703842163,1.0,0.9423182111266328,0.9326518385633757
calce_CX2_38,1,0.9998868703842163,1.0,0.9423182111266328,0.9326518385633757
calce_CX2_38,1,0.9998925924301147,1.0,0.942318771063879,0.9335887690673077
calce_CX2_38,1,0.9998741149902344,1.0,0.9423169629148224,0.930684598668789
calce_CX2_38,1,0.9998664855957031,0.949627345155487,0.9423162163087229,0.9295785178107556
calce_CX2_38,1,0.9998741149902344,1.0,0.9423169629148224,0.930684598668789
calce_CX2_38,1,0.9998651742935181,0.949627345155487,0.942316087984886,0.9293932223261312
calce_CX2_38,1,0.9998592138290405,0.949627345155487,0.9423155046913404,0.928567646484221
calce_CX2_38,1,0.9998461008071899,0.949627345155487,0.9423142214260491,0.926839948172032
calce_CX2_38,1,0.9998478889465332,0.949627345155487,0.9423143964183487,0.9270688535988035
calce_CX2_38,1,0.999881386756897,1.0,0.942317674515317,0.931786713384718
calce_CX2_38,1,0.9998875856399536,1.0,0.9423182811190677,0.9327669844279142
calce_CX2_38,1,0.999879002571106,1.0,0.9423174412045876,0.9314199105907307
calce_CX2_38,1,0.9998985528945923,1.0,0.9423193543264174,0.9346053806496379
calce_CX2_38,1,0.999868631362915,0.949627345155487,0.9423164262926054,0.9298846998029998
calce_CX2_38,1,0.9998562335968018,0.949627345155487,0.942315213042491,0.9281646800064236
calce_CX2_38,1,0.9998501539230347,0.949627345155487,0.9423146180745462,0.9273617267301758
calce_CX2_38,1,0.9998868703842163,1.0,0.9423182111266328,0.9326518385633757
calce_CX2_38,1,0.9998844861984253,1.0,0.9423179778179408,0.9322719178377037
calce_CX2_38,1,0.9998970031738281,1.0,0.9423192026786901,0.9343368479094799
calce_CX2_38,1,0.9998825788497925,1.0,0.9423177911703495,0.9319721923130067
calce_CX2_38,1,0.99986732006073,0.949627345155487,0.9423162979692069,0.929697146206603
calce_CX2_38,1,0.9999058246612549,1.0,0.9423200658992165,0.9359080759601847
calce_CX2_38,1,0.9999152421951294,1.0,0.9423209874320695,0.937712031393641
calce_CX2_38,1,0.9998986721038818,1.0,0.9423193659916117,0.934626163881215
calce_CX2_38,1,0.999935507774353,1.0,0.9423229704305759,0.9421718696184778
calce_CX2_38,1,0.9999164342880249,1.0,0.9423211040808122,0.9379509066833688
calce_CX2_38,1,0.9998348951339722,0.949627345155487,0.9423131247962911,0.9254493365503915
calce_CX2_38,1,0.9999192953109741,1.0,0.9423213840368909,0.9385347662203677
calce_CX2_38,1,0.9999103546142578,1.0,0.9423205091699091,0.9367581022989427
calce_CX2_38,1,0.9999192953109741,1.0,0.9423213840368909,0.9385347662203677
calce_CX2_38,1,0.9999103546142578,1.0,0.9423205091699091,0.9367581022989427
calce_CX2_38,1,0.9999103546142578,1.0,0.9423205091699091,0.9367581022989427
calce_CX2_38,1,0.9999154806137085,1.0,0.9423210107618358,0.9377596048465903
calce_CX2_38,1,0.9999154806137085,1.0,0.9423210107618358,0.9377596048465903
calce_CX2_38,1,0.9999125003814697,1.0,0.9423207191391209,0.9371719913819988
calce_CX2_38,1,0.9999094009399414,1.0,0.942320415850029,0.9365765249835355
calce_CX2_38,1,0.9999094009399414,1.0,0.942320415850029,0.9365765249835355
calce_CX2_38,1,0.9999094009399414,1.0,0.942320415850029,0.9365765249835355
calce_CX2_38,1,0.9998975992202759,1.0,0.9423192610047834,0.9344397694552912
calce_CX2_38,1,0.9999057054519653,1.0,0.942320054234155,0.9358861235556474
calce_CX2_38,1,0.9999057054519653,1.0,0.942320054234155,0.9358861235556474
calce_CX2_38,1,0.9999115467071533,1.0,0.9423206258195598,0.936987115072518
calce_CX2_38,1,0.9999057054519653,1.0,0.942320054234155,0.9358861235556474
calce_CX2_38,1,0.9999170303344727,1.0,0.9423211624051006,0.9380712995016594
calce_CX2_38,1,0.9999115467071533,1.0,0.9423206258195598,0.936987115072518
calce_CX2_38,1,0.9999115467071533,1.0,0.9423206258195598,0.936987115072518
calce_CX2_38,1,0.9999123811721802,1.0,0.9423207074741835,0.937148799773582
calce_CX2_38,1,0.9999154806137085,1.0,0.9423210107618358,0.9377596048465903
calce_CX2_38,1,0.9999094009399414,1.0,0.942320415850029,0.9365765249835355
calce_CX2_38,1,0.9999094009399414,1.0,0.942320415850029,0.9365765249835355
calce_CX2_38,1,0.9999094009399414,1.0,0.942320415850029,0.9365765249835355
calce_CX2_38,1,0.9998252987861633,0.949627345155487,0.9423121856456755,0.9243139180097316
calce_CX2_38,1,0.9999094009399414,1.0,0.942320415850029,0.9365765249835355
calce_CX2_38,1,0.9999145269393921,1.0,0.9423209174427176,0.9375699080152394
calce_CX2_38,1,0.9999123811721802,1.0,0.9423207074741835,0.937148799773582
calce_CX2_38,1,0.9999088048934937,1.0,0.942320357525032,0.9364637633528137
calce_CX2_38,1,0.9998940229415894,1.0,0.9423189110473932,0.9338288265053667
calce_CX2_38,1,0.9999123811721802,1.0,0.9423207074741835,0.937148799773582
calce_CX2_38,1,0.9998871088027954,1.0,0.9423182344574533,0.932690159731859
calce_CX2_38,1,0.9998800754547119,1.0,0.9423175461945253,0.9315842945651417
calce_CX2_38,1,0.9998831748962402,1.0,0.9423178494977827,0.9320654618318208
calce_CX2_37,0,0.01880810037255287,0.7294520547945202,0.76241471399642,0.2587557838755207
calce_CX2_37,0,0.029099026694893837,0.7294520547945202,0.7652743977586521,0.2822169350674178
calce_CX2_37,0,0.013787250965833664,0.7112531707197676,0.7610108243207075,0.24297240222349878
calce_CX2_37,0,0.020029304549098015,0.7294520547945202,0.7627553177108716,0.26204406086353627
calce_CX2_37,0,0.022231511771678925,0.7294520547945202,0.7633686803269035,0.2675653077477337
calce_CX2_37,0,0.01880810037255287,0.7294520547945202,0.76241471399642,0.2587557838755207
calce_CX2_37,0,0.007105323951691389,0.6891447368421053,0.7591336693951571,0.21170590695000988
calce_CX2_37,0,0.003218244295567274,0.6891447368421053,0.7580370506114834,0.17850662584747817
calce_CX2_37,0,0.010374803096055984,0.6891447368421053,0.7600534204842302,0.2291615086084322
calce_CX2_37,0,0.007105323951691389,0.6891447368421053,0.7591336693951571,0.21170590695000988
calce_CX2_37,0,0.007105323951691389,0.6891447368421053,0.7591336693951571,0.21170590695000988
calce_CX2_37,0,0.0031882277689874172,0.6891447368421053,0.7580285691697117,0.1781400302876814
calce_CX2_37,0,0.006386486813426018,0.6891447368421053,0.7589311278030505,0.20697573315542342
calce_CX2_37,0,0.004998294170945883,0.6891447368421053,0.7585396578911657,0.1964152743053332
calce_CX2_37,0,0.0031882277689874172,0.6891447368421053,0.7580285691697117,0.1781400302876814
calce_CX2_37,0,0.00448828237131238,0.6891447368421053,0.7583957259123949,0.19191237865915425
calce_CX2_37,0,0.00448828237131238,0.6891447368421053,0.7583957259123949,0.19191237865915425
calce_CX2_37,0,0.00740437675267458,0.6891447368421053,0.7592178971332725,0.2135562646429952
calce_CX2_37,0,0.004578906111419201,0.6891447368421053,0.7584213053839957,0.1927425607620397
calce_CX2_37,0,0.007456460501998663,0.6891447368421053,0.7592325643804845,0.2138720948362618
calce_CX2_37,0,0.0049191974103450775,0.6891447368421053,0.7585173395842203,0.19574274808166267
calce_CX2_37,0,0.0049191974103450775,0.6891447368421053,0.7585173395842203,0.19574274808166267
calce_CX2_37,0,0.0049191974103450775,0.6891447368421053,0.7585173395842203,0.19574274808166267
calce_CX2_37,0,0.008188990876078606,0.6891447368421053,0.759438786811283,0.2181286937813244
calce_CX2_37,0,0.00853580329567194,0.6891447368421053,0.759536379567088,0.22003323882233178
calce_CX2_37,0,0.05870141461491585,0.7294520547945202,0.7733667085511688,0.3233356563418408
calce_CX2_37,0,0.06898962706327438,0.7294520547945202,0.7761325497943674,0.333459398935903
calce_CX2_37,0,0.08436261862516403,0.7294520547945202,0.7802204382804733,0.34646601783947706
calce_CX2_37,0,0.04564730077981949,0.7294520547945202,0.7698226515199,0.3080846011440123
calce_CX2_37,0,0.05631684139370918,0.7294520547945202,0.7727222122107272,0.32077889630064443
calce_CX2_37,0,0.0062297857366502285,0.6891447368421053,0.7588869598378469,0.2058857746798067
calce_CX2_37,0,0.03296315297484398,0.7294520547945202,0.7663419943655058,0.28920543496110857
calce_CX2_37,0,0.08265280723571777,0.7294520547945202,0.7797684387185198,0.3451209377611892
calce_CX2_37,0,0.047148026525974274,0.7294520547945202,0.7702320519977734,0.31001238053181035
calce_CX2_37,0,0.047148026525974274,0.7294520547945202,0.7702320519977734,0.31001238053181035
calce_CX2_37,0,0.07375644892454147,0.7294520547945202,0.7774058735655961,0.33772870257420917
calce_CX2_37,0,0.05552937835454941,0.7294520547945202,0.7725090947736792,0.31991461330977833
calce_CX2_37,0,0.08436261862516403,0.7294520547945202,0.7802204382804733,0.34646601783947706
calce_CX2_37,0,0.03931664302945137,0.7294520547945202,0.7680900139012561,0.2993106467376985
calce_CX2_37,0,0.07469254732131958,0.7294520547945202,0.7776553181094139,0.33854011762933284
calce_CX2_37,0,0.054253581911325455,0.7294520547945202,0.7721635165922521,0.31849225901306716
calce_CX2_37,0,0.052455414086580276,0.7294520547945202,0.7716758142937439,0.31643901290610205
calce_CX2_37,0,0.08011887967586517,0.7294520547945202,0.7790973527395041,0.3430849379775735
calce_CX2_37,0,0.08643878251314163,0.7294520547945202,0.7807683891162198,0.3480696252997374
calce_CX2_37,0,0.05552937835454941,0.7294520547945202,0.7725090947736792,0.31991461330977833
calce_CX2_37,0,0.05552937835454941,0.7294520547945202,0.7725090947736792,0.31991461330977833
calce_CX2_37,0,0.07700285315513611,0.7294520547945202,0.7782700966796693,0.34050732962441393
calce_CX2_37,0,0.06049809604883194,0.7294520547945202,0.7738514568260128,0.3252051945361243
calce_CX2_37,0,0.06087159365415573,0.7294520547945202,0.7739521350504399,0.3255879921264368
calce_CX2_37,0,0.06603411585092545,0.7294520547945202,0.7753404683732165,0.3306877062712694
calce_CX2_37,0,0.06618048995733261,0.7294520547945202,0.7753797436593532,0.3308273821489579
calce_CX2_37,0,0.05023373290896416,0.7294520547945202,0.7710722314534286,0.31381872910004616
calce_CX2_37,0,0.06990371644496918,0.7294520547945202,0.7763771244038882,0.3342966455281862
calce_CX2_37,0,0.07761002331972122,0.7294520547945202,0.7784314644296849,0.3410162416285341
calce_CX2_37,0,0.04770568758249283,0.7294520547945202,0.7703840525890441,0.31071553973783544
calce_CX2_37,0,0.032285649329423904,0.7294520547945202,0.7661550551592047,0.2880323597450958
calce_CX2_37,0,0.1243852972984314,0.7294520547945202,0.7906100918238803,0.3729964148599022
calce_CX2_37,0,0.07764387875795364,0.7294520547945202,0.7784404597237792,0.3410445215332675
calce_CX2_37,0,0.12081379443407059,0.7294520547945202,0.7896978127195933,0.37093205126984236
calce_CX2_37,0,0.22465327382087708,0.7294520547945202,0.8150359467245654,0.41831812184758016
calce_CX2_37,0,0.2330581694841385,0.7294520547945202,0.816979906380824,0.4214057145412473
calce_CX2_37,0,0.25348231196403503,0.7294520547945202,0.8216376262524873,0.4286247007998844
calce_CX2_37,0,0.2477639615535736,0.7294520547945202,0.8203429876975455,0.4266412597402438
calce_CX2_37,0,0.18509845435619354,0.7294520547945202,0.805673069549917,0.4026423660133731
calce_CX2_37,0,0.9123051762580872,0.7294520547945202,0.92706167967489,0.6509754400927307
calce_CX2_37,0,0.9334210157394409,0.7294520547945202,0.9292309219200595,0.6687936582120644
calce_CX2_37,0,0.9084153175354004,0.7294520547945202,0.9266554473203138,0.6480871577385795
calce_CX2_37,0,0.8860583901405334,0.7294520547945202,0.9242799828183347,0.6331789370590029
calce_CX2_37,0,0.5804181098937988,0.7294520547945202,0.8840270116063886,0.5215765351607613
calce_CX2_37,0,0.9716646075248718,0.7294520547945202,0.9330085766483887,0.7192567958294611
calce_CX2_37,0,0.9288713335990906,0.7294520547945202,0.9287686263484837,0.6645955121340876
calce_CX2_37,0,0.9288713335990906,0.7294520547945202,0.9287686263484837,0.6645955121340876
calce_CX2_37,0,0.9356793761253357,0.7294520547945202,0.9294593643202621,0.6709668608184245
calce_CX2_37,0,0.9462051391601562,0.7294520547945202,0.9305151234898386,0.6820260323739036
calce_CX2_37,0,0.9646797180175781,0.7294520547945202,0.9323328778075022,0.7068668083532975
calce_CX2_37,0,0.9462051391601562,0.7294520547945202,0.9305151234898386,0.6820260323739036
calce_CX2_37,0,0.9042324423789978,0.7294520547945202,0.9262162901849579,0.6450904473989441
calce_CX2_37,0,0.8760429620742798,0.7294520547945202,0.9231930763617412,0.6272486574573535
calce_CX2_37,0,0.9415366053581238,0.7294520547945202,0.9300486747936293,0.6769155978707138
calce_CX2_37,0,0.9272201657295227,0.7294520547945202,0.9286001617970366,0.6631269624556367
calce_CX2_37,0,0.9489666223526001,0.7294520547945202,0.9307896761013069,0.6852271164892736
calce_CX2_37,0,0.9411981105804443,0.7294520547945202,0.9300147423017328,0.6765585384338825
calce_CX2_37,0,0.9411981105804443,0.7294520547945202,0.9300147423017328,0.6765585384338825
calce_CX2_37,0,0.9264773726463318,0.7294520547945202,0.9285242565849814,0.6624753037372261
calce_CX2_37,0,0.9259113669395447,0.7294520547945202,0.9284663670868201,0.6619823888748145
calce_CX2_37,0,0.7884008884429932,0.7294520547945202,0.9130557666457767,0.5866315143413771
calce_CX2_37,0,0.9479650259017944,0.7294520547945202,0.930690211472964,0.6840495956317838
calce_CX2_37,0,0.331880122423172,0.7294520547945202,0.8386550480823237,0.45357993562934584
calce_CX2_37,0,0.8764925003051758,0.7294520547945202,0.9232421668135296,0.6275066192337879
calce_CX2_37,0,0.8483991622924805,0.7294520547945202,0.9201184893520784,0.6126155036661599
calce_CX2_37,0,0.7813320159912109,0.7294520547945202,0.9121873931355002,0.5839268997050415
calce_CX2_37,0,0.7598245143890381,0.7294520547945202,0.9094969281817584,0.5760351537058584
calce_CX2_37,0,0.8608905673027039,0.7294520547945202,0.9215214836077786,0.6189502892586665
calce_CX2_37,0,0.9149688482284546,0.7294520547945202,0.9273386599790847,0.6530141244518474
calce_CX2_37,0,0.9717427492141724,0.7294520547945202,0.9330161003188325,0.7194094998915003
calce_CX2_37,0,0.9424538016319275,0.7294520547945202,0.930140542904367,0.6778918793398591
calce_CX2_37,0,0.9589096903800964,0.7294520547945202,0.9317699396776136,0.6981170808914544
calce_CX2_37,0,0.9670534133911133,0.7294520547945202,0.9325632085625338,0.710823003688269
calce_CX2_37,0,0.8751439452171326,0.7294520547945202,0.9230948156164669,0.6267349520852752
calce_CX2_37,0,0.9582453370094299,0.7294520547945202,0.9317048457804187,0.6971777810847584
calce_CX2_37,0,0.9451160430908203,0.7294520547945202,0.9304065663519172,0.6808014798363304
calce_CX2_37,0,0.9601303339004517,0.7294520547945202,0.9318893894905139,0.6998769540805854
calce_CX2_37,1,0.9779899716377258,0.7294520547945202,0.9336150659207834,0.7329683869669346
calce_CX2_37,1,0.9779899716377258,0.7294520547945202,0.9336150659207834,0.7329683869669346
calce_CX2_37,1,0.9829877614974976,0.7294520547945202,0.9340906535337059,0.7464259461665625
calce_CX2_37,1,0.9754033088684082,0.7294520547945202,0.933367670059191,0.7270008307146505
calce_CX2_37,1,0.9437297582626343,0.7294520547945202,0.9302681595368183,0.679271966022444
calce_CX2_37,1,0.9541599750518799,0.7294520547945202,0.9313032920399259,0.6916648618660424
calce_CX2_37,1,0.2609359622001648,0.7294520547945202,0.8233141573329757,0.43116957599058453
calce_CX2_37,1,0.9709771871566772,0.7294520547945202,0.9329423563472704,0.7179286615398563
calce_CX2_37,1,0.9814888834953308,0.7294520547945202,0.9339483543480974,0.7420712599532696
calce_CX2_37,1,0.9881226420402527,0.7294520547945202,0.9345759869075616,0.7643451105415555
calce_CX2_37,1,0.9507089257240295,0.7294520547945202,0.9309623826697428,0.6873226536560921
calce_CX2_37,1,0.9223217964172363,0.7294520547945202,0.9280982272566725,0.6589268168493189
calce_CX2_37,1,0.966719925403595,0.7294520547945202,0.9325308926332845,0.7102528468981874
calce_CX2_37,1,0.961555004119873,0.7294520547945202,0.9320285598067211,0.7019897062354697
calce_CX2_37,1,0.9792669415473938,0.7294520547945202,0.9337368841752174,0.7361376666245468
calce_CX2_37,1,0.9708219170570374,0.7294520547945202,0.932927390521997,0.7176323806446582
calce_CX2_37,1,0.9834395051002502,0.7294520547945202,0.9341334848689562,0.7478023124809792
calce_CX2_37,1,0.9679630398750305,0.7294520547945202,0.932651280956265,0.7124034914369645
calce_CX2_37,1,0.9376611113548279,0.7294520547945202,0.9296592634059545,0.6729269354028532
calce_CX2_37,1,0.9670634269714355,0.7294520547945202,0.9325641786847024,0.7108401993929608
calce_CX2_37,1,0.961996853351593,0.7294520547945202,0.9320716686976656,0.7026584491660669
calce_CX2_37,1,0.9795122146606445,0.7294520547945202,0.9337602585445565,0.7367653307586854
calce_CX2_37,1,0.9473783373832703,0.7294520547945202,0.9306318883017983,0.6833686925732958
calce_CX2_37,1,0.980979859828949,0.7294520547945202,0.933899964191347,0.7406604906708019
calce_CX2_37,1,0.9633458852767944,0.7294520547945202,0.9322031298085456,0.7047418628317793
calce_CX2_37,1,0.9777866005897522,0.7294520547945202,0.9335956458740825,0.7324781662395187
calce_CX2_37,1,0.959513247013092,0.7294520547945202,0.9318290268077626,0.698981643498396
calce_CX2_37,1,0.8612921237945557,0.7294520547945202,0.9215662090271558,0.6191609918004463
calce_CX2_37,1,0.9597508311271667,0.7294520547945202,0.9318522728622818,0.6993249680326549
calce_CX2_37,1,0.9808413982391357,0.7294520547945202,0.933886795690782,0.7402822974411271
calce_CX2_37,1,0.9949445128440857,0.7294520547945202,0.9352156291734391,0.8031039363480988
calce_CX2_37,1,0.9812565445899963,0.7294520547945202,0.9339262712164375,0.7414232901508272
calce_CX2_37,1,0.9811563491821289,0.7294520547945202,0.9339167458195838,0.7411459601175521
calce_CX2_37,1,0.4315364956855774,0.7294520547945202,0.8583650581382686,0.4816721647827039
calce_CX2_37,1,0.9897369742393494,0.7294520547945202,0.9347278807399957,0.7713526547194448
calce_CX2_37,1,0.9832446575164795,0.7294520547945202,0.9341150138859137,0.7472047916174774
calce_CX2_37,1,0.980657160282135,0.7294520547945202,0.9338692698122576,0.7397826573173166
calce_CX2_37,1,0.992373526096344,0.7294520547945202,0.9349752508579738,0.7851096859694551
calce_CX2_37,1,0.9874936938285828,0.7294520547945202,0.9345167197200713,0.7618318558127993
calce_CX2_37,1,0.9800737500190735,0.7294520547945202,0.9338137436593859,0.7382267432174925
calce_CX2_37,1,0.9636548757553101,0.7294520547945202,0.9322332072380138,0.7052282044178975
calce_CX2_37,1,0.9940352439880371,0.7294520547945202,0.9351307103735913,0.7960109896913494
calce_CX2_37,1,0.9850772023200989,0.7294520547945202,0.9342885436489684,0.7530752222207857
calce_CX2_37,1,0.9931743741035461,0.7294520547945202,0.9350502162150294,0.7900847567972693
calce_CX2_37,1,0.9931743741035461,0.7294520547945202,0.9350502162150294,0.7900847567972693
calce_CX2_37,1,0.9855120778083801,0.7294520547945202,0.9343296610311861,0.7545576997137455
calce_CX2_37,1,0.9889351725578308,0.7294520547945202,0.9346524796111594,0.767764144319773
calce_CX2_37,1,0.9689629673957825,0.7294520547945202,0.9327479733895762,0.7141855189249466
calce_CX2_37,1,0.9852558374404907,0.7294520547945202,0.9343054364561385,0.7536796921615124
calce_CX2_37,1,0.9937449097633362,0.7294520547945202,0.935103573551812,0.793936674861582
calce_CX2_37,1,0.9937449097633362,0.7294520547945202,0.935103573551812,0.793936674861582
calce_CX2_37,1,0.9937449097633362,0.7294520547945202,0.935103573551812,0.793936674861582
calce_CX2_37,1,0.9864791035652161,0.7294520547945202,0.9344210073837369,0.7579944783445787
calce_CX2_37,1,0.9843379855155945,0.7294520547945202,0.9342185959390267,0.7506373126253872
calce_CX2_37,1,0.9763469696044922,0.7294520547945202,0.9334580235236193,0.7291131648897828
calce_CX2_37,1,0.9937449097633362,0.7294520547945202,0.935103573551812,0.793936674861582
calce_CX2_37,1,0.3186069130897522,0.7294520547945202,0.8358690422582934,0.44959315523791404
calce_CX2_37,1,0.9866563081741333,0.7294520547945202,0.934437733519187,0.7586467170842617
calce_CX2_37,1,0.9940404295921326,0.7294520547945202,0.9351311949631737,0.7960487989944052
calce_CX2_37,1,0.9916967153549194,0.7294520547945202,0.9349118335541352,0.7812362849585395
calce_CX2_37,1,0.983190655708313,0.7294520547945202,0.9341098938198851,0.7470402337906816
calce_CX2_37,1,0.9894005656242371,0.7294520547945202,0.9346962548592237,0.7698191932165871
calce_CX2_37,1,0.991323709487915,0.7294520547945202,0.9348768582372996,0.7792137465372625
calce_CX2_37,1,0.9970550537109375,0.9340866290018832,0.9354123389966967,0.8249411444465281
calce_CX2_37,1,0.9970550537109375,0.9340866290018832,0.9354123389966967,0.8249411444465281
calce_CX2_37,1,0.9935234785079956,0.7294520547945202,0.935082869819429,0.7924080982920213
calce_CX2_37,1,0.9970550537109375,0.9340866290018832,0.9354123389966967,0.8249411444465281
calce_CX2_37,1,0.9923587441444397,0.7294520547945202,0.9349738664003995,0.7850220591286191
calce_CX2_37,1,0.999705970287323,0.9703271028037384,0.9356586259075874,0.8969815292309197
calce_CX2_37,1,0.9988239407539368,0.9340866290018832,0.9355767770269876,0.857533962781188
calce_CX2_37,1,0.9980807304382324,0.9340866290018832,0.9355077347724197,0.8408291322467307
calce_CX2_37,1,0.9979769587516785,0.9340866290018832,0.9354980891803741,0.8389408241500075
calce_CX2_37,1,0.9980504512786865,0.9340866290018832,0.9355049204592869,0.8402697039916464
calce_CX2_37,1,0.9994922876358032,0.9703271028037384,0.9356388058884842,0.8827460319222568
calce_CX2_37,1,0.9992069602012634,0.9340866290018832,0.9356123316316957,0.8698838234148927
calce_CX2_37,1,0.9994742274284363,0.9703271028037384,0.9356371304631431,0.8817792300902821
calce_CX2_37,1,0.9992011189460754,0.9340866290018832,0.9356117895418372,0.869662422630848
calce_CX2_37,1,0.9994742274284363,0.9703271028037384,0.9356371304631431,0.8817792300902821
calce_CX2_37,1,0.9994742274284363,0.9703271028037384,0.9356371304631431,0.8817792300902821
calce_CX2_37,1,0.999505877494812,0.9703271028037384,0.9356400665778045,0.8834917341097509
calce_CX2_37,1,0.9993313550949097,0.9340866290018832,0.9356238749241808,0.8749413426054344
calce_CX2_37,1,0.9995524287223816,0.9703271028037384,0.9356443848173678,0.8861763894533595
calce_CX2_37,1,0.9993313550949097,0.9340866290018832,0.9356238749241808,0.8749413426054344
calce_CX2_37,1,0.9993313550949097,0.9340866290018832,0.9356238749241808,0.8749413426054344
calce_CX2_37,1,0.9996864795684814,0.9703271028037384,0.9356568182920757,0.8953918453540849
calce_CX2_37,1,0.9998155236244202,0.9703271028037384,0.9356687852641137,0.9078966976803963
calce_CX2_37,1,0.9998238682746887,0.9703271028037384,0.9356695590385282,0.9089218716034964
calce_CX2_37,1,0.9997425675392151,0.9703271028037384,0.9356620198958028,0.900205765565154
calce_CX2_37,1,0.9998238682746887,0.9703271028037384,0.9356695590385282,0.9089218716034964
calce_CX2_37,1,0.9996070265769958,0.9703271028037384,0.935649449143794,0.8896237610471965
calce_CX2_37,1,0.999560534954071,0.9703271028037384,0.9356451367495555,0.8866663473549248
calce_CX2_37,1,0.9996296167373657,0.9703271028037384,0.9356515444279523,0.8911620521460437
calce_CX2_37,1,0.9998238682746887,0.9703271028037384,0.9356695590385282,0.9089218716034964
calce_CX2_37,1,0.9997425675392151,0.9703271028037384,0.9356620198958028,0.900205765565154
calce_CX2_37,1,0.9998238682746887,0.9703271028037384,0.9356695590385282,0.9089218716034964
calce_CX2_37,1,0.9997425675392151,0.9703271028037384,0.9356620198958028,0.900205765565154
calce_CX2_37,1,0.9997978806495667,0.9703271028037384,0.9356671492553885,0.905843365868943
calce_CX2_37,1,0.999578058719635,0.9703271028037384,0.9356467622220609,0.8877505383919954
calce_CX2_37,1,0.9996122717857361,0.9703271028037384,0.9356499356534306,0.8899745698570781
calce_CX2_37,1,0.9998238682746887,0.9703271028037384,0.9356695590385282,0.9089218716034964
calce_CX2_37,1,0.9998238682746887,0.9703271028037384,0.9356695590385282,0.9089218716034964
calce_CX2_37,1,0.9998238682746887,0.9703271028037384,0.9356695590385282,0.9089218716034964
calce_CX2_37,1,0.9998238682746887,0.9703271028037384,0.9356695590385282,0.9089218716034964
calce_CX2_37,1,0.9998238682746887,0.9703271028037384,0.9356695590385282,0.9089218716034964
calce_CX2_37,1,0.9994083642959595,0.9340866290018832,0.9356310200694954,0.8784635189452897
calce_CX2_37,1,0.9989983439445496,0.9340866290018832,0.9355929686449399,0.8626791829102505
calce_CX2_37,1,0.9997425675392151,0.9703271028037384,0.9356620198958028,0.900205765565154
calce_CX2_37,1,0.9997459053993225,0.9703271028037384,0.9356623294369201,0.9005174393772212
calce_CX2_37,1,0.9998179078102112,0.9703271028037384,0.9356690063434021,0.9081858382305553
calce_CX2_37,1,0.9998261332511902,0.9703271028037384,0.9356697690615166,0.9092066772435066
calce_CX2_37,1,0.9997459053993225,0.9703271028037384,0.9356623294369201,0.9005174393772212
calce_CX2_37,1,0.9998261332511902,0.9703271028037384,0.9356697690615166,0.9092066772435066
calce_CX2_37,1,0.999829888343811,0.9703271028037384,0.9356701172561168,0.9096853131154593
calce_CX2_37,1,0.999829888343811,0.9703271028037384,0.9356701172561168,0.9096853131154593
calce_CX2_37,1,0.9997925162315369,0.9703271028037384,0.9356666518126222,0.905246953936513
calce_CX2_37,1,0.9998559951782227,0.9703271028037384,0.9356725379891067,0.9132632658286239
calce_CX2_37,1,0.999829888343811,0.9703271028037384,0.9356701172561168,0.9096853131154593
calce_CX2_37,1,0.9998070597648621,0.9703271028037384,0.9356680004269253,0.9068933087289975
calce_CX2_37,1,0.9997819066047668,0.9703271028037384,0.9356656679708252,0.9041021241876599
calce_CX2_37,1,0.9997658133506775,0.9703271028037384,0.9356641755997812,0.902446314415268
calce_CX2_37,1,0.999804675579071,0.9703271028037384,0.9356677793444176,0.9066168966800316
calce_CX2_37,1,0.9996517896652222,0.9703271028037384,0.9356536009511487,0.8927459166465054
calce_CX2_37,1,0.999396800994873,0.9340866290018832,0.9356299472387589,0.8779121215364951
calce_CX2_37,1,0.999656081199646,0.9703271028037384,0.9356539989808268,0.8930616351623202
calce_CX2_37,1,0.9996719360351562,0.9703271028037384,0.9356554694594779,0.8942557330155813
calce_CX2_37,1,0.9994910955429077,0.9703271028037384,0.9356386953006046,0.88268138005015
calce_CX2_37,1,0.9996753931045532,0.9703271028037384,0.9356557900860055,0.8945221337912208
calce_CX2_37,1,0.9998157620429993,0.9703271028037384,0.9356688073720745,0.9079254796842458
calce_CX2_37,1,0.9997791647911072,0.9703271028037384,0.935665413717296,0.9038133919251837
calce_CX2_37,1,0.9994964599609375,0.9703271028037384,0.9356391929446692,0.8829732688520111
calce_CX2_37,1,0.9996457099914551,0.9703271028037384,0.9356530370718463,0.8923038731772107
calce_CX2_37,1,0.9996650218963623,0.9703271028037384,0.935654828201959,0.8937295144907821
calce_CX2_37,1,0.9996601343154907,0.9703271028037384,0.9356543748956397,0.8933626859017386
calce_CX2_37,1,0.9997007846832275,0.9703271028037384,0.9356581449869767,0.8965506592060458
calce_CX2_37,1,0.9976019263267517,0.9340866290018832,0.9354632186670817,0.8327170894157532
calce_CX2_37,1,0.9997791647911072,0.9703271028037384,0.935665413717296,0.9038133919251837
calce_CX2_37,1,0.9996738433837891,0.9703271028037384,0.9356556463570563,0.8944024370704934
calce_CX2_37,1,0.9995311498641968,0.9703271028037384,0.9356424109564492,0.8849229700310915
calce_CX2_37,1,0.9993017911911011,0.9340866290018832,0.9356211317000717,0.8736751123038732
calce_CX2_37,1,0.9994964599609375,0.9703271028037384,0.9356391929446692,0.8829732688520111
calce_CX2_37,1,0.9994910955429077,0.9703271028037384,0.9356386953006046,0.88268138005015
calce_CX2_37,1,0.9997005462646484,0.9703271028037384,0.9356581228756038,0.896530991098657
calce_CX2_37,1,0.9997005462646484,0.9703271028037384,0.9356581228756038,0.896530991098657
calce_CX2_37,1,0.9996820688247681,0.9703271028037384,0.9356564092226761,0.8950429674888448
calce_CX2_37,1,0.9997794032096863,0.9703271028037384,0.9356654358263357,0.903838387049881
calce_CX2_37,1,0.9995682835578918,0.9703271028037384,0.9356458555006166,0.8871414410742637
calce_CX2_37,1,0.9995811581611633,0.9703271028037384,0.9356470497166202,0.8879460033156434
calce_CX2_37,1,0.9996927976608276,0.9703271028037384,0.9356574042521312,0.8958983998914983
calce_CX2_37,1,0.9997005462646484,0.9703271028037384,0.9356581228756038,0.896530991098657
calce_CX2_37,1,0.9998278617858887,0.9703271028037384,0.9356699293417887,0.9094259873090516
calce_CX2_37,1,0.9997038245201111,0.9703271028037384,0.9356584269063614,0.8968025172234688
calce_CX2_37,1,0.9997794032096863,0.9703271028037384,0.9356654358263357,0.903838387049881
calce_CX2_37,1,0.9996820688247681,0.9703271028037384,0.9356564092226761,0.8950429674888448
calce_CX2_37,1,0.9996994733810425,0.9703271028037384,0.9356580233743381,0.8964426371292521
calce_CX2_37,1,0.9997344613075256,0.9703271028037384,0.9356612681473154,0.8994618709336262
calce_CX2_37,1,0.9996689558029175,0.9703271028037384,0.9356551930561047,0.8940278507812248
calce_CX2_37,1,0.9996689558029175,0.9703271028037384,0.9356551930561047,0.8940278507812248
calce_CX2_37,1,0.9996757507324219,0.9703271028037384,0.9356558232541821,0.8945498201721765
calce_CX2_37,1,0.9995073080062866,0.9703271028037384,0.9356401992806058,0.8835711744837647
calce_CX2_37,1,0.999574601650238,0.9703271028037384,0.9356464415536415,0.8875338586850804
calce_CX2_37,1,0.9995666146278381,0.9703271028037384,0.9356457006933274,0.8870385448126621
calce_CX2_37,1,0.9995755553245544,0.9703271028037384,0.9356465300140439,0.887593492480057
calce_CX2_37,1,0.9996979236602783,0.9703271028037384,0.9356578796500346,0.8963154528532895
calce_CX2_37,1,0.9993065595626831,0.9340866290018832,0.9356215741629356,0.87387640459442
calce_CX2_37,1,0.9996979236602783,0.9703271028037384,0.9356578796500346,0.8963154528532895
calce_CX2_37,1,0.9992955923080444,0.9340866290018832,0.9356205564941151,0.8734150705694421
calce_CX2_37,1,0.9993163347244263,0.9340866290018832,0.9356224812029538,0.8742925409014004
calce_CX2_37,1,0.9991866946220398,0.9340866290018832,0.9356104508935738,0.8691212104432827
calce_CX2_37,1,0.9993269443511963,0.9340866290018832,0.9356234656597503,0.8747496227011116
calce_CX2_37,1,0.9989721775054932,0.9340866290018832,0.935590539590514,0.8618632908069833
calce_CX2_37,1,0.9997215867042542,0.9703271028037384,0.9356600741770233,0.8983163247709303
calce_CX2_37,1,0.9997492432594299,0.9703271028037384,0.9356626389766504,0.9008323501441924
calce_CX2_37,1,0.9995205402374268,0.9703271028037384,0.9356414267694387,0.8843148293337749
calce_CX2_37,1,0.9996887445449829,0.9703271028037384,0.9356570283537989,0.8955725063516096
calce_CX2_37,1,0.9995040893554688,0.9703271028037384,0.9356399006989444,0.8833926904425651
calce_CX2_37,1,0.9995173215866089,0.9703271028037384,0.9356411281930804,0.8841324527382682
calce_CX2_37,1,0.9993159770965576,0.9340866290018832,0.9356224480187726,0.8742772327768948
calce_CX2_37,1,0.9998956918716431,0.9703271028037384,0.9356762186671213,0.9198261111490312
calce_CX2_37,1,0.9997046589851379,0.9703271028037384,0.9356585042957951,0.8968720111221609
calce_CX2_37,1,0.9993124008178711,0.9340866290018832,0.9356221161760846,0.874124502616142
calce_CX2_37,1,0.9996887445449829,0.9703271028037384,0.9356570283537989,0.8955725063516096
calce_CX2_37,1,0.9997825026512146,0.9703271028037384,0.9356657232432078,0.9041652686275851
calce_CX2_37,1,0.9996970891952515,0.9703271028037384,0.935657802259901,0.8962471820294509
calce_CX2_37,1,0.9996843338012695,0.9703271028037384,0.9356566192856431,0.8952216404406113
calce_CX2_37,1,0.9997037053108215,0.9703271028037384,0.935658415850721,0.8967926021294687
calce_CX2_37,1,0.9997385144233704,0.9703271028037384,0.9356616440225815,0.8998315499061199
calce_CX2_37,1,0.9997602105140686,0.9703271028037384,0.9356636560260001,0.9018908197963265
calce_CX2_37,1,0.9995900988578796,0.9703271028037384,0.9356478790211475,0.8885163440156044
calce_CX2_37,1,0.999321699142456,0.9340866290018832,0.9356229789637603,0.8745229349876804
calce_CX2_37,1,0.999752938747406,0.9703271028037384,0.9356629816797342,0.9011848698544607
calce_CX2_37,1,0.9996033310890198,0.9703271028037384,0.9356491063735841,0.8893788209801305
calce_CX2_37,1,0.9997212290763855,0.9703271028037384,0.9356600410108874,0.8982851047335146
calce_CX2_37,1,0.9996337890625,0.9703271028037384,0.9356519314127986,0.8914542515002798
calce_CX2_37,1,0.9996514320373535,0.9703271028037384,0.9356535677819052,0.8927197458710026
calce_CX2_37,1,0.9998519420623779,0.9703271028037384,0.9356721621731093,0.9126762234735313
calce_CX2_37,1,0.9998519420623779,0.9703271028037384,0.9356721621731093,0.9126762234735313
calce_CX2_37,1,0.9998519420623779,0.9703271028037384,0.9356721621731093,0.9126762234735313
calce_CX2_37,1,0.9997562766075134,0.9703271028037384,0.9356632912165425,0.9015068558855414
calce_CX2_37,1,0.9998505115509033,0.9703271028037384,0.9356720295316809,0.9124720248779878
calce_CX2_37,1,0.9999207258224487,0.9703271028037384,0.9356785397145788,0.9250503798150989
calce_CX2_37,1,0.9999372959136963,0.9703271028037384,0.9356800759840452,0.9292642810960314
calce_CX2_37,1,0.9999268054962158,0.9703271028037384,0.9356791033857619,0.9265095941177071
calce_CX2_37,1,0.9999268054962158,0.9703271028037384,0.9356791033857619,0.9265095941177071
calce_CX2_37,1,0.99992835521698,0.9703271028037384,0.9356792470659159,0.9268964782322419
calce_CX2_37,1,0.9999244213104248,0.9703271028037384,0.9356788823387875,0.9259265704843275
calce_CX2_37,1,0.999924898147583,0.9703271028037384,0.9356789265482389,0.9260420259912309
calce_CX2_37,1,0.999924898147583,0.9703271028037384,0.9356789265482389,0.9260420259912309
calce_CX2_37,1,0.9999737739562988,1.0,0.9356834578669195,0.9430765170575648
calce_CX2_37,1,0.999924898147583,0.9703271028037384,0.9356789265482389,0.9260420259912309
calce_CX2_37,1,0.9999270439147949,0.9703271028037384,0.9356791254904204,0.9265687001120859
calce_CX2_37,1,0.9999299049377441,0.9703271028037384,0.9356793907457711,0.9272898836208495
calce_CX2_37,1,0.9999264478683472,0.9703271028037384,0.9356790702287608,0.9264212135146987
calce_CX2_37,1,0.9998713731765747,0.9703271028037384,0.935673963860619,0.9156150042647534
calce_CX2_37,1,0.9999297857284546,0.9703271028037384,0.9356793796934851,0.9272593844128406
calce_CX2_37,1,0.9999295473098755,0.9703271028037384,0.9356793575889079,0.9271985058010921
calce_CX2_37,1,0.9998831748962402,0.9703271028037384,0.9356750581141436,0.9175732298896999
calce_CX2_37,1,0.9999295473098755,0.9703271028037384,0.9356793575889079,0.9271985058010921
calce_CX2_37,1,0.9999265670776367,0.9703271028037384,0.9356790812810962,0.9264506367387922
calce_CX2_37,1,0.9998795986175537,0.9703271028037384,0.935674726523997,0.9169641736873789
calce_CX2_37,1,0.9998835325241089,0.9703271028037384,0.9356750912730707,0.9176349295281536
calce_CX2_37,1,0.9998959302902222,0.9703271028037384,0.9356762407727031,0.9198710168832797
calce_CX2_37,1,0.9999444484710693,0.9703271028037384,0.935680739111386,0.9313540985685436
calce_CX2_37,1,0.999934196472168,0.9703271028037384,0.9356797886268872,0.9284155317063119
calce_CX2_37,1,0.9998936653137207,0.9703271028037384,0.9356760307693907,0.9194475951526294
calce_CX2_37,1,0.9999265670776367,0.9703271028037384,0.9356790812810962,0.9264506367387922
calce_CX2_37,1,0.9999755620956421,1.0,0.9356836236412341,0.9440771113886112
calce_CX2_37,1,0.999924898147583,0.9703271028037384,0.9356789265482389,0.9260420259912309
calce_CX2_37,1,0.9998928308486938,0.9703271028037384,0.9356759533995883,0.9192933627214412
calce_CX2_37,1,0.9999352693557739,0.9703271028037384,0.9356798880968079,0.9287057694501634
calce_CX2_37,1,0.999931812286377,0.9703271028037384,0.9356795675821056,0.9277834069435613
calce_CX2_37,1,0.999929666519165,0.9703271028037384,0.9356793686411974,0.9272289251793165
calce_CX2_37,1,0.9999352693557739,0.9703271028037384,0.9356798880968079,0.9287057694501634
calce_CX2_37,1,0.9999321699142456,0.9703271028037384,0.935679600738868,0.9278771264276982
calce_CX2_37,1,0.9998835325241089,0.9703271028037384,0.9356750912730707,0.9176349295281536
calce_CX2_37,1,0.9999444484710693,0.9703271028037384,0.935680739111386,0.9313540985685436
calce_CX2_37,1,0.999931812286377,0.9703271028037384,0.9356795675821056,0.9277834069435613
calce_CX2_37,1,0.999929666519165,0.9703271028037384,0.9356793686411974,0.9272289251793165
calce_CX2_37,1,0.9999350309371948,0.9703271028037384,0.9356798659923934,0.9286409530905776
calce_CX2_37,1,0.9999301433563232,0.9703271028037384,0.9356794128503376,0.9273510024398636
calce_CX2_37,1,0.9999444484710693,0.9703271028037384,0.935680739111386,0.9313540985685436
calce_CX2_37,1,0.9999363422393799,0.9703271028037384,0.9356799875665855,0.9289997437302384
calce_CX2_37,1,0.9999349117279053,0.9703271028037384,0.9356798549401836,0.9286086137263229
calce_CX2_37,1,0.9998230338096619,0.9703271028037384,0.9356694816614768,0.9088176651234385
calce_CX2_37,1,0.9999350309371948,0.9703271028037384,0.9356798659923934,0.9286409530905776
calce_CX2_37,1,0.9999363422393799,0.9703271028037384,0.9356799875665855,0.9289997437302384
calce_CX2_37,1,0.9999532699584961,0.9703271028037384,0.9356815569596714,0.9342388200137498
calce_CX2_37,1,0.9999533891677856,0.9703271028037384,0.9356815680116091,0.9342805740253325
calce_CX2_37,1,0.9999352693557739,0.9703271028037384,0.9356798880968079,0.9287057694501634
calce_CX2_37,1,0.9999363422393799,0.9703271028037384,0.9356799875665855,0.9289997437302384
calce_CX2_37,1,0.9999532699584961,0.9703271028037384,0.9356815569596714,0.9342388200137498
calce_CX2_37,1,0.9999532699584961,0.9703271028037384,0.9356815569596714,0.9342388200137498
calce_CX2_37,1,0.9999533891677856,0.9703271028037384,0.9356815680116091,0.9342805740253325
calce_CX2_37,1,0.9999568462371826,1.0,0.935681888517028,0.9355287684336091
calce_CX2_37,1,0.9999568462371826,1.0,0.935681888517028,0.9355287684336091
calce_CX2_37,1,0.9999301433563232,0.9703271028037384,0.9356794128503376,0.9273510024398636
calce_CX2_37,1,0.9999483823776245,0.9703271028037384,0.9356811038287098,0.9325934138989513
calce_CX2_37,1,0.9999363422393799,0.9703271028037384,0.9356799875665855,0.9289997437302384
calce_CX2_37,1,0.9999363422393799,0.9703271028037384,0.9356799875665855,0.9289997437302384
calce_CX2_37,1,0.9999363422393799,0.9703271028037384,0.9356799875665855,0.9289997437302384
calce_CX2_37,1,0.9999321699142456,0.9703271028037384,0.935679600738868,0.9278771264276982
calce_CX2_37,1,0.9999363422393799,0.9703271028037384,0.9356799875665855,0.9289997437302384
calce_CX2_37,1,0.9999349117279053,0.9703271028037384,0.9356798549401836,0.9286086137263229
calce_CX2_37,1,0.9999408721923828,0.9703271028037384,0.9356804075485116,0.9302848136118936
calce_CX2_37,1,0.9999350309371948,0.9703271028037384,0.9356798659923934,0.9286409530905776
calce_CX2_37,1,0.9999321699142456,0.9703271028037384,0.935679600738868,0.9278771264276982
calce_CX2_37,1,0.9999363422393799,0.9703271028037384,0.9356799875665855,0.9289997437302384
calce_CX2_37,1,0.9999310970306396,0.9703271028037384,0.9356795012685333,0.9275971009227904
calce_CX2_37,1,0.99993896484375,0.9703271028037384,0.9356802307143276,0.9297347855280655
calce_CX2_37,1,0.9999444484710693,0.9703271028037384,0.935680739111386,0.9313540985685436
calce_CX2_37,1,0.9999363422393799,0.9703271028037384,0.9356799875665855,0.9289997437302384
calce_CX2_37,1,0.9999363422393799,0.9703271028037384,0.9356799875665855,0.9289997437302384
calce_CX2_37,1,0.9999337196350098,0.9703271028037384,0.9356797444179874,0.928287708493382
calce_CX2_37,1,0.9999568462371826,1.0,0.935681888517028,0.9355287684336091
calce_CX2_37,1,0.9999533891677856,0.9703271028037384,0.9356815680116091,0.9342805740253325
calce_CX2_37,1,0.999931812286377,0.9703271028037384,0.9356795675821056,0.9277834069435613
calce_CX2_37,1,0.9999350309371948,0.9703271028037384,0.9356798659923934,0.9286409530905776
calce_CX2_37,1,0.9999301433563232,0.9703271028037384,0.9356794128503376,0.9273510024398636
calce_CX2_37,1,0.9999568462371826,1.0,0.935681888517028,0.9355287684336091
calce_CX2_37,1,0.9999568462371826,1.0,0.935681888517028,0.9355287684336091
calce_CX2_37,1,0.9999533891677856,0.9703271028037384,0.9356815680116091,0.9342805740253325
calce_CX2_37,1,0.9999568462371826,1.0,0.935681888517028,0.9355287684336091
calce_CX2_37,1,0.9999533891677856,0.9703271028037384,0.9356815680116091,0.9342805740253325
calce_CX2_37,1,0.9999483823776245,0.9703271028037384,0.9356811038287098,0.9325934138989513
calce_CX2_37,1,0.9999260902404785,0.9703271028037384,0.9356790370717438,0.9263331644411396
calce_CX2_37,1,0.9999568462371826,1.0,0.935681888517028,0.9355287684336091
calce_CX2_37,1,0.9999674558639526,1.0,0.9356828721278213,0.9399129538266583
calce_CX2_37,1,0.9999693632125854,1.0,0.9356830489552423,0.9408143775396635
calce_CX2_37,1,0.9999147653579712,0.9703271028037384,0.9356779870913062,0.9237015574466176
calce_CX2_37,1,0.9999674558639526,1.0,0.9356828721278213,0.9399129538266583
calce_CX2_37,1,0.9999672174453735,1.0,0.9356828500243619,0.9398031429442003
calce_CX2_37,1,0.99994957447052,0.9703271028037384,0.9356812143487306,0.9329832973609513
calce_CX2_37,1,0.9999352693557739,0.9703271028037384,0.9356798880968079,0.9287057694501634
calce_CX2_37,1,0.9999308586120605,0.9703271028037384,0.935679479163995,0.9275353308547898
calce_CX2_37,1,0.9999706745147705,1.0,0.9356831705238317,0.9414593471177938
calce_CX2_37,1,0.9999688863754272,1.0,0.9356830047484296,0.9405850798784943
calce_CX2_37,1,0.9999706745147705,1.0,0.9356831705238317,0.9414593471177938
calce_CX2_37,1,0.9999688863754272,1.0,0.9356830047484296,0.9405850798784943
calce_CX2_37,1,0.9999692440032959,1.0,0.9356830379035417,0.9407567984419314
calce_CX2_37,1,0.9999649524688721,1.0,0.9356826400411441,0.938789309772842
calce_CX2_37,1,0.9999706745147705,1.0,0.9356831705238317,0.9414593471177938
calce_CX2_37,1,0.9999693632125854,1.0,0.9356830489552423,0.9408143775396635
calce_CX2_37,1,0.9999688863754272,1.0,0.9356830047484296,0.9405850798784943
calce_CX2_37,1,0.9999706745147705,1.0,0.9356831705238317,0.9414593471177938
calce_CX2_37,1,0.9999688863754272,1.0,0.9356830047484296,0.9405850798784943
calce_CX2_37,1,0.9999706745147705,1.0,0.9356831705238317,0.9414593471177938
calce_CX2_37,1,0.9999706745147705,1.0,0.9356831705238317,0.9414593471177938
calce_CX2_37,1,0.9999706745147705,1.0,0.9356831705238317,0.9414593471177938
calce_CX2_37,1,0.9999706745147705,1.0,0.9356831705238317,0.9414593471177938
calce_CX2_37,1,0.9999706745147705,1.0,0.9356831705238317,0.9414593471177938
calce_CX2_37,1,0.9999706745147705,1.0,0.9356831705238317,0.9414593471177938
calce_CX2_37,1,0.9999706745147705,1.0,0.9356831705238317,0.9414593471177938
calce_CX2_37,1,0.9999693632125854,1.0,0.9356830489552423,0.9408143775396635
calce_CX2_37,1,0.9999688863754272,1.0,0.9356830047484296,0.9405850798784943
calce_CX2_37,1,0.9999706745147705,1.0,0.9356831705238317,0.9414593471177938
calce_CX2_37,1,0.9999688863754272,1.0,0.9356830047484296,0.9405850798784943
calce_CX2_37,1,0.9999688863754272,1.0,0.9356830047484296,0.9405850798784943
calce_CX2_37,1,0.9999706745147705,1.0,0.9356831705238317,0.9414593471177938
calce_CX2_37,1,0.9999706745147705,1.0,0.9356831705238317,0.9414593471177938
calce_CX2_37,1,0.9999706745147705,1.0,0.9356831705238317,0.9414593471177938
calce_CX2_37,1,0.9999706745147705,1.0,0.9356831705238317,0.9414593471177938
calce_CX2_37,1,0.9999706745147705,1.0,0.9356831705238317,0.9414593471177938
calce_CX2_37,1,0.9999706745147705,1.0,0.9356831705238317,0.9414593471177938
calce_CX2_37,1,0.9999672174453735,1.0,0.9356828500243619,0.9398031429442003
calce_CX2_37,1,0.9999692440032959,1.0,0.9356830379035417,0.9407567984419314
calce_CX2_37,1,0.9999312162399292,0.9703271028037384,0.9356795123207997,0.927628047878858
calce_CX2_37,1,0.9999681711196899,1.0,0.9356829384381573,0.9402461255945443
calce_CX2_37,1,0.9999681711196899,1.0,0.9356829384381573,0.9402461255945443
calce_CX2_37,1,0.9999706745147705,1.0,0.9356831705238317,0.9414593471177938
calce_CX2_37,1,0.9999672174453735,1.0,0.9356828500243619,0.9398031429442003
calce_CX2_37,1,0.9999692440032959,1.0,0.9356830379035417,0.9407567984419314
calce_CX2_37,1,0.9999692440032959,1.0,0.9356830379035417,0.9407567984419314
calce_CX2_37,1,0.9999672174453735,1.0,0.9356828500243619,0.9398031429442003
calce_CX2_37,1,0.9999692440032959,1.0,0.9356830379035417,0.9407567984419314
calce_CX2_37,1,0.9999681711196899,1.0,0.9356829384381573,0.9402461255945443
calce_CX2_37,1,0.9999672174453735,1.0,0.9356828500243619,0.9398031429442003
calce_CX2_37,1,0.9999637603759766,1.0,0.9356825295234046,0.9382757544605576
calce_CX2_37,1,0.9999692440032959,1.0,0.9356830379035417,0.9407567984419314
calce_CX2_37,1,0.9999685287475586,1.0,0.9356829715933013,0.9404148655545027
calce_CX2_37,1,0.9999685287475586,1.0,0.9356829715933013,0.9404148655545027
calce_CX2_37,1,0.9999693632125854,1.0,0.9356830489552423,0.9408143775396635
calce_CX2_37,1,0.9999706745147705,1.0,0.9356831705238317,0.9414593471177938
calce_CX2_37,1,0.9999706745147705,1.0,0.9356831705238317,0.9414593471177938
calce_CX2_37,1,0.9999706745147705,1.0,0.9356831705238317,0.9414593471177938
calce_CX2_37,1,0.9999706745147705,1.0,0.9356831705238317,0.9414593471177938
calce_CX2_37,1,0.9999693632125854,1.0,0.9356830489552423,0.9408143775396635
calce_CX2_37,1,0.9999674558639526,1.0,0.9356828721278213,0.9399129538266583
calce_CX2_37,1,0.9999706745147705,1.0,0.9356831705238317,0.9414593471177938
calce_CX2_37,1,0.9999688863754272,1.0,0.9356830047484296,0.9405850798784943
calce_CX2_37,1,0.9999706745147705,1.0,0.9356831705238317,0.9414593471177938
calce_CX2_37,1,0.9999706745147705,1.0,0.9356831705238317,0.9414593471177938
calce_CX2_37,1,0.9999706745147705,1.0,0.9356831705238317,0.9414593471177938
calce_CX2_37,1,0.9999706745147705,1.0,0.9356831705238317,0.9414593471177938
calce_CX2_37,1,0.9999693632125854,1.0,0.9356830489552423,0.9408143775396635
calce_CX2_37,1,0.9999706745147705,1.0,0.9356831705238317,0.9414593471177938
calce_CX2_37,1,0.9999693632125854,1.0,0.9356830489552423,0.9408143775396635
calce_CX2_37,1,0.9999706745147705,1.0,0.9356831705238317,0.9414593471177938
calce_CX2_37,1,0.9999706745147705,1.0,0.9356831705238317,0.9414593471177938
calce_CX2_37,1,0.9999688863754272,1.0,0.9356830047484296,0.9405850798784943
calce_CX2_37,1,0.9999755620956421,1.0,0.9356836236412341,0.9440771113886112
calce_CX2_37,1,0.9999693632125854,1.0,0.9356830489552423,0.9408143775396635
calce_CX2_37,1,0.9999693632125854,1.0,0.9356830489552423,0.9408143775396635
calce_CX2_37,1,0.9999693632125854,1.0,0.9356830489552423,0.9408143775396635
calce_CX2_37,1,0.9999688863754272,1.0,0.9356830047484296,0.9405850798784943
calce_CX2_37,1,0.9999706745147705,1.0,0.9356831705238317,0.9414593471177938
calce_CX2_37,1,0.9999692440032959,1.0,0.9356830379035417,0.9407567984419314
calce_CX2_37,1,0.9999706745147705,1.0,0.9356831705238317,0.9414593471177938
calce_CX2_37,1,0.9999706745147705,1.0,0.9356831705238317,0.9414593471177938
calce_CX2_37,1,0.9999706745147705,1.0,0.9356831705238317,0.9414593471177938
calce_CX2_37,1,0.9999692440032959,1.0,0.9356830379035417,0.9407567984419314
calce_CX2_37,1,0.9999688863754272,1.0,0.9356830047484296,0.9405850798784943
calce_CX2_37,1,0.9999688863754272,1.0,0.9356830047484296,0.9405850798784943
calce_CX2_37,1,0.9999692440032959,1.0,0.9356830379035417,0.9407567984419314
calce_CX2_37,1,0.9999661445617676,1.0,0.9356827505587068,0.9393164320576302
calce_CX2_37,1,0.9999537467956543,0.9703271028037384,0.935681601167411,0.9344063306109217
calce_CX2_37,1,0.9999681711196899,1.0,0.9356829384381573,0.9402461255945443
calce_CX2_37,1,0.9999692440032959,1.0,0.9356830379035417,0.9407567984419314
calce_CX2_37,1,0.9999692440032959,1.0,0.9356830379035417,0.9407567984419314
calce_CX2_37,1,0.9999692440032959,1.0,0.9356830379035417,0.9407567984419314
calce_CX2_37,1,0.9999496936798096,0.9703271028037384,0.9356812254007231,0.9330226744855317
calce_CX2_37,1,0.9999681711196899,1.0,0.9356829384381573,0.9402461255945443
calce_CX2_37,1,0.9999681711196899,1.0,0.9356829384381573,0.9402461255945443
calce_CX2_37,1,0.9999638795852661,1.0,0.9356825405751864,0.9383265220975154
calce_CX2_37,1,0.9999661445617676,1.0,0.9356827505587068,0.9393164320576302
calce_CX2_37,1,0.9999681711196899,1.0,0.9356829384381573,0.9402461255945443
calce_CX2_37,1,0.9999681711196899,1.0,0.9356829384381573,0.9402461255945443
calce_CX2_37,1,0.9999496936798096,0.9703271028037384,0.9356812254007231,0.9330226744855317
calce_CX2_37,1,0.9999681711196899,1.0,0.9356829384381573,0.9402461255945443
calce_CX2_37,1,0.9999681711196899,1.0,0.9356829384381573,0.9402461255945443
calce_CX2_37,1,0.9999692440032959,1.0,0.9356830379035417,0.9407567984419314
calce_CX2_37,1,0.9999688863754272,1.0,0.9356830047484296,0.9405850798784943
calce_CX2_37,1,0.9999649524688721,1.0,0.9356826400411441,0.938789309772842
calce_CX2_37,1,0.9999638795852661,1.0,0.9356825405751864,0.9383265220975154
calce_CX2_37,1,0.9999681711196899,1.0,0.9356829384381573,0.9402461255945443
calce_CX2_37,1,0.9999672174453735,1.0,0.9356828500243619,0.9398031429442003
calce_CX2_37,1,0.9999681711196899,1.0,0.9356829384381573,0.9402461255945443
calce_CX2_37,1,0.9999746084213257,1.0,0.9356835352283158,0.9435367547878464
calce_CX2_37,1,0.9999681711196899,1.0,0.9356829384381573,0.9402461255945443
calce_CX2_37,1,0.9999692440032959,1.0,0.9356830379035417,0.9407567984419314
calce_CX2_37,1,0.9999626874923706,1.0,0.9356824300572879,0.937824513095834
calce_CX2_37,1,0.9999638795852661,1.0,0.9356825405751864,0.9383265220975154
calce_CX2_37,1,0.9999649524688721,1.0,0.9356826400411441,0.938789309772842
calce_CX2_37,1,0.9999681711196899,1.0,0.9356829384381573,0.9402461255945443
calce_CX2_37,1,0.9999681711196899,1.0,0.9356829384381573,0.9402461255945443
calce_CX2_37,1,0.9999692440032959,1.0,0.9356830379035417,0.9407567984419314
calce_CX2_37,1,0.9999746084213257,1.0,0.9356835352283158,0.9435367547878464
calce_CX2_37,1,0.9999626874923706,1.0,0.9356824300572879,0.937824513095834
calce_CX2_37,1,0.9999661445617676,1.0,0.9356827505587068,0.9393164320576302
calce_CX2_37,1,0.9999649524688721,1.0,0.9356826400411441,0.938789309772842
calce_CX2_37,1,0.9999649524688721,1.0,0.9356826400411441,0.938789309772842
calce_CX2_37,1,0.9999706745147705,1.0,0.9356831705238317,0.9414593471177938
calce_CX2_37,1,0.9999547004699707,0.9703271028037384,0.9356816895828051,0.9347453747460107
calce_CX2_37,1,0.9999706745147705,1.0,0.9356831705238317,0.9414593471177938
calce_CX2_37,1,0.9999693632125854,1.0,0.9356830489552423,0.9408143775396635
calce_CX2_37,1,0.9999547004699707,0.9703271028037384,0.9356816895828051,0.9347453747460107
calce_CX2_37,1,0.99994957447052,0.9703271028037384,0.9356812143487306,0.9329832973609513
calce_CX2_37,1,0.9999443292617798,0.9703271028037384,0.935680728059316,0.9313176131643341
calce_CX2_37,1,0.9999706745147705,1.0,0.9356831705238317,0.9414593471177938
calce_CX2_37,1,0.9999693632125854,1.0,0.9356830489552423,0.9408143775396635
calce_CX2_37,1,0.9999674558639526,1.0,0.9356828721278213,0.9399129538266583
calce_CX2_37,1,0.9999693632125854,1.0,0.9356830489552423,0.9408143775396635
calce_CX2_37,1,0.9999706745147705,1.0,0.9356831705238317,0.9414593471177938
calce_CX2_37,1,0.9999547004699707,0.9703271028037384,0.9356816895828051,0.9347453747460107
calce_CX2_37,1,0.9999483823776245,0.9703271028037384,0.9356811038287098,0.9325934138989513
calce_CX2_37,1,0.9999672174453735,1.0,0.9356828500243619,0.9398031429442003
calce_CX2_37,1,0.9999706745147705,1.0,0.9356831705238317,0.9414593471177938
calce_CX2_37,1,0.9999706745147705,1.0,0.9356831705238317,0.9414593471177938
calce_CX2_37,1,0.9999537467956543,0.9703271028037384,0.935681601167411,0.9344063306109217
calce_CX2_37,1,0.9999674558639526,1.0,0.9356828721278213,0.9399129538266583
calce_CX2_37,1,0.9999706745147705,1.0,0.9356831705238317,0.9414593471177938
calce_CX2_37,1,0.9999685287475586,1.0,0.9356829715933013,0.9404148655545027
calce_CX2_37,1,0.9999580383300781,1.0,0.9356819990357934,0.9359769995415708
calce_CX2_37,1,0.9999693632125854,1.0,0.9356830489552423,0.9408143775396635
calce_CX2_37,1,0.9999688863754272,1.0,0.9356830047484296,0.9405850798784943
calce_CX2_37,1,0.9999706745147705,1.0,0.9356831705238317,0.9414593471177938
calce_CX2_37,1,0.9999688863754272,1.0,0.9356830047484296,0.9405850798784943
calce_CX2_37,1,0.9999755620956421,1.0,0.9356836236412341,0.9440771113886112
calce_CX2_37,1,0.9999688863754272,1.0,0.9356830047484296,0.9405850798784943
calce_CX2_37,1,0.9999649524688721,1.0,0.9356826400411441,0.938789309772842
calce_CX2_37,1,0.9999638795852661,1.0,0.9356825405751864,0.9383265220975154
calce_CX2_37,1,0.9999706745147705,1.0,0.9356831705238317,0.9414593471177938
calce_CX2_37,1,0.9999706745147705,1.0,0.9356831705238317,0.9414593471177938
calce_CX2_37,1,0.9999706745147705,1.0,0.9356831705238317,0.9414593471177938
calce_CX2_37,1,0.9999706745147705,1.0,0.9356831705238317,0.9414593471177938
calce_CX2_37,1,0.9999706745147705,1.0,0.9356831705238317,0.9414593471177938
calce_CX2_37,1,0.9999649524688721,1.0,0.9356826400411441,0.938789309772842
calce_CX2_37,1,0.9999624490737915,1.0,0.9356824079536868,0.9377255914419695
calce_CX2_37,1,0.9999580383300781,1.0,0.9356819990357934,0.9359769995415708
calce_CX2_37,1,0.9999510049819946,0.9703271028037384,0.9356813469725221,0.9334606329098929
calce_CX2_37,1,0.9999514818191528,0.9703271028037384,0.9356813911803963,0.933622126831196
calce_CX2_37,1,0.9999545812606812,0.9703271028037384,0.9356816785308871,0.9347026959509713
calce_CX2_37,1,0.9999370574951172,0.9703271028037384,0.9356800538796909,0.9291978573017914
calce_CX2_37,1,0.9999483823776245,0.9703271028037384,0.9356811038287098,0.9325934138989513
calce_CX2_37,1,0.9999443292617798,0.9703271028037384,0.935680728059316,0.9313176131643341
calce_CX2_37,1,0.9999301433563232,0.9703271028037384,0.9356794128503376,0.9273510024398636
calce_CX2_37,1,0.9999281167984009,0.9703271028037384,0.9356792249612963,0.9268365393401137
calce_CX2_37,1,0.999929666519165,0.9703271028037384,0.9356793686411974,0.9272289251793165
calce_CX2_37,1,0.9999443292617798,0.9703271028037384,0.935680728059316,0.9313176131643341
calce_CX2_37,1,0.9999370574951172,0.9703271028037384,0.9356800538796909,0.9291978573017914
calce_CX2_37,1,0.9999499320983887,0.9703271028037384,0.9356812475047025,0.9331016446252758
calce_CX2_37,1,0.9999499320983887,0.9703271028037384,0.9356812475047025,0.9331016446252758
calce_CX2_37,1,0.9999676942825317,1.0,0.9356828942312736,0.9400233825176638
calce_CX2_37,1,0.9999662637710571,1.0,0.9356827616104532,0.9393699224948527
calce_CX2_37,1,0.9999692440032959,1.0,0.9356830379035417,0.9407567984419314
calce_CX2_37,1,0.9999706745147705,1.0,0.9356831705238317,0.9414593471177938
calce_CX2_37,1,0.9999649524688721,1.0,0.9356826400411441,0.938789309772842
calce_CX2_37,1,0.9999656677246094,1.0,0.9356827063517028,0.9391039025045211
calce_CX2_37,1,0.9999692440032959,1.0,0.9356830379035417,0.9407567984419314
calce_CX2_37,1,0.9999706745147705,1.0,0.9356831705238317,0.9414593471177938
calce_CX2_37,1,0.9999706745147705,1.0,0.9356831705238317,0.9414593471177938
calce_CX2_37,1,0.9999681711196899,1.0,0.9356829384381573,0.9402461255945443
calce_CX2_37,1,0.9999687671661377,1.0,0.9356829936967219,0.9405281761274717
calce_CX2_37,1,0.9999517202377319,0.9703271028037384,0.9356814132843225,0.9337033319858007
calce_CX2_37,1,0.9999688863754272,1.0,0.9356830047484296,0.9405850798784943
calce_CX2_37,1,0.9999681711196899,1.0,0.9356829384381573,0.9402461255945443
calce_CX2_37,1,0.9999687671661377,1.0,0.9356829936967219,0.9405281761274717
calce_CX2_37,1,0.9999667406082153,1.0,0.9356828058174217,0.9395853432971406
calce_CX2_37,1,0.9999678134918213,1.0,0.9356829052829971,0.9400788310431585
calce_CX2_37,1,0.9999678134918213,1.0,0.9356829052829971,0.9400788310431585
calce_CX2_37,1,0.9999065399169922,0.9703271028037384,0.9356772244639291,0.921955355514728
calce_CX2_37,1,0.9999700784683228,1.0,0.9356831152654086,0.9411635000059261
calce_CX2_37,1,0.9999706745147705,1.0,0.9356831705238317,0.9414593471177938
calce_CX2_37,1,0.9999706745147705,1.0,0.9356831705238317,0.9414593471177938
calce_CX2_37,1,0.9999678134918213,1.0,0.9356829052829971,0.9400788310431585
calce_CX2_37,1,0.9999678134918213,1.0,0.9356829052829971,0.9400788310431585
calce_CX2_37,1,0.9999678134918213,1.0,0.9356829052829971,0.9400788310431585
calce_CX2_37,1,0.9999266862869263,0.9703271028037384,0.9356790923334299,0.9264800969045226
calce_CX2_37,1,0.9999678134918213,1.0,0.9356829052829971,0.9400788310431585
calce_CX2_37,1,0.999967098236084,1.0,0.9356828389726294,0.9397484667169381
calce_CX2_37,1,0.9999650716781616,1.0,0.9356826510929083,0.9388413980853131
calce_CX2_37,1,0.999967098236084,1.0,0.9356828389726294,0.9397484667169381
calce_CX2_37,1,0.999967098236084,1.0,0.9356828389726294,0.9397484667169381
calce_CX2_37,1,0.999967098236084,1.0,0.9356828389726294,0.9397484667169381
calce_CX2_37,1,0.9999687671661377,1.0,0.9356829936967219,0.9405281761274717
calce_CX2_37,1,0.9999667406082153,1.0,0.9356828058174217,0.9395853432971406
calce_CX2_37,1,0.9999700784683228,1.0,0.9356831152654086,0.9411635000059261
calce_CX2_37,1,0.9999700784683228,1.0,0.9356831152654086,0.9411635000059261
calce_CX2_37,1,0.9999245405197144,0.9703271028037384,0.9356788933911528,0.9259553814436454
calce_CX2_37,1,0.9999687671661377,1.0,0.9356829936967219,0.9405281761274717
calce_CX2_37,1,0.9999687671661377,1.0,0.9356829936967219,0.9405281761274717
calce_CX2_37,1,0.9999700784683228,1.0,0.9356831152654086,0.9411635000059261
calce_CX2_37,1,0.9999294281005859,0.9703271028037384,0.9356793465366168,0.9271681261595376
calce_CX2_37,1,0.9999700784683228,1.0,0.9356831152654086,0.9411635000059261
calce_CX2_37,1,0.9999687671661377,1.0,0.9356829936967219,0.9405281761274717
calce_CX2_37,1,0.9999687671661377,1.0,0.9356829936967219,0.9405281761274717
calce_CX2_37,1,0.9999687671661377,1.0,0.9356829936967219,0.9405281761274717
calce_CX2_37,1,0.9999687671661377,1.0,0.9356829936967219,0.9405281761274717
calce_CX2_37,1,0.9999687671661377,1.0,0.9356829936967219,0.9405281761274717
calce_CX2_37,1,0.9999687671661377,1.0,0.9356829936967219,0.9405281761274717
calce_CX2_37,1,0.9999687671661377,1.0,0.9356829936967219,0.9405281761274717
calce_CX2_37,1,0.9999687671661377,1.0,0.9356829936967219,0.9405281761274717
calce_CX2_37,1,0.9999706745147705,1.0,0.9356831705238317,0.9414593471177938
calce_CX2_37,1,0.9999706745147705,1.0,0.9356831705238317,0.9414593471177938
calce_CX2_37,1,0.9999517202377319,0.9703271028037384,0.9356814132843225,0.9337033319858007
calce_CX2_37,1,0.9999687671661377,1.0,0.9356829936967219,0.9405281761274717
calce_CX2_37,1,0.9999700784683228,1.0,0.9356831152654086,0.9411635000059261
calce_CX2_37,1,0.9999700784683228,1.0,0.9356831152654086,0.9411635000059261
calce_CX2_37,1,0.9999687671661377,1.0,0.9356829936967219,0.9405281761274717
calce_CX2_37,1,0.9999706745147705,1.0,0.9356831705238317,0.9414593471177938
calce_CX2_37,1,0.9999706745147705,1.0,0.9356831705238317,0.9414593471177938
calce_CX2_37,1,0.9999700784683228,1.0,0.9356831152654086,0.9411635000059261
calce_CX2_37,1,0.9999700784683228,1.0,0.9356831152654086,0.9411635000059261
calce_CX2_37,1,0.9999700784683228,1.0,0.9356831152654086,0.9411635000059261
calce_CX2_37,1,0.9999700784683228,1.0,0.9356831152654086,0.9411635000059261
calce_CX2_37,1,0.9999700784683228,1.0,0.9356831152654086,0.9411635000059261
calce_CX2_37,1,0.9999700784683228,1.0,0.9356831152654086,0.9411635000059261
calce_CX2_37,1,0.9999688863754272,1.0,0.9356830047484296,0.9405850798784943
calce_CX2_37,1,0.9999687671661377,1.0,0.9356829936967219,0.9405281761274717
calce_CX2_37,1,0.9999687671661377,1.0,0.9356829936967219,0.9405281761274717
calce_CX2_37,1,0.9999687671661377,1.0,0.9356829936967219,0.9405281761274717
calce_CX2_37,1,0.9999687671661377,1.0,0.9356829936967219,0.9405281761274717
calce_CX2_37,1,0.9999687671661377,1.0,0.9356829936967219,0.9405281761274717
calce_CX2_37,1,0.9999680519104004,1.0,0.935682927386439,0.9401902015472725
calce_CX2_37,1,0.9999667406082153,1.0,0.9356828058174217,0.9395853432971406
calce_CX2_37,1,0.9999657869338989,1.0,0.9356827174034565,0.9391568218194909
calce_CX2_37,1,0.9999687671661377,1.0,0.9356829936967219,0.9405281761274717
calce_CX2_37,1,0.999966025352478,1.0,0.9356827395069582,0.9392630857222537
calce_CX2_37,1,0.9999680519104004,1.0,0.935682927386439,0.9401902015472725
calce_CX2_37,1,0.999967098236084,1.0,0.9356828389726294,0.9397484667169381
calce_CX2_37,1,0.9999746084213257,1.0,0.9356835352283158,0.9435367547878464
calce_CX2_37,1,0.999967098236084,1.0,0.9356828389726294,0.9397484667169381
calce_CX2_37,1,0.999967098236084,1.0,0.9356828389726294,0.9397484667169381
calce_CX2_37,1,0.999967098236084,1.0,0.9356828389726294,0.9397484667169381
calce_CX2_37,1,0.999967098236084,1.0,0.9356828389726294,0.9397484667169381
calce_CX2_37,1,0.9999650716781616,1.0,0.9356826510929083,0.9388413980853131
calce_CX2_37,1,0.999967098236084,1.0,0.9356828389726294,0.9397484667169381
calce_CX2_37,1,0.999967098236084,1.0,0.9356828389726294,0.9397484667169381
calce_CX2_37,1,0.999967098236084,1.0,0.9356828389726294,0.9397484667169381
calce_CX2_37,1,0.999967098236084,1.0,0.9356828389726294,0.9397484667169381
calce_CX2_37,1,0.999967098236084,1.0,0.9356828389726294,0.9397484667169381
calce_CX2_37,1,0.999967098236084,1.0,0.9356828389726294,0.9397484667169381
calce_CX2_37,1,0.9999250173568726,0.9703271028037384,0.9356789376005974,0.9260709783922718
calce_CX2_37,1,0.999967098236084,1.0,0.9356828389726294,0.9397484667169381
calce_CX2_37,1,0.999967098236084,1.0,0.9356828389726294,0.9397484667169381
calce_CX2_37,1,0.999967098236084,1.0,0.9356828389726294,0.9397484667169381
calce_CX2_37,1,0.9999650716781616,1.0,0.9356826510929083,0.9388413980853131
calce_CX2_37,1,0.999967098236084,1.0,0.9356828389726294,0.9397484667169381
calce_CX2_37,1,0.999967098236084,1.0,0.9356828389726294,0.9397484667169381
calce_CX2_37,1,0.999967098236084,1.0,0.9356828389726294,0.9397484667169381
calce_CX2_37,1,0.999967098236084,1.0,0.9356828389726294,0.9397484667169381
calce_CX2_37,1,0.999967098236084,1.0,0.9356828389726294,0.9397484667169381
calce_CX2_37,1,0.9999650716781616,1.0,0.9356826510929083,0.9388413980853131
calce_CX2_37,1,0.9999680519104004,1.0,0.935682927386439,0.9401902015472725
calce_CX2_37,1,0.9999650716781616,1.0,0.9356826510929083,0.9388413980853131
calce_CX2_37,1,0.9999650716781616,1.0,0.9356826510929083,0.9388413980853131
calce_CX2_37,1,0.999967098236084,1.0,0.9356828389726294,0.9397484667169381
calce_CX2_37,1,0.999967098236084,1.0,0.9356828389726294,0.9397484667169381
calce_CX2_37,1,0.9999650716781616,1.0,0.9356826510929083,0.9388413980853131
calce_CX2_37,1,0.9999680519104004,1.0,0.935682927386439,0.9401902015472725
calce_CX2_37,1,0.999967098236084,1.0,0.9356828389726294,0.9397484667169381
calce_CX2_37,1,0.9999227523803711,0.9703271028037384,0.9356787276054843,0.925526860423541
calce_CX2_37,1,0.999967098236084,1.0,0.9356828389726294,0.9397484667169381
calce_CX2_37,1,0.999967098236084,1.0,0.9356828389726294,0.9397484667169381
calce_CX2_37,1,0.999967098236084,1.0,0.9356828389726294,0.9397484667169381
calce_CX2_37,1,0.999967098236084,1.0,0.9356828389726294,0.9397484667169381
calce_CX2_37,1,0.9999746084213257,1.0,0.9356835352283158,0.9435367547878464
calce_CX2_37,1,0.999967098236084,1.0,0.9356828389726294,0.9397484667169381
calce_CX2_37,1,0.9999650716781616,1.0,0.9356826510929083,0.9388413980853131
calce_CX2_37,1,0.999967098236084,1.0,0.9356828389726294,0.9397484667169381
calce_CX2_37,1,0.999967098236084,1.0,0.9356828389726294,0.9397484667169381
calce_CX2_37,1,0.999967098236084,1.0,0.9356828389726294,0.9397484667169381
calce_CX2_37,1,0.999967098236084,1.0,0.9356828389726294,0.9397484667169381
calce_CX2_37,1,0.9999755620956421,1.0,0.9356836236412341,0.9440771113886112
calce_CX2_37,1,0.9999650716781616,1.0,0.9356826510929083,0.9388413980853131
calce_CX2_37,1,0.9999650716781616,1.0,0.9356826510929083,0.9388413980853131
calce_CX2_37,1,0.999967098236084,1.0,0.9356828389726294,0.9397484667169381
calce_CX2_37,1,0.9999746084213257,1.0,0.9356835352283158,0.9435367547878464
calce_CX2_37,1,0.9999755620956421,1.0,0.9356836236412341,0.9440771113886112
calce_CX2_37,1,0.9999755620956421,1.0,0.9356836236412341,0.9440771113886112
calce_CX2_37,1,0.9999755620956421,1.0,0.9356836236412341,0.9440771113886112
calce_CX2_37,1,0.9999755620956421,1.0,0.9356836236412341,0.9440771113886112
calce_CX2_37,1,0.9999746084213257,1.0,0.9356835352283158,0.9435367547878464
calce_CX2_37,1,0.9999755620956421,1.0,0.9356836236412341,0.9440771113886112
calce_CX2_37,1,0.9999755620956421,1.0,0.9356836236412341,0.9440771113886112
calce_CX2_37,1,0.999967098236084,1.0,0.9356828389726294,0.9397484667169381
calce_CX2_37,1,0.999967098236084,1.0,0.9356828389726294,0.9397484667169381
calce_CX2_37,1,0.9999227523803711,0.9703271028037384,0.9356787276054843,0.925526860423541
calce_CX2_37,1,0.9999650716781616,1.0,0.9356826510929083,0.9388413980853131
calce_CX2_37,1,0.999967098236084,1.0,0.9356828389726294,0.9397484667169381
calce_CX2_37,1,0.9999650716781616,1.0,0.9356826510929083,0.9388413980853131
calce_CX2_37,1,0.9999650716781616,1.0,0.9356826510929083,0.9388413980853131
calce_CX2_37,1,0.999967098236084,1.0,0.9356828389726294,0.9397484667169381
calce_CX2_37,1,0.999967098236084,1.0,0.9356828389726294,0.9397484667169381
calce_CX2_37,1,0.999967098236084,1.0,0.9356828389726294,0.9397484667169381
calce_CX2_37,1,0.999967098236084,1.0,0.9356828389726294,0.9397484667169381
calce_CX2_37,1,0.999967098236084,1.0,0.9356828389726294,0.9397484667169381
calce_CX2_37,1,0.9999746084213257,1.0,0.9356835352283158,0.9435367547878464
calce_CX2_37,1,0.9999755620956421,1.0,0.9356836236412341,0.9440771113886112
calce_CX2_37,1,0.9999755620956421,1.0,0.9356836236412341,0.9440771113886112
calce_CX2_37,1,0.9999746084213257,1.0,0.9356835352283158,0.9435367547878464
calce_CX2_37,1,0.9999755620956421,1.0,0.9356836236412341,0.9440771113886112
calce_CX2_37,1,0.9999755620956421,1.0,0.9356836236412341,0.9440771113886112
calce_CX2_37,1,0.9999755620956421,1.0,0.9356836236412341,0.9440771113886112
calce_CX2_37,1,0.9999746084213257,1.0,0.9356835352283158,0.9435367547878464
calce_CX2_37,1,0.9999755620956421,1.0,0.9356836236412341,0.9440771113886112
calce_CX2_37,1,0.9999755620956421,1.0,0.9356836236412341,0.9440771113886112
calce_CX2_37,1,0.9999755620956421,1.0,0.9356836236412341,0.9440771113886112
calce_CX2_37,1,0.9999755620956421,1.0,0.9356836236412341,0.9440771113886112
calce_CX2_37,1,0.9999755620956421,1.0,0.9356836236412341,0.9440771113886112
calce_CX2_37,1,0.9999755620956421,1.0,0.9356836236412341,0.9440771113886112
calce_CX2_37,1,0.9999755620956421,1.0,0.9356836236412341,0.9440771113886112
calce_CX2_37,1,0.9999755620956421,1.0,0.9356836236412341,0.9440771113886112
calce_CX2_37,1,0.9999755620956421,1.0,0.9356836236412341,0.9440771113886112
calce_CX2_37,1,0.9999755620956421,1.0,0.9356836236412341,0.9440771113886112
calce_CX2_37,1,0.9999755620956421,1.0,0.9356836236412341,0.9440771113886112
calce_CX2_37,1,0.9999755620956421,1.0,0.9356836236412341,0.9440771113886112
calce_CX2_37,1,0.9999755620956421,1.0,0.9356836236412341,0.9440771113886112
calce_CX2_37,1,0.9999755620956421,1.0,0.9356836236412341,0.9440771113886112
calce_CX2_37,1,0.9999755620956421,1.0,0.9356836236412341,0.9440771113886112
calce_CX2_37,1,0.9999746084213257,1.0,0.9356835352283158,0.9435367547878464
calce_CX2_37,1,0.9999452829360962,0.9703271028037384,0.935680816475828,0.9316111994487744
calce_CX2_37,1,0.9999755620956421,1.0,0.9356836236412341,0.9440771113886112
calce_CX2_37,1,0.9999755620956421,1.0,0.9356836236412341,0.9440771113886112
calce_CX2_37,1,0.9999755620956421,1.0,0.9356836236412341,0.9440771113886112
calce_CX2_37,1,0.9999746084213257,1.0,0.9356835352283158,0.9435367547878464
calce_CX2_37,1,0.9999755620956421,1.0,0.9356836236412341,0.9440771113886112
calce_CX2_37,1,0.9999755620956421,1.0,0.9356836236412341,0.9440771113886112
calce_CX2_37,1,0.9999755620956421,1.0,0.9356836236412341,0.9440771113886112
calce_CX2_37,1,0.9999755620956421,1.0,0.9356836236412341,0.9440771113886112
calce_CX2_37,1,0.9999452829360962,0.9703271028037384,0.935680816475828,0.9316111994487744
calce_CX2_37,1,0.9999755620956421,1.0,0.9356836236412341,0.9440771113886112
calce_CX2_37,1,0.9999755620956421,1.0,0.9356836236412341,0.9440771113886112
calce_CX2_37,1,0.9999755620956421,1.0,0.9356836236412341,0.9440771113886112
calce_CX2_37,1,0.9999755620956421,1.0,0.9356836236412341,0.9440771113886112
calce_CX2_37,1,0.9999746084213257,1.0,0.9356835352283158,0.9435367547878464
calce_CX2_37,1,0.9999755620956421,1.0,0.9356836236412341,0.9440771113886112
calce_CX2_37,1,0.9999755620956421,1.0,0.9356836236412341,0.9440771113886112
calce_CX2_37,1,0.9999755620956421,1.0,0.9356836236412341,0.9440771113886112
calce_CX2_37,1,0.9999746084213257,1.0,0.9356835352283158,0.9435367547878464
calce_CX2_37,1,0.9999755620956421,1.0,0.9356836236412341,0.9440771113886112
calce_CX2_37,1,0.9999755620956421,1.0,0.9356836236412341,0.9440771113886112
calce_CX2_37,1,0.9999755620956421,1.0,0.9356836236412341,0.9440771113886112
calce_CX2_37,1,0.9999755620956421,1.0,0.9356836236412341,0.9440771113886112
calce_CX2_37,1,0.9999755620956421,1.0,0.9356836236412341,0.9440771113886112
calce_CX2_37,1,0.9999755620956421,1.0,0.9356836236412341,0.9440771113886112
calce_CX2_37,1,0.9999755620956421,1.0,0.9356836236412341,0.9440771113886112
calce_CX2_37,1,0.9999755620956421,1.0,0.9356836236412341,0.9440771113886112
calce_CX2_37,1,0.9999755620956421,1.0,0.9356836236412341,0.9440771113886112
calce_CX2_37,1,0.9999755620956421,1.0,0.9356836236412341,0.9440771113886112
calce_CX2_37,1,0.9999713897705078,1.0,0.9356832368338812,0.9418204984364296
calce_CX2_37,1,0.9999755620956421,1.0,0.9356836236412341,0.9440771113886112
calce_CX2_37,1,0.9999755620956421,1.0,0.9356836236412341,0.9440771113886112
calce_CX2_37,1,0.9999755620956421,1.0,0.9356836236412341,0.9440771113886112
calce_CX2_37,1,0.9999755620956421,1.0,0.9356836236412341,0.9440771113886112
calce_CX2_37,1,0.9999755620956421,1.0,0.9356836236412341,0.9440771113886112
calce_CX2_37,1,0.9999755620956421,1.0,0.9356836236412341,0.9440771113886112
calce_CX2_37,1,0.9999755620956421,1.0,0.9356836236412341,0.9440771113886112
calce_CX2_37,1,0.9999755620956421,1.0,0.9356836236412341,0.9440771113886112
calce_CX2_37,1,0.9999755620956421,1.0,0.9356836236412341,0.9440771113886112
calce_CX2_37,1,0.9999755620956421,1.0,0.9356836236412341,0.9440771113886112
calce_CX2_37,1,0.9999755620956421,1.0,0.9356836236412341,0.9440771113886112
calce_CX2_37,1,0.9999746084213257,1.0,0.9356835352283158,0.9435367547878464
calce_CX2_37,1,0.9999746084213257,1.0,0.9356835352283158,0.9435367547878464
calce_CX2_37,1,0.9999755620956421,1.0,0.9356836236412341,0.9440771113886112
calce_CX2_37,1,0.9999761581420898,1.0,0.9356836788992506,0.9444230647828744
calce_CX2_37,1,0.9999746084213257,1.0,0.9356835352283158,0.9435367547878464
calce_CX2_37,1,0.9999755620956421,1.0,0.9356836236412341,0.9440771113886112
calce_CX2_37,1,0.9999537467956543,0.9703271028037384,0.935681601167411,0.9344063306109217
calce_CX2_37,1,0.9999129772186279,0.9703271028037384,0.9356778213034622,0.9233111834573826
calce_CX2_37,1,0.9999755620956421,1.0,0.9356836236412341,0.9440771113886112
calce_CX2_37,1,0.9999755620956421,1.0,0.9356836236412341,0.9440771113886112
calce_CX2_37,1,0.9999755620956421,1.0,0.9356836236412341,0.9440771113886112
calce_CX2_37,1,0.9999755620956421,1.0,0.9356836236412341,0.9440771113886112
calce_CX2_37,1,0.9999755620956421,1.0,0.9356836236412341,0.9440771113886112
calce_CX2_37,1,0.9999755620956421,1.0,0.9356836236412341,0.9440771113886112
calce_CX2_37,1,0.9999755620956421,1.0,0.9356836236412341,0.9440771113886112
calce_CX2_37,1,0.9999755620956421,1.0,0.9356836236412341,0.9440771113886112
calce_CX2_37,1,0.9999746084213257,1.0,0.9356835352283158,0.9435367547878464
calce_CX2_37,1,0.9999755620956421,1.0,0.9356836236412341,0.9440771113886112
calce_CX2_37,1,0.9999755620956421,1.0,0.9356836236412341,0.9440771113886112
calce_CX2_37,1,0.9999746084213257,1.0,0.9356835352283158,0.9435367547878464
calce_CX2_37,1,0.9999755620956421,1.0,0.9356836236412341,0.9440771113886112
calce_CX2_37,1,0.9999755620956421,1.0,0.9356836236412341,0.9440771113886112
calce_CX2_37,1,0.9999755620956421,1.0,0.9356836236412341,0.9440771113886112
calce_CX2_37,1,0.9999761581420898,1.0,0.9356836788992506,0.9444230647828744
calce_CX2_37,1,0.9999755620956421,1.0,0.9356836236412341,0.9440771113886112
calce_CX2_37,1,0.9999746084213257,1.0,0.9356835352283158,0.9435367547878464
calce_CX2_37,1,0.9999129772186279,0.9703271028037384,0.9356778213034622,0.9233111834573826
calce_CX2_37,1,0.9999755620956421,1.0,0.9356836236412341,0.9440771113886112
calce_CX2_37,1,0.9999755620956421,1.0,0.9356836236412341,0.9440771113886112
calce_CX2_37,1,0.9999755620956421,1.0,0.9356836236412341,0.9440771113886112
calce_CX2_37,1,0.9999746084213257,1.0,0.9356835352283158,0.9435367547878464
calce_CX2_37,1,0.9999755620956421,1.0,0.9356836236412341,0.9440771113886112
calce_CX2_37,1,0.9999755620956421,1.0,0.9356836236412341,0.9440771113886112
calce_CX2_37,1,0.9999755620956421,1.0,0.9356836236412341,0.9440771113886112
calce_CX2_37,1,0.9999755620956421,1.0,0.9356836236412341,0.9440771113886112
calce_CX2_37,1,0.9999755620956421,1.0,0.9356836236412341,0.9440771113886112
calce_CX2_37,1,0.9999755620956421,1.0,0.9356836236412341,0.9440771113886112
calce_CX2_37,1,0.9999755620956421,1.0,0.9356836236412341,0.9440771113886112
calce_CX2_37,1,0.9999755620956421,1.0,0.9356836236412341,0.9440771113886112
calce_CX2_37,1,0.9999755620956421,1.0,0.9356836236412341,0.9440771113886112
calce_CX2_37,1,0.9999755620956421,1.0,0.9356836236412341,0.9440771113886112
calce_CX2_37,1,0.9999746084213257,1.0,0.9356835352283158,0.9435367547878464
calce_CX2_37,1,0.9999746084213257,1.0,0.9356835352283158,0.9435367547878464
calce_CX2_37,1,0.9999755620956421,1.0,0.9356836236412341,0.9440771113886112
calce_CX2_37,1,0.9999537467956543,0.9703271028037384,0.935681601167411,0.9344063306109217
calce_CX2_37,1,0.9999755620956421,1.0,0.9356836236412341,0.9440771113886112
calce_CX2_37,1,0.9999755620956421,1.0,0.9356836236412341,0.9440771113886112
calce_CX2_37,1,0.9999755620956421,1.0,0.9356836236412341,0.9440771113886112
calce_CX2_37,1,0.9999755620956421,1.0,0.9356836236412341,0.9440771113886112
calce_CX2_37,1,0.9999746084213257,1.0,0.9356835352283158,0.9435367547878464
calce_CX2_37,1,0.9999755620956421,1.0,0.9356836236412341,0.9440771113886112
calce_CX2_37,1,0.9999755620956421,1.0,0.9356836236412341,0.9440771113886112
calce_CX2_37,1,0.9999746084213257,1.0,0.9356835352283158,0.9435367547878464
calce_CX2_37,1,0.9999755620956421,1.0,0.9356836236412341,0.9440771113886112
calce_CX2_37,1,0.9999755620956421,1.0,0.9356836236412341,0.9440771113886112
calce_CX2_37,1,0.9999755620956421,1.0,0.9356836236412341,0.9440771113886112
calce_CX2_37,1,0.9999755620956421,1.0,0.9356836236412341,0.9440771113886112
calce_CX2_37,1,0.9999129772186279,0.9703271028037384,0.9356778213034622,0.9233111834573826
calce_CX2_37,1,0.9999755620956421,1.0,0.9356836236412341,0.9440771113886112
calce_CX2_37,1,0.9999755620956421,1.0,0.9356836236412341,0.9440771113886112
calce_CX2_37,1,0.9999755620956421,1.0,0.9356836236412341,0.9440771113886112
calce_CX2_37,1,0.9999755620956421,1.0,0.9356836236412341,0.9440771113886112
calce_CX2_37,1,0.9999755620956421,1.0,0.9356836236412341,0.9440771113886112
calce_CX2_37,1,0.9999746084213257,1.0,0.9356835352283158,0.9435367547878464
calce_CX2_37,1,0.9999755620956421,1.0,0.9356836236412341,0.9440771113886112
calce_CX2_37,1,0.9999755620956421,1.0,0.9356836236412341,0.9440771113886112
calce_CX2_37,1,0.9999746084213257,1.0,0.9356835352283158,0.9435367547878464
calce_CX2_37,1,0.9999746084213257,1.0,0.9356835352283158,0.9435367547878464
calce_CX2_37,1,0.9999755620956421,1.0,0.9356836236412341,0.9440771113886112
calce_CX2_37,1,0.9999755620956421,1.0,0.9356836236412341,0.9440771113886112
calce_CX2_37,1,0.9999755620956421,1.0,0.9356836236412341,0.9440771113886112
calce_CX2_37,1,0.9999755620956421,1.0,0.9356836236412341,0.9440771113886112
calce_CX2_37,1,0.9999755620956421,1.0,0.9356836236412341,0.9440771113886112
calce_CX2_37,1,0.9999755620956421,1.0,0.9356836236412341,0.9440771113886112
calce_CX2_37,1,0.9999755620956421,1.0,0.9356836236412341,0.9440771113886112
calce_CX2_37,1,0.9999755620956421,1.0,0.9356836236412341,0.9440771113886112
calce_CX2_37,1,0.9999746084213257,1.0,0.9356835352283158,0.9435367547878464
calce_CX2_37,1,0.9999755620956421,1.0,0.9356836236412341,0.9440771113886112
calce_CX2_37,1,0.9999755620956421,1.0,0.9356836236412341,0.9440771113886112
calce_CX2_37,1,0.9999755620956421,1.0,0.9356836236412341,0.9440771113886112
calce_CX2_37,1,0.9999755620956421,1.0,0.9356836236412341,0.9440771113886112
calce_CX2_37,1,0.9999755620956421,1.0,0.9356836236412341,0.9440771113886112
calce_CX2_37,1,0.9999746084213257,1.0,0.9356835352283158,0.9435367547878464
calce_CX2_37,1,0.9999755620956421,1.0,0.9356836236412341,0.9440771113886112
calce_CX2_37,1,0.9999755620956421,1.0,0.9356836236412341,0.9440771113886112
calce_CX2_37,1,0.9999755620956421,1.0,0.9356836236412341,0.9440771113886112
calce_CX2_37,1,0.9999755620956421,1.0,0.9356836236412341,0.9440771113886112
calce_CX2_37,1,0.9999755620956421,1.0,0.9356836236412341,0.9440771113886112
calce_CX2_37,1,0.9999746084213257,1.0,0.9356835352283158,0.9435367547878464
calce_CX2_37,1,0.9999755620956421,1.0,0.9356836236412341,0.9440771113886112
calce_CX2_37,1,0.9999755620956421,1.0,0.9356836236412341,0.9440771113886112
calce_CX2_37,1,0.9999755620956421,1.0,0.9356836236412341,0.9440771113886112
calce_CX2_37,1,0.9999755620956421,1.0,0.9356836236412341,0.9440771113886112
calce_CX2_37,1,0.9999755620956421,1.0,0.9356836236412341,0.9440771113886112
calce_CX2_37,1,0.9999755620956421,1.0,0.9356836236412341,0.9440771113886112
calce_CX2_37,1,0.9999761581420898,1.0,0.9356836788992506,0.9444230647828744
calce_CX2_37,1,0.9999755620956421,1.0,0.9356836236412341,0.9440771113886112
calce_CX2_37,1,0.9999755620956421,1.0,0.9356836236412341,0.9440771113886112
calce_CX2_37,1,0.9999755620956421,1.0,0.9356836236412341,0.9440771113886112
calce_CX2_37,1,0.9999752044677734,1.0,0.9356835904864031,0.9438726211543104
calce_CX2_37,1,0.9999755620956421,1.0,0.9356836236412341,0.9440771113886112
calce_CX2_37,1,0.9999755620956421,1.0,0.9356836236412341,0.9440771113886112
calce_CX2_37,1,0.9999755620956421,1.0,0.9356836236412341,0.9440771113886112
calce_CX2_37,1,0.9999755620956421,1.0,0.9356836236412341,0.9440771113886112
calce_CX2_37,1,0.9999755620956421,1.0,0.9356836236412341,0.9440771113886112
calce_CX2_37,1,0.9999755620956421,1.0,0.9356836236412341,0.9440771113886112
calce_CX2_37,1,0.9999755620956421,1.0,0.9356836236412341,0.9440771113886112
calce_CX2_37,1,0.9999755620956421,1.0,0.9356836236412341,0.9440771113886112
calce_CX2_37,1,0.9999755620956421,1.0,0.9356836236412341,0.9440771113886112
calce_CX2_37,1,0.9999755620956421,1.0,0.9356836236412341,0.9440771113886112
calce_CX2_37,1,0.9999746084213257,1.0,0.9356835352283158,0.9435367547878464
calce_CX2_37,1,0.9999746084213257,1.0,0.9356835352283158,0.9435367547878464
calce_CX2_37,1,0.9999755620956421,1.0,0.9356836236412341,0.9440771113886112
calce_CX2_37,1,0.9999755620956421,1.0,0.9356836236412341,0.9440771113886112
calce_CX2_37,1,0.9999755620956421,1.0,0.9356836236412341,0.9440771113886112
calce_CX2_37,1,0.9999755620956421,1.0,0.9356836236412341,0.9440771113886112
calce_CX2_37,1,0.9999755620956421,1.0,0.9356836236412341,0.9440771113886112
calce_CX2_37,1,0.9999537467956543,0.9703271028037384,0.935681601167411,0.9344063306109217
calce_CX2_37,1,0.9999755620956421,1.0,0.9356836236412341,0.9440771113886112
calce_CX2_37,1,0.9999755620956421,1.0,0.9356836236412341,0.9440771113886112
calce_CX2_37,1,0.9999755620956421,1.0,0.9356836236412341,0.9440771113886112
calce_CX2_37,1,0.9999755620956421,1.0,0.9356836236412341,0.9440771113886112
calce_CX2_37,1,0.9999755620956421,1.0,0.9356836236412341,0.9440771113886112
calce_CX2_37,1,0.9999755620956421,1.0,0.9356836236412341,0.9440771113886112
calce_CX2_37,1,0.9999755620956421,1.0,0.9356836236412341,0.9440771113886112
calce_CX2_37,1,0.9999755620956421,1.0,0.9356836236412341,0.9440771113886112
calce_CX2_37,1,0.9999755620956421,1.0,0.9356836236412341,0.9440771113886112
calce_CX2_37,1,0.9999755620956421,1.0,0.9356836236412341,0.9440771113886112
calce_CX2_37,1,0.9999755620956421,1.0,0.9356836236412341,0.9440771113886112
calce_CX2_37,1,0.9999755620956421,1.0,0.9356836236412341,0.9440771113886112
calce_CX2_37,1,0.9999755620956421,1.0,0.9356836236412341,0.9440771113886112
calce_CX2_37,1,0.9999755620956421,1.0,0.9356836236412341,0.9440771113886112
calce_CX2_37,1,0.9999755620956421,1.0,0.9356836236412341,0.9440771113886112
calce_CX2_37,1,0.9999755620956421,1.0,0.9356836236412341,0.9440771113886112
calce_CX2_37,1,0.9999755620956421,1.0,0.9356836236412341,0.9440771113886112
calce_CX2_37,1,0.9999755620956421,1.0,0.9356836236412341,0.9440771113886112
calce_CX2_37,1,0.9999755620956421,1.0,0.9356836236412341,0.9440771113886112
calce_CX2_37,1,0.9999755620956421,1.0,0.9356836236412341,0.9440771113886112
calce_CX2_37,1,0.9999746084213257,1.0,0.9356835352283158,0.9435367547878464
calce_CX2_37,1,0.9999755620956421,1.0,0.9356836236412341,0.9440771113886112
calce_CX2_37,1,0.9999755620956421,1.0,0.9356836236412341,0.9440771113886112
calce_CX2_37,1,0.9999746084213257,1.0,0.9356835352283158,0.9435367547878464
calce_CX2_37,1,0.9999746084213257,1.0,0.9356835352283158,0.9435367547878464
calce_CX2_37,1,0.9999755620956421,1.0,0.9356836236412341,0.9440771113886112
calce_CX2_37,1,0.9999755620956421,1.0,0.9356836236412341,0.9440771113886112
calce_CX2_37,1,0.9999755620956421,1.0,0.9356836236412341,0.9440771113886112
calce_CX2_37,1,0.9999746084213257,1.0,0.9356835352283158,0.9435367547878464
calce_CX2_37,1,0.9999755620956421,1.0,0.9356836236412341,0.9440771113886112
calce_CX2_37,1,0.9999755620956421,1.0,0.9356836236412341,0.9440771113886112
calce_CX2_37,1,0.9999755620956421,1.0,0.9356836236412341,0.9440771113886112
calce_CX2_37,1,0.9999755620956421,1.0,0.9356836236412341,0.9440771113886112
calce_CX2_37,1,0.9999755620956421,1.0,0.9356836236412341,0.9440771113886112
calce_CX2_37,1,0.9999755620956421,1.0,0.9356836236412341,0.9440771113886112
calce_CX2_37,1,0.9999537467956543,0.9703271028037384,0.935681601167411,0.9344063306109217
calce_CX2_37,1,0.9999755620956421,1.0,0.9356836236412341,0.9440771113886112
calce_CX2_37,1,0.9999755620956421,1.0,0.9356836236412341,0.9440771113886112
calce_CX2_37,1,0.9999748468399048,1.0,0.9356835573315561,0.9436703711199604
calce_CX2_37,1,0.9999746084213257,1.0,0.9356835352283158,0.9435367547878464
calce_CX2_37,1,0.9999755620956421,1.0,0.9356836236412341,0.9440771113886112
calce_CX2_37,1,0.9999755620956421,1.0,0.9356836236412341,0.9440771113886112
calce_CX2_37,1,0.9999755620956421,1.0,0.9356836236412341,0.9440771113886112
calce_CX2_37,1,0.9999755620956421,1.0,0.9356836236412341,0.9440771113886112
calce_CX2_37,1,0.9999755620956421,1.0,0.9356836236412341,0.9440771113886112
calce_CX2_37,1,0.9999748468399048,1.0,0.9356835573315561,0.9436703711199604
calce_CX2_37,1,0.9999755620956421,1.0,0.9356836236412341,0.9440771113886112
calce_CX2_37,1,0.9999755620956421,1.0,0.9356836236412341,0.9440771113886112
calce_CX2_37,1,0.9999755620956421,1.0,0.9356836236412341,0.9440771113886112
calce_CX2_37,1,0.9999755620956421,1.0,0.9356836236412341,0.9440771113886112
calce_CX2_37,1,0.9999755620956421,1.0,0.9356836236412341,0.9440771113886112
calce_CX2_37,1,0.9999755620956421,1.0,0.9356836236412341,0.9440771113886112
calce_CX2_37,1,0.9999537467956543,0.9703271028037384,0.935681601167411,0.9344063306109217
calce_CX2_37,1,0.9999755620956421,1.0,0.9356836236412341,0.9440771113886112
calce_CX2_37,1,0.9998983144760132,0.9703271028037384,0.9356764618281316,0.9203245252297788
calce_CX2_37,1,0.9999537467956543,0.9703271028037384,0.935681601167411,0.9344063306109217
calce_CX2_37,1,0.9999755620956421,1.0,0.9356836236412341,0.9440771113886112
calce_CX2_37,1,0.9999755620956421,1.0,0.9356836236412341,0.9440771113886112
calce_CX2_37,1,0.9999755620956421,1.0,0.9356836236412341,0.9440771113886112
calce_CX2_37,1,0.9999755620956421,1.0,0.9356836236412341,0.9440771113886112
calce_CX2_37,1,0.9999537467956543,0.9703271028037384,0.935681601167411,0.9344063306109217
calce_CX2_37,1,0.9999755620956421,1.0,0.9356836236412341,0.9440771113886112
calce_CX2_37,1,0.9999755620956421,1.0,0.9356836236412341,0.9440771113886112
calce_CX2_37,1,0.9999755620956421,1.0,0.9356836236412341,0.9440771113886112
calce_CX2_37,1,0.9999755620956421,1.0,0.9356836236412341,0.9440771113886112
calce_CX2_37,1,0.9999755620956421,1.0,0.9356836236412341,0.9440771113886112
calce_CX2_37,1,0.9999755620956421,1.0,0.9356836236412341,0.9440771113886112
calce_CX2_37,1,0.9999746084213257,1.0,0.9356835352283158,0.9435367547878464
calce_CX2_37,1,0.9999755620956421,1.0,0.9356836236412341,0.9440771113886112
calce_CX2_37,1,0.9999746084213257,1.0,0.9356835352283158,0.9435367547878464
calce_CX2_37,1,0.9999755620956421,1.0,0.9356836236412341,0.9440771113886112
calce_CX2_37,1,0.9999755620956421,1.0,0.9356836236412341,0.9440771113886112
calce_CX2_37,1,0.9999755620956421,1.0,0.9356836236412341,0.9440771113886112
calce_CX2_37,1,0.9999755620956421,1.0,0.9356836236412341,0.9440771113886112
calce_CX2_37,1,0.9999746084213257,1.0,0.9356835352283158,0.9435367547878464
calce_CX2_37,1,0.9999755620956421,1.0,0.9356836236412341,0.9440771113886112
calce_CX2_37,1,0.9999755620956421,1.0,0.9356836236412341,0.9440771113886112
calce_CX2_37,1,0.9999755620956421,1.0,0.9356836236412341,0.9440771113886112
calce_CX2_37,1,0.9999755620956421,1.0,0.9356836236412341,0.9440771113886112
calce_CX2_37,1,0.9999755620956421,1.0,0.9356836236412341,0.9440771113886112
calce_CX2_37,1,0.9999755620956421,1.0,0.9356836236412341,0.9440771113886112
calce_CX2_37,1,0.9999755620956421,1.0,0.9356836236412341,0.9440771113886112
calce_CX2_37,1,0.9999755620956421,1.0,0.9356836236412341,0.9440771113886112
calce_CX2_37,1,0.9999755620956421,1.0,0.9356836236412341,0.9440771113886112
calce_CX2_37,1,0.9999755620956421,1.0,0.9356836236412341,0.9440771113886112
calce_CX2_37,1,0.9999755620956421,1.0,0.9356836236412341,0.9440771113886112
calce_CX2_37,1,0.9999755620956421,1.0,0.9356836236412341,0.9440771113886112
calce_CX2_37,1,0.9999755620956421,1.0,0.9356836236412341,0.9440771113886112
calce_CX2_37,1,0.9999755620956421,1.0,0.9356836236412341,0.9440771113886112
calce_CX2_37,1,0.9999755620956421,1.0,0.9356836236412341,0.9440771113886112
calce_CX2_37,1,0.9999755620956421,1.0,0.9356836236412341,0.9440771113886112
calce_CX2_37,1,0.9999746084213257,1.0,0.9356835352283158,0.9435367547878464
calce_CX2_37,1,0.9999746084213257,1.0,0.9356835352283158,0.9435367547878464
calce_CX2_37,1,0.9999755620956421,1.0,0.9356836236412341,0.9440771113886112
calce_CX2_37,1,0.9999755620956421,1.0,0.9356836236412341,0.9440771113886112
calce_CX2_37,1,0.9999755620956421,1.0,0.9356836236412341,0.9440771113886112
calce_CX2_37,1,0.9999746084213257,1.0,0.9356835352283158,0.9435367547878464
calce_CX2_37,1,0.9999755620956421,1.0,0.9356836236412341,0.9440771113886112
calce_CX2_37,1,0.9999755620956421,1.0,0.9356836236412341,0.9440771113886112
calce_CX2_37,1,0.9999746084213257,1.0,0.9356835352283158,0.9435367547878464
calce_CX2_37,1,0.9999755620956421,1.0,0.9356836236412341,0.9440771113886112
calce_CX2_37,1,0.9999755620956421,1.0,0.9356836236412341,0.9440771113886112
calce_CX2_37,1,0.9999755620956421,1.0,0.9356836236412341,0.9440771113886112
calce_CX2_37,1,0.9999755620956421,1.0,0.9356836236412341,0.9440771113886112
calce_CX2_37,1,0.9999755620956421,1.0,0.9356836236412341,0.9440771113886112
calce_CX2_37,1,0.9999755620956421,1.0,0.9356836236412341,0.9440771113886112
calce_CX2_37,1,0.9999755620956421,1.0,0.9356836236412341,0.9440771113886112
calce_CX2_37,1,0.9999755620956421,1.0,0.9356836236412341,0.9440771113886112
calce_CX2_37,1,0.9999755620956421,1.0,0.9356836236412341,0.9440771113886112
calce_CX2_37,1,0.9999755620956421,1.0,0.9356836236412341,0.9440771113886112
calce_CX2_37,1,0.9999755620956421,1.0,0.9356836236412341,0.9440771113886112
calce_CX2_37,1,0.9999755620956421,1.0,0.9356836236412341,0.9440771113886112
calce_CX2_37,1,0.9999755620956421,1.0,0.9356836236412341,0.9440771113886112
calce_CX2_37,1,0.9999755620956421,1.0,0.9356836236412341,0.9440771113886112
calce_CX2_37,1,0.9999755620956421,1.0,0.9356836236412341,0.9440771113886112
calce_CX2_37,1,0.9999755620956421,1.0,0.9356836236412341,0.9440771113886112
calce_CX2_37,1,0.9999755620956421,1.0,0.9356836236412341,0.9440771113886112
calce_CX2_37,1,0.9999755620956421,1.0,0.9356836236412341,0.9440771113886112
calce_CX2_37,1,0.9999755620956421,1.0,0.9356836236412341,0.9440771113886112
calce_CX2_37,1,0.9999755620956421,1.0,0.9356836236412341,0.9440771113886112
calce_CX2_37,1,0.9999755620956421,1.0,0.9356836236412341,0.9440771113886112
calce_CX2_37,1,0.9999755620956421,1.0,0.9356836236412341,0.9440771113886112
calce_CX2_37,1,0.9999755620956421,1.0,0.9356836236412341,0.9440771113886112
calce_CX2_37,1,0.9999746084213257,1.0,0.9356835352283158,0.9435367547878464
calce_CX2_37,1,0.9999755620956421,1.0,0.9356836236412341,0.9440771113886112
calce_CX2_37,1,0.9999755620956421,1.0,0.9356836236412341,0.9440771113886112
calce_CX2_37,1,0.9999746084213257,1.0,0.9356835352283158,0.9435367547878464
calce_CX2_37,1,0.9999755620956421,1.0,0.9356836236412341,0.9440771113886112
calce_CX2_37,1,0.9999755620956421,1.0,0.9356836236412341,0.9440771113886112
calce_CX2_37,1,0.9999746084213257,1.0,0.9356835352283158,0.9435367547878464
calce_CX2_37,1,0.9999746084213257,1.0,0.9356835352283158,0.9435367547878464
calce_CX2_37,1,0.9999746084213257,1.0,0.9356835352283158,0.9435367547878464
calce_CX2_37,1,0.9999755620956421,1.0,0.9356836236412341,0.9440771113886112
calce_CX2_37,1,0.9999755620956421,1.0,0.9356836236412341,0.9440771113886112
calce_CX2_37,1,0.9999755620956421,1.0,0.9356836236412341,0.9440771113886112
calce_CX2_37,1,0.9999746084213257,1.0,0.9356835352283158,0.9435367547878464
calce_CX2_37,1,0.9999755620956421,1.0,0.9356836236412341,0.9440771113886112
calce_CX2_37,1,0.9999755620956421,1.0,0.9356836236412341,0.9440771113886112
calce_CX2_37,1,0.9999746084213257,1.0,0.9356835352283158,0.9435367547878464
calce_CX2_37,1,0.9999755620956421,1.0,0.9356836236412341,0.9440771113886112
calce_CX2_37,1,0.9999746084213257,1.0,0.9356835352283158,0.9435367547878464
calce_CX2_37,1,0.9999746084213257,1.0,0.9356835352283158,0.9435367547878464
calce_CX2_37,1,0.9999755620956421,1.0,0.9356836236412341,0.9440771113886112
calce_CX2_37,1,0.9999452829360962,0.9703271028037384,0.935680816475828,0.9316111994487744
calce_CX2_37,1,0.9999755620956421,1.0,0.9356836236412341,0.9440771113886112
calce_CX2_37,1,0.9999755620956421,1.0,0.9356836236412341,0.9440771113886112
calce_CX2_37,1,0.9999746084213257,1.0,0.9356835352283158,0.9435367547878464
calce_CX2_37,1,0.9999755620956421,1.0,0.9356836236412341,0.9440771113886112
calce_CX2_37,1,0.9999746084213257,1.0,0.9356835352283158,0.9435367547878464
calce_CX2_37,1,0.9999746084213257,1.0,0.9356835352283158,0.9435367547878464
calce_CX2_37,1,0.9999746084213257,1.0,0.9356835352283158,0.9435367547878464
calce_CX2_37,1,0.9999755620956421,1.0,0.9356836236412341,0.9440771113886112
calce_CX2_37,1,0.9999755620956421,1.0,0.9356836236412341,0.9440771113886112
calce_CX2_37,1,0.9999755620956421,1.0,0.9356836236412341,0.9440771113886112
calce_CX2_37,1,0.9999755620956421,1.0,0.9356836236412341,0.9440771113886112
calce_CX2_37,1,0.9999755620956421,1.0,0.9356836236412341,0.9440771113886112
calce_CX2_37,1,0.9999755620956421,1.0,0.9356836236412341,0.9440771113886112
calce_CX2_37,1,0.9999755620956421,1.0,0.9356836236412341,0.9440771113886112
calce_CX2_37,1,0.9999746084213257,1.0,0.9356835352283158,0.9435367547878464
calce_CX2_37,1,0.9999755620956421,1.0,0.9356836236412341,0.9440771113886112
calce_CX2_37,1,0.9999755620956421,1.0,0.9356836236412341,0.9440771113886112
calce_CX2_37,1,0.9999537467956543,0.9703271028037384,0.935681601167411,0.9344063306109217
calce_CX2_37,1,0.9999755620956421,1.0,0.9356836236412341,0.9440771113886112
calce_CX2_37,1,0.9999755620956421,1.0,0.9356836236412341,0.9440771113886112
calce_CX2_37,1,0.9999755620956421,1.0,0.9356836236412341,0.9440771113886112
calce_CX2_37,1,0.9999755620956421,1.0,0.9356836236412341,0.9440771113886112
calce_CX2_37,1,0.9999755620956421,1.0,0.9356836236412341,0.9440771113886112
calce_CX2_37,1,0.9999755620956421,1.0,0.9356836236412341,0.9440771113886112
calce_CX2_37,1,0.9999755620956421,1.0,0.9356836236412341,0.9440771113886112
calce_CX2_37,1,0.9999755620956421,1.0,0.9356836236412341,0.9440771113886112
calce_CX2_37,1,0.9999755620956421,1.0,0.9356836236412341,0.9440771113886112
calce_CX2_37,1,0.9999755620956421,1.0,0.9356836236412341,0.9440771113886112
calce_CX2_37,1,0.9999755620956421,1.0,0.9356836236412341,0.9440771113886112
calce_CX2_37,1,0.9999755620956421,1.0,0.9356836236412341,0.9440771113886112
calce_CX2_37,1,0.9999755620956421,1.0,0.9356836236412341,0.9440771113886112
calce_CX2_37,1,0.9999755620956421,1.0,0.9356836236412341,0.9440771113886112
calce_CX2_37,1,0.9999755620956421,1.0,0.9356836236412341,0.9440771113886112
calce_CX2_37,1,0.9999755620956421,1.0,0.9356836236412341,0.9440771113886112
calce_CX2_37,1,0.9999755620956421,1.0,0.9356836236412341,0.9440771113886112
calce_CX2_37,1,0.9999755620956421,1.0,0.9356836236412341,0.9440771113886112
calce_CX2_37,1,0.9999537467956543,0.9703271028037384,0.935681601167411,0.9344063306109217
calce_CX2_37,1,0.9999746084213257,1.0,0.9356835352283158,0.9435367547878464
calce_CX2_37,1,0.9999755620956421,1.0,0.9356836236412341,0.9440771113886112
calce_CX2_37,1,0.9999746084213257,1.0,0.9356835352283158,0.9435367547878464
calce_CX2_37,1,0.9999755620956421,1.0,0.9356836236412341,0.9440771113886112
calce_CX2_37,1,0.9999755620956421,1.0,0.9356836236412341,0.9440771113886112
calce_CX2_37,1,0.9999755620956421,1.0,0.9356836236412341,0.9440771113886112
calce_CX2_37,1,0.9999746084213257,1.0,0.9356835352283158,0.9435367547878464
calce_CX2_37,1,0.9999755620956421,1.0,0.9356836236412341,0.9440771113886112
calce_CX2_37,1,0.9999755620956421,1.0,0.9356836236412341,0.9440771113886112
calce_CX2_37,1,0.9999614953994751,1.0,0.9356823195392123,0.9373346575792261
calce_CX2_37,1,0.9999614953994751,1.0,0.9356823195392123,0.9373346575792261
calce_CX2_37,1,0.999955415725708,0.9809245660881175,0.9356817558942765,0.9350032761394782
calce_CX2_37,1,0.999922513961792,0.9703271028037384,0.9356787055006983,0.9254703055960283
calce_CX2_37,1,0.9997778534889221,0.9703271028037384,0.9356652921174513,0.9036762960521192
calce_CX2_37,1,0.9997639060020447,0.9703271028037384,0.935663998724039,0.9022560488876837
calce_CX2_37,1,0.9997705817222595,0.9703271028037384,0.935664617787155,0.9029273598561346
calce_CX2_37,1,0.9999105930328369,0.9703271028037384,0.9356776002523847,0.9228002362522176
calce_CX2_37,1,0.9999293088912964,0.9703271028037384,0.9356793354843237,0.9271377861365749
calce_CX2_37,1,0.9998818635940552,0.9703271028037384,0.9356749365312746,0.9173482469555565
calce_CX2_37,1,0.9998563528060913,0.9703271028037384,0.9356725711492436,0.9133156797982127
calce_CX2_37,1,0.9998044371604919,0.9703271028037384,0.9356677572361278,0.9065894010840336
calce_CX2_37,1,0.9997639060020447,0.9703271028037384,0.935663998724039,0.9022560488876837
calce_CX2_37,1,0.9998030066490173,0.9703271028037384,0.9356676245862412,0.9064249767015188
calce_CX2_37,1,0.999922513961792,0.9703271028037384,0.9356787055006983,0.9254703055960283
calce_CX2_37,1,0.9998974800109863,0.9703271028037384,0.935676384458812,0.9201648673476285
calce_CX2_37,1,0.9998818635940552,0.9703271028037384,0.9356749365312746,0.9173482469555565
calce_CX2_37,1,0.9998124241828918,0.9703271028037384,0.9356684978599809,0.9075251556930257
calce_CX2_37,1,0.9999533891677856,0.9703271028037384,0.9356815680116091,0.9342805740253325
calce_CX2_37,1,0.9997639060020447,0.9703271028037384,0.935663998724039,0.9022560488876837
calce_CX2_37,1,0.9999115467071533,0.9703271028037384,0.9356776886729007,0.9230033333370267
calce_CX2_37,1,0.9999213218688965,0.9703271028037384,0.935678594976663,0.925189533487068
calce_CX2_37,1,0.999925971031189,0.9703271028037384,0.9356790260194011,0.9263038879348301
calce_CX2_37,1,0.9998804330825806,0.9703271028037384,0.9356748038951735,0.9171050152883781
calce_CX2_37,1,0.9997591376304626,0.9703271028037384,0.9356635565327027,0.9017856143338275
calce_CX2_37,1,0.9998044371604919,0.9703271028037384,0.9356677572361278,0.9065894010840336
calce_CX2_37,1,0.9997778534889221,0.9703271028037384,0.9356652921174513,0.9036762960521192
calce_CX2_37,1,0.9998044371604919,0.9703271028037384,0.9356677572361278,0.9065894010840336
calce_CX2_37,1,0.9997778534889221,0.9703271028037384,0.9356652921174513,0.9036762960521192
calce_CX2_37,1,0.9997639060020447,0.9703271028037384,0.935663998724039,0.9022560488876837
calce_CX2_37,1,0.9997639060020447,0.9703271028037384,0.935663998724039,0.9022560488876837
calce_CX2_37,1,0.9997778534889221,0.9703271028037384,0.9356652921174513,0.9036762960521192
calce_CX2_37,1,0.9997778534889221,0.9703271028037384,0.9356652921174513,0.9036762960521192
calce_CX2_37,1,0.9997639060020447,0.9703271028037384,0.935663998724039,0.9022560488876837
calce_CX2_37,1,0.9998044371604919,0.9703271028037384,0.9356677572361278,0.9065894010840336
calce_CX2_37,1,0.9998044371604919,0.9703271028037384,0.9356677572361278,0.9065894010840336
calce_CX2_37,1,0.9998044371604919,0.9703271028037384,0.9356677572361278,0.9065894010840336
calce_CX2_37,1,0.9998044371604919,0.9703271028037384,0.9356677572361278,0.9065894010840336
calce_CX2_37,1,0.9997639060020447,0.9703271028037384,0.935663998724039,0.9022560488876837
calce_CX2_37,1,0.9997639060020447,0.9703271028037384,0.935663998724039,0.9022560488876837
calce_CX2_37,1,0.9997591376304626,0.9703271028037384,0.9356635565327027,0.9017856143338275
calce_CX2_37,1,0.9999693632125854,1.0,0.9356830489552423,0.9408143775396635
calce_CX2_37,1,0.9997591376304626,0.9703271028037384,0.9356635565327027,0.9017856143338275
calce_CX2_37,1,0.999776303768158,0.9703271028037384,0.9356651484082679,0.9035150901335364
calce_CX2_37,1,0.9999213218688965,0.9703271028037384,0.935678594976663,0.925189533487068
calce_CX2_37,1,0.9997639060020447,0.9703271028037384,0.935663998724039,0.9022560488876837
calce_CX2_37,1,0.9998044371604919,0.9703271028037384,0.9356677572361278,0.9065894010840336
calce_CX2_37,1,0.9997591376304626,0.9703271028037384,0.9356635565327027,0.9017856143338275
calce_CX2_37,1,0.9999293088912964,0.9703271028037384,0.9356793354843237,0.9271377861365749
calce_CX2_37,1,0.9999293088912964,0.9703271028037384,0.9356793354843237,0.9271377861365749
calce_CX2_37,1,0.9998979568481445,0.9703271028037384,0.9356764286698622,0.9202559763627872
calce_CX2_37,1,0.9998044371604919,0.9703271028037384,0.9356677572361278,0.9065894010840336
calce_CX2_37,1,0.9998044371604919,0.9703271028037384,0.9356677572361278,0.9065894010840336
calce_CX2_37,1,0.9999496936798096,0.9703271028037384,0.9356812254007231,0.9330226744855317
calce_CX2_37,1,0.9999496936798096,0.9703271028037384,0.9356812254007231,0.9330226744855317
calce_CX2_37,1,0.9999514818191528,0.9703271028037384,0.9356813911803963,0.933622126831196
calce_CX2_37,1,0.9999014139175415,0.9703271028037384,0.9356767491991308,0.9209265913446358
calce_CX2_37,1,0.9998563528060913,0.9703271028037384,0.9356725711492436,0.9133156797982127
calce_CX2_37,1,0.9999536275863647,0.9703271028037384,0.9356815901154787,0.9343643289519111
calce_CX2_37,1,0.9999600648880005,1.0,0.9356821869172884,0.9367619574458297
calce_CX2_37,1,0.9999496936798096,0.9703271028037384,0.9356812254007231,0.9330226744855317
calce_CX2_37,1,0.9999243021011353,0.9703271028037384,0.93567887128642,0.9258977946400353
calce_CX2_37,1,0.9999009370803833,0.9703271028037384,0.9356767049882857,0.9208330185409163
calce_CX2_37,1,0.999925971031189,0.9703271028037384,0.9356790260194011,0.9263038879348301
calce_CX2_37,1,0.999866247177124,0.9703271028037384,0.9356734885733853,0.9148078499646507
calce_CX2_37,1,0.9999101161956787,0.9703271028037384,0.9356775560420842,0.9226993165612123
calce_CX2_37,1,0.9999066591262817,0.9703271028037384,0.9356772355165599,0.9219797955897611
calce_CX2_37,1,0.9998517036437988,0.9703271028037384,0.9356721400662222,0.9126420837901115
calce_CX2_37,1,0.9999046325683594,0.9703271028037384,0.9356770476215954,0.9215675631900361
calce_CX2_37,1,0.9999016523361206,0.9703271028037384,0.9356767713045429,0.9209735094811248
calce_CX2_37,1,0.9999229907989502,0.9703271028037384,0.9356787497102632,0.9255835504120821
calce_CX2_37,1,0.9998296499252319,0.9703271028037384,0.9356700951485754,0.9096546792459758
calce_CX2_37,1,0.9998959302902222,0.9703271028037384,0.9356762407727031,0.9198710168832797
calce_CX2_37,1,0.9999010562896729,0.9703271028037384,0.9356767160409996,0.9208563789248608
calce_CX2_37,1,0.9999058246612549,0.9703271028037384,0.935677158148107,0.9218092204610874
calce_CX2_37,1,0.9998949766159058,0.9703271028037384,0.9356761523503335,0.9196918703958858
calce_CX2_37,1,0.9999092817306519,0.9703271028037384,0.9356774786739904,0.9225237010169449
calce_CX2_37,1,0.9999101161956787,0.9703271028037384,0.9356775560420842,0.9226993165612123
calce_CX2_37,1,0.9999148845672607,0.9703271028037384,0.935677998143815,0.923727807113658
calce_CX2_37,1,0.9998743534088135,0.9703271028037384,0.9356742401889027,0.9160958617067144
calce_CX2_37,1,0.9997709393501282,0.9703271028037384,0.935664650951094,0.9029637537711777
calce_CX2_37,1,0.9997726082801819,0.9703271028037384,0.9356648057159319,0.90313418435303
calce_CX2_37,1,0.9996389150619507,0.9703271028037384,0.9356524068483573,0.8918168671575772
calce_CX2_37,1,0.9997031092643738,0.9703271028037384,0.9356583605724921,0.8967430737853539
calce_CX2_37,1,0.9995362758636475,0.9703271028037384,0.9356428864575111,0.8852207167351854
calce_CX2_37,1,0.9996234178543091,0.9703271028037384,0.9356509694750358,0.8907327006461268
calce_CX2_37,1,0.9996234178543091,0.9703271028037384,0.9356509694750358,0.8907327006461268
calce_CX2_37,1,0.9995455145835876,0.9703271028037384,0.9356437434569778,0.8857640205701033
calce_CX2_37,1,0.9996234178543091,0.9703271028037384,0.9356509694750358,0.8907327006461268
calce_CX2_37,1,0.9995455145835876,0.9703271028037384,0.9356437434569778,0.8857640205701033
calce_CX2_37,1,0.9996234178543091,0.9703271028037384,0.9356509694750358,0.8907327006461268
calce_CX2_37,1,0.9996234178543091,0.9703271028037384,0.9356509694750358,0.8907327006461268
calce_CX2_37,1,0.9995362758636475,0.9703271028037384,0.9356428864575111,0.8852207167351854
calce_CX2_37,1,0.9999001026153564,0.9703271028037384,0.9356766276192385,0.9206701036971034
calce_CX2_37,1,0.9999001026153564,0.9703271028037384,0.9356766276192385,0.9206701036971034
calce_CX2_37,1,0.9999058246612549,0.9703271028037384,0.935677158148107,0.9218092204610874
calce_CX2_37,1,0.9997709393501282,0.9703271028037384,0.935664650951094,0.9029637537711777
calce_CX2_37,1,0.9999678134918213,1.0,0.9356829052829971,0.9400788310431585
calce_CX2_37,1,0.9999141693115234,0.9703271028037384,0.9356779318287358,0.9235707339256873
calce_CX2_37,1,0.99986732006073,0.9703271028037384,0.9356735880523793,0.9149747700627072
calce_CX2_37,1,0.9999141693115234,0.9703271028037384,0.9356779318287358,0.9235707339256873
calce_CX2_37,1,0.9999176263809204,0.9703271028037384,0.9356782523510289,0.9243395565120452
calce_CX2_37,1,0.9999021291732788,0.9703271028037384,0.9356768155153455,0.9210676111041939
calce_CX2_37,1,0.9999066591262817,0.9703271028037384,0.9356772355165599,0.9219797955897611
calce_CX2_37,1,0.9999678134918213,1.0,0.9356829052829971,0.9400788310431585
calce_CX2_37,1,0.9999316930770874,0.9703271028037384,0.935679556529848,0.9277522514671849
calce_CX2_37,1,0.9998818635940552,0.9703271028037384,0.9356749365312746,0.9173482469555565
calce_CX2_37,1,0.9999009370803833,0.9703271028037384,0.9356767049882857,0.9208330185409163
calce_CX2_37,1,0.9998959302902222,0.9703271028037384,0.9356762407727031,0.9198710168832797
calce_CX2_37,1,0.9998441934585571,0.9703271028037384,0.9356714436956587,0.911587978340735
calce_CX2_37,1,0.9999101161956787,0.9703271028037384,0.9356775560420842,0.9226993165612123
calce_CX2_37,1,0.9999016523361206,0.9703271028037384,0.9356767713045429,0.9209735094811248
calce_CX2_37,1,0.9998685121536255,0.9703271028037384,0.9356736985844266,0.9151614745314127
calce_CX2_37,1,0.9998453855514526,0.9703271028037384,0.9356715542311375,0.9117526099421431
calce_CX2_37,1,0.9999058246612549,0.9703271028037384,0.935677158148107,0.9218092204610874
calce_CX2_37,1,0.9999006986618042,0.9703271028037384,0.9356766828828526,0.9207863631288417
calce_CX2_37,1,0.9998949766159058,0.9703271028037384,0.9356761523503335,0.9196918703958858
calce_CX2_37,1,0.9998533725738525,0.9703271028037384,0.935672294814283,0.9128819671215005
calce_CX2_37,1,0.9999021291732788,0.9703271028037384,0.9356768155153455,0.9210676111041939
calce_CX2_37,1,0.9999222755432129,0.9703271028037384,0.9356786833959054,0.9254138851980694
calce_CX2_37,1,0.9999258518218994,0.9703271028037384,0.935679014967057,0.9262746478481023
calce_CX2_37,1,0.999863862991333,0.9703271028037384,0.9356732675084413,0.9144406181103041
calce_CX2_37,1,0.9998013377189636,0.9703271028037384,0.935667469827718,0.9062343263399325
calce_CX2_37,1,0.9998453855514526,0.9703271028037384,0.9356715542311375,0.9117526099421431
calce_CX2_37,1,0.9998279809951782,0.9703271028037384,0.9356699403955868,0.9094411755093139
calce_CX2_37,1,0.9997425675392151,0.9703271028037384,0.9356620198958028,0.900205765565154
calce_CX2_37,1,0.9998027682304382,0.9703271028037384,0.9356676024779018,0.9063976636472051
calce_CX2_37,1,0.9997677206993103,0.9703271028037384,0.9356643524750704,0.9026378011000668
calce_CX2_37,1,0.99977046251297,0.9703271028037384,0.9356646067325052,0.9029152384509722
calce_CX2_37,1,0.9997401833534241,0.9703271028037384,0.9356617987941556,0.8999850821518431
calce_CX2_37,1,0.99977046251297,0.9703271028037384,0.9356646067325052,0.9029152384509722
calce_CX2_37,1,0.9997677206993103,0.9703271028037384,0.9356643524750704,0.9026378011000668
calce_CX2_37,1,0.9997677206993103,0.9703271028037384,0.9356643524750704,0.9026378011000668
calce_CX2_37,1,0.9995319843292236,0.9703271028037384,0.9356424883638218,0.8849712636035648
calce_CX2_37,1,0.9995412826538086,0.9703271028037384,0.9356433508972509,0.8855140739790156
calce_CX2_37,1,0.9999092817306519,0.9703271028037384,0.9356774786739904,0.9225237010169449
calce_CX2_37,1,0.999907374382019,0.9703271028037384,0.9356773018323076,0.922126946386635
calce_CX2_37,1,0.9999001026153564,0.9703271028037384,0.9356766276192385,0.9206701036971034
calce_CX2_37,1,0.9999027252197266,0.9703271028037384,0.9356768707788091,0.9211857395926966
calce_CX2_37,1,0.9998561143875122,0.9703271028037384,0.9356725490424873,0.9132807258617274
calce_CX2_37,1,0.9998538494110107,0.9703271028037384,0.9356723390279511,0.912950896279774
calce_CX2_37,1,0.9996172189712524,0.9703271028037384,0.9356503945173356,0.8903089075994133
calce_CX2_37,1,0.9999010562896729,0.9703271028037384,0.9356767160409996,0.9208563789248608
calce_CX2_37,1,0.9999058246612549,0.9703271028037384,0.935677158148107,0.9218092204610874
calce_CX2_37,1,0.9999001026153564,0.9703271028037384,0.9356766276192385,0.9206701036971034
calce_CX2_37,1,0.9998949766159058,0.9703271028037384,0.9356761523503335,0.9196918703958858
calce_CX2_37,1,0.9999058246612549,0.9703271028037384,0.935677158148107,0.9218092204610874
calce_CX2_37,1,0.9998008608818054,0.9703271028037384,0.9356674256109335,0.9061800853609855
calce_CX2_37,1,0.9996172189712524,0.9703271028037384,0.9356503945173356,0.8903089075994133
calce_CX2_37,1,0.9999040365219116,0.9703271028037384,0.9356769923582734,0.9214476119897249
calce_CX2_37,1,0.9999059438705444,0.9703271028037384,0.9356771692007485,0.921833516406231
calce_CX2_37,1,0.9999122619628906,0.9703271028037384,0.9356777549882133,0.9231567723639386
calce_CX2_37,1,0.9999042749404907,0.9703271028037384,0.9356770144636075,0.9214955229438538
calce_CX2_37,1,0.9999115467071533,0.9703271028037384,0.9356776886729007,0.9230033333370267
calce_CX2_37,1,0.9998804330825806,0.9703271028037384,0.9356748038951735,0.9171050152883781
calce_CX2_37,1,0.9998044371604919,0.9703271028037384,0.9356677572361278,0.9065894010840336
calce_CX2_37,1,0.9998044371604919,0.9703271028037384,0.9356677572361278,0.9065894010840336
calce_CX2_37,1,0.9998818635940552,0.9703271028037384,0.9356749365312746,0.9173482469555565
calce_CX2_37,1,0.9999247789382935,0.9703271028037384,0.9356789154958787,0.9260131090987218
calce_CX2_37,1,0.9998563528060913,0.9703271028037384,0.9356725711492436,0.9133156797982127
calce_CX2_37,1,0.999957799911499,1.0,0.9356819769320545,0.9358865780589575
calce_CX2_37,1,0.999957799911499,1.0,0.9356819769320545,0.9358865780589575
calce_CX2_37,1,0.9999600648880005,1.0,0.9356821869172884,0.9367619574458297
calce_CX2_37,1,0.9998030066490173,0.9703271028037384,0.9356676245862412,0.9064249767015188
calce_CX2_37,1,0.9999514818191528,0.9703271028037384,0.9356813911803963,0.933622126831196
calce_CX2_37,1,0.9999514818191528,0.9703271028037384,0.9356813911803963,0.933622126831196
calce_CX2_37,1,0.9999532699584961,0.9703271028037384,0.9356815569596714,0.9342388200137498
calce_CX2_37,1,0.9999514818191528,0.9703271028037384,0.9356813911803963,0.933622126831196
calce_CX2_37,1,0.9997721314430237,0.9703271028037384,0.9356647614974423,0.9030853899539155
calce_CX2_37,1,0.9999499320983887,0.9703271028037384,0.9356812475047025,0.9331016446252758
calce_CX2_37,1,0.9999665021896362,1.0,0.9356827837139411,0.9394773392641856
calce_CX2_37,1,0.9999496936798096,0.9703271028037384,0.9356812254007231,0.9330226744855317
calce_CX2_37,1,0.9998656511306763,0.9703271028037384,0.9356734333072155,0.9147155668332572
calce_CX2_37,1,0.9999486207962036,0.9703271028037384,0.935681125932728,0.9326708320409188
calce_CX2_37,1,0.9999486207962036,0.9703271028037384,0.935681125932728,0.9326708320409188
calce_CX2_37,1,0.9999568462371826,1.0,0.935681888517028,0.9355287684336091
calce_CX2_37,1,0.9999523162841797,0.9703271028037384,0.9356814685441075,0.9339077026777064
calce_CX2_37,1,0.9999525547027588,0.9703271028037384,0.9356814906480091,0.9339900012391491
calce_CX2_37,1,0.9999499320983887,0.9703271028037384,0.9356812475047025,0.9331016446252758
calce_CX2_37,1,0.9999499320983887,0.9703271028037384,0.9356812475047025,0.9331016446252758
calce_CX2_37,1,0.9999499320983887,0.9703271028037384,0.9356812475047025,0.9331016446252758
calce_CX2_37,1,0.9999532699584961,0.9703271028037384,0.9356815569596714,0.9342388200137498
calce_CX2_37,1,0.9999486207962036,0.9703271028037384,0.935681125932728,0.9326708320409188
calce_CX2_37,1,0.9999229907989502,0.9703271028037384,0.9356787497102632,0.9255835504120821
calce_CX2_37,1,0.9999459981918335,0.9703271028037384,0.9356808827881375,0.931833986392551
calce_CX2_37,1,0.9999486207962036,0.9703271028037384,0.935681125932728,0.9326708320409188
calce_CX2_37,1,0.9999486207962036,0.9703271028037384,0.935681125932728,0.9326708320409188
calce_CX2_37,1,0.9999600648880005,1.0,0.9356821869172884,0.9367619574458297
calce_CX2_37,1,0.9999514818191528,0.9703271028037384,0.9356813911803963,0.933622126831196
calce_CX2_37,1,0.9999496936798096,0.9703271028037384,0.9356812254007231,0.9330226744855317
calce_CX2_37,1,0.9999514818191528,0.9703271028037384,0.9356813911803963,0.933622126831196
calce_CX2_37,1,0.9999505281448364,0.9703271028037384,0.9356813027646199,0.9333003434921213
calce_CX2_37,1,0.9999505281448364,0.9703271028037384,0.9356813027646199,0.9333003434921213
calce_CX2_37,1,0.9999271631240845,0.9703271028037384,0.935679136542747,0.9265983091073031
calce_CS2_36,1,0.0006159510230645537,0.4397031539888683,0.49989954649506,0.08100743140143414
calce_CS2_36,1,0.0007396875298582017,0.4397031539888683,0.4999950022117092,0.08560277496021083
calce_CS2_36,1,0.0008878929074853659,0.4397031539888683,0.5001093342781616,0.09042199791132265
calce_CS2_36,1,0.0009958066511899233,0.4397031539888683,0.5001925836213958,0.09357292680970321
calce_CS2_36,1,0.0004848640819545835,0.4397031539888683,0.4997984203422029,0.0753404899050067
calce_CS2_36,1,0.0006029215874150395,0.4397031539888683,0.4998894950226862,0.08048567110383775
calce_CS2_36,1,0.0004848640819545835,0.4397031539888683,0.4997984203422029,0.0753404899050067
calce_CS2_36,1,0.1241970881819725,0.5789473684210527,0.594100190724323,0.34484060648637704
calce_CS2_36,1,0.0005351991858333349,0.4397031539888683,0.49983725102334714,0.07763391373875737
calce_CS2_36,1,0.0005351991858333349,0.4397031539888683,0.49983725102334714,0.07763391373875737
calce_CS2_36,1,0.0010797514114528894,0.4397031539888683,0.5002573422438723,0.09585533027372953
calce_CS2_36,1,0.0005308036343194544,0.4397031539888683,0.49983386010427844,0.07743999886087093
calce_CS2_36,1,0.000562212138902396,0.4397031539888683,0.4998580899871875,0.07880104073622901
calce_CS2_36,1,0.0005723054055124521,0.4397031539888683,0.4998658763710347,0.07922673573487538
calce_CS2_36,1,0.0005723054055124521,0.4397031539888683,0.4998658763710347,0.07922673573487538
calce_CS2_36,1,0.0005723054055124521,0.4397031539888683,0.4998658763710347,0.07922673573487538
calce_CS2_36,1,0.0008322963258251548,0.4397031539888683,0.5000664446606101,0.08868822192891072
calce_CS2_36,1,0.0008293315186165273,0.4397031539888683,0.5000641574795401,0.08859342112401211
calce_CS2_36,1,0.0006669705035164952,0.4397031539888683,0.4999389051381569,0.08297671049209154
calce_CS2_36,1,0.0008874882478266954,0.4397031539888683,0.5001090221061323,0.0904096686806922
calce_CS2_36,1,0.001003040699288249,0.4397031539888683,0.5001981642795843,0.09377504518804622
calce_CS2_36,1,0.0013514766469597816,0.4397031539888683,0.5004669627846408,0.10244892329342971
calce_CS2_36,1,0.0006675896001979709,0.4397031539888683,0.4999393827362311,0.08299992538493227
calce_CS2_36,1,0.0006699765217490494,0.4397031539888683,0.49994122411120706,0.08308928433960837
calce_CS2_36,1,0.0008301011985167861,0.4397031539888683,0.5000647512440499,0.08861805562380912
calce_CS2_36,1,0.0011047197040170431,0.4397031539888683,0.500276603864197,0.0965090244678731
calce_CS2_36,1,0.0008301011985167861,0.4397031539888683,0.5000647512440499,0.08861805562380912
calce_CS2_36,1,0.0006699765217490494,0.4397031539888683,0.49994122411120706,0.08308928433960837
calce_CS2_36,1,0.0013514766469597816,0.4397031539888683,0.5004669627846408,0.10244892329342971
calce_CS2_36,1,0.0011043024715036154,0.4397031539888683,0.5002762819930047,0.09649819037421897
calce_CS2_36,1,0.0011043024715036154,0.4397031539888683,0.5002762819930047,0.09649819037421897
calce_CS2_36,1,0.0011043024715036154,0.4397031539888683,0.5002762819930047,0.09649819037421897
calce_CS2_36,1,0.0011043024715036154,0.4397031539888683,0.5002762819930047,0.09649819037421897
calce_CS2_36,1,0.0011043024715036154,0.4397031539888683,0.5002762819930047,0.09649819037421897
calce_CS2_36,1,0.0006858951528556645,0.4397031539888683,0.4999535044348103,0.08367939886203297
calce_CS2_36,1,0.0006699765217490494,0.4397031539888683,0.49994122411120706,0.08308928433960837
calce_CS2_36,1,0.0008660626481287181,0.4397031539888683,0.5000924934682022,0.08975093044679541
calce_CS2_36,1,0.0006817832472734153,0.4397031539888683,0.499950332332201,0.08352792744861402
calce_CS2_36,1,0.000920185586437583,0.4397031539888683,0.5001342462524196,0.09139294201898959
calce_CS2_36,1,0.001399946166202426,0.4397031539888683,0.5005043542426115,0.10351991649104826
calce_CS2_36,1,0.0010399909224361181,0.4397031539888683,0.5002266692821475,0.09479110707719093
calce_CS2_36,1,0.0015962799079716206,0.4397031539888683,0.5006558144171808,0.10759704677679115
calce_CS2_36,1,0.0011859032092615962,0.4397031539888683,0.5003392323239345,0.09856225213969828
calce_CS2_36,1,0.0011859032092615962,0.4397031539888683,0.5003392323239345,0.09856225213969828
calce_CS2_36,1,0.0011859032092615962,0.4397031539888683,0.5003392323239345,0.09856225213969828
calce_CS2_36,1,0.0015962799079716206,0.4397031539888683,0.5006558144171808,0.10759704677679115
calce_CS2_36,1,0.0011859032092615962,0.4397031539888683,0.5003392323239345,0.09856225213969828
calce_CS2_36,1,0.0011859032092615962,0.4397031539888683,0.5003392323239345,0.09856225213969828
calce_CS2_36,1,0.0015962799079716206,0.4397031539888683,0.5006558144171808,0.10759704677679115
calce_CS2_36,1,0.0015962799079716206,0.4397031539888683,0.5006558144171808,0.10759704677679115
calce_CS2_36,1,0.0011859032092615962,0.4397031539888683,0.5003392323239345,0.09856225213969828
calce_CS2_36,1,0.00108464271761477,0.4397031539888683,0.5002611156089707,0.09598425588939072
calce_CS2_36,1,0.00108464271761477,0.4397031539888683,0.5002611156089707,0.09598425588939072
calce_CS2_36,1,0.0011785929091274738,0.4397031539888683,0.5003335928433134,0.09838167280593828
calce_CS2_36,1,0.0009960329625755548,0.4397031539888683,0.5001927582078066,0.09357926617306801
calce_CS2_36,1,0.001189049449749291,0.4397031539888683,0.5003416594694334,0.09863971903324696
calce_CS2_36,1,0.0025163013488054276,0.4397031539888683,0.5013655559147197,0.12285338944319424
calce_CS2_36,1,0.0018844034057110548,0.4397031539888683,0.500878084876392,0.11295487040915059
calce_CS2_36,1,0.0010411265539005399,0.4397031539888683,0.5002275453574244,0.09482191320973776
calce_CS2_36,1,0.0009700684458948672,0.4397031539888683,0.5001727280540944,0.09284497662124429
calce_CS2_36,1,0.0007565774139948189,0.4397031539888683,0.500008031802239,0.08618566293095088
calce_CS2_36,1,0.0023841282818466425,0.4397031539888683,0.5012635925727899,0.1209510385480625
calce_CS2_36,1,0.002230796730145812,0.4397031539888683,0.5011453066381141,0.11864264053221836
calce_CS2_36,1,0.005664195399731398,0.4397031539888683,0.5037939087507708,0.1547205905527251
calce_CS2_36,1,0.00922301597893238,0.4397031539888683,0.5065390375571396,0.1770190504254497
calce_CS2_36,1,0.005567020270973444,0.4397031539888683,0.5037189478653427,0.15397424481676714
calce_CS2_36,1,0.011897463351488113,0.5789473684210527,0.5086017465715208,0.18967477965210663
calce_CS2_36,1,0.011897463351488113,0.5789473684210527,0.5086017465715208,0.18967477965210663
calce_CS2_36,1,0.012243137694895267,0.5789473684210527,0.5088683333859907,0.19114315901238388
calce_CS2_36,1,0.01288184616714716,0.5789473684210527,0.5093608970793372,0.19377306370467623
calce_CS2_36,1,0.019476475194096565,0.5789473684210527,0.5144453533136758,0.21625151520840497
calce_CS2_36,1,0.011245192028582096,0.4594032254717068,0.5080986965149364,0.18681069670972628
calce_CS2_36,1,0.005520228762179613,0.4397031539888683,0.503682852839901,0.1536113028771661
calce_CS2_36,1,0.004178309813141823,0.4397031539888683,0.5026476801096128,0.14203270536938606
calce_CS2_36,1,0.005236998200416565,0.4397031539888683,0.503464367642357,0.1513626683529648
calce_CS2_36,1,0.005520228762179613,0.4397031539888683,0.503682852839901,0.1536113028771661
calce_CS2_36,1,0.013993864879012108,0.5789473684210527,0.5102184275626371,0.19811759520200825
calce_CS2_36,1,0.013764634728431702,0.5789473684210527,0.5100416620526542,0.19724476109285202
calce_CS2_36,1,0.01782703585922718,0.5789473684210527,0.5131738754782694,0.21127214286237325
calce_CS2_36,1,0.01782703585922718,0.5789473684210527,0.5131738754782694,0.21127214286237325
calce_CS2_36,1,0.0180133618414402,0.5789473684210527,0.5133175145604818,0.21185240958293186
calce_CS2_36,1,0.020464777946472168,0.5789473684210527,0.5152071024817562,0.2190774128093435
calce_CS2_36,1,0.020464777946472168,0.5789473684210527,0.5152071024817562,0.2190774128093435
calce_CS2_36,1,0.01581096276640892,0.5789473684210527,0.5116195464025931,0.20466625861824808
calce_CS2_36,1,0.020464777946472168,0.5789473684210527,0.5152071024817562,0.2190774128093435
calce_CS2_36,1,0.020464777946472168,0.5789473684210527,0.5152071024817562,0.2190774128093435
calce_CS2_36,1,0.010338856838643551,0.4397031539888683,0.5073996782251766,0.18260758329946208
calce_CS2_36,1,0.01615455560386181,0.5789473684210527,0.5118844624104751,0.2058372567544594
calce_CS2_36,1,0.02090735174715519,0.5789473684210527,0.5155482001833227,0.22030801339021283
calce_CS2_36,1,0.017010319977998734,0.5789473684210527,0.512544242171368,0.20867079344198733
calce_CS2_36,1,0.012275165878236294,0.5789473684210527,0.508893033523803,0.19127756254882497
calce_CS2_36,1,0.0219211895018816,0.5789473684210527,0.5163295237408642,0.22305122971335237
calce_CS2_36,1,0.0219211895018816,0.5789473684210527,0.5163295237408642,0.22305122971335237
calce_CS2_36,1,0.0048568458296358585,0.4397031539888683,0.5031711145057698,0.1481935800304541
calce_CS2_36,1,0.0023764376528561115,0.4397031539888683,0.5012576597251233,0.12083794164724383
calce_CS2_36,1,0.0029437642078846693,0.4397031539888683,0.5016953162370547,0.1285334247631944
calce_CS2_36,1,0.002402558224275708,0.4397031539888683,0.5012778101393778,0.12122095946622356
calce_CS2_36,1,0.002785645890980959,0.4397031539888683,0.5015733382006043,0.12650936831141377
calce_CS2_36,1,0.004127753898501396,0.4397031539888683,0.5026086801578703,0.14154395334054728
calce_CS2_36,1,0.0043735927902162075,0.4397031539888683,0.5027983254144028,0.14387943322481733
calce_CS2_36,1,0.0031583374366164207,0.4397031539888683,0.5018608452545752,0.13115323939419504
calce_CS2_36,1,0.0022276074159890413,0.4397031539888683,0.5011428462754716,0.1185933836916915
calce_CS2_36,1,0.0018155263969674706,0.4397031539888683,0.5008249503131275,0.11173253777013113
calce_CS2_36,1,0.0018155263969674706,0.4397031539888683,0.5008249503131275,0.11173253777013113
calce_CS2_36,1,0.0022276074159890413,0.4397031539888683,0.5011428462754716,0.1185933836916915
calce_CS2_36,1,0.002303751651197672,0.4397031539888683,0.501201586924239,0.11975528349526667
calce_CS2_36,1,0.0028130875434726477,0.4397031539888683,0.5015945076712987,0.12686673230142412
calce_CS2_36,1,0.003066353965550661,0.4397031539888683,0.5017898861539469,0.13004711769333674
calce_CS2_36,1,0.0018646615790203214,0.4397031539888683,0.5008628552196115,0.11260796130480243
calce_CS2_36,1,0.0018646615790203214,0.4397031539888683,0.5008628552196115,0.11260796130480243
calce_CS2_36,1,0.0019975320901721716,0.4397031539888683,0.5009653569625115,0.11489232307965855
calce_CS2_36,1,0.002084671286866069,0.4397031539888683,0.5010325796568182,0.11632971196516487
calce_CS2_36,1,0.002486432669684291,0.4397031539888683,0.5013425140867628,0.12243015497724666
calce_CS2_36,1,0.0023610531352460384,0.4397031539888683,0.5012457915141254,0.12061087593143945
calce_CS2_36,1,0.003349442733451724,0.4397031539888683,0.502008269976499,0.1333758648093318
calce_CS2_36,1,0.002443769248202443,0.4397031539888683,0.5013096019011082,0.1218189689693578
calce_CS2_36,1,0.0021968339569866657,0.4397031539888683,0.5011191064134819,0.11811538231525925
calce_CS2_36,1,0.0025358928833156824,0.4397031539888683,0.5013806695617565,0.12312895909627335
calce_CS2_36,1,0.002286742441356182,0.4397031539888683,0.5011884653556308,0.1194982532128465
calce_CS2_36,1,0.0026900083757936954,0.4397031539888683,0.5014995599625067,0.12524286982116686
calce_CS2_36,1,0.002408025087788701,0.4397031539888683,0.5012820274878049,0.12130072801380895
calce_CS2_36,1,0.002286742441356182,0.4397031539888683,0.5011884653556308,0.1194982532128465
calce_CS2_36,1,0.0028192729223519564,0.4397031539888683,0.5015992792926639,0.12694692059534785
calce_CS2_36,1,0.0036926637403666973,0.4397031539888683,0.5022730407156184,0.13713798842228947
calce_CS2_36,1,0.0028192729223519564,0.4397031539888683,0.5015992792926639,0.12694692059534785
calce_CS2_36,1,0.0036548178177326918,0.4397031539888683,0.5022438453220712,0.13673646482049348
calce_CS2_36,1,0.003227257402613759,0.4397031539888683,0.5019140123534219,0.13196621149415472
calce_CS2_36,1,0.0026828197296708822,0.4397031539888683,0.5014940143782202,0.1251463149284602
calce_CS2_36,1,0.0027287560515105724,0.4397031539888683,0.5015294513289759,0.12576000357571812
calce_CS2_36,1,0.0027287560515105724,0.4397031539888683,0.5015294513289759,0.12576000357571812
calce_CS2_36,1,0.0030227035749703646,0.4397031539888683,0.5017562127693895,0.12951344939118245
calce_CS2_36,1,0.0029019308276474476,0.4397031539888683,0.5016630445137696,0.12800603002991778
calce_CS2_36,1,0.0034005579072982073,0.4397031539888683,0.5020477017939657,0.1339540806924408
calce_CS2_36,1,0.0036621112376451492,0.4397031539888683,0.5022494716695113,0.13681408780491933
calce_CS2_36,1,0.004377061501145363,0.4397031539888683,0.5028010012448413,0.14391166399327723
calce_CS2_36,1,0.004064654000103474,0.4397031539888683,0.5025600034548835,0.14092751334238734
calce_CS2_36,1,0.004377061501145363,0.4397031539888683,0.5028010012448413,0.14391166399327723
calce_CS2_36,1,0.004403287079185247,0.4397031539888683,0.5028212321557959,0.14415472172445434
calce_CS2_36,1,0.004403287079185247,0.4397031539888683,0.5028212321557959,0.14415472172445434
calce_CS2_36,1,0.004814347252249718,0.4397031539888683,0.5031383305616678,0.14782765363083097
calce_CS2_36,1,0.004814347252249718,0.4397031539888683,0.5031383305616678,0.14782765363083097
calce_CS2_36,1,0.012427699752151966,0.5789473684210527,0.5090106670629369,0.19191391934595603
calce_CS2_36,1,0.005132606253027916,0.4397031539888683,0.5033838389350319,0.15051040241502614
calce_CS2_36,1,0.005132606253027916,0.4397031539888683,0.5033838389350319,0.15051040241502614
calce_CS2_36,1,0.002859012456610799,0.4397031539888683,0.5016299357764795,0.12745898188049098
calce_CS2_36,1,0.003436561906710267,0.4397031539888683,0.5020754763713763,0.13435743077900983
calce_CS2_36,1,0.003436561906710267,0.4397031539888683,0.5020754763713763,0.13435743077900983
calce_CS2_36,1,0.0029470676090568304,0.4397031539888683,0.5016978645949186,0.1285748301491917
calce_CS2_36,1,0.0026544565334916115,0.4397031539888683,0.5014721339687456,0.12476344782275493
calce_CS2_36,1,0.0036446587182581425,0.4397031539888683,0.5022360083085833,0.13662814716561558
calce_CS2_36,1,0.0031985174864530563,0.4397031539888683,0.5018918414544177,0.13162880528034626
calce_CS2_36,1,0.0029470676090568304,0.4397031539888683,0.5016978645949186,0.1285748301491917
calce_CS2_36,1,0.0030453107319772243,0.4397031539888683,0.501773652695337,0.12979056286057503
calce_CS2_36,1,0.003017161739990115,0.4397031539888683,0.5017519376096948,0.12944528081909598
calce_CS2_36,1,0.0039206757210195065,0.4397031539888683,0.502448935141354,0.13949327215802118
calce_CS2_36,1,0.004033240024000406,0.4397031539888683,0.5025357699779915,0.14061790976210753
calce_CS2_36,1,0.0037856968119740486,0.4397031539888683,0.5023448089389955,0.13811193838967661
calce_CS2_36,1,0.00397822679951787,0.4397031539888683,0.5024933314595655,0.14007128507984634
calce_CS2_36,1,0.0046697948127985,0.4397031539888683,0.5030268207677202,0.14656427751520648
calce_CS2_36,1,0.005335521884262562,0.4397031539888683,0.5035403693637202,0.15215519490024856
calce_CS2_36,1,0.004836255684494972,0.4397031539888683,0.5031552310088413,0.1480165985599369
calce_CS2_36,1,0.005921925418078899,0.4397031539888683,0.5039927208282909,0.15665361482967977
calce_CS2_36,1,0.004757868126034737,0.4397031539888683,0.503094761802349,0.14733751856559157
calce_CS2_36,1,0.004757868126034737,0.4397031539888683,0.503094761802349,0.14733751856559157
calce_CS2_36,1,0.0033367977011948824,0.4397031539888683,0.501998515205767,0.1332317970297519
calce_CS2_36,1,0.0038317388389259577,0.4397031539888683,0.5023803269661868,0.13858725324383403
calce_CS2_36,1,0.0027550887316465378,0.4397031539888683,0.5015497653100403,0.12610830697246425
calce_CS2_36,1,0.0038281313609331846,0.4397031539888683,0.5023775440639082,0.13855016816262183
calce_CS2_36,1,0.004589750897139311,0.4397031539888683,0.5029650736301259,0.14585183147825787
calce_CS2_36,1,0.005738614592701197,0.4397031539888683,0.5038513155942694,0.1552855561419397
calce_CS2_36,1,0.005762860644608736,0.4397031539888683,0.503870018937119,0.15546841120616797
calce_CS2_36,1,0.00852792989462614,0.4397031539888683,0.5060029023473722,0.1732664635962449
calce_CS2_36,1,0.020067742094397545,0.5789473684210527,0.5149010894363762,0.2179553958874272
calce_CS2_36,1,0.014970067888498306,0.5789473684210527,0.5109711747053318,0.20171357900699297
calce_CS2_36,1,0.020067742094397545,0.5789473684210527,0.5149010894363762,0.2179553958874272
calce_CS2_36,1,0.02269819565117359,0.5789473684210527,0.5169282769721633,0.2250864403498384
calce_CS2_36,1,0.015610377304255962,0.5789473684210527,0.5114648885221421,0.20397335783028614
calce_CS2_36,1,0.01181479636579752,0.5789473684210527,0.5085379924013667,0.1893186880732958
calce_CS2_36,1,0.01181479636579752,0.5789473684210527,0.5085379924013667,0.1893186880732958
calce_CS2_36,1,0.01181479636579752,0.5789473684210527,0.5085379924013667,0.1893186880732958
calce_CS2_36,1,0.01181479636579752,0.5789473684210527,0.5085379924013667,0.1893186880732958
calce_CS2_36,1,0.0185093991458416,0.5789473684210527,0.5136998999498941,0.2133744383883028
calce_CS2_36,1,0.02729235775768757,0.5789473684210527,0.5204674421071669,0.23610470290006946
calce_CS2_36,1,0.02729235775768757,0.5789473684210527,0.5204674421071669,0.23610470290006946
calce_CS2_36,1,0.018364014104008675,0.5789473684210527,0.5135878271256106,0.21293171077881567
calce_CS2_36,1,0.032707683742046356,0.5789473684210527,0.5246365366635606,0.24734034747649838
calce_CS2_36,1,0.032707683742046356,0.5789473684210527,0.5246365366635606,0.24734034747649838
calce_CS2_36,1,0.018685059621930122,0.5789473684210527,0.5138353093295716,0.21390571440513248
calce_CS2_36,1,0.02845308557152748,0.5789473684210527,0.5213613110445968,0.23865312391519006
calce_CS2_36,1,0.018685059621930122,0.5789473684210527,0.5138353093295716,0.21390571440513248
calce_CS2_36,1,0.02845308557152748,0.5789473684210527,0.5213613110445968,0.23865312391519006
calce_CS2_36,1,0.01851504109799862,0.5789473684210527,0.513704249128312,0.2133915639073665
calce_CS2_36,1,0.018685059621930122,0.5789473684210527,0.5138353093295716,0.21390571440513248
calce_CS2_36,1,0.019152501598000526,0.5789473684210527,0.5141956310262659,0.21530050768408832
calce_CS2_36,1,0.02845308557152748,0.5789473684210527,0.5213613110445968,0.23865312391519006
calce_CS2_36,1,0.02845308557152748,0.5789473684210527,0.5213613110445968,0.23865312391519006
calce_CS2_36,1,0.02845308557152748,0.5789473684210527,0.5213613110445968,0.23865312391519006
calce_CS2_36,1,0.02845308557152748,0.5789473684210527,0.5213613110445968,0.23865312391519006
calce_CS2_36,1,0.018685059621930122,0.5789473684210527,0.5138353093295716,0.21390571440513248
calce_CS2_36,1,0.02845308557152748,0.5789473684210527,0.5213613110445968,0.23865312391519006
calce_CS2_36,1,0.030187882483005524,0.5789473684210527,0.5226970101438584,0.24231222307527653
calce_CS2_36,1,0.03409065306186676,0.5789473684210527,0.5257007155747374,0.24997036218955557
calce_CS2_36,1,0.02845308557152748,0.5789473684210527,0.5213613110445968,0.23865312391519006
calce_CS2_36,1,0.0165290217846632,0.5789473684210527,0.5121731746910397,0.20709135757259553
calce_CS2_36,1,0.018685059621930122,0.5789473684210527,0.5138353093295716,0.21390571440513248
calce_CS2_36,1,0.01851504109799862,0.5789473684210527,0.513704249128312,0.2133915639073665
calce_CS2_36,1,0.018685059621930122,0.5789473684210527,0.5138353093295716,0.21390571440513248
calce_CS2_36,1,0.02951028198003769,0.5789473684210527,0.5221753322522154,0.24090338855883656
calce_CS2_36,1,0.02058027684688568,0.5789473684210527,0.5152961204484116,0.21940057766759843
calce_CS2_36,1,0.019871195778250694,0.5789473684210527,0.5147495983714151,0.21739345379848304
calce_CS2_36,1,0.02665073052048683,0.5789473684210527,0.5199732725309546,0.23465885576976941
calce_CS2_36,1,0.060891713947057724,0.5789473684210527,0.5462661594313984,0.28927110639583714
calce_CS2_36,1,0.05939865484833717,0.5789473684210527,0.545123969385215,0.2874900253814582
calce_CS2_36,1,0.03369999676942825,0.5789473684210527,0.5254001333094471,0.24923616784428063
calce_CS2_36,1,0.06052238494157791,0.5789473684210527,0.5459836676437912,0.2888337623439492
calce_CS2_36,1,0.02217179909348488,0.5789473684210527,0.516522646211491,0.22371380495242332
calce_CS2_36,1,0.022724449634552002,0.5789473684210527,0.5169485071921255,0.22515423782954508
calce_CS2_36,1,0.034529849886894226,0.5789473684210527,0.5260386240813946,0.25078784279450317
calce_CS2_36,1,0.04023996740579605,0.5789473684210527,0.530429582037182,0.26072923444128465
calce_CS2_36,1,0.04023996740579605,0.5789473684210527,0.530429582037182,0.26072923444128465
calce_CS2_36,1,0.026535991579294205,0.5789473684210527,0.5198848985470911,0.23439739731277998
calce_CS2_36,1,0.04538147151470184,0.5789473684210527,0.5343792812012336,0.26876294501753717
calce_CS2_36,1,0.03060968406498432,0.5789473684210527,0.5230217260572091,0.24317657690334848
calce_CS2_36,1,0.04962979257106781,0.5789473684210527,0.5376396101651466,0.27487270769451155
calce_CS2_36,1,0.03372593969106674,0.5789473684210527,0.52542009511771,0.24928513369031563
calce_CS2_36,1,0.03101169876754284,0.5789473684210527,0.5233311913107287,0.24399162214256076
calce_CS2_36,1,0.04663817584514618,0.5789473684210527,0.5353440442659152,0.2706159184966033
calce_CS2_36,1,0.044029172509908676,0.5789473684210527,0.5333408436031014,0.2667229815621135
calce_CS2_36,1,0.044029172509908676,0.5789473684210527,0.5333408436031014,0.2667229815621135
calce_CS2_36,1,0.044029172509908676,0.5789473684210527,0.5333408436031014,0.2667229815621135
calce_CS2_36,1,0.044029172509908676,0.5789473684210527,0.5333408436031014,0.2667229815621135
calce_CS2_36,1,0.02925003319978714,0.5789473684210527,0.5219749563824737,0.24035545850853834
calce_CS2_36,1,0.02756759710609913,0.5789473684210527,0.5206794142062356,0.23671667142965097
calce_CS2_36,1,0.03755354881286621,0.5789473684210527,0.5283643287743305,0.2562021725315352
calce_CS2_36,1,0.02756759710609913,0.5789473684210527,0.5206794142062356,0.23671667142965097
calce_CS2_36,1,0.04254727438092232,0.5789473684210527,0.5322025546143507,0.2644295986948426
calce_CS2_36,1,0.04254727438092232,0.5789473684210527,0.5322025546143507,0.2644295986948426
calce_CS2_36,1,0.0758444219827652,0.5789473684210527,0.557676179593674,0.305444889892931
calce_CS2_36,1,0.12028267234563828,0.5789473684210527,0.5911841188988667,0.34213727945462324
calce_CS2_36,1,0.0758444219827652,0.5789473684210527,0.557676179593674,0.305444889892931
calce_CS2_36,1,0.07725372165441513,0.5789473684210527,0.5587486375147639,0.30683640334916423
calce_CS2_36,1,0.08434617519378662,0.5789473684210527,0.5641373842739299,0.3135540198941704
calce_CS2_36,1,0.08163656294345856,0.5789473684210527,0.5620803753930084,0.3110413335303403
calce_CS2_36,1,0.04454163461923599,0.5789473684210527,0.53373440047169,0.2675018127740893
calce_CS2_36,1,0.054710786789655685,0.5789473684210527,0.54153471863481,0.2816581134859404
calce_CS2_36,1,0.12952935695648193,0.5789473684210527,0.5980618120492711,0.34842328794629973
calce_CS2_36,1,0.0888708233833313,0.5789473684210527,0.5675673329869938,0.3176139905329276
calce_CS2_36,1,0.14181922376155853,0.5789473684210527,0.6071432091076314,0.3562859276031383
calce_CS2_36,1,0.12952935695648193,0.5789473684210527,0.5980618120492711,0.34842328794629973
calce_CS2_36,1,0.12544341385364532,0.5789473684210527,0.5950272691860213,0.34568803786319363
calce_CS2_36,1,0.14181922376155853,0.5789473684210527,0.6071432091076314,0.3562859276031383
calce_CS2_36,1,0.09093139320611954,0.5789473684210527,0.5691272421301462,0.319410249120207
calce_CS2_36,1,0.14181922376155853,0.5789473684210527,0.6071432091076314,0.3562859276031383
calce_CS2_36,1,0.12544341385364532,0.5789473684210527,0.5950272691860213,0.34568803786319363
calce_CS2_36,1,0.12952935695648193,0.5789473684210527,0.5980618120492711,0.34842328794629973
calce_CS2_36,1,0.14068938791751862,0.5789473684210527,0.6063113176531945,0.35558433332975276
calce_CS2_36,1,0.12418721616268158,0.5789473684210527,0.594092844742185,0.3448338689523708
calce_CS2_36,1,0.14411689341068268,0.5789473684210527,0.6088330486800965,0.3577003178253921
calce_CS2_36,1,0.14181922376155853,0.5789473684210527,0.6071432091076314,0.3562859276031383
calce_CS2_36,1,0.0888708233833313,0.5789473684210527,0.5675673329869938,0.3176139905329276
calce_CS2_36,1,0.12544341385364532,0.5789473684210527,0.5950272691860213,0.34568803786319363
calce_CS2_36,1,0.14411689341068268,0.5789473684210527,0.6088330486800965,0.3577003178253921
calce_CS2_36,1,0.14411689341068268,0.5789473684210527,0.6088330486800965,0.3577003178253921
calce_CS2_36,1,0.14411689341068268,0.5789473684210527,0.6088330486800965,0.3577003178253921
calce_CS2_36,1,0.3685624301433563,0.5789473684210527,0.7567600446846248,0.45588967594785035
calce_CS2_36,1,0.14411689341068268,0.5789473684210527,0.6088330486800965,0.3577003178253921
calce_CS2_36,1,0.08073773235082626,0.5789473684210527,0.5613975506156261,0.310193543897792
calce_CS2_36,1,0.07927034050226212,0.5789473684210527,0.5602823018016422,0.3087935927315808
calce_CS2_36,1,0.0888708233833313,0.5789473684210527,0.5675673329869938,0.3176139905329276
calce_CS2_36,1,0.0888708233833313,0.5789473684210527,0.5675673329869938,0.3176139905329276
calce_CS2_36,1,0.14181922376155853,0.5789473684210527,0.6071432091076314,0.3562859276031383
calce_CS2_36,1,0.14181922376155853,0.5789473684210527,0.6071432091076314,0.3562859276031383
calce_CS2_36,1,0.14491218328475952,0.5789473684210527,0.609417345764814,0.3581860807167627
calce_CS2_36,1,0.09093139320611954,0.5789473684210527,0.5691272421301462,0.319410249120207
calce_CS2_36,1,0.14181922376155853,0.5789473684210527,0.6071432091076314,0.3562859276031383
calce_CS2_36,1,0.14181922376155853,0.5789473684210527,0.6071432091076314,0.3562859276031383
calce_CS2_36,1,0.0888708233833313,0.5789473684210527,0.5675673329869938,0.3176139905329276
calce_CS2_36,1,0.14181922376155853,0.5789473684210527,0.6071432091076314,0.3562859276031383
calce_CS2_36,1,0.0898391380906105,0.5789473684210527,0.5683005432035968,0.31846204965192487
calce_CS2_36,1,0.1432737410068512,0.5789473684210527,0.608213246224999,0.3571832011444111
calce_CS2_36,1,0.1432737410068512,0.5789473684210527,0.608213246224999,0.3571832011444111
calce_CS2_36,1,0.1432737410068512,0.5789473684210527,0.608213246224999,0.3571832011444111
calce_CS2_36,1,0.08615703135728836,0.5789473684210527,0.5655108752041392,0.31519863466485043
calce_CS2_36,1,0.15379169583320618,0.5789473684210527,0.6159194480727831,0.3634837899368422
calce_CS2_36,1,0.1327315866947174,0.5789473684210527,0.6004348122057869,0.3505228355223344
calce_CS2_36,1,0.39543044567108154,0.5789473684210527,0.77169490722682,0.46518297568887773
calce_CS2_36,1,0.09524966776371002,0.5789473684210527,0.5723918157793729,0.3230753881819138
calce_CS2_36,1,0.14899830520153046,0.5789473684210527,0.6124144281122752,0.3606520453194286
calce_CS2_36,1,0.3765682578086853,0.5789473684210527,0.7612785566676391,0.45868247912189064
calce_CS2_36,1,0.25755709409713745,0.5789473684210527,0.688359389591371,0.4139005121973669
calce_CS2_36,1,0.3765682578086853,0.5789473684210527,0.7612785566676391,0.45868247912189064
calce_CS2_36,1,0.10290510207414627,0.5789473684210527,0.5781636138706997,0.32927157363643694
calce_CS2_36,1,0.10290510207414627,0.5789473684210527,0.5781636138706997,0.32927157363643694
calce_CS2_36,1,0.17346878349781036,0.5789473684210527,0.6301785637674067,0.37449414147466237
calce_CS2_36,1,0.17346878349781036,0.5789473684210527,0.6301785637674067,0.37449414147466237
calce_CS2_36,1,0.12156056612730026,0.5789473684210527,0.5921368112338297,0.3430269052502951
calce_CS2_36,1,0.4110085964202881,0.5789473684210527,0.7800533097007466,0.4704792560345677
calce_CS2_36,1,0.4110085964202881,0.5789473684210527,0.7800533097007466,0.4704792560345677
calce_CS2_36,1,0.9713488817214966,0.5789473684210527,0.9523504744777352,0.760920363885519
calce_CS2_36,1,0.8624014258384705,0.5789473684210527,0.9345557858692553,0.6463561172620373
calce_CS2_36,1,0.8641753196716309,0.5789473684210527,0.9348897772771771,0.6474841702389252
calce_CS2_36,1,0.9296372532844543,0.5789473684210527,0.9461575948498328,0.7001673963194401
calce_CS2_36,1,0.7851353883743286,0.5789473684210527,0.918373313543316,0.6048663241363266
calce_CS2_36,1,0.9964019060134888,0.9063063063063063,0.9557384700015965,0.8638712756330902
calce_CS2_36,1,0.9974495768547058,0.9063063063063063,0.955875027220192,0.876667690178011
calce_CS2_36,1,0.9977777600288391,0.9063063063063063,0.955917721085619,0.8814896319246905
calce_CS2_36,1,0.9986516833305359,0.9063063063063063,0.9560312190479473,0.897621877561617
calce_CS2_36,1,0.9986516833305359,0.9063063063063063,0.9560312190479473,0.897621877561617
calce_CS2_36,1,0.9986516833305359,0.9063063063063063,0.9560312190479473,0.897621877561617
calce_CS2_36,1,0.9980664849281311,0.9063063063063063,0.9559552491769482,0.8861936965744402
calce_CS2_36,1,0.9986516833305359,0.9063063063063063,0.9560312190479473,0.897621877561617
calce_CS2_36,1,0.9973621964454651,0.9063063063063063,0.9558636531183264,0.8754627781238721
calce_CS2_36,1,0.9973921775817871,0.9063063063063063,0.9558675560072724,0.8758727776611896
calce_CS2_36,1,0.9981081485748291,0.9063063063063063,0.9559606620473625,0.8869149525508231
calce_CS2_36,1,0.9987096786499023,0.9063063063063063,0.9560387411303906,0.8989435482036032
calce_CS2_36,1,0.9987096786499023,0.9063063063063063,0.9560387411303906,0.8989435482036032
calce_CS2_36,1,0.9987096786499023,0.9063063063063063,0.9560387411303906,0.8989435482036032
calce_CS2_36,1,0.9987096786499023,0.9063063063063063,0.9560387411303906,0.8989435482036032
calce_CS2_36,1,0.9987649917602539,0.9063063063063063,0.9560459141823404,0.9002454896102896
calce_CS2_36,1,0.9978267550468445,0.9063063063063063,0.955924091543165,0.882254418347998
calce_CS2_36,1,0.9963028430938721,0.9063063063063063,0.9557255369441858,0.8628145487987243
calce_CS2_36,1,0.9978744983673096,0.9063063063063063,0.9559302984069895,0.8830121432906389
calce_CS2_36,1,0.9987649917602539,0.9063063063063063,0.9560459141823404,0.9002454896102896
calce_CS2_36,1,0.9982289671897888,0.9063063063063063,0.9559763550092345,0.8890755001337881
calce_CS2_36,1,0.9987649917602539,0.9063063063063063,0.9560459141823404,0.9002454896102896
calce_CS2_36,1,0.9987649917602539,0.9063063063063063,0.9560459141823404,0.9002454896102896
calce_CS2_36,1,0.99886155128479,0.9063063063063063,0.956058433428998,0.9026249082575959
calce_CS2_36,1,0.9974203109741211,0.9063063063063063,0.9558712180609341,0.8762607354692878
calce_CS2_36,1,0.9974496960639954,0.9063063063063063,0.9558750427354742,0.8766693549738317
calce_CS2_36,1,0.9963840246200562,0.9063063063063063,0.9557361357812075,0.8636789164173093
calce_CS2_36,1,0.9978744983673096,0.9063063063063063,0.9559302984069895,0.8830121432906389
calce_CS2_36,1,0.9978744983673096,0.9063063063063063,0.9559302984069895,0.8830121432906389
calce_CS2_36,1,0.9978744983673096,0.9063063063063063,0.9559302984069895,0.8830121432906389
calce_CS2_36,1,0.9980406165122986,0.9063063063063063,0.9559518880768336,0.8857516758629499
calce_CS2_36,1,0.99886155128479,0.9063063063063063,0.956058433428998,0.9026249082575959
calce_CS2_36,1,0.9975058436393738,0.9063063063063063,0.9558823498550407,0.877460038131024
calce_CS2_36,1,0.9974769949913025,0.9063063063063063,0.955878595598083,0.8770521382352132
calce_CS2_36,1,0.9964430928230286,0.9063063063063063,0.955743846042632,0.864317109497992
calce_CS2_36,1,0.9974496960639954,0.9063063063063063,0.9558750427354742,0.8766693549738317
calce_CS2_36,1,0.9974496960639954,0.9063063063063063,0.9558750427354742,0.8766693549738317
calce_CS2_36,1,0.9974496960639954,0.9063063063063063,0.9558750427354742,0.8766693549738317
calce_CS2_36,1,0.9974496960639954,0.9063063063063063,0.9558750427354742,0.8766693549738317
calce_CS2_36,1,0.996502161026001,0.9063063063063063,0.9557515550231961,0.8649633676099658
calce_CS2_36,1,0.996502161026001,0.9063063063063063,0.9557515550231961,0.8649633676099658
calce_CS2_36,1,0.996502161026001,0.9063063063063063,0.9557515550231961,0.8649633676099658
calce_CS2_36,1,0.9975415468215942,0.9063063063063063,0.9558869957139614,0.87796977746901
calce_CS2_36,1,0.9975415468215942,0.9063063063063063,0.9558869957139614,0.87796977746901
calce_CS2_36,1,0.9965709447860718,0.9063063063063063,0.9557605303654266,0.8657264018419634
calce_CS2_36,1,0.9965709447860718,0.9063063063063063,0.9557605303654266,0.8657264018419634
calce_CS2_36,1,0.9974769949913025,0.9063063063063063,0.955878595598083,0.8770521382352132
calce_CS2_36,1,0.9977939128875732,0.9063063063063063,0.9559198214186638,0.8817403665961245
calce_CS2_36,1,0.9969532489776611,0.9063063063063063,0.9558103842105682,0.8701918349288572
calce_CS2_36,1,0.9963840246200562,0.9063063063063063,0.9557361357812075,0.8636789164173093
calce_CS2_36,1,0.9974769949913025,0.9063063063063063,0.955878595598083,0.8770521382352132
calce_CS2_36,1,0.9981613755226135,0.9063063063063063,0.955967576279089,0.8878537683642014
calce_CS2_36,1,0.9986176490783691,0.9063063063063063,0.9560268041811981,0.8968656636879995
calce_CS2_36,1,0.9986176490783691,0.9063063063063063,0.9560268041811981,0.8968656636879995
calce_CS2_36,1,0.9989317059516907,0.9063063063063063,0.9560675270688805,0.9044483488330823
calce_CS2_36,1,0.9986176490783691,0.9063063063063063,0.9560268041811981,0.8968656636879995
calce_CS2_36,1,0.9986176490783691,0.9063063063063063,0.9560268041811981,0.8968656636879995
calce_CS2_36,1,0.9978172779083252,0.9063063063063063,0.9559228593698844,0.8821054887007228
calce_CS2_36,1,0.9980915188789368,0.9063063063063063,0.9559585016215352,0.8866256666039024
calce_CS2_36,1,0.9976740479469299,0.9063063063063063,0.955904233278089,0.8799113655540516
calce_CS2_36,1,0.9989317059516907,0.9063063063063063,0.9560675270688805,0.9044483488330823
calce_CS2_36,1,0.9989317059516907,0.9063063063063063,0.9560675270688805,0.9044483488330823
calce_CS2_36,1,0.9981613755226135,0.9063063063063063,0.955967576279089,0.8878537683642014
calce_CS2_36,1,0.9989317059516907,0.9063063063063063,0.9560675270688805,0.9044483488330823
calce_CS2_36,1,0.9986176490783691,0.9063063063063063,0.9560268041811981,0.8968656636879995
calce_CS2_36,1,0.9989317059516907,0.9063063063063063,0.9560675270688805,0.9044483488330823
calce_CS2_36,1,0.9989749193191528,0.9063063063063063,0.9560731276101981,0.905615664771962
calce_CS2_36,1,0.9981613755226135,0.9063063063063063,0.955967576279089,0.8878537683642014
calce_CS2_36,1,0.9976212382316589,0.9063063063063063,0.9558973638360505,0.8791278515348956
calce_CS2_36,1,0.9989317059516907,0.9063063063063063,0.9560675270688805,0.9044483488330823
calce_CS2_36,1,0.9989317059516907,0.9063063063063063,0.9560675270688805,0.9044483488330823
calce_CS2_36,1,0.9986176490783691,0.9063063063063063,0.9560268041811981,0.8968656636879995
calce_CS2_36,1,0.9989317059516907,0.9063063063063063,0.9560675270688805,0.9044483488330823
calce_CS2_36,1,0.9994792342185974,0.9063063063063063,0.9561384375174037,0.9230072171194105
calce_CS2_36,1,0.9989317059516907,0.9063063063063063,0.9560675270688805,0.9044483488330823
calce_CS2_36,1,0.9980915188789368,0.9063063063063063,0.9559585016215352,0.8866256666039024
calce_CS2_36,1,0.9980915188789368,0.9063063063063063,0.9559585016215352,0.8866256666039024
calce_CS2_36,1,0.9989510774612427,0.9063063063063063,0.9560700377406065,0.9049672678065075
calce_CS2_36,1,0.9989317059516907,0.9063063063063063,0.9560675270688805,0.9044483488330823
calce_CS2_36,1,0.9989317059516907,0.9063063063063063,0.9560675270688805,0.9044483488330823
calce_CS2_36,1,0.9989317059516907,0.9063063063063063,0.9560675270688805,0.9044483488330823
calce_CS2_36,1,0.9989317059516907,0.9063063063063063,0.9560675270688805,0.9044483488330823
calce_CS2_36,1,0.9986176490783691,0.9063063063063063,0.9560268041811981,0.8968656636879995
calce_CS2_36,1,0.9981613755226135,0.9063063063063063,0.955967576279089,0.8878537683642014
calce_CS2_36,1,0.9981613755226135,0.9063063063063063,0.955967576279089,0.8878537683642014
calce_CS2_36,1,0.9981613755226135,0.9063063063063063,0.955967576279089,0.8878537683642014
calce_CS2_36,1,0.9976212382316589,0.9063063063063063,0.9558973638360505,0.8791278515348956
calce_CS2_36,1,0.9976212382316589,0.9063063063063063,0.9558973638360505,0.8791278515348956
calce_CS2_36,1,0.9980915188789368,0.9063063063063063,0.9559585016215352,0.8866256666039024
calce_CS2_36,1,0.997530996799469,0.9063063063063063,0.9558856229461284,0.8778185796136656
calce_CS2_36,1,0.9971764087677002,0.9063063063063063,0.9558394602795556,0.8729971744264966
calce_CS2_36,1,0.997530996799469,0.9063063063063063,0.9558856229461284,0.8778185796136656
calce_CS2_36,1,0.9978172779083252,0.9063063063063063,0.9559228593698844,0.8821054887007228
calce_CS2_36,1,0.9971764087677002,0.9063063063063063,0.9558394602795556,0.8729971744264966
calce_CS2_36,1,0.9978172779083252,0.9063063063063063,0.9559228593698844,0.8821054887007228
calce_CS2_36,1,0.9978172779083252,0.9063063063063063,0.9559228593698844,0.8821054887007228
calce_CS2_36,1,0.9989317059516907,0.9063063063063063,0.9560675270688805,0.9044483488330823
calce_CS2_36,1,0.9986176490783691,0.9063063063063063,0.9560268041811981,0.8968656636879995
calce_CS2_36,1,0.9989749193191528,0.9063063063063063,0.9560731276101981,0.905615664771962
calce_CS2_36,1,0.9989317059516907,0.9063063063063063,0.9560675270688805,0.9044483488330823
calce_CS2_36,1,0.9986176490783691,0.9063063063063063,0.9560268041811981,0.8968656636879995
calce_CS2_36,1,0.9986176490783691,0.9063063063063063,0.9560268041811981,0.8968656636879995
calce_CS2_36,1,0.9989317059516907,0.9063063063063063,0.9560675270688805,0.9044483488330823
calce_CS2_36,1,0.9986176490783691,0.9063063063063063,0.9560268041811981,0.8968656636879995
calce_CS2_36,1,0.9989317059516907,0.9063063063063063,0.9560675270688805,0.9044483488330823
calce_CS2_36,1,0.9989317059516907,0.9063063063063063,0.9560675270688805,0.9044483488330823
calce_CS2_36,1,0.9989317059516907,0.9063063063063063,0.9560675270688805,0.9044483488330823
calce_CS2_36,1,0.9986176490783691,0.9063063063063063,0.9560268041811981,0.8968656636879995
calce_CS2_36,1,0.9986176490783691,0.9063063063063063,0.9560268041811981,0.8968656636879995
calce_CS2_36,1,0.9981613755226135,0.9063063063063063,0.955967576279089,0.8878537683642014
calce_CS2_36,1,0.9989317059516907,0.9063063063063063,0.9560675270688805,0.9044483488330823
calce_CS2_36,1,0.9989317059516907,0.9063063063063063,0.9560675270688805,0.9044483488330823
calce_CS2_36,1,0.9989317059516907,0.9063063063063063,0.9560675270688805,0.9044483488330823
calce_CS2_36,1,0.9986176490783691,0.9063063063063063,0.9560268041811981,0.8968656636879995
calce_CS2_36,1,0.9989317059516907,0.9063063063063063,0.9560675270688805,0.9044483488330823
calce_CS2_36,1,0.9986176490783691,0.9063063063063063,0.9560268041811981,0.8968656636879995
calce_CS2_36,1,0.9986176490783691,0.9063063063063063,0.9560268041811981,0.8968656636879995
calce_CS2_36,1,0.9986176490783691,0.9063063063063063,0.9560268041811981,0.8968656636879995
calce_CS2_36,1,0.9989317059516907,0.9063063063063063,0.9560675270688805,0.9044483488330823
calce_CS2_36,1,0.9986176490783691,0.9063063063063063,0.9560268041811981,0.8968656636879995
calce_CS2_36,1,0.9989317059516907,0.9063063063063063,0.9560675270688805,0.9044483488330823
calce_CS2_36,1,0.9989317059516907,0.9063063063063063,0.9560675270688805,0.9044483488330823
calce_CS2_36,1,0.9986176490783691,0.9063063063063063,0.9560268041811981,0.8968656636879995
calce_CS2_36,1,0.9989317059516907,0.9063063063063063,0.9560675270688805,0.9044483488330823
calce_CS2_36,1,0.9986176490783691,0.9063063063063063,0.9560268041811981,0.8968656636879995
calce_CS2_36,1,0.9986176490783691,0.9063063063063063,0.9560268041811981,0.8968656636879995
calce_CS2_36,1,0.9996331930160522,1.0,0.9561583570601071,0.9308055607189757
calce_CS2_36,1,0.9994774460792542,0.9063063063063063,0.956138206113108,0.9229270977141729
calce_CS2_36,1,0.9986176490783691,0.9063063063063063,0.9560268041811981,0.8968656636879995
calce_CS2_36,1,0.9986176490783691,0.9063063063063063,0.9560268041811981,0.8968656636879995
calce_CS2_36,1,0.9989317059516907,0.9063063063063063,0.9560675270688805,0.9044483488330823
calce_CS2_36,1,0.9989317059516907,0.9063063063063063,0.9560675270688805,0.9044483488330823
calce_CS2_36,1,0.9989317059516907,0.9063063063063063,0.9560675270688805,0.9044483488330823
calce_CS2_36,1,0.9989317059516907,0.9063063063063063,0.9560675270688805,0.9044483488330823
calce_CS2_36,1,0.9976212382316589,0.9063063063063063,0.9558973638360505,0.8791278515348956
calce_CS2_36,1,0.9980915188789368,0.9063063063063063,0.9559585016215352,0.8866256666039024
calce_CS2_36,1,0.9981613755226135,0.9063063063063063,0.955967576279089,0.8878537683642014
calce_CS2_36,1,0.9976212382316589,0.9063063063063063,0.9558973638360505,0.8791278515348956
calce_CS2_36,1,0.9976212382316589,0.9063063063063063,0.9558973638360505,0.8791278515348956
calce_CS2_36,1,0.9981613755226135,0.9063063063063063,0.955967576279089,0.8878537683642014
calce_CS2_36,1,0.9981613755226135,0.9063063063063063,0.955967576279089,0.8878537683642014
calce_CS2_36,1,0.9976212382316589,0.9063063063063063,0.9558973638360505,0.8791278515348956
calce_CS2_36,1,0.9981613755226135,0.9063063063063063,0.955967576279089,0.8878537683642014
calce_CS2_36,1,0.9980915188789368,0.9063063063063063,0.9559585016215352,0.8866256666039024
calce_CS2_36,1,0.9976212382316589,0.9063063063063063,0.9558973638360505,0.8791278515348956
calce_CS2_36,1,0.9976212382316589,0.9063063063063063,0.9558973638360505,0.8791278515348956
calce_CS2_36,1,0.9981613755226135,0.9063063063063063,0.955967576279089,0.8878537683642014
calce_CS2_36,1,0.9986176490783691,0.9063063063063063,0.9560268041811981,0.8968656636879995
calce_CS2_36,1,0.9989317059516907,0.9063063063063063,0.9560675270688805,0.9044483488330823
calce_CS2_36,1,0.9976212382316589,0.9063063063063063,0.9558973638360505,0.8791278515348956
calce_CS2_36,1,0.9981613755226135,0.9063063063063063,0.955967576279089,0.8878537683642014
calce_CS2_36,1,0.9981613755226135,0.9063063063063063,0.955967576279089,0.8878537683642014
calce_CS2_36,1,0.9989317059516907,0.9063063063063063,0.9560675270688805,0.9044483488330823
calce_CS2_36,1,0.9989317059516907,0.9063063063063063,0.9560675270688805,0.9044483488330823
calce_CS2_36,1,0.9986176490783691,0.9063063063063063,0.9560268041811981,0.8968656636879995
calce_CS2_36,1,0.9989317059516907,0.9063063063063063,0.9560675270688805,0.9044483488330823
calce_CS2_36,1,0.9986176490783691,0.9063063063063063,0.9560268041811981,0.8968656636879995
calce_CS2_36,1,0.9989317059516907,0.9063063063063063,0.9560675270688805,0.9044483488330823
calce_CS2_36,1,0.9981613755226135,0.9063063063063063,0.955967576279089,0.8878537683642014
calce_CS2_36,1,0.9986176490783691,0.9063063063063063,0.9560268041811981,0.8968656636879995
calce_CS2_36,1,0.9986176490783691,0.9063063063063063,0.9560268041811981,0.8968656636879995
calce_CS2_36,1,0.9989317059516907,0.9063063063063063,0.9560675270688805,0.9044483488330823
calce_CS2_36,1,0.9986176490783691,0.9063063063063063,0.9560268041811981,0.8968656636879995
calce_CS2_36,1,0.9986176490783691,0.9063063063063063,0.9560268041811981,0.8968656636879995
calce_CS2_36,1,0.9986176490783691,0.9063063063063063,0.9560268041811981,0.8968656636879995
calce_CS2_36,1,0.9986176490783691,0.9063063063063063,0.9560268041811981,0.8968656636879995
calce_CS2_36,1,0.9986176490783691,0.9063063063063063,0.9560268041811981,0.8968656636879995
calce_CS2_36,1,0.9986176490783691,0.9063063063063063,0.9560268041811981,0.8968656636879995
calce_CS2_36,1,0.9989317059516907,0.9063063063063063,0.9560675270688805,0.9044483488330823
calce_CS2_36,1,0.9981613755226135,0.9063063063063063,0.955967576279089,0.8878537683642014
calce_CS2_36,1,0.9989317059516907,0.9063063063063063,0.9560675270688805,0.9044483488330823
calce_CS2_36,1,0.9989317059516907,0.9063063063063063,0.9560675270688805,0.9044483488330823
calce_CS2_36,1,0.9989317059516907,0.9063063063063063,0.9560675270688805,0.9044483488330823
calce_CS2_36,1,0.9978172779083252,0.9063063063063063,0.9559228593698844,0.8821054887007228
calce_CS2_36,1,0.9989317059516907,0.9063063063063063,0.9560675270688805,0.9044483488330823
calce_CS2_36,1,0.9989749193191528,0.9063063063063063,0.9560731276101981,0.905615664771962
calce_CS2_36,1,0.9997503161430359,1.0,0.9561735049380012,0.9385176538652458
calce_CS2_36,1,0.9986176490783691,0.9063063063063063,0.9560268041811981,0.8968656636879995
calce_CS2_36,1,0.9986176490783691,0.9063063063063063,0.9560268041811981,0.8968656636879995
calce_CS2_36,1,0.9986176490783691,0.9063063063063063,0.9560268041811981,0.8968656636879995
calce_CS2_36,1,0.9996330738067627,1.0,0.9561583416398751,0.9307986813905492
calce_CS2_36,1,0.9997629523277283,1.0,0.9561751389143818,0.939495202242894
calce_CS2_36,1,0.9998718500137329,1.0,0.9561892179907234,0.9500147328749742
calce_CS2_36,1,0.9998718500137329,1.0,0.9561892179907234,0.9500147328749742
calce_CS2_36,1,0.9998334646224976,1.0,0.9561842557437569,0.9457639808666205
calce_CS2_36,1,0.9998718500137329,1.0,0.9561892179907234,0.9500147328749742
calce_CS2_36,1,0.9998718500137329,1.0,0.9561892179907234,0.9500147328749742
calce_CS2_36,1,0.9997503161430359,1.0,0.9561735049380012,0.9385176538652458
calce_CS2_36,1,0.9994864463806152,0.9063063063063063,0.956139370836239,0.9233323942643427
calce_CS2_36,1,0.9994480013847351,0.9063063063063063,0.9561343954881896,0.9216353845901556
calce_CS2_36,1,0.9998718500137329,1.0,0.9561892179907234,0.9500147328749742
calce_CS2_36,1,0.9998718500137329,1.0,0.9561892179907234,0.9500147328749742
calce_CS2_36,1,0.9998718500137329,1.0,0.9561892179907234,0.9500147328749742
calce_CS2_36,1,0.9998334646224976,1.0,0.9561842557437569,0.9457639808666205
calce_CS2_36,1,0.9998718500137329,1.0,0.9561892179907234,0.9500147328749742
calce_CS2_36,1,0.9998334646224976,1.0,0.9561842557437569,0.9457639808666205
calce_CS2_36,1,0.9998718500137329,1.0,0.9561892179907234,0.9500147328749742
calce_CS2_36,1,0.9998643398284912,1.0,0.9561882471585134,0.9491184788040067
calce_CS2_36,1,0.9997265934944153,1.0,0.9561704372215664,0.9367736741351674
calce_CS2_36,1,0.9997137188911438,1.0,0.9561687722444647,0.9358719920280356
calce_CS2_36,1,0.9998718500137329,1.0,0.9561892179907234,0.9500147328749742
calce_CS2_36,1,0.9998718500137329,1.0,0.9561892179907234,0.9500147328749742
calce_CS2_36,1,0.9998718500137329,1.0,0.9561892179907234,0.9500147328749742
calce_CS2_36,1,0.9998718500137329,1.0,0.9561892179907234,0.9500147328749742
calce_CS2_36,1,0.9998718500137329,1.0,0.9561892179907234,0.9500147328749742
calce_CS2_36,1,0.9998334646224976,1.0,0.9561842557437569,0.9457639808666205
calce_CS2_36,1,0.9998718500137329,1.0,0.9561892179907234,0.9500147328749742
calce_CS2_36,1,0.9998334646224976,1.0,0.9561842557437569,0.9457639808666205
calce_CS2_36,1,0.9998718500137329,1.0,0.9561892179907234,0.9500147328749742
calce_CS2_36,1,0.9998334646224976,1.0,0.9561842557437569,0.9457639808666205
calce_CS2_36,1,0.9998334646224976,1.0,0.9561842557437569,0.9457639808666205
calce_CS2_36,1,0.9998718500137329,1.0,0.9561892179907234,0.9500147328749742
calce_CS2_36,1,0.9998718500137329,1.0,0.9561892179907234,0.9500147328749742
calce_CS2_36,1,0.9998718500137329,1.0,0.9561892179907234,0.9500147328749742
calce_CS2_36,1,0.9998334646224976,1.0,0.9561842557437569,0.9457639808666205
calce_CS2_36,1,0.9998718500137329,1.0,0.9561892179907234,0.9500147328749742
calce_CS2_36,1,0.9998334646224976,1.0,0.9561842557437569,0.9457639808666205
calce_CS2_36,1,0.9998718500137329,1.0,0.9561892179907234,0.9500147328749742
calce_CS2_36,1,0.9998334646224976,1.0,0.9561842557437569,0.9457639808666205
calce_CS2_36,1,0.9998718500137329,1.0,0.9561892179907234,0.9500147328749742
calce_CS2_36,1,0.9998334646224976,1.0,0.9561842557437569,0.9457639808666205
calce_CS2_36,1,0.9998718500137329,1.0,0.9561892179907234,0.9500147328749742
calce_CS2_36,1,0.9998718500137329,1.0,0.9561892179907234,0.9500147328749742
calce_CS2_36,1,0.9998244643211365,1.0,0.9561830921579267,0.944869849939081
calce_CS2_36,1,0.9998496770858765,1.0,0.956186351665036,0.9474648042076762
calce_CS2_36,1,0.9998718500137329,1.0,0.9561892179907234,0.9500147328749742
calce_CS2_36,1,0.9998718500137329,1.0,0.9561892179907234,0.9500147328749742
calce_CS2_36,1,0.9998334646224976,1.0,0.9561842557437569,0.9457639808666205
calce_CS2_36,1,0.9998718500137329,1.0,0.9561892179907234,0.9500147328749742
calce_CS2_36,1,0.9998718500137329,1.0,0.9561892179907234,0.9500147328749742
calce_CS2_36,1,0.9998718500137329,1.0,0.9561892179907234,0.9500147328749742
calce_CS2_36,1,0.9998718500137329,1.0,0.9561892179907234,0.9500147328749742
calce_CS2_36,1,0.9998718500137329,1.0,0.9561892179907234,0.9500147328749742
calce_CS2_36,1,0.9998334646224976,1.0,0.9561842557437569,0.9457639808666205
calce_CS2_36,1,0.9998334646224976,1.0,0.9561842557437569,0.9457639808666205
calce_CS2_36,1,0.9998718500137329,1.0,0.9561892179907234,0.9500147328749742
calce_CS2_36,1,0.9998334646224976,1.0,0.9561842557437569,0.9457639808666205
calce_CS2_36,1,0.9998334646224976,1.0,0.9561842557437569,0.9457639808666205
calce_CS2_36,1,0.9998718500137329,1.0,0.9561892179907234,0.9500147328749742
calce_CS2_36,1,0.9998718500137329,1.0,0.9561892179907234,0.9500147328749742
calce_CS2_36,1,0.9998334646224976,1.0,0.9561842557437569,0.9457639808666205
calce_CS2_36,1,0.9998718500137329,1.0,0.9561892179907234,0.9500147328749742
calce_CS2_36,1,0.9998718500137329,1.0,0.9561892179907234,0.9500147328749742
calce_CS2_36,1,0.9998334646224976,1.0,0.9561842557437569,0.9457639808666205
calce_CS2_36,1,0.9997979998588562,1.0,0.9561796705824227,0.9424159563481299
calce_CS2_36,1,0.9998718500137329,1.0,0.9561892179907234,0.9500147328749742
calce_CS2_36,1,0.9998718500137329,1.0,0.9561892179907234,0.9500147328749742
calce_CS2_36,1,0.9998718500137329,1.0,0.9561892179907234,0.9500147328749742
calce_CS2_36,1,0.9998334646224976,1.0,0.9561842557437569,0.9457639808666205
calce_CS2_36,1,0.9998334646224976,1.0,0.9561842557437569,0.9457639808666205
calce_CS2_36,1,0.9998718500137329,1.0,0.9561892179907234,0.9500147328749742
calce_CS2_36,1,0.9998718500137329,1.0,0.9561892179907234,0.9500147328749742
calce_CS2_36,1,0.9998334646224976,1.0,0.9561842557437569,0.9457639808666205
calce_CS2_36,1,0.9998718500137329,1.0,0.9561892179907234,0.9500147328749742
calce_CS2_36,1,0.9998718500137329,1.0,0.9561892179907234,0.9500147328749742
calce_CS2_36,1,0.9998718500137329,1.0,0.9561892179907234,0.9500147328749742
calce_CS2_36,1,0.9998718500137329,1.0,0.9561892179907234,0.9500147328749742
calce_CS2_36,1,0.9998718500137329,1.0,0.9561892179907234,0.9500147328749742
calce_CS2_36,1,0.9998334646224976,1.0,0.9561842557437569,0.9457639808666205
calce_CS2_36,1,0.9998718500137329,1.0,0.9561892179907234,0.9500147328749742
calce_CS2_36,1,0.9998718500137329,1.0,0.9561892179907234,0.9500147328749742
calce_CS2_36,1,0.9998334646224976,1.0,0.9561842557437569,0.9457639808666205
calce_CS2_36,1,0.9998334646224976,1.0,0.9561842557437569,0.9457639808666205
calce_CS2_36,1,0.9998718500137329,1.0,0.9561892179907234,0.9500147328749742
calce_CS2_36,1,0.9998718500137329,1.0,0.9561892179907234,0.9500147328749742
calce_CS2_36,1,0.9998718500137329,1.0,0.9561892179907234,0.9500147328749742
calce_CS2_36,1,0.9998718500137329,1.0,0.9561892179907234,0.9500147328749742
calce_CS2_36,1,0.9998334646224976,1.0,0.9561842557437569,0.9457639808666205
calce_CS2_36,1,0.9998718500137329,1.0,0.9561892179907234,0.9500147328749742
calce_CS2_36,1,0.9998718500137329,1.0,0.9561892179907234,0.9500147328749742
calce_CS2_36,1,0.9998718500137329,1.0,0.9561892179907234,0.9500147328749742
calce_CS2_36,1,0.9998334646224976,1.0,0.9561842557437569,0.9457639808666205
calce_CS2_36,1,0.9998718500137329,1.0,0.9561892179907234,0.9500147328749742
calce_CS2_36,1,0.9998334646224976,1.0,0.9561842557437569,0.9457639808666205
calce_CS2_36,1,0.9998718500137329,1.0,0.9561892179907234,0.9500147328749742
calce_CS2_36,1,0.9998334646224976,1.0,0.9561842557437569,0.9457639808666205
calce_CS2_36,1,0.9998334646224976,1.0,0.9561842557437569,0.9457639808666205
calce_CS2_36,1,0.9998718500137329,1.0,0.9561892179907234,0.9500147328749742
calce_CS2_36,1,0.9998718500137329,1.0,0.9561892179907234,0.9500147328749742
calce_CS2_36,1,0.9998334646224976,1.0,0.9561842557437569,0.9457639808666205
calce_CS2_36,1,0.9998718500137329,1.0,0.9561892179907234,0.9500147328749742
calce_CS2_36,1,0.9998718500137329,1.0,0.9561892179907234,0.9500147328749742
calce_CS2_36,1,0.9998718500137329,1.0,0.9561892179907234,0.9500147328749742
calce_CS2_36,1,0.9998718500137329,1.0,0.9561892179907234,0.9500147328749742
calce_CS2_36,1,0.9998718500137329,1.0,0.9561892179907234,0.9500147328749742
calce_CS2_36,1,0.9998718500137329,1.0,0.9561892179907234,0.9500147328749742
calce_CS2_36,1,0.9998334646224976,1.0,0.9561842557437569,0.9457639808666205
calce_CS2_36,1,0.9998718500137329,1.0,0.9561892179907234,0.9500147328749742
calce_CS2_36,1,0.9998718500137329,1.0,0.9561892179907234,0.9500147328749742
calce_CS2_36,1,0.9998718500137329,1.0,0.9561892179907234,0.9500147328749742
calce_CS2_36,1,0.9998718500137329,1.0,0.9561892179907234,0.9500147328749742
calce_CS2_36,1,0.9998334646224976,1.0,0.9561842557437569,0.9457639808666205
calce_CS2_36,1,0.9998718500137329,1.0,0.9561892179907234,0.9500147328749742
calce_CS2_36,1,0.9998334646224976,1.0,0.9561842557437569,0.9457639808666205
calce_CS2_36,1,0.9998718500137329,1.0,0.9561892179907234,0.9500147328749742
calce_CS2_36,1,0.9998718500137329,1.0,0.9561892179907234,0.9500147328749742
calce_CS2_36,1,0.9998672008514404,1.0,0.9561886170017758,0.9494556860024256
calce_CS2_36,1,0.9998672008514404,1.0,0.9561886170017758,0.9494556860024256
calce_CS2_36,1,0.9998718500137329,1.0,0.9561892179907234,0.9500147328749742
calce_CS2_36,1,0.9998718500137329,1.0,0.9561892179907234,0.9500147328749742
calce_CS2_36,1,0.9998672008514404,1.0,0.9561886170017758,0.9494556860024256
calce_CS2_36,1,0.9998626708984375,1.0,0.9561880314152345,0.9489240833033215
calce_CS2_36,1,0.9998718500137329,1.0,0.9561892179907234,0.9500147328749742
calce_CS2_36,1,0.9998626708984375,1.0,0.9561880314152345,0.9489240833033215
calce_CS2_36,1,0.9998626708984375,1.0,0.9561880314152345,0.9489240833033215
calce_CS2_36,1,0.9998626708984375,1.0,0.9561880314152345,0.9489240833033215
calce_CS2_36,1,0.9998718500137329,1.0,0.9561892179907234,0.9500147328749742
calce_CS2_36,1,0.9998718500137329,1.0,0.9561892179907234,0.9500147328749742
calce_CS2_36,1,0.9998334646224976,1.0,0.9561842557437569,0.9457639808666205
calce_CS2_36,1,0.9998718500137329,1.0,0.9561892179907234,0.9500147328749742
calce_CS2_36,1,0.9998718500137329,1.0,0.9561892179907234,0.9500147328749742
calce_CS2_36,1,0.9998718500137329,1.0,0.9561892179907234,0.9500147328749742
calce_CS2_36,1,0.9998718500137329,1.0,0.9561892179907234,0.9500147328749742
calce_CS2_36,1,0.9998718500137329,1.0,0.9561892179907234,0.9500147328749742
calce_CS2_36,1,0.9998718500137329,1.0,0.9561892179907234,0.9500147328749742
calce_CS2_36,1,0.9998718500137329,1.0,0.9561892179907234,0.9500147328749742
calce_CS2_36,1,0.9998718500137329,1.0,0.9561892179907234,0.9500147328749742
calce_CS2_36,1,0.9998718500137329,1.0,0.9561892179907234,0.9500147328749742
calce_CS2_36,1,0.9998718500137329,1.0,0.9561892179907234,0.9500147328749742
calce_CS2_36,1,0.9998718500137329,1.0,0.9561892179907234,0.9500147328749742
calce_CS2_36,1,0.9998718500137329,1.0,0.9561892179907234,0.9500147328749742
calce_CS2_36,1,0.9998718500137329,1.0,0.9561892179907234,0.9500147328749742
calce_CS2_36,1,0.9998718500137329,1.0,0.9561892179907234,0.9500147328749742
calce_CS2_36,1,0.9998718500137329,1.0,0.9561892179907234,0.9500147328749742
calce_CS2_36,1,0.9998718500137329,1.0,0.9561892179907234,0.9500147328749742
calce_CS2_36,1,0.9998718500137329,1.0,0.9561892179907234,0.9500147328749742
calce_CS2_36,1,0.9998718500137329,1.0,0.9561892179907234,0.9500147328749742
calce_CS2_36,1,0.9998334646224976,1.0,0.9561842557437569,0.9457639808666205
calce_CS2_36,1,0.9998718500137329,1.0,0.9561892179907234,0.9500147328749742
calce_CS2_36,1,0.9998718500137329,1.0,0.9561892179907234,0.9500147328749742
calce_CS2_36,1,0.9998718500137329,1.0,0.9561892179907234,0.9500147328749742
calce_CS2_36,1,0.9998718500137329,1.0,0.9561892179907234,0.9500147328749742
calce_CS2_36,1,0.9998672008514404,1.0,0.9561886170017758,0.9494556860024256
calce_CS2_36,1,0.9998718500137329,1.0,0.9561892179907234,0.9500147328749742
calce_CS2_36,1,0.9998626708984375,1.0,0.9561880314152345,0.9489240833033215
calce_CS2_36,1,0.9998672008514404,1.0,0.9561886170017758,0.9494556860024256
calce_CS2_36,1,0.9998718500137329,1.0,0.9561892179907234,0.9500147328749742
calce_CS2_36,1,0.9998672008514404,1.0,0.9561886170017758,0.9494556860024256
calce_CS2_36,1,0.9998718500137329,1.0,0.9561892179907234,0.9500147328749742
calce_CS2_36,1,0.9998718500137329,1.0,0.9561892179907234,0.9500147328749742
calce_CS2_36,1,0.9998718500137329,1.0,0.9561892179907234,0.9500147328749742
calce_CS2_36,1,0.9998718500137329,1.0,0.9561892179907234,0.9500147328749742
calce_CS2_36,1,0.9998718500137329,1.0,0.9561892179907234,0.9500147328749742
calce_CS2_36,1,0.9998718500137329,1.0,0.9561892179907234,0.9500147328749742
calce_CS2_36,1,0.9998672008514404,1.0,0.9561886170017758,0.9494556860024256
calce_CS2_36,1,0.9998718500137329,1.0,0.9561892179907234,0.9500147328749742
calce_CS2_36,1,0.9998718500137329,1.0,0.9561892179907234,0.9500147328749742
calce_CS2_36,1,0.9998718500137329,1.0,0.9561892179907234,0.9500147328749742
calce_CS2_36,1,0.9998718500137329,1.0,0.9561892179907234,0.9500147328749742
calce_CS2_36,1,0.9998334646224976,1.0,0.9561842557437569,0.9457639808666205
calce_CS2_36,1,0.9998718500137329,1.0,0.9561892179907234,0.9500147328749742
calce_CS2_36,1,0.9998672008514404,1.0,0.9561886170017758,0.9494556860024256
calce_CS2_36,1,0.9998718500137329,1.0,0.9561892179907234,0.9500147328749742
calce_CS2_36,1,0.9998718500137329,1.0,0.9561892179907234,0.9500147328749742
calce_CS2_36,1,0.9998718500137329,1.0,0.9561892179907234,0.9500147328749742
calce_CS2_36,1,0.9998718500137329,1.0,0.9561892179907234,0.9500147328749742
calce_CS2_36,1,0.9998718500137329,1.0,0.9561892179907234,0.9500147328749742
calce_CS2_36,1,0.9998718500137329,1.0,0.9561892179907234,0.9500147328749742
calce_CS2_36,1,0.9998718500137329,1.0,0.9561892179907234,0.9500147328749742
calce_CS2_36,1,0.9998334646224976,1.0,0.9561842557437569,0.9457639808666205
calce_CS2_36,1,0.9998718500137329,1.0,0.9561892179907234,0.9500147328749742
calce_CS2_36,1,0.9998718500137329,1.0,0.9561892179907234,0.9500147328749742
calce_CS2_36,1,0.9998718500137329,1.0,0.9561892179907234,0.9500147328749742
calce_CS2_36,1,0.9998718500137329,1.0,0.9561892179907234,0.9500147328749742
calce_CS2_36,1,0.9998718500137329,1.0,0.9561892179907234,0.9500147328749742
calce_CS2_36,1,0.9998718500137329,1.0,0.9561892179907234,0.9500147328749742
calce_CS2_36,1,0.9998718500137329,1.0,0.9561892179907234,0.9500147328749742
calce_CS2_36,1,0.9998718500137329,1.0,0.9561892179907234,0.9500147328749742
calce_CS2_36,1,0.9998672008514404,1.0,0.9561886170017758,0.9494556860024256
calce_CS2_36,1,0.9998718500137329,1.0,0.9561892179907234,0.9500147328749742
calce_CS2_36,1,0.9998718500137329,1.0,0.9561892179907234,0.9500147328749742
calce_CS2_36,1,0.9998718500137329,1.0,0.9561892179907234,0.9500147328749742
calce_CS2_36,1,0.9998718500137329,1.0,0.9561892179907234,0.9500147328749742
calce_CS2_36,1,0.9999198913574219,1.0,0.9561954277492435,0.9568570638354398
calce_CS2_36,1,0.9998718500137329,1.0,0.9561892179907234,0.9500147328749742
calce_CS2_36,1,0.9998718500137329,1.0,0.9561892179907234,0.9500147328749742
calce_CS2_36,1,0.9998718500137329,1.0,0.9561892179907234,0.9500147328749742
calce_CS2_36,1,0.9998334646224976,1.0,0.9561842557437569,0.9457639808666205
calce_CS2_36,1,0.9998718500137329,1.0,0.9561892179907234,0.9500147328749742
calce_CS2_36,1,0.9998718500137329,1.0,0.9561892179907234,0.9500147328749742
calce_CS2_36,1,0.9998718500137329,1.0,0.9561892179907234,0.9500147328749742
calce_CS2_36,1,0.9998718500137329,1.0,0.9561892179907234,0.9500147328749742
calce_CS2_36,1,0.9998718500137329,1.0,0.9561892179907234,0.9500147328749742
calce_CS2_36,1,0.9998718500137329,1.0,0.9561892179907234,0.9500147328749742
calce_CS2_36,1,0.9998334646224976,1.0,0.9561842557437569,0.9457639808666205
calce_CS2_36,1,0.9998718500137329,1.0,0.9561892179907234,0.9500147328749742
calce_CS2_36,1,0.9998718500137329,1.0,0.9561892179907234,0.9500147328749742
calce_CS2_36,1,0.9998718500137329,1.0,0.9561892179907234,0.9500147328749742
calce_CS2_36,1,0.9998718500137329,1.0,0.9561892179907234,0.9500147328749742
calce_CS2_36,1,0.9998334646224976,1.0,0.9561842557437569,0.9457639808666205
calce_CS2_36,1,0.9998718500137329,1.0,0.9561892179907234,0.9500147328749742
calce_CS2_36,1,0.9998334646224976,1.0,0.9561842557437569,0.9457639808666205
calce_CS2_36,1,0.9998334646224976,1.0,0.9561842557437569,0.9457639808666205
calce_CS2_36,1,0.9998334646224976,1.0,0.9561842557437569,0.9457639808666205
calce_CS2_36,1,0.9998334646224976,1.0,0.9561842557437569,0.9457639808666205
calce_CS2_36,1,0.9998718500137329,1.0,0.9561892179907234,0.9500147328749742
calce_CS2_36,1,0.9998334646224976,1.0,0.9561842557437569,0.9457639808666205
calce_CS2_36,1,0.9998718500137329,1.0,0.9561892179907234,0.9500147328749742
calce_CS2_36,1,0.9998718500137329,1.0,0.9561892179907234,0.9500147328749742
calce_CS2_36,1,0.9998292922973633,1.0,0.9561837163367731,0.9453453411712649
calce_CS2_36,1,0.9998718500137329,1.0,0.9561892179907234,0.9500147328749742
calce_CS2_36,1,0.9998718500137329,1.0,0.9561892179907234,0.9500147328749742
calce_CS2_36,1,0.9998718500137329,1.0,0.9561892179907234,0.9500147328749742
calce_CS2_36,1,0.9998718500137329,1.0,0.9561892179907234,0.9500147328749742
calce_CS2_36,1,0.9998718500137329,1.0,0.9561892179907234,0.9500147328749742
calce_CS2_36,1,0.9998718500137329,1.0,0.9561892179907234,0.9500147328749742
calce_CS2_36,1,0.9998334646224976,1.0,0.9561842557437569,0.9457639808666205
calce_CS2_36,1,0.9998718500137329,1.0,0.9561892179907234,0.9500147328749742
calce_CS2_36,1,0.9998718500137329,1.0,0.9561892179907234,0.9500147328749742
calce_CS2_36,1,0.9998334646224976,1.0,0.9561842557437569,0.9457639808666205
calce_CS2_36,1,0.9998718500137329,1.0,0.9561892179907234,0.9500147328749742
calce_CS2_36,1,0.9998718500137329,1.0,0.9561892179907234,0.9500147328749742
calce_CS2_36,1,0.9998334646224976,1.0,0.9561842557437569,0.9457639808666205
calce_CS2_36,1,0.9998334646224976,1.0,0.9561842557437569,0.9457639808666205
calce_CS2_36,1,0.9998718500137329,1.0,0.9561892179907234,0.9500147328749742
calce_CS2_36,1,0.9998672008514404,1.0,0.9561886170017758,0.9494556860024256
calce_CS2_36,1,0.9998334646224976,1.0,0.9561842557437569,0.9457639808666205
calce_CS2_36,1,0.9998718500137329,1.0,0.9561892179907234,0.9500147328749742
calce_CS2_36,1,0.9998718500137329,1.0,0.9561892179907234,0.9500147328749742
calce_CS2_36,1,0.9998718500137329,1.0,0.9561892179907234,0.9500147328749742
calce_CS2_36,1,0.9998718500137329,1.0,0.9561892179907234,0.9500147328749742
calce_CS2_36,1,0.9998718500137329,1.0,0.9561892179907234,0.9500147328749742
calce_CS2_36,1,0.9998718500137329,1.0,0.9561892179907234,0.9500147328749742
calce_CS2_36,1,0.9991806149482727,0.9063063063063063,0.9560997768502388,0.9117264356582907
calce_CS2_36,1,0.9986250400543213,0.9063063063063063,0.9560277629622875,0.8970287086894648
calce_CS2_36,1,0.9986400008201599,0.9063063063063063,0.9560297036597409,0.8973607315519564
calce_CS2_36,1,0.9986400008201599,0.9063063063063063,0.9560297036597409,0.8973607315519564
calce_CS2_36,1,0.9991806149482727,0.9063063063063063,0.9560997768502388,0.9117264356582907
calce_CS2_36,1,0.9992567896842957,0.9063063063063063,0.9561096418807108,0.9142748574357521
calce_CS2_36,1,0.9992567896842957,0.9063063063063063,0.9561096418807108,0.9142748574357521
calce_CS2_36,1,0.9991806149482727,0.9063063063063063,0.9560997768502388,0.9117264356582907
calce_CS2_36,1,0.9991806149482727,0.9063063063063063,0.9560997768502388,0.9117264356582907
calce_CS2_36,1,0.9992567896842957,0.9063063063063063,0.9561096418807108,0.9142748574357521
calce_CS2_36,1,0.9991806149482727,0.9063063063063063,0.9560997768502388,0.9117264356582907
calce_CS2_36,1,0.9991806149482727,0.9063063063063063,0.9560997768502388,0.9117264356582907
calce_CS2_36,1,0.9991806149482727,0.9063063063063063,0.9560997768502388,0.9117264356582907
calce_CS2_36,1,0.9991806149482727,0.9063063063063063,0.9560997768502388,0.9117264356582907
calce_CS2_36,1,0.9992567896842957,0.9063063063063063,0.9561096418807108,0.9142748574357521
calce_CS2_36,1,0.9991806149482727,0.9063063063063063,0.9560997768502388,0.9117264356582907
calce_CS2_36,1,0.9991806149482727,0.9063063063063063,0.9560997768502388,0.9117264356582907
calce_CS2_36,1,0.9991806149482727,0.9063063063063063,0.9560997768502388,0.9117264356582907
calce_CS2_36,1,0.9992389678955078,0.9063063063063063,0.9561073340545239,0.9136621797205701
calce_CS2_36,1,0.9993237257003784,0.9063063063063063,0.956118308702314,0.9166760494161921
calce_CS2_36,1,0.9992389678955078,0.9063063063063063,0.9561073340545239,0.9136621797205701
calce_CS2_36,1,0.9993237257003784,0.9063063063063063,0.956118308702314,0.9166760494161921
calce_CS2_36,1,0.9993237257003784,0.9063063063063063,0.956118308702314,0.9166760494161921
calce_CS2_36,1,0.9992389678955078,0.9063063063063063,0.9561073340545239,0.9136621797205701
calce_CS2_36,1,0.9993237257003784,0.9063063063063063,0.956118308702314,0.9166760494161921
calce_CS2_36,1,0.9992389678955078,0.9063063063063063,0.9561073340545239,0.9136621797205701
calce_CS2_36,1,0.9992389678955078,0.9063063063063063,0.9561073340545239,0.9136621797205701
calce_CS2_36,1,0.9991806149482727,0.9063063063063063,0.9560997768502388,0.9117264356582907
calce_CS2_36,1,0.9992567896842957,0.9063063063063063,0.9561096418807108,0.9142748574357521
calce_CS2_36,1,0.9992567896842957,0.9063063063063063,0.9561096418807108,0.9142748574357521
calce_CS2_36,1,0.9992567896842957,0.9063063063063063,0.9561096418807108,0.9142748574357521
calce_CS2_36,1,0.9991806149482727,0.9063063063063063,0.9560997768502388,0.9117264356582907
calce_CS2_36,1,0.9991806149482727,0.9063063063063063,0.9560997768502388,0.9117264356582907
calce_CS2_36,1,0.9992567896842957,0.9063063063063063,0.9561096418807108,0.9142748574357521
calce_CS2_36,1,0.9991806149482727,0.9063063063063063,0.9560997768502388,0.9117264356582907
calce_CS2_36,1,0.9991806149482727,0.9063063063063063,0.9560997768502388,0.9117264356582907
calce_CS2_36,1,0.9991806149482727,0.9063063063063063,0.9560997768502388,0.9117264356582907
calce_CS2_36,1,0.9991806149482727,0.9063063063063063,0.9560997768502388,0.9117264356582907
calce_CS2_36,1,0.9991806149482727,0.9063063063063063,0.9560997768502388,0.9117264356582907
calce_CS2_36,1,0.9991806149482727,0.9063063063063063,0.9560997768502388,0.9117264356582907
calce_CS2_36,1,0.9991806149482727,0.9063063063063063,0.9560997768502388,0.9117264356582907
calce_CS2_36,1,0.9991806149482727,0.9063063063063063,0.9560997768502388,0.9117264356582907
calce_CS2_36,1,0.9991806149482727,0.9063063063063063,0.9560997768502388,0.9117264356582907
calce_CS2_36,1,0.9991806149482727,0.9063063063063063,0.9560997768502388,0.9117264356582907
calce_CS2_36,1,0.9992567896842957,0.9063063063063063,0.9561096418807108,0.9142748574357521
calce_CS2_36,1,0.9991806149482727,0.9063063063063063,0.9560997768502388,0.9117264356582907
calce_CS2_36,1,0.9991806149482727,0.9063063063063063,0.9560997768502388,0.9117264356582907
calce_CS2_36,1,0.9991806149482727,0.9063063063063063,0.9560997768502388,0.9117264356582907
calce_CS2_36,1,0.9991806149482727,0.9063063063063063,0.9560997768502388,0.9117264356582907
calce_CS2_36,1,0.9992567896842957,0.9063063063063063,0.9561096418807108,0.9142748574357521
calce_CS2_36,1,0.9992567896842957,0.9063063063063063,0.9561096418807108,0.9142748574357521
calce_CS2_36,1,0.9991806149482727,0.9063063063063063,0.9560997768502388,0.9117264356582907
calce_CS2_36,1,0.9991806149482727,0.9063063063063063,0.9560997768502388,0.9117264356582907
calce_CS2_36,1,0.9985964894294739,0.9063063063063063,0.9560240591734422,0.8964024094953034
calce_CS2_36,1,0.9991543292999268,0.9063063063063063,0.9560963722290814,0.9108871607120947
calce_CS2_36,1,0.9991543292999268,0.9063063063063063,0.9560963722290814,0.9108871607120947
calce_CS2_36,1,0.9992567896842957,0.9063063063063063,0.9561096418807108,0.9142748574357521
calce_CS2_36,1,0.9991806149482727,0.9063063063063063,0.9560997768502388,0.9117264356582907
calce_CS2_36,1,0.9992330074310303,0.9063063063063063,0.956106562180465,0.9134595999527828
calce_CS2_36,1,0.9984097480773926,0.9063063063063063,0.9559998264248899,0.8925224512382242
calce_CS2_36,1,0.9982469081878662,0.9063063063063063,0.9559786848855873,0.8894055878725278
calce_CS2_36,1,0.9982469081878662,0.9063063063063063,0.9559786848855873,0.8894055878725278
calce_CS2_36,1,0.9980704188346863,0.9063063063063063,0.9559557602905565,0.8862613010492236
calce_CS2_36,1,0.9991543292999268,0.9063063063063063,0.9560963722290814,0.9108871607120947
calce_CS2_36,1,0.9991806149482727,0.9063063063063063,0.9560997768502388,0.9117264356582907
calce_CS2_36,1,0.990572988986969,0.9036144578313253,0.9549713199229677,0.8219214091419009
calce_CS2_36,1,0.9978729486465454,0.9063063063063063,0.9559300969488477,0.8829873496601568
calce_CS2_36,1,0.9980704188346863,0.9063063063063063,0.9559557602905565,0.8862613010492236
calce_CS2_36,1,0.9978729486465454,0.9063063063063063,0.9559300969488477,0.8829873496601568
calce_CS2_36,1,0.9964337348937988,0.9063063063063063,0.9557426246234387,0.8642154715324817
calce_CS2_36,1,0.9978729486465454,0.9063063063063063,0.9559300969488477,0.8829873496601568
calce_CS2_36,1,0.9982469081878662,0.9063063063063063,0.9559786848855873,0.8894055878725278
calce_CS2_36,1,0.990572988986969,0.9036144578313253,0.9549713199229677,0.8219214091419009
calce_CS2_36,1,0.9957215785980225,0.9036144578313253,0.9556495779150549,0.8570125657636264
calce_CS2_36,1,0.9956509470939636,0.9036144578313253,0.9556403394014417,0.8563491449075255
calce_CS2_36,1,0.9949213862419128,0.9036144578313253,0.9555448063107914,0.8499356046671291
calce_CS2_36,1,0.9974474906921387,0.9063063063063063,0.9558747557019096,0.8766385656849068
calce_CS2_36,1,0.9957903027534485,0.9036144578313253,0.9556585651886939,0.8576661106759742
calce_CS2_36,1,0.9978729486465454,0.9063063063063063,0.9559300969488477,0.8829873496601568
calce_CS2_36,1,0.9978729486465454,0.9063063063063063,0.9559300969488477,0.8829873496601568
calce_CS2_36,1,0.9978729486465454,0.9063063063063063,0.9559300969488477,0.8829873496601568
calce_CS2_36,1,0.9982469081878662,0.9063063063063063,0.9559786848855873,0.8894055878725278
calce_CS2_36,1,0.9984097480773926,0.9063063063063063,0.9559998264248899,0.8925224512382242
calce_CS2_36,1,0.9992330074310303,0.9063063063063063,0.956106562180465,0.9134595999527828
calce_CS2_36,1,0.9991543292999268,0.9063063063063063,0.9560963722290814,0.9108871607120947
calce_CS2_36,1,0.9991543292999268,0.9063063063063063,0.9560963722290814,0.9108871607120947
calce_CS2_36,1,0.9991543292999268,0.9063063063063063,0.9560963722290814,0.9108871607120947
calce_CS2_36,1,0.9991543292999268,0.9063063063063063,0.9560963722290814,0.9108871607120947
calce_CS2_36,1,0.9992330074310303,0.9063063063063063,0.956106562180465,0.9134595999527828
calce_CS2_36,1,0.9991543292999268,0.9063063063063063,0.9560963722290814,0.9108871607120947
calce_CS2_36,1,0.9992330074310303,0.9063063063063063,0.956106562180465,0.9134595999527828
calce_CS2_36,1,0.9991543292999268,0.9063063063063063,0.9560963722290814,0.9108871607120947
calce_CS2_36,1,0.9991543292999268,0.9063063063063063,0.9560963722290814,0.9108871607120947
calce_CS2_36,1,0.9991543292999268,0.9063063063063063,0.9560963722290814,0.9108871607120947
calce_CS2_36,1,0.9980704188346863,0.9063063063063063,0.9559557602905565,0.8862613010492236
calce_CS2_36,1,0.9941653609275818,0.9036144578313253,0.955445600848697,0.8439936964291446
calce_CS2_36,1,0.9974474906921387,0.9063063063063063,0.9558747557019096,0.8766385656849068
calce_CS2_36,1,0.9974474906921387,0.9063063063063063,0.9558747557019096,0.8766385656849068
calce_CS2_36,1,0.9953721165657043,0.9036144578313253,0.9556038507876583,0.853807592084738
calce_CS2_36,1,0.9980704188346863,0.9063063063063063,0.9559557602905565,0.8862613010492236
calce_CS2_36,1,0.9980704188346863,0.9063063063063063,0.9559557602905565,0.8862613010492236
calce_CS2_36,1,0.9978729486465454,0.9063063063063063,0.9559300969488477,0.8829873496601568
calce_CS2_36,1,0.9950029253959656,0.9036144578313253,0.9555554932681091,0.850616076296712
calce_CS2_36,1,0.9964337348937988,0.9063063063063063,0.9557426246234387,0.8642154715324817
calce_CS2_36,1,0.9980704188346863,0.9063063063063063,0.9559557602905565,0.8862613010492236
calce_CS2_36,1,0.9984097480773926,0.9063063063063063,0.9559998264248899,0.8925224512382242
calce_CS2_36,1,0.9982469081878662,0.9063063063063063,0.9559786848855873,0.8894055878725278
calce_CS2_36,1,0.9958876967430115,0.9036144578313253,0.9556712987320493,0.8586063231863916
calce_CS2_36,1,0.9953721165657043,0.9036144578313253,0.9556038507876583,0.853807592084738
calce_CS2_36,1,0.9974474906921387,0.9063063063063063,0.9558747557019096,0.8766385656849068
calce_CS2_36,1,0.9953721165657043,0.9036144578313253,0.9556038507876583,0.853807592084738
calce_CS2_36,1,0.9950841069221497,0.9036144578313253,0.9555661309192384,0.8513020371010603
calce_CS2_36,1,0.9978729486465454,0.9063063063063063,0.9559300969488477,0.8829873496601568
calce_CS2_36,1,0.9978729486465454,0.9063063063063063,0.9559300969488477,0.8829873496601568
calce_CS2_36,1,0.9976843595504761,0.9063063063063063,0.955905574483445,0.88006590273015
calce_CS2_36,1,0.9957903027534485,0.9036144578313253,0.9556585651886939,0.8576661106759742
calce_CS2_36,1,0.9957903027534485,0.9036144578313253,0.9556585651886939,0.8576661106759742
calce_CS2_36,1,0.9957903027534485,0.9036144578313253,0.9556585651886939,0.8576661106759742
calce_CS2_36,1,0.9945017099380493,0.9036144578313253,0.9554897625214859,0.8465596778585398
calce_CS2_36,1,0.9976843595504761,0.9063063063063063,0.955905574483445,0.88006590273015
calce_CS2_36,1,0.9980704188346863,0.9063063063063063,0.9559557602905565,0.8862613010492236
calce_CS2_36,1,0.9953721165657043,0.9036144578313253,0.9556038507876583,0.853807592084738
calce_CS2_36,1,0.9936717748641968,0.9036144578313253,0.9553807187605338,0.840426210777006
calce_CS2_36,1,0.9941653609275818,0.9036144578313253,0.955445600848697,0.8439936964291446
calce_CS2_36,1,0.9940400123596191,0.9036144578313253,0.9554291322544041,0.8430664072412609
calce_CS2_36,1,0.9941653609275818,0.9036144578313253,0.955445600848697,0.8439936964291446
calce_CS2_36,1,0.9976843595504761,0.9063063063063063,0.955905574483445,0.88006590273015
calce_CS2_36,1,0.9976843595504761,0.9063063063063063,0.955905574483445,0.88006590273015
calce_CS2_36,1,0.990572988986969,0.9036144578313253,0.9549713199229677,0.8219214091419009
calce_CS2_36,1,0.9976843595504761,0.9063063063063063,0.955905574483445,0.88006590273015
calce_CS2_36,1,0.9974474906921387,0.9063063063063063,0.9558747557019096,0.8766385656849068
calce_CS2_36,1,0.9974474906921387,0.9063063063063063,0.9558747557019096,0.8766385656849068
calce_CS2_36,1,0.9974474906921387,0.9063063063063063,0.9558747557019096,0.8766385656849068
calce_CS2_36,1,0.9978729486465454,0.9063063063063063,0.9559300969488477,0.8829873496601568
calce_CS2_36,1,0.9980704188346863,0.9063063063063063,0.9559557602905565,0.8862613010492236
calce_CS2_36,1,0.9978729486465454,0.9063063063063063,0.9559300969488477,0.8829873496601568
calce_CS2_36,1,0.9980704188346863,0.9063063063063063,0.9559557602905565,0.8862613010492236
calce_CS2_36,1,0.9978729486465454,0.9063063063063063,0.9559300969488477,0.8829873496601568
calce_CS2_36,1,0.9978729486465454,0.9063063063063063,0.9559300969488477,0.8829873496601568
calce_CS2_36,1,0.9978729486465454,0.9063063063063063,0.9559300969488477,0.8829873496601568
calce_CS2_36,1,0.9978729486465454,0.9063063063063063,0.9559300969488477,0.8829873496601568
calce_CS2_36,1,0.9978729486465454,0.9063063063063063,0.9559300969488477,0.8829873496601568
calce_CS2_36,1,0.9978729486465454,0.9063063063063063,0.9559300969488477,0.8829873496601568
calce_CS2_36,1,0.9974474906921387,0.9063063063063063,0.9558747557019096,0.8766385656849068
calce_CS2_36,1,0.9950841069221497,0.9036144578313253,0.9555661309192384,0.8513020371010603
calce_CS2_36,1,0.9957903027534485,0.9036144578313253,0.9556585651886939,0.8576661106759742
calce_CS2_36,1,0.9941653609275818,0.9036144578313253,0.955445600848697,0.8439936964291446
calce_CS2_36,1,0.9957903027534485,0.9036144578313253,0.9556585651886939,0.8576661106759742
calce_CS2_36,1,0.9974474906921387,0.9063063063063063,0.9558747557019096,0.8766385656849068
calce_CS2_36,1,0.9976843595504761,0.9063063063063063,0.955905574483445,0.88006590273015
calce_CS2_36,1,0.9950841069221497,0.9036144578313253,0.9555661309192384,0.8513020371010603
calce_CS2_36,1,0.9941653609275818,0.9036144578313253,0.955445600848697,0.8439936964291446
calce_CS2_36,1,0.9950841069221497,0.9036144578313253,0.9555661309192384,0.8513020371010603
calce_CS2_36,1,0.9950841069221497,0.9036144578313253,0.9555661309192384,0.8513020371010603
calce_CS2_36,1,0.9976843595504761,0.9063063063063063,0.955905574483445,0.88006590273015
calce_CS2_36,1,0.9976843595504761,0.9063063063063063,0.955905574483445,0.88006590273015
calce_CS2_36,1,0.9976843595504761,0.9063063063063063,0.955905574483445,0.88006590273015
calce_CS2_36,1,0.9958876967430115,0.9036144578313253,0.9556712987320493,0.8586063231863916
calce_CS2_36,1,0.9950029253959656,0.9036144578313253,0.9555554932681091,0.850616076296712
calce_CS2_36,1,0.9974474906921387,0.9063063063063063,0.9558747557019096,0.8766385656849068
calce_CS2_36,1,0.9966681599617004,0.9063063063063063,0.9557732126583814,0.8668247992405758
calce_CS2_36,1,0.9953721165657043,0.9036144578313253,0.9556038507876583,0.853807592084738
calce_CS2_36,1,0.9974474906921387,0.9063063063063063,0.9558747557019096,0.8766385656849068
calce_CS2_36,1,0.9976843595504761,0.9063063063063063,0.955905574483445,0.88006590273015
calce_CS2_36,1,0.9958876967430115,0.9036144578313253,0.9556712987320493,0.8586063231863916
calce_CS2_36,1,0.9953721165657043,0.9036144578313253,0.9556038507876583,0.853807592084738
calce_CS2_36,1,0.9958876967430115,0.9036144578313253,0.9556712987320493,0.8586063231863916
calce_CS2_36,1,0.9953721165657043,0.9036144578313253,0.9556038507876583,0.853807592084738
calce_CS2_36,1,0.9953721165657043,0.9036144578313253,0.9556038507876583,0.853807592084738
calce_CS2_36,1,0.9976843595504761,0.9063063063063063,0.955905574483445,0.88006590273015
calce_CS2_36,1,0.9974474906921387,0.9063063063063063,0.9558747557019096,0.8766385656849068
calce_CS2_36,1,0.9974474906921387,0.9063063063063063,0.9558747557019096,0.8766385656849068
calce_CS2_36,1,0.9976843595504761,0.9063063063063063,0.955905574483445,0.88006590273015
calce_CS2_36,1,0.9976843595504761,0.9063063063063063,0.955905574483445,0.88006590273015
calce_CS2_36,1,0.9974474906921387,0.9063063063063063,0.9558747557019096,0.8766385656849068
calce_CS2_36,1,0.9974474906921387,0.9063063063063063,0.9558747557019096,0.8766385656849068
calce_CS2_36,1,0.9974474906921387,0.9063063063063063,0.9558747557019096,0.8766385656849068
calce_CS2_36,1,0.9976843595504761,0.9063063063063063,0.955905574483445,0.88006590273015
calce_CS2_36,1,0.9974474906921387,0.9063063063063063,0.9558747557019096,0.8766385656849068
calce_CS2_36,1,0.9974474906921387,0.9063063063063063,0.9558747557019096,0.8766385656849068
calce_CS2_36,1,0.9976843595504761,0.9063063063063063,0.955905574483445,0.88006590273015
calce_CS2_36,1,0.9974474906921387,0.9063063063063063,0.9558747557019096,0.8766385656849068
calce_CS2_36,1,0.9976843595504761,0.9063063063063063,0.955905574483445,0.88006590273015
calce_CS2_36,1,0.9974474906921387,0.9063063063063063,0.9558747557019096,0.8766385656849068
calce_CS2_36,1,0.9908053874969482,0.9036144578313253,0.9550021472081001,0.8231299154797085
calce_CS2_36,1,0.9976843595504761,0.9063063063063063,0.955905574483445,0.88006590273015
calce_CS2_36,1,0.9974474906921387,0.9063063063063063,0.9558747557019096,0.8766385656849068
calce_CS2_36,1,0.9976843595504761,0.9063063063063063,0.955905574483445,0.88006590273015
calce_CS2_36,1,0.9974474906921387,0.9063063063063063,0.9558747557019096,0.8766385656849068
calce_CS2_36,1,0.9974474906921387,0.9063063063063063,0.9558747557019096,0.8766385656849068
calce_CS2_36,1,0.9974474906921387,0.9063063063063063,0.9558747557019096,0.8766385656849068
calce_CS2_36,1,0.9976843595504761,0.9063063063063063,0.955905574483445,0.88006590273015
calce_CS2_36,1,0.9974474906921387,0.9063063063063063,0.9558747557019096,0.8766385656849068
calce_CS2_36,1,0.9974474906921387,0.9063063063063063,0.9558747557019096,0.8766385656849068
calce_CS2_36,1,0.9974474906921387,0.9063063063063063,0.9558747557019096,0.8766385656849068
calce_CS2_36,1,0.9974474906921387,0.9063063063063063,0.9558747557019096,0.8766385656849068
calce_CS2_36,1,0.9951704144477844,0.9036144578313253,0.9555774375951019,0.8520408574342672
calce_CS2_36,1,0.9954533576965332,0.9036144578313253,0.9556144852035137,0.8545357930845291
calce_CS2_36,1,0.9974474906921387,0.9063063063063063,0.9558747557019096,0.8766385656849068
calce_CS2_36,1,0.9974474906921387,0.9063063063063063,0.9558747557019096,0.8766385656849068
calce_CS2_36,1,0.9976843595504761,0.9063063063063063,0.955905574483445,0.88006590273015
calce_CS2_36,1,0.9959599375724792,0.9036144578313253,0.9556807414332914,0.8593146961997821
calce_CS2_36,1,0.9950906038284302,0.9036144578313253,0.9555669821388157,0.851357306758365
calce_CS2_36,1,0.9991806149482727,0.9063063063063063,0.9560997768502388,0.9117264356582907
calce_CS2_36,1,0.9991806149482727,0.9063063063063063,0.9560997768502388,0.9117264356582907
calce_CS2_36,1,0.9991806149482727,0.9063063063063063,0.9560997768502388,0.9117264356582907
calce_CS2_36,1,0.9991806149482727,0.9063063063063063,0.9560997768502388,0.9117264356582907
calce_CS2_36,1,0.9991806149482727,0.9063063063063063,0.9560997768502388,0.9117264356582907
calce_CS2_36,1,0.9859829545021057,0.6470588235294118,0.9543583206207225,0.8017947664827058
calce_CS2_36,1,0.9992567896842957,0.9063063063063063,0.9561096418807108,0.9142748574357521
calce_CS2_36,1,0.9991806149482727,0.9063063063063063,0.9560997768502388,0.9117264356582907
calce_CS2_36,1,0.9991806149482727,0.9063063063063063,0.9560997768502388,0.9117264356582907
calce_CS2_36,1,0.9991806149482727,0.9063063063063063,0.9560997768502388,0.9117264356582907
calce_CS2_36,1,0.9991806149482727,0.9063063063063063,0.9560997768502388,0.9117264356582907
calce_CS2_36,1,0.9986400008201599,0.9063063063063063,0.9560297036597409,0.8973607315519564
calce_CS2_36,1,0.9991806149482727,0.9063063063063063,0.9560997768502388,0.9117264356582907
calce_CS2_36,1,0.9992567896842957,0.9063063063063063,0.9561096418807108,0.9142748574357521
calce_CS2_36,1,0.9991806149482727,0.9063063063063063,0.9560997768502388,0.9117264356582907
calce_CS2_36,1,0.9986250400543213,0.9063063063063063,0.9560277629622875,0.8970287086894648
calce_CS2_36,1,0.9991806149482727,0.9063063063063063,0.9560997768502388,0.9117264356582907
calce_CS2_36,1,0.9992567896842957,0.9063063063063063,0.9561096418807108,0.9142748574357521
calce_CS2_36,1,0.9992567896842957,0.9063063063063063,0.9561096418807108,0.9142748574357521
calce_CS2_36,1,0.9991806149482727,0.9063063063063063,0.9560997768502388,0.9117264356582907
calce_CS2_36,1,0.9991806149482727,0.9063063063063063,0.9560997768502388,0.9117264356582907
calce_CS2_36,1,0.9992567896842957,0.9063063063063063,0.9561096418807108,0.9142748574357521
calce_CS2_36,1,0.9986400008201599,0.9063063063063063,0.9560297036597409,0.8973607315519564
calce_CS2_36,1,0.9991806149482727,0.9063063063063063,0.9560997768502388,0.9117264356582907
calce_CS2_36,1,0.9992567896842957,0.9063063063063063,0.9561096418807108,0.9142748574357521
calce_CS2_36,1,0.9992567896842957,0.9063063063063063,0.9561096418807108,0.9142748574357521
calce_CS2_36,1,0.9992567896842957,0.9063063063063063,0.9561096418807108,0.9142748574357521
calce_CS2_36,1,0.9991806149482727,0.9063063063063063,0.9560997768502388,0.9117264356582907
calce_CS2_36,1,0.990572988986969,0.9036144578313253,0.9549713199229677,0.8219214091419009
calce_CS2_36,1,0.9925010800361633,0.9036144578313253,0.9552264701049227,0.8327499343865519
calce_CS2_36,1,0.9991806149482727,0.9063063063063063,0.9560997768502388,0.9117264356582907
calce_CS2_36,1,0.9991806149482727,0.9063063063063063,0.9560997768502388,0.9117264356582907
calce_CS2_36,1,0.9991806149482727,0.9063063063063063,0.9560997768502388,0.9117264356582907
calce_CS2_36,1,0.9992567896842957,0.9063063063063063,0.9561096418807108,0.9142748574357521
calce_CS2_36,1,0.9893333315849304,0.9036144578313253,0.9548065411412583,0.8158402003413603
calce_CS2_36,1,0.9987919926643372,0.9063063063063063,0.9560494152773344,0.9008966597600034
calce_CS2_36,1,0.9991806149482727,0.9063063063063063,0.9560997768502388,0.9117264356582907
calce_CS2_36,1,0.9992567896842957,0.9063063063063063,0.9561096418807108,0.9142748574357521
calce_CS2_36,1,0.9991806149482727,0.9063063063063063,0.9560997768502388,0.9117264356582907
calce_CS2_36,1,0.9991543292999268,0.9063063063063063,0.9560963722290814,0.9108871607120947
calce_CS2_36,1,0.9968660473823547,0.9063063063063063,0.9557990175273547,0.8691376038604733
calce_CS2_36,1,0.996374785900116,0.9063063063063063,0.955734929721343,0.8635798126362406
calce_CS2_36,1,0.996374785900116,0.9063063063063063,0.955734929721343,0.8635798126362406
calce_CS2_36,1,0.9993245601654053,0.9063063063063063,0.95611841673787,0.9167070517100363
calce_CS2_35,0,0.6980347037315369,0.5388235294117647,0.9005082419733604,0.590847270861653
calce_CS2_35,0,0.569075882434845,0.5388235294117647,0.8503850891166226,0.5304490659417959
calce_CS2_35,0,0.7095407247543335,0.5388235294117647,0.9041660602868004,0.5966858402258112
calce_CS2_35,0,0.7318443655967712,0.5388235294117647,0.910915405460953,0.6083267328460743
calce_CS2_35,0,0.7095407247543335,0.5388235294117647,0.9041660602868004,0.5966858402258112
calce_CS2_35,0,0.7095407247543335,0.5388235294117647,0.9041660602868004,0.5966858402258112
calce_CS2_35,0,0.6092415452003479,0.5388235294117647,0.8679020258985792,0.5485372119538098
calce_CS2_35,0,0.7318443655967712,0.5388235294117647,0.910915405460953,0.6083267328460743
calce_CS2_35,0,0.7095407247543335,0.5388235294117647,0.9041660602868004,0.5966858402258112
calce_CS2_35,0,0.6969252824783325,0.5388235294117647,0.9001490620318578,0.5902897493273305
calce_CS2_35,0,0.6969252824783325,0.5388235294117647,0.9001490620318578,0.5902897493273305
calce_CS2_35,0,0.765712320804596,0.5388235294117647,0.9203456774626406,0.6269915454929926
calce_CS2_35,0,0.6759514808654785,0.5388235294117647,0.8931389010568658,0.5799137792093411
calce_CS2_35,0,0.7850096225738525,0.5388235294117647,0.9253025066867915,0.6382879867275606
calce_CS2_35,0,0.765712320804596,0.5388235294117647,0.9203456774626406,0.6269915454929926
calce_CS2_35,0,0.7850096225738525,0.5388235294117647,0.9253025066867915,0.6382879867275606
calce_CS2_35,0,0.9651946425437927,0.5388235294117647,0.9595636273049617,0.8110797054743346
calce_CS2_35,0,0.9246960878372192,0.5388235294117647,0.9534978011160444,0.7502232947100561
calce_CS2_35,0,0.9292453527450562,0.5388235294117647,0.9542201529332035,0.7557064081368468
calce_CS2_35,0,0.9767608642578125,0.5388235294117647,0.9611520666398365,0.8374535328794245
calce_CS2_35,0,0.9740303158760071,0.5388235294117647,0.9607825547112313,0.8305396960086608
calce_CS2_35,0,0.9820127487182617,0.7441860465116279,0.9618534066415695,0.852468383937892
calce_CS2_35,0,0.9619037508964539,0.5388235294117647,0.9591004202168748,0.8046987290939313
calce_CS2_35,0,0.9627364873886108,0.5388235294117647,0.9592181093058305,0.8062766989944005
calce_CS2_35,0,0.8991584777832031,0.5388235294117647,0.949237564281945,0.7230143745872726
calce_CS2_35,0,0.9803343415260315,0.6875,0.9616306033736541,0.8473830872230772
calce_CS2_35,0,0.9666315317153931,0.5388235294117647,0.9597642959205129,0.8139951822104682
calce_CS2_35,0,0.9851924180984497,0.7441860465116279,0.9622720956611702,0.8630451611676155
calce_CS2_35,0,0.9808369278907776,0.6875,0.9616974508583528,0.8488743678339762
calce_CS2_35,0,0.9782780408859253,0.6875,0.9613559326545084,0.8415344089031408
calce_CS2_35,0,0.9547525644302368,0.5388235294117647,0.9580762877429898,0.7920310582093044
calce_CS2_35,0,0.9847493767738342,0.7441860465116279,0.9622140231839043,0.8614863373865702
calce_CS2_35,0,0.9711964130401611,0.5388235294117647,0.9603954922692662,0.8238656927895318
calce_CS2_35,0,0.9572494029998779,0.5388235294117647,0.9584366203678982,0.796287300747594
calce_CS2_35,0,0.9761204123497009,0.5388235294117647,0.9610656984176997,0.8357846403890955
calce_CS2_35,0,0.9761204123497009,0.5388235294117647,0.9610656984176997,0.8357846403890955
calce_CS2_35,0,0.9558371901512146,0.5388235294117647,0.9582331816224972,0.7938597082829855
calce_CS2_35,0,0.9746282696723938,0.5388235294117647,0.9608637601254348,0.8320101935843657
calce_CS2_35,0,0.9805831909179688,0.6875,0.9616637160632134,0.8481182491713702
calce_CS2_35,0,0.9586665034294128,0.5388235294117647,0.9586398101364818,0.7987790657502083
calce_CS2_35,0,0.9796178936958313,0.6875,0.9615351171512725,0.8453007021707205
calce_CS2_35,0,0.9724975228309631,0.5388235294117647,0.9605736542052313,0.8268719498697186
calce_CS2_35,0,0.9724975228309631,0.5388235294117647,0.9605736542052313,0.8268719498697186
calce_CS2_35,0,0.9747822880744934,0.5388235294117647,0.9608846505335435,0.8323927419615677
calce_CS2_35,0,0.9547803997993469,0.5388235294117647,0.9580803212372548,0.7920776107612711
calce_CS2_35,0,0.9559746980667114,0.5388235294117647,0.9582530323389529,0.7940937299310457
calce_CS2_35,0,0.9607073068618774,0.5388235294117647,0.9589307597087263,0.8024722617265875
calce_CS2_35,0,0.9795915484428406,0.6875,0.9615316015824525,0.8452250698583451
calce_CS2_35,0,0.9746214747428894,0.5388235294117647,0.9608628382433239,0.831993352604428
calce_CS2_35,0,0.9668512940406799,0.5388235294117647,0.9597949025667701,0.8144485774802119
calce_CS2_35,0,0.9749420285224915,0.5388235294117647,0.9609063057551082,0.8327911725388969
calce_CS2_35,0,0.9842224717140198,0.7441860465116279,0.9621448463067713,0.8596710236159216
calce_CS2_35,0,0.9677802324295044,0.5388235294117647,0.9599240310219281,0.8163880050963528
calce_CS2_35,0,0.9677802324295044,0.5388235294117647,0.9599240310219281,0.8163880050963528
calce_CS2_35,0,0.9849729537963867,0.7441860465116279,0.9622433396896738,0.8622691808774717
calce_CS2_35,0,0.9839473962783813,0.7441860465116279,0.9621086835865293,0.8587392661358645
calce_CS2_35,0,0.9849729537963867,0.7441860465116279,0.9622433396896738,0.8622691808774717
calce_CS2_35,0,0.9682950377464294,0.5388235294117647,0.9599954210546697,0.8174792304544677
calce_CS2_35,0,0.9841498732566833,0.7441860465116279,0.9621353053912867,0.8594240718129926
calce_CS2_35,0,0.968288004398346,0.5388235294117647,0.9599944465348854,0.8174642411105685
calce_CS2_35,0,0.968288004398346,0.5388235294117647,0.9599944465348854,0.8174642411105685
calce_CS2_35,0,0.9825666546821594,0.7441860465116279,0.9619266628615378,0.8542159299496181
calce_CS2_35,0,0.9862931966781616,0.7441860465116279,0.9624160113070803,0.8670565825121722
calce_CS2_35,0,0.9862931966781616,0.7441860465116279,0.9624160113070803,0.8670565825121722
calce_CS2_35,0,0.9690123200416565,0.5388235294117647,0.9600946861760162,0.8190199075325204
calce_CS2_35,0,0.9865163564682007,0.7441860465116279,0.9624451228072233,0.8678955281386382
calce_CS2_35,0,0.9680250883102417,0.5388235294117647,0.9599580013393764,0.8169055328123331
calce_CS2_35,0,0.9680250883102417,0.5388235294117647,0.9599580013393764,0.8169055328123331
calce_CS2_35,0,0.9762483239173889,0.5388235294117647,0.961082962659006,0.8361155217497918
calce_CS2_35,0,0.9646132588386536,0.5388235294117647,0.9594821621069727,0.8099233596451256
calce_CS2_35,0,0.9804327487945557,0.6875,0.9616437010381081,0.8476730582348841
calce_CS2_35,0,0.9719430208206177,0.5388235294117647,0.9604978200009193,0.8255792239383294
calce_CS2_35,0,0.9830681681632996,0.7441860465116279,0.9619928734099593,0.8558303752409712
calce_CS2_35,0,0.9541851282119751,0.5388235294117647,0.9579939822537868,0.7910863068783418
calce_CS2_35,0,0.9761166572570801,0.5388235294117647,0.9610651914813347,0.8357749447873394
calce_CS2_35,0,0.9675929546356201,0.5388235294117647,0.9598980302190734,0.8159939766049353
calce_CS2_35,0,0.9830681681632996,0.7441860465116279,0.9619928734099593,0.8558303752409712
calce_CS2_35,0,0.9743219614028931,0.5388235294117647,0.9608221819481413,0.8312540254890918
calce_CS2_35,0,0.9743219614028931,0.5388235294117647,0.9608221819481413,0.8312540254890918
calce_CS2_35,0,0.9818658232688904,0.7441860465116279,0.961833952475629,0.8520108762404242
calce_CS2_35,0,0.97798091173172,0.634738841909364,0.9613160878480266,0.8407204445781589
calce_CS2_35,0,0.972916305065155,0.5388235294117647,0.9606308346947517,0.8278600116986735
calce_CS2_35,0,0.9513881206512451,0.5388235294117647,0.9575860193643608,0.7865429324316772
calce_CS2_35,0,0.9821504354476929,0.7441860465116279,0.9618716288793828,0.85289939102642
calce_CS2_35,0,0.9811340570449829,0.6875,0.9617369184920646,0.8497683484528911
calce_CS2_35,0,0.9811340570449829,0.6875,0.9617369184920646,0.8497683484528911
calce_CS2_35,0,0.9821504354476929,0.7441860465116279,0.9618716288793828,0.85289939102642
calce_CS2_35,0,0.9824073314666748,0.7441860465116279,0.9619056055994948,0.8537095273709396
calce_CS2_35,0,0.968452513217926,0.5388235294117647,0.9600172344314235,0.8178154327241222
calce_CS2_35,0,0.9811831712722778,0.6875,0.9617434385676183,0.8499170240437663
calce_CS2_35,0,0.981158971786499,0.6875,0.9617402261394566,0.8498437364797268
calce_CS2_35,0,0.9820398688316345,0.7441860465116279,0.9618569965315331,0.8525531048448327
calce_CS2_35,0,0.9820398688316345,0.7441860465116279,0.9618569965315331,0.8525531048448327
calce_CS2_35,0,0.9807657599449158,0.6875,0.9616879918268219,0.8486616201391775
calce_CS2_35,0,0.9737919569015503,0.5388235294117647,0.9607501392184231,0.8299598964719722
calce_CS2_35,0,0.9756340384483337,0.5388235294117647,0.9609999853500771,0.8345372859709065
calce_CS2_35,0,0.9821266531944275,0.7441860465116279,0.9618684819993091,0.852824786354508
calce_CS2_35,0,0.9777398705482483,0.5734297355536717,0.9612837354333776,0.8400655344683181
calce_CS2_35,0,0.9869753122329712,0.7441860465116279,0.9625049261199357,0.8696501336481384
calce_CS2_35,0,0.9871233701705933,0.7441860465116279,0.9625241989811127,0.8702248378770651
calce_CS2_35,0,0.9831469655036926,0.7441860465116279,0.962003266292695,0.8560869170445524
calce_CS2_35,0,0.9757469892501831,0.5388235294117647,0.961015255401482,0.8348254526922312
calce_CS2_35,0,0.9915511608123779,0.7441860465116279,0.9630961884657993,0.8898981063570791
calce_CS2_35,0,0.9893603324890137,0.7441860465116279,0.9628142306277717,0.87949145657055
calce_CS2_35,0,0.9916977882385254,0.7441860465116279,0.9631149857160283,0.8906543991737094
calce_CS2_35,0,0.9916977882385254,0.7441860465116279,0.9631149857160283,0.8906543991737094
calce_CS2_35,0,0.9916977882385254,0.7441860465116279,0.9631149857160283,0.8906543991737094
calce_CS2_35,0,0.9899017810821533,0.7441860465116279,0.9628841067051538,0.8819229815220191
calce_CS2_35,0,0.9881497621536255,0.7441860465116279,0.9626575439863645,0.8743335627689857
calce_CS2_35,0,0.9881497621536255,0.7441860465116279,0.9626575439863645,0.8743335627689857
calce_CS2_35,0,0.9900105595588684,0.7441860465116279,0.9628981297599384,0.8824216721501442
calce_CS2_35,0,0.9900105595588684,0.7441860465116279,0.9628981297599384,0.8824216721501442
calce_CS2_35,0,0.9912248253822327,0.7441860465116279,0.9630543200493981,0.8882448521027096
calce_CS2_35,0,0.9912248253822327,0.7441860465116279,0.9630543200493981,0.8882448521027096
calce_CS2_35,0,0.9907143115997314,0.7441860465116279,0.9629887301497791,0.8857366080406727
calce_CS2_35,0,0.991144061088562,0.7441860465116279,0.9630439510449738,0.8878418558602925
calce_CS2_35,0,0.9916310906410217,0.7441860465116279,0.9631064364014003,0.8903093166706076
calce_CS2_35,0,0.9910237789154053,0.7441860465116279,0.9630285033106608,0.8872460643063504
calce_CS2_35,0,0.9884346723556519,0.7441860465116279,0.9626944775136506,0.8755152664209234
calce_CS2_35,0,0.9887366890907288,0.7441860465116279,0.9627335902578618,0.8767889328362385
calce_CS2_35,0,0.9921185970306396,0.7441860465116279,0.9631688811764788,0.892873982661979
calce_CS2_35,0,0.9921185970306396,0.7441860465116279,0.9631688811764788,0.892873982661979
calce_CS2_35,0,0.9965728521347046,0.9312977099236641,0.9637347388538605,0.9232680795145659
calce_CS2_35,0,0.9978088736534119,0.9312977099236641,0.9638902713272859,0.9360941626702921
calce_CS2_35,0,0.9949169158935547,0.9312977099236641,0.9635253564723771,0.910030595725574
calce_CS2_35,0,0.995243489742279,0.9312977099236641,0.9635667414814469,0.9123980092555681
calce_CS2_35,0,0.9958114624023438,0.9312977099236641,0.9636386101110758,0.9167729465108444
calce_CS2_35,0,0.9968382120132446,0.9312977099236641,0.9637681841768961,0.9257426848328484
calce_CS2_35,0,0.9975258708000183,0.9312977099236641,0.9638547169593666,0.9328246910112651
calce_CS2_35,0,0.9975258708000183,0.9312977099236641,0.9638547169593666,0.9328246910112651
calce_CS2_35,0,0.9975258708000183,0.9312977099236641,0.9638547169593666,0.9328246910112651
calce_CS2_35,0,0.9978088736534119,0.9312977099236641,0.9638902713272859,0.9360941626702921
calce_CS2_35,0,0.9976847171783447,0.9312977099236641,0.9638746773802191,0.9346295990170057
calce_CS2_35,0,0.997586727142334,0.9312977099236641,0.9638623653390315,0.9335074921120835
calce_CS2_35,0,0.9960088729858398,0.9312977099236641,0.9636635575696514,0.9183806545741318
calce_CS2_35,0,0.9983617663383484,0.95,0.9639596355386671,0.9433246702231233
calce_CS2_35,0,0.9980989098548889,0.9497095917690009,0.9639266743833249,0.9397266451449662
calce_CS2_35,0,0.9980989098548889,0.9497095917690009,0.9639266743833249,0.9397266451449662
calce_CS2_35,0,0.9987545013427734,0.9565217391304348,0.9640088289305907,0.9494268366601029
calce_CS2_35,0,0.9968749284744263,0.9312977099236641,0.9637728094931837,0.9260951433572204
calce_CS2_35,0,0.9982622265815735,0.95,0.9639471570618869,0.941923373697042
calce_CS2_35,0,0.9983528852462769,0.95,0.9639585223584848,0.94319757135698
calce_CS2_35,0,0.9986390471458435,0.9565217391304348,0.9639943740246654,0.9475247500604225
calce_CS2_35,0,0.9987545013427734,0.9565217391304348,0.9640088289305907,0.9494268366601029
calce_CS2_35,0,0.9987545013427734,0.9565217391304348,0.9640088289305907,0.9494268366601029
calce_CS2_35,0,0.9987545013427734,0.9565217391304348,0.9640088289305907,0.9494268366601029
calce_CS2_35,0,0.9986390471458435,0.9565217391304348,0.9639943740246654,0.9475247500604225
calce_CS2_35,0,0.9986390471458435,0.9565217391304348,0.9639943740246654,0.9475247500604225
calce_CS2_35,0,0.9987545013427734,0.9565217391304348,0.9640088289305907,0.9494268366601029
calce_CS2_35,0,0.9987545013427734,0.9565217391304348,0.9640088289305907,0.9494268366601029
calce_CS2_35,0,0.9987545013427734,0.9565217391304348,0.9640088289305907,0.9494268366601029
calce_CS2_35,0,0.9986390471458435,0.9565217391304348,0.9639943740246654,0.9475247500604225
calce_CS2_35,0,0.9986390471458435,0.9565217391304348,0.9639943740246654,0.9475247500604225
calce_CS2_35,0,0.9981854557991028,0.95,0.9639375301026388,0.9408757218546745
calce_CS2_35,0,0.9982701539993286,0.95,0.9639481510091454,0.9420331517120748
calce_CS2_35,0,0.9982701539993286,0.95,0.9639481510091454,0.9420331517120748
calce_CS2_35,0,0.9970621466636658,0.9312977099236641,0.9637963852660799,0.9279336015839924
calce_CS2_35,0,0.998306155204773,0.95,0.9639526645430025,0.9425355921368017
calce_CS2_35,0,0.997056245803833,0.9312977099236641,0.9637956424155645,0.9278745622604089
calce_CS2_35,0,0.9987155199050903,0.9565217391304348,0.9640039490657071,0.9487731367833566
calce_CS2_35,0,0.9982715845108032,0.95,0.9639483303652399,0.9420529939396697
calce_CS2_35,0,0.9983830451965332,0.95,0.9639623025538551,0.9436309122342861
calce_CS2_35,0,0.9983830451965332,0.95,0.9639623025538551,0.9436309122342861
calce_CS2_35,0,0.998029887676239,0.9312977099236641,0.9639180144682766,0.9388329691599667
calce_CS2_35,0,0.9983324408531189,0.95,0.9639559596769706,0.9429065658606864
calce_CS2_35,0,0.9983865022659302,0.95,0.9639627358324998,0.9436808970585588
calce_CS2_35,0,0.9974406957626343,0.9312977099236641,0.963844009607865,0.9318862203489041
calce_CS2_35,0,0.9984398484230042,0.95,0.963969421134527,0.9444606207830364
calce_CS2_35,0,0.9989197254180908,0.9565217391304348,0.9640295053252838,0.9523441843371482
calce_CS2_35,0,0.9978939890861511,0.9312977099236641,0.9639009580092013,0.9371279066064421
calce_CS2_35,0,0.9986355900764465,0.9565217391304348,0.9639939411122005,0.947469329998617
calce_CS2_35,0,0.9989197254180908,0.9565217391304348,0.9640295053252838,0.9523441843371482
calce_CS2_35,0,0.9981295466423035,0.95,0.96393051760777,0.9401296837052487
calce_CS2_35,0,0.9998703002929688,0.9947089947089947,0.9641482397561171,0.9806383999448172
calce_CS2_35,0,0.9999237060546875,1.0,0.9641548993567398,0.9845964191006242
calce_CS2_35,0,0.9999121427536011,1.0,0.964153457535315,0.9836290680147289
calce_CS2_35,0,0.9999109506607056,1.0,0.964153308890756,0.9835336155814152
calce_CS2_35,0,0.9999121427536011,1.0,0.964153457535315,0.9836290680147289
calce_CS2_35,0,0.9999121427536011,1.0,0.964153457535315,0.9836290680147289
calce_CS2_35,0,0.99986732006073,0.9947089947089947,0.9641478680915269,0.9804483113106969
calce_CS2_35,0,0.9999184608459473,1.0,0.9641542453415698,0.9841478622025457
calce_CS2_35,0,0.999906063079834,1.0,0.9641526994418596,0.9831497632345656
calce_CS2_35,0,0.9999040365219116,1.0,0.9641524467406106,0.982993983412805
calce_CS2_35,0,0.999907374382019,1.0,0.9641528629535183,0.9832515960515251
calce_CS2_35,0,0.9999152421951294,1.0,0.964153844008391,0.9838807882512511
calce_CS2_35,0,0.9999152421951294,1.0,0.964153844008391,0.9838807882512511
calce_CS2_35,0,0.9999094009399414,1.0,0.9641531156519421,0.983410620898524
calce_CS2_35,0,0.999907374382019,1.0,0.9641528629535183,0.9832515960515251
calce_CS2_35,0,0.9998722076416016,0.9947089947089947,0.9641484776195081,0.9807613853785344
calce_CS2_35,0,0.9998692274093628,0.9947089947089947,0.964148105957292,0.9805696798455439
calce_CS2_35,0,0.9999094009399414,1.0,0.9641531156519421,0.983410620898524
calce_CS2_35,0,0.9998748302459717,0.9961538461538462,0.9641488046791897,0.9809322359478333
calce_CS2_35,0,0.9999152421951294,1.0,0.964153844008391,0.9838807882512511
calce_CS2_35,0,0.9998886585235596,1.0,0.964150529128187,0.9818692460234016
calce_CS2_35,0,0.9998886585235596,1.0,0.964150529128187,0.9818692460234016
calce_CS2_35,0,0.9999192953109741,1.0,0.9641543493902063,0.9842180898419639
calce_CS2_35,0,0.9998886585235596,1.0,0.964150529128187,0.9818692460234016
calce_CS2_35,0,0.9998886585235596,1.0,0.964150529128187,0.9818692460234016
calce_CS2_35,0,0.9998886585235596,1.0,0.964150529128187,0.9818692460234016
calce_CS2_35,0,0.9998886585235596,1.0,0.964150529128187,0.9818692460234016
calce_CS2_35,0,0.9999192953109741,1.0,0.9641543493902063,0.9842180898419639
calce_CS2_35,0,0.9998886585235596,1.0,0.964150529128187,0.9818692460234016
calce_CS2_35,0,0.9999299049377441,1.0,0.9641556722689463,0.9851500300183172
calce_CS2_35,0,0.9998886585235596,1.0,0.964150529128187,0.9818692460234016
calce_CS2_35,0,0.9999192953109741,1.0,0.9641543493902063,0.9842180898419639
calce_CS2_35,0,0.9999192953109741,1.0,0.9641543493902063,0.9842180898419639
calce_CS2_35,0,0.9999299049377441,1.0,0.9641556722689463,0.9851500300183172
calce_CS2_35,0,0.9998886585235596,1.0,0.964150529128187,0.9818692460234016
calce_CS2_35,0,0.9998886585235596,1.0,0.964150529128187,0.9818692460234016
calce_CS2_35,0,0.999923586845398,1.0,0.9641548844928861,0.9845860309711968
calce_CS2_35,0,0.9998161196708679,0.9924774322968907,0.9641414823145128,0.9775072704322352
calce_CS2_35,0,0.9998656511306763,0.9924774322968907,0.9641476599577359,0.9803429390806169
calce_CS2_35,0,0.9998711347579956,0.9947089947089947,0.9641483438215377,0.9806920765021889
calce_CS2_35,0,0.9998434782028198,0.9924774322968907,0.9641448946412536,0.9790094370207827
calce_CS2_35,0,0.9998866319656372,1.0,0.9641502764122077,0.9817278773216926
calce_CS2_35,0,0.9998314380645752,0.9924774322968907,0.9641433929586382,0.978330980839137
calce_CS2_35,0,0.9998656511306763,0.9924774322968907,0.9641476599577359,0.9803429390806169
calce_CS2_35,0,0.9998278617858887,0.9924774322968907,0.9641429469026326,0.9781349080892663
calce_CS2_35,0,0.9998656511306763,0.9924774322968907,0.9641476599577359,0.9803429390806169
calce_CS2_35,0,0.9998947381973267,1.0,0.9641512872658334,0.9823024874814726
calce_CS2_35,0,0.9998161196708679,0.9924774322968907,0.9641414823145128,0.9775072704322352
calce_CS2_35,0,0.9998434782028198,0.9924774322968907,0.9641448946412536,0.9790094370207827
calce_CS2_35,0,0.9998161196708679,0.9924774322968907,0.9641414823145128,0.9775072704322352
calce_CS2_35,0,0.9999290704727173,1.0,0.964155568224007,0.9850739097930223
calce_CS2_35,0,0.9998660087585449,0.9924774322968907,0.9641477045579318,0.980365454820188
calce_CS2_35,0,0.9998947381973267,1.0,0.9641512872658334,0.9823024874814726
calce_CS2_35,0,0.9999138116836548,1.0,0.9641536656367007,0.9837639626244324
calce_CS2_35,0,0.9999138116836548,1.0,0.9641536656367007,0.9837639626244324
calce_CS2_35,0,0.9998947381973267,1.0,0.9641512872658334,0.9823024874814726
calce_CS2_35,0,0.9998947381973267,1.0,0.9641512872658334,0.9823024874814726
calce_CS2_35,0,0.9999251365661621,1.0,0.9641550777225194,0.9847218114065576
calce_CS2_35,0,0.999923586845398,1.0,0.9641548844928861,0.9845860309711968
calce_CS2_35,0,0.9999390840530396,1.0,0.9641568167440875,0.9860241639550232
calce_CS2_35,0,0.999944806098938,1.0,0.9641575301653338,0.9866079464091689
calce_CS2_35,0,0.9999085664749146,1.0,0.9641530115998577,0.9833448944473753
calce_CS2_35,0,0.9998810291290283,0.9961538461538462,0.9641495777179266,0.9813444680903924
calce_CS2_35,0,0.9998824596405029,0.9961538461538462,0.9641497561092022,0.9814413507014184
calce_CS2_35,0,0.9998886585235596,1.0,0.964150529128187,0.9818692460234016
calce_CS2_35,0,0.9999020099639893,1.0,0.9641521940376466,0.9828400880002632
calce_CS2_35,0,0.9999192953109741,1.0,0.9641543493902063,0.9842180898419639
calce_CS2_35,0,0.9999299049377441,1.0,0.9641556722689463,0.9851500300183172
calce_CS2_35,0,0.9999192953109741,1.0,0.9641543493902063,0.9842180898419639
calce_CS2_35,0,0.9999192953109741,1.0,0.9641543493902063,0.9842180898419639
calce_CS2_35,0,0.9999299049377441,1.0,0.9641556722689463,0.9851500300183172
calce_CS2_35,0,0.9999260902404785,1.0,0.9641551966325644,0.9848061730603265
calce_CS2_35,0,0.9999148845672607,1.0,0.9641537994155485,0.9838514761141045
calce_CS2_35,0,0.9999260902404785,1.0,0.9641551966325644,0.9848061730603265
calce_CS2_35,0,0.9999260902404785,1.0,0.9641551966325644,0.9848061730603265
calce_CS2_35,0,0.9999148845672607,1.0,0.9641537994155485,0.9838514761141045
calce_CS2_35,0,0.9999148845672607,1.0,0.9641537994155485,0.9838514761141045
calce_CS2_35,0,0.9999148845672607,1.0,0.9641537994155485,0.9838514761141045
calce_CS2_35,0,0.9999148845672607,1.0,0.9641537994155485,0.9838514761141045
calce_CS2_35,0,0.9999245405197144,1.0,0.9641550034035484,0.9846693986792973
calce_CS2_35,0,0.9999390840530396,1.0,0.9641568167440875,0.9860241639550232
calce_CS2_35,0,0.999944806098938,1.0,0.9641575301653338,0.9866079464091689
calce_CS2_35,0,0.9999053478240967,1.0,0.9641526102533793,0.9830945630063442
calce_CS2_35,0,0.999944806098938,1.0,0.9641575301653338,0.9866079464091689
calce_CS2_35,0,0.9999390840530396,1.0,0.9641568167440875,0.9860241639550232
calce_CS2_35,0,0.9999107122421265,1.0,0.9641532791617731,0.983514613538621
calce_CS2_35,0,0.9999397993087769,1.0,0.9641569059224909,0.9860953656733731
calce_CS2_35,0,0.999944806098938,1.0,0.9641575301653338,0.9866079464091689
calce_CS2_35,0,0.9999390840530396,1.0,0.9641568167440875,0.9860241639550232
calce_CS2_35,0,0.9999390840530396,1.0,0.9641568167440875,0.9860241639550232
calce_CS2_35,0,0.999944806098938,1.0,0.9641575301653338,0.9866079464091689
calce_CS2_35,0,0.9999455213546753,1.0,0.9641576193420284,0.9866833177027176
calce_CS2_35,0,0.9999390840530396,1.0,0.9641568167440875,0.9860241639550232
calce_CS2_35,0,0.999944806098938,1.0,0.9641575301653338,0.9866079464091689
calce_CS2_35,0,0.9999053478240967,1.0,0.9641526102533793,0.9830945630063442
calce_CS2_35,0,0.9999390840530396,1.0,0.9641568167440875,0.9860241639550232
calce_CS2_35,0,0.9999390840530396,1.0,0.9641568167440875,0.9860241639550232
calce_CS2_35,0,0.9999390840530396,1.0,0.9641568167440875,0.9860241639550232
calce_CS2_35,0,0.9999390840530396,1.0,0.9641568167440875,0.9860241639550232
calce_CS2_35,0,0.9999107122421265,1.0,0.9641532791617731,0.983514613538621
calce_CS2_35,0,0.9999455213546753,1.0,0.9641576193420284,0.9866833177027176
calce_CS2_35,0,0.9999053478240967,1.0,0.9641526102533793,0.9830945630063442
calce_CS2_35,0,0.9999390840530396,1.0,0.9641568167440875,0.9860241639550232
calce_CS2_35,0,0.9999053478240967,1.0,0.9641526102533793,0.9830945630063442
calce_CS2_35,0,0.9999053478240967,1.0,0.9641526102533793,0.9830945630063442
calce_CS2_35,0,0.9999053478240967,1.0,0.9641526102533793,0.9830945630063442
calce_CS2_35,0,0.9999085664749146,1.0,0.9641530115998577,0.9833448944473753
calce_CS2_35,0,0.999944806098938,1.0,0.9641575301653338,0.9866079464091689
calce_CS2_35,0,0.9999085664749146,1.0,0.9641530115998577,0.9833448944473753
calce_CS2_35,0,0.9999390840530396,1.0,0.9641568167440875,0.9860241639550232
calce_CS2_35,0,0.9999053478240967,1.0,0.9641526102533793,0.9830945630063442
calce_CS2_35,0,0.9999390840530396,1.0,0.9641568167440875,0.9860241639550232
calce_CS2_35,0,0.999944806098938,1.0,0.9641575301653338,0.9866079464091689
calce_CS2_35,0,0.9999053478240967,1.0,0.9641526102533793,0.9830945630063442
calce_CS2_35,0,0.9999390840530396,1.0,0.9641568167440875,0.9860241639550232
calce_CS2_35,0,0.999944806098938,1.0,0.9641575301653338,0.9866079464091689
calce_CS2_35,0,0.999944806098938,1.0,0.9641575301653338,0.9866079464091689
calce_CS2_35,0,0.9999403953552246,1.0,0.9641569802376639,0.9861550719877764
calce_CS2_35,0,0.9999403953552246,1.0,0.9641569802376639,0.9861550719877764
calce_CS2_35,0,0.999907374382019,1.0,0.9641528629535183,0.9832515960515251
calce_CS2_35,0,0.9999403953552246,1.0,0.9641569802376639,0.9861550719877764
calce_CS2_35,0,0.9999403953552246,1.0,0.9641569802376639,0.9861550719877764
calce_CS2_35,0,0.9999105930328369,1.0,0.9641532642972725,0.9835051234724568
calce_CS2_35,0,0.9999403953552246,1.0,0.9641569802376639,0.9861550719877764
calce_CS2_35,0,0.999946117401123,1.0,0.9641576936557773,0.9867465614559325
calce_CS2_35,0,0.9999403953552246,1.0,0.9641569802376639,0.9861550719877764
calce_CS2_35,0,0.9999403953552246,1.0,0.9641569802376639,0.9861550719877764
calce_CS2_35,1,0.999907374382019,1.0,0.9641528629535183,0.9832515960515251
calce_CS2_35,1,0.9999403953552246,1.0,0.9641569802376639,0.9861550719877764
calce_CS2_35,1,0.9999403953552246,1.0,0.9641569802376639,0.9861550719877764
calce_CS2_35,1,0.9999403953552246,1.0,0.9641569802376639,0.9861550719877764
calce_CS2_35,1,0.999946117401123,1.0,0.9641576936557773,0.9867465614559325
calce_CS2_35,1,0.999946117401123,1.0,0.9641576936557773,0.9867465614559325
calce_CS2_35,1,0.9999403953552246,1.0,0.9641569802376639,0.9861550719877764
calce_CS2_35,1,0.9999127388000488,1.0,0.9641535318573718,0.9836770739472838
calce_CS2_35,1,0.9999127388000488,1.0,0.9641535318573718,0.9836770739472838
calce_CS2_35,1,0.9999110698699951,1.0,0.9641533237552387,0.9835431275886529
calce_CS2_35,1,0.9999403953552246,1.0,0.9641569802376639,0.9861550719877764
calce_CS2_35,1,0.9999403953552246,1.0,0.9641569802376639,0.9861550719877764
calce_CS2_35,1,0.9999423027038574,1.0,0.9641572180452209,0.9863484670339551
calce_CS2_35,1,0.999946117401123,1.0,0.9641576936557773,0.9867465614559325
calce_CS2_35,1,0.999946117401123,1.0,0.9641576936557773,0.9867465614559325
calce_CS2_35,1,0.9999127388000488,1.0,0.9641535318573718,0.9836770739472838
calce_CS2_35,1,0.9999105930328369,1.0,0.9641532642972725,0.9835051234724568
calce_CS2_35,1,0.999946117401123,1.0,0.9641576936557773,0.9867465614559325
calce_CS2_35,1,0.999946117401123,1.0,0.9641576936557773,0.9867465614559325
calce_CS2_35,1,0.999946117401123,1.0,0.9641576936557773,0.9867465614559325
calce_CS2_35,1,0.999946117401123,1.0,0.9641576936557773,0.9867465614559325
calce_CS2_35,1,0.999946117401123,1.0,0.9641576936557773,0.9867465614559325
calce_CS2_35,1,0.9999403953552246,1.0,0.9641569802376639,0.9861550719877764
calce_CS2_35,1,0.999946117401123,1.0,0.9641576936557773,0.9867465614559325
calce_CS2_35,1,0.999946117401123,1.0,0.9641576936557773,0.9867465614559325
calce_CS2_35,1,0.999946117401123,1.0,0.9641576936557773,0.9867465614559325
calce_CS2_35,1,0.9999403953552246,1.0,0.9641569802376639,0.9861550719877764
calce_CS2_35,1,0.9999403953552246,1.0,0.9641569802376639,0.9861550719877764
calce_CS2_35,1,0.9999403953552246,1.0,0.9641569802376639,0.9861550719877764
calce_CS2_35,1,0.9999403953552246,1.0,0.9641569802376639,0.9861550719877764
calce_CS2_35,1,0.999946117401123,1.0,0.9641576936557773,0.9867465614559325
calce_CS2_35,1,0.9999403953552246,1.0,0.9641569802376639,0.9861550719877764
calce_CS2_35,1,0.9999403953552246,1.0,0.9641569802376639,0.9861550719877764
calce_CS2_35,1,0.999907374382019,1.0,0.9641528629535183,0.9832515960515251
calce_CS2_35,1,0.999946117401123,1.0,0.9641576936557773,0.9867465614559325
calce_CS2_35,1,0.9999403953552246,1.0,0.9641569802376639,0.9861550719877764
calce_CS2_35,1,0.9999403953552246,1.0,0.9641569802376639,0.9861550719877764
calce_CS2_35,1,0.9999105930328369,1.0,0.9641532642972725,0.9835051234724568
calce_CS2_35,1,0.9999403953552246,1.0,0.9641569802376639,0.9861550719877764
calce_CS2_35,1,0.9999403953552246,1.0,0.9641569802376639,0.9861550719877764
calce_CS2_35,1,0.9999382495880127,1.0,0.9641567127023467,0.9859416987889166
calce_CS2_35,1,0.999946117401123,1.0,0.9641576936557773,0.9867465614559325
calce_CS2_35,1,0.9999442100524902,1.0,0.9641574558512586,0.9865455635322117
calce_CS2_35,1,0.9999041557312012,1.0,0.9641524616054374,0.9830030941590429
calce_CS2_35,1,0.9999403953552246,1.0,0.9641569802376639,0.9861550719877764
calce_CS2_35,1,0.999946117401123,1.0,0.9641576936557773,0.9867465614559325
calce_CS2_35,1,0.9999382495880127,1.0,0.9641567127023467,0.9859416987889166
calce_CS2_35,1,0.9999442100524902,1.0,0.9641574558512586,0.9865455635322117
calce_CS2_35,1,0.9999041557312012,1.0,0.9641524616054374,0.9830030941590429
calce_CS2_35,1,0.9999041557312012,1.0,0.9641524616054374,0.9830030941590429
calce_CS2_35,1,0.9999442100524902,1.0,0.9641574558512586,0.9865455635322117
calce_CS2_35,1,0.9999041557312012,1.0,0.9641524616054374,0.9830030941590429
calce_CS2_35,1,0.9999442100524902,1.0,0.9641574558512586,0.9865455635322117
calce_CS2_35,1,0.9999382495880127,1.0,0.9641567127023467,0.9859416987889166
calce_CS2_35,1,0.9999382495880127,1.0,0.9641567127023467,0.9859416987889166
calce_CS2_35,1,0.999946117401123,1.0,0.9641576936557773,0.9867465614559325
calce_CS2_35,1,0.9999423027038574,1.0,0.9641572180452209,0.9863484670339551
calce_CS2_35,1,0.9999382495880127,1.0,0.9641567127023467,0.9859416987889166
calce_CS2_35,1,0.999946117401123,1.0,0.9641576936557773,0.9867465614559325
calce_CS2_35,1,0.999946117401123,1.0,0.9641576936557773,0.9867465614559325
calce_CS2_35,1,0.999946117401123,1.0,0.9641576936557773,0.9867465614559325
calce_CS2_35,1,0.9999105930328369,1.0,0.9641532642972725,0.9835051234724568
calce_CS2_35,1,0.9999105930328369,1.0,0.9641532642972725,0.9835051234724568
calce_CS2_35,1,0.9999105930328369,1.0,0.9641532642972725,0.9835051234724568
calce_CS2_35,1,0.9999403953552246,1.0,0.9641569802376639,0.9861550719877764
calce_CS2_35,1,0.9999403953552246,1.0,0.9641569802376639,0.9861550719877764
calce_CS2_35,1,0.999946117401123,1.0,0.9641576936557773,0.9867465614559325
calce_CS2_35,1,0.9999403953552246,1.0,0.9641569802376639,0.9861550719877764
calce_CS2_35,1,0.9999041557312012,1.0,0.9641524616054374,0.9830030941590429
calce_CS2_35,1,0.9999382495880127,1.0,0.9641567127023467,0.9859416987889166
calce_CS2_35,1,0.9999382495880127,1.0,0.9641567127023467,0.9859416987889166
calce_CS2_35,1,0.9999442100524902,1.0,0.9641574558512586,0.9865455635322117
calce_CS2_35,1,0.9999382495880127,1.0,0.9641567127023467,0.9859416987889166
calce_CS2_35,1,0.9999382495880127,1.0,0.9641567127023467,0.9859416987889166
calce_CS2_35,1,0.9999382495880127,1.0,0.9641567127023467,0.9859416987889166
calce_CS2_35,1,0.9999382495880127,1.0,0.9641567127023467,0.9859416987889166
calce_CS2_35,1,0.9999041557312012,1.0,0.9641524616054374,0.9830030941590429
calce_CS2_35,1,0.9999442100524902,1.0,0.9641574558512586,0.9865455635322117
calce_CS2_35,1,0.9999382495880127,1.0,0.9641567127023467,0.9859416987889166
calce_CS2_35,1,0.9999382495880127,1.0,0.9641567127023467,0.9859416987889166
calce_CS2_35,1,0.9999382495880127,1.0,0.9641567127023467,0.9859416987889166
calce_CS2_35,1,0.9999382495880127,1.0,0.9641567127023467,0.9859416987889166
calce_CS2_35,1,0.9999041557312012,1.0,0.9641524616054374,0.9830030941590429
calce_CS2_35,1,0.9999442100524902,1.0,0.9641574558512586,0.9865455635322117
calce_CS2_35,1,0.9999041557312012,1.0,0.9641524616054374,0.9830030941590429
calce_CS2_35,1,0.9999442100524902,1.0,0.9641574558512586,0.9865455635322117
calce_CS2_35,1,0.9999382495880127,1.0,0.9641567127023467,0.9859416987889166
calce_CS2_35,1,0.9999442100524902,1.0,0.9641574558512586,0.9865455635322117
calce_CS2_35,1,0.9999382495880127,1.0,0.9641567127023467,0.9859416987889166
calce_CS2_35,1,0.9999442100524902,1.0,0.9641574558512586,0.9865455635322117
calce_CS2_35,1,0.9999382495880127,1.0,0.9641567127023467,0.9859416987889166
calce_CS2_35,1,0.9999382495880127,1.0,0.9641567127023467,0.9859416987889166
calce_CS2_35,1,0.9999382495880127,1.0,0.9641567127023467,0.9859416987889166
calce_CS2_35,1,0.9999442100524902,1.0,0.9641574558512586,0.9865455635322117
calce_CS2_35,1,0.9999442100524902,1.0,0.9641574558512586,0.9865455635322117
calce_CS2_35,1,0.9999382495880127,1.0,0.9641567127023467,0.9859416987889166
calce_CS2_35,1,0.9999382495880127,1.0,0.9641567127023467,0.9859416987889166
calce_CS2_35,1,0.999933123588562,1.0,0.9641560735824171,0.985448618722352
calce_CS2_35,1,0.9999382495880127,1.0,0.9641567127023467,0.9859416987889166
calce_CS2_35,1,0.9999382495880127,1.0,0.9641567127023467,0.9859416987889166
calce_CS2_35,1,0.9999442100524902,1.0,0.9641574558512586,0.9865455635322117
calce_CS2_35,1,0.9999382495880127,1.0,0.9641567127023467,0.9859416987889166
calce_CS2_35,1,0.9999041557312012,1.0,0.9641524616054374,0.9830030941590429
calce_CS2_35,1,0.9999041557312012,1.0,0.9641524616054374,0.9830030941590429
calce_CS2_35,1,0.9999442100524902,1.0,0.9641574558512586,0.9865455635322117
calce_CS2_35,1,0.9999382495880127,1.0,0.9641567127023467,0.9859416987889166
calce_CS2_35,1,0.9999382495880127,1.0,0.9641567127023467,0.9859416987889166
calce_CS2_35,1,0.9999382495880127,1.0,0.9641567127023467,0.9859416987889166
calce_CS2_35,1,0.9999442100524902,1.0,0.9641574558512586,0.9865455635322117
calce_CS2_35,1,0.9999074935913086,1.0,0.9641528778181788,0.9832608946508876
calce_CS2_35,1,0.9999442100524902,1.0,0.9641574558512586,0.9865455635322117
calce_CS2_35,1,0.9999382495880127,1.0,0.9641567127023467,0.9859416987889166
calce_CS2_35,1,0.9999074935913086,1.0,0.9641528778181788,0.9832608946508876
calce_CS2_35,1,0.9999382495880127,1.0,0.9641567127023467,0.9859416987889166
calce_CS2_35,1,0.9999442100524902,1.0,0.9641574558512586,0.9865455635322117
calce_CS2_35,1,0.9999074935913086,1.0,0.9641528778181788,0.9832608946508876
calce_CS2_35,1,0.9999423027038574,1.0,0.9641572180452209,0.9863484670339551
calce_CS2_35,1,0.9999074935913086,1.0,0.9641528778181788,0.9832608946508876
calce_CS2_35,1,0.9999382495880127,1.0,0.9641567127023467,0.9859416987889166
calce_CS2_35,1,0.9999382495880127,1.0,0.9641567127023467,0.9859416987889166
calce_CS2_35,1,0.9999442100524902,1.0,0.9641574558512586,0.9865455635322117
calce_CS2_35,1,0.9999382495880127,1.0,0.9641567127023467,0.9859416987889166
calce_CS2_35,1,0.9999382495880127,1.0,0.9641567127023467,0.9859416987889166
calce_CS2_35,1,0.9999382495880127,1.0,0.9641567127023467,0.9859416987889166
calce_CS2_35,1,0.9999442100524902,1.0,0.9641574558512586,0.9865455635322117
calce_CS2_35,1,0.9999382495880127,1.0,0.9641567127023467,0.9859416987889166
calce_CS2_35,1,0.9999442100524902,1.0,0.9641574558512586,0.9865455635322117
calce_CS2_35,1,0.9999442100524902,1.0,0.9641574558512586,0.9865455635322117
calce_CS2_35,1,0.9999382495880127,1.0,0.9641567127023467,0.9859416987889166
calce_CS2_35,1,0.9999074935913086,1.0,0.9641528778181788,0.9832608946508876
calce_CS2_35,1,0.9999442100524902,1.0,0.9641574558512586,0.9865455635322117
calce_CS2_35,1,0.9999382495880127,1.0,0.9641567127023467,0.9859416987889166
calce_CS2_35,1,0.9999442100524902,1.0,0.9641574558512586,0.9865455635322117
calce_CS2_35,1,0.9999382495880127,1.0,0.9641567127023467,0.9859416987889166
calce_CS2_35,1,0.9999382495880127,1.0,0.9641567127023467,0.9859416987889166
calce_CS2_35,1,0.9999382495880127,1.0,0.9641567127023467,0.9859416987889166
calce_CS2_35,1,0.9999382495880127,1.0,0.9641567127023467,0.9859416987889166
calce_CS2_35,1,0.9999382495880127,1.0,0.9641567127023467,0.9859416987889166
calce_CS2_35,1,0.9999382495880127,1.0,0.9641567127023467,0.9859416987889166
calce_CS2_35,1,0.9999442100524902,1.0,0.9641574558512586,0.9865455635322117
calce_CS2_35,1,0.9999382495880127,1.0,0.9641567127023467,0.9859416987889166
calce_CS2_35,1,0.9999382495880127,1.0,0.9641567127023467,0.9859416987889166
calce_CS2_35,1,0.9999442100524902,1.0,0.9641574558512586,0.9865455635322117
calce_CS2_35,1,0.9999442100524902,1.0,0.9641574558512586,0.9865455635322117
calce_CS2_35,1,0.9999442100524902,1.0,0.9641574558512586,0.9865455635322117
calce_CS2_35,1,0.9999423027038574,1.0,0.9641572180452209,0.9863484670339551
calce_CS2_35,1,0.9999382495880127,1.0,0.9641567127023467,0.9859416987889166
calce_CS2_35,1,0.9999382495880127,1.0,0.9641567127023467,0.9859416987889166
calce_CS2_35,1,0.9999382495880127,1.0,0.9641567127023467,0.9859416987889166
calce_CS2_35,1,0.9999481439590454,1.0,0.9641579463214137,0.9869646410966172
calce_CS2_35,1,0.9999567270278931,1.0,0.9641590164156857,0.9879470706469852
calce_CS2_35,1,0.9999415874481201,1.0,0.9641571288675651,0.9862755203300932
calce_CS2_35,1,0.9999343156814575,1.0,0.9641562222159379,0.9855612972122486
calce_CS2_35,1,0.9999409914016724,1.0,0.9641570545526887,0.98621512172573
calce_CS2_35,1,0.9999327659606934,1.0,0.9641560289922451,0.9854150403631898
calce_CS2_35,1,0.9999423027038574,1.0,0.9641572180452209,0.9863484670339551
calce_CS2_35,1,0.9999423027038574,1.0,0.9641572180452209,0.9863484670339551
calce_CS2_35,1,0.9999481439590454,1.0,0.9641579463214137,0.9869646410966172
calce_CS2_35,1,0.9999343156814575,1.0,0.9641562222159379,0.9855612972122486
calce_CS2_35,1,0.9998846054077148,0.9961538461538462,0.9641500236945131,0.9815879601946047
calce_CS2_35,1,0.9999327659606934,1.0,0.9641560289922451,0.9854150403631898
calce_CS2_35,1,0.999933123588562,1.0,0.9641560735824171,0.985448618722352
calce_CS2_35,1,0.9999161958694458,1.0,0.9641539629223764,0.9839593036342847
calce_CS2_35,1,0.999933123588562,1.0,0.9641560735824171,0.985448618722352
calce_CS2_35,1,0.9999423027038574,1.0,0.9641572180452209,0.9863484670339551
calce_CS2_35,1,0.9999481439590454,1.0,0.9641579463214137,0.9869646410966172
calce_CS2_35,1,0.9999314546585083,1.0,0.9641558654944907,0.985292789357901
calce_CS2_35,1,0.9999169111251831,1.0,0.9641540521076164,0.9840185281813338
calce_CS2_35,1,0.9999233484268188,1.0,0.9641548547651614,0.9845652826268873
calce_CS2_35,1,0.9999175071716309,1.0,0.9641541264284863,0.9840681064375831
calce_CS2_35,1,0.9999160766601562,1.0,0.9641539480581491,0.9839494611900637
calce_CS2_35,1,0.9999492168426514,1.0,0.9641580800848801,0.9870820749916851
calce_CS2_35,1,0.9999505281448364,1.0,0.9641582435729082,0.9872275517134042
calce_CS2_35,1,0.9999481439590454,1.0,0.9641579463214137,0.9869646410966172
calce_CS2_35,1,0.9999483823776245,1.0,0.96415797604667,0.9869906163578199
calce_CS2_35,1,0.9999511241912842,1.0,0.9641583178854111,0.987294407488114
calce_CS2_35,1,0.9999505281448364,1.0,0.9641582435729082,0.9872275517134042
calce_CS2_35,1,0.9999105930328369,1.0,0.9641532642972725,0.9835051234724568
calce_CS2_35,1,0.9999216794967651,1.0,0.9641546466704223,0.9844210721715714
calce_CS2_35,1,0.9999314546585083,1.0,0.9641558654944907,0.985292789357901
calce_CS2_35,1,0.9999165534973145,1.0,0.964154007515023,0.9839888793961357
calce_CS2_35,1,0.9999244213104248,1.0,0.9641549885397364,0.9846589447199754
calce_CS2_35,1,0.9999194145202637,1.0,0.9641543642542735,0.9842281564015476
calce_CS2_35,1,0.999933123588562,1.0,0.9641560735824171,0.985448618722352
calce_CS2_35,1,0.999890923500061,1.0,0.9641508115734281,0.9820290153275795
calce_CS2_35,1,0.9998846054077148,0.9961538461538462,0.9641500236945131,0.9815879601946047
calce_CS2_35,1,0.9999343156814575,1.0,0.9641562222159379,0.9855612972122486
calce_CS2_35,1,0.9999314546585083,1.0,0.9641558654944907,0.985292789357901
calce_CS2_35,1,0.9999314546585083,1.0,0.9641558654944907,0.985292789357901
calce_CS2_35,1,0.999933123588562,1.0,0.9641560735824171,0.985448618722352
calce_CS2_35,1,0.9999244213104248,1.0,0.9641549885397364,0.9846589447199754
calce_CS2_35,1,0.9999327659606934,1.0,0.9641560289922451,0.9854150403631898
calce_CS2_35,1,0.9999423027038574,1.0,0.9641572180452209,0.9863484670339551
calce_CS2_35,1,0.9999423027038574,1.0,0.9641572180452209,0.9863484670339551
calce_CS2_35,1,0.9999161958694458,1.0,0.9641539629223764,0.9839593036342847
calce_CS2_35,1,0.9999409914016724,1.0,0.9641570545526887,0.98621512172573
calce_CS2_35,1,0.9999327659606934,1.0,0.9641560289922451,0.9854150403631898
calce_CS2_35,1,0.9999314546585083,1.0,0.9641558654944907,0.985292789357901
calce_CS2_35,1,0.9999216794967651,1.0,0.9641546466704223,0.9844210721715714
calce_CS2_35,1,0.9999343156814575,1.0,0.9641562222159379,0.9855612972122486
calce_CS2_35,1,0.9999619722366333,1.0,0.9641596703470419,0.9886034982798143
calce_CS2_35,1,0.999890923500061,1.0,0.9641508115734281,0.9820290153275795
calce_CS2_35,1,0.9999327659606934,1.0,0.9641560289922451,0.9854150403631898
calce_CS2_35,1,0.9999327659606934,1.0,0.9641560289922451,0.9854150403631898
calce_CS2_35,1,0.9999303817749023,1.0,0.9641557317230669,0.9851937611704559
calce_CS2_35,1,0.9999194145202637,1.0,0.9641543642542735,0.9842281564015476
calce_CS2_35,1,0.9999181032180786,1.0,0.9641542007492081,0.9841178912208306
calce_CS2_35,1,0.9999314546585083,1.0,0.9641558654944907,0.985292789357901
calce_CS2_35,1,0.9999619722366333,1.0,0.9641596703470419,0.9886034982798143
calce_CS2_35,1,0.999923586845398,1.0,0.9641548844928861,0.9845860309711968
calce_CS2_35,1,0.999864935874939,0.9924774322968907,0.9641475707571836,0.9802980113990757
calce_CS2_35,1,0.9999409914016724,1.0,0.9641570545526887,0.98621512172573
calce_CS2_35,1,0.9999208450317383,1.0,0.9641545426226167,0.9843496292363025
calce_CS2_35,1,0.9999233484268188,1.0,0.9641548547651614,0.9845652826268873
calce_CS2_35,1,0.9999345541000366,1.0,0.9641562519425709,0.9855839734497699
calce_CS2_35,1,0.9999496936798096,1.0,0.9641581395351552,0.9871347239252061
calce_CS2_35,1,0.9999175071716309,1.0,0.9641541264284863,0.9840681064375831
calce_CS2_35,1,0.9999518394470215,1.0,0.9641584070602185,0.9873752535676895
calce_CS2_35,1,0.9999310970306396,1.0,0.9641558209040696,0.9852596816862506
calce_CS2_35,1,0.9999489784240723,1.0,0.9641580503597068,0.9870558566746309
calce_CS2_35,1,0.9999505281448364,1.0,0.9641582435729082,0.9872275517134042
calce_CS2_35,1,0.9999376535415649,1.0,0.9641566383866395,0.985883185814262
calce_CS2_35,1,0.9999505281448364,1.0,0.9641582435729082,0.9872275517134042
calce_CS2_35,1,0.9999496936798096,1.0,0.9641581395351552,0.9871347239252061
calce_CS2_35,1,0.9999465942382812,1.0,0.9641577531066695,0.9867974456820926
calce_CS2_35,1,0.9999533891677856,1.0,0.9641586002715685,0.9875528101131347
calce_CS2_35,1,0.9999629259109497,1.0,0.964159789242418,0.9887283085696192
calce_CS2_35,1,0.9999649524688721,1.0,0.9641600418938311,0.9889997623372563
calce_CS2_35,1,0.9999649524688721,1.0,0.9641600418938311,0.9889997623372563
calce_CS2_35,1,0.9999649524688721,1.0,0.9641600418938311,0.9889997623372563
calce_CS2_35,1,0.9999641180038452,1.0,0.9641599378611039,0.9888869290854221
calce_CS2_35,1,0.9999619722366333,1.0,0.9641596703470419,0.9886034982798143
calce_CS2_35,1,0.9999592304229736,1.0,0.9641593285207204,0.9882543298223453
calce_CS2_35,1,0.9999649524688721,1.0,0.9641600418938311,0.9889997623372563
calce_CS2_35,1,0.9999649524688721,1.0,0.9641600418938311,0.9889997623372563
calce_CS2_35,1,0.9999649524688721,1.0,0.9641600418938311,0.9889997623372563
calce_CS2_35,1,0.9999649524688721,1.0,0.9641600418938311,0.9889997623372563
calce_CS2_35,1,0.9999649524688721,1.0,0.9641600418938311,0.9889997623372563
calce_CS2_35,1,0.9999619722366333,1.0,0.9641596703470419,0.9886034982798143
calce_CS2_35,1,0.9999629259109497,1.0,0.964159789242418,0.9887283085696192
calce_CS2_35,1,0.9999629259109497,1.0,0.964159789242418,0.9887283085696192
calce_CS2_35,1,0.9999604225158691,1.0,0.9641594771412461,0.9884044393103523
calce_CS2_35,1,0.9999518394470215,1.0,0.9641584070602185,0.9873752535676895
calce_CS2_35,1,0.9999492168426514,1.0,0.9641580800848801,0.9870820749916851
calce_CS2_35,1,0.999957799911499,1.0,0.9641591501753066,0.9880774740349756
calce_CS2_35,1,0.9999327659606934,1.0,0.9641560289922451,0.9854150403631898
calce_CS2_35,1,0.9999649524688721,1.0,0.9641600418938311,0.9889997623372563
calce_CS2_35,1,0.9999619722366333,1.0,0.9641596703470419,0.9886034982798143
calce_CS2_35,1,0.9999619722366333,1.0,0.9641596703470419,0.9886034982798143
calce_CS2_35,1,0.9999619722366333,1.0,0.9641596703470419,0.9886034982798143
calce_CS2_35,1,0.9999649524688721,1.0,0.9641600418938311,0.9889997623372563
calce_CS2_35,1,0.9999649524688721,1.0,0.9641600418938311,0.9889997623372563
calce_CS2_35,1,0.9999649524688721,1.0,0.9641600418938311,0.9889997623372563
calce_CS2_35,1,0.9999327659606934,1.0,0.9641560289922451,0.9854150403631898
calce_CS2_35,1,0.9999649524688721,1.0,0.9641600418938311,0.9889997623372563
calce_CS2_35,1,0.9999649524688721,1.0,0.9641600418938311,0.9889997623372563
calce_CS2_35,1,0.9999649524688721,1.0,0.9641600418938311,0.9889997623372563
calce_CS2_35,1,0.9999649524688721,1.0,0.9641600418938311,0.9889997623372563
calce_CS2_35,1,0.9999649524688721,1.0,0.9641600418938311,0.9889997623372563
calce_CS2_35,1,0.9999327659606934,1.0,0.9641560289922451,0.9854150403631898
calce_CS2_35,1,0.9999619722366333,1.0,0.9641596703470419,0.9886034982798143
calce_CS2_35,1,0.9999649524688721,1.0,0.9641600418938311,0.9889997623372563
calce_CS2_35,1,0.9999649524688721,1.0,0.9641600418938311,0.9889997623372563
calce_CS2_35,1,0.9999310970306396,1.0,0.9641558209040696,0.9852596816862506
calce_CS2_35,1,0.9999327659606934,1.0,0.9641560289922451,0.9854150403631898
calce_CS2_35,1,0.9999641180038452,1.0,0.9641599378611039,0.9888869290854221
calce_CS2_35,1,0.9999641180038452,1.0,0.9641599378611039,0.9888869290854221
calce_CS2_35,1,0.9999649524688721,1.0,0.9641600418938311,0.9889997623372563
calce_CS2_35,1,0.9999641180038452,1.0,0.9641599378611039,0.9888869290854221
calce_CS2_35,1,0.9999649524688721,1.0,0.9641600418938311,0.9889997623372563
calce_CS2_35,1,0.9999641180038452,1.0,0.9641599378611039,0.9888869290854221
calce_CS2_35,1,0.9999327659606934,1.0,0.9641560289922451,0.9854150403631898
calce_CS2_35,1,0.9999641180038452,1.0,0.9641599378611039,0.9888869290854221
calce_CS2_35,1,0.9999610185623169,1.0,0.9641595514512862,0.9884804640107426
calce_CS2_35,1,0.9999641180038452,1.0,0.9641599378611039,0.9888869290854221
calce_CS2_35,1,0.9999641180038452,1.0,0.9641599378611039,0.9888869290854221
calce_CS2_35,1,0.9999641180038452,1.0,0.9641599378611039,0.9888869290854221
calce_CS2_35,1,0.9999641180038452,1.0,0.9641599378611039,0.9888869290854221
calce_CS2_35,1,0.9999641180038452,1.0,0.9641599378611039,0.9888869290854221
calce_CS2_35,1,0.9999641180038452,1.0,0.9641599378611039,0.9888869290854221
calce_CS2_35,1,0.9999641180038452,1.0,0.9641599378611039,0.9888869290854221
calce_CS2_35,1,0.9999641180038452,1.0,0.9641599378611039,0.9888869290854221
calce_CS2_35,1,0.9999610185623169,1.0,0.9641595514512862,0.9884804640107426
calce_CS2_35,1,0.9999619722366333,1.0,0.9641596703470419,0.9886034982798143
calce_CS2_35,1,0.9999649524688721,1.0,0.9641600418938311,0.9889997623372563
calce_CS2_35,1,0.9999619722366333,1.0,0.9641596703470419,0.9886034982798143
calce_CS2_35,1,0.9999619722366333,1.0,0.9641596703470419,0.9886034982798143
calce_CS2_35,1,0.9999619722366333,1.0,0.9641596703470419,0.9886034982798143
calce_CS2_35,1,0.9999649524688721,1.0,0.9641600418938311,0.9889997623372563
calce_CS2_35,1,0.9999649524688721,1.0,0.9641600418938311,0.9889997623372563
calce_CS2_35,1,0.9999619722366333,1.0,0.9641596703470419,0.9886034982798143
calce_CS2_35,1,0.9999649524688721,1.0,0.9641600418938311,0.9889997623372563
calce_CS2_35,1,0.9999649524688721,1.0,0.9641600418938311,0.9889997623372563
calce_CS2_35,1,0.9999610185623169,1.0,0.9641595514512862,0.9884804640107426
calce_CS2_35,1,0.9999641180038452,1.0,0.9641599378611039,0.9888869290854221
calce_CS2_35,1,0.9999641180038452,1.0,0.9641599378611039,0.9888869290854221
calce_CS2_35,1,0.9999641180038452,1.0,0.9641599378611039,0.9888869290854221
calce_CS2_35,1,0.9999641180038452,1.0,0.9641599378611039,0.9888869290854221
calce_CS2_35,1,0.9999610185623169,1.0,0.9641595514512862,0.9884804640107426
calce_CS2_35,1,0.9999641180038452,1.0,0.9641599378611039,0.9888869290854221
calce_CS2_35,1,0.9999641180038452,1.0,0.9641599378611039,0.9888869290854221
calce_CS2_35,1,0.9999641180038452,1.0,0.9641599378611039,0.9888869290854221
calce_CS2_35,1,0.9999641180038452,1.0,0.9641599378611039,0.9888869290854221
calce_CS2_35,1,0.9999641180038452,1.0,0.9641599378611039,0.9888869290854221
calce_CS2_35,1,0.9999610185623169,1.0,0.9641595514512862,0.9884804640107426
calce_CS2_35,1,0.9999641180038452,1.0,0.9641599378611039,0.9888869290854221
calce_CS2_35,1,0.9999641180038452,1.0,0.9641599378611039,0.9888869290854221
calce_CS2_35,1,0.9999641180038452,1.0,0.9641599378611039,0.9888869290854221
calce_CS2_35,1,0.9999641180038452,1.0,0.9641599378611039,0.9888869290854221
calce_CS2_35,1,0.9999641180038452,1.0,0.9641599378611039,0.9888869290854221
calce_CS2_35,1,0.9999641180038452,1.0,0.9641599378611039,0.9888869290854221
calce_CS2_35,1,0.9999641180038452,1.0,0.9641599378611039,0.9888869290854221
calce_CS2_35,1,0.9999641180038452,1.0,0.9641599378611039,0.9888869290854221
calce_CS2_35,1,0.9999610185623169,1.0,0.9641595514512862,0.9884804640107426
calce_CS2_35,1,0.9999610185623169,1.0,0.9641595514512862,0.9884804640107426
calce_CS2_35,1,0.9999641180038452,1.0,0.9641599378611039,0.9888869290854221
calce_CS2_35,1,0.9999641180038452,1.0,0.9641599378611039,0.9888869290854221
calce_CS2_35,1,0.9999310970306396,1.0,0.9641558209040696,0.9852596816862506
calce_CS2_35,1,0.9999610185623169,1.0,0.9641595514512862,0.9884804640107426
calce_CS2_35,1,0.9999641180038452,1.0,0.9641599378611039,0.9888869290854221
calce_CS2_35,1,0.9999610185623169,1.0,0.9641595514512862,0.9884804640107426
calce_CS2_35,1,0.9999641180038452,1.0,0.9641599378611039,0.9888869290854221
calce_CS2_35,1,0.9999641180038452,1.0,0.9641599378611039,0.9888869290854221
calce_CS2_35,1,0.9999641180038452,1.0,0.9641599378611039,0.9888869290854221
calce_CS2_35,1,0.9999641180038452,1.0,0.9641599378611039,0.9888869290854221
calce_CS2_35,1,0.9999641180038452,1.0,0.9641599378611039,0.9888869290854221
calce_CS2_35,1,0.9999641180038452,1.0,0.9641599378611039,0.9888869290854221
calce_CS2_35,1,0.9999610185623169,1.0,0.9641595514512862,0.9884804640107426
calce_CS2_35,1,0.9999610185623169,1.0,0.9641595514512862,0.9884804640107426
calce_CS2_35,1,0.9999641180038452,1.0,0.9641599378611039,0.9888869290854221
calce_CS2_35,1,0.9999641180038452,1.0,0.9641599378611039,0.9888869290854221
calce_CS2_35,1,0.9999641180038452,1.0,0.9641599378611039,0.9888869290854221
calce_CS2_35,1,0.9999610185623169,1.0,0.9641595514512862,0.9884804640107426
calce_CS2_35,1,0.9999641180038452,1.0,0.9641599378611039,0.9888869290854221
calce_CS2_35,1,0.9999610185623169,1.0,0.9641595514512862,0.9884804640107426
calce_CS2_35,1,0.9999641180038452,1.0,0.9641599378611039,0.9888869290854221
calce_CS2_35,1,0.9999641180038452,1.0,0.9641599378611039,0.9888869290854221
calce_CS2_35,1,0.9999610185623169,1.0,0.9641595514512862,0.9884804640107426
calce_CS2_35,1,0.9999641180038452,1.0,0.9641599378611039,0.9888869290854221
calce_CS2_35,1,0.9999641180038452,1.0,0.9641599378611039,0.9888869290854221
calce_CS2_35,1,0.9999610185623169,1.0,0.9641595514512862,0.9884804640107426
calce_CS2_35,1,0.9999641180038452,1.0,0.9641599378611039,0.9888869290854221
calce_CS2_35,1,0.9999641180038452,1.0,0.9641599378611039,0.9888869290854221
calce_CS2_35,1,0.9999641180038452,1.0,0.9641599378611039,0.9888869290854221
calce_CS2_35,1,0.9999641180038452,1.0,0.9641599378611039,0.9888869290854221
calce_CS2_35,1,0.9999641180038452,1.0,0.9641599378611039,0.9888869290854221
calce_CS2_35,1,0.9999641180038452,1.0,0.9641599378611039,0.9888869290854221
calce_CS2_35,1,0.9999641180038452,1.0,0.9641599378611039,0.9888869290854221
calce_CS2_35,1,0.9999641180038452,1.0,0.9641599378611039,0.9888869290854221
calce_CS2_35,1,0.9999610185623169,1.0,0.9641595514512862,0.9884804640107426
calce_CS2_35,1,0.9999610185623169,1.0,0.9641595514512862,0.9884804640107426
calce_CS2_35,1,0.9999641180038452,1.0,0.9641599378611039,0.9888869290854221
calce_CS2_35,1,0.9999641180038452,1.0,0.9641599378611039,0.9888869290854221
calce_CS2_35,1,0.9999641180038452,1.0,0.9641599378611039,0.9888869290854221
calce_CS2_35,1,0.9999610185623169,1.0,0.9641595514512862,0.9884804640107426
calce_CS2_35,1,0.9999641180038452,1.0,0.9641599378611039,0.9888869290854221
calce_CS2_35,1,0.9999610185623169,1.0,0.9641595514512862,0.9884804640107426
calce_CS2_35,1,0.9999641180038452,1.0,0.9641599378611039,0.9888869290854221
calce_CS2_35,1,0.9999610185623169,1.0,0.9641595514512862,0.9884804640107426
calce_CS2_35,1,0.9999641180038452,1.0,0.9641599378611039,0.9888869290854221
calce_CS2_35,1,0.9999641180038452,1.0,0.9641599378611039,0.9888869290854221
calce_CS2_35,1,0.9999641180038452,1.0,0.9641599378611039,0.9888869290854221
calce_CS2_35,1,0.9999641180038452,1.0,0.9641599378611039,0.9888869290854221
calce_CS2_35,1,0.9999641180038452,1.0,0.9641599378611039,0.9888869290854221
calce_CS2_35,1,0.9999610185623169,1.0,0.9641595514512862,0.9884804640107426
calce_CS2_35,1,0.9999641180038452,1.0,0.9641599378611039,0.9888869290854221
calce_CS2_35,1,0.9999641180038452,1.0,0.9641599378611039,0.9888869290854221
calce_CS2_35,1,0.9999641180038452,1.0,0.9641599378611039,0.9888869290854221
calce_CS2_35,1,0.9999610185623169,1.0,0.9641595514512862,0.9884804640107426
calce_CS2_35,1,0.9999641180038452,1.0,0.9641599378611039,0.9888869290854221
calce_CS2_35,1,0.9999641180038452,1.0,0.9641599378611039,0.9888869290854221
calce_CS2_35,1,0.9999641180038452,1.0,0.9641599378611039,0.9888869290854221
calce_CS2_35,1,0.9999641180038452,1.0,0.9641599378611039,0.9888869290854221
calce_CS2_35,1,0.9999641180038452,1.0,0.9641599378611039,0.9888869290854221
calce_CS2_35,1,0.9999641180038452,1.0,0.9641599378611039,0.9888869290854221
calce_CS2_35,1,0.9999641180038452,1.0,0.9641599378611039,0.9888869290854221
calce_CS2_35,1,0.9999641180038452,1.0,0.9641599378611039,0.9888869290854221
calce_CS2_35,1,0.9999641180038452,1.0,0.9641599378611039,0.9888869290854221
calce_CS2_35,1,0.9999610185623169,1.0,0.9641595514512862,0.9884804640107426
calce_CS2_35,1,0.9999641180038452,1.0,0.9641599378611039,0.9888869290854221
calce_CS2_35,1,0.9999641180038452,1.0,0.9641599378611039,0.9888869290854221
calce_CS2_35,1,0.9999641180038452,1.0,0.9641599378611039,0.9888869290854221
calce_CS2_35,1,0.9999610185623169,1.0,0.9641595514512862,0.9884804640107426
calce_CS2_35,1,0.9999641180038452,1.0,0.9641599378611039,0.9888869290854221
calce_CS2_35,1,0.9999610185623169,1.0,0.9641595514512862,0.9884804640107426
calce_CS2_35,1,0.9999641180038452,1.0,0.9641599378611039,0.9888869290854221
calce_CS2_35,1,0.9999641180038452,1.0,0.9641599378611039,0.9888869290854221
calce_CS2_35,1,0.9999610185623169,1.0,0.9641595514512862,0.9884804640107426
calce_CS2_35,1,0.9999641180038452,1.0,0.9641599378611039,0.9888869290854221
calce_CS2_35,1,0.9999641180038452,1.0,0.9641599378611039,0.9888869290854221
calce_CS2_35,1,0.9999610185623169,1.0,0.9641595514512862,0.9884804640107426
calce_CS2_35,1,0.9999641180038452,1.0,0.9641599378611039,0.9888869290854221
calce_CS2_35,1,0.9999641180038452,1.0,0.9641599378611039,0.9888869290854221
calce_CS2_35,1,0.9999641180038452,1.0,0.9641599378611039,0.9888869290854221
calce_CS2_35,1,0.9999641180038452,1.0,0.9641599378611039,0.9888869290854221
calce_CS2_35,1,0.9999641180038452,1.0,0.9641599378611039,0.9888869290854221
calce_CS2_35,1,0.9999641180038452,1.0,0.9641599378611039,0.9888869290854221
calce_CS2_35,1,0.9999641180038452,1.0,0.9641599378611039,0.9888869290854221
calce_CS2_35,1,0.9999641180038452,1.0,0.9641599378611039,0.9888869290854221
calce_CS2_35,1,0.9999610185623169,1.0,0.9641595514512862,0.9884804640107426
calce_CS2_35,1,0.9999610185623169,1.0,0.9641595514512862,0.9884804640107426
calce_CS2_35,1,0.9999641180038452,1.0,0.9641599378611039,0.9888869290854221
calce_CS2_35,1,0.9999641180038452,1.0,0.9641599378611039,0.9888869290854221
calce_CS2_35,1,0.9999641180038452,1.0,0.9641599378611039,0.9888869290854221
calce_CS2_35,1,0.9999610185623169,1.0,0.9641595514512862,0.9884804640107426
calce_CS2_35,1,0.9999641180038452,1.0,0.9641599378611039,0.9888869290854221
calce_CS2_35,1,0.9999610185623169,1.0,0.9641595514512862,0.9884804640107426
calce_CS2_35,1,0.9999641180038452,1.0,0.9641599378611039,0.9888869290854221
calce_CS2_35,1,0.9999610185623169,1.0,0.9641595514512862,0.9884804640107426
calce_CS2_35,1,0.9999641180038452,1.0,0.9641599378611039,0.9888869290854221
calce_CS2_35,1,0.9999641180038452,1.0,0.9641599378611039,0.9888869290854221
calce_CS2_35,1,0.9999641180038452,1.0,0.9641599378611039,0.9888869290854221
calce_CS2_35,1,0.9999641180038452,1.0,0.9641599378611039,0.9888869290854221
calce_CS2_35,1,0.9999641180038452,1.0,0.9641599378611039,0.9888869290854221
calce_CS2_35,1,0.9999610185623169,1.0,0.9641595514512862,0.9884804640107426
calce_CS2_35,1,0.9999641180038452,1.0,0.9641599378611039,0.9888869290854221
calce_CS2_35,1,0.9999641180038452,1.0,0.9641599378611039,0.9888869290854221
calce_CS2_35,1,0.9999641180038452,1.0,0.9641599378611039,0.9888869290854221
calce_CS2_35,1,0.9999610185623169,1.0,0.9641595514512862,0.9884804640107426
calce_CS2_35,1,0.9999641180038452,1.0,0.9641599378611039,0.9888869290854221
calce_CS2_35,1,0.9999641180038452,1.0,0.9641599378611039,0.9888869290854221
calce_CS2_35,1,0.9999641180038452,1.0,0.9641599378611039,0.9888869290854221
calce_CS2_35,1,0.9999641180038452,1.0,0.9641599378611039,0.9888869290854221
calce_CS2_35,1,0.9999641180038452,1.0,0.9641599378611039,0.9888869290854221
calce_CS2_35,1,0.9999641180038452,1.0,0.9641599378611039,0.9888869290854221
calce_CS2_35,1,0.9999641180038452,1.0,0.9641599378611039,0.9888869290854221
calce_CS2_35,1,0.9999641180038452,1.0,0.9641599378611039,0.9888869290854221
calce_CS2_35,1,0.9999641180038452,1.0,0.9641599378611039,0.9888869290854221
calce_CS2_35,1,0.9999336004257202,1.0,0.9641561330358965,0.9854935506338316
calce_CS2_35,1,0.9999336004257202,1.0,0.9641561330358965,0.9854935506338316
calce_CS2_35,1,0.9999336004257202,1.0,0.9641561330358965,0.9854935506338316
calce_CS2_35,1,0.9999476671218872,1.0,0.9641578868708301,0.986912895049433
calce_CS2_35,1,0.9999247789382935,1.0,0.9641550331311546,0.9846903351132036
calce_CS2_35,1,0.9999247789382935,1.0,0.9641550331311546,0.9846903351132036
calce_CS2_35,1,0.9999476671218872,1.0,0.9641578868708301,0.986912895049433
calce_CS2_35,1,0.9999476671218872,1.0,0.9641578868708301,0.986912895049433
calce_CS2_35,1,0.9999247789382935,1.0,0.9641550331311546,0.9846903351132036
calce_CS2_35,1,0.9999247789382935,1.0,0.9641550331311546,0.9846903351132036
calce_CS2_35,1,0.9999476671218872,1.0,0.9641578868708301,0.986912895049433
calce_CS2_35,1,0.9999247789382935,1.0,0.9641550331311546,0.9846903351132036
calce_CS2_35,1,0.9999476671218872,1.0,0.9641578868708301,0.986912895049433
calce_CS2_35,1,0.9999247789382935,1.0,0.9641550331311546,0.9846903351132036
calce_CS2_35,1,0.9999476671218872,1.0,0.9641578868708301,0.986912895049433
calce_CS2_35,1,0.9999336004257202,1.0,0.9641561330358965,0.9854935506338316
calce_CS2_35,1,0.9999336004257202,1.0,0.9641561330358965,0.9854935506338316
calce_CS2_35,1,0.9999336004257202,1.0,0.9641561330358965,0.9854935506338316
calce_CS2_35,1,0.9999247789382935,1.0,0.9641550331311546,0.9846903351132036
calce_CS2_35,1,0.9999247789382935,1.0,0.9641550331311546,0.9846903351132036
calce_CS2_35,1,0.9999247789382935,1.0,0.9641550331311546,0.9846903351132036
calce_CS2_35,1,0.9999247789382935,1.0,0.9641550331311546,0.9846903351132036
calce_CS2_35,1,0.9999463558197021,1.0,0.9641577233812353,0.9867719711728664
calce_CS2_35,1,0.9999463558197021,1.0,0.9641577233812353,0.9867719711728664
calce_CS2_35,1,0.9999247789382935,1.0,0.9641550331311546,0.9846903351132036
calce_CS2_35,1,0.9999247789382935,1.0,0.9641550331311546,0.9846903351132036
calce_CS2_35,1,0.9999336004257202,1.0,0.9641561330358965,0.9854935506338316
calce_CS2_35,1,0.9999247789382935,1.0,0.9641550331311546,0.9846903351132036
calce_CS2_35,1,0.9999247789382935,1.0,0.9641550331311546,0.9846903351132036
calce_CS2_35,1,0.9999247789382935,1.0,0.9641550331311546,0.9846903351132036
calce_CS2_35,1,0.9999476671218872,1.0,0.9641578868708301,0.986912895049433
calce_CS2_35,1,0.9999476671218872,1.0,0.9641578868708301,0.986912895049433
calce_CS2_35,1,0.9999247789382935,1.0,0.9641550331311546,0.9846903351132036
calce_CS2_35,1,0.9999247789382935,1.0,0.9641550331311546,0.9846903351132036
calce_CS2_35,1,0.9999336004257202,1.0,0.9641561330358965,0.9854935506338316
calce_CS2_35,1,0.9999476671218872,1.0,0.9641578868708301,0.986912895049433
calce_CS2_35,1,0.9999247789382935,1.0,0.9641550331311546,0.9846903351132036
calce_CS2_35,1,0.9999247789382935,1.0,0.9641550331311546,0.9846903351132036
calce_CS2_35,1,0.9999476671218872,1.0,0.9641578868708301,0.986912895049433
calce_CS2_35,1,0.9999247789382935,1.0,0.9641550331311546,0.9846903351132036
calce_CS2_35,1,0.9999336004257202,1.0,0.9641561330358965,0.9854935506338316
calce_CS2_35,1,0.9999247789382935,1.0,0.9641550331311546,0.9846903351132036
calce_CS2_35,1,0.9999322891235352,1.0,0.9641559695385993,0.9853704283521338
calce_CS2_35,1,0.9999233484268188,1.0,0.9641548547651614,0.9845652826268873
calce_CS2_35,1,0.9999182224273682,1.0,0.9641542156133345,0.9841278731673893
calce_CS2_35,1,0.9998825788497925,0.9961538461538462,0.9641497709751033,0.981449454922518
calce_CS2_35,1,0.9999476671218872,1.0,0.9641578868708301,0.986912895049433
calce_CS2_35,1,0.9999336004257202,1.0,0.9641561330358965,0.9854935506338316
calce_CS2_35,1,0.9999476671218872,1.0,0.9641578868708301,0.986912895049433
calce_CS2_35,1,0.9998937845230103,1.0,0.9641511683433018,0.9822335904263193
calce_CS2_35,1,0.9998825788497925,0.9961538461538462,0.9641497709751033,0.981449454922518
calce_CS2_35,1,0.9998825788497925,0.9961538461538462,0.9641497709751033,0.981449454922518
calce_CS2_35,1,0.9998937845230103,1.0,0.9641511683433018,0.9822335904263193
calce_CS2_35,1,0.9998825788497925,0.9961538461538462,0.9641497709751033,0.981449454922518
calce_CS2_35,1,0.9999182224273682,1.0,0.9641542156133345,0.9841278731673893
calce_CS2_35,1,0.9999476671218872,1.0,0.9641578868708301,0.986912895049433
calce_CS2_35,1,0.9999476671218872,1.0,0.9641578868708301,0.986912895049433
calce_CS2_35,1,0.9999182224273682,1.0,0.9641542156133345,0.9841278731673893
calce_CS2_35,1,0.9998751878738403,0.9961538461538462,0.9641488492780145,0.9809556935315655
calce_CS2_35,1,0.9999182224273682,1.0,0.9641542156133345,0.9841278731673893
calce_CS2_35,1,0.9998854398727417,1.0,0.964150127754948,0.9816453999204952
calce_CS2_35,1,0.9998636245727539,0.9924774322968907,0.9641474072222829,0.9802160001332327
calce_CS2_35,1,0.9999182224273682,1.0,0.9641542156133345,0.9841278731673893
calce_CS2_35,1,0.9998937845230103,1.0,0.9641511683433018,0.9822335904263193
calce_CS2_35,1,0.9998766183853149,0.9961538461538462,0.9641490276727802,0.9810499144387783
calce_CS2_35,1,0.9998766183853149,0.9961538461538462,0.9641490276727802,0.9810499144387783
calce_CS2_35,1,0.9998636245727539,0.9924774322968907,0.9641474072222829,0.9802160001332327
calce_CS2_35,1,0.9998766183853149,0.9961538461538462,0.9641490276727802,0.9810499144387783
calce_CS2_35,1,0.9998685121536255,0.9947089947089947,0.9641480167578081,0.9805240474188408
calce_CS2_35,1,0.9998636245727539,0.9924774322968907,0.9641474072222829,0.9802160001332327
calce_CS2_35,1,0.999904990196228,1.0,0.964152565659059,0.9830670529997995
calce_CS2_35,1,0.9998685121536255,0.9947089947089947,0.9641480167578081,0.9805240474188408
calce_CS2_35,1,0.9999182224273682,1.0,0.9641542156133345,0.9841278731673893
calce_CS2_35,1,0.9999414682388306,1.0,0.9641571140046016,0.9862634124338945
calce_CS2_35,1,0.9999382495880127,1.0,0.9641567127023467,0.9859416987889166
calce_CS2_35,1,0.9999164342880249,1.0,0.9641539926508135,0.9839790127193122
calce_CS2_35,1,0.9999158382415771,1.0,0.9641539183296765,0.983929800408656
calce_CS2_35,1,0.9998766183853149,0.9961538461538462,0.9641490276727802,0.9810499144387783
calce_CS2_35,1,0.999908447265625,1.0,0.9641529967352503,0.9833355331982012
calce_CS2_35,1,0.9998766183853149,0.9961538461538462,0.9641490276727802,0.9810499144387783
calce_CS2_35,1,0.9998766183853149,0.9961538461538462,0.9641490276727802,0.9810499144387783
calce_CS2_35,1,0.999908447265625,1.0,0.9641529967352503,0.9833355331982012
calce_CS2_35,1,0.9998766183853149,0.9961538461538462,0.9641490276727802,0.9810499144387783
calce_CS2_35,1,0.9998685121536255,0.9947089947089947,0.9641480167578081,0.9805240474188408
calce_CS2_35,1,0.9998766183853149,0.9961538461538462,0.9641490276727802,0.9810499144387783
calce_CS2_35,1,0.9999089241027832,1.0,0.9641530561936437,0.9833730204449942
calce_CS2_35,1,0.9999089241027832,1.0,0.9641530561936437,0.9833730204449942
calce_CS2_35,1,0.9999089241027832,1.0,0.9641530561936437,0.9833730204449942
calce_CS2_35,1,0.9999158382415771,1.0,0.9641539183296765,0.983929800408656
calce_CS2_35,1,0.9999414682388306,1.0,0.9641571140046016,0.9862634124338945
calce_CS2_35,1,0.9999158382415771,1.0,0.9641539183296765,0.983929800408656
calce_CS2_35,1,0.999936580657959,1.0,0.9641565046179927,0.9857786659012507
calce_CS2_35,1,0.9999089241027832,1.0,0.9641530561936437,0.9833730204449942
calce_CS2_35,1,0.9999105930328369,1.0,0.9641532642972725,0.9835051234724568
calce_CS2_35,1,0.9998847246170044,0.9961538461538462,0.9641500385603073,0.9815961511518025
calce_CS2_35,1,0.9998847246170044,0.9961538461538462,0.9641500385603073,0.9815961511518025
calce_CS2_35,1,0.9999172687530518,1.0,0.9641540967001562,0.9840482504823871
calce_CS2_35,1,0.9999172687530518,1.0,0.9641540967001562,0.9840482504823871
calce_CS2_35,1,0.9998754262924194,0.9961538461538462,0.9641488790105348,0.9809713535107636
calce_CS2_35,1,0.9999116659164429,1.0,0.9641533980775627,0.9835907981001578
calce_CS2_35,1,0.9999399185180664,1.0,0.9641569207855375,0.9861072797189585
calce_CS2_35,1,0.9998295307159424,0.9924774322968907,0.9641431550627668,0.9782261115398897
calce_CS2_35,1,0.9998829364776611,0.9961538461538462,0.9641498155727708,0.9814737961368307
calce_CS2_35,1,0.9998769760131836,0.9961538461538462,0.9641490722713378,0.9810735681938979
calce_CS2_35,1,0.9999041557312012,1.0,0.9641524616054374,0.9830030941590429
calce_CS2_35,1,0.9999116659164429,1.0,0.9641533980775627,0.9835907981001578
calce_CS2_35,1,0.9999399185180664,1.0,0.9641569207855375,0.9861072797189585
calce_CS2_35,1,0.9998295307159424,0.9924774322968907,0.9641431550627668,0.9782261115398897
calce_CS2_35,1,0.9998629093170166,0.9924774322968907,0.9641473180211252,0.9801714589413474
calce_CS2_35,1,0.9998981952667236,1.0,0.9641517183568263,0.982555304028252
calce_CS2_35,1,0.9998646974563599,0.9924774322968907,0.9641475410236187,0.9802830661041342
calce_CS2_35,1,0.9999172687530518,1.0,0.9641540967001562,0.9840482504823871
calce_CS2_35,1,0.9999198913574219,1.0,0.9641544237104829,0.9842685085288502
calce_CS2_35,1,0.9998997449874878,1.0,0.9641519116028926,0.9826702427556301
calce_CS2_35,1,0.9998549222946167,0.9924774322968907,0.9641463219270157,0.9796829600620217
calce_CS2_35,1,0.9998469352722168,0.9924774322968907,0.964145325806261,0.9792097988297929
calce_CS2_35,1,0.9999442100524902,1.0,0.9641574558512586,0.9865455635322117
calce_CS2_35,1,0.9998201727867126,0.9924774322968907,0.9641419878641293,0.9777212138527762
calce_CS2_35,1,0.9998201727867126,0.9924774322968907,0.9641419878641293,0.9777212138527762
calce_CS2_35,1,0.9998769760131836,0.9961538461538462,0.9641490722713378,0.9810735681938979
calce_CS2_35,1,0.9998847246170044,0.9961538461538462,0.9641500385603073,0.9815961511518025
calce_CS2_35,1,0.9998997449874878,1.0,0.9641519116028926,0.9826702427556301
calce_CS2_35,1,0.9998469352722168,0.9924774322968907,0.964145325806261,0.9792097988297929
calce_CS2_35,1,0.9998891353607178,1.0,0.9641505885905212,0.9819027246654296
calce_CS2_35,1,0.9999172687530518,1.0,0.9641540967001562,0.9840482504823871
calce_CS2_35,1,0.9999442100524902,1.0,0.9641574558512586,0.9865455635322117
calce_CS2_35,1,0.9998997449874878,1.0,0.9641519116028926,0.9826702427556301
calce_CS2_35,1,0.9998997449874878,1.0,0.9641519116028926,0.9826702427556301
calce_CS2_35,1,0.9999018907546997,1.0,0.9641521791727129,0.9828310927003744
calce_CS2_35,1,0.9998997449874878,1.0,0.9641519116028926,0.9826702427556301
calce_CS2_35,1,0.9999135732650757,1.0,0.9641536359080024,0.9837446004612093
calce_CS2_35,1,0.9999399185180664,1.0,0.9641569207855375,0.9861072797189585
calce_CS2_35,1,0.9999116659164429,1.0,0.9641533980775627,0.9835907981001578
calce_CS2_35,1,0.9999116659164429,1.0,0.9641533980775627,0.9835907981001578
calce_CS2_35,1,0.9999116659164429,1.0,0.9641533980775627,0.9835907981001578
calce_CS2_35,1,0.9999135732650757,1.0,0.9641536359080024,0.9837446004612093
calce_CS2_35,1,0.9999164342880249,1.0,0.9641539926508135,0.9839790127193122
calce_CS2_35,1,0.9999164342880249,1.0,0.9641539926508135,0.9839790127193122
calce_CS2_35,1,0.9999431371688843,1.0,0.9641573220855494,0.9864342299057718
calce_CS2_35,1,0.9999431371688843,1.0,0.9641573220855494,0.9864342299057718
calce_CS2_35,1,0.9999182224273682,1.0,0.9641542156133345,0.9841278731673893
calce_CS2_35,1,0.9999164342880249,1.0,0.9641539926508135,0.9839790127193122
calce_CS2_35,1,0.9999431371688843,1.0,0.9641573220855494,0.9864342299057718
calce_CS2_35,1,0.9999182224273682,1.0,0.9641542156133345,0.9841278731673893
calce_CS2_35,1,0.9998862743377686,1.0,0.9641502318150921,0.981703081741615
calce_CS2_35,1,0.9999172687530518,1.0,0.9641540967001562,0.9840482504823871
calce_CS2_35,1,0.9998410940170288,0.9924774322968907,0.9641445972831676,0.9788727469356623
calce_CS2_35,1,0.9998829364776611,0.9961538461538462,0.9641498155727708,0.9814737961368307
calce_CS2_35,1,0.9998829364776611,0.9961538461538462,0.9641498155727708,0.9814737961368307
calce_CS2_35,1,0.9998862743377686,1.0,0.9641502318150921,0.981703081741615
calce_CS2_35,1,0.9999198913574219,1.0,0.9641544237104829,0.9842685085288502
calce_CS2_35,1,0.9998787641525269,0.9961538461538462,0.9641492952633258,0.9811924371747694
calce_CS2_35,1,0.9998201727867126,0.9924774322968907,0.9641419878641293,0.9777212138527762
calce_CS2_35,1,0.9999247789382935,1.0,0.9641550331311546,0.9846903351132036
calce_CS2_35,1,0.9999476671218872,1.0,0.9641578868708301,0.986912895049433
calce_CS2_35,1,0.9999247789382935,1.0,0.9641550331311546,0.9846903351132036
calce_CS2_35,1,0.9999476671218872,1.0,0.9641578868708301,0.986912895049433
calce_CS2_35,1,0.9999247789382935,1.0,0.9641550331311546,0.9846903351132036
calce_CS2_35,1,0.9999403953552246,1.0,0.9641569802376639,0.9861550719877764
calce_CS2_35,1,0.9999247789382935,1.0,0.9641550331311546,0.9846903351132036
calce_CS2_35,1,0.9999336004257202,1.0,0.9641561330358965,0.9854935506338316
calce_CS2_35,1,0.9999336004257202,1.0,0.9641561330358965,0.9854935506338316
calce_CS2_35,1,0.9999247789382935,1.0,0.9641550331311546,0.9846903351132036
calce_CS2_35,1,0.9999476671218872,1.0,0.9641578868708301,0.986912895049433
calce_CS2_35,1,0.9999476671218872,1.0,0.9641578868708301,0.986912895049433
calce_CS2_35,1,0.9999336004257202,1.0,0.9641561330358965,0.9854935506338316
calce_CS2_35,1,0.9999233484268188,1.0,0.9641548547651614,0.9845652826268873
calce_CS2_35,1,0.9999465942382812,1.0,0.9641577531066695,0.9867974456820926
calce_CS2_35,1,0.9998937845230103,1.0,0.9641511683433018,0.9822335904263193
calce_CS2_35,1,0.9999182224273682,1.0,0.9641542156133345,0.9841278731673893
calce_CS2_35,1,0.9998937845230103,1.0,0.9641511683433018,0.9822335904263193
calce_CS2_35,1,0.9998825788497925,0.9961538461538462,0.9641497709751033,0.981449454922518
calce_CS2_35,1,0.9998854398727417,1.0,0.964150127754948,0.9816453999204952
calce_CS2_35,1,0.999904990196228,1.0,0.964152565659059,0.9830670529997995
calce_CS2_35,1,0.9998636245727539,0.9924774322968907,0.9641474072222829,0.9802160001332327
calce_CS2_35,1,0.9998636245727539,0.9924774322968907,0.9641474072222829,0.9802160001332327
calce_CS2_35,1,0.9998636245727539,0.9924774322968907,0.9641474072222829,0.9802160001332327
calce_CS2_35,1,0.9998636245727539,0.9924774322968907,0.9641474072222829,0.9802160001332327
calce_CS2_35,1,0.9998636245727539,0.9924774322968907,0.9641474072222829,0.9802160001332327
calce_CS2_35,1,0.9998766183853149,0.9961538461538462,0.9641490276727802,0.9810499144387783
calce_CS2_35,1,0.999904990196228,1.0,0.964152565659059,0.9830670529997995
calce_CS2_35,1,0.9998766183853149,0.9961538461538462,0.9641490276727802,0.9810499144387783
calce_CS2_35,1,0.999904990196228,1.0,0.964152565659059,0.9830670529997995
calce_CS2_35,1,0.9998766183853149,0.9961538461538462,0.9641490276727802,0.9810499144387783
calce_CS2_35,1,0.999904990196228,1.0,0.964152565659059,0.9830670529997995
calce_CS2_35,1,0.9998636245727539,0.9924774322968907,0.9641474072222829,0.9802160001332327
calce_CS2_35,1,0.9998766183853149,0.9961538461538462,0.9641490276727802,0.9810499144387783
calce_CS2_35,1,0.9998685121536255,0.9947089947089947,0.9641480167578081,0.9805240474188408
calce_CS2_35,1,0.9998766183853149,0.9961538461538462,0.9641490276727802,0.9810499144387783
calce_CS2_35,1,0.9998766183853149,0.9961538461538462,0.9641490276727802,0.9810499144387783
calce_CS2_35,1,0.9999089241027832,1.0,0.9641530561936437,0.9833730204449942
calce_CS2_35,1,0.9999414682388306,1.0,0.9641571140046016,0.9862634124338945
calce_CS2_35,1,0.9999158382415771,1.0,0.9641539183296765,0.983929800408656
calce_CS2_35,1,0.9999399185180664,1.0,0.9641569207855375,0.9861072797189585
calce_CS2_35,1,0.9999006986618042,1.0,0.9641520305230502,0.9827414841116751
calce_CS2_35,1,0.9998847246170044,0.9961538461538462,0.9641500385603073,0.9815961511518025
calce_CS2_35,1,0.9998787641525269,0.9961538461538462,0.9641492952633258,0.9811924371747694
calce_CS2_35,1,0.9999089241027832,1.0,0.9641530561936437,0.9833730204449942
calce_CS2_35,1,0.9999182224273682,1.0,0.9641542156133345,0.9841278731673893
calce_CS2_35,1,0.9999414682388306,1.0,0.9641571140046016,0.9862634124338945
calce_CS2_35,1,0.999904990196228,1.0,0.964152565659059,0.9830670529997995
calce_CS2_35,1,0.999904990196228,1.0,0.964152565659059,0.9830670529997995
calce_CS2_35,1,0.9999164342880249,1.0,0.9641539926508135,0.9839790127193122
calce_CS2_35,1,0.9999401569366455,1.0,0.9641569505116127,0.9861311485513075
calce_CS2_33,0,0.007885274477303028,0.4772296015180265,0.6146701599294935,0.18240914991895135
calce_CS2_33,0,0.007885274477303028,0.4772296015180265,0.6146701599294935,0.18240914991895135
calce_CS2_33,0,0.008216509595513344,0.4772296015180265,0.614831461839579,0.18433649750285916
calce_CS2_33,0,0.007885274477303028,0.4772296015180265,0.6146701599294935,0.18240914991895135
calce_CS2_33,0,0.005660254508256912,0.4772296015180265,0.6135859880866346,0.16746953849700325
calce_CS2_33,0,0.007885274477303028,0.4772296015180265,0.6146701599294935,0.18240914991895135
calce_CS2_33,0,0.007885274477303028,0.4772296015180265,0.6146701599294935,0.18240914991895135
calce_CS2_33,0,0.007885274477303028,0.4772296015180265,0.6146701599294935,0.18240914991895135
calce_CS2_33,0,0.005660254508256912,0.4772296015180265,0.6135859880866346,0.16746953849700325
calce_CS2_33,0,0.005660254508256912,0.4772296015180265,0.6135859880866346,0.16746953849700325
calce_CS2_33,0,0.005660254508256912,0.4772296015180265,0.6135859880866346,0.16746953849700325
calce_CS2_33,0,0.007885274477303028,0.4772296015180265,0.6146701599294935,0.18240914991895135
calce_CS2_33,0,0.005660254508256912,0.4772296015180265,0.6135859880866346,0.16746953849700325
calce_CS2_33,1,0.005660254508256912,0.4772296015180265,0.6135859880866346,0.16746953849700325
calce_CS2_33,1,0.007885274477303028,0.4772296015180265,0.6146701599294935,0.18240914991895135
calce_CS2_33,1,0.007885274477303028,0.4772296015180265,0.6146701599294935,0.18240914991895135
calce_CS2_33,1,0.007885274477303028,0.4772296015180265,0.6146701599294935,0.18240914991895135
calce_CS2_33,1,0.007885274477303028,0.4772296015180265,0.6146701599294935,0.18240914991895135
calce_CS2_33,1,0.005660254508256912,0.4772296015180265,0.6135859880866346,0.16746953849700325
calce_CS2_33,1,0.005660254508256912,0.4772296015180265,0.6135859880866346,0.16746953849700325
calce_CS2_33,1,0.005660254508256912,0.4772296015180265,0.6135859880866346,0.16746953849700325
calce_CS2_33,1,0.005660254508256912,0.4772296015180265,0.6135859880866346,0.16746953849700325
calce_CS2_33,1,0.008345531299710274,0.4772296015180265,0.614894284847422,0.1850705549819176
calce_CS2_33,1,0.004568702075630426,0.4772296015180265,0.6130537012248065,0.1583600516461631
calce_CS2_33,1,0.006571741309016943,0.4772296015180265,0.6140302595408559,0.17406931453380503
calce_CS2_33,1,0.006571741309016943,0.4772296015180265,0.6140302595408559,0.17406931453380503
calce_CS2_33,1,0.004715604707598686,0.4772296015180265,0.6131253528845686,0.15967934796479005
calce_CS2_33,1,0.004568702075630426,0.4772296015180265,0.6130537012248065,0.1583600516461631
calce_CS2_33,1,0.01361151784658432,0.4772296015180265,0.6174551002447087,0.20933624181414748
calce_CS2_33,1,0.008345531299710274,0.4772296015180265,0.614894284847422,0.1850705549819176
calce_CS2_33,1,0.006130917463451624,0.4772296015180265,0.6138154194796436,0.17097423041343543
calce_CS2_33,1,0.004398736637085676,0.4772296015180265,0.6129707945902819,0.15679155456177937
calce_CS2_33,1,0.006367385853081942,0.4772296015180265,0.6139306703123171,0.17265555720723094
calce_CS2_33,1,0.006571741309016943,0.4772296015180265,0.6140302595408559,0.17406931453380503
calce_CS2_33,1,0.004568702075630426,0.4772296015180265,0.6130537012248065,0.1583600516461631
calce_CS2_33,1,0.006130917463451624,0.4772296015180265,0.6138154194796436,0.17097423041343543
calce_CS2_33,1,0.004398736637085676,0.4772296015180265,0.6129707945902819,0.15679155456177937
calce_CS2_33,1,0.0055804201401770115,0.4772296015180265,0.6135470666748756,0.16685249049248935
calce_CS2_33,1,0.004568702075630426,0.4772296015180265,0.6130537012248065,0.1583600516461631
calce_CS2_33,1,0.004568702075630426,0.4772296015180265,0.6130537012248065,0.1583600516461631
calce_CS2_33,1,0.003492749063298106,0.4772296015180265,0.6125287568602851,0.14752624200131176
calce_CS2_33,1,0.0050138202495872974,0.4772296015180265,0.6132707922518504,0.16226150496618028
calce_CS2_33,1,0.003492749063298106,0.4772296015180265,0.6125287568602851,0.14752624200131176
calce_CS2_33,1,0.004003146197646856,0.4772296015180265,0.6127778060638223,0.1529486445747034
calce_CS2_33,1,0.004398736637085676,0.4772296015180265,0.6129707945902819,0.15679155456177937
calce_CS2_33,1,0.006367385853081942,0.4772296015180265,0.6139306703123171,0.17265555720723094
calce_CS2_33,1,0.004568702075630426,0.4772296015180265,0.6130537012248065,0.1583600516461631
calce_CS2_33,1,0.006367385853081942,0.4772296015180265,0.6139306703123171,0.17265555720723094
calce_CS2_33,1,0.006367385853081942,0.4772296015180265,0.6139306703123171,0.17265555720723094
calce_CS2_33,1,0.004568702075630426,0.4772296015180265,0.6130537012248065,0.1583600516461631
calce_CS2_33,1,0.006367385853081942,0.4772296015180265,0.6139306703123171,0.17265555720723094
calce_CS2_33,1,0.006367385853081942,0.4772296015180265,0.6139306703123171,0.17265555720723094
calce_CS2_33,1,0.006367385853081942,0.4772296015180265,0.6139306703123171,0.17265555720723094
calce_CS2_33,1,0.006367385853081942,0.4772296015180265,0.6139306703123171,0.17265555720723094
calce_CS2_33,1,0.004568702075630426,0.4772296015180265,0.6130537012248065,0.1583600516461631
calce_CS2_33,1,0.006367385853081942,0.4772296015180265,0.6139306703123171,0.17265555720723094
calce_CS2_33,1,0.004398736637085676,0.4772296015180265,0.6129707945902819,0.15679155456177937
calce_CS2_33,1,0.0029683050233870745,0.4772296015180265,0.6122727921637781,0.14127018981101974
calce_CS2_33,1,0.0043311710469424725,0.4772296015180265,0.6129378352729988,0.15615485651951697
calce_CS2_33,1,0.002923887688666582,0.4772296015180265,0.6122511106059753,0.14070197593771977
calce_CS2_33,1,0.0055804201401770115,0.4772296015180265,0.6135470666748756,0.16685249049248935
calce_CS2_33,1,0.004003146197646856,0.4772296015180265,0.6127778060638223,0.1529486445747034
calce_CS2_33,1,0.007843838073313236,0.4772296015180265,0.61464997982689,0.18216354673726173
calce_CS2_33,1,0.0047173528000712395,0.4772296015180265,0.6131262054860193,0.15969485223610833
calce_CS2_33,1,0.0047173528000712395,0.4772296015180265,0.6131262054860193,0.15969485223610833
calce_CS2_33,1,0.0047173528000712395,0.4772296015180265,0.6131262054860193,0.15969485223610833
calce_CS2_33,1,0.005102247931063175,0.4772296015180265,0.6133139144453158,0.16300398341857703
calce_CS2_33,1,0.0071361372247338295,0.4772296015180265,0.6143052588950719,0.17780109198346533
calce_CS2_33,1,0.011016936972737312,0.4772296015180265,0.6161941774456817,0.1985529782321838
calce_CS2_33,1,0.007073075510561466,0.4772296015180265,0.6142745359775552,0.17739596706444774
calce_CS2_33,1,0.006541445851325989,0.4772296015180265,0.6140154961563584,0.17386193819845625
calce_CS2_33,1,0.011016936972737312,0.4772296015180265,0.6161941774456817,0.1985529782321838
calce_CS2_33,1,0.01277350913733244,0.4772296015180265,0.6170480140039015,0.2060486289728641
calce_CS2_33,1,0.011818521656095982,0.4772296015180265,0.6165839018416077,0.2020840215408636
calce_CS2_33,1,0.007624618709087372,0.4772296015180265,0.6145432104016044,0.18084678588875264
calce_CS2_33,1,0.00887092761695385,0.4772296015180265,0.6151500702738123,0.18796968490817706
calce_CS2_33,1,0.00887092761695385,0.4772296015180265,0.6151500702738123,0.18796968490817706
calce_CS2_33,1,0.0147237628698349,0.4772296015180265,0.6179951499495332,0.21345727898483327
calce_CS2_33,1,0.00917930155992508,0.4772296015180265,0.6153001702891989,0.1896082101880975
calce_CS2_33,1,0.01023151259869337,0.4772296015180265,0.6158121652490134,0.19488785676919088
calce_CS2_33,1,0.011243999004364014,0.4772296015180265,0.616304588459452,0.199573533017642
calce_CS2_33,1,0.012286721728742123,0.4772296015180265,0.6168114679190374,0.20405860800071804
calce_CS2_33,1,0.018641196191310883,0.4772296015180265,0.6198949282769759,0.22622030441820068
calce_CS2_33,1,0.018641196191310883,0.4772296015180265,0.6198949282769759,0.22622030441820068
calce_CS2_33,1,0.012286721728742123,0.4772296015180265,0.6168114679190374,0.20405860800071804
calce_CS2_33,1,0.012286721728742123,0.4772296015180265,0.6168114679190374,0.20405860800071804
calce_CS2_33,1,0.018641196191310883,0.4772296015180265,0.6198949282769759,0.22622030441820068
calce_CS2_33,1,0.021607112139463425,0.4772296015180265,0.621330827988783,0.2345082403807487
calce_CS2_33,1,0.021607112139463425,0.4772296015180265,0.621330827988783,0.2345082403807487
calce_CS2_33,1,0.03817524388432503,0.4772296015180265,0.6293123451112649,0.2687186293078015
calce_CS2_33,1,0.021607112139463425,0.4772296015180265,0.621330827988783,0.2345082403807487
calce_CS2_33,1,0.021607112139463425,0.4772296015180265,0.621330827988783,0.2345082403807487
calce_CS2_33,1,0.021607112139463425,0.4772296015180265,0.621330827988783,0.2345082403807487
calce_CS2_33,1,0.017079778015613556,0.4772296015180265,0.6191381474748959,0.22141950682861294
calce_CS2_33,1,0.012718617916107178,0.4772296015180265,0.6170213433163744,0.20582730410962105
calce_CS2_33,1,0.01052582822740078,0.4772296015180265,0.6159553303103373,0.19628676821876834
calce_CS2_33,1,0.01052582822740078,0.4772296015180265,0.6159553303103373,0.19628676821876834
calce_CS2_33,1,0.01052582822740078,0.4772296015180265,0.6159553303103373,0.19628676821876834
calce_CS2_33,1,0.026082007214426994,0.4772296015180265,0.6234932495968479,0.24541722881712744
calce_CS2_33,1,0.015272597782313824,0.4772296015180265,0.6182615290190654,0.21539914865760593
calce_CS2_33,1,0.015272597782313824,0.4772296015180265,0.6182615290190654,0.21539914865760593
calce_CS2_33,1,0.015272597782313824,0.4772296015180265,0.6182615290190654,0.21539914865760593
calce_CS2_33,1,0.07272998988628387,0.4772296015180265,0.6457292549121798,0.312213482801382
calce_CS2_33,1,0.042930968105793,0.4772296015180265,0.6315905934273235,0.2762443936253864
calce_CS2_33,1,0.045034077018499374,0.4772296015180265,0.6325962337604939,0.27935842748443473
calce_CS2_33,1,0.14044490456581116,0.4772296015180265,0.6768981665226642,0.36306486419312684
calce_CS2_33,1,0.02928554266691208,0.4772296015180265,0.6250382964292555,0.25232722691922727
calce_CS2_33,1,0.02928554266691208,0.4772296015180265,0.6250382964292555,0.25232722691922727
calce_CS2_33,1,0.03512552008032799,0.4772296015180265,0.6278483215563327,0.263482000674864
calce_CS2_33,1,0.045681241899728775,0.4772296015180265,0.6329054560261136,0.28029296413431015
calce_CS2_33,1,0.0429496206343174,0.4772296015180265,0.6315995175222406,0.27627254979362553
calce_CS2_33,1,0.03512552008032799,0.4772296015180265,0.6278483215563327,0.263482000674864
calce_CS2_33,1,0.03512552008032799,0.4772296015180265,0.6278483215563327,0.263482000674864
calce_CS2_33,1,0.04186422750353813,0.4772296015180265,0.6310800735207887,0.2746173972891778
calce_CS2_33,1,0.03413742408156395,0.4772296015180265,0.62737347987955,0.2617061985267888
calce_CS2_33,1,0.031588662415742874,0.4772296015180265,0.6261475081758344,0.25692499453445256
calce_CS2_33,1,0.04186422750353813,0.4772296015180265,0.6310800735207887,0.2746173972891778
calce_CS2_33,1,0.059894267469644547,0.4772296015180265,0.6396686404978452,0.29853099213918516
calce_CS2_33,1,0.14273333549499512,0.4772296015180265,0.677926421251406,0.36441689754504963
calce_CS2_33,1,0.1282973289489746,0.4772296015180265,0.6714114165157485,0.35560093353356015
calce_CS2_33,1,0.10408768057823181,0.4772296015180265,0.6603369409622346,0.3389691286462961
calce_CS2_33,1,0.08590610325336456,0.4772296015180265,0.6519022739876673,0.3243854045222344
calce_CS2_33,1,0.08590610325336456,0.4772296015180265,0.6519022739876673,0.3243854045222344
calce_CS2_33,1,0.4093770682811737,0.4772296015180265,0.7845747240298891,0.4715988596581215
calce_CS2_33,1,0.4081936478614807,0.4772296015180265,0.7841631642285473,0.47122028003228666
calce_CS2_33,1,0.4081936478614807,0.4772296015180265,0.7841631642285473,0.47122028003228666
calce_CS2_33,1,0.4081936478614807,0.4772296015180265,0.7841631642285473,0.47122028003228666
calce_CS2_33,1,0.38971903920173645,0.4772296015180265,0.777664407730279,0.4652674386790301
calce_CS2_33,1,0.41078057885169983,0.4772296015180265,0.7850620865602611,0.47204745427239764
calce_CS2_33,1,0.41078057885169983,0.4772296015180265,0.7850620865602611,0.47204745427239764
calce_CS2_33,1,0.6472120881080627,0.4772296015180265,0.8558894663269437,0.5469300621088188
calce_CS2_33,1,0.4993586540222168,0.4772296015180265,0.8142017154672563,0.49980100902761626
calce_CS2_33,1,0.6472120881080627,0.4772296015180265,0.8558894663269437,0.5469300621088188
calce_CS2_33,1,0.6492505073547363,0.4772296015180265,0.8564056701799552,0.5476172701820399
calce_CS2_33,1,0.5476494431495667,0.4772296015180265,0.8287567137926546,0.5148248818321755
calce_CS2_33,1,0.617447555065155,0.4772296015180265,0.8481751026517944,0.5370657262125519
calce_CS2_33,1,0.617447555065155,0.4772296015180265,0.8481751026517944,0.5370657262125519
calce_CS2_33,1,0.5476494431495667,0.4772296015180265,0.8287567137926546,0.5148248818321755
calce_CS2_33,1,0.5635618567466736,0.4772296015180265,0.8333503233074973,0.5198182718031548
calce_CS2_33,1,0.6727772355079651,0.4772296015180265,0.8622526749903651,0.5556768439103529
calce_CS2_33,1,0.549119770526886,0.4772296015180265,0.8291853463778145,0.5152849765313502
calce_CS2_33,1,0.549119770526886,0.4772296015180265,0.8291853463778145,0.5152849765313502
calce_CS2_33,1,0.6690236330032349,0.4772296015180265,0.8613334071124706,0.5543741121029402
calce_CS2_33,1,0.6617628335952759,0.4772296015180265,0.8595406109058465,0.551872997660945
calce_CS2_33,1,0.678462028503418,0.4772296015180265,0.863635141665865,0.5576630819428294
calce_CS2_33,1,0.7420144081115723,0.4772296015180265,0.8783066885572252,0.5812215832206
calce_CS2_33,1,0.7420144081115723,0.4772296015180265,0.8783066885572252,0.5812215832206
calce_CS2_33,1,0.7420144081115723,0.4772296015180265,0.8783066885572252,0.5812215832206
calce_CS2_33,1,0.7504429817199707,0.4772296015180265,0.8801469536926133,0.5845792966185535
calce_CS2_33,1,0.678462028503418,0.4772296015180265,0.863635141665865,0.5576630819428294
calce_CS2_33,1,0.7420144081115723,0.4772296015180265,0.8783066885572252,0.5812215832206
calce_CS2_33,1,0.7420144081115723,0.4772296015180265,0.8783066885572252,0.5812215832206
calce_CS2_33,1,0.678462028503418,0.4772296015180265,0.863635141665865,0.5576630819428294
calce_CS2_33,1,0.678462028503418,0.4772296015180265,0.863635141665865,0.5576630819428294
calce_CS2_33,1,0.6097029447555542,0.4772296015180265,0.8461130688314444,0.5345450041367146
calce_CS2_33,1,0.6215118169784546,0.4772296015180265,0.8492481235163907,0.5383955078668712
calce_CS2_33,1,0.6215118169784546,0.4772296015180265,0.8492481235163907,0.5383955078668712
calce_CS2_33,1,0.6809468865394592,0.4772296015180265,0.8642357475262308,0.558536473400028
calce_CS2_33,1,0.7441932559013367,0.4772296015180265,0.8787847304069112,0.5820832973923293
calce_CS2_33,1,0.698260486125946,0.4772296015180265,0.8683588757731987,0.5647163915390966
calce_CS2_33,1,0.7592878937721252,0.4772296015180265,0.8820522212228171,0.5881765924186623
calce_CS2_33,1,0.6443617343902588,0.4772296015180265,0.8551650636929684,0.5459718475431888
calce_CS2_33,1,0.6328445672988892,0.4772296015180265,0.8522071942658351,0.5421307761953884
calce_CS2_33,1,0.7624672055244446,0.4772296015180265,0.8827306349134645,0.5894892574645223
calce_CS2_33,1,0.7735148072242737,0.4772296015180265,0.8850617573931325,0.5941371120626326
calce_CS2_33,1,0.717303454875946,0.4772296015180265,0.8727706555164765,0.5717270087407704
calce_CS2_33,1,0.9088931083679199,0.4772296015180265,0.9104894131112371,0.6712144228465058
calce_CS2_33,1,0.717303454875946,0.4772296015180265,0.8727706555164765,0.5717270087407704
calce_CS2_33,1,0.7735148072242737,0.4772296015180265,0.8850617573931325,0.5941371120626326
calce_CS2_33,1,0.8784121870994568,0.4772296015180265,0.9052484243833934,0.6487510637891091
calce_CS2_33,1,0.8784121870994568,0.4772296015180265,0.9052484243833934,0.6487510637891091
calce_CS2_33,1,0.8784121870994568,0.4772296015180265,0.9052484243833934,0.6487510637891091
calce_CS2_33,1,0.8784121870994568,0.4772296015180265,0.9052484243833934,0.6487510637891091
calce_CS2_33,1,0.8735775351524353,0.4772296015180265,0.9043923110745372,0.645597567076328
calce_CS2_33,1,0.9342997074127197,0.4772296015180265,0.9146566365597172,0.6950156219203923
calce_CS2_33,1,0.9487722516059875,0.4772296015180265,0.9169510792101336,0.712108227603198
calce_CS2_33,1,0.9487722516059875,0.4772296015180265,0.9169510792101336,0.712108227603198
calce_CS2_33,1,0.9498677849769592,0.4772296015180265,0.9171224592229961,0.7135545211979586
calce_CS2_33,1,0.9342997074127197,0.4772296015180265,0.9146566365597172,0.6950156219203923
calce_CS2_33,1,0.9487722516059875,0.4772296015180265,0.9169510792101336,0.712108227603198
calce_CS2_33,1,0.9487722516059875,0.4772296015180265,0.9169510792101336,0.712108227603198
calce_CS2_33,1,0.9487722516059875,0.4772296015180265,0.9169510792101336,0.712108227603198
calce_CS2_33,1,0.9263735413551331,0.4772296015180265,0.9133758153054508,0.6869051798373752
calce_CS2_33,1,0.9465651512145996,0.4772296015180265,0.9166048319452004,0.70926868603931
calce_CS2_33,1,0.9342997074127197,0.4772296015180265,0.9146566365597172,0.6950156219203923
calce_CS2_33,1,0.9492449760437012,0.4772296015180265,0.917025069461005,0.7127292119092486
calce_CS2_33,1,0.9492449760437012,0.4772296015180265,0.917025069461005,0.7127292119092486
calce_CS2_33,1,0.9492449760437012,0.4772296015180265,0.917025069461005,0.7127292119092486
calce_CS2_33,1,0.9492449760437012,0.4772296015180265,0.917025069461005,0.7127292119092486
calce_CS2_33,1,0.9492449760437012,0.4772296015180265,0.917025069461005,0.7127292119092486
calce_CS2_33,1,0.9492449760437012,0.4772296015180265,0.917025069461005,0.7127292119092486
calce_CS2_33,1,0.9441267848014832,0.4772296015180265,0.9162207786797764,0.7062395221697624
calce_CS2_33,1,0.9574123024940491,0.4772296015180265,0.9182939749505112,0.7242755544124457
calce_CS2_33,1,0.9574123024940491,0.4772296015180265,0.9182939749505112,0.7242755544124457
calce_CS2_33,1,0.9812211990356445,0.4772296015180265,0.9218927014167753,0.7733723806080715
calce_CS2_33,1,0.9585521221160889,0.4772296015180265,0.9184696493563915,0.7260267439110771
calce_CS2_33,1,0.9582135677337646,0.4772296015180265,0.9184175057132631,0.7255025653665191
calce_CS2_33,1,0.9668689370155334,0.4772296015180265,0.9197410900491325,0.7401458378683342
calce_CS2_33,1,0.9670665264129639,0.4772296015180265,0.9197710755093153,0.7405148171729631
calce_CS2_33,1,0.9587972164154053,0.4772296015180265,0.9185073794634451,0.7264083891942631
calce_CS2_33,1,0.9815831780433655,0.4772296015180265,0.9219462787758799,0.7744490910443848
calce_CS2_33,1,0.9670665264129639,0.4772296015180265,0.9197710755093153,0.7405148171729631
calce_CS2_33,1,0.9668689370155334,0.4772296015180265,0.9197410900491325,0.7401458378683342
calce_CS2_33,1,0.9587972164154053,0.4772296015180265,0.9185073794634451,0.7264083891942631
calce_CS2_33,1,0.9501919150352478,0.4772296015180265,0.9171731028795552,0.7139873201246159
calce_CS2_33,1,0.9501919150352478,0.4772296015180265,0.9171731028795552,0.7139873201246159
calce_CS2_33,1,0.9360933899879456,0.4772296015180265,0.9149440926890425,0.6969587583634315
calce_CS2_33,1,0.9478413462638855,0.4772296015180265,0.9168051996011475,0.7108987655204051
calce_CS2_33,1,0.9668689370155334,0.4772296015180265,0.9197410900491325,0.7401458378683342
calce_CS2_33,1,0.9585521221160889,0.4772296015180265,0.9184696493563915,0.7260267439110771
calce_CS2_33,1,0.9671714901924133,0.4772296015180265,0.9197870002778563,0.7407115582708127
calce_CS2_33,1,0.9480042457580566,0.4772296015180265,0.9168307439391578,0.7111091453647699
calce_CS2_33,1,0.9671714901924133,0.4772296015180265,0.9197870002778563,0.7407115582708127
calce_CS2_33,1,0.9671714901924133,0.4772296015180265,0.9197870002778563,0.7407115582708127
calce_CS2_33,1,0.9589274525642395,0.4772296015180265,0.9185274216962672,0.7266119338234575
calce_CS2_33,1,0.9678464531898499,0.4772296015180265,0.9198893345888155,0.7419890325726635
calce_CS2_33,1,0.9678464531898499,0.4772296015180265,0.9198893345888155,0.7419890325726635
calce_CS2_33,1,0.9605198502540588,0.4772296015180265,0.9187721151199766,0.7291439719194798
calce_CS2_33,1,0.9605198502540588,0.4772296015180265,0.9187721151199766,0.7291439719194798
calce_CS2_33,1,0.9605198502540588,0.4772296015180265,0.9187721151199766,0.7291439719194798
calce_CS2_33,1,0.9678464531898499,0.4772296015180265,0.9198893345888155,0.7419890325726635
calce_CS2_33,1,0.9697099924087524,0.4772296015180265,0.9201712559865053,0.745632709344676
calce_CS2_33,1,0.9697099924087524,0.4772296015180265,0.9201712559865053,0.745632709344676
calce_CS2_33,1,0.9697099924087524,0.4772296015180265,0.9201712559865053,0.745632709344676
calce_CS2_33,1,0.9629221558570862,0.4772296015180265,0.9191399942772575,0.7331252516364878
calce_CS2_33,1,0.9629221558570862,0.4772296015180265,0.9191399942772575,0.7331252516364878
calce_CS2_33,1,0.9697099924087524,0.4772296015180265,0.9201712559865053,0.745632709344676
calce_CS2_33,1,0.9697099924087524,0.4772296015180265,0.9201712559865053,0.745632709344676
calce_CS2_33,1,0.9697099924087524,0.4772296015180265,0.9201712559865053,0.745632709344676
calce_CS2_33,1,0.9697099924087524,0.4772296015180265,0.9201712559865053,0.745632709344676
calce_CS2_33,1,0.9629221558570862,0.4772296015180265,0.9191399942772575,0.7331252516364878
calce_CS2_33,1,0.9697099924087524,0.4772296015180265,0.9201712559865053,0.745632709344676
calce_CS2_33,1,0.9697099924087524,0.4772296015180265,0.9201712559865053,0.745632709344676
calce_CS2_33,1,0.9629221558570862,0.4772296015180265,0.9191399942772575,0.7331252516364878
calce_CS2_33,1,0.9697099924087524,0.4772296015180265,0.9201712559865053,0.745632709344676
calce_CS2_33,1,0.9697099924087524,0.4772296015180265,0.9201712559865053,0.745632709344676
calce_CS2_33,1,0.9693180322647095,0.4772296015180265,0.920112034509836,0.7448515153492951
calce_CS2_33,1,0.9693180322647095,0.4772296015180265,0.920112034509836,0.7448515153492951
calce_CS2_33,1,0.9693180322647095,0.4772296015180265,0.920112034509836,0.7448515153492951
calce_CS2_33,1,0.9693180322647095,0.4772296015180265,0.920112034509836,0.7448515153492951
calce_CS2_33,1,0.9693180322647095,0.4772296015180265,0.920112034509836,0.7448515153492951
calce_CS2_33,1,0.9693180322647095,0.4772296015180265,0.920112034509836,0.7448515153492951
calce_CS2_33,1,0.9693180322647095,0.4772296015180265,0.920112034509836,0.7448515153492951
calce_CS2_33,1,0.9693180322647095,0.4772296015180265,0.920112034509836,0.7448515153492951
calce_CS2_33,1,0.9693180322647095,0.4772296015180265,0.920112034509836,0.7448515153492951
calce_CS2_33,1,0.9577617645263672,0.4772296015180265,0.9183478723210106,0.724808380049328
calce_CS2_33,1,0.9693180322647095,0.4772296015180265,0.920112034509836,0.7448515153492951
calce_CS2_33,1,0.9693180322647095,0.4772296015180265,0.920112034509836,0.7448515153492951
calce_CS2_33,1,0.9693180322647095,0.4772296015180265,0.920112034509836,0.7448515153492951
calce_CS2_33,1,0.9693180322647095,0.4772296015180265,0.920112034509836,0.7448515153492951
calce_CS2_33,1,0.9717937111854553,0.4772296015180265,0.9204854135867226,0.7499290225273552
calce_CS2_33,1,0.9855770468711853,0.4772296015180265,0.9225351910768935,0.787631870924385
calce_CS2_33,1,0.9629011750221252,0.4772296015180265,0.9191367879463002,0.7330895864993883
calce_CS2_33,1,0.9659438729286194,0.4772296015180265,0.919600569542244,0.7384417574742278
calce_CS2_33,1,0.9855770468711853,0.4772296015180265,0.9225351910768935,0.787631870924385
calce_CS2_33,1,0.9696927070617676,0.4772296015180265,0.9201686451790576,0.7455980864557624
calce_CS2_33,1,0.9696927070617676,0.4772296015180265,0.9201686451790576,0.7455980864557624
calce_CS2_33,1,0.9696927070617676,0.4772296015180265,0.9201686451790576,0.7455980864557624
calce_CS2_33,1,0.9696927070617676,0.4772296015180265,0.9201686451790576,0.7455980864557624
calce_CS2_33,1,0.9696927070617676,0.4772296015180265,0.9201686451790576,0.7455980864557624
calce_CS2_33,1,0.9696927070617676,0.4772296015180265,0.9201686451790576,0.7455980864557624
calce_CS2_33,1,0.9855770468711853,0.4772296015180265,0.9225351910768935,0.787631870924385
calce_CS2_33,1,0.9696927070617676,0.4772296015180265,0.9201686451790576,0.7455980864557624
calce_CS2_33,1,0.9696927070617676,0.4772296015180265,0.9201686451790576,0.7455980864557624
calce_CS2_33,1,0.9696927070617676,0.4772296015180265,0.9201686451790576,0.7455980864557624
calce_CS2_33,1,0.9696927070617676,0.4772296015180265,0.9201686451790576,0.7455980864557624
calce_CS2_33,1,0.9629011750221252,0.4772296015180265,0.9191367879463002,0.7330895864993883
calce_CS2_33,1,0.9706100225448608,0.4772296015180265,0.9203070903383801,0.7474580447367867
calce_CS2_33,1,0.9860206246376038,0.4772296015180265,0.9226003467286159,0.7892717650973214
calce_CS2_33,1,0.9706100225448608,0.4772296015180265,0.9203070903383801,0.7474580447367867
calce_CS2_33,1,0.9840313196182251,0.4772296015180265,0.9223077516170315,0.7822172346547368
calce_CS2_33,1,0.9840313196182251,0.4772296015180265,0.9223077516170315,0.7822172346547368
calce_CS2_33,1,0.9796953201293945,0.4772296015180265,0.9216664823259383,0.7690101432806234
calce_CS2_33,1,0.9843758940696716,0.4772296015180265,0.9223585054650453,0.7833864783514263
calce_CS2_33,1,0.9843758940696716,0.4772296015180265,0.9223585054650453,0.7833864783514263
calce_CS2_33,1,0.9843758940696716,0.4772296015180265,0.9223585054650453,0.7833864783514263
calce_CS2_33,1,0.9796953201293945,0.4772296015180265,0.9216664823259383,0.7690101432806234
calce_CS2_33,1,0.9843758940696716,0.4772296015180265,0.9223585054650453,0.7833864783514263
calce_CS2_33,1,0.9843758940696716,0.4772296015180265,0.9223585054650453,0.7833864783514263
calce_CS2_33,1,0.9848415851593018,0.4772296015180265,0.9224270508515311,0.7850001674446201
calce_CS2_33,1,0.9771116375923157,0.4772296015180265,0.9212820713253006,0.7621943203287463
calce_CS2_33,1,0.9843758940696716,0.4772296015180265,0.9223585054650453,0.7833864783514263
calce_CS2_33,1,0.9777889847755432,0.4772296015180265,0.9213830163895739,0.763918366846253
calce_CS2_33,1,0.9848415851593018,0.4772296015180265,0.9224270508515311,0.7850001674446201
calce_CS2_33,1,0.979337215423584,0.4772296015180265,0.9216133047432764,0.7680249708796221
calce_CS2_33,1,0.9843758940696716,0.4772296015180265,0.9223585054650453,0.7833864783514263
calce_CS2_33,1,0.9843758940696716,0.4772296015180265,0.9223585054650453,0.7833864783514263
calce_CS2_33,1,0.9843758940696716,0.4772296015180265,0.9223585054650453,0.7833864783514263
calce_CS2_33,1,0.9843758940696716,0.4772296015180265,0.9223585054650453,0.7833864783514263
calce_CS2_33,1,0.9843758940696716,0.4772296015180265,0.9223585054650453,0.7833864783514263
calce_CS2_33,1,0.9796953201293945,0.4772296015180265,0.9216664823259383,0.7690101432806234
calce_CS2_33,1,0.9802977442741394,0.4772296015180265,0.9217558662165216,0.7706996292211583
calce_CS2_33,1,0.9876039028167725,0.4772296015180265,0.9228324999340872,0.7954888222036571
calce_CS2_33,1,0.9876039028167725,0.4772296015180265,0.9228324999340872,0.7954888222036571
calce_CS2_33,1,0.9872220158576965,0.4772296015180265,0.9227765630033866,0.7939333611857113
calce_CS2_33,1,0.9876039028167725,0.4772296015180265,0.9228324999340872,0.7954888222036571
calce_CS2_33,1,0.964695394039154,0.4772296015180265,0.9194105652024367,0.7362004974493408
calce_CS2_33,1,0.9965180158615112,0.8938714499252616,0.9241276879554948,0.8525945880281266
calce_CS2_33,1,0.9965180158615112,0.8938714499252616,0.9241276879554948,0.8525945880281266
calce_CS2_33,1,0.9965180158615112,0.8938714499252616,0.9241276879554948,0.8525945880281266
calce_CS2_33,1,0.9965180158615112,0.8938714499252616,0.9241276879554948,0.8525945880281266
calce_CS2_33,1,0.9965180158615112,0.8938714499252616,0.9241276879554948,0.8525945880281266
calce_CS2_33,1,0.9995113611221313,0.8938714499252616,0.9245581162520065,0.9141440409138158
calce_CS2_33,1,0.9995113611221313,0.8938714499252616,0.9245581162520065,0.9141440409138158
calce_CS2_33,1,0.9996129870414734,0.8938714499252616,0.9245726901254564,0.9196568032185461
calce_CS2_33,1,0.9995113611221313,0.8938714499252616,0.9245581162520065,0.9141440409138158
calce_CS2_33,1,0.9996129870414734,0.8938714499252616,0.9245726901254564,0.9196568032185461
calce_CS2_33,1,0.9996129870414734,0.8938714499252616,0.9245726901254564,0.9196568032185461
calce_CS2_33,1,0.9996129870414734,0.8938714499252616,0.9245726901254564,0.9196568032185461
calce_CS2_33,1,0.9996129870414734,0.8938714499252616,0.9245726901254564,0.9196568032185461
calce_CS2_33,1,0.9995113611221313,0.8938714499252616,0.9245581162520065,0.9141440409138158
calce_CS2_33,1,0.9996129870414734,0.8938714499252616,0.9245726901254564,0.9196568032185461
calce_CS2_33,1,0.9995113611221313,0.8938714499252616,0.9245581162520065,0.9141440409138158
calce_CS2_33,1,0.9996241331100464,0.8938714499252616,0.9245742883929289,0.9203244624373649
calce_CS2_33,1,0.9996241331100464,0.8938714499252616,0.9245742883929289,0.9203244624373649
calce_CS2_33,1,0.9996241331100464,0.8938714499252616,0.9245742883929289,0.9203244624373649
calce_CS2_33,1,0.9996241331100464,0.8938714499252616,0.9245742883929289,0.9203244624373649
calce_CS2_33,1,0.9996241331100464,0.8938714499252616,0.9245742883929289,0.9203244624373649
calce_CS2_33,1,0.9996323585510254,0.8938714499252616,0.9245754678430957,0.9208266150131942
calce_CS2_33,1,0.9996323585510254,0.8938714499252616,0.9245754678430957,0.9208266150131942
calce_CS2_33,1,0.9996323585510254,0.8938714499252616,0.9245754678430957,0.9208266150131942
calce_CS2_33,1,0.9996323585510254,0.8938714499252616,0.9245754678430957,0.9208266150131942
calce_CS2_33,1,0.9995357990264893,0.8938714499252616,0.9245616210559703,0.9153858013736692
calce_CS2_33,1,0.9996323585510254,0.8938714499252616,0.9245754678430957,0.9208266150131942
calce_CS2_33,1,0.9996323585510254,0.8938714499252616,0.9245754678430957,0.9208266150131942
calce_CS2_33,1,0.9996323585510254,0.8938714499252616,0.9245754678430957,0.9208266150131942
calce_CS2_33,1,0.9996323585510254,0.8938714499252616,0.9245754678430957,0.9208266150131942
calce_CS2_33,1,0.9996323585510254,0.8938714499252616,0.9245754678430957,0.9208266150131942
calce_CS2_33,1,0.9996323585510254,0.8938714499252616,0.9245754678430957,0.9208266150131942
calce_CS2_33,1,0.9996323585510254,0.8938714499252616,0.9245754678430957,0.9208266150131942
calce_CS2_33,1,0.9996323585510254,0.8938714499252616,0.9245754678430957,0.9208266150131942
calce_CS2_33,1,0.9996323585510254,0.8938714499252616,0.9245754678430957,0.9208266150131942
calce_CS2_33,1,0.9996323585510254,0.8938714499252616,0.9245754678430957,0.9208266150131942
calce_CS2_33,1,0.99962317943573,0.8938714499252616,0.9245741516439875,0.9202667685976623
calce_CS2_33,1,0.99962317943573,0.8938714499252616,0.9245741516439875,0.9202667685976623
calce_CS2_33,1,0.9996323585510254,0.8938714499252616,0.9245754678430957,0.9208266150131942
calce_CS2_33,1,0.9996323585510254,0.8938714499252616,0.9245754678430957,0.9208266150131942
calce_CS2_33,1,0.9996323585510254,0.8938714499252616,0.9245754678430957,0.9208266150131942
calce_CS2_33,1,0.9996323585510254,0.8938714499252616,0.9245754678430957,0.9208266150131942
calce_CS2_33,1,0.9996323585510254,0.8938714499252616,0.9245754678430957,0.9208266150131942
calce_CS2_33,1,0.9996323585510254,0.8938714499252616,0.9245754678430957,0.9208266150131942
calce_CS2_33,1,0.9996323585510254,0.8938714499252616,0.9245754678430957,0.9208266150131942
calce_CS2_33,1,0.99962317943573,0.8938714499252616,0.9245741516439875,0.9202667685976623
calce_CS2_33,1,0.9996323585510254,0.8938714499252616,0.9245754678430957,0.9208266150131942
calce_CS2_33,1,0.9996323585510254,0.8938714499252616,0.9245754678430957,0.9208266150131942
calce_CS2_33,1,0.9996102452278137,0.8938714499252616,0.9245722969639852,0.9194947482630642
calce_CS2_33,1,0.9996102452278137,0.8938714499252616,0.9245722969639852,0.9194947482630642
calce_CS2_33,1,0.9996102452278137,0.8938714499252616,0.9245722969639852,0.9194947482630642
calce_CS2_33,1,0.9996102452278137,0.8938714499252616,0.9245722969639852,0.9194947482630642
calce_CS2_33,1,0.9995079040527344,0.8938714499252616,0.9245576204383964,0.9139721231331821
calce_CS2_33,1,0.9996102452278137,0.8938714499252616,0.9245722969639852,0.9194947482630642
calce_CS2_33,1,0.9996102452278137,0.8938714499252616,0.9245722969639852,0.9194947482630642
calce_CS2_33,1,0.9996102452278137,0.8938714499252616,0.9245722969639852,0.9194947482630642
calce_CS2_33,1,0.9996102452278137,0.8938714499252616,0.9245722969639852,0.9194947482630642
calce_CS2_33,1,0.9995079040527344,0.8938714499252616,0.9245576204383964,0.9139721231331821
calce_CS2_33,1,0.9996102452278137,0.8938714499252616,0.9245722969639852,0.9194947482630642
calce_CS2_33,1,0.9996102452278137,0.8938714499252616,0.9245722969639852,0.9194947482630642
calce_CS2_33,1,0.9996102452278137,0.8938714499252616,0.9245722969639852,0.9194947482630642
calce_CS2_33,1,0.9996102452278137,0.8938714499252616,0.9245722969639852,0.9194947482630642
calce_CS2_33,1,0.9996102452278137,0.8938714499252616,0.9245722969639852,0.9194947482630642
calce_CS2_33,1,0.9995079040527344,0.8938714499252616,0.9245576204383964,0.9139721231331821
calce_CS2_33,1,0.9996102452278137,0.8938714499252616,0.9245722969639852,0.9194947482630642
calce_CS2_33,1,0.9996102452278137,0.8938714499252616,0.9245722969639852,0.9194947482630642
calce_CS2_33,1,0.9996102452278137,0.8938714499252616,0.9245722969639852,0.9194947482630642
calce_CS2_33,1,0.9996157884597778,0.8938714499252616,0.9245730918319722,0.9198232599130244
calce_CS2_33,1,0.9996157884597778,0.8938714499252616,0.9245730918319722,0.9198232599130244
calce_CS2_33,1,0.9996157884597778,0.8938714499252616,0.9245730918319722,0.9198232599130244
calce_CS2_33,1,0.9996687173843384,0.8938714499252616,0.9245806811517856,0.9231512083649888
calce_CS2_33,1,0.9996157884597778,0.8938714499252616,0.9245730918319722,0.9198232599130244
calce_CS2_33,1,0.9996157884597778,0.8938714499252616,0.9245730918319722,0.9198232599130244
calce_CS2_33,1,0.9995287656784058,0.8938714499252616,0.9245606123716188,0.9150235416567601
calce_CS2_33,1,0.9996687173843384,0.8938714499252616,0.9245806811517856,0.9231512083649888
calce_CS2_33,1,0.9995937943458557,0.8938714499252616,0.924569937955633,0.918539723100264
calce_CS2_33,1,0.999649167060852,0.8938714499252616,0.9245778779711985,0.9218791265318644
calce_CS2_33,1,0.9996687173843384,0.8938714499252616,0.9245806811517856,0.9231512083649888
calce_CS2_33,1,0.9995287656784058,0.8938714499252616,0.9245606123716188,0.9150235416567601
calce_CS2_33,1,0.9996157884597778,0.8938714499252616,0.9245730918319722,0.9198232599130244
calce_CS2_33,1,0.9996687173843384,0.8938714499252616,0.9245806811517856,0.9231512083649888
calce_CS2_33,1,0.9996687173843384,0.8938714499252616,0.9245806811517856,0.9231512083649888
calce_CS2_33,1,0.9996687173843384,0.8938714499252616,0.9245806811517856,0.9231512083649888
calce_CS2_33,1,0.9995937943458557,0.8938714499252616,0.924569937955633,0.918539723100264
calce_CS2_33,1,0.9995937943458557,0.8938714499252616,0.924569937955633,0.918539723100264
calce_CS2_33,1,0.9996687173843384,0.8938714499252616,0.9245806811517856,0.9231512083649888
calce_CS2_33,1,0.9996687173843384,0.8938714499252616,0.9245806811517856,0.9231512083649888
calce_CS2_33,1,0.9995937943458557,0.8938714499252616,0.924569937955633,0.918539723100264
calce_CS2_33,1,0.9996687173843384,0.8938714499252616,0.9245806811517856,0.9231512083649888
calce_CS2_33,1,0.9996687173843384,0.8938714499252616,0.9245806811517856,0.9231512083649888
calce_CS2_33,1,0.9996687173843384,0.8938714499252616,0.9245806811517856,0.9231512083649888
calce_CS2_33,1,0.9996687173843384,0.8938714499252616,0.9245806811517856,0.9231512083649888
calce_CS2_33,1,0.9996687173843384,0.8938714499252616,0.9245806811517856,0.9231512083649888
calce_CS2_33,1,0.9996687173843384,0.8938714499252616,0.9245806811517856,0.9231512083649888
calce_CS2_33,1,0.9995937943458557,0.8938714499252616,0.924569937955633,0.918539723100264
calce_CS2_33,1,0.9996687173843384,0.8938714499252616,0.9245806811517856,0.9231512083649888
calce_CS2_33,1,0.9995830655097961,0.8938714499252616,0.9245683994354198,0.9179321930247192
calce_CS2_33,1,0.9995937943458557,0.8938714499252616,0.924569937955633,0.918539723100264
calce_CS2_33,1,0.9995937943458557,0.8938714499252616,0.924569937955633,0.918539723100264
calce_CS2_33,1,0.9996687173843384,0.8938714499252616,0.9245806811517856,0.9231512083649888
calce_CS2_33,1,0.9996687173843384,0.8938714499252616,0.9245806811517856,0.9231512083649888
calce_CS2_33,1,0.9996687173843384,0.8938714499252616,0.9245806811517856,0.9231512083649888
calce_CS2_33,1,0.9995937943458557,0.8938714499252616,0.924569937955633,0.918539723100264
calce_CS2_33,1,0.9996687173843384,0.8938714499252616,0.9245806811517856,0.9231512083649888
calce_CS2_33,1,0.9996687173843384,0.8938714499252616,0.9245806811517856,0.9231512083649888
calce_CS2_33,1,0.9996687173843384,0.8938714499252616,0.9245806811517856,0.9231512083649888
calce_CS2_33,1,0.9995937943458557,0.8938714499252616,0.924569937955633,0.918539723100264
calce_CS2_33,1,0.9996687173843384,0.8938714499252616,0.9245806811517856,0.9231512083649888
calce_CS2_33,1,0.9996687173843384,0.8938714499252616,0.9245806811517856,0.9231512083649888
calce_CS2_33,1,0.9996687173843384,0.8938714499252616,0.9245806811517856,0.9231512083649888
calce_CS2_33,1,0.9996687173843384,0.8938714499252616,0.9245806811517856,0.9231512083649888
calce_CS2_33,1,0.9996687173843384,0.8938714499252616,0.9245806811517856,0.9231512083649888
calce_CS2_33,1,0.9996687173843384,0.8938714499252616,0.9245806811517856,0.9231512083649888
calce_CS2_33,1,0.9996687173843384,0.8938714499252616,0.9245806811517856,0.9231512083649888
calce_CS2_33,1,0.9996687173843384,0.8938714499252616,0.9245806811517856,0.9231512083649888
calce_CS2_33,1,0.9995937943458557,0.8938714499252616,0.924569937955633,0.918539723100264
calce_CS2_33,1,0.9996687173843384,0.8938714499252616,0.9245806811517856,0.9231512083649888
calce_CS2_33,1,0.9996687173843384,0.8938714499252616,0.9245806811517856,0.9231512083649888
calce_CS2_33,1,0.9996687173843384,0.8938714499252616,0.9245806811517856,0.9231512083649888
calce_CS2_33,1,0.9996687173843384,0.8938714499252616,0.9245806811517856,0.9231512083649888
calce_CS2_33,1,0.9996687173843384,0.8938714499252616,0.9245806811517856,0.9231512083649888
calce_CS2_33,1,0.9996687173843384,0.8938714499252616,0.9245806811517856,0.9231512083649888
calce_CS2_33,1,0.9996687173843384,0.8938714499252616,0.9245806811517856,0.9231512083649888
calce_CS2_33,1,0.9996687173843384,0.8938714499252616,0.9245806811517856,0.9231512083649888
calce_CS2_33,1,0.9996687173843384,0.8938714499252616,0.9245806811517856,0.9231512083649888
calce_CS2_33,1,0.9996687173843384,0.8938714499252616,0.9245806811517856,0.9231512083649888
calce_CS2_33,1,0.9996687173843384,0.8938714499252616,0.9245806811517856,0.9231512083649888
calce_CS2_33,1,0.9996687173843384,0.8938714499252616,0.9245806811517856,0.9231512083649888
calce_CS2_33,1,0.9996687173843384,0.8938714499252616,0.9245806811517856,0.9231512083649888
calce_CS2_33,1,0.9996687173843384,0.8938714499252616,0.9245806811517856,0.9231512083649888
calce_CS2_33,1,0.9996687173843384,0.8938714499252616,0.9245806811517856,0.9231512083649888
calce_CS2_33,1,0.9996687173843384,0.8938714499252616,0.9245806811517856,0.9231512083649888
calce_CS2_33,1,0.9996687173843384,0.8938714499252616,0.9245806811517856,0.9231512083649888
calce_CS2_33,1,0.9996102452278137,0.8938714499252616,0.9245722969639852,0.9194947482630642
calce_CS2_33,1,0.9996687173843384,0.8938714499252616,0.9245806811517856,0.9231512083649888
calce_CS2_33,1,0.9996687173843384,0.8938714499252616,0.9245806811517856,0.9231512083649888
calce_CS2_33,1,0.9996687173843384,0.8938714499252616,0.9245806811517856,0.9231512083649888
calce_CS2_33,1,0.9996687173843384,0.8938714499252616,0.9245806811517856,0.9231512083649888
calce_CS2_33,1,0.9996687173843384,0.8938714499252616,0.9245806811517856,0.9231512083649888
calce_CS2_33,1,0.9996687173843384,0.8938714499252616,0.9245806811517856,0.9231512083649888
calce_CS2_33,1,0.999583899974823,0.8938714499252616,0.9245685190991366,0.9179790277044894
calce_CS2_33,1,0.999649167060852,0.8938714499252616,0.9245778779711985,0.9218791265318644
calce_CS2_33,1,0.999649167060852,0.8938714499252616,0.9245778779711985,0.9218791265318644
calce_CS2_33,1,0.9996687173843384,0.8938714499252616,0.9245806811517856,0.9231512083649888
calce_CS2_33,1,0.9995937943458557,0.8938714499252616,0.924569937955633,0.918539723100264
calce_CS2_33,1,0.999649167060852,0.8938714499252616,0.9245778779711985,0.9218791265318644
calce_CS2_33,1,0.999649167060852,0.8938714499252616,0.9245778779711985,0.9218791265318644
calce_CS2_33,1,0.999649167060852,0.8938714499252616,0.9245778779711985,0.9218791265318644
calce_CS2_33,1,0.999649167060852,0.8938714499252616,0.9245778779711985,0.9218791265318644
calce_CS2_33,1,0.999649167060852,0.8938714499252616,0.9245778779711985,0.9218791265318644
calce_CS2_33,1,0.9996607303619385,0.8938714499252616,0.9245795359615211,0.9226249995799037
calce_CS2_33,1,0.9996687173843384,0.8938714499252616,0.9245806811517856,0.9231512083649888
calce_CS2_33,1,0.999649167060852,0.8938714499252616,0.9245778779711985,0.9218791265318644
calce_CS2_33,1,0.9995830655097961,0.8938714499252616,0.9245683994354198,0.9179321930247192
calce_CS2_33,1,0.999649167060852,0.8938714499252616,0.9245778779711985,0.9218791265318644
calce_CS2_33,1,0.9991422891616821,0.8938714499252616,0.9245051669775068,0.8994049954386886
calce_CS2_33,1,0.999649167060852,0.8938714499252616,0.9245778779711985,0.9218791265318644
calce_CS2_33,1,0.999649167060852,0.8938714499252616,0.9245778779711985,0.9218791265318644
calce_CS2_33,1,0.999649167060852,0.8938714499252616,0.9245778779711985,0.9218791265318644
calce_CS2_33,1,0.999649167060852,0.8938714499252616,0.9245778779711985,0.9218791265318644
calce_CS2_33,1,0.999649167060852,0.8938714499252616,0.9245778779711985,0.9218791265318644
calce_CS2_33,1,0.999649167060852,0.8938714499252616,0.9245778779711985,0.9218791265318644
calce_CS2_33,1,0.999649167060852,0.8938714499252616,0.9245778779711985,0.9218791265318644
calce_CS2_33,1,0.999649167060852,0.8938714499252616,0.9245778779711985,0.9218791265318644
calce_CS2_33,1,0.999649167060852,0.8938714499252616,0.9245778779711985,0.9218791265318644
calce_CS2_33,1,0.9995830655097961,0.8938714499252616,0.9245683994354198,0.9179321930247192
calce_CS2_33,1,0.999649167060852,0.8938714499252616,0.9245778779711985,0.9218791265318644
calce_CS2_33,1,0.999649167060852,0.8938714499252616,0.9245778779711985,0.9218791265318644
calce_CS2_33,1,0.999649167060852,0.8938714499252616,0.9245778779711985,0.9218791265318644
calce_CS2_33,1,0.999649167060852,0.8938714499252616,0.9245778779711985,0.9218791265318644
calce_CS2_33,1,0.999649167060852,0.8938714499252616,0.9245778779711985,0.9218791265318644
calce_CS2_33,1,0.9995830655097961,0.8938714499252616,0.9245683994354198,0.9179321930247192
calce_CS2_33,1,0.999649167060852,0.8938714499252616,0.9245778779711985,0.9218791265318644
calce_CS2_33,1,0.999649167060852,0.8938714499252616,0.9245778779711985,0.9218791265318644
calce_CS2_33,1,0.999649167060852,0.8938714499252616,0.9245778779711985,0.9218791265318644
calce_CS2_33,1,0.999649167060852,0.8938714499252616,0.9245778779711985,0.9218791265318644
calce_CS2_33,1,0.999649167060852,0.8938714499252616,0.9245778779711985,0.9218791265318644
calce_CS2_33,1,0.9995830655097961,0.8938714499252616,0.9245683994354198,0.9179321930247192
calce_CS2_33,1,0.999649167060852,0.8938714499252616,0.9245778779711985,0.9218791265318644
calce_CS2_33,1,0.9995830655097961,0.8938714499252616,0.9245683994354198,0.9179321930247192
calce_CS2_33,1,0.999649167060852,0.8938714499252616,0.9245778779711985,0.9218791265318644
calce_CS2_33,1,0.999649167060852,0.8938714499252616,0.9245778779711985,0.9218791265318644
calce_CS2_33,1,0.9990008473396301,0.8938714499252616,0.9244848658420982,0.8950341681907394
calce_CS2_33,1,0.9995937943458557,0.8938714499252616,0.924569937955633,0.918539723100264
calce_CS2_33,1,0.999649167060852,0.8938714499252616,0.9245778779711985,0.9218791265318644
calce_CS2_33,1,0.999649167060852,0.8938714499252616,0.9245778779711985,0.9218791265318644
calce_CS2_33,1,0.9995830655097961,0.8938714499252616,0.9245683994354198,0.9179321930247192
calce_CS2_33,1,0.999649167060852,0.8938714499252616,0.9245778779711985,0.9218791265318644
calce_CS2_33,1,0.999649167060852,0.8938714499252616,0.9245778779711985,0.9218791265318644
calce_CS2_33,1,0.9995830655097961,0.8938714499252616,0.9245683994354198,0.9179321930247192
calce_CS2_33,1,0.999649167060852,0.8938714499252616,0.9245778779711985,0.9218791265318644
calce_CS2_33,1,0.999649167060852,0.8938714499252616,0.9245778779711985,0.9218791265318644
calce_CS2_33,1,0.999649167060852,0.8938714499252616,0.9245778779711985,0.9218791265318644
calce_CS2_33,1,0.999649167060852,0.8938714499252616,0.9245778779711985,0.9218791265318644
calce_CS2_33,1,0.999649167060852,0.8938714499252616,0.9245778779711985,0.9218791265318644
calce_CS2_33,1,0.999649167060852,0.8938714499252616,0.9245778779711985,0.9218791265318644
calce_CS2_33,1,0.999649167060852,0.8938714499252616,0.9245778779711985,0.9218791265318644
calce_CS2_33,1,0.999649167060852,0.8938714499252616,0.9245778779711985,0.9218791265318644
calce_CS2_33,1,0.999649167060852,0.8938714499252616,0.9245778779711985,0.9218791265318644
calce_CS2_33,1,0.999649167060852,0.8938714499252616,0.9245778779711985,0.9218791265318644
calce_CS2_33,1,0.999649167060852,0.8938714499252616,0.9245778779711985,0.9218791265318644
calce_CS2_33,1,0.999649167060852,0.8938714499252616,0.9245778779711985,0.9218791265318644
calce_CS2_33,1,0.999649167060852,0.8938714499252616,0.9245778779711985,0.9218791265318644
calce_CS2_33,1,0.999649167060852,0.8938714499252616,0.9245778779711985,0.9218791265318644
calce_CS2_33,1,0.999649167060852,0.8938714499252616,0.9245778779711985,0.9218791265318644
calce_CS2_33,1,0.999649167060852,0.8938714499252616,0.9245778779711985,0.9218791265318644
calce_CS2_33,1,0.999649167060852,0.8938714499252616,0.9245778779711985,0.9218791265318644
calce_CS2_33,1,0.999649167060852,0.8938714499252616,0.9245778779711985,0.9218791265318644
calce_CS2_33,1,0.9996199607849121,0.8938714499252616,0.9245736901146296,0.9200728447686789
calce_CS2_33,1,0.9992749094963074,0.8938714499252616,0.9245241974124321,0.9040266550913811
calce_CS2_33,1,0.9993377327919006,0.8938714499252616,0.9245332107412996,0.9064404219998673
calce_CS2_33,1,0.9991699457168579,0.8938714499252616,0.9245091359351894,0.9003221202308052
calce_CS2_33,1,0.9993853569030762,0.8938714499252616,0.9245400427673672,0.9083869186239364
calce_CS2_33,1,0.9991699457168579,0.8938714499252616,0.9245091359351894,0.9003221202308052
calce_CS2_33,1,0.9992964267730713,0.8938714499252616,0.9245272846316377,0.904835121194201
calce_CS2_33,1,0.999276340007782,0.8938714499252616,0.924524402660521,0.9040798423553279
calce_CS2_33,1,0.999276340007782,0.8938714499252616,0.924524402660521,0.9040798423553279
calce_CS2_33,1,0.9991600513458252,0.8938714499252616,0.9245077160283778,0.8999914112149442
calce_CS2_33,1,0.999276340007782,0.8938714499252616,0.924524402660521,0.9040798423553279
calce_CS2_33,1,0.999276340007782,0.8938714499252616,0.924524402660521,0.9040798423553279
calce_CS2_33,1,0.999276340007782,0.8938714499252616,0.924524402660521,0.9040798423553279
calce_CS2_33,1,0.999276340007782,0.8938714499252616,0.924524402660521,0.9040798423553279
calce_CS2_33,1,0.999276340007782,0.8938714499252616,0.924524402660521,0.9040798423553279
calce_CS2_33,1,0.999276340007782,0.8938714499252616,0.924524402660521,0.9040798423553279
calce_CS2_33,1,0.9991462230682373,0.8938714499252616,0.924505731539212,0.8995340810008828
calce_CS2_33,1,0.999276340007782,0.8938714499252616,0.924524402660521,0.9040798423553279
calce_CS2_33,1,0.999276340007782,0.8938714499252616,0.924524402660521,0.9040798423553279
calce_CS2_33,1,0.999276340007782,0.8938714499252616,0.924524402660521,0.9040798423553279
calce_CS2_33,1,0.999276340007782,0.8938714499252616,0.924524402660521,0.9040798423553279
calce_CS2_33,1,0.9991913437843323,0.8938714499252616,0.9245122066136363,0.9010475750605754
calce_CS2_33,1,0.9991913437843323,0.8938714499252616,0.9245122066136363,0.9010475750605754
calce_CS2_33,1,0.999167799949646,0.8938714499252616,0.9245088280056745,0.9002501499246707
calce_CS2_33,1,0.9991138577461243,0.8938714499252616,0.9245010866208216,0.8984850442012174
calce_CS2_33,1,0.999276340007782,0.8938714499252616,0.924524402660521,0.9040798423553279
calce_CS2_33,1,0.9992265701293945,0.8938714499252616,0.9245172614361082,0.9022738526190289
calce_CS2_33,1,0.9991347193717957,0.8938714499252616,0.9245040806130144,0.8991578494404187
calce_CS2_33,1,0.9992091059684753,0.8938714499252616,0.9245147554462243,0.9016607825935926
calce_CS2_33,1,0.9992091059684753,0.8938714499252616,0.9245147554462243,0.9016607825935926
calce_CS2_33,1,0.9991422891616821,0.8938714499252616,0.9245051669775068,0.8994049954386886
calce_CS2_33,1,0.9993385672569275,0.8938714499252616,0.9245333304562828,0.9064736141493951
calce_CS2_33,1,0.9992091059684753,0.8938714499252616,0.9245147554462243,0.9016607825935926
calce_CS2_33,1,0.9989649057388306,0.8938714499252616,0.9244797063477539,0.8939984967398303
calce_CS2_33,1,0.998980700969696,0.8938714499252616,0.924481973827096,0.8944502482103096
calce_CS2_33,1,0.9993563294410706,0.8938714499252616,0.9245358786338468,0.907187666276329
calce_CS2_33,1,0.9993563294410706,0.8938714499252616,0.9245358786338468,0.907187666276329
calce_CS2_33,1,0.9993563294410706,0.8938714499252616,0.9245358786338468,0.907187666276329
calce_CS2_33,1,0.9991706609725952,0.8938714499252616,0.9245092385781047,0.9003461413630619
calce_CS2_33,1,0.9993563294410706,0.8938714499252616,0.9245358786338468,0.907187666276329
calce_CS2_33,1,0.9993563294410706,0.8938714499252616,0.9245358786338468,0.907187666276329
calce_CS2_33,1,0.9993563294410706,0.8938714499252616,0.9245358786338468,0.907187666276329
calce_CS2_33,1,0.9993563294410706,0.8938714499252616,0.9245358786338468,0.907187666276329
calce_CS2_33,1,0.9993563294410706,0.8938714499252616,0.9245358786338468,0.907187666276329
calce_CS2_33,1,0.9993563294410706,0.8938714499252616,0.9245358786338468,0.907187666276329
calce_CS2_33,1,0.9993563294410706,0.8938714499252616,0.9245358786338468,0.907187666276329
calce_CS2_33,1,0.9993703961372375,0.8938714499252616,0.9245378965975943,0.9077636693223046
calce_CS2_33,1,0.9993950128555298,0.8938714499252616,0.9245414279149055,0.9087952080788344
calce_CS2_33,1,0.9995612502098083,0.8938714499252616,0.9245652710221072,0.9167317113352438
calce_CS2_33,1,0.9994450211524963,0.8938714499252616,0.9245486012374886,0.9109911315905164
calce_CS2_33,1,0.9995326995849609,0.8938714499252616,0.9245611765525282,0.9152256632545155
calce_CS2_33,1,0.9992306232452393,0.8938714499252616,0.9245178430201068,0.9024176160940518
calce_CS2_33,1,0.9993950128555298,0.8938714499252616,0.9245414279149055,0.9087952080788344
calce_CS2_33,1,0.9993563294410706,0.8938714499252616,0.9245358786338468,0.907187666276329
calce_CS2_33,1,0.9994034767150879,0.8938714499252616,0.9245426420373704,0.9091571067445609
calce_CS2_33,1,0.9995612502098083,0.8938714499252616,0.9245652710221072,0.9167317113352438
calce_CS2_33,1,0.9996340274810791,0.8938714499252616,0.9245757071497583,0.9209295114614067
calce_CS2_33,1,0.9997052550315857,0.8938714499252616,0.9245859197663033,0.9256851450664868
calce_CS2_33,1,0.9997158646583557,0.8938714499252616,0.924587440867451,0.9264640641734108
calce_CS2_33,1,0.999798595905304,0.9875,0.9245993010716793,0.9334169822336741
calce_CS2_33,1,0.9997158646583557,0.8938714499252616,0.924587440867451,0.9264640641734108
calce_CS2_33,1,0.999840259552002,1.0,0.924605273249236,0.9377499895992013
calce_CS2_33,1,0.999840259552002,1.0,0.924605273249236,0.9377499895992013
calce_CS2_33,1,0.999840259552002,1.0,0.924605273249236,0.9377499895992013
calce_CS2_33,1,0.999840259552002,1.0,0.924605273249236,0.9377499895992013
calce_CS2_33,1,0.9995495676994324,0.8938714499252616,0.9245635956479528,0.9161069233799846
calce_CS2_33,1,0.9995326995849609,0.8938714499252616,0.9245611765525282,0.9152256632545155
calce_CS2_33,1,0.9992306232452393,0.8938714499252616,0.9245178430201068,0.9024176160940518
calce_CS2_33,1,0.9995326995849609,0.8938714499252616,0.9245611765525282,0.9152256632545155
calce_CS2_33,1,0.9994034767150879,0.8938714499252616,0.9245426420373704,0.9091571067445609
calce_CS2_33,1,0.999840259552002,1.0,0.924605273249236,0.9377499895992013
calce_CS2_33,1,0.9994034767150879,0.8938714499252616,0.9245426420373704,0.9091571067445609
calce_CS2_33,1,0.9991706609725952,0.8938714499252616,0.9245092385781047,0.9003461413630619
calce_CS2_33,1,0.9993950128555298,0.8938714499252616,0.9245414279149055,0.9087952080788344
calce_CS2_33,1,0.9995612502098083,0.8938714499252616,0.9245652710221072,0.9167317113352438
calce_CS2_33,1,0.9994365572929382,0.8938714499252616,0.9245473872030832,0.9106093886229079
calce_CS2_33,1,0.999840259552002,1.0,0.924605273249236,0.9377499895992013
calce_CS2_33,1,0.999840259552002,1.0,0.924605273249236,0.9377499895992013
calce_CS2_33,1,0.999840259552002,1.0,0.924605273249236,0.9377499895992013
calce_CS2_33,1,0.999840259552002,1.0,0.924605273249236,0.9377499895992013
calce_CS2_33,1,0.999840259552002,1.0,0.924605273249236,0.9377499895992013
calce_CS2_33,1,0.999840259552002,1.0,0.924605273249236,0.9377499895992013
calce_CS2_33,1,0.999840259552002,1.0,0.924605273249236,0.9377499895992013
calce_CS2_33,1,0.999840259552002,1.0,0.924605273249236,0.9377499895992013
calce_CS2_33,1,0.999798595905304,0.9875,0.9245993010716793,0.9334169822336741
calce_CS2_33,1,0.999798595905304,0.9875,0.9245993010716793,0.9334169822336741
calce_CS2_33,1,0.999840259552002,1.0,0.924605273249236,0.9377499895992013
calce_CS2_33,1,0.999840259552002,1.0,0.924605273249236,0.9377499895992013
calce_CS2_33,1,0.999840259552002,1.0,0.924605273249236,0.9377499895992013
calce_CS2_33,1,0.999840259552002,1.0,0.924605273249236,0.9377499895992013
calce_CS2_33,1,0.999840259552002,1.0,0.924605273249236,0.9377499895992013
calce_CS2_33,1,0.999798595905304,0.9875,0.9245993010716793,0.9334169822336741
calce_CS2_33,1,0.999840259552002,1.0,0.924605273249236,0.9377499895992013
calce_CS2_33,1,0.999840259552002,1.0,0.924605273249236,0.9377499895992013
calce_CS2_33,1,0.999840259552002,1.0,0.924605273249236,0.9377499895992013
calce_CS2_33,1,0.999798595905304,0.9875,0.9245993010716793,0.9334169822336741
calce_CS2_33,1,0.999840259552002,1.0,0.924605273249236,0.9377499895992013
calce_CS2_33,1,0.999840259552002,1.0,0.924605273249236,0.9377499895992013
calce_CS2_33,1,0.999840259552002,1.0,0.924605273249236,0.9377499895992013
calce_CS2_33,1,0.999840259552002,1.0,0.924605273249236,0.9377499895992013
calce_CS2_33,1,0.999840259552002,1.0,0.924605273249236,0.9377499895992013
calce_CS2_33,1,0.999840259552002,1.0,0.924605273249236,0.9377499895992013
calce_CS2_33,1,0.999840259552002,1.0,0.924605273249236,0.9377499895992013
calce_CS2_33,1,0.999840259552002,1.0,0.924605273249236,0.9377499895992013
calce_CS2_33,1,0.999840259552002,1.0,0.924605273249236,0.9377499895992013
calce_CS2_33,1,0.999840259552002,1.0,0.924605273249236,0.9377499895992013
calce_CS2_33,1,0.999840259552002,1.0,0.924605273249236,0.9377499895992013
calce_CS2_33,1,0.999798595905304,0.9875,0.9245993010716793,0.9334169822336741
calce_CS2_33,1,0.999840259552002,1.0,0.924605273249236,0.9377499895992013
calce_CS2_33,1,0.999840259552002,1.0,0.924605273249236,0.9377499895992013
calce_CS2_33,1,0.999840259552002,1.0,0.924605273249236,0.9377499895992013
calce_CS2_33,1,0.999840259552002,1.0,0.924605273249236,0.9377499895992013
calce_CS2_33,1,0.999840259552002,1.0,0.924605273249236,0.9377499895992013
calce_CS2_33,1,0.999840259552002,1.0,0.924605273249236,0.9377499895992013
calce_CS2_33,1,0.999840259552002,1.0,0.924605273249236,0.9377499895992013
calce_CS2_33,1,0.999840259552002,1.0,0.924605273249236,0.9377499895992013
calce_CS2_33,1,0.999840259552002,1.0,0.924605273249236,0.9377499895992013
calce_CS2_33,1,0.999840259552002,1.0,0.924605273249236,0.9377499895992013
calce_CS2_33,1,0.999840259552002,1.0,0.924605273249236,0.9377499895992013
calce_CS2_33,1,0.999840259552002,1.0,0.924605273249236,0.9377499895992013
calce_CS2_33,1,0.999840259552002,1.0,0.924605273249236,0.9377499895992013
calce_CS2_33,1,0.999840259552002,1.0,0.924605273249236,0.9377499895992013
calce_CS2_33,1,0.999840259552002,1.0,0.924605273249236,0.9377499895992013
calce_CS2_33,1,0.999840259552002,1.0,0.924605273249236,0.9377499895992013
calce_CS2_33,1,0.999840259552002,1.0,0.924605273249236,0.9377499895992013
calce_CS2_33,1,0.999840259552002,1.0,0.924605273249236,0.9377499895992013
calce_CS2_33,1,0.999798595905304,0.9875,0.9245993010716793,0.9334169822336741
calce_CS2_33,1,0.999840259552002,1.0,0.924605273249236,0.9377499895992013
calce_CS2_33,1,0.999840259552002,1.0,0.924605273249236,0.9377499895992013
calce_CS2_33,1,0.999798595905304,0.9875,0.9245993010716793,0.9334169822336741
calce_CS2_33,1,0.999840259552002,1.0,0.924605273249236,0.9377499895992013
calce_CS2_33,1,0.999840259552002,1.0,0.924605273249236,0.9377499895992013
calce_CS2_33,1,0.999840259552002,1.0,0.924605273249236,0.9377499895992013
calce_CS2_33,1,0.999840259552002,1.0,0.924605273249236,0.9377499895992013
calce_CS2_33,1,0.999840259552002,1.0,0.924605273249236,0.9377499895992013
calce_CS2_33,1,0.999840259552002,1.0,0.924605273249236,0.9377499895992013
calce_CS2_33,1,0.999840259552002,1.0,0.924605273249236,0.9377499895992013
calce_CS2_33,1,0.999840259552002,1.0,0.924605273249236,0.9377499895992013
calce_CS2_33,1,0.999840259552002,1.0,0.924605273249236,0.9377499895992013
calce_CS2_33,1,0.999840259552002,1.0,0.924605273249236,0.9377499895992013
calce_CS2_33,1,0.999798595905304,0.9875,0.9245993010716793,0.9334169822336741
calce_CS2_33,1,0.999840259552002,1.0,0.924605273249236,0.9377499895992013
calce_CS2_33,1,0.999840259552002,1.0,0.924605273249236,0.9377499895992013
calce_CS2_33,1,0.999840259552002,1.0,0.924605273249236,0.9377499895992013
calce_CS2_33,1,0.999840259552002,1.0,0.924605273249236,0.9377499895992013
calce_CS2_33,1,0.999840259552002,1.0,0.924605273249236,0.9377499895992013
calce_CS2_33,1,0.999840259552002,1.0,0.924605273249236,0.9377499895992013
calce_CS2_33,1,0.999798595905304,0.9875,0.9245993010716793,0.9334169822336741
calce_CS2_33,1,0.999798595905304,0.9875,0.9245993010716793,0.9334169822336741
calce_CS2_33,1,0.999798595905304,0.9875,0.9245993010716793,0.9334169822336741
calce_CS2_33,1,0.999840259552002,1.0,0.924605273249236,0.9377499895992013
calce_CS2_33,1,0.999840259552002,1.0,0.924605273249236,0.9377499895992013
calce_CS2_33,1,0.999840259552002,1.0,0.924605273249236,0.9377499895992013
calce_CS2_33,1,0.999840259552002,1.0,0.924605273249236,0.9377499895992013
calce_CS2_33,1,0.999840259552002,1.0,0.924605273249236,0.9377499895992013
calce_CS2_33,1,0.999798595905304,0.9875,0.9245993010716793,0.9334169822336741
calce_CS2_33,1,0.999840259552002,1.0,0.924605273249236,0.9377499895992013
calce_CS2_33,1,0.999798595905304,0.9875,0.9245993010716793,0.9334169822336741
calce_CS2_33,1,0.999798595905304,0.9875,0.9245993010716793,0.9334169822336741
calce_CS2_33,1,0.999840259552002,1.0,0.924605273249236,0.9377499895992013
calce_CS2_33,1,0.999840259552002,1.0,0.924605273249236,0.9377499895992013
calce_CS2_33,1,0.999840259552002,1.0,0.924605273249236,0.9377499895992013
calce_CS2_33,1,0.999840259552002,1.0,0.924605273249236,0.9377499895992013
calce_CS2_33,1,0.999798595905304,0.9875,0.9245993010716793,0.9334169822336741
calce_CS2_33,1,0.999840259552002,1.0,0.924605273249236,0.9377499895992013
calce_CS2_33,1,0.999798595905304,0.9875,0.9245993010716793,0.9334169822336741
calce_CS2_33,1,0.999798595905304,0.9875,0.9245993010716793,0.9334169822336741
calce_CS2_33,1,0.999798595905304,0.9875,0.9245993010716793,0.9334169822336741
calce_CS2_33,1,0.999798595905304,0.9875,0.9245993010716793,0.9334169822336741
calce_CS2_33,1,0.999798595905304,0.9875,0.9245993010716793,0.9334169822336741
calce_CS2_33,1,0.999798595905304,0.9875,0.9245993010716793,0.9334169822336741
calce_CS2_33,1,0.999840259552002,1.0,0.924605273249236,0.9377499895992013
calce_CS2_33,1,0.999840259552002,1.0,0.924605273249236,0.9377499895992013
calce_CS2_33,1,0.999840259552002,1.0,0.924605273249236,0.9377499895992013
calce_CS2_33,1,0.999798595905304,0.9875,0.9245993010716793,0.9334169822336741
calce_CS2_33,1,0.9995942711830139,0.8938714499252616,0.9245700063336402,0.918566998670571
calce_CS2_33,1,0.9995942711830139,0.8938714499252616,0.9245700063336402,0.918566998670571
calce_CS2_33,1,0.9995942711830139,0.8938714499252616,0.9245700063336402,0.918566998670571
calce_CS2_33,1,0.9995942711830139,0.8938714499252616,0.9245700063336402,0.918566998670571
calce_CS2_33,1,0.9995942711830139,0.8938714499252616,0.9245700063336402,0.918566998670571
calce_CS2_33,1,0.9995942711830139,0.8938714499252616,0.9245700063336402,0.918566998670571
calce_CS2_33,1,0.9996132254600525,0.8938714499252616,0.9245727243133215,0.9196709350117329
calce_CS2_33,1,0.9996132254600525,0.8938714499252616,0.9245727243133215,0.9196709350117329
calce_CS2_33,1,0.9995942711830139,0.8938714499252616,0.9245700063336402,0.918566998670571
calce_CS2_33,1,0.9996132254600525,0.8938714499252616,0.9245727243133215,0.9196709350117329
calce_CS2_33,1,0.9996132254600525,0.8938714499252616,0.9245727243133215,0.9196709350117329
calce_CS2_33,1,0.9995942711830139,0.8938714499252616,0.9245700063336402,0.918566998670571
calce_CS2_33,1,0.9995942711830139,0.8938714499252616,0.9245700063336402,0.918566998670571
calce_CS2_33,1,0.9995942711830139,0.8938714499252616,0.9245700063336402,0.918566998670571
calce_CS2_33,1,0.9996132254600525,0.8938714499252616,0.9245727243133215,0.9196709350117329
calce_CS2_33,1,0.9996132254600525,0.8938714499252616,0.9245727243133215,0.9196709350117329
calce_CS2_33,1,0.9995942711830139,0.8938714499252616,0.9245700063336402,0.918566998670571
calce_CS2_33,1,0.9996132254600525,0.8938714499252616,0.9245727243133215,0.9196709350117329
calce_CS2_33,1,0.9995942711830139,0.8938714499252616,0.9245700063336402,0.918566998670571
calce_CS2_33,1,0.9996132254600525,0.8938714499252616,0.9245727243133215,0.9196709350117329
calce_CS2_33,1,0.9995942711830139,0.8938714499252616,0.9245700063336402,0.918566998670571
calce_CS2_33,1,0.9995942711830139,0.8938714499252616,0.9245700063336402,0.918566998670571
calce_CS2_33,1,0.9996132254600525,0.8938714499252616,0.9245727243133215,0.9196709350117329
calce_CS2_33,1,0.9995942711830139,0.8938714499252616,0.9245700063336402,0.918566998670571
calce_CS2_33,1,0.9995942711830139,0.8938714499252616,0.9245700063336402,0.918566998670571
calce_CS2_33,1,0.9989556074142456,0.8938714499252616,0.9244783715004906,0.8937349861565791
calce_CS2_33,1,0.9995942711830139,0.8938714499252616,0.9245700063336402,0.918566998670571
calce_CS2_33,1,0.9992928504943848,0.8938714499252616,0.924526771528448,0.9046994802621638
calce_CS2_33,1,0.9996132254600525,0.8938714499252616,0.9245727243133215,0.9196709350117329
calce_CS2_33,1,0.9995942711830139,0.8938714499252616,0.9245700063336402,0.918566998670571
calce_CS2_33,1,0.9995942711830139,0.8938714499252616,0.9245700063336402,0.918566998670571
calce_CS2_33,1,0.9995942711830139,0.8938714499252616,0.9245700063336402,0.918566998670571
calce_CS2_33,1,0.9996132254600525,0.8938714499252616,0.9245727243133215,0.9196709350117329
calce_CS2_33,1,0.9995942711830139,0.8938714499252616,0.9245700063336402,0.918566998670571
calce_CS2_33,1,0.9995942711830139,0.8938714499252616,0.9245700063336402,0.918566998670571
calce_CS2_33,1,0.9996132254600525,0.8938714499252616,0.9245727243133215,0.9196709350117329
calce_CS2_33,1,0.9995942711830139,0.8938714499252616,0.9245700063336402,0.918566998670571
calce_CS2_33,1,0.9996132254600525,0.8938714499252616,0.9245727243133215,0.9196709350117329
calce_CS2_33,1,0.9995942711830139,0.8938714499252616,0.9245700063336402,0.918566998670571
calce_CS2_33,1,0.9995942711830139,0.8938714499252616,0.9245700063336402,0.918566998670571
calce_CS2_33,1,0.9995942711830139,0.8938714499252616,0.9245700063336402,0.918566998670571
calce_CS2_33,1,0.9996132254600525,0.8938714499252616,0.9245727243133215,0.9196709350117329
calce_CS2_33,1,0.9995942711830139,0.8938714499252616,0.9245700063336402,0.918566998670571
calce_CS2_33,1,0.9995942711830139,0.8938714499252616,0.9245700063336402,0.918566998670571
calce_CS2_33,1,0.9995942711830139,0.8938714499252616,0.9245700063336402,0.918566998670571
calce_CS2_33,1,0.9996132254600525,0.8938714499252616,0.9245727243133215,0.9196709350117329
calce_CS2_33,1,0.9995942711830139,0.8938714499252616,0.9245700063336402,0.918566998670571
calce_CS2_33,1,0.9995942711830139,0.8938714499252616,0.9245700063336402,0.918566998670571
calce_CS2_33,1,0.9995942711830139,0.8938714499252616,0.9245700063336402,0.918566998670571
calce_CS2_33,1,0.9996132254600525,0.8938714499252616,0.9245727243133215,0.9196709350117329
calce_CS2_33,1,0.9995942711830139,0.8938714499252616,0.9245700063336402,0.918566998670571
calce_CS2_33,1,0.9996132254600525,0.8938714499252616,0.9245727243133215,0.9196709350117329
calce_CS2_33,1,0.9996132254600525,0.8938714499252616,0.9245727243133215,0.9196709350117329
calce_CS2_33,1,0.9992357492446899,0.8938714499252616,0.9245185785469174,0.9026002495888731
calce_CS2_33,1,0.9992357492446899,0.8938714499252616,0.9245185785469174,0.9026002495888731
calce_CS2_33,1,0.9994093179702759,0.8938714499252616,0.9245434799424109,0.9094091061653434
calce_CS2_33,1,0.9996028542518616,0.8938714499252616,0.9245712371280357,0.9190620628613416
calce_CS2_33,1,0.9992712140083313,0.8938714499252616,0.9245236671858301,0.9038896172076915
calce_CS2_33,1,0.9992357492446899,0.8938714499252616,0.9245185785469174,0.9026002495888731
calce_CS2_33,1,0.9992357492446899,0.8938714499252616,0.9245185785469174,0.9026002495888731
calce_CS2_33,1,0.9992712140083313,0.8938714499252616,0.9245236671858301,0.9038896172076915
calce_CS2_33,1,0.9992712140083313,0.8938714499252616,0.9245236671858301,0.9038896172076915
calce_CS2_33,1,0.9992712140083313,0.8938714499252616,0.9245236671858301,0.9038896172076915
calce_CS2_33,1,0.9992357492446899,0.8938714499252616,0.9245185785469174,0.9026002495888731
calce_CS2_33,1,0.9992712140083313,0.8938714499252616,0.9245236671858301,0.9038896172076915
calce_CS2_33,1,0.9992357492446899,0.8938714499252616,0.9245185785469174,0.9026002495888731
calce_CS2_33,1,0.9992357492446899,0.8938714499252616,0.9245185785469174,0.9026002495888731
calce_CS2_33,1,0.9992712140083313,0.8938714499252616,0.9245236671858301,0.9038896172076915
calce_CS2_33,1,0.9992129802703857,0.8938714499252616,0.9245153113891413,0.9017959053690008
calce_CS2_33,1,0.9991745352745056,0.8938714499252616,0.9245097945583355,0.900476526723664
calce_CS2_33,1,0.9992129802703857,0.8938714499252616,0.9245153113891413,0.9017959053690008
calce_CS2_33,1,0.9992357492446899,0.8938714499252616,0.9245185785469174,0.9026002495888731
calce_CS2_33,1,0.9992357492446899,0.8938714499252616,0.9245185785469174,0.9026002495888731
calce_CS2_33,1,0.9992357492446899,0.8938714499252616,0.9245185785469174,0.9026002495888731
calce_CS2_33,1,0.9992357492446899,0.8938714499252616,0.9245185785469174,0.9026002495888731
calce_CS2_33,1,0.9992357492446899,0.8938714499252616,0.9245185785469174,0.9026002495888731
calce_CS2_33,1,0.9992712140083313,0.8938714499252616,0.9245236671858301,0.9038896172076915
calce_CS2_33,1,0.9992712140083313,0.8938714499252616,0.9245236671858301,0.9038896172076915
calce_CS2_33,1,0.9992712140083313,0.8938714499252616,0.9245236671858301,0.9038896172076915
calce_CS2_33,1,0.9992712140083313,0.8938714499252616,0.9245236671858301,0.9038896172076915
calce_CS2_33,1,0.9992357492446899,0.8938714499252616,0.9245185785469174,0.9026002495888731
calce_CS2_33,1,0.9992357492446899,0.8938714499252616,0.9245185785469174,0.9026002495888731
calce_CS2_33,1,0.9992712140083313,0.8938714499252616,0.9245236671858301,0.9038896172076915
calce_CS2_33,1,0.9992357492446899,0.8938714499252616,0.9245185785469174,0.9026002495888731
calce_CS2_33,1,0.9991173148155212,0.8938714499252616,0.9245015827756367,0.8985957088814669
calce_CS2_33,1,0.9991173148155212,0.8938714499252616,0.9245015827756367,0.8985957088814669
calce_CS2_33,1,0.9991583824157715,0.8938714499252616,0.9245074765236067,0.8999359175868719
calce_CS2_33,1,0.9991745352745056,0.8938714499252616,0.9245097945583355,0.900476526723664
calce_CS2_33,1,0.9991745352745056,0.8938714499252616,0.9245097945583355,0.900476526723664
calce_CS2_33,1,0.9991173148155212,0.8938714499252616,0.9245015827756367,0.8985957088814669
calce_CS2_33,1,0.9991583824157715,0.8938714499252616,0.9245074765236067,0.8999359175868719
calce_CS2_33,1,0.9991583824157715,0.8938714499252616,0.9245074765236067,0.8999359175868719
calce_CS2_33,1,0.9991173148155212,0.8938714499252616,0.9245015827756367,0.8985957088814669
calce_CS2_33,1,0.9991583824157715,0.8938714499252616,0.9245074765236067,0.8999359175868719
calce_CS2_33,1,0.9992270469665527,0.8938714499252616,0.9245173298579689,0.9022907366236217
calce_CS2_33,1,0.9991583824157715,0.8938714499252616,0.9245074765236067,0.8999359175868719
calce_CS2_33,1,0.9991583824157715,0.8938714499252616,0.9245074765236067,0.8999359175868719
calce_CS2_33,1,0.9991583824157715,0.8938714499252616,0.9245074765236067,0.8999359175868719
calce_CS2_33,1,0.9991173148155212,0.8938714499252616,0.9245015827756367,0.8985957088814669
calce_CS2_33,1,0.9991583824157715,0.8938714499252616,0.9245074765236067,0.8999359175868719
calce_CS2_33,1,0.9991583824157715,0.8938714499252616,0.9245074765236067,0.8999359175868719
calce_CS2_33,1,0.9991583824157715,0.8938714499252616,0.9245074765236067,0.8999359175868719
calce_CS2_33,1,0.9991583824157715,0.8938714499252616,0.9245074765236067,0.8999359175868719
calce_CS2_33,1,0.9992712140083313,0.8938714499252616,0.9245236671858301,0.9038896172076915
calce_CS2_33,1,0.9992129802703857,0.8938714499252616,0.9245153113891413,0.9017959053690008
calce_CS2_33,1,0.9992712140083313,0.8938714499252616,0.9245236671858301,0.9038896172076915
calce_CS2_33,1,0.9992712140083313,0.8938714499252616,0.9245236671858301,0.9038896172076915
calce_CS2_33,1,0.9992712140083313,0.8938714499252616,0.9245236671858301,0.9038896172076915
calce_CS2_33,1,0.9992357492446899,0.8938714499252616,0.9245185785469174,0.9026002495888731
calce_CS2_33,1,0.9992712140083313,0.8938714499252616,0.9245236671858301,0.9038896172076915
calce_CS2_33,1,0.9992712140083313,0.8938714499252616,0.9245236671858301,0.9038896172076915
calce_CS2_33,1,0.9992712140083313,0.8938714499252616,0.9245236671858301,0.9038896172076915
calce_CS2_33,1,0.9991745352745056,0.8938714499252616,0.9245097945583355,0.900476526723664
calce_CS2_33,1,0.9992129802703857,0.8938714499252616,0.9245153113891413,0.9017959053690008
calce_CS2_33,1,0.9991745352745056,0.8938714499252616,0.9245097945583355,0.900476526723664
calce_CS2_33,1,0.9992129802703857,0.8938714499252616,0.9245153113891413,0.9017959053690008
calce_CS2_33,1,0.9991745352745056,0.8938714499252616,0.9245097945583355,0.900476526723664
calce_CS2_33,1,0.9992928504943848,0.8938714499252616,0.924526771528448,0.9046994802621638
calce_CS2_33,1,0.9991583824157715,0.8938714499252616,0.9245074765236067,0.8999359175868719
calce_CS2_33,1,0.9991583824157715,0.8938714499252616,0.9245074765236067,0.8999359175868719
calce_CS2_33,1,0.9991173148155212,0.8938714499252616,0.9245015827756367,0.8985957088814669
calce_CS2_33,1,0.9991583824157715,0.8938714499252616,0.9245074765236067,0.8999359175868719
calce_CS2_33,1,0.9991583824157715,0.8938714499252616,0.9245074765236067,0.8999359175868719
calce_CS2_33,1,0.9991583824157715,0.8938714499252616,0.9245074765236067,0.8999359175868719
calce_CS2_33,1,0.9991173148155212,0.8938714499252616,0.9245015827756367,0.8985957088814669
calce_CS2_33,1,0.9991173148155212,0.8938714499252616,0.9245015827756367,0.8985957088814669
calce_CS2_33,1,0.9991173148155212,0.8938714499252616,0.9245015827756367,0.8985957088814669
calce_CS2_33,1,0.9991173148155212,0.8938714499252616,0.9245015827756367,0.8985957088814669
calce_CS2_33,1,0.9991583824157715,0.8938714499252616,0.9245074765236067,0.8999359175868719
calce_CS2_33,1,0.9991583824157715,0.8938714499252616,0.9245074765236067,0.8999359175868719
calce_CS2_33,1,0.9991583824157715,0.8938714499252616,0.9245074765236067,0.8999359175868719
calce_CS2_33,1,0.9991173148155212,0.8938714499252616,0.9245015827756367,0.8985957088814669
calce_CS2_33,1,0.9991583824157715,0.8938714499252616,0.9245074765236067,0.8999359175868719
calce_CS2_33,1,0.9991173148155212,0.8938714499252616,0.9245015827756367,0.8985957088814669
calce_CS2_33,1,0.9991583824157715,0.8938714499252616,0.9245074765236067,0.8999359175868719
calce_CS2_33,1,0.9991583824157715,0.8938714499252616,0.9245074765236067,0.8999359175868719
calce_CS2_33,1,0.9991173148155212,0.8938714499252616,0.9245015827756367,0.8985957088814669
calce_CS2_33,1,0.9991173148155212,0.8938714499252616,0.9245015827756367,0.8985957088814669
calce_CS2_33,1,0.9991583824157715,0.8938714499252616,0.9245074765236067,0.8999359175868719
calce_CS2_33,1,0.9991583824157715,0.8938714499252616,0.9245074765236067,0.8999359175868719
calce_CS2_33,1,0.9991173148155212,0.8938714499252616,0.9245015827756367,0.8985957088814669
calce_CS2_33,1,0.9991173148155212,0.8938714499252616,0.9245015827756367,0.8985957088814669
calce_CS2_33,1,0.9991583824157715,0.8938714499252616,0.9245074765236067,0.8999359175868719
calce_CS2_33,1,0.9991583824157715,0.8938714499252616,0.9245074765236067,0.8999359175868719
calce_CS2_33,1,0.9991173148155212,0.8938714499252616,0.9245015827756367,0.8985957088814669
calce_CS2_33,1,0.9991583824157715,0.8938714499252616,0.9245074765236067,0.8999359175868719
calce_CS2_33,1,0.9991173148155212,0.8938714499252616,0.9245015827756367,0.8985957088814669
calce_CS2_33,1,0.9991173148155212,0.8938714499252616,0.9245015827756367,0.8985957088814669
calce_CS2_33,1,0.9991583824157715,0.8938714499252616,0.9245074765236067,0.8999359175868719
calce_CS2_33,1,0.9991173148155212,0.8938714499252616,0.9245015827756367,0.8985957088814669
calce_CS2_33,1,0.9991583824157715,0.8938714499252616,0.9245074765236067,0.8999359175868719
calce_CS2_33,1,0.9991173148155212,0.8938714499252616,0.9245015827756367,0.8985957088814669
calce_CS2_33,1,0.9991173148155212,0.8938714499252616,0.9245015827756367,0.8985957088814669
calce_CS2_33,1,0.9996132254600525,0.8938714499252616,0.9245727243133215,0.9196709350117329
calce_CS2_33,1,0.9996132254600525,0.8938714499252616,0.9245727243133215,0.9196709350117329
calce_CS2_33,1,0.9995942711830139,0.8938714499252616,0.9245700063336402,0.918566998670571
calce_CS2_33,1,0.9996132254600525,0.8938714499252616,0.9245727243133215,0.9196709350117329
calce_CS2_33,1,0.9996132254600525,0.8938714499252616,0.9245727243133215,0.9196709350117329
calce_CS2_33,1,0.9995942711830139,0.8938714499252616,0.9245700063336402,0.918566998670571
calce_CS2_33,1,0.9996132254600525,0.8938714499252616,0.9245727243133215,0.9196709350117329
calce_CS2_33,1,0.9995942711830139,0.8938714499252616,0.9245700063336402,0.918566998670571
calce_CS2_33,1,0.9995942711830139,0.8938714499252616,0.9245700063336402,0.918566998670571
calce_CS2_33,1,0.9996132254600525,0.8938714499252616,0.9245727243133215,0.9196709350117329
calce_CS2_33,1,0.9995942711830139,0.8938714499252616,0.9245700063336402,0.918566998670571
calce_CS2_33,1,0.9996132254600525,0.8938714499252616,0.9245727243133215,0.9196709350117329
calce_CS2_33,1,0.9995942711830139,0.8938714499252616,0.9245700063336402,0.918566998670571
calce_CS2_33,1,0.9995942711830139,0.8938714499252616,0.9245700063336402,0.918566998670571
calce_CS2_33,1,0.9995942711830139,0.8938714499252616,0.9245700063336402,0.918566998670571
calce_CS2_33,1,0.9995942711830139,0.8938714499252616,0.9245700063336402,0.918566998670571
calce_CS2_33,1,0.9996132254600525,0.8938714499252616,0.9245727243133215,0.9196709350117329
calce_CS2_33,1,0.9996132254600525,0.8938714499252616,0.9245727243133215,0.9196709350117329
calce_CS2_33,1,0.9996132254600525,0.8938714499252616,0.9245727243133215,0.9196709350117329
calce_CS2_33,1,0.9996132254600525,0.8938714499252616,0.9245727243133215,0.9196709350117329
calce_CS2_33,1,0.9996132254600525,0.8938714499252616,0.9245727243133215,0.9196709350117329
calce_CS2_33,1,0.9996132254600525,0.8938714499252616,0.9245727243133215,0.9196709350117329
calce_CS2_33,1,0.9996028542518616,0.8938714499252616,0.9245712371280357,0.9190620628613416
calce_CS2_33,1,0.9991570711135864,0.8938714499252616,0.9245072883407969,0.8998923733806479
calce_CS2_33,1,0.9996028542518616,0.8938714499252616,0.9245712371280357,0.9190620628613416
calce_CS2_33,1,0.9996028542518616,0.8938714499252616,0.9245712371280357,0.9190620628613416
calce_CS2_33,1,0.9996028542518616,0.8938714499252616,0.9245712371280357,0.9190620628613416
calce_CS2_33,1,0.9991570711135864,0.8938714499252616,0.9245072883407969,0.8998923733806479
calce_CS2_33,1,0.9996028542518616,0.8938714499252616,0.9245712371280357,0.9190620628613416
calce_CS2_33,1,0.9993804693222046,0.8938714499252616,0.9245393416344035,0.9081820746170562
calce_CS2_33,1,0.9992712140083313,0.8938714499252616,0.9245236671858301,0.9038896172076915
calce_CS2_33,1,0.9992357492446899,0.8938714499252616,0.9245185785469174,0.9026002495888731
calce_CS2_33,1,0.9995576739311218,0.8938714499252616,0.9245647581560973,0.9165391537877656
calce_CS2_34,0,0.4769141972064972,0.5694117647058823,0.8282512573142097,0.4925936811171248
calce_CS2_34,0,0.31064704060554504,0.5694117647058823,0.7686908524553153,0.4364557477508308
calce_CS2_34,0,0.39737212657928467,0.5694117647058823,0.8014134451041401,0.4666716040408657
calce_CS2_34,0,0.31064704060554504,0.5694117647058823,0.7686908524553153,0.4364557477508308
calce_CS2_34,0,0.39737212657928467,0.5694117647058823,0.8014134451041401,0.4666716040408657
calce_CS2_34,0,0.4819371700286865,0.5694117647058823,0.8298455072064613,0.4942065710420716
calce_CS2_34,0,0.4819371700286865,0.5694117647058823,0.8298455072064613,0.4942065710420716
calce_CS2_34,0,0.7112205028533936,0.5694117647058823,0.8907091943974005,0.5717449488503354
calce_CS2_34,0,0.4249001443386078,0.5694117647058823,0.811042766679735,0.4757575224961714
calce_CS2_34,0,0.4249001443386078,0.5694117647058823,0.811042766679735,0.4757575224961714
calce_CS2_34,0,0.5103621482849121,0.5694117647058823,0.8386462205826296,0.5033226599122635
calce_CS2_34,0,0.43739745020866394,0.5694117647058823,0.8152946016404918,0.47983391427638594
calce_CS2_34,0,0.6278668642044067,0.5694117647058823,0.8711693691526365,0.5418282093858735
calce_CS2_34,0,0.5446141362190247,0.5694117647058823,0.8487583826462498,0.5143380557852931
calce_CS2_34,0,0.45863407850265503,0.5694117647058823,0.8223493297023944,0.48671032078861465
calce_CS2_34,0,0.8180703520774841,0.5694117647058823,0.9119188676514532,0.6182166504822636
calce_CS2_34,0,0.8868709206581116,0.5694117647058823,0.9235345662817345,0.6593042809228269
calce_CS2_34,0,0.8421834111213684,0.5694117647058823,0.9161609471178691,0.631087736767984
calce_CS2_34,0,0.8266835808753967,0.5694117647058823,0.9134559592964357,0.6226693343982779
calce_CS2_34,0,0.8266835808753967,0.5694117647058823,0.9134559592964357,0.6226693343982779
calce_CS2_34,0,0.9261789321899414,0.5694117647058823,0.9295238768496626,0.6923149806374858
calce_CS2_34,0,0.8772585988044739,0.5694117647058823,0.9220004703531134,0.6526154011975375
calce_CS2_34,0,0.9198607802391052,0.5694117647058823,0.9285913144426705,0.686205907878194
calce_CS2_34,0,0.8772585988044739,0.5694117647058823,0.9220004703531134,0.6526154011975375
calce_CS2_34,0,0.9340882897377014,0.5694117647058823,0.9306754352673089,0.7005724153611365
calce_CS2_34,0,0.9198607802391052,0.5694117647058823,0.9285913144426705,0.686205907878194
calce_CS2_34,0,0.9358726143836975,0.5694117647058823,0.9309328047507716,0.7025428218834646
calce_CS2_34,0,0.9358726143836975,0.5694117647058823,0.9309328047507716,0.7025428218834646
calce_CS2_34,0,0.9358726143836975,0.5694117647058823,0.9309328047507716,0.7025428218834646
calce_CS2_34,0,0.9536798596382141,0.5694117647058823,0.9334532394342249,0.7250741871858837
calce_CS2_34,0,0.8966070413589478,0.5694117647058823,0.9250601645049286,0.6665336496949698
calce_CS2_34,0,0.9122052788734436,0.5694117647058823,0.9274461005349486,0.6792897904936099
calce_CS2_34,0,0.9479153156280518,0.5694117647058823,0.9326468209309424,0.7171205094722474
calce_CS2_34,0,0.9271525144577026,0.5694117647058823,0.9296665734493819,0.6932925657904772
calce_CS2_34,0,0.9479153156280518,0.5694117647058823,0.9326468209309424,0.7171205094722474
calce_CS2_34,0,0.9479153156280518,0.5694117647058823,0.9326468209309424,0.7171205094722474
calce_CS2_34,0,0.8525323271751404,0.5694117647058823,0.917924019608273,0.6370417029411762
calce_CS2_34,0,0.963355302810669,0.5694117647058823,0.9347866342718792,0.7404158616956805
calce_CS2_34,0,0.9187045693397522,0.5694117647058823,0.9284194287186482,0.6851291678677947
calce_CS2_34,0,0.4160792827606201,0.5694117647058823,0.8079967949091936,0.47286365692562693
calce_CS2_34,0,0.687476634979248,0.5694117647058823,0.8854243846326264,0.5628543182444798
calce_CS2_34,0,0.7593327164649963,0.5694117647058823,0.9007648139711613,0.5910702574284398
calce_CS2_34,0,0.7730183601379395,0.5694117647058823,0.9034709646157784,0.59697802396724
calce_CS2_34,0,0.8832602500915527,0.5694117647058823,0.922961587169431,0.6567432768070934
calce_CS2_34,0,0.8187953233718872,0.5694117647058823,0.9120491887009141,0.6185857627891381
calce_CS2_34,0,0.8832602500915527,0.5694117647058823,0.922961587169431,0.6567432768070934
calce_CS2_34,0,0.8832602500915527,0.5694117647058823,0.922961587169431,0.6567432768070934
calce_CS2_34,0,0.9303721189498901,0.5694117647058823,0.9301365664526778,0.6966005336941501
calce_CS2_34,0,0.9303721189498901,0.5694117647058823,0.9301365664526778,0.6966005336941501
calce_CS2_34,0,0.8438148498535156,0.5694117647058823,0.9164411507142708,0.6320073654894627
calce_CS2_34,0,0.8438148498535156,0.5694117647058823,0.9164411507142708,0.6320073654894627
calce_CS2_34,0,0.900460958480835,0.5694117647058823,0.9256562892926267,0.669539468943352
calce_CS2_34,0,0.832328200340271,0.5694117647058823,0.9144500703161685,0.6256713415990738
calce_CS2_34,0,0.8193344473838806,0.5694117647058823,0.91214598880858,0.6188609097848917
calce_CS2_34,0,0.7640112042427063,0.5694117647058823,0.9016974323996497,0.5930660355976145
calce_CS2_34,0,0.8856325745582581,0.5694117647058823,0.9233384942775448,0.6584190656791747
calce_CS2_34,0,0.8912299871444702,0.5694117647058823,0.9242210995252796,0.6624799679367667
calce_CS2_34,0,0.8193344473838806,0.5694117647058823,0.91214598880858,0.6188609097848917
calce_CS2_34,0,0.8801518678665161,0.5694117647058823,0.9224651671411768,0.654585965580201
calce_CS2_34,0,0.8280748128890991,0.5694117647058823,0.9137019450847687,0.6234028290762006
calce_CS2_34,0,0.8885123133659363,0.5694117647058823,0.9237937452917616,0.6604889904749207
calce_CS2_34,0,0.8801518678665161,0.5694117647058823,0.9224651671411768,0.654585965580201
calce_CS2_34,0,0.8801518678665161,0.5694117647058823,0.9224651671411768,0.654585965580201
calce_CS2_34,0,0.9020867943763733,0.5694117647058823,0.9259064636378168,0.6708343813524141
calce_CS2_34,0,0.9020867943763733,0.5694117647058823,0.9259064636378168,0.6708343813524141
calce_CS2_34,0,0.9380018711090088,0.5694117647058823,0.9312387692020553,0.7049518438430923
calce_CS2_34,0,0.9456201791763306,0.5694117647058823,0.932323231137094,0.7141488487065837
calce_CS2_34,0,0.975489616394043,0.5694117647058823,0.9364237593999276,0.7651429381869659
calce_CS2_34,0,0.8126296997070312,0.5694117647058823,0.9109352757540851,0.6154781554942352
calce_CS2_34,0,0.886967122554779,0.5694117647058823,0.9235497790211796,0.6593733560539734
calce_CS2_34,0,0.965221643447876,0.5694117647058823,0.9350409633393606,0.7437423289273893
calce_CS2_34,0,0.9631348848342896,0.5694117647058823,0.9347565364936065,0.7400320319583609
calce_CS2_34,0,0.8969681859016418,0.5694117647058823,0.9251162124355402,0.6668116363208395
calce_CS2_34,0,0.9349766969680786,0.5694117647058823,0.9308036891391963,0.7015481171644934
calce_CS2_34,0,0.9054967761039734,0.5694117647058823,0.9264286581039742,0.6736050531235307
calce_CS2_34,0,0.9054967761039734,0.5694117647058823,0.9264286581039742,0.6736050531235307
calce_CS2_34,0,0.8882348537445068,0.5694117647058823,0.9237499905729074,0.6602878036168882
calce_CS2_34,0,0.9668123126029968,0.5694117647058823,0.9352569973889528,0.7466924444682426
calce_CS2_34,0,0.9051176905632019,0.5694117647058823,0.9263707738804919,0.6732932640864678
calce_CS2_34,0,0.9136691093444824,0.5694117647058823,0.9276663814191155,0.6805748224989984
calce_CS2_34,0,0.9136691093444824,0.5694117647058823,0.9276663814191155,0.6805748224989984
calce_CS2_34,0,0.9136691093444824,0.5694117647058823,0.9276663814191155,0.6805748224989984
calce_CS2_34,0,0.9731181263923645,0.5694117647058823,0.9361068461294407,0.7596378250105301
calce_CS2_34,0,0.9414742588996887,0.5694117647058823,0.9317350436244012,0.7090253021160352
calce_CS2_34,0,0.9136691093444824,0.5694117647058823,0.9276663814191155,0.6805748224989984
calce_CS2_34,0,0.9414742588996887,0.5694117647058823,0.9317350436244012,0.7090253021160352
calce_CS2_34,0,0.9731181263923645,0.5694117647058823,0.9361068461294407,0.7596378250105301
calce_CS2_34,0,0.9414742588996887,0.5694117647058823,0.9317350436244012,0.7090253021160352
calce_CS2_34,0,0.9414742588996887,0.5694117647058823,0.9317350436244012,0.7090253021160352
calce_CS2_34,0,0.9533849358558655,0.5694117647058823,0.9334122002495278,0.7246485768061559
calce_CS2_34,0,0.9289117455482483,0.5694117647058823,0.9299237443882276,0.6950854469045364
calce_CS2_34,0,0.9289117455482483,0.5694117647058823,0.9299237443882276,0.6950854469045364
calce_CS2_34,0,0.9289117455482483,0.5694117647058823,0.9299237443882276,0.6950854469045364
calce_CS2_34,0,0.9383000731468201,0.5694117647058823,0.9312815191250352,0.7052944472668224
calce_CS2_34,0,0.9266676306724548,0.5694117647058823,0.9295955381205956,0.6928044109179129
calce_CS2_34,0,0.9726356267929077,0.5694117647058823,0.936042187503165,0.7585657532872403
calce_CS2_34,0,0.9224535226821899,0.5694117647058823,0.9289753748168291,0.6886654230831171
calce_CS2_34,0,0.9395653009414673,0.5694117647058823,0.9314626271480128,0.706762856095123
calce_CS2_34,0,0.9198938012123108,0.5694117647058823,0.9285962178375544,0.6862368373315215
calce_CS2_34,0,0.9728084206581116,0.5694117647058823,0.936065350202701,0.7589479321672135
calce_CS2_34,0,0.9455982446670532,0.5694117647058823,0.9323201316603907,0.7141209353168692
calce_CS2_34,0,0.9496246576309204,0.5694117647058823,0.9328868866691639,0.7194023701490374
calce_CS2_34,0,0.973086416721344,0.5694117647058823,0.936102598662152,0.7595668975370943
calce_CS2_34,0,0.9455982446670532,0.5694117647058823,0.9323201316603907,0.7141209353168692
calce_CS2_34,0,0.9559980034828186,0.5694117647058823,0.9337749963106409,0.7284973128190797
calce_CS2_34,0,0.9559980034828186,0.5694117647058823,0.9337749963106409,0.7284973128190797
calce_CS2_34,0,0.9559980034828186,0.5694117647058823,0.9337749963106409,0.7284973128190797
calce_CS2_34,0,0.935628354549408,0.5694117647058823,0.9308976252479476,0.702270542529783
calce_CS2_34,0,0.9329386353492737,0.5694117647058823,0.9305091401889111,0.6993251335472164
calce_CS2_34,0,0.9535253643989563,0.5694117647058823,0.93343174406901,0.7248509625223308
calce_CS2_34,0,0.9279661774635315,0.5694117647058823,0.9297856259890095,0.6941175004332458
calce_CS2_34,0,0.9279661774635315,0.5694117647058823,0.9297856259890095,0.6941175004332458
calce_CS2_34,0,0.9325875043869019,0.5694117647058823,0.930458276296874,0.6989475590215813
calce_CS2_34,0,0.9325875043869019,0.5694117647058823,0.930458276296874,0.6989475590215813
calce_CS2_34,0,0.9557618498802185,0.5694117647058823,0.9337422845780583,0.7281420772400218
calce_CS2_34,0,0.9731921553611755,0.5694117647058823,0.9361167611851166,0.7598036726503852
calce_CS2_34,0,0.9303461909294128,0.5694117647058823,0.9301327931472428,0.6965734165117901
calce_CS2_34,0,0.9731921553611755,0.5694117647058823,0.9361167611851166,0.7598036726503852
calce_CS2_34,0,0.9303461909294128,0.5694117647058823,0.9301327931472428,0.6965734165117901
calce_CS2_34,0,0.9303461909294128,0.5694117647058823,0.9301327931472428,0.6965734165117901
calce_CS2_34,0,0.9568085074424744,0.5694117647058823,0.9338871523225248,0.7297282473289081
calce_CS2_34,0,0.9341095089912415,0.5694117647058823,0.9306785011231183,0.7005955978513285
calce_CS2_34,1,0.9612347483634949,0.5694117647058823,0.9344965391194004,0.7367973039841712
calce_CS2_34,1,0.9612347483634949,0.5694117647058823,0.9344965391194004,0.7367973039841712
calce_CS2_34,1,0.9738377332687378,0.5694117647058823,0.936203165791791,0.7612657385082126
calce_CS2_34,1,0.9721583724021912,0.5694117647058823,0.9359781718073058,0.7575201368135028
calce_CS2_34,1,0.9266622066497803,0.5694117647058823,0.9295947431279963,0.6927989646995116
calce_CS2_34,1,0.9266622066497803,0.5694117647058823,0.9295947431279963,0.6927989646995116
calce_CS2_34,1,0.9266622066497803,0.5694117647058823,0.9295947431279963,0.6927989646995116
calce_CS2_34,1,0.9266622066497803,0.5694117647058823,0.9295947431279963,0.6927989646995116
calce_CS2_34,1,0.9266622066497803,0.5694117647058823,0.9295947431279963,0.6927989646995116
calce_CS2_34,1,0.806735098361969,0.5694117647058823,0.9098584417267872,0.612571367789894
calce_CS2_34,1,0.9266622066497803,0.5694117647058823,0.9295947431279963,0.6927989646995116
calce_CS2_34,1,0.9721583724021912,0.5694117647058823,0.9359781718073058,0.7575201368135028
calce_CS2_34,1,0.9266622066497803,0.5694117647058823,0.9295947431279963,0.6927989646995116
calce_CS2_34,1,0.928437352180481,0.5694117647058823,0.9298544815458499,0.6945985656355819
calce_CS2_34,1,0.928437352180481,0.5694117647058823,0.9298544815458499,0.6945985656355819
calce_CS2_34,1,0.928437352180481,0.5694117647058823,0.9298544815458499,0.6945985656355819
calce_CS2_34,1,0.9604542255401611,0.5694117647058823,0.93438946056163,0.7355053261669642
calce_CS2_34,1,0.9308030009269714,0.5694117647058823,0.9301992451306861,0.6970523493233372
calce_CS2_34,1,0.9323228001594543,0.5694117647058823,0.9304199091801734,0.6986639470036812
calce_CS2_34,1,0.9739863276481628,0.5694117647058823,0.9362230383457704,0.7616063521286693
calce_CS2_34,1,0.9300051927566528,0.5694117647058823,0.9300831501316499,0.6962175184102465
calce_CS2_34,1,0.9300051927566528,0.5694117647058823,0.9300831501316499,0.6962175184102465
calce_CS2_34,1,0.9584636688232422,0.5694117647058823,0.9341156423842508,0.7323005934177199
calce_CS2_34,1,0.9584636688232422,0.5694117647058823,0.9341156423842508,0.7323005934177199
calce_CS2_34,1,0.9300051927566528,0.5694117647058823,0.9300831501316499,0.6962175184102465
calce_CS2_34,1,0.9300051927566528,0.5694117647058823,0.9300831501316499,0.6962175184102465
calce_CS2_34,1,0.9300051927566528,0.5694117647058823,0.9300831501316499,0.6962175184102465
calce_CS2_34,1,0.9300051927566528,0.5694117647058823,0.9300831501316499,0.6962175184102465
calce_CS2_34,1,0.9604722261428833,0.5694117647058823,0.934391931865168,0.7355348908061768
calce_CS2_34,1,0.9300051927566528,0.5694117647058823,0.9300831501316499,0.6962175184102465
calce_CS2_34,1,0.9300051927566528,0.5694117647058823,0.9300831501316499,0.6962175184102465
calce_CS2_34,1,0.9300051927566528,0.5694117647058823,0.9300831501316499,0.6962175184102465
calce_CS2_34,1,0.9300051927566528,0.5694117647058823,0.9300831501316499,0.6962175184102465
calce_CS2_34,1,0.9300051927566528,0.5694117647058823,0.9300831501316499,0.6962175184102465
calce_CS2_34,1,0.9606592059135437,0.5694117647058823,0.9344175972077963,0.7358426311051994
calce_CS2_34,1,0.9606592059135437,0.5694117647058823,0.9344175972077963,0.7358426311051994
calce_CS2_34,1,0.9301530122756958,0.5694117647058823,0.9301046739189558,0.6963716284400504
calce_CS2_34,1,0.9606592059135437,0.5694117647058823,0.9344175972077963,0.7358426311051994
calce_CS2_34,1,0.9606592059135437,0.5694117647058823,0.9344175972077963,0.7358426311051994
calce_CS2_34,1,0.9331191778182983,0.5694117647058823,0.9305352796856141,0.6995198817587244
calce_CS2_34,1,0.9621021151542664,0.5694117647058823,0.9346153410022761,0.7382577318233428
calce_CS2_34,1,0.9331191778182983,0.5694117647058823,0.9305352796856141,0.6995198817587244
calce_CS2_34,1,0.9347071647644043,0.5694117647058823,0.9307648016644247,0.7012509908911045
calce_CS2_34,1,0.9347071647644043,0.5694117647058823,0.9307648016644247,0.7012509908911045
calce_CS2_34,1,0.9401041865348816,0.5694117647058823,0.9315396302890145,0.707395705543107
calce_CS2_34,1,0.9688884615898132,0.5694117647058823,0.9355379600756117,0.7507185741453587
calce_CS2_34,1,0.9672120809555054,0.5694117647058823,0.9353111860093459,0.747451664314735
calce_CS2_34,1,0.9672120809555054,0.5694117647058823,0.9353111860093459,0.747451664314735
calce_CS2_34,1,0.9688884615898132,0.5694117647058823,0.9355379600756117,0.7507185741453587
calce_CS2_34,1,0.9591650366783142,0.5694117647058823,0.9342122425363222,0.7334154456193783
calce_CS2_34,1,0.9839514493942261,0.7006802721088435,0.9375426483636137,0.7891196613804661
calce_CS2_34,1,0.9569879174232483,0.5694117647058823,0.9339119548685596,0.7300032197212628
calce_CS2_34,1,0.9569879174232483,0.5694117647058823,0.9339119548685596,0.7300032197212628
calce_CS2_34,1,0.9746490120887756,0.5694117647058823,0.936311593509306,0.7631446290069627
calce_CS2_34,1,0.9769108891487122,0.5694117647058823,0.9366129879168088,0.7686500660408729
calce_CS2_34,1,0.9593249559402466,0.5694117647058823,0.9342342499490327,0.7336717896275519
calce_CS2_34,1,0.9769108891487122,0.5694117647058823,0.9366129879168088,0.7686500660408729
calce_CS2_34,1,0.9593249559402466,0.5694117647058823,0.9342342499490327,0.7336717896275519
calce_CS2_34,1,0.9769108891487122,0.5694117647058823,0.9366129879168088,0.7686500660408729
calce_CS2_34,1,0.9593249559402466,0.5694117647058823,0.9342342499490327,0.7336717896275519
calce_CS2_34,1,0.9593249559402466,0.5694117647058823,0.9342342499490327,0.7336717896275519
calce_CS2_34,1,0.9840351939201355,0.7006802721088435,0.9375536293283777,0.78940319801832
calce_CS2_34,1,0.9769108891487122,0.5694117647058823,0.9366129879168088,0.7686500660408729
calce_CS2_34,1,0.9593249559402466,0.5694117647058823,0.9342342499490327,0.7336717896275519
calce_CS2_34,1,0.9667937159538269,0.5694117647058823,0.9352544755840606,0.7466573055684973
calce_CS2_34,1,0.9674054980278015,0.5694117647058823,0.9353373885464019,0.7478216602739188
calce_CS2_34,1,0.9674054980278015,0.5694117647058823,0.9353373885464019,0.7478216602739188
calce_CS2_34,1,0.9666231274604797,0.5694117647058823,0.9352313386075546,0.746335708010445
calce_CS2_34,1,0.9674054980278015,0.5694117647058823,0.9353373885464019,0.7478216602739188
calce_CS2_34,1,0.9674054980278015,0.5694117647058823,0.9353373885464019,0.7478216602739188
calce_CS2_34,1,0.9666231274604797,0.5694117647058823,0.9352313386075546,0.746335708010445
calce_CS2_34,1,0.9666231274604797,0.5694117647058823,0.9352313386075546,0.746335708010445
calce_CS2_34,1,0.9819400906562805,0.7006802721088435,0.9372783677634241,0.7826394182228879
calce_CS2_34,1,0.9826558828353882,0.7006802721088435,0.9373725379858827,0.7848764825571495
calce_CS2_34,1,0.9818877577781677,0.7006802721088435,0.9372714776252483,0.7824786515929671
calce_CS2_34,1,0.9666231274604797,0.5694117647058823,0.9352313386075546,0.746335708010445
calce_CS2_34,1,0.9666231274604797,0.5694117647058823,0.9352313386075546,0.746335708010445
calce_CS2_34,1,0.9666231274604797,0.5694117647058823,0.9352313386075546,0.746335708010445
calce_CS2_34,1,0.9590705037117004,0.5694117647058823,0.9341992300898617,0.7332642912761073
calce_CS2_34,1,0.9773406982421875,0.7006802721088435,0.9366701092919055,0.769744651776781
calce_CS2_34,1,0.975618302822113,0.5694117647058823,0.9364409143912032,0.765453681019197
calce_CS2_34,1,0.9590705037117004,0.5694117647058823,0.9341992300898617,0.7332642912761073
calce_CS2_34,1,0.9620959758758545,0.5694117647058823,0.9346145008194471,0.7382473010827711
calce_CS2_34,1,0.9809831976890564,0.7006802721088435,0.9371522717370957,0.7797567073817298
calce_CS2_34,1,0.9818877577781677,0.7006802721088435,0.9372714776252483,0.7824786515929671
calce_CS2_34,1,0.9674054980278015,0.5694117647058823,0.9353373885464019,0.7478216602739188
calce_CS2_34,1,0.9654512405395508,0.5694117647058823,0.9350721870533301,0.7441613759531287
calce_CS2_34,1,0.980442464351654,0.7006802721088435,0.9370809112325129,0.7781785335697963
calce_CS2_34,1,0.9654512405395508,0.5694117647058823,0.9350721870533301,0.7441613759531287
calce_CS2_34,1,0.9826966524124146,0.7006802721088435,0.937377897692411,0.7850060986611218
calce_CS2_34,1,0.9688405394554138,0.5694117647058823,0.935531487650702,0.7506232462107514
calce_CS2_34,1,0.9688405394554138,0.5694117647058823,0.935531487650702,0.7506232462107514
calce_CS2_34,1,0.9886294603347778,0.7391304347826086,0.9381532961833802,0.8071549285790339
calce_CS2_34,1,0.9835211038589478,0.7006802721088435,0.9374861910581502,0.7876809146110825
calce_CS2_34,1,0.9835211038589478,0.7006802721088435,0.9374861910581502,0.7876809146110825
calce_CS2_34,1,0.9703052639961243,0.5694117647058823,0.9357290420620521,0.7535916018886586
calce_CS2_34,1,0.9840091466903687,0.7006802721088435,0.9375502140897264,0.7893148825724703
calce_CS2_34,1,0.9840091466903687,0.7006802721088435,0.9375502140897264,0.7893148825724703
calce_CS2_34,1,0.9032447338104248,0.5694117647058823,0.926084168274153,0.6717667634363749
calce_CS2_34,1,0.9685946702957153,0.5694117647058823,0.9354982707296543,0.7501359979607323
calce_CS2_34,1,0.9685946702957153,0.5694117647058823,0.9354982707296543,0.7501359979607323
calce_CS2_34,1,0.9690138101577759,0.5694117647058823,0.9355548869529682,0.7509684787380144
calce_CS2_34,1,0.9690138101577759,0.5694117647058823,0.9355548869529682,0.7509684787380144
calce_CS2_34,1,0.9690138101577759,0.5694117647058823,0.9355548869529682,0.7509684787380144
calce_CS2_34,1,0.9690138101577759,0.5694117647058823,0.9355548869529682,0.7509684787380144
calce_CS2_34,1,0.9690138101577759,0.5694117647058823,0.9355548869529682,0.7509684787380144
calce_CS2_34,1,0.983535647392273,0.7006802721088435,0.9374880998109711,0.7877290462138797
calce_CS2_34,1,0.983535647392273,0.7006802721088435,0.9374880998109711,0.7877290462138797
calce_CS2_34,1,0.9695302248001099,0.5694117647058823,0.935624579151261,0.7520066725771997
calce_CS2_34,1,0.983535647392273,0.7006802721088435,0.9374880998109711,0.7877290462138797
calce_CS2_34,1,0.9695302248001099,0.5694117647058823,0.935624579151261,0.7520066725771997
calce_CS2_34,1,0.9886397123336792,0.7391304347826086,0.9381546282920614,0.8072004582226587
calce_CS2_34,1,0.983535647392273,0.7006802721088435,0.9374880998109711,0.7877290462138797
calce_CS2_34,1,0.983535647392273,0.7006802721088435,0.9374880998109711,0.7877290462138797
calce_CS2_34,1,0.9695302248001099,0.5694117647058823,0.935624579151261,0.7520066725771997
calce_CS2_34,1,0.9695302248001099,0.5694117647058823,0.935624579151261,0.7520066725771997
calce_CS2_34,1,0.9695302248001099,0.5694117647058823,0.935624579151261,0.7520066725771997
calce_CS2_34,1,0.983535647392273,0.7006802721088435,0.9374880998109711,0.7877290462138797
calce_CS2_34,1,0.9695302248001099,0.5694117647058823,0.935624579151261,0.7520066725771997
calce_CS2_34,1,0.9695302248001099,0.5694117647058823,0.935624579151261,0.7520066725771997
calce_CS2_34,1,0.983535647392273,0.7006802721088435,0.9374880998109711,0.7877290462138797
calce_CS2_34,1,0.9886397123336792,0.7391304347826086,0.9381546282920614,0.8072004582226587
calce_CS2_34,1,0.9695302248001099,0.5694117647058823,0.935624579151261,0.7520066725771997
calce_CS2_34,1,0.983535647392273,0.7006802721088435,0.9374880998109711,0.7877290462138797
calce_CS2_34,1,0.9695302248001099,0.5694117647058823,0.935624579151261,0.7520066725771997
calce_CS2_34,1,0.9695302248001099,0.5694117647058823,0.935624579151261,0.7520066725771997
calce_CS2_34,1,0.9695302248001099,0.5694117647058823,0.935624579151261,0.7520066725771997
calce_CS2_34,1,0.9695302248001099,0.5694117647058823,0.935624579151261,0.7520066725771997
calce_CS2_34,1,0.9695302248001099,0.5694117647058823,0.935624579151261,0.7520066725771997
calce_CS2_34,1,0.983535647392273,0.7006802721088435,0.9374880998109711,0.7877290462138797
calce_CS2_34,1,0.9713596105575562,0.5694117647058823,0.9358708976958561,0.7558018381721302
calce_CS2_34,1,0.9695302248001099,0.5694117647058823,0.935624579151261,0.7520066725771997
calce_CS2_34,1,0.9695302248001099,0.5694117647058823,0.935624579151261,0.7520066725771997
calce_CS2_34,1,0.9695302248001099,0.5694117647058823,0.935624579151261,0.7520066725771997
calce_CS2_34,1,0.9695302248001099,0.5694117647058823,0.935624579151261,0.7520066725771997
calce_CS2_34,1,0.983535647392273,0.7006802721088435,0.9374880998109711,0.7877290462138797
calce_CS2_34,1,0.9886397123336792,0.7391304347826086,0.9381546282920614,0.8072004582226587
calce_CS2_34,1,0.9698446393013,0.5694117647058823,0.9356669762531646,0.7526456981310157
calce_CS2_34,1,0.9698446393013,0.5694117647058823,0.9356669762531646,0.7526456981310157
calce_CS2_34,1,0.9698446393013,0.5694117647058823,0.9356669762531646,0.7526456981310157
calce_CS2_34,1,0.9698446393013,0.5694117647058823,0.9356669762531646,0.7526456981310157
calce_CS2_34,1,0.9837080836296082,0.7006802721088435,0.9375107269028763,0.7883023153418169
calce_CS2_34,1,0.9837080836296082,0.7006802721088435,0.9375107269028763,0.7883023153418169
calce_CS2_34,1,0.9698446393013,0.5694117647058823,0.9356669762531646,0.7526456981310157
calce_CS2_34,1,0.9685695171356201,0.5694117647058823,0.9354948716396431,0.7500863236692027
calce_CS2_34,1,0.9696350693702698,0.5694117647058823,0.9356387197674828,0.7522191717880115
calce_CS2_34,1,0.9696350693702698,0.5694117647058823,0.9356387197674828,0.7522191717880115
calce_CS2_34,1,0.9882742166519165,0.7391304347826086,0.9381071205109708,0.8055969297121202
calce_CS2_34,1,0.9698446393013,0.5694117647058823,0.9356669762531646,0.7526456981310157
calce_CS2_34,1,0.9696350693702698,0.5694117647058823,0.9356387197674828,0.7522191717880115
calce_CS2_34,1,0.981609046459198,0.7006802721088435,0.9372347706407614,0.7816286342056753
calce_CS2_34,1,0.982135534286499,0.7006802721088435,0.9373040935969935,0.7832431232679554
calce_CS2_34,1,0.982135534286499,0.7006802721088435,0.9373040935969935,0.7832431232679554
calce_CS2_34,1,0.9696350693702698,0.5694117647058823,0.9356387197674828,0.7522191717880115
calce_CS2_34,1,0.9696350693702698,0.5694117647058823,0.9356387197674828,0.7522191717880115
calce_CS2_34,1,0.8318407535552979,0.5694117647058823,0.9143646328302937,0.6254093364410482
calce_CS2_34,1,0.982135534286499,0.7006802721088435,0.9373040935969935,0.7832431232679554
calce_CS2_34,1,0.982135534286499,0.7006802721088435,0.9373040935969935,0.7832431232679554
calce_CS2_34,1,0.983367919921875,0.7006802721088435,0.9374660832674236,0.7871759966882118
calce_CS2_34,1,0.9888112545013428,0.7391304347826086,0.9381769139023401,0.8079671390071035
calce_CS2_34,1,0.9924231767654419,0.7391304347826086,0.938644412173742,0.8267838701718552
calce_CS2_34,1,0.989133894443512,0.7391304347826086,0.938218808803232,0.809434611053323
calce_CS2_34,1,0.983367919921875,0.7006802721088435,0.9374660832674236,0.7871759966882118
calce_CS2_34,1,0.983367919921875,0.7006802721088435,0.9374660832674236,0.7871759966882118
calce_CS2_34,1,0.983367919921875,0.7006802721088435,0.9374660832674236,0.7871759966882118
calce_CS2_34,1,0.983367919921875,0.7006802721088435,0.9374660832674236,0.7871759966882118
calce_CS2_34,1,0.989133894443512,0.7391304347826086,0.938218808803232,0.809434611053323
calce_CS2_34,1,0.983367919921875,0.7006802721088435,0.9374660832674236,0.7871759966882118
calce_CS2_34,1,0.9851227402687073,0.7006802721088435,0.9376960698061184,0.7931971782175052
calce_CS2_34,1,0.9851227402687073,0.7006802721088435,0.9376960698061184,0.7931971782175052
calce_CS2_34,1,0.9851227402687073,0.7006802721088435,0.9376960698061184,0.7931971782175052
calce_CS2_34,1,0.9902862906455994,0.7391304347826086,0.9383682313787696,0.8149736932919827
calce_CS2_34,1,0.9851227402687073,0.7006802721088435,0.9376960698061184,0.7931971782175052
calce_CS2_34,1,0.9851227402687073,0.7006802721088435,0.9376960698061184,0.7931971782175052
calce_CS2_34,1,0.9966384172439575,0.8648648648648649,0.9391858204341206,0.8611552063952602
calce_CS2_34,1,0.9950256943702698,0.78,0.9389792109855757,0.8453726093378265
calce_CS2_34,1,0.9924842715263367,0.7391304347826086,0.9386522913031754,0.8271581123477378
calce_CS2_34,1,0.9924842715263367,0.7391304347826086,0.9386522913031754,0.8271581123477378
calce_CS2_34,1,0.9929099678993225,0.7391304347826086,0.9387071652933737,0.8298338820625414
calce_CS2_34,1,0.9993957281112671,0.8706624605678234,0.9395375506355683,0.9149803750517003
calce_CS2_34,1,0.9993957281112671,0.8706624605678234,0.9395375506355683,0.9149803750517003
calce_CS2_34,1,0.9993957281112671,0.8706624605678234,0.9395375506355683,0.9149803750517003
calce_CS2_34,1,0.9994636178016663,0.8706624605678234,0.9395461867779602,0.917907653217328
calce_CS2_34,1,0.9993957281112671,0.8706624605678234,0.9395375506355683,0.9149803750517003
calce_CS2_34,1,0.9993957281112671,0.8706624605678234,0.9395375506355683,0.9149803750517003
calce_CS2_34,1,0.9993957281112671,0.8706624605678234,0.9395375506355683,0.9149803750517003
calce_CS2_34,1,0.9994636178016663,0.8706624605678234,0.9395461867779602,0.917907653217328
calce_CS2_34,1,0.9987082481384277,0.8706624605678234,0.939450032321404,0.8939956632070811
calce_CS2_34,1,0.9993957281112671,0.8706624605678234,0.9395375506355683,0.9149803750517003
calce_CS2_34,1,0.9989293217658997,0.8706624605678234,0.939478188594022,0.8995715513008995
calce_CS2_34,1,0.9989293217658997,0.8706624605678234,0.939478188594022,0.8995715513008995
calce_CS2_34,1,0.9989293217658997,0.8706624605678234,0.939478188594022,0.8995715513008995
calce_CS2_34,1,0.9994779229164124,0.8706624605678234,0.9395480063622302,0.9185586994225344
calce_CS2_34,1,0.9994779229164124,0.8706624605678234,0.9395480063622302,0.9185586994225344
calce_CS2_34,1,0.9992213249206543,0.8706624605678234,0.9395153597839004,0.9084343974027665
calce_CS2_34,1,0.9989557266235352,0.8706624605678234,0.9394815507377328,0.9002932855757934
calce_CS2_34,1,0.9989557266235352,0.8706624605678234,0.9394815507377328,0.9002932855757934
calce_CS2_34,1,0.9989557266235352,0.8706624605678234,0.9394815507377328,0.9002932855757934
calce_CS2_34,1,0.9992213249206543,0.8706624605678234,0.9395153597839004,0.9084343974027665
calce_CS2_34,1,0.9989482760429382,0.8706624605678234,0.9394806020692816,0.9000882770292347
calce_CS2_34,1,0.9996321201324463,0.8706624605678234,0.9395676167114101,0.9265733278404079
calce_CS2_34,1,0.9992213249206543,0.8706624605678234,0.9395153597839004,0.9084343974027665
calce_CS2_34,1,0.9989557266235352,0.8706624605678234,0.9394815507377328,0.9002932855757934
calce_CS2_34,1,0.9989557266235352,0.8706624605678234,0.9394815507377328,0.9002932855757934
calce_CS2_34,1,0.9989557266235352,0.8706624605678234,0.9394815507377328,0.9002932855757934
calce_CS2_34,1,0.9989482760429382,0.8706624605678234,0.9394806020692816,0.9000882770292347
calce_CS2_34,1,0.9993888139724731,0.8706624605678234,0.9395366710339146,0.9146960167417011
calce_CS2_34,1,0.999488353729248,0.8706624605678234,0.9395493331101216,0.9190416895634009
calce_CS2_34,1,0.9994237422943115,0.8706624605678234,0.9395411144162921,0.9161575365857035
calce_CS2_34,1,0.9994237422943115,0.8706624605678234,0.9395411144162921,0.9161575365857035
calce_CS2_34,1,0.9994237422943115,0.8706624605678234,0.9395411144162921,0.9161575365857035
calce_CS2_34,1,0.999488353729248,0.8706624605678234,0.9395493331101216,0.9190416895634009
calce_CS2_34,1,0.9994237422943115,0.8706624605678234,0.9395411144162921,0.9161575365857035
calce_CS2_34,1,0.999488353729248,0.8706624605678234,0.9395493331101216,0.9190416895634009
calce_CS2_34,1,0.9987292885780334,0.8706624605678234,0.939452712591292,0.8944942386365516
calce_CS2_34,1,0.9994237422943115,0.8706624605678234,0.9395411144162921,0.9161575365857035
calce_CS2_34,1,0.9994237422943115,0.8706624605678234,0.9395411144162921,0.9161575365857035
calce_CS2_34,1,0.9994237422943115,0.8706624605678234,0.9395411144162921,0.9161575365857035
calce_CS2_34,1,0.9994237422943115,0.8706624605678234,0.9395411144162921,0.9161575365857035
calce_CS2_34,1,0.9994237422943115,0.8706624605678234,0.9395411144162921,0.9161575365857035
calce_CS2_34,1,0.999488353729248,0.8706624605678234,0.9395493331101216,0.9190416895634009
calce_CS2_34,1,0.999488353729248,0.8706624605678234,0.9395493331101216,0.9190416895634009
calce_CS2_34,1,0.9994072914123535,0.8706624605678234,0.9395390216667512,0.915461316795699
calce_CS2_34,1,0.9994072914123535,0.8706624605678234,0.9395390216667512,0.915461316795699
calce_CS2_34,1,0.9994072914123535,0.8706624605678234,0.9395390216667512,0.915461316795699
calce_CS2_34,1,0.9994237422943115,0.8706624605678234,0.9395411144162921,0.9161575365857035
calce_CS2_34,1,0.9994237422943115,0.8706624605678234,0.9395411144162921,0.9161575365857035
calce_CS2_34,1,0.999488353729248,0.8706624605678234,0.9395493331101216,0.9190416895634009
calce_CS2_34,1,0.999488353729248,0.8706624605678234,0.9395493331101216,0.9190416895634009
calce_CS2_34,1,0.9994072914123535,0.8706624605678234,0.9395390216667512,0.915461316795699
calce_CS2_34,1,0.9994072914123535,0.8706624605678234,0.9395390216667512,0.915461316795699
calce_CS2_34,1,0.9994072914123535,0.8706624605678234,0.9395390216667512,0.915461316795699
calce_CS2_34,1,0.9994738698005676,0.8706624605678234,0.9395474908185565,0.9183729255891717
calce_CS2_34,1,0.9994738698005676,0.8706624605678234,0.9395474908185565,0.9183729255891717
calce_CS2_34,1,0.9994072914123535,0.8706624605678234,0.9395390216667512,0.915461316795699
calce_CS2_34,1,0.9996558427810669,0.8706624605678234,0.9395706331598432,0.9280146490394183
calce_CS2_34,1,0.9994072914123535,0.8706624605678234,0.9395390216667512,0.915461316795699
calce_CS2_34,1,0.9994072914123535,0.8706624605678234,0.9395390216667512,0.915461316795699
calce_CS2_34,1,0.9994738698005676,0.8706624605678234,0.9395474908185565,0.9183729255891717
calce_CS2_34,1,0.9994072914123535,0.8706624605678234,0.9395390216667512,0.915461316795699
calce_CS2_34,1,0.9994072914123535,0.8706624605678234,0.9395390216667512,0.915461316795699
calce_CS2_34,1,0.9994072914123535,0.8706624605678234,0.9395390216667512,0.915461316795699
calce_CS2_34,1,0.9994072914123535,0.8706624605678234,0.9395390216667512,0.915461316795699
calce_CS2_34,1,0.9994738698005676,0.8706624605678234,0.9395474908185565,0.9183729255891717
calce_CS2_34,1,0.9993752837181091,0.8706624605678234,0.9395349497098319,0.9141463123853047
calce_CS2_34,1,0.9993752837181091,0.8706624605678234,0.9395349497098319,0.9141463123853047
calce_CS2_34,1,0.9993752837181091,0.8706624605678234,0.9395349497098319,0.9141463123853047
calce_CS2_34,1,0.9993752837181091,0.8706624605678234,0.9395349497098319,0.9141463123853047
calce_CS2_34,1,0.999445378780365,0.8706624605678234,0.9395438667336952,0.9170957358924854
calce_CS2_34,1,0.9993752837181091,0.8706624605678234,0.9395349497098319,0.9141463123853047
calce_CS2_34,1,0.9993752837181091,0.8706624605678234,0.9395349497098319,0.9141463123853047
calce_CS2_34,1,0.9994237422943115,0.8706624605678234,0.9395411144162921,0.9161575365857035
calce_CS2_34,1,0.9994072914123535,0.8706624605678234,0.9395390216667512,0.915461316795699
calce_CS2_34,1,0.9994738698005676,0.8706624605678234,0.9395474908185565,0.9183729255891717
calce_CS2_34,1,0.999637246131897,0.8706624605678234,0.9395682685187325,0.9268789289274948
calce_CS2_34,1,0.999445378780365,0.8706624605678234,0.9395438667336952,0.9170957358924854
calce_CS2_34,1,0.9993752837181091,0.8706624605678234,0.9395349497098319,0.9141463123853047
calce_CS2_34,1,0.999445378780365,0.8706624605678234,0.9395438667336952,0.9170957358924854
calce_CS2_34,1,0.9993752837181091,0.8706624605678234,0.9395349497098319,0.9141463123853047
calce_CS2_34,1,0.9993752837181091,0.8706624605678234,0.9395349497098319,0.9141463123853047
calce_CS2_34,1,0.9993752837181091,0.8706624605678234,0.9395349497098319,0.9141463123853047
calce_CS2_34,1,0.9993934631347656,0.8706624605678234,0.9395372624915176,0.9148869616424595
calce_CS2_34,1,0.9994615912437439,0.8706624605678234,0.939545928999378,0.9178164520298413
calce_CS2_34,1,0.9994615912437439,0.8706624605678234,0.939545928999378,0.9178164520298413
calce_CS2_34,1,0.9994615912437439,0.8706624605678234,0.939545928999378,0.9178164520298413
calce_CS2_34,1,0.9993934631347656,0.8706624605678234,0.9395372624915176,0.9148869616424595
calce_CS2_34,1,0.9993934631347656,0.8706624605678234,0.9395372624915176,0.9148869616424595
calce_CS2_34,1,0.9994693398475647,0.8706624605678234,0.9395469146178176,0.9181665300315265
calce_CS2_34,1,0.9994693398475647,0.8706624605678234,0.9395469146178176,0.9181665300315265
calce_CS2_34,1,0.9994693398475647,0.8706624605678234,0.9395469146178176,0.9181665300315265
calce_CS2_34,1,0.9995288848876953,0.8706624605678234,0.9395544882147465,0.9209896997435565
calce_CS2_34,1,0.9994693398475647,0.8706624605678234,0.9395469146178176,0.9181665300315265
calce_CS2_34,1,0.9995288848876953,0.8706624605678234,0.9395544882147465,0.9209896997435565
calce_CS2_34,1,0.9995288848876953,0.8706624605678234,0.9395544882147465,0.9209896997435565
calce_CS2_34,1,0.9994693398475647,0.8706624605678234,0.9395469146178176,0.9181665300315265
calce_CS2_34,1,0.9994693398475647,0.8706624605678234,0.9395469146178176,0.9181665300315265
calce_CS2_34,1,0.9995288848876953,0.8706624605678234,0.9395544882147465,0.9209896997435565
calce_CS2_34,1,0.9994693398475647,0.8706624605678234,0.9395469146178176,0.9181665300315265
calce_CS2_34,1,0.9994693398475647,0.8706624605678234,0.9395469146178176,0.9181665300315265
calce_CS2_34,1,0.9994693398475647,0.8706624605678234,0.9395469146178176,0.9181665300315265
calce_CS2_34,1,0.9995288848876953,0.8706624605678234,0.9395544882147465,0.9209896997435565
calce_CS2_34,1,0.9993934631347656,0.8706624605678234,0.9395372624915176,0.9148869616424595
calce_CS2_34,1,0.9995288848876953,0.8706624605678234,0.9395544882147465,0.9209896997435565
calce_CS2_34,1,0.9994693398475647,0.8706624605678234,0.9395469146178176,0.9181665300315265
calce_CS2_34,1,0.9995288848876953,0.8706624605678234,0.9395544882147465,0.9209896997435565
calce_CS2_34,1,0.9994693398475647,0.8706624605678234,0.9395469146178176,0.9181665300315265
calce_CS2_34,1,0.9995288848876953,0.8706624605678234,0.9395544882147465,0.9209896997435565
calce_CS2_34,1,0.9995288848876953,0.8706624605678234,0.9395544882147465,0.9209896997435565
calce_CS2_34,1,0.9995288848876953,0.8706624605678234,0.9395544882147465,0.9209896997435565
calce_CS2_34,1,0.9995288848876953,0.8706624605678234,0.9395544882147465,0.9209896997435565
calce_CS2_34,1,0.9994693398475647,0.8706624605678234,0.9395469146178176,0.9181665300315265
calce_CS2_34,1,0.9995288848876953,0.8706624605678234,0.9395544882147465,0.9209896997435565
calce_CS2_34,1,0.9994693398475647,0.8706624605678234,0.9395469146178176,0.9181665300315265
calce_CS2_34,1,0.9994693398475647,0.8706624605678234,0.9395469146178176,0.9181665300315265
calce_CS2_34,1,0.9995288848876953,0.8706624605678234,0.9395544882147465,0.9209896997435565
calce_CS2_34,1,0.9994693398475647,0.8706624605678234,0.9395469146178176,0.9181665300315265
calce_CS2_34,1,0.9994693398475647,0.8706624605678234,0.9395469146178176,0.9181665300315265
calce_CS2_34,1,0.9994801878929138,0.8706624605678234,0.9395482944583737,0.9186629737838666
calce_CS2_34,1,0.9994145631790161,0.8706624605678234,0.9395399467310658,0.9157672972627197
calce_CS2_34,1,0.9994145631790161,0.8706624605678234,0.9395399467310658,0.9157672972627197
calce_CS2_34,1,0.9995288848876953,0.8706624605678234,0.9395544882147465,0.9209896997435565
calce_CS2_34,1,0.9993752837181091,0.8706624605678234,0.9395349497098319,0.9141463123853047
calce_CS2_34,1,0.9993934631347656,0.8706624605678234,0.9395372624915176,0.9148869616424595
calce_CS2_34,1,0.9994615912437439,0.8706624605678234,0.939545928999378,0.9178164520298413
calce_CS2_34,1,0.9994693398475647,0.8706624605678234,0.9395469146178176,0.9181665300315265
calce_CS2_34,1,0.9994693398475647,0.8706624605678234,0.9395469146178176,0.9181665300315265
calce_CS2_34,1,0.9994693398475647,0.8706624605678234,0.9395469146178176,0.9181665300315265
calce_CS2_34,1,0.9994693398475647,0.8706624605678234,0.9395469146178176,0.9181665300315265
calce_CS2_34,1,0.9996919631958008,0.8706624605678234,0.939575225773081,0.930354379341384
calce_CS2_34,1,0.9994801878929138,0.8706624605678234,0.9395482944583737,0.9186629737838666
calce_CS2_34,1,0.9994145631790161,0.8706624605678234,0.9395399467310658,0.9157672972627197
calce_CS2_34,1,0.9994145631790161,0.8706624605678234,0.9395399467310658,0.9157672972627197
calce_CS2_34,1,0.9994145631790161,0.8706624605678234,0.9395399467310658,0.9157672972627197
calce_CS2_34,1,0.9994693398475647,0.8706624605678234,0.9395469146178176,0.9181665300315265
calce_CS2_34,1,0.9994693398475647,0.8706624605678234,0.9395469146178176,0.9181665300315265
calce_CS2_34,1,0.9994801878929138,0.8706624605678234,0.9395482944583737,0.9186629737838666
calce_CS2_34,1,0.9994801878929138,0.8706624605678234,0.9395482944583737,0.9186629737838666
calce_CS2_34,1,0.9994145631790161,0.8706624605678234,0.9395399467310658,0.9157672972627197
calce_CS2_34,1,0.9994145631790161,0.8706624605678234,0.9395399467310658,0.9157672972627197
calce_CS2_34,1,0.9994145631790161,0.8706624605678234,0.9395399467310658,0.9157672972627197
calce_CS2_34,1,0.9994145631790161,0.8706624605678234,0.9395399467310658,0.9157672972627197
calce_CS2_34,1,0.9995288848876953,0.8706624605678234,0.9395544882147465,0.9209896997435565
calce_CS2_34,1,0.9994693398475647,0.8706624605678234,0.9395469146178176,0.9181665300315265
calce_CS2_34,1,0.9994145631790161,0.8706624605678234,0.9395399467310658,0.9157672972627197
calce_CS2_34,1,0.9994145631790161,0.8706624605678234,0.9395399467310658,0.9157672972627197
calce_CS2_34,1,0.9994145631790161,0.8706624605678234,0.9395399467310658,0.9157672972627197
calce_CS2_34,1,0.9994145631790161,0.8706624605678234,0.9395399467310658,0.9157672972627197
calce_CS2_34,1,0.9994145631790161,0.8706624605678234,0.9395399467310658,0.9157672972627197
calce_CS2_34,1,0.9994145631790161,0.8706624605678234,0.9395399467310658,0.9157672972627197
calce_CS2_34,1,0.9994145631790161,0.8706624605678234,0.9395399467310658,0.9157672972627197
calce_CS2_34,1,0.9994145631790161,0.8706624605678234,0.9395399467310658,0.9157672972627197
calce_CS2_34,1,0.9994145631790161,0.8706624605678234,0.9395399467310658,0.9157672972627197
calce_CS2_34,1,0.9994145631790161,0.8706624605678234,0.9395399467310658,0.9157672972627197
calce_CS2_34,1,0.9994801878929138,0.8706624605678234,0.9395482944583737,0.9186629737838666
calce_CS2_34,1,0.9994145631790161,0.8706624605678234,0.9395399467310658,0.9157672972627197
calce_CS2_34,1,0.9994145631790161,0.8706624605678234,0.9395399467310658,0.9157672972627197
calce_CS2_34,1,0.9990168809890747,0.8706624605678234,0.9394893368826323,0.9020183806727701
calce_CS2_34,1,0.9994145631790161,0.8706624605678234,0.9395399467310658,0.9157672972627197
calce_CS2_34,1,0.9990168809890747,0.8706624605678234,0.9394893368826323,0.9020183806727701
calce_CS2_34,1,0.9994145631790161,0.8706624605678234,0.9395399467310658,0.9157672972627197
calce_CS2_34,1,0.9990168809890747,0.8706624605678234,0.9394893368826323,0.9020183806727701
calce_CS2_34,1,0.9990168809890747,0.8706624605678234,0.9394893368826323,0.9020183806727701
calce_CS2_34,1,0.9987683892250061,0.8706624605678234,0.9394576931946442,0.8954373535094288
calce_CS2_34,1,0.9993728995323181,0.8706624605678234,0.9395346463880614,0.9140503554146499
calce_CS2_34,1,0.9987683892250061,0.8706624605678234,0.9394576931946442,0.8954373535094288
calce_CS2_34,1,0.9987683892250061,0.8706624605678234,0.9394576931946442,0.8954373535094288
calce_CS2_34,1,0.9991003274917603,0.8706624605678234,0.9394999597399463,0.9045055135612976
calce_CS2_34,1,0.9994145631790161,0.8706624605678234,0.9395399467310658,0.9157672972627197
calce_CS2_34,1,0.9991003274917603,0.8706624605678234,0.9394999597399463,0.9045055135612976
calce_CS2_34,1,0.9987683892250061,0.8706624605678234,0.9394576931946442,0.8954373535094288
calce_CS2_34,1,0.9987683892250061,0.8706624605678234,0.9394576931946442,0.8954373535094288
calce_CS2_34,1,0.9987683892250061,0.8706624605678234,0.9394576931946442,0.8954373535094288
calce_CS2_34,1,0.9988729357719421,0.8706624605678234,0.9394710083522074,0.8980734951557734
calce_CS2_34,1,0.9988729357719421,0.8706624605678234,0.9394710083522074,0.8980734951557734
calce_CS2_34,1,0.9987683892250061,0.8706624605678234,0.9394576931946442,0.8954373535094288
calce_CS2_34,1,0.9987683892250061,0.8706624605678234,0.9394576931946442,0.8954373535094288
calce_CS2_34,1,0.9987683892250061,0.8706624605678234,0.9394576931946442,0.8954373535094288
calce_CS2_34,1,0.9987683892250061,0.8706624605678234,0.9394576931946442,0.8954373535094288
calce_CS2_34,1,0.9987683892250061,0.8706624605678234,0.9394576931946442,0.8954373535094288
calce_CS2_34,1,0.9987683892250061,0.8706624605678234,0.9394576931946442,0.8954373535094288
calce_CS2_34,1,0.9988424181938171,0.8706624605678234,0.939467121884712,0.8972858237938851
calce_CS2_34,1,0.9987683892250061,0.8706624605678234,0.9394576931946442,0.8954373535094288
calce_CS2_34,1,0.9987683892250061,0.8706624605678234,0.9394576931946442,0.8954373535094288
calce_CS2_34,1,0.9987683892250061,0.8706624605678234,0.9394576931946442,0.8954373535094288
calce_CS2_34,1,0.9988424181938171,0.8706624605678234,0.939467121884712,0.8972858237938851
calce_CS2_34,1,0.9990168809890747,0.8706624605678234,0.9394893368826323,0.9020183806727701
calce_CS2_34,1,0.9987683892250061,0.8706624605678234,0.9394576931946442,0.8954373535094288
calce_CS2_34,1,0.9988729357719421,0.8706624605678234,0.9394710083522074,0.8980734951557734
calce_CS2_34,1,0.9987683892250061,0.8706624605678234,0.9394576931946442,0.8954373535094288
calce_CS2_34,1,0.9987683892250061,0.8706624605678234,0.9394576931946442,0.8954373535094288
calce_CS2_34,1,0.9988424181938171,0.8706624605678234,0.939467121884712,0.8972858237938851
calce_CS2_34,1,0.9994145631790161,0.8706624605678234,0.9395399467310658,0.9157672972627197
calce_CS2_34,1,0.9987683892250061,0.8706624605678234,0.9394576931946442,0.8954373535094288
calce_CS2_34,1,0.9987683892250061,0.8706624605678234,0.9394576931946442,0.8954373535094288
calce_CS2_34,1,0.9987683892250061,0.8706624605678234,0.9394576931946442,0.8954373535094288
calce_CS2_34,1,0.9987683892250061,0.8706624605678234,0.9394576931946442,0.8954373535094288
calce_CS2_34,1,0.9987683892250061,0.8706624605678234,0.9394576931946442,0.8954373535094288
calce_CS2_34,1,0.9987683892250061,0.8706624605678234,0.9394576931946442,0.8954373535094288
calce_CS2_34,1,0.9987683892250061,0.8706624605678234,0.9394576931946442,0.8954373535094288
calce_CS2_34,1,0.9987683892250061,0.8706624605678234,0.9394576931946442,0.8954373535094288
calce_CS2_34,1,0.9987683892250061,0.8706624605678234,0.9394576931946442,0.8954373535094288
calce_CS2_34,1,0.9987683892250061,0.8706624605678234,0.9394576931946442,0.8954373535094288
calce_CS2_34,1,0.9987683892250061,0.8706624605678234,0.9394576931946442,0.8954373535094288
calce_CS2_34,1,0.9987683892250061,0.8706624605678234,0.9394576931946442,0.8954373535094288
calce_CS2_34,1,0.9988424181938171,0.8706624605678234,0.939467121884712,0.8972858237938851
calce_CS2_34,1,0.9987683892250061,0.8706624605678234,0.9394576931946442,0.8954373535094288
calce_CS2_34,1,0.9987683892250061,0.8706624605678234,0.9394576931946442,0.8954373535094288
calce_CS2_34,1,0.9987683892250061,0.8706624605678234,0.9394576931946442,0.8954373535094288
calce_CS2_34,1,0.9988424181938171,0.8706624605678234,0.939467121884712,0.8972858237938851
calce_CS2_34,1,0.9987683892250061,0.8706624605678234,0.9394576931946442,0.8954373535094288
calce_CS2_34,1,0.9987683892250061,0.8706624605678234,0.9394576931946442,0.8954373535094288
calce_CS2_34,1,0.9988424181938171,0.8706624605678234,0.939467121884712,0.8972858237938851
calce_CS2_34,1,0.9987683892250061,0.8706624605678234,0.9394576931946442,0.8954373535094288
calce_CS2_34,1,0.9987683892250061,0.8706624605678234,0.9394576931946442,0.8954373535094288
calce_CS2_34,1,0.9987683892250061,0.8706624605678234,0.9394576931946442,0.8954373535094288
calce_CS2_34,1,0.9988424181938171,0.8706624605678234,0.939467121884712,0.8972858237938851
calce_CS2_34,1,0.9987683892250061,0.8706624605678234,0.9394576931946442,0.8954373535094288
calce_CS2_34,1,0.9988424181938171,0.8706624605678234,0.939467121884712,0.8972858237938851
calce_CS2_34,1,0.9987683892250061,0.8706624605678234,0.9394576931946442,0.8954373535094288
calce_CS2_34,1,0.9988424181938171,0.8706624605678234,0.939467121884712,0.8972858237938851
calce_CS2_34,1,0.9987683892250061,0.8706624605678234,0.9394576931946442,0.8954373535094288
calce_CS2_34,1,0.9987683892250061,0.8706624605678234,0.9394576931946442,0.8954373535094288
calce_CS2_34,1,0.9987683892250061,0.8706624605678234,0.9394576931946442,0.8954373535094288
calce_CS2_34,1,0.9987683892250061,0.8706624605678234,0.9394576931946442,0.8954373535094288
calce_CS2_34,1,0.9987683892250061,0.8706624605678234,0.9394576931946442,0.8954373535094288
calce_CS2_34,1,0.9987683892250061,0.8706624605678234,0.9394576931946442,0.8954373535094288
calce_CS2_34,1,0.9987683892250061,0.8706624605678234,0.9394576931946442,0.8954373535094288
calce_CS2_34,1,0.9987683892250061,0.8706624605678234,0.9394576931946442,0.8954373535094288
calce_CS2_34,1,0.9987683892250061,0.8706624605678234,0.9394576931946442,0.8954373535094288
calce_CS2_34,1,0.9988424181938171,0.8706624605678234,0.939467121884712,0.8972858237938851
calce_CS2_34,1,0.9987683892250061,0.8706624605678234,0.9394576931946442,0.8954373535094288
calce_CS2_34,1,0.9987683892250061,0.8706624605678234,0.9394576931946442,0.8954373535094288
calce_CS2_34,1,0.9987683892250061,0.8706624605678234,0.9394576931946442,0.8954373535094288
calce_CS2_34,1,0.9988424181938171,0.8706624605678234,0.939467121884712,0.8972858237938851
calce_CS2_34,1,0.9987683892250061,0.8706624605678234,0.9394576931946442,0.8954373535094288
calce_CS2_34,1,0.9988424181938171,0.8706624605678234,0.939467121884712,0.8972858237938851
calce_CS2_34,1,0.9987683892250061,0.8706624605678234,0.9394576931946442,0.8954373535094288
calce_CS2_34,1,0.9988424181938171,0.8706624605678234,0.939467121884712,0.8972858237938851
calce_CS2_34,1,0.9987683892250061,0.8706624605678234,0.9394576931946442,0.8954373535094288
calce_CS2_34,1,0.9987683892250061,0.8706624605678234,0.9394576931946442,0.8954373535094288
calce_CS2_34,1,0.9987683892250061,0.8706624605678234,0.9394576931946442,0.8954373535094288
calce_CS2_34,1,0.9987683892250061,0.8706624605678234,0.9394576931946442,0.8954373535094288
calce_CS2_34,1,0.9987683892250061,0.8706624605678234,0.9394576931946442,0.8954373535094288
calce_CS2_34,1,0.9987683892250061,0.8706624605678234,0.9394576931946442,0.8954373535094288
calce_CS2_34,1,0.9987683892250061,0.8706624605678234,0.9394576931946442,0.8954373535094288
calce_CS2_34,1,0.9987683892250061,0.8706624605678234,0.9394576931946442,0.8954373535094288
calce_CS2_34,1,0.9987137317657471,0.8706624605678234,0.9394507308726928,0.8941250166835292
calce_CS2_34,1,0.9987683892250061,0.8706624605678234,0.9394576931946442,0.8954373535094288
calce_CS2_34,1,0.9987683892250061,0.8706624605678234,0.9394576931946442,0.8954373535094288
calce_CS2_34,1,0.9987367987632751,0.8706624605678234,0.9394536692613118,0.8946736908595264
calce_CS2_34,1,0.9987002611160278,0.8706624605678234,0.9394490148527775,0.8938079876826982
calce_CS2_34,1,0.9987144470214844,0.8706624605678234,0.9394508219875223,0.8941419191754701
calce_CS2_34,1,0.9987002611160278,0.8706624605678234,0.9394490148527775,0.8938079876826982
calce_CS2_34,1,0.9987367987632751,0.8706624605678234,0.9394536692613118,0.8946736908595264
calce_CS2_34,1,0.9987367987632751,0.8706624605678234,0.9394536692613118,0.8946736908595264
calce_CS2_34,1,0.9987367987632751,0.8706624605678234,0.9394536692613118,0.8946736908595264
calce_CS2_34,1,0.9994776844978333,0.8706624605678234,0.9395479760362456,0.9185477424216415
calce_CS2_34,1,0.9987144470214844,0.8706624605678234,0.9394508219875223,0.8941419191754701
calce_CS2_34,1,0.9987002611160278,0.8706624605678234,0.9394490148527775,0.8938079876826982
calce_CS2_34,1,0.9987367987632751,0.8706624605678234,0.9394536692613118,0.8946736908595264
calce_CS2_34,1,0.9987902045249939,0.8706624605678234,0.9394604718402938,0.8959732734505647
calce_CS2_34,1,0.9987367987632751,0.8706624605678234,0.9394536692613118,0.8946736908595264
calce_CS2_34,1,0.9987144470214844,0.8706624605678234,0.9394508219875223,0.8941419191754701
calce_CS2_34,1,0.9987144470214844,0.8706624605678234,0.9394508219875223,0.8941419191754701
calce_CS2_34,1,0.998744010925293,0.8706624605678234,0.9394545879549248,0.8948467720293279
calce_CS2_34,1,0.9987292885780334,0.8706624605678234,0.939452712591292,0.8944942386365516
calce_CS2_34,1,0.9987577199935913,0.8706624605678234,0.9394563341960854,0.8951778218188222
calce_CS2_34,1,0.9987144470214844,0.8706624605678234,0.9394508219875223,0.8941419191754701
calce_CS2_34,1,0.9987002611160278,0.8706624605678234,0.9394490148527775,0.8938079876826982
calce_CS2_34,1,0.9987292885780334,0.8706624605678234,0.939452712591292,0.8944942386365516
calce_CS2_34,1,0.9987292885780334,0.8706624605678234,0.939452712591292,0.8944942386365516
calce_CS2_34,1,0.9987292885780334,0.8706624605678234,0.939452712591292,0.8944942386365516
calce_CS2_34,1,0.9989873766899109,0.8706624605678234,0.9394855805262317,0.9011764562987866
calce_CS2_34,1,0.9987292885780334,0.8706624605678234,0.939452712591292,0.8944942386365516
calce_CS2_34,1,0.9987292885780334,0.8706624605678234,0.939452712591292,0.8944942386365516
calce_CS2_34,1,0.9987002611160278,0.8706624605678234,0.9394490148527775,0.8938079876826982
calce_CS2_34,1,0.9986201524734497,0.8706624605678234,0.9394388089095164,0.891971650097682
calce_CS2_34,1,0.9986201524734497,0.8706624605678234,0.9394388089095164,0.891971650097682
calce_CS2_34,1,0.9989873766899109,0.8706624605678234,0.9394855805262317,0.9011764562987866
calce_CS2_34,1,0.999038577079773,0.8706624605678234,0.9394920989933981,0.9026495188979251
calce_CS2_34,1,0.9989873766899109,0.8706624605678234,0.9394855805262317,0.9011764562987866
calce_CS2_34,1,0.998754620552063,0.8706624605678234,0.9394559393978583,0.8951027385216804
calce_CS2_34,1,0.9989873766899109,0.8706624605678234,0.9394855805262317,0.9011764562987866
calce_CS2_34,1,0.9987292885780334,0.8706624605678234,0.939452712591292,0.8944942386365516
calce_CS2_34,1,0.9991059899330139,0.8706624605678234,0.9395006805134739,0.9046803746185199
calce_CS2_34,1,0.9991306662559509,0.8706624605678234,0.9395038214748431,0.9054521022062594
calce_CS2_34,1,0.999077320098877,0.8706624605678234,0.9394970310406556,0.9038032869089646
calce_CS2_34,1,0.9991577863693237,0.8706624605678234,0.9395072733216213,0.9063191589581271
calce_CS2_34,1,0.9991059899330139,0.8706624605678234,0.9395006805134739,0.9046803746185199
calce_CS2_34,1,0.9998407363891602,1.0,0.9395941384404282,0.9428747992942228
calce_CS2_34,1,0.9991059899330139,0.8706624605678234,0.9395006805134739,0.9046803746185199
calce_CS2_34,1,0.9991059899330139,0.8706624605678234,0.9395006805134739,0.9046803746185199
calce_CS2_34,1,0.9991577863693237,0.8706624605678234,0.9395072733216213,0.9063191589581271
calce_CS2_34,1,0.9991577863693237,0.8706624605678234,0.9395072733216213,0.9063191589581271
calce_CS2_34,1,0.9991306662559509,0.8706624605678234,0.9395038214748431,0.9054521022062594
calce_CS2_34,1,0.9991577863693237,0.8706624605678234,0.9395072733216213,0.9063191589581271
calce_CS2_34,1,0.9991577863693237,0.8706624605678234,0.9395072733216213,0.9063191589581271
calce_CS2_34,1,0.9997743964195251,0.9142091152815014,0.939585705711835,0.9365543346613456
calce_CS2_34,1,0.9991059899330139,0.8706624605678234,0.9395006805134739,0.9046803746185199
calce_CS2_34,1,0.9991059899330139,0.8706624605678234,0.9395006805134739,0.9046803746185199
calce_CS2_34,1,0.9991059899330139,0.8706624605678234,0.9395006805134739,0.9046803746185199
calce_CS2_34,1,0.9991059899330139,0.8706624605678234,0.9395006805134739,0.9046803746185199
calce_CS2_34,1,0.999077320098877,0.8706624605678234,0.9394970310406556,0.9038032869089646
calce_CS2_34,1,0.9991059899330139,0.8706624605678234,0.9395006805134739,0.9046803746185199
calce_CS2_34,1,0.999077320098877,0.8706624605678234,0.9394970310406556,0.9038032869089646
calce_CS2_34,1,0.9991059899330139,0.8706624605678234,0.9395006805134739,0.9046803746185199
calce_CS2_34,1,0.9991059899330139,0.8706624605678234,0.9395006805134739,0.9046803746185199
calce_CS2_34,1,0.9991577863693237,0.8706624605678234,0.9395072733216213,0.9063191589581271
calce_CS2_34,1,0.9991577863693237,0.8706624605678234,0.9395072733216213,0.9063191589581271
calce_CS2_34,1,0.9991577863693237,0.8706624605678234,0.9395072733216213,0.9063191589581271
calce_CS2_34,1,0.9991577863693237,0.8706624605678234,0.9395072733216213,0.9063191589581271
calce_CS2_34,1,0.9998407363891602,1.0,0.9395941384404282,0.9428747992942228
calce_CS2_34,1,0.9991577863693237,0.8706624605678234,0.9395072733216213,0.9063191589581271
calce_CS2_34,1,0.9991577863693237,0.8706624605678234,0.9395072733216213,0.9063191589581271
calce_CS2_34,1,0.9991577863693237,0.8706624605678234,0.9395072733216213,0.9063191589581271
calce_CS2_34,1,0.9991577863693237,0.8706624605678234,0.9395072733216213,0.9063191589581271
calce_CS2_34,1,0.9991577863693237,0.8706624605678234,0.9395072733216213,0.9063191589581271
calce_CS2_34,1,0.9991577863693237,0.8706624605678234,0.9395072733216213,0.9063191589581271
calce_CS2_34,1,0.9991758465766907,0.8706624605678234,0.9395095719217618,0.9069080647815434
calce_CS2_34,1,0.9991306662559509,0.8706624605678234,0.9395038214748431,0.9054521022062594
calce_CS2_34,1,0.9991577863693237,0.8706624605678234,0.9395072733216213,0.9063191589581271
calce_CS2_34,1,0.9991577863693237,0.8706624605678234,0.9395072733216213,0.9063191589581271
calce_CS2_34,1,0.9991306662559509,0.8706624605678234,0.9395038214748431,0.9054521022062594
calce_CS2_34,1,0.9991577863693237,0.8706624605678234,0.9395072733216213,0.9063191589581271
calce_CS2_34,1,0.9991577863693237,0.8706624605678234,0.9395072733216213,0.9063191589581271
calce_CS2_34,1,0.9991669654846191,0.8706624605678234,0.9395084415972516,0.9066172930651581
calce_CS2_34,1,0.9992782473564148,0.8706624605678234,0.9395226033635293,0.9104403405061896
calce_CS2_34,1,0.9991669654846191,0.8706624605678234,0.9395084415972516,0.9066172930651581
calce_CS2_34,1,0.9991543292999268,0.8706624605678234,0.9395068333162362,0.9062074965786033
calce_CS2_34,1,0.9992268085479736,0.8706624605678234,0.939516057630044,0.90862284320945
calce_CS2_34,1,0.9992119073867798,0.8706624605678234,0.9395141612914237,0.9081130323852585
calce_CS2_34,1,0.9995294809341431,0.8706624605678234,0.9395545640220396,0.9210192442677624
calce_CS2_34,1,0.9994795918464661,0.8706624605678234,0.9395482186437237,0.9186355010160095
calce_CS2_34,1,0.9997279047966003,0.9014084507042254,0.9395797953264385,0.9328887815858365
calce_CS2_34,1,0.999476969242096,0.8706624605678234,0.9395478850582065,0.9185148933390248
calce_CS2_34,1,0.9996001124382019,0.8706624605678234,0.9395635465564439,0.9247319347006858
calce_CS2_34,1,0.9996001124382019,0.8706624605678234,0.9395635465564439,0.9247319347006858
calce_CS2_34,1,0.9998117089271545,1.0,0.9395904487836668,0.9399133079659687
calce_CS2_34,1,0.9998117089271545,1.0,0.9395904487836668,0.9399133079659687
calce_CS2_34,1,0.9997356534004211,0.9014084507042254,0.9395807804282418,0.9334665334248736
calce_CS2_34,1,0.9996001124382019,0.8706624605678234,0.9395635465564439,0.9247319347006858
calce_CS2_34,1,0.9996001124382019,0.8706624605678234,0.9395635465564439,0.9247319347006858
calce_CS2_34,1,0.9996461868286133,0.8706624605678234,0.9395694053762265,0.9274195399538568
calce_CS2_34,1,0.9996461868286133,0.8706624605678234,0.9395694053762265,0.9274195399538568
calce_CS2_34,1,0.9996461868286133,0.8706624605678234,0.9395694053762265,0.9274195399538568
calce_CS2_34,1,0.9997356534004211,0.9014084507042254,0.9395807804282418,0.9334665334248736
calce_CS2_34,1,0.9997356534004211,0.9014084507042254,0.9395807804282418,0.9334665334248736
calce_CS2_34,1,0.9996461868286133,0.8706624605678234,0.9395694053762265,0.9274195399538568
calce_CS2_34,1,0.9996461868286133,0.8706624605678234,0.9395694053762265,0.9274195399538568
calce_CS2_34,1,0.9989557266235352,0.8706624605678234,0.9394815507377328,0.9002932855757934
calce_CS2_34,1,0.9996461868286133,0.8706624605678234,0.9395694053762265,0.9274195399538568
calce_CS2_34,1,0.9997408986091614,0.9014084507042254,0.9395814472578558,0.9338646010770719
calce_CS2_34,1,0.9996461868286133,0.8706624605678234,0.9395694053762265,0.9274195399538568
calce_CS2_34,1,0.9997408986091614,0.9014084507042254,0.9395814472578558,0.9338646010770719
calce_CS2_34,1,0.9996461868286133,0.8706624605678234,0.9395694053762265,0.9274195399538568
calce_CS2_34,1,0.9996461868286133,0.8706624605678234,0.9395694053762265,0.9274195399538568
calce_CS2_34,1,0.9997356534004211,0.9014084507042254,0.9395807804282418,0.9334665334248736
calce_CS2_34,1,0.9997356534004211,0.9014084507042254,0.9395807804282418,0.9334665334248736
calce_CS2_34,1,0.9996461868286133,0.8706624605678234,0.9395694053762265,0.9274195399538568
calce_CS2_34,1,0.9997356534004211,0.9014084507042254,0.9395807804282418,0.9334665334248736
calce_CS2_34,1,0.9998117089271545,1.0,0.9395904487836668,0.9399133079659687
calce_CS2_34,1,0.9997356534004211,0.9014084507042254,0.9395807804282418,0.9334665334248736
calce_CS2_34,1,0.9998117089271545,1.0,0.9395904487836668,0.9399133079659687
calce_CS2_34,1,0.9997356534004211,0.9014084507042254,0.9395807804282418,0.9334665334248736
calce_CS2_34,1,0.9998117089271545,1.0,0.9395904487836668,0.9399133079659687
calce_CS2_34,1,0.9998117089271545,1.0,0.9395904487836668,0.9399133079659687
calce_CS2_34,1,0.9997356534004211,0.9014084507042254,0.9395807804282418,0.9334665334248736
calce_CS2_34,1,0.9997356534004211,0.9014084507042254,0.9395807804282418,0.9334665334248736
calce_CS2_34,1,0.9996461868286133,0.8706624605678234,0.9395694053762265,0.9274195399538568
calce_CS2_34,1,0.9996461868286133,0.8706624605678234,0.9395694053762265,0.9274195399538568
calce_CS2_34,1,0.9996461868286133,0.8706624605678234,0.9395694053762265,0.9274195399538568
calce_CS2_34,1,0.9996461868286133,0.8706624605678234,0.9395694053762265,0.9274195399538568
calce_CS2_34,1,0.9996461868286133,0.8706624605678234,0.9395694053762265,0.9274195399538568
calce_CS2_34,1,0.9993888139724731,0.8706624605678234,0.9395366710339146,0.9146960167417011
calce_CS2_34,1,0.9998117089271545,1.0,0.9395904487836668,0.9399133079659687
calce_CS2_34,1,0.9998117089271545,1.0,0.9395904487836668,0.9399133079659687
calce_CS2_34,1,0.9996461868286133,0.8706624605678234,0.9395694053762265,0.9274195399538568
calce_CS2_34,1,0.9996461868286133,0.8706624605678234,0.9395694053762265,0.9274195399538568
calce_CS2_34,1,0.9997356534004211,0.9014084507042254,0.9395807804282418,0.9334665334248736
calce_CS2_34,1,0.9998117089271545,1.0,0.9395904487836668,0.9399133079659687
calce_CS2_34,1,0.9996461868286133,0.8706624605678234,0.9395694053762265,0.9274195399538568
calce_CS2_34,1,0.9998154044151306,1.0,0.9395909185258107,0.9402712827147884
calce_CS2_34,1,0.9996461868286133,0.8706624605678234,0.9395694053762265,0.9274195399538568
calce_CS2_34,1,0.9998154044151306,1.0,0.9395909185258107,0.9402712827147884
calce_CS2_34,1,0.9996461868286133,0.8706624605678234,0.9395694053762265,0.9274195399538568
calce_CS2_34,1,0.9997408986091614,0.9014084507042254,0.9395814472578558,0.9338646010770719
calce_CS2_34,1,0.9994636178016663,0.8706624605678234,0.9395461867779602,0.917907653217328
calce_CS2_34,1,0.9996007084846497,0.8706624605678234,0.9395636223531074,0.9247652281124467
calce_CS2_34,1,0.9996007084846497,0.8706624605678234,0.9395636223531074,0.9247652281124467
calce_CS2_34,1,0.999043881893158,0.8706624605678234,0.9394927743267095,0.9028054383080143
calce_CS2_34,1,0.9994636178016663,0.8706624605678234,0.9395461867779602,0.917907653217328
calce_CS2_34,1,0.9997155070304871,0.8706624605678234,0.9395782191322934,0.9319886110952539
calce_CS2_34,1,0.9994636178016663,0.8706624605678234,0.9395461867779602,0.917907653217328
calce_CS2_34,1,0.9996007084846497,0.8706624605678234,0.9395636223531074,0.9247652281124467
calce_CS2_34,1,0.9994636178016663,0.8706624605678234,0.9395461867779602,0.917907653217328
calce_CS2_34,1,0.9997155070304871,0.8706624605678234,0.9395782191322934,0.9319886110952539
calce_CS2_34,1,0.9997155070304871,0.8706624605678234,0.9395782191322934,0.9319886110952539
calce_CS2_34,1,0.999043881893158,0.8706624605678234,0.9394927743267095,0.9028054383080143
calce_CS2_34,1,0.9997155070304871,0.8706624605678234,0.9395782191322934,0.9319886110952539
calce_CS2_34,1,0.9996007084846497,0.8706624605678234,0.9395636223531074,0.9247652281124467
calce_CS2_34,1,0.9996007084846497,0.8706624605678234,0.9395636223531074,0.9247652281124467
calce_CS2_34,1,0.9994636178016663,0.8706624605678234,0.9395461867779602,0.917907653217328
calce_CS2_34,1,0.9992716908454895,0.8706624605678234,0.939521769065876,0.9102034783739195
calce_CS2_34,1,0.9994636178016663,0.8706624605678234,0.9395461867779602,0.917907653217328
calce_CS2_34,1,0.9996007084846497,0.8706624605678234,0.9395636223531074,0.9247652281124467
calce_CS2_34,1,0.9996007084846497,0.8706624605678234,0.9395636223531074,0.9247652281124467
calce_CS2_34,1,0.9997155070304871,0.8706624605678234,0.9395782191322934,0.9319886110952539
calce_CS2_34,1,0.9994636178016663,0.8706624605678234,0.9395461867779602,0.917907653217328
calce_CS2_34,1,0.9996007084846497,0.8706624605678234,0.9395636223531074,0.9247652281124467
calce_CS2_34,1,0.9994636178016663,0.8706624605678234,0.9395461867779602,0.917907653217328
calce_CS2_34,1,0.999665379524231,0.8706624605678234,0.9395718457627275,0.9286144162518966
calce_CS2_34,1,0.9996007084846497,0.8706624605678234,0.9395636223531074,0.9247652281124467
calce_CS2_34,1,0.9994636178016663,0.8706624605678234,0.9395461867779602,0.917907653217328
calce_CS2_34,1,0.9994636178016663,0.8706624605678234,0.9395461867779602,0.917907653217328
calce_CS2_34,1,0.9994636178016663,0.8706624605678234,0.9395461867779602,0.917907653217328
calce_CS2_34,1,0.9994636178016663,0.8706624605678234,0.9395461867779602,0.917907653217328
calce_CS2_34,1,0.9997155070304871,0.8706624605678234,0.9395782191322934,0.9319886110952539
calce_CS2_34,1,0.9994636178016663,0.8706624605678234,0.9395461867779602,0.917907653217328
calce_CS2_34,1,0.9997155070304871,0.8706624605678234,0.9395782191322934,0.9319886110952539
calce_CS2_34,1,0.9994636178016663,0.8706624605678234,0.9395461867779602,0.917907653217328
calce_CS2_34,1,0.9994636178016663,0.8706624605678234,0.9395461867779602,0.917907653217328
calce_CS2_34,1,0.9994838237762451,0.8706624605678234,0.9395487569258127,0.918831058136784
calce_CS2_34,1,0.9994838237762451,0.8706624605678234,0.9395487569258127,0.918831058136784
calce_CS2_34,1,0.9994838237762451,0.8706624605678234,0.9395487569258127,0.918831058136784
calce_CS2_34,1,0.9997835755348206,0.9925373134328358,0.9395868725701292,0.9373412537913691
calce_CS2_34,1,0.9997155070304871,0.8706624605678234,0.9395782191322934,0.9319886110952539
calce_CS2_34,1,0.9998457431793213,1.0,0.9395947748280746,0.9434239875496837
calce_CS2_34,1,0.9997228980064392,0.8706624605678234,0.9395791587911266,0.9325217553071588
calce_CS2_34,1,0.9998530149459839,1.0,0.9395956990941983,0.9442447994056293
calce_CS2_34,1,0.9998530149459839,1.0,0.9395956990941983,0.9442447994056293
calce_CS2_34,1,0.9996157884597778,0.8706624605678234,0.9395655399790985,0.92561983562551
calce_CS2_34,1,0.9997090697288513,0.8706624605678234,0.9395774007086203,0.9315323551287868
calce_CS2_34,1,0.9998621940612793,1.0,0.9395968657718858,0.945323449642222
calce_CS2_34,1,0.9994237422943115,0.8706624605678234,0.9395411144162921,0.9161575365857035
calce_CS2_34,1,0.9997400641441345,0.9014084507042254,0.9395813411717869,0.9338008855622084
calce_CS2_34,1,0.9997228980064392,0.8706624605678234,0.9395791587911266,0.9325217553071588
calce_CS2_34,1,0.9996461868286133,0.8706624605678234,0.9395694053762265,0.9274195399538568
calce_CS2_34,1,0.9997356534004211,0.9014084507042254,0.9395807804282418,0.9334665334248736
calce_CS2_34,1,0.9998154044151306,1.0,0.9395909185258107,0.9402712827147884
calce_CS2_34,1,0.9996461868286133,0.8706624605678234,0.9395694053762265,0.9274195399538568
calce_CS2_34,1,0.9997356534004211,0.9014084507042254,0.9395807804282418,0.9334665334248736
calce_CS2_34,1,0.9998117089271545,1.0,0.9395904487836668,0.9399133079659687
calce_CS2_34,1,0.9996461868286133,0.8706624605678234,0.9395694053762265,0.9274195399538568
calce_CS2_34,1,0.9997356534004211,0.9014084507042254,0.9395807804282418,0.9334665334248736
calce_CS2_34,1,0.9996461868286133,0.8706624605678234,0.9395694053762265,0.9274195399538568
calce_CS2_34,1,0.9996461868286133,0.8706624605678234,0.9395694053762265,0.9274195399538568
calce_CS2_34,1,0.999043881893158,0.8706624605678234,0.9394927743267095,0.9028054383080143
calce_CS2_34,1,0.9995044469833374,0.8706624605678234,0.9395513800391385,0.9198011858247948
calce_CS2_34,1,0.9992716908454895,0.8706624605678234,0.939521769065876,0.9102034783739195
calce_CS2_34,1,0.999043881893158,0.8706624605678234,0.9394927743267095,0.9028054383080143
calce_CS2_34,1,0.9995044469833374,0.8706624605678234,0.9395513800391385,0.9198011858247948
calce_CS2_34,1,0.9992716908454895,0.8706624605678234,0.939521769065876,0.9102034783739195
calce_CS2_34,1,0.999043881893158,0.8706624605678234,0.9394927743267095,0.9028054383080143
calce_CS2_34,1,0.9994636178016663,0.8706624605678234,0.9395461867779602,0.917907653217328
calce_CS2_34,1,0.999043881893158,0.8706624605678234,0.9394927743267095,0.9028054383080143
calce_CS2_34,1,0.9995044469833374,0.8706624605678234,0.9395513800391385,0.9198011858247948
calce_CS2_34,1,0.9997155070304871,0.8706624605678234,0.9395782191322934,0.9319886110952539
calce_CS2_34,1,0.9994636178016663,0.8706624605678234,0.9395461867779602,0.917907653217328
calce_CS2_34,1,0.9997155070304871,0.8706624605678234,0.9395782191322934,0.9319886110952539
calce_CS2_34,1,0.9996007084846497,0.8706624605678234,0.9395636223531074,0.9247652281124467
calce_CS2_34,1,0.9994636178016663,0.8706624605678234,0.9395461867779602,0.917907653217328
calce_CS2_34,1,0.9994636178016663,0.8706624605678234,0.9395461867779602,0.917907653217328
calce_CS2_34,1,0.9996007084846497,0.8706624605678234,0.9395636223531074,0.9247652281124467
calce_CS2_34,1,0.9992716908454895,0.8706624605678234,0.939521769065876,0.9102034783739195
calce_CS2_34,1,0.9997155070304871,0.8706624605678234,0.9395782191322934,0.9319886110952539
calce_CS2_34,1,0.9992716908454895,0.8706624605678234,0.939521769065876,0.9102034783739195
calce_CS2_34,1,0.9995044469833374,0.8706624605678234,0.9395513800391385,0.9198011858247948
calce_CS2_34,1,0.9995044469833374,0.8706624605678234,0.9395513800391385,0.9198011858247948
calce_CS2_34,1,0.9996007084846497,0.8706624605678234,0.9395636223531074,0.9247652281124467
calce_CS2_34,1,0.9994636178016663,0.8706624605678234,0.9395461867779602,0.917907653217328
calce_CS2_34,1,0.9996007084846497,0.8706624605678234,0.9395636223531074,0.9247652281124467
calce_CS2_34,1,0.9994636178016663,0.8706624605678234,0.9395461867779602,0.917907653217328
calce_CS2_34,1,0.9995668530464172,0.8706624605678234,0.9395593169616714,0.9229287977863272
