cell,y,p_raw,p_iso,p_platt,p_temp
1. BatteryAgingARC-FY08Q4_B0007,1,0.9227424263954163,0.5360824742268041,0.59047540494265,0.6324779689707144
1. BatteryAgingARC-FY08Q4_B0007,1,0.9528105854988098,0.5360824742268041,0.6035194440849232,0.6587619864898355
1. BatteryAgingARC-FY08Q4_B0007,1,0.9536340832710266,0.5360824742268041,0.6038747180057464,0.6596701185503927
1. BatteryAgingARC-FY08Q4_B0007,1,0.9633829593658447,0.5360824742268041,0.6080721632515711,0.671663182308782
1. BatteryAgingARC-FY08Q4_B0007,1,0.9633829593658447,0.5360824742268041,0.6080721632515711,0.671663182308782
1. BatteryAgingARC-FY08Q4_B0007,1,0.9128701090812683,0.5000000000000001,0.5861637493674107,0.6257873928922922
1. BatteryAgingARC-FY08Q4_B0007,1,0.9516158699989319,0.5360824742268041,0.6030038250606858,0.6574689009882934
1. BatteryAgingARC-FY08Q4_B0007,1,0.9545600414276123,0.5360824742268041,0.6042740645465754,0.6607083152291415
1. BatteryAgingARC-FY08Q4_B0007,1,0.9546879529953003,0.5360824742268041,0.6043292192329378,0.6608531895152211
1. BatteryAgingARC-FY08Q4_B0007,1,0.9629650115966797,0.5360824742268041,0.607892535607389,0.6710941562242703
1. BatteryAgingARC-FY08Q4_B0007,1,0.972002387046814,0.5360824742268041,0.6117700755969575,0.6849063579959676
1. BatteryAgingARC-FY08Q4_B0007,1,0.9709914922714233,0.5360824742268041,0.6113370374668078,0.6831792085484311
1. BatteryAgingARC-FY08Q4_B0007,1,0.9890612363815308,0.8554216867469879,0.6190505016261078,0.7282819196302389
1. BatteryAgingARC-FY08Q4_B0007,1,0.9875465035438538,0.8554216867469879,0.6184061468110411,0.7225611933385041
1. BatteryAgingARC-FY08Q4_B0007,1,0.954940915107727,0.5360824742268041,0.6044382871332836,0.6611407590117807
1. BatteryAgingARC-FY08Q4_B0007,1,0.9814266562461853,0.7035826090866342,0.615798590046169,0.704402234484184
1. BatteryAgingARC-FY08Q4_B0007,1,0.978444516658783,0.5769230769230769,0.6145255277244845,0.6974305906406805
1. BatteryAgingARC-FY08Q4_B0007,1,0.9611774682998657,0.5360824742268041,0.6071239473333331,0.6687227363931065
1. BatteryAgingARC-FY08Q4_B0007,1,0.9711909890174866,0.5360824742268041,0.611422510055575,0.6835157777984229
1. BatteryAgingARC-FY08Q4_B0007,1,0.954928457736969,0.5360824742268041,0.6044329162192673,0.6611265641895951
1. BatteryAgingARC-FY08Q4_B0007,1,0.9615191221237183,0.5360824742268041,0.6072708890494105,0.6691684251203464
1. BatteryAgingARC-FY08Q4_B0007,1,0.9590058326721191,0.5360824742268041,0.606189497216166,0.6659681419042419
1. BatteryAgingARC-FY08Q4_B0007,1,0.9819368720054626,0.8554216867469879,0.616016240607296,0.7056937466648441
1. BatteryAgingARC-FY08Q4_B0007,1,0.9646096229553223,0.5360824742268041,0.6085991956324501,0.6733670578837396
1. BatteryAgingARC-FY08Q4_B0007,1,0.9907888770103455,0.8554216867469879,0.6197849141526367,0.7357375035766318
1. BatteryAgingARC-FY08Q4_B0007,1,0.9896842241287231,0.8554216867469879,0.619315393991749,0.7308413933399495
1. BatteryAgingARC-FY08Q4_B0007,1,0.9786027073860168,0.5769230769230769,0.6145930981974043,0.6977781564020726
1. BatteryAgingARC-FY08Q4_B0007,1,0.977532148361206,0.5769230769230769,0.6141357275291158,0.6954691939058153
1. BatteryAgingARC-FY08Q4_B0007,1,0.9872958064079285,0.8554216867469879,0.6182994620580103,0.7216746689750122
1. BatteryAgingARC-FY08Q4_B0007,1,0.9770852327346802,0.5769230769230769,0.6139447338593409,0.6945341480179991
1. BatteryAgingARC-FY08Q4_B0007,1,0.9864538311958313,0.8554216867469879,0.6179410740654346,0.7188069267918124
1. BatteryAgingARC-FY08Q4_B0007,1,0.9851160645484924,0.8554216867469879,0.6173713878351658,0.7145611169580149
1. BatteryAgingARC-FY08Q4_B0007,1,0.9673975706100464,0.5360824742268041,0.6097960858552643,0.6774428495731121
1. BatteryAgingARC-FY08Q4_B0007,1,0.9757387042045593,0.5769230769230769,0.6133690701457821,0.6918118167372478
1. BatteryAgingARC-FY08Q4_B0007,1,0.9535143971443176,0.5360824742268041,0.6038230897405765,0.6595372566809585
1. BatteryAgingARC-FY08Q4_B0007,1,0.9718605875968933,0.5360824742268041,0.6117093434311868,0.6846607828094438
1. BatteryAgingARC-FY08Q4_B0007,1,0.9578447341918945,0.5360824742268041,0.6056895596810753,0.6645477429380346
1. BatteryAgingARC-FY08Q4_B0007,1,0.9577853679656982,0.5360824742268041,0.6056639922381287,0.6644760490488169
1. BatteryAgingARC-FY08Q4_B0007,1,0.9688423275947571,0.5360824742268041,0.6104158139376578,0.6796780017319375
1. BatteryAgingARC-FY08Q4_B0007,1,0.9354078769683838,0.5360824742268041,0.5959865482166152,0.6422255063334684
1. BatteryAgingARC-FY08Q4_B0007,1,0.9700446128845215,0.5360824742268041,0.610931262205861,0.681609221319101
1. BatteryAgingARC-FY08Q4_B0007,1,0.9555268287658691,0.5360824742268041,0.6046908714918716,0.6618123198135947
1. BatteryAgingARC-FY08Q4_B0007,1,0.9696629047393799,0.5360824742268041,0.6107676416615501,0.6809887515208373
1. BatteryAgingARC-FY08Q4_B0007,1,0.9701142311096191,0.5360824742268041,0.6109611016108707,0.6817231419337986
1. BatteryAgingARC-FY08Q4_B0007,1,0.9602847695350647,0.5360824742268041,0.6067399154921241,0.6675743424802317
1. BatteryAgingARC-FY08Q4_B0007,1,0.9529139399528503,0.5360824742268041,0.6035640393298068,0.6588751961887276
1. BatteryAgingARC-FY08Q4_B0007,1,0.9599283933639526,0.5360824742268041,0.6065865684354953,0.6671222420491685
1. BatteryAgingARC-FY08Q4_B0007,1,0.959465742111206,0.5360824742268041,0.6063874603548661,0.6665405817093749
1. BatteryAgingARC-FY08Q4_B0007,1,0.9851976037025452,0.8554216867469879,0.6174061204293624,0.7148099889577366
1. BatteryAgingARC-FY08Q4_B0007,1,0.9583836793899536,0.5360824742268041,0.6059216424547947,0.6652027030286718
1. BatteryAgingARC-FY08Q4_B0007,1,0.9648325443267822,0.5360824742268041,0.6086949459902078,0.6736822982840074
1. BatteryAgingARC-FY08Q4_B0007,1,0.9542292356491089,0.5360824742268041,0.6041314108158572,0.660335295371396
1. BatteryAgingARC-FY08Q4_B0007,1,0.962230920791626,0.5360824742268041,0.6075769637627718,0.6701083057431321
1. BatteryAgingARC-FY08Q4_B0007,1,0.9641584157943726,0.5360824742268041,0.6084053651845777,0.6727343304009935
1. BatteryAgingARC-FY08Q4_B0007,1,0.9387076497077942,0.5360824742268041,0.5974184777040512,0.6450348593395394
1. BatteryAgingARC-FY08Q4_B0007,1,0.9586524963378906,0.5360824742268041,0.6060373836504285,0.6655321842482719
1. BatteryAgingARC-FY08Q4_B0007,1,0.957274854183197,0.5360824742268041,0.6054441037701264,0.6638631629794098
1. BatteryAgingARC-FY08Q4_B0007,1,0.9565750956535339,0.5360824742268041,0.6051426344655878,0.663033475492315
1. BatteryAgingARC-FY08Q4_B0007,1,0.951102614402771,0.5360824742268041,0.6027822422679225,0.6569219660713687
1. BatteryAgingARC-FY08Q4_B0007,1,0.8978654742240906,0.5000000000000001,0.5795854352692406,0.616751208523
1. BatteryAgingARC-FY08Q4_B0007,1,0.827847957611084,0.40437158469945356,0.5485498265007704,0.5850980300163869
1. BatteryAgingARC-FY08Q4_B0007,1,0.8273340463638306,0.40437158469945356,0.5483203236346763,0.5849066406169378
1. BatteryAgingARC-FY08Q4_B0007,1,0.8505939841270447,0.40437158469945356,0.5586857025383467,0.5940388376246217
1. BatteryAgingARC-FY08Q4_B0007,1,0.8369099497795105,0.40437158469945356,0.5525932580599449,0.588545547025645
1. BatteryAgingARC-FY08Q4_B0007,1,0.7411559820175171,0.40437158469945356,0.5096203861363173,0.5573111084044255
1. BatteryAgingARC-FY08Q4_B0007,1,0.7372152209281921,0.40437158469945356,0.5078443911093179,0.5562070035407292
1. BatteryAgingARC-FY08Q4_B0007,1,0.7475006580352783,0.40437158469945356,0.5124792316686165,0.5591107841881022
1. BatteryAgingARC-FY08Q4_B0007,1,0.7836137413978577,0.40437158469945356,0.528730319404173,0.5699539554132342
1. BatteryAgingARC-FY08Q4_B0007,1,0.7235020399093628,0.40437158469945356,0.5016629746876967,0.5524410928167882
1. BatteryAgingARC-FY08Q4_B0007,1,0.7395269274711609,0.40437158469945356,0.5088862419513731,0.5568534448415411
1. BatteryAgingARC-FY08Q4_B0007,1,0.7273247241973877,0.40437158469945356,0.5033862374902338,0.5534794593434217
1. BatteryAgingARC-FY08Q4_B0007,1,0.7174620628356934,0.40437158469945356,0.49894009380186577,0.5508174092411708
1. BatteryAgingARC-FY08Q4_B0007,1,0.7305936217308044,0.40437158469945356,0.5048597914561944,0.5543742629544578
1. BatteryAgingARC-FY08Q4_B0007,1,0.7621004581451416,0.40437158469945356,0.5190543434676738,0.5633635434046139
1. BatteryAgingARC-FY08Q4_B0007,1,0.760193943977356,0.40437158469945356,0.5181960585681054,0.5627988450817873
1. BatteryAgingARC-FY08Q4_B0007,1,0.8999954462051392,0.5000000000000001,0.580521035705483,0.6179634067521108
1. BatteryAgingARC-FY08Q4_B0007,1,0.9022004008293152,0.5000000000000001,0.5814889631152426,0.6192411092029311
1. BatteryAgingARC-FY08Q4_B0007,1,0.847409725189209,0.40437158469945356,0.5572695054933475,0.5927270481197848
1. BatteryAgingARC-FY08Q4_B0007,1,0.9002940058708191,0.5000000000000001,0.5806521333905375,0.6181350317193494
1. BatteryAgingARC-FY08Q4_B0007,1,0.9171417951583862,0.5000000000000001,0.5880310364637948,0.6285990099393496
1. BatteryAgingARC-FY08Q4_B0007,1,0.9062780737876892,0.5000000000000001,0.5832773161466454,0.6216686988380824
1. BatteryAgingARC-FY08Q4_B0007,1,0.9034102559089661,0.5000000000000001,0.5820197973755628,0.6199524161144139
1. BatteryAgingARC-FY08Q4_B0007,1,0.8892126679420471,0.5000000000000001,0.5757788322723213,0.6120321340766084
1. BatteryAgingARC-FY08Q4_B0007,1,0.9170528650283813,0.5000000000000001,0.5879921879525267,0.6285392379108086
1. BatteryAgingARC-FY08Q4_B0007,1,0.937063455581665,0.5360824742268041,0.5967051890831389,0.6436190878757304
1. BatteryAgingARC-FY08Q4_B0007,1,0.97385174036026,0.5360824742268041,0.612561828116064,0.6882146214169015
1. BatteryAgingARC-FY08Q4_B0007,1,0.9136912226676941,0.5000000000000001,0.5865228778231019,0.6263186552235355
1. BatteryAgingARC-FY08Q4_B0007,1,0.9196078181266785,0.5360824742268041,0.5891078630007676,0.6302785799724518
1. BatteryAgingARC-FY08Q4_B0007,1,0.9937764406204224,0.8554216867469879,0.6210536197756986,0.7522045897424163
1. BatteryAgingARC-FY08Q4_B0007,1,0.7240332365036011,0.40437158469945356,0.5019024409508313,0.5525848754790733
1. BatteryAgingARC-FY08Q4_B0007,1,0.9488616585731506,0.5360824742268041,0.6018142836197163,0.654591350185358
1. BatteryAgingARC-FY08Q4_B0007,1,0.9557900428771973,0.5360824742268041,0.6048043235587488,0.6621165453339114
1. BatteryAgingARC-FY08Q4_B0007,1,0.937523603439331,0.5360824742268041,0.5969048529862405,0.6440120489752568
1. BatteryAgingARC-FY08Q4_B0007,1,0.9375022649765015,0.5360824742268041,0.5968955946701269,0.6439937708376561
1. BatteryAgingARC-FY08Q4_B0007,1,0.9931839108467102,0.8554216867469879,0.6208021257057779,0.7484511536391086
1. BatteryAgingARC-FY08Q4_B0007,1,0.9933435916900635,0.8554216867469879,0.6208699072366763,0.7494333849131953
1. BatteryAgingARC-FY08Q4_B0007,1,0.9925438165664673,0.8554216867469879,0.6205303703427051,0.7447075120822472
1. BatteryAgingARC-FY08Q4_B0007,1,0.9946284890174866,1.0,0.6214151501960694,0.7581967391570265
1. BatteryAgingARC-FY08Q4_B0007,1,0.9946284890174866,1.0,0.6214151501960694,0.7581967391570265
1. BatteryAgingARC-FY08Q4_B0007,1,0.9935581088066101,0.8554216867469879,0.6209609583129002,0.750786218541595
1. BatteryAgingARC-FY08Q4_B0007,1,0.9983444213867188,1.0,0.6229902665302199,0.8023813669641711
1. BatteryAgingARC-FY08Q4_B0007,1,0.9983006119728088,1.0,0.6229717115685106,0.8014718200468655
1. BatteryAgingARC-FY08Q4_B0007,1,0.9983595013618469,1.0,0.6229966533928092,0.8026992737012398
1. BatteryAgingARC-FY08Q4_B0007,1,0.9957263469696045,1.0,0.6218807805419446,0.7672957960720295
1. BatteryAgingARC-FY08Q4_B0007,1,0.9981032609939575,1.0,0.6228881214146028,0.7976107428478615
1. BatteryAgingARC-FY08Q4_B0007,1,0.9959723353385925,1.0,0.6219850798795735,0.7696141699005776
1. BatteryAgingARC-FY08Q4_B0007,1,0.998663067817688,1.0,0.6231252146245175,0.8097066158768567
1. BatteryAgingARC-FY08Q4_B0007,1,0.9982882142066956,1.0,0.6229664605751217,0.8012181122449091
1. BatteryAgingARC-FY08Q4_B0007,1,0.998563826084137,1.0,0.6230831873822754,0.8072766165131087
1. BatteryAgingARC-FY08Q4_B0007,1,0.9982017278671265,1.0,0.6229298290440789,0.7994912599316768
1. BatteryAgingARC-FY08Q4_B0007,1,0.9985872507095337,1.0,0.6230931074928922,0.8078367973457979
1. BatteryAgingARC-FY08Q4_B0007,1,0.9983727335929871,1.0,0.6230022576402059,0.802980318018874
1. BatteryAgingARC-FY08Q4_B0007,1,0.9985961318016052,1.0,0.6230968685256731,0.8080512803832323
1. BatteryAgingARC-FY08Q4_B0007,1,0.9987069368362427,1.0,0.6231437918422512,0.8108307382951809
1. BatteryAgingARC-FY08Q4_B0007,1,0.9987415671348572,1.0,0.6231584564826903,0.8117415978483064
1. BatteryAgingARC-FY08Q4_B0007,1,0.9988284707069397,1.0,0.6231952559123675,0.8141262689316275
1. BatteryAgingARC-FY08Q4_B0007,1,0.9988574981689453,1.0,0.6232075473120513,0.8149568014152918
1. BatteryAgingARC-FY08Q4_B0007,1,0.9987529516220093,1.0,0.6231632773393192,0.812045759248381
1. BatteryAgingARC-FY08Q4_B0007,1,0.9974083304405212,1.0,0.6225937178455043,0.7863308933089626
1. BatteryAgingARC-FY08Q4_B0007,1,0.9987630844116211,1.0,0.6231675681336146,0.8123184987651149
1. BatteryAgingARC-FY08Q4_B0007,1,0.997520387172699,1.0,0.6226411961966951,0.7879559348975954
1. BatteryAgingARC-FY08Q4_B0007,1,0.9988380074501038,1.0,0.6231992941720493,0.8143971601677721
1. BatteryAgingARC-FY08Q4_B0007,1,0.9986124038696289,1.0,0.6231037595069916,0.8084473178365383
1. BatteryAgingARC-FY08Q4_B0007,1,0.9984061121940613,1.0,0.6230163943343305,0.8036981460325971
2. BatteryAgingARC_25_26_27_28_P1_B0027,0,0.03069794923067093,0.2131782945736434,0.22397624647832254,0.31959148445975055
2. BatteryAgingARC_25_26_27_28_P1_B0027,0,0.030455835163593292,0.2131782945736434,0.223900371385458,0.31920284918671377
2. BatteryAgingARC_25_26_27_28_P1_B0027,0,0.016297155991196632,0.2131782945736434,0.21949507159220194,0.2895702037929787
2. BatteryAgingARC_25_26_27_28_P1_B0027,0,0.017673488706350327,0.2131782945736434,0.21992055307005565,0.29329790777952464
2. BatteryAgingARC_25_26_27_28_P1_B0027,0,0.01802738755941391,0.2131782945736434,0.22003005354482422,0.2942145714237865
2. BatteryAgingARC_25_26_27_28_P1_B0027,0,0.04048410430550575,0.2131782945736434,0.22705839039659437,0.3333966473238222
2. BatteryAgingARC_25_26_27_28_P1_B0027,0,0.04092054441571236,0.2131782945736434,0.2271965422614747,0.3339406030321138
2. BatteryAgingARC_25_26_27_28_P1_B0027,0,0.0172878410667181,0.2131782945736434,0.21980127370731975,0.29228022049002916
2. BatteryAgingARC_25_26_27_28_P1_B0027,0,0.026795774698257446,0.2131782945736434,0.22275558916032115,0.31296669362463947
2. BatteryAgingARC_25_26_27_28_P1_B0027,0,0.025328263640403748,0.2131782945736434,0.22229776004091617,0.3102515116775594
2. BatteryAgingARC_25_26_27_28_P1_B0027,0,0.03809129446744919,0.2131782945736434,0.2263020188810064,0.33031907802841937
2. BatteryAgingARC_25_26_27_28_P1_B0027,0,0.014097248204052448,0.2131782945736434,0.2188162183255775,0.28298537666480994
2. BatteryAgingARC_25_26_27_28_P1_B0027,0,0.04450438171625137,0.2131782945736434,0.22833322288939836,0.338223648501343
2. BatteryAgingARC_25_26_27_28_P1_B0027,0,0.01629302091896534,0.2131782945736434,0.21949379416196857,0.28955858841491344
2. BatteryAgingARC_25_26_27_28_P1_B0027,0,0.02666788175702095,0.2131782945736434,0.22271566281127983,0.3127353931026212
2. BatteryAgingARC_25_26_27_28_P1_B0027,0,0.023881947621703148,0.2131782945736434,0.22184720118306833,0.30743511459637074
2. BatteryAgingARC_25_26_27_28_P1_B0027,0,0.03261367231607437,0.2131782945736434,0.2245772515862149,0.3225741970881446
2. BatteryAgingARC_25_26_27_28_P1_B0027,0,0.0371999554336071,0.2131782945736434,0.22602072111107593,0.3291288814185225
2. BatteryAgingARC_25_26_27_28_P1_B0027,0,0.03561904653906822,0.2131782945736434,0.225522411066806,0.3269544912469599
2. BatteryAgingARC_25_26_27_28_P1_B0027,0,0.0360395610332489,0.2131782945736434,0.22565488318669907,0.32754107113936515
2. BatteryAgingARC_25_26_27_28_P1_B0027,0,0.04019320011138916,0.2131782945736434,0.2269663397986696,0.33303120069230774
2. BatteryAgingARC_25_26_27_28_P1_B0027,0,0.020513484254479408,0.2131782945736434,0.22080038417984338,0.30023686587846876
2. BatteryAgingARC_25_26_27_28_P1_B0027,0,0.03934948518872261,0.2131782945736434,0.22669951283588366,0.3319579344683505
2. BatteryAgingARC_25_26_27_28_P1_B0027,0,0.021821970120072365,0.2131782945736434,0.22120660124274652,0.30314981728489543
2. BatteryAgingARC_25_26_27_28_P1_B0027,0,0.014474764466285706,0.2131782945736434,0.2189326057584012,0.2841775651466766
2. BatteryAgingARC_25_26_27_28_P1_B0027,0,0.01595836505293846,0.2131782945736434,0.2193904280689531,0.2886097333209133
2. BatteryAgingARC_25_26_27_28_P1_B0027,0,0.02729666978120804,0.2131782945736434,0.22291201060782842,0.31386324627632406
2. BatteryAgingARC_25_26_27_28_P1_B0027,0,0.015285986475646496,0.2131782945736434,0.21918285442760152,0.28664855889211527
3. BatteryAgingARC_25-44_B0028,0,0.0158238485455513,0.2131782945736434,0.21934888944129935,0.28822334079479756
3. BatteryAgingARC_25-44_B0028,0,0.0158238485455513,0.2131782945736434,0.21934888944129935,0.28822334079479756
3. BatteryAgingARC_25-44_B0028,0,0.014829865656793118,0.2131782945736434,0.21904212333214848,0.2852739883269054
3. BatteryAgingARC_25-44_B0028,0,0.013890402391552925,0.2131782945736434,0.21875246710797197,0.2823200685012117
3. BatteryAgingARC_25-44_B0028,0,0.013238310813903809,0.2131782945736434,0.21855157580668508,0.2801633866402894
3. BatteryAgingARC_25-44_B0028,0,0.015163520351052284,0.2131782945736434,0.2191450624571145,0.28628311527259165
3. BatteryAgingARC_25-44_B0028,0,0.010789493098855019,0.2131782945736434,0.21779835002913386,0.271116839771878
3. BatteryAgingARC_25-44_B0028,0,0.013397026807069778,0.2131782945736434,0.218600459556221,0.28069686852003833
3. BatteryAgingARC_25-44_B0028,0,0.011553819291293621,0.2131782945736434,0.21803324597101792,0.27412100928669714
3. BatteryAgingARC_25-44_B0028,0,0.012164238840341568,0.2131782945736434,0.2182209738564434,0.2763959971501686
3. BatteryAgingARC_25-44_B0028,0,0.009353782050311565,0.2131782945736434,0.21735761506193294,0.2649231943459279
3. BatteryAgingARC_25-44_B0028,0,0.011279290542006493,0.2131782945736434,0.21794885562048918,0.2730628633149927
3. BatteryAgingARC_25-44_B0028,0,0.012106673792004585,0.2131782945736434,0.2182032653778594,0.2761858426390544
3. BatteryAgingARC_25-44_B0028,0,0.011726964265108109,0.2131782945736434,0.21808648298718109,0.27477695299150345
3. BatteryAgingARC_25-44_B0028,0,0.011463052593171597,0.2131782945736434,0.21800534161021246,0.27377365187065594
3. BatteryAgingARC_25-44_B0028,0,0.011726964265108109,0.2131782945736434,0.21808648298718109,0.27477695299150345
3. BatteryAgingARC_25-44_B0028,0,0.033630259335041046,0.2131782945736434,0.22489664256216813,0.32409445410843246
3. BatteryAgingARC_25-44_B0028,0,0.01717214658856392,0.2131782945736434,0.2197654989035112,0.29197097388490556
3. BatteryAgingARC_25-44_B0028,0,0.017605239525437355,0.2131782945736434,0.21989944047082982,0.2931192532782028
3. BatteryAgingARC_25-44_B0028,0,0.013564937748014927,0.2131782945736434,0.2186521838768039,0.2812551741256932
3. BatteryAgingARC_25-44_B0028,0,0.011144816875457764,0.2131782945736434,0.21790752690887955,0.27253617504532496
3. BatteryAgingARC_25-44_B0028,0,0.013353985734283924,0.2131782945736434,0.218587202338156,0.2805527549823266
3. BatteryAgingARC_25-44_B0028,0,0.009075233712792397,0.2131782945736434,0.21727218087126637,0.2636246604820655
3. BatteryAgingARC_25-44_B0028,0,0.009055482223629951,0.2131782945736434,0.21726612376852503,0.26353124737098516
3. BatteryAgingARC_25-44_B0028,0,0.013472039252519608,0.2131782945736434,0.21862356576282457,0.28094705010732696
3. BatteryAgingARC_25-44_B0028,0,0.014107231982052326,0.2131782945736434,0.21881929572888312,0.2830172688075187
3. BatteryAgingARC_25-44_B0028,0,0.01833774335682392,0.2131782945736434,0.22012611349402045,0.2950053644005999
3. BatteryAgingARC_25-44_B0028,0,0.028659790754318237,0.2131782945736434,0.2233380878307033,0.31623111895161926
3. BatteryAgingARC_25-44_B0034,0,0.2235656976699829,0.3815789473684211,0.29010884978925594,0.432292356133431
3. BatteryAgingARC_25-44_B0041,1,0.056634217500686646,0.2131782945736434,0.2322100759763177,0.35076717785271555
3. BatteryAgingARC_25-44_B0041,1,0.16710127890110016,0.2131782945736434,0.2695957377963801,0.41299782398004026
3. BatteryAgingARC_25-44_B0041,1,0.056634217500686646,0.2131782945736434,0.2322100759763177,0.35076717785271555
3. BatteryAgingARC_25-44_B0041,1,0.15382033586502075,0.2131782945736434,0.2649059913765274,0.407774026485027
3. BatteryAgingARC_25-44_B0041,1,0.15382033586502075,0.2131782945736434,0.2649059913765274,0.407774026485027
3. BatteryAgingARC_25-44_B0041,1,0.8298766613006592,0.40437158469945356,0.5494556039202435,0.5858577522657858
4. BatteryAgingARC_45_46_47_48_B0047,1,0.061133973300457,0.2131782945736434,0.23365988000755106,0.3548270344126863
4. BatteryAgingARC_45_46_47_48_B0047,1,0.8131962418556213,0.40437158469945356,0.5419989244420566,0.5797995399193696
4. BatteryAgingARC_45_46_47_48_B0047,1,0.9516459703445435,0.5360824742268041,0.6030168186764212,0.6575011341190151
4. BatteryAgingARC_45_46_47_48_B0047,1,0.9674655199050903,0.5360824742268041,0.609825240646893,0.6775459861219076
4. BatteryAgingARC_45_46_47_48_B0047,1,0.9709392189979553,0.5360824742268041,0.6113146403200667,0.6830913584821815
4. BatteryAgingARC_45_46_47_48_B0047,1,0.9864396452903748,0.8554216867469879,0.6179350347131848,0.7187599827474238
4. BatteryAgingARC_45_46_47_48_B0047,1,0.9866722822189331,0.8554216867469879,0.6180340704126572,0.7195354005262907
4. BatteryAgingARC_45_46_47_48_B0047,1,0.9867108464241028,0.8554216867469879,0.6180504866052781,0.7196651026567452
4. BatteryAgingARC_45_46_47_48_B0047,1,0.9806602597236633,0.6,0.6154715693913168,0.7025203774850372
4. BatteryAgingARC_45_46_47_48_B0047,1,0.9804008603096008,0.6,0.6153608602535283,0.7018984494706277
4. BatteryAgingARC_45_46_47_48_B0047,1,0.9830343723297119,0.8554216867469879,0.6164842606000097,0.7085856807407713
4. BatteryAgingARC_45_46_47_48_B0047,1,0.9876623153686523,0.8554216867469879,0.6184554269482041,0.7229760989427266
4. BatteryAgingARC_45_46_47_48_B0047,1,0.9871767163276672,0.8554216867469879,0.6182487789970463,0.7212589739136911
4. BatteryAgingARC_45_46_47_48_B0047,1,0.9830343723297119,0.8554216867469879,0.6164842606000097,0.7085856807407713
4. BatteryAgingARC_45_46_47_48_B0047,1,0.9842782616615295,0.8554216867469879,0.6170144461230699,0.7120719221999897
4. BatteryAgingARC_45_46_47_48_B0047,1,0.9878877997398376,0.8554216867469879,0.6185513678471849,0.7237939432272288
4. BatteryAgingARC_45_46_47_48_B0047,1,0.9847387075424194,0.8554216867469879,0.61721063242252,0.7134249188310547
4. BatteryAgingARC_45_46_47_48_B0047,1,0.9878877997398376,0.8554216867469879,0.6185513678471849,0.7237939432272288
6. BatteryAgingARC_53_54_55_56_B0056,0,0.0034410408698022366,0.2131782945736434,0.2155493139062705,0.22431121802970355
1. BatteryAgingARC-FY08Q4_B0005,0,0.09380196034908295,0.2466666666666667,0.24243021225072411,0.25986177280745354
1. BatteryAgingARC-FY08Q4_B0005,0,0.08961828798055649,0.2466666666666667,0.23980212630643027,0.2554280412906496
1. BatteryAgingARC-FY08Q4_B0005,0,0.09352722764015198,0.2466666666666667,0.24225703220027991,0.2595746248771308
1. BatteryAgingARC-FY08Q4_B0005,0,0.07556060701608658,0.2466666666666667,0.23111504099169475,0.2394528841095828
1. BatteryAgingARC-FY08Q4_B0005,0,0.07556060701608658,0.2466666666666667,0.23111504099169475,0.2394528841095828
1. BatteryAgingARC-FY08Q4_B0005,0,0.0876227542757988,0.2466666666666667,0.2385554686436918,0.25326550508123724
1. BatteryAgingARC-FY08Q4_B0005,0,0.18316154181957245,0.5438596491228069,0.3030906533054331,0.3340425161448407
1. BatteryAgingARC-FY08Q4_B0005,0,0.11788208782672882,0.2466666666666667,0.2579343100843467,0.28316645247994543
1. BatteryAgingARC-FY08Q4_B0005,0,0.09084485471248627,0.2466666666666667,0.24057060167429273,0.25674167556192884
1. BatteryAgingARC-FY08Q4_B0005,0,0.07560891658067703,0.2466666666666667,0.23114451408338305,0.23951099721853136
1. BatteryAgingARC-FY08Q4_B0005,0,0.28977587819099426,0.7410714285714286,0.3854193754490133,0.398022612765098
1. BatteryAgingARC-FY08Q4_B0005,0,0.08497848361730576,0.2466666666666667,0.23691039751683943,0.2503497024761572
1. BatteryAgingARC-FY08Q4_B0005,0,0.10236754268407822,0.2466666666666667,0.24787173341602042,0.26855276289113983
1. BatteryAgingARC-FY08Q4_B0005,0,0.10236754268407822,0.2466666666666667,0.24787173341602042,0.26855276289113983
1. BatteryAgingARC-FY08Q4_B0005,0,0.10373491048812866,0.2466666666666667,0.24874792971388276,0.2698959236473304
1. BatteryAgingARC-FY08Q4_B0005,0,0.06441901624202728,0.2466666666666667,0.22438799855031702,0.22533727251476873
1. BatteryAgingARC-FY08Q4_B0005,0,0.04925292730331421,0.2466666666666667,0.21545665524337965,0.20324547951441532
1. BatteryAgingARC-FY08Q4_B0005,0,0.05396013334393501,0.2466666666666667,0.2182008555705339,0.21053251715079377
1. BatteryAgingARC-FY08Q4_B0005,0,0.15336352586746216,0.2466666666666667,0.28192715509476507,0.31250518589886034
1. BatteryAgingARC-FY08Q4_B0005,0,0.06947209686040878,0.2466666666666667,0.22742157184460696,0.23192374607856373
1. BatteryAgingARC-FY08Q4_B0005,0,0.08184058219194412,0.2466666666666667,0.23496839731790203,0.24681136598756048
1. BatteryAgingARC-FY08Q4_B0005,0,0.0840938538312912,0.2466666666666667,0.23636179518726694,0.24936097939014673
1. BatteryAgingARC-FY08Q4_B0005,0,0.11709192395210266,0.2466666666666667,0.257415430103597,0.2824531129310015
1. BatteryAgingARC-FY08Q4_B0005,0,0.119854636490345,0.2466666666666667,0.25923260591130554,0.2849339796366044
1. BatteryAgingARC-FY08Q4_B0005,0,0.13749679923057556,0.2466666666666667,0.2710317902399984,0.2999783124047368
1. BatteryAgingARC-FY08Q4_B0005,0,0.09150544553995132,0.2466666666666667,0.24098517517049337,0.25744436288848277
1. BatteryAgingARC-FY08Q4_B0005,0,0.0896156057715416,0.2466666666666667,0.23980044767679107,0.25542515585119285
1. BatteryAgingARC-FY08Q4_B0005,0,0.21534223854541779,0.5438596491228069,0.32692091066458223,0.3550962391245686
1. BatteryAgingARC-FY08Q4_B0005,0,0.07988157868385315,0.2466666666666667,0.23376160476326416,0.2445570119714692
1. BatteryAgingARC-FY08Q4_B0005,0,0.08171471208333969,0.2466666666666667,0.23489072874505998,0.24666759075712857
1. BatteryAgingARC-FY08Q4_B0005,0,0.21420668065547943,0.5438596491228069,0.3260636592314455,0.35438496307636186
1. BatteryAgingARC-FY08Q4_B0005,0,0.18847940862178802,0.5438596491228069,0.3069607505012451,0.3376609249568668
1. BatteryAgingARC-FY08Q4_B0005,0,0.16281600296497345,0.45454545454545453,0.28854292806043114,0.3195913467017373
1. BatteryAgingARC-FY08Q4_B0005,0,0.07463900744915009,0.2466666666666667,0.23055328748204207,0.23833954832538115
1. BatteryAgingARC-FY08Q4_B0005,0,0.09342113882303238,0.2466666666666667,0.242190180759359,0.2594635947069249
1. BatteryAgingARC-FY08Q4_B0005,0,0.1427888572216034,0.2466666666666667,0.27463621067718746,0.30425180275779334
1. BatteryAgingARC-FY08Q4_B0005,0,0.08187901973724365,0.2466666666666667,0.2349921188804822,0.24685524237354006
1. BatteryAgingARC-FY08Q4_B0005,0,0.07369385659694672,0.2466666666666667,0.22997817245996527,0.2371883209963344
1. BatteryAgingARC-FY08Q4_B0005,0,0.078701451420784,0.2466666666666667,0.23303670031000043,0.24318138599406805
1. BatteryAgingARC-FY08Q4_B0005,0,0.08362144976854324,0.2466666666666667,0.23606919376327448,0.2488301932157308
1. BatteryAgingARC-FY08Q4_B0005,0,0.21968747675418854,0.5438596491228069,0.33021185627347266,0.35779894112703053
1. BatteryAgingARC-FY08Q4_B0005,0,0.24365445971488953,0.5438596491228069,0.3486572830959373,0.37220969838441037
1. BatteryAgingARC-FY08Q4_B0005,0,0.2450975626707077,0.5438596491228069,0.3497832201551303,0.37305283128094685
1. BatteryAgingARC-FY08Q4_B0005,0,0.2626962661743164,0.5438596491228069,0.36364591629630444,0.38313664020883925
1. BatteryAgingARC-FY08Q4_B0005,0,0.11594879627227783,0.2466666666666667,0.2566659759782849,0.2814156531180849
1. BatteryAgingARC-FY08Q4_B0005,0,0.11594879627227783,0.2466666666666667,0.2566659759782849,0.2814156531180849
1. BatteryAgingARC-FY08Q4_B0005,0,0.1124342530965805,0.2466666666666667,0.25437074522372993,0.27818431230592383
1. BatteryAgingARC-FY08Q4_B0005,0,0.15433433651924133,0.2466666666666667,0.28260236520417453,0.31324506360695875
1. BatteryAgingARC-FY08Q4_B0005,0,0.24687275290489197,0.5438596491228069,0.35117055756444066,0.3740864533034904
1. BatteryAgingARC-FY08Q4_B0005,0,0.27072933316230774,0.5438596491228069,0.370051388286744,0.3876265897074032
1. BatteryAgingARC-FY08Q4_B0005,0,0.3486778736114502,0.7410714285714286,0.4342841271220396,0.42840462733747003
1. BatteryAgingARC-FY08Q4_B0005,0,0.2838657796382904,0.7410714285714286,0.38062460951595256,0.3948321884832766
1. BatteryAgingARC-FY08Q4_B0005,0,0.2838657796382904,0.7410714285714286,0.38062460951595256,0.3948321884832766
1. BatteryAgingARC-FY08Q4_B0005,0,0.25639867782592773,0.5438596491228069,0.3586577586588544,0.37956880931771514
1. BatteryAgingARC-FY08Q4_B0005,0,0.2510837912559509,0.5438596491228069,0.3544715864700547,0.37652311055478566
1. BatteryAgingARC-FY08Q4_B0005,0,0.4356725811958313,0.7410714285714286,0.5085658164341845,0.4701836774170168
1. BatteryAgingARC-FY08Q4_B0005,0,0.35137438774108887,0.7410714285714286,0.43655985239530465,0.4297445503642273
1. BatteryAgingARC-FY08Q4_B0005,0,0.32065749168395996,0.7410714285714286,0.41081696463557604,0.41424047628534205
1. BatteryAgingARC-FY08Q4_B0005,0,0.35512101650238037,0.7410714285714286,0.439726242433937,0.431600196417503
1. BatteryAgingARC-FY08Q4_B0005,0,0.5986917018890381,0.7410714285714286,0.6442649682894417,0.5460200831065721
1. BatteryAgingARC-FY08Q4_B0005,0,0.6303911209106445,0.7410714285714286,0.6687973088304615,0.5612867621249533
1. BatteryAgingARC-FY08Q4_B0005,0,0.5496112704277039,0.7410714285714286,0.6047811484901038,0.5229544199351227
1. BatteryAgingARC-FY08Q4_B0005,0,0.6680556535720825,0.7410714285714286,0.6967894330984994,0.579998280781618
1. BatteryAgingARC-FY08Q4_B0005,0,0.6836851835250854,0.7410714285714286,0.7080047249347602,0.5879981532692701
1. BatteryAgingARC-FY08Q4_B0005,0,0.7150205373764038,0.7410714285714286,0.7297372394077517,0.604564273292031
1. BatteryAgingARC-FY08Q4_B0005,0,0.719734787940979,0.8108108108108109,0.7329172442734931,0.6071267103716791
1. BatteryAgingARC-FY08Q4_B0005,0,0.7680256962776184,0.8108108108108109,0.7640945912721627,0.6347134115874679
1. BatteryAgingARC-FY08Q4_B0005,0,0.8592923879623413,0.8108108108108109,0.8158659920633576,0.6974168653360543
1. BatteryAgingARC-FY08Q4_B0005,0,0.7047890424728394,0.7410714285714286,0.7227541236098644,0.5990696943783734
1. BatteryAgingARC-FY08Q4_B0005,0,0.7981731295585632,0.8108108108108109,0.7822384836388575,0.6535105545175846
1. BatteryAgingARC-FY08Q4_B0005,0,0.7741479873657227,0.8108108108108109,0.76786217319255,0.638416696027416
1. BatteryAgingARC-FY08Q4_B0005,0,0.8106997013092041,0.8108108108108109,0.7894750158166496,0.6617858619608065
1. BatteryAgingARC-FY08Q4_B0005,0,0.8961391448974609,0.8108108108108109,0.8341160505934146,0.729980939305483
1. BatteryAgingARC-FY08Q4_B0005,0,0.9001195430755615,0.8108108108108109,0.8359982079085579,0.7339204182292249
1. BatteryAgingARC-FY08Q4_B0005,0,0.9087067246437073,0.8108108108108109,0.8400002014666156,0.7427809658093045
1. BatteryAgingARC-FY08Q4_B0005,0,0.9181955456733704,0.8125,0.8443300530818934,0.7532298862355195
1. BatteryAgingARC-FY08Q4_B0005,0,0.9181955456733704,0.8125,0.8443300530818934,0.7532298862355195
1. BatteryAgingARC-FY08Q4_B0005,0,0.9087067246437073,0.8108108108108109,0.8400002014666156,0.7427809658093045
1. BatteryAgingARC-FY08Q4_B0005,0,0.9181955456733704,0.8125,0.8443300530818934,0.7532298862355195
1. BatteryAgingARC-FY08Q4_B0005,0,0.9326977729797363,0.8269230769230769,0.8507623347578048,0.7708645062614568
1. BatteryAgingARC-FY08Q4_B0005,0,0.9454001188278198,0.8269230769230769,0.856214810836438,0.7885099647564668
1. BatteryAgingARC-FY08Q4_B0005,0,0.9454001188278198,0.8269230769230769,0.856214810836438,0.7885099647564668
1. BatteryAgingARC-FY08Q4_B0005,0,0.9454001188278198,0.8269230769230769,0.856214810836438,0.7885099647564668
1. BatteryAgingARC-FY08Q4_B0005,0,0.9455873370170593,0.8269230769230769,0.8562939204245302,0.7887894058768136
1. BatteryAgingARC-FY08Q4_B0005,0,0.9455873370170593,0.8269230769230769,0.8562939204245302,0.7887894058768136
1. BatteryAgingARC-FY08Q4_B0005,0,0.9455873370170593,0.8269230769230769,0.8562939204245302,0.7887894058768136
1. BatteryAgingARC-FY08Q4_B0005,0,0.9706066846847534,0.8333333333333334,0.8665435252901412,0.83395119973804
1. BatteryAgingARC-FY08Q4_B0005,0,0.9455873370170593,0.8269230769230769,0.8562939204245302,0.7887894058768136
1. BatteryAgingARC-FY08Q4_B0005,1,0.9489687085151672,0.8269230769230769,0.8577165017616706,0.7939495774498837
1. BatteryAgingARC-FY08Q4_B0005,1,0.8326575756072998,0.8108108108108109,0.8017307606478874,0.6771038479202734
1. BatteryAgingARC-FY08Q4_B0005,1,0.9296063780784607,0.8125,0.8494098248237748,0.7669094783136233
1. BatteryAgingARC-FY08Q4_B0005,1,0.9428564310073853,0.8269230769230769,0.8551363742075441,0.7847744673477702
1. BatteryAgingARC-FY08Q4_B0005,1,0.9428564310073853,0.8269230769230769,0.8551363742075441,0.7847744673477702
1. BatteryAgingARC-FY08Q4_B0005,1,0.9466133117675781,0.8269230769230769,0.8567268060624169,0.7903321590222921
1. BatteryAgingARC-FY08Q4_B0005,1,0.9489687085151672,0.8269230769230769,0.8577165017616706,0.7939495774498837
1. BatteryAgingARC-FY08Q4_B0005,1,0.9724785685539246,0.8333333333333334,0.8672849537990053,0.8382343782901049
1. BatteryAgingARC-FY08Q4_B0005,1,0.9724785685539246,0.8333333333333334,0.8672849537990053,0.8382343782901049
1. BatteryAgingARC-FY08Q4_B0005,1,0.99424147605896,0.8333333333333334,0.8756511676615164,0.9150767851934171
1. BatteryAgingARC-FY08Q4_B0005,1,0.9882575869560242,0.8333333333333334,0.8733969850662076,0.8855076045318799
1. BatteryAgingARC-FY08Q4_B0005,1,0.9882575869560242,0.8333333333333334,0.8733969850662076,0.8855076045318799
1. BatteryAgingARC-FY08Q4_B0005,1,0.9935072660446167,0.8333333333333334,0.8753764491279616,0.9106453221092778
3. BatteryAgingARC_25-44_B0025,1,0.9900693297386169,0.8333333333333334,0.8740831476631375,0.8931981966536587
3. BatteryAgingARC_25-44_B0025,1,0.9906409382820129,0.8333333333333334,0.8742989718494557,0.8958049789096059
3. BatteryAgingARC_25-44_B0025,1,0.9906409382820129,0.8333333333333334,0.8742989718494557,0.8958049789096059
3. BatteryAgingARC_25-44_B0025,1,0.9925523996353149,0.8333333333333334,0.8750183893166468,0.9053191930684816
3. BatteryAgingARC_25-44_B0025,1,0.9885949492454529,0.8333333333333334,0.8735249962979174,0.8868802512750387
3. BatteryAgingARC_25-44_B0025,1,0.9877838492393494,0.8333333333333334,0.8732170395401219,0.8836212748401503
3. BatteryAgingARC_25-44_B0025,1,0.9785914421081543,0.8333333333333334,0.8696819125839426,0.8537042825341937
3. BatteryAgingARC_25-44_B0025,1,0.9783529043197632,0.8333333333333334,0.8695890720932797,0.8530503777822765
3. BatteryAgingARC_25-44_B0025,1,0.9830095171928406,0.8333333333333334,0.8713913185287657,0.8667704575405022
3. BatteryAgingARC_25-44_B0025,1,0.9814892411231995,0.8333333333333334,0.8708052731327743,0.8620518437162168
3. BatteryAgingARC_25-44_B0025,1,0.9768756628036499,0.8333333333333334,0.8690128670563213,0.8491009038015367
3. BatteryAgingARC_25-44_B0025,1,0.9811097383499146,0.8333333333333334,0.8706586257817732,0.8609129483352311
3. BatteryAgingARC_25-44_B0025,1,0.9820181131362915,0.8333333333333334,0.8710094035115522,0.8636642257442037
3. BatteryAgingARC_25-44_B0025,1,0.9820181131362915,0.8333333333333334,0.8710094035115522,0.8636642257442037
3. BatteryAgingARC_25-44_B0025,1,0.9833532571792603,0.8333333333333334,0.8715235110394813,0.8678744268238391
3. BatteryAgingARC_25-44_B0025,1,0.982545018196106,0.8333333333333334,0.8712125014002369,0.8653010765221704
3. BatteryAgingARC_25-44_B0025,1,0.9766206741333008,0.8333333333333334,0.8689131889810807,0.8484358196121655
3. BatteryAgingARC_25-44_B0025,1,0.9764665961265564,0.8333333333333334,0.8688529268597371,0.8480362108074444
3. BatteryAgingARC_25-44_B0025,1,0.9778750538825989,0.8333333333333334,0.8694029204067543,0.8517542902395148
3. BatteryAgingARC_25-44_B0025,1,0.9804283976554871,0.8333333333333334,0.8703949866714575,0.8589045084968939
3. BatteryAgingARC_25-44_B0025,1,0.9820557236671448,0.8333333333333334,0.871023909695586,0.863780039550481
3. BatteryAgingARC_25-44_B0025,1,0.9858368635177612,0.8333333333333334,0.8724751954734742,0.876318707679218
3. BatteryAgingARC_25-44_B0025,1,0.9800969958305359,0.8333333333333334,0.8702665882411428,0.8579438163001281
3. BatteryAgingARC_25-44_B0025,1,0.9825626611709595,0.8333333333333334,0.8712192972455787,0.8653564283118018
3. BatteryAgingARC_25-44_B0025,1,0.9866675734519958,0.8333333333333334,0.8727921663834505,0.8793516122931355
3. BatteryAgingARC_25-44_B0025,1,0.9866675734519958,0.8333333333333334,0.8727921663834505,0.8793516122931355
3. BatteryAgingARC_25-44_B0025,1,0.988450288772583,0.8333333333333334,0.8734701188242884,0.8862885832209676
3. BatteryAgingARC_25-44_B0025,1,0.9821727871894836,0.8333333333333334,0.8710690515860797,0.8641415093719532
3. BatteryAgingARC_25-44_B0026,1,0.9903870224952698,0.8333333333333334,0.8742031391265207,0.8946351166477462
3. BatteryAgingARC_25-44_B0026,1,0.9911209940910339,0.8333333333333334,0.8744799833787115,0.8980718383179999
3. BatteryAgingARC_25-44_B0026,1,0.9824368953704834,0.8333333333333334,0.8711708472130273,0.864962638406227
3. BatteryAgingARC_25-44_B0026,1,0.9923498034477234,0.8333333333333334,0.8749423056432435,0.9042440037908227
3. BatteryAgingARC_25-44_B0026,1,0.9915410876274109,0.8333333333333334,0.874638202119747,0.9001187932621418
3. BatteryAgingARC_25-44_B0026,1,0.936059832572937,0.8269230769230769,0.8522218754643169,0.7753043467516476
3. BatteryAgingARC_25-44_B0031,0,0.07938487827777863,0.2466666666666667,0.23345631094690325,0.24397966722770828
3. BatteryAgingARC_25-44_B0031,0,0.35649311542510986,0.7410714285714286,0.44088708744256777,0.43227804496701605
3. BatteryAgingARC_25-44_B0031,0,0.3532967269420624,0.7410714285714286,0.43818385052505354,0.43069752695372543
3. BatteryAgingARC_25-44_B0031,0,0.3532967269420624,0.7410714285714286,0.43818385052505354,0.43069752695372543
3. BatteryAgingARC_25-44_B0031,0,0.3839375972747803,0.7410714285714286,0.4642253353655156,0.44565977067431256
3. BatteryAgingARC_25-44_B0031,0,0.5070900321006775,0.7410714285714286,0.5694109559263542,0.5032721343857102
3. BatteryAgingARC_25-44_B0031,0,0.2921373248100281,0.7410714285714286,0.38734147287270926,0.39928898055170486
3. BatteryAgingARC_25-44_B0031,0,0.2699058949947357,0.5438596491228069,0.369392636230594,0.38716937646478783
3. BatteryAgingARC_25-44_B0031,0,0.524860143661499,0.7410714285714286,0.5843009095391258,0.5114800975431811
3. BatteryAgingARC_25-44_B0031,0,0.22723019123077393,0.5438596491228069,0.33596401257740677,0.3624216295495584
3. BatteryAgingARC_25-44_B0031,0,0.5170474648475647,0.7410714285714286,0.5777717658062591,0.5078695939828126
3. BatteryAgingARC_25-44_B0031,0,0.2579006552696228,0.5438596491228069,0.35984470965588444,0.38042370000544085
3. BatteryAgingARC_25-44_B0031,0,0.2549516558647156,0.5438596491228069,0.3575158717305745,0.37874279954455675
3. BatteryAgingARC_25-44_B0031,0,0.2666075527667999,0.5438596491228069,0.36675885215985876,0.38533110330031395
3. BatteryAgingARC_25-44_B0031,0,0.2579006552696228,0.5438596491228069,0.35984470965588444,0.38042370000544085
3. BatteryAgingARC_25-44_B0031,0,0.2232656180858612,0.5438596491228069,0.33293438526273234,0.36000249756975616
3. BatteryAgingARC_25-44_B0031,0,0.2579006552696228,0.5438596491228069,0.35984470965588444,0.38042370000544085
3. BatteryAgingARC_25-44_B0031,0,0.5194858908653259,0.7410714285714286,0.5798126182643085,0.5089960824925407
3. BatteryAgingARC_25-44_B0031,0,0.2549516558647156,0.5438596491228069,0.3575158717305745,0.37874279954455675
3. BatteryAgingARC_25-44_B0031,0,0.5194858908653259,0.7410714285714286,0.5798126182643085,0.5089960824925407
3. BatteryAgingARC_25-44_B0031,0,0.24342826008796692,0.5438596491228069,0.3484809504368009,0.37207730543920964
3. BatteryAgingARC_25-44_B0031,0,0.6145411133766174,0.7410714285714286,0.6566354274025186,0.5536073821274387
3. BatteryAgingARC_25-44_B0031,0,0.4892498850822449,0.7410714285714286,0.5543350038930205,0.49503835368791843
3. BatteryAgingARC_25-44_B0031,0,0.8569306135177612,0.8108108108108109,0.8146447937537408,0.6955244406167439
3. BatteryAgingARC_25-44_B0031,0,0.8790407180786133,0.8108108108108109,0.8258338494629709,0.7140842914257757
3. BatteryAgingARC_25-44_B0031,0,0.8899591565132141,0.8108108108108109,0.8311595682634255,0.7240535550714134
3. BatteryAgingARC_25-44_B0031,0,0.6642154455184937,0.7410714285714286,0.6939968495743101,0.5780558838115426
3. BatteryAgingARC_25-44_B0031,0,0.8722305297851562,0.8108108108108109,0.8224454051363123,0.7081544316808426
3. BatteryAgingARC_25-44_B0031,0,0.6664232611656189,0.7410714285714286,0.6956041225079918,0.579171544596206
3. BatteryAgingARC_25-44_B0031,0,0.630338728427887,0.7410714285714286,0.6687574656345099,0.5612612097022049
3. BatteryAgingARC_25-44_B0031,0,0.6528476476669312,0.7410714285714286,0.6856468126598841,0.5723550819131314
3. BatteryAgingARC_25-44_B0031,0,0.8535500764846802,0.8108108108108109,0.8128859538620058,0.6928492334295069
3. BatteryAgingARC_25-44_B0031,0,0.976860523223877,0.8333333333333334,0.8690069506141617,0.8490612833599974
3. BatteryAgingARC_25-44_B0031,0,0.8524558544158936,0.8108108108108109,0.8123139020642194,0.6919915336924923
3. BatteryAgingARC_25-44_B0031,0,0.8159157633781433,0.8108108108108109,0.7924358319869188,0.6653252846458275
3. BatteryAgingARC_25-44_B0031,0,0.8728055953979492,0.8108108108108109,0.8227335185670792,0.7086472878779438
3. BatteryAgingARC_25-44_B0031,0,0.9736947417259216,0.8333333333333334,0.8677647921050331,0.8411197793011111
3. BatteryAgingARC_25-44_B0031,0,0.6136465072631836,0.7410714285714286,0.6559426337195404,0.5531768209253551
3. BatteryAgingARC_25-44_B0031,0,0.6020410060882568,0.7410714285714286,0.6468958709489713,0.54761652537332
3. BatteryAgingARC_25-44_B0031,0,0.6337623000144958,0.7410714285714286,0.6713559029103544,0.5629334184710768
3. BatteryAgingARC_25-44_B0033,0,0.602560818195343,0.7410714285714286,0.6473033950024722,0.5478646105830675
4. BatteryAgingARC_45_46_47_48_B0048,0,0.05626656860113144,0.2466666666666667,0.21955462406393858,0.21395026781431636
4. BatteryAgingARC_45_46_47_48_B0048,0,0.849365234375,0.8108108108108109,0.8106908864980278,0.6895900179687495
4. BatteryAgingARC_45_46_47_48_B0048,1,0.8903363943099976,0.8108108108108109,0.8313412341618894,0.724409126461073
4. BatteryAgingARC_45_46_47_48_B0048,1,0.9259236454963684,0.8125,0.8477854557129173,0.7623446184956809
4. BatteryAgingARC_45_46_47_48_B0048,1,0.931113600730896,0.8200827205882353,0.8500705023015611,0.768823140196359
4. BatteryAgingARC_45_46_47_48_B0048,1,0.931113600730896,0.8200827205882353,0.8500705023015611,0.768823140196359
4. BatteryAgingARC_45_46_47_48_B0048,1,0.8962645530700684,0.8108108108108109,0.8341756137683235,0.7301035516641192
4. BatteryAgingARC_45_46_47_48_B0048,1,0.8674374222755432,0.8108108108108109,0.820029719651858,0.704100064353868
4. BatteryAgingARC_45_46_47_48_B0048,1,0.9588284492492676,0.8269230769230769,0.8617976221990634,0.8104207792307514
4. BatteryAgingARC_45_46_47_48_B0048,1,0.9670132398605347,0.8269230769230769,0.8651103893281772,0.826203197497595
4. BatteryAgingARC_45_46_47_48_B0048,1,0.9648818969726562,0.8269230769230769,0.8642542453114771,0.8218660613698329
4. BatteryAgingARC_45_46_47_48_B0048,1,0.9648818969726562,0.8269230769230769,0.8642542453114771,0.8218660613698329
4. BatteryAgingARC_45_46_47_48_B0048,1,0.9605758190155029,0.8269230769230769,0.8625105513857829,0.8136040600335265
4. BatteryAgingARC_45_46_47_48_B0048,1,0.9605758190155029,0.8269230769230769,0.8625105513857829,0.8136040600335265
4. BatteryAgingARC_45_46_47_48_B0048,1,0.9648818969726562,0.8269230769230769,0.8642542453114771,0.8218660613698329
4. BatteryAgingARC_45_46_47_48_B0048,1,0.9648818969726562,0.8269230769230769,0.8642542453114771,0.8218660613698329
4. BatteryAgingARC_45_46_47_48_B0048,1,0.9648818969726562,0.8269230769230769,0.8642542453114771,0.8218660613698329
4. BatteryAgingARC_45_46_47_48_B0048,1,0.9648818969726562,0.8269230769230769,0.8642542453114771,0.8218660613698329
4. BatteryAgingARC_45_46_47_48_B0048,1,0.9648818969726562,0.8269230769230769,0.8642542453114771,0.8218660613698329
4. BatteryAgingARC_45_46_47_48_B0048,1,0.9641746878623962,0.8269230769230769,0.8639691544545494,0.8204651695036547
4. BatteryAgingARC_45_46_47_48_B0048,1,0.9695897102355957,0.8333333333333334,0.8661392479528902,0.8316984260363589
5. BatteryAgingARC_49_50_51_52_B0051,0,0.006575362291187048,0.014925373134328358,0.1917223391312637,0.08983383028605342
5. BatteryAgingARC_49_50_51_52_B0051,0,0.0011482681147754192,0.014925373134328358,0.1888516612502946,0.04214783292648865
5. BatteryAgingARC_49_50_51_52_B0051,0,0.0010447899112477899,0.014925373134328358,0.18879724788382016,0.04042118547823799
5. BatteryAgingARC_49_50_51_52_B0051,0,0.0009736708598211408,0.014925373134328358,0.18875985735047152,0.03917674597257961
5. BatteryAgingARC_49_50_51_52_B0051,0,0.0015653722221031785,0.014925373134328358,0.18907111482376157,0.04832305668577518
5. BatteryAgingARC_49_50_51_52_B0051,0,0.0022785693872720003,0.014925373134328358,0.18944680663498806,0.05696139439807472
5. BatteryAgingARC_49_50_51_52_B0051,0,0.0036849738098680973,0.014925373134328358,0.1901893357831512,0.07015973783735417
5. BatteryAgingARC_49_50_51_52_B0051,0,0.002693404210731387,0.014925373134328358,0.18966559271838737,0.0612633031053676
6. BatteryAgingARC_53_54_55_56_B0055,0,0.005170965567231178,0.014925373134328358,0.19097630127372206,0.08112199541925029
1. BatteryAgingARC-FY08Q4_B0018,0,0.6740871667861938,0.6666666666666666,0.633863762776793,0.5885512058108264
1. BatteryAgingARC-FY08Q4_B0018,0,0.777636706829071,0.76,0.7215912812236062,0.6494667368869929
1. BatteryAgingARC-FY08Q4_B0018,0,0.6938472986221313,0.6666666666666666,0.651544512352765,0.5994132658298602
1. BatteryAgingARC-FY08Q4_B0018,0,0.4419911205768585,0.19195046439628483,0.41200895596348314,0.4713276706097242
1. BatteryAgingARC-FY08Q4_B0018,0,0.7174219489097595,0.6666666666666666,0.6721019598255897,0.6127651324531702
1. BatteryAgingARC-FY08Q4_B0018,0,0.740795910358429,0.76,0.6918531733138168,0.6265098703513134
1. BatteryAgingARC-FY08Q4_B0018,0,0.01350399199873209,0.04411764705882353,0.11655022510362396,0.1077639503483426
1. BatteryAgingARC-FY08Q4_B0018,0,0.3248266279697418,0.19195046439628483,0.3074080093217477,0.4108586467285065
1. BatteryAgingARC-FY08Q4_B0018,0,0.3444507122039795,0.19195046439628483,0.32392572515165075,0.4214088815872861
1. BatteryAgingARC-FY08Q4_B0018,0,0.6333385109901428,0.5599999999999999,0.5962894572186004,0.5669045276843573
1. BatteryAgingARC-FY08Q4_B0018,0,0.35247811675071716,0.19195046439628483,0.33081409877261175,0.4256613153494092
1. BatteryAgingARC-FY08Q4_B0018,0,0.18402543663978577,0.19195046439628483,0.20408145141556566,0.3244012456222668
1. BatteryAgingARC-FY08Q4_B0018,0,0.005792936775833368,0.0,0.11349150813497992,0.07347307141883218
1. BatteryAgingARC-FY08Q4_B0018,0,0.04625891521573067,0.19195046439628483,0.13035043813575306,0.1838250801899631
1. BatteryAgingARC-FY08Q4_B0018,0,0.3208673298358917,0.19195046439628483,0.3041327014962157,0.4087009630099941
1. BatteryAgingARC-FY08Q4_B0018,0,0.5150114297866821,0.3,0.4822321916421979,0.5073961571921206
1. BatteryAgingARC-FY08Q4_B0018,0,0.26738980412483215,0.19195046439628483,0.26190307396829554,0.37836727305287265
1. BatteryAgingARC-FY08Q4_B0018,0,0.010228905826807022,0.04411764705882353,0.11524245899439248,0.09515593376201169
1. BatteryAgingARC-FY08Q4_B0018,0,0.13039447367191315,0.19195046439628483,0.17221903853000528,0.28197689594603464
1. BatteryAgingARC-FY08Q4_B0018,0,0.24917660653591156,0.19195046439628483,0.24841588789912902,0.3674131607414755
1. BatteryAgingARC-FY08Q4_B0018,0,0.116342693567276,0.19195046439628483,0.1645518948528081,0.2691892716393135
1. BatteryAgingARC-FY08Q4_B0018,0,0.3709155321121216,0.19195046439628483,0.3469091380840972,0.43530699168042825
1. BatteryAgingARC-FY08Q4_B0018,0,0.24568834900856018,0.19195046439628483,0.24588650498190825,0.3652710696216158
1. BatteryAgingARC-FY08Q4_B0018,0,0.2195322960615158,0.19195046439628483,0.22747836948704944,0.34869108618497424
1. BatteryAgingARC-FY08Q4_B0018,0,0.07718238979578018,0.19195046439628483,0.14463031802547702,0.22754197434144516
1. BatteryAgingARC-FY08Q4_B0018,0,0.8328653573989868,0.76,0.7627106970887026,0.6880748672060887
1. BatteryAgingARC-FY08Q4_B0018,0,0.2495165318250656,0.19195046439628483,0.2486633015455291,0.3676211075308198
1. BatteryAgingARC-FY08Q4_B0018,0,0.6658485531806946,0.621349275254467,0.6263809583281399,0.5840993576647202
1. BatteryAgingARC-FY08Q4_B0018,0,0.9292024374008179,0.8481675392670157,0.8239049579866723,0.780429812371363
1. BatteryAgingARC-FY08Q4_B0018,0,0.866033673286438,0.76,0.7853057232096816,0.7149070602689748
1. BatteryAgingARC-FY08Q4_B0018,0,0.7263586521148682,0.7268580266569622,0.6797306661863552,0.6179553110179655
1. BatteryAgingARC-FY08Q4_B0018,0,0.9775847792625427,0.8481675392670157,0.8496145136451251,0.865261449936394
1. BatteryAgingARC-FY08Q4_B0018,0,0.9728541374206543,0.8481675392670157,0.8472437825292364,0.8535828377693622
1. BatteryAgingARC-FY08Q4_B0018,0,0.9826763868331909,0.8481675392670157,0.8521322181549082,0.8796563401687565
1. BatteryAgingARC-FY08Q4_B0018,0,0.9850413203239441,0.8481675392670157,0.8532897361848715,0.8872211625440551
1. BatteryAgingARC-FY08Q4_B0018,0,0.9912228584289551,1.0,0.8562798708152295,0.9111992731186132
1. BatteryAgingARC-FY08Q4_B0018,0,0.8988636136054993,0.8481675392670157,0.8060896016725235,0.7457630850630864
1. BatteryAgingARC-FY08Q4_B0018,0,0.9943451881408691,1.0,0.8577708328768292,0.9273366826460696
1. BatteryAgingARC-FY08Q4_B0018,0,0.9969860911369324,1.0,0.8590218144295211,0.9457183156618594
1. BatteryAgingARC-FY08Q4_B0018,0,0.9826608300209045,0.8481675392670157,0.8521245789362546,0.8796086997272021
1. BatteryAgingARC-FY08Q4_B0018,0,0.8405144214630127,0.76,0.7680633013250956,0.6939632317454502
1. BatteryAgingARC-FY08Q4_B0018,0,0.9881778359413147,1.0,0.8548133195072113,0.898452355957888
1. BatteryAgingARC-FY08Q4_B0018,0,0.9873092770576477,1.0,0.854392731081846,0.8951809378917706
1. BatteryAgingARC-FY08Q4_B0018,0,0.9787241220474243,0.8481675392670157,0.850180943860948,0.8682948703244675
1. BatteryAgingARC-FY08Q4_B0018,0,0.9837226271629333,0.8481675392670157,0.8526452293321171,0.8829212918292361
1. BatteryAgingARC-FY08Q4_B0018,0,0.5773690938949585,0.3076923076923077,0.5428722622130815,0.5383443957480698
1. BatteryAgingARC-FY08Q4_B0018,0,0.6661187410354614,0.6333434210635113,0.6266273432108823,0.5842446940035697
1. BatteryAgingARC-FY08Q4_B0018,0,0.7853221893310547,0.76,0.7275682183109926,0.654497268572053
1. BatteryAgingARC-FY08Q4_B0018,0,0.9648832082748413,0.8481675392670157,0.8431800096375857,0.836458572259351
1. BatteryAgingARC-FY08Q4_B0018,0,0.9464806914329529,0.8481675392670157,0.8334621852616575,0.8045637623729243
1. BatteryAgingARC-FY08Q4_B0018,0,0.968854546546936,0.8481675392670157,0.8452155885864076,0.8446511101292627
1. BatteryAgingARC-FY08Q4_B0018,0,0.9892126321792603,1.0,0.855313089134427,0.9025410130402256
1. BatteryAgingARC-FY08Q4_B0018,0,0.930962085723877,0.8481675392670157,0.8248976702071179,0.7827054552675081
1. BatteryAgingARC-FY08Q4_B0018,0,0.9813730716705322,0.8481675392670157,0.8514910897623817,0.8757510571204611
1. BatteryAgingARC-FY08Q4_B0018,1,0.960020124912262,0.8481675392670157,0.8406577331482632,0.8271746630518829
1. BatteryAgingARC-FY08Q4_B0018,1,0.9162397384643555,0.8481675392670157,0.8164554212199453,0.764665679619045
1. BatteryAgingARC-FY08Q4_B0018,1,0.9722439050674438,0.8481675392670157,0.8469357478536979,0.8521699943135991
1. BatteryAgingARC-FY08Q4_B0018,1,0.980387806892395,0.8481675392670157,0.8510048952227274,0.8729070410908087
1. BatteryAgingARC-FY08Q4_B0018,1,0.9893323183059692,1.0,0.8553708009467804,0.903028581532858
1. BatteryAgingARC-FY08Q4_B0018,1,0.9765135645866394,0.8481675392670157,0.8490803472531505,0.8624939181964114
1. BatteryAgingARC-FY08Q4_B0018,1,0.985504686832428,0.8481675392670157,0.853515650151808,0.8887857053957999
1. BatteryAgingARC-FY08Q4_B0018,1,0.993870735168457,1.0,0.8575451082784772,0.9246002814892947
1. BatteryAgingARC-FY08Q4_B0018,1,0.9896407723426819,1.0,0.8555194471565546,0.9043001494892503
1. BatteryAgingARC-FY08Q4_B0018,1,0.9933663010597229,1.0,0.8573047923712794,0.9218210078271425
1. BatteryAgingARC-FY08Q4_B0018,1,0.9934937357902527,1.0,0.8573655350433267,0.9225113430755439
1. BatteryAgingARC-FY08Q4_B0018,1,0.996330201625824,1.0,0.8587119841935277,0.9405004514217632
1. BatteryAgingARC-FY08Q4_B0018,1,0.9777305126190186,0.8481675392670157,0.8496870639251917,0.8656441405120875
1. BatteryAgingARC-FY08Q4_B0018,1,0.9966365098953247,1.0,0.8588567493722179,0.942866158423398
1. BatteryAgingARC-FY08Q4_B0018,1,0.9961554408073425,1.0,0.8586293344462982,0.9392001123426422
1. BatteryAgingARC-FY08Q4_B0018,1,0.9963036775588989,1.0,0.8586994427484052,0.9403008908398252
1. BatteryAgingARC-FY08Q4_B0018,1,0.996222734451294,1.0,0.8586611644536165,0.9396968139923935
1. BatteryAgingARC-FY08Q4_B0018,1,0.9961206316947937,1.0,0.8586128673275395,0.9389450980257499
1. BatteryAgingARC-FY08Q4_B0018,1,0.9980491399765015,1.0,0.8595227729341782,0.9557458689188686
1. BatteryAgingARC-FY08Q4_B0018,1,0.997759222984314,1.0,0.8593862983129718,0.9527612924397072
1. BatteryAgingARC-FY08Q4_B0018,1,0.9974606037139893,1.0,0.8592456112913766,0.9499020384168961
2. BatteryAgingARC_25_26_27_28_P1_B0025,1,0.9831053614616394,0.8481675392670157,0.8523427389397138,0.880980284104339
2. BatteryAgingARC_25_26_27_28_P1_B0025,1,0.9828456044197083,0.8481675392670157,0.8522152918830467,0.8801762151792473
2. BatteryAgingARC_25_26_27_28_P1_B0025,1,0.9831053614616394,0.8481675392670157,0.8523427389397138,0.880980284104339
2. BatteryAgingARC_25_26_27_28_P1_B0025,1,0.9919365644454956,1.0,0.8566218193739303,0.9145498164071878
2. BatteryAgingARC_25_26_27_28_P1_B0025,1,0.9820733070373535,0.8481675392670157,0.8518358352114869,0.8778280063402744
2. BatteryAgingARC_25_26_27_28_P1_B0025,1,0.975854218006134,0.8481675392670157,0.8487507858502654,0.8608285913909738
2. BatteryAgingARC_25_26_27_28_P1_B0025,1,0.9788997769355774,0.8481675392670157,0.8502681150693898,0.8687712575538677
2. BatteryAgingARC_25_26_27_28_P1_B0025,1,0.9798975586891174,0.8481675392670157,0.8507624856371365,0.871524076464991
2. BatteryAgingARC_25_26_27_28_P1_B0025,1,0.9959057569503784,1.0,0.8585111812305808,0.9373986604974948
2. BatteryAgingARC_25_26_27_28_P1_B0025,1,0.9945186972618103,1.0,0.8578533066185184,0.92837004409939
2. BatteryAgingARC_25_26_27_28_P1_B0025,1,0.969758152961731,0.8481675392670157,0.8456757227298122,0.846604230657212
2. BatteryAgingARC_25_26_27_28_P1_B0025,1,0.9942660927772522,1.0,0.8577332233927862,0.9268716233354451
2. BatteryAgingARC_25_26_27_28_P1_B0025,1,0.9940347075462341,1.0,0.8576231531410471,0.9255318243214989
2. BatteryAgingARC_25_26_27_28_P1_B0025,1,0.9940347075462341,1.0,0.8576231531410471,0.9255318243214989
2. BatteryAgingARC_25_26_27_28_P1_B0025,1,0.9942781925201416,1.0,0.857738977302648,0.9269425281222279
2. BatteryAgingARC_25_26_27_28_P1_B0025,1,0.9942781925201416,1.0,0.857738977302648,0.9269425281222279
2. BatteryAgingARC_25_26_27_28_P1_B0025,1,0.9700295329093933,0.8481675392670157,0.8458136962045062,0.8471978263842683
2. BatteryAgingARC_25_26_27_28_P1_B0025,1,0.9697011113166809,0.8481675392670157,0.8456467091015387,0.8464798803361684
2. BatteryAgingARC_25_26_27_28_P1_B0025,1,0.9719287157058716,0.8481675392670157,0.846776446538765,0.8514477188810665
2. BatteryAgingARC_25_26_27_28_P1_B0025,1,0.9729903340339661,0.8481675392670157,0.8473124628101797,0.8539008237908747
2. BatteryAgingARC_25_26_27_28_P1_B0025,1,0.9745348691940308,0.8481675392670157,0.848089559806973,0.8575778818753864
2. BatteryAgingARC_25_26_27_28_P1_B0025,1,0.9776319265365601,0.8481675392670157,0.8496379880748707,0.8653850907724605
2. BatteryAgingARC_25_26_27_28_P1_B0025,1,0.9709790945053101,0.8481675392670157,0.8462956731509019,0.8493012970218897
2. BatteryAgingARC_25_26_27_28_P1_B0025,1,0.9768255949020386,0.8481675392670157,0.8492361035184072,0.8632919749169115
2. BatteryAgingARC_25_26_27_28_P1_B0025,1,0.974804699420929,0.8481675392670157,0.8482249850035932,0.8582341754199421
2. BatteryAgingARC_25_26_27_28_P1_B0025,1,0.9957707524299622,1.0,0.8584472612233004,0.9364503187970007
2. BatteryAgingARC_25_26_27_28_P1_B0025,1,0.9957569241523743,1.0,0.8584407126470601,0.9363541511422718
2. BatteryAgingARC_25_26_27_28_P1_B0025,1,0.9672174453735352,0.8481675392670157,0.8443790907172282,0.8411998308578388
3. BatteryAgingARC_25-44_B0029,1,0.5599812865257263,0.3076923076923077,0.5260138974661241,0.5296542826977355
3. BatteryAgingARC_25-44_B0029,1,0.8487806916236877,0.76,0.7737523955748655,0.7005149775498987
3. BatteryAgingARC_25-44_B0029,1,0.8537994027137756,0.76,0.7771579189906599,0.7045960707329649
3. BatteryAgingARC_25-44_B0029,1,0.8537994027137756,0.76,0.7771579189906599,0.7045960707329649
3. BatteryAgingARC_25-44_B0029,1,0.8537994027137756,0.76,0.7771579189906599,0.7045960707329649
3. BatteryAgingARC_25-44_B0029,1,0.8537994027137756,0.76,0.7771579189906599,0.7045960707329649
3. BatteryAgingARC_25-44_B0029,1,0.8537994027137756,0.76,0.7771579189906599,0.7045960707329649
3. BatteryAgingARC_25-44_B0029,1,0.8537994027137756,0.76,0.7771579189906599,0.7045960707329649
3. BatteryAgingARC_25-44_B0029,1,0.8531060218811035,0.76,0.776689599816509,0.7040273495198783
3. BatteryAgingARC_25-44_B0029,1,0.8307496905326843,0.76,0.761215277572458,0.6864738322275165
3. BatteryAgingARC_25-44_B0029,1,0.8374310731887817,0.76,0.7659158492255609,0.6915703273616349
3. BatteryAgingARC_25-44_B0029,1,0.8374310731887817,0.76,0.7659158492255609,0.6915703273616349
3. BatteryAgingARC_25-44_B0029,1,0.8259673714637756,0.76,0.7578112121820729,0.6828966716985189
3. BatteryAgingARC_25-44_B0029,1,0.8259673714637756,0.76,0.7578112121820729,0.6828966716985189
3. BatteryAgingARC_25-44_B0029,1,0.8259673714637756,0.76,0.7578112121820729,0.6828966716985189
3. BatteryAgingARC_25-44_B0029,1,0.8259673714637756,0.76,0.7578112121820729,0.6828966716985189
3. BatteryAgingARC_25-44_B0029,1,0.8115184903144836,0.76,0.7473273282548519,0.6724165307134968
3. BatteryAgingARC_25-44_B0029,1,0.8233925700187683,0.76,0.7559648427200769,0.6809939781553269
3. BatteryAgingARC_25-44_B0029,1,0.8233925700187683,0.76,0.7559648427200769,0.6809939781553269
3. BatteryAgingARC_25-44_B0029,1,0.8233925700187683,0.76,0.7559648427200769,0.6809939781553269
3. BatteryAgingARC_25-44_B0029,1,0.8233925700187683,0.76,0.7559648427200769,0.6809939781553269
3. BatteryAgingARC_25-44_B0029,1,0.8115184903144836,0.76,0.7473273282548519,0.6724165307134968
3. BatteryAgingARC_25-44_B0029,1,0.8526955246925354,0.76,0.7764120139673797,0.7036914026509951
3. BatteryAgingARC_25-44_B0029,1,0.8814588785171509,0.837042683935351,0.7952669969860177,0.7287503377604427
3. BatteryAgingARC_25-44_B0029,1,0.8895265460014343,0.8481675392670157,0.8003385246498326,0.7364308411332534
3. BatteryAgingARC_25-44_B0029,1,0.8651602268218994,0.76,0.7847312687775314,0.7141526999201286
3. BatteryAgingARC_25-44_B0029,1,0.8895265460014343,0.8481675392670157,0.8003385246498326,0.7364308411332534
3. BatteryAgingARC_25-44_B0029,1,0.8895265460014343,0.8481675392670157,0.8003385246498326,0.7364308411332534
3. BatteryAgingARC_25-44_B0029,1,0.8871222138404846,0.8481675392670157,0.7988370373077714,0.7341069612709443
3. BatteryAgingARC_25-44_B0029,1,0.8919472694396973,0.8481675392670157,0.8018417348808702,0.7388021502897072
3. BatteryAgingARC_25-44_B0029,1,0.8881354331970215,0.8481675392670157,0.7994708128640784,0.7350825391381433
3. BatteryAgingARC_25-44_B0029,1,0.8881354331970215,0.8481675392670157,0.7994708128640784,0.7350825391381433
3. BatteryAgingARC_25-44_B0029,1,0.9002434611320496,0.8481675392670157,0.8069287500209829,0.7471867116577531
3. BatteryAgingARC_25-44_B0029,1,0.9076785445213318,0.8481675392670157,0.8114028100951765,0.7550758224562121
3. BatteryAgingARC_25-44_B0029,1,0.9076785445213318,0.8481675392670157,0.8114028100951765,0.7550758224562121
3. BatteryAgingARC_25-44_B0029,1,0.8976309299468994,0.8481675392670157,0.8053376104090826,0.7445014108617704
3. BatteryAgingARC_25-44_B0029,1,0.9307712912559509,0.8481675392670157,0.8247902462364691,0.7824569687381298
3. BatteryAgingARC_25-44_B0029,1,0.9309395551681519,0.8481675392670157,0.8248849874169125,0.7826760895753323
3. BatteryAgingARC_25-44_B0029,1,0.932681679725647,0.8481675392670157,0.8258635215093318,0.7849646904879267
3. BatteryAgingARC_25-44_B0029,1,0.932681679725647,0.8481675392670157,0.8258635215093318,0.7849646904879267
3. BatteryAgingARC_25-44_B0042,0,0.9711460471153259,0.8481675392670157,0.8463802871235692,0.8496754934888671
3. BatteryAgingARC_25-44_B0042,0,0.9202063083648682,0.8481675392670157,0.8187605742882322,0.7693167261997689
3. BatteryAgingARC_25-44_B0042,0,0.9552589058876038,0.8481675392670157,0.8381565346561587,0.8187439932306737
3. BatteryAgingARC_25-44_B0042,0,0.9454867243766785,0.8481675392670157,0.8329238286416719,0.8030526669738413
3. BatteryAgingARC_25-44_B0042,0,0.9541865587234497,0.8481675392670157,0.8375888492168239,0.8169234014042102
3. BatteryAgingARC_25-44_B0042,0,0.9504866003990173,0.8481675392670157,0.8356178171441274,0.8108387762305107
3. BatteryAgingARC_25-44_B0042,0,0.9496551752090454,0.8481675392670157,0.835172267322224,0.8095109565471305
3. BatteryAgingARC_25-44_B0042,0,0.8935130834579468,0.8481675392670157,0.8028095201731866,0.7403534488360589
3. BatteryAgingARC_25-44_B0042,0,0.8906927704811096,0.8481675392670157,0.8010637876339665,0.7375692300055013
3. BatteryAgingARC_25-44_B0042,0,0.8895664215087891,0.8481675392670157,0.8003633555500307,0.736469642701426
3. BatteryAgingARC_25-44_B0042,0,0.8607618808746338,0.76,0.7818215978095051,0.7103978544345281
3. BatteryAgingARC_25-44_B0042,0,0.8714127540588379,0.7682587563223368,0.7888189025671182,0.7196193299395879
3. BatteryAgingARC_25-44_B0042,0,0.8773534297943115,0.8089334474887477,0.7926497353275361,0.7249641541373871
3. BatteryAgingARC_25-44_B0042,0,0.9001129269599915,0.8481675392670157,0.8068494846794991,0.7470515164111851
3. BatteryAgingARC_25-44_B0042,0,0.8969541192054749,0.8481675392670157,0.8049237866343841,0.7438126703518114
3. BatteryAgingARC_25-44_B0042,0,0.9064993262290955,0.8481675392670157,0.8106985620926641,0.75379893651956
3. BatteryAgingARC_25-44_B0042,0,0.835240364074707,0.76,0.7643817243382723,0.6898861512176311
3. BatteryAgingARC_25-44_B0042,0,0.9087975025177002,0.8481675392670157,0.8120692085753768,0.7562968629448451
3. BatteryAgingARC_25-44_B0042,0,0.9020397663116455,0.8481675392670157,0.8080170222292463,0.7490583849376151
3. BatteryAgingARC_25-44_B0042,0,0.8657217025756836,0.76,0.7851006720728834,0.7146372856222919
3. BatteryAgingARC_25-44_B0042,1,0.8601276278495789,0.76,0.7813996848262159,0.7098622795178704
3. BatteryAgingARC_25-44_B0042,1,0.9682514071464539,0.8481675392670157,0.8449078348947072,0.8433668367330708
3. BatteryAgingARC_25-44_B0042,1,0.9655728340148926,0.8481675392670157,0.8435350461947794,0.8378384643565472
3. BatteryAgingARC_25-44_B0042,1,0.964277982711792,0.8481675392670157,0.8428678843379959,0.8352613374330922
3. BatteryAgingARC_25-44_B0042,1,0.9641710519790649,0.8481675392670157,0.842812685800546,0.8350511219925361
3. BatteryAgingARC_25-44_B0042,1,0.9711335897445679,0.8481675392670157,0.846373974866229,0.8496475264221075
3. BatteryAgingARC_25-44_B0042,1,0.9918866753578186,1.0,0.8565979387106516,0.9143101376984875
3. BatteryAgingARC_25-44_B0042,1,0.9906653165817261,1.0,0.8560122712078355,0.9086907701974801
3. BatteryAgingARC_25-44_B0042,1,0.9534462690353394,0.8481675392670157,0.8371960145357721,0.8156820465730827
3. BatteryAgingARC_25-44_B0042,1,0.9675967693328857,0.8481675392670157,0.84457323879491,0.8419898537453712
3. BatteryAgingARC_25-44_B0042,1,0.9675967693328857,0.8481675392670157,0.84457323879491,0.8419898537453712
3. BatteryAgingARC_25-44_B0042,1,0.9867867231369019,1.0,0.8541392044321927,0.893276330121167
3. BatteryAgingARC_25-44_B0042,1,0.9872415065765381,1.0,0.8543598716286661,0.894931334083046
3. BatteryAgingARC_25-44_B0042,1,0.9717283248901367,0.8481675392670157,0.8466750954934901,0.8509911008973893
3. BatteryAgingARC_25-44_B0042,1,0.9663842916488647,0.8481675392670157,0.843951966132382,0.8394842477089532
3. BatteryAgingARC_25-44_B0042,1,0.9711563587188721,0.8481675392670157,0.8463855119415453,0.8496986488848083
3. BatteryAgingARC_25-44_B0042,1,0.9723881483078003,0.8481675392670157,0.8470086052290785,0.8525022181733157
3. BatteryAgingARC_25-44_B0042,1,0.9891419410705566,1.0,0.8552789933897811,0.9022545301373252
3. BatteryAgingARC_25-44_B0042,1,0.9900215268135071,1.0,0.8557027603334578,0.9059008090245403
3. BatteryAgingARC_25-44_B0042,1,0.9851363897323608,0.8481675392670157,0.8533361107103457,0.8875397761946907
3. BatteryAgingARC_25-44_B0042,1,0.15137968957424164,0.19195046439628483,0.18419197308589405,0.29961411252528547
4. BatteryAgingARC_45_46_47_48_B0045,1,0.24129696190357208,0.19195046439628483,0.24272701828643498,0.3625526961747214
4. BatteryAgingARC_45_46_47_48_B0045,1,0.6720240712165833,0.6666666666666666,0.6319958274900169,0.5874323922313062
4. BatteryAgingARC_45_46_47_48_B0045,1,0.6720240712165833,0.6666666666666666,0.6319958274900169,0.5874323922313062
4. BatteryAgingARC_45_46_47_48_B0045,1,0.6720240712165833,0.6666666666666666,0.6319958274900169,0.5874323922313062
4. BatteryAgingARC_45_46_47_48_B0046,1,0.9227991700172424,0.8481675392670157,0.8202551818899543,0.7724356116050481
4. BatteryAgingARC_45_46_47_48_B0046,1,0.9773947596549988,0.8481675392670157,0.8495198731049782,0.8647647342293676
4. BatteryAgingARC_45_46_47_48_B0046,1,0.9874640703201294,1.0,0.8544677616647093,0.8957540320778944
4. BatteryAgingARC_45_46_47_48_B0046,1,0.9642668962478638,0.8481675392670157,0.8428621621455455,0.835239524395689
4. BatteryAgingARC_45_46_47_48_B0046,1,0.9366210103034973,0.8481675392670157,0.8280602850180508,0.7902802965146345
4. BatteryAgingARC_45_46_47_48_B0046,1,0.9366210103034973,0.8481675392670157,0.8280602850180508,0.7902802965146345
4. BatteryAgingARC_45_46_47_48_B0046,1,0.9337181448936462,0.8481675392670157,0.826443643629292,0.7863439353841962
4. BatteryAgingARC_45_46_47_48_B0046,1,0.9374313354492188,0.8481675392670157,0.8285094293672837,0.7913992321998222
4. BatteryAgingARC_45_46_47_48_B0046,1,0.9368769526481628,0.8481675392670157,0.8282022485172887,0.7906327397830636
4. BatteryAgingARC_45_46_47_48_B0046,1,0.943041205406189,0.8481675392670157,0.8315933551951648,0.7994068816877922
4. BatteryAgingARC_45_46_47_48_B0046,1,0.9692990779876709,0.8481675392670157,0.8454420926294155,0.8456075192291731
4. BatteryAgingARC_45_46_47_48_B0046,1,0.9693540930747986,0.8481675392670157,0.8454701058634458,0.8457264770647318
4. BatteryAgingARC_45_46_47_48_B0046,1,0.4593706429004669,0.19195046439628483,0.4285089086769541,0.4799529297214827
4. BatteryAgingARC_45_46_47_48_B0046,1,0.914933979511261,0.8481675392670157,0.8156916302031204,0.7631647561246198
4. BatteryAgingARC_45_46_47_48_B0046,1,0.9641865491867065,0.8481675392670157,0.8428206865658661,0.8350815638563819
4. BatteryAgingARC_45_46_47_48_B0046,1,0.9135376811027527,0.8481675392670157,0.8148721594986094,0.7615755739054529
4. BatteryAgingARC_45_46_47_48_B0046,1,0.965140700340271,0.8481675392670157,0.8433126496399744,0.8369718136936116
4. BatteryAgingARC_45_46_47_48_B0046,1,0.965140700340271,0.8481675392670157,0.8433126496399744,0.8369718136936116
1. BatteryAgingARC-FY08Q4_B0006,1,0.019407469779253006,0.02857142857142857,0.18147784573940834,0.11569708467901405
1. BatteryAgingARC-FY08Q4_B0006,1,0.022353580221533775,0.02857142857142857,0.18299485474672447,0.12357693869753807
1. BatteryAgingARC-FY08Q4_B0006,1,0.020301995798945427,0.02857142857142857,0.18193741699045046,0.11815836246810275
1. BatteryAgingARC-FY08Q4_B0006,1,0.018596021458506584,0.025,0.181061738417504,0.11340743921972467
1. BatteryAgingARC-FY08Q4_B0006,1,0.7133950591087341,0.5535714285714286,0.7092053547407636,0.61605525038804
1. BatteryAgingARC-FY08Q4_B0006,1,0.020654214546084404,0.02857142857142857,0.1821186208764602,0.11911035636219999
1. BatteryAgingARC-FY08Q4_B0006,1,0.7133950591087341,0.5535714285714286,0.7092053547407636,0.61605525038804
1. BatteryAgingARC-FY08Q4_B0006,1,0.02558077871799469,0.02857142857142857,0.1846678746793455,0.1315471334667137
1. BatteryAgingARC-FY08Q4_B0006,1,0.022529903799295425,0.02857142857142857,0.1830859585126619,0.1240289989779196
1. BatteryAgingARC-FY08Q4_B0006,1,0.9513669610023499,0.8245614035087719,0.8473256880753176,0.8237286157829552
1. BatteryAgingARC-FY08Q4_B0006,1,0.03789743408560753,0.22033898305084745,0.1911616637511651,0.15749853539606848
1. BatteryAgingARC-FY08Q4_B0006,1,0.03548869118094444,0.18421052631578946,0.18987811018136327,0.1528649288481043
1. BatteryAgingARC-FY08Q4_B0006,1,0.03394821286201477,0.18421052631578946,0.1890606964345227,0.14980351666994615
1. BatteryAgingARC-FY08Q4_B0006,1,0.041148535907268524,0.22033898305084745,0.19290457883286938,0.16348422430405826
1. BatteryAgingARC-FY08Q4_B0006,1,0.9688392877578735,0.9285714285714286,0.854972915414236,0.8559511948887517
1. BatteryAgingARC-FY08Q4_B0006,1,0.9856395721435547,1.0,0.8620234003697784,0.8995874828529776
1. BatteryAgingARC-FY08Q4_B0006,1,0.0367417111992836,0.18421052631578946,0.19054498528145417,0.15529772861016453
1. BatteryAgingARC-FY08Q4_B0006,1,0.819257378578186,0.5535714285714286,0.77856228918846,0.6864608378018954
1. BatteryAgingARC-FY08Q4_B0006,1,0.03777683153748512,0.20810902769047526,0.1910972406663475,0.15727074665270477
1. BatteryAgingARC-FY08Q4_B0006,1,0.675968587398529,0.5535714285714286,0.6818334207563481,0.5941764405230276
1. BatteryAgingARC-FY08Q4_B0006,1,0.03462458401918411,0.18421052631578946,0.18941926200679135,0.1511575526378814
1. BatteryAgingARC-FY08Q4_B0006,1,0.8096924424171448,0.5535714285714286,0.7728120982053968,0.6793525274413973
1. BatteryAgingARC-FY08Q4_B0006,1,0.036117326468229294,0.18421052631578946,0.1902124552297379,0.1540916840736897
1. BatteryAgingARC-FY08Q4_B0006,1,0.03363597020506859,0.18421052631578946,0.18889534250210235,0.14917307186833922
1. BatteryAgingARC-FY08Q4_B0006,1,0.0165778249502182,0.025,0.18003003917320246,0.10745256894268831
1. BatteryAgingARC-FY08Q4_B0006,1,0.9884539246559143,1.0,0.8631759291122061,0.9094739839492691
1. BatteryAgingARC-FY08Q4_B0006,1,0.062363047152757645,0.22033898305084745,0.20457449850758874,0.19696961788277972
1. BatteryAgingARC-FY08Q4_B0006,1,0.14540144801139832,0.5530726256983239,0.2552077757999715,0.28529697294824985
1. BatteryAgingARC-FY08Q4_B0006,1,0.24330365657806396,0.5530726256983239,0.3245912207718093,0.3570205546312739
1. BatteryAgingARC-FY08Q4_B0006,1,0.926051914691925,0.8245614035087719,0.8356633222970231,0.7876050044817895
1. BatteryAgingARC-FY08Q4_B0006,1,0.0399492010474205,0.22033898305084745,0.1922602117854795,0.16130986820651358
1. BatteryAgingARC-FY08Q4_B0006,1,0.03764424845576286,0.19430076326322934,0.1910264369944744,0.15701983279613224
1. BatteryAgingARC-FY08Q4_B0006,1,0.10013612359762192,0.30952380952380953,0.22663157168316933,0.2425991842876127
1. BatteryAgingARC-FY08Q4_B0006,1,0.2423733025789261,0.5530726256983239,0.3238868766273485,0.35641852154045633
1. BatteryAgingARC-FY08Q4_B0006,1,0.23200590908527374,0.5530726256983239,0.31609246520621487,0.34963203016300115
1. BatteryAgingARC-FY08Q4_B0006,1,0.267550528049469,0.5530726256983239,0.3432210736600119,0.37234349823222707
1. BatteryAgingARC-FY08Q4_B0006,1,0.24569310247898102,0.5530726256983239,0.32640383756794566,0.35856170302488033
1. BatteryAgingARC-FY08Q4_B0006,1,0.30145567655563354,0.5530726256983239,0.3700919823699756,0.39275732188099605
1. BatteryAgingARC-FY08Q4_B0006,1,0.3388119339942932,0.5530726256983239,0.40065244107777326,0.4141909002852561
1. BatteryAgingARC-FY08Q4_B0006,1,0.483292818069458,0.5530726256983239,0.5240985629354074,0.49133493135523976
1. BatteryAgingARC-FY08Q4_B0006,1,0.47635653614997864,0.5530726256983239,0.5181176810744553,0.48773412446647946
1. BatteryAgingARC-FY08Q4_B0006,1,0.5035611987113953,0.5530726256983239,0.541529388455529,0.5018465120883631
1. BatteryAgingARC-FY08Q4_B0006,1,0.34179452061653137,0.5530726256983239,0.40312962939439906,0.41586332679325044
1. BatteryAgingARC-FY08Q4_B0006,1,0.7305946946144104,0.5535714285714286,0.7213075346245903,0.6265113997613324
1. BatteryAgingARC-FY08Q4_B0006,1,0.8382236957550049,0.5535714285714286,0.789653964994764,0.7011903419615247
1. BatteryAgingARC-FY08Q4_B0006,1,0.920369029045105,0.8245614035087719,0.8329489399472312,0.7805659478634022
1. BatteryAgingARC-FY08Q4_B0006,1,0.920369029045105,0.8245614035087719,0.8329489399472312,0.7805659478634022
1. BatteryAgingARC-FY08Q4_B0006,1,0.46599727869033813,0.5530726256983239,0.5091761525399624,0.48234959790326476
1. BatteryAgingARC-FY08Q4_B0006,1,0.5666934847831726,0.5535714285714286,0.5949913481717487,0.5347319960420669
1. BatteryAgingARC-FY08Q4_B0006,1,0.5789471864700317,0.5535714285714286,0.6051517962942338,0.5411861080580903
1. BatteryAgingARC-FY08Q4_B0006,1,0.7392169237136841,0.5535714285714286,0.7272567236068076,0.6318656165707504
1. BatteryAgingARC-FY08Q4_B0006,1,0.8354592323303223,0.5535714285714286,0.7880630010681231,0.6989860860271868
1. BatteryAgingARC-FY08Q4_B0006,1,0.9172564148902893,0.8245614035087719,0.8314470952738131,0.776837303827788
1. BatteryAgingARC-FY08Q4_B0006,1,0.9052562713623047,0.8245614035087719,0.8255561839338973,0.7631958751770518
1. BatteryAgingARC-FY08Q4_B0006,1,0.898609459400177,0.8181818181818182,0.8222239604525522,0.7560794061164737
1. BatteryAgingARC-FY08Q4_B0006,1,0.9041215777397156,0.8245614035087719,0.8249908391991431,0.7619605098343362
1. BatteryAgingARC-FY08Q4_B0006,1,0.8774044513702393,0.595290760145316,0.8112602529954571,0.7350607072285976
1. BatteryAgingARC-FY08Q4_B0006,1,0.8760145902633667,0.5535714285714286,0.8105238387404037,0.733760268531738
1. BatteryAgingARC-FY08Q4_B0006,1,0.8117738366127014,0.5535714285714286,0.7740722960623305,0.6808826624379869
1. BatteryAgingARC-FY08Q4_B0006,1,0.8668918609619141,0.5535714285714286,0.8056355246752523,0.7254272758576665
1. BatteryAgingARC-FY08Q4_B0006,1,0.7395774722099304,0.5535714285714286,0.7275037599743336,0.6320912653313234
2. BatteryAgingARC_25_26_27_28_P1_B0028,0,0.012745357118546963,0.025,0.17808352636695682,0.09488808212469708
2. BatteryAgingARC_25_26_27_28_P1_B0028,0,0.014293377287685871,0.025,0.17886777513975305,0.10019035368697307
2. BatteryAgingARC_25_26_27_28_P1_B0028,0,0.0108605045825243,0.025,0.17713227318336136,0.08791781980625744
2. BatteryAgingARC_25_26_27_28_P1_B0028,0,0.010323547758162022,0.025,0.17686201099296123,0.08581024256471924
2. BatteryAgingARC_25_26_27_28_P1_B0028,0,0.009952531196177006,0.025,0.17667545939553667,0.08431816802525567
2. BatteryAgingARC_25_26_27_28_P1_B0028,0,0.013878102414309978,0.025,0.17865712628139474,0.09880109769752357
2. BatteryAgingARC_25_26_27_28_P1_B0028,0,0.013380895368754864,0.025,0.1784051725966847,0.09710654231217812
2. BatteryAgingARC_25_26_27_28_P1_B0028,0,0.0108605045825243,0.025,0.17713227318336136,0.08791781980625744
2. BatteryAgingARC_25_26_27_28_P1_B0028,0,0.010323547758162022,0.025,0.17686201099296123,0.08581024256471924
2. BatteryAgingARC_25_26_27_28_P1_B0028,0,0.011648837476968765,0.025,0.17752964550505315,0.09090944084688148
2. BatteryAgingARC_25_26_27_28_P1_B0028,0,0.011449535377323627,0.025,0.17742911798624336,0.09016406642015494
2. BatteryAgingARC_25_26_27_28_P1_B0028,0,0.01138005219399929,0.025,0.17739408132633966,0.08990250254895515
2. BatteryAgingARC_25_26_27_28_P1_B0028,0,0.012075711973011494,0.025,0.1777451102796414,0.09248227516780133
2. BatteryAgingARC_25_26_27_28_P1_B0028,0,0.01138005219399929,0.025,0.17739408132633966,0.08990250254895515
2. BatteryAgingARC_25_26_27_28_P1_B0028,0,0.01138005219399929,0.025,0.17739408132633966,0.08990250254895515
2. BatteryAgingARC_25_26_27_28_P1_B0028,0,0.01138005219399929,0.025,0.17739408132633966,0.08990250254895515
2. BatteryAgingARC_25_26_27_28_P1_B0028,0,0.015234150923788548,0.025,0.1793457025513482,0.10325543906449547
2. BatteryAgingARC_25_26_27_28_P1_B0028,0,0.015707844868302345,0.025,0.17958672380729065,0.10475821678446495
2. BatteryAgingARC_25_26_27_28_P1_B0028,0,0.013504735194146633,0.025,0.1784679009126637,0.0975318797386088
2. BatteryAgingARC_25_26_27_28_P1_B0028,0,0.017522292211651802,0.025,0.18051227731525435,0.1102879912791303
2. BatteryAgingARC_25_26_27_28_P1_B0028,0,0.01449562143534422,0.025,0.17897043413645486,0.10085868806169443
2. BatteryAgingARC_25_26_27_28_P1_B0028,0,0.01578930951654911,0.025,0.17962819950118938,0.1050140574193767
2. BatteryAgingARC_25_26_27_28_P1_B0028,0,0.015520281158387661,0.025,0.1794912588611038,0.10416629345818865
2. BatteryAgingARC_25_26_27_28_P1_B0028,0,0.013030732981860638,0.025,0.17822789901122155,0.09589175491032136
2. BatteryAgingARC_25_26_27_28_P1_B0028,0,0.013207959942519665,0.025,0.17831760487607445,0.09650885746699871
2. BatteryAgingARC_25_26_27_28_P1_B0028,0,0.013396522961556911,0.025,0.17841308745536963,0.09716033834542746
2. BatteryAgingARC_25_26_27_28_P1_B0028,0,0.016227852553129196,0.025,0.17985160129447306,0.10637859303302531
2. BatteryAgingARC_25_26_27_28_P1_B0028,0,0.015925204381346703,0.025,0.17969740363113665,0.10543917416549348
3. BatteryAgingARC_25-44_B0030,1,0.6139528751373291,0.5535714285714286,0.6336554431058675,0.5598525366402549
3. BatteryAgingARC_25-44_B0030,1,0.4737735390663147,0.5530726256983239,0.5158890454605163,0.48639239233603904
3. BatteryAgingARC_25-44_B0030,1,0.5732345581054688,0.5535714285714286,0.6004257598444354,0.538172942734282
3. BatteryAgingARC_25-44_B0030,1,0.7620505094528198,0.5535714285714286,0.7426225304577523,0.6464595878543453
3. BatteryAgingARC_25-44_B0030,1,0.7482920289039612,0.5535714285714286,0.7334319476517738,0.6375902655821678
3. BatteryAgingARC_25-44_B0030,1,0.6881915926933289,0.5535714285714286,0.6909242350458581,0.601204633562384
3. BatteryAgingARC_25-44_B0030,1,0.8426692485809326,0.5535714285714286,0.7921939949503211,0.7047795954593886
3. BatteryAgingARC_25-44_B0030,1,0.5528801083564758,0.5530726256983239,0.5834397022219037,0.5274936094568083
3. BatteryAgingARC_25-44_B0030,1,0.5528801083564758,0.5530726256983239,0.5834397022219037,0.5274936094568083
3. BatteryAgingARC_25-44_B0030,1,0.5528801083564758,0.5530726256983239,0.5834397022219037,0.5274936094568083
3. BatteryAgingARC_25-44_B0030,1,0.6094993352890015,0.5535714285714286,0.6300760269077833,0.5574554397350308
3. BatteryAgingARC_25-44_B0030,1,0.7677214741706848,0.5535714285714286,0.7463498822517372,0.6501876305504248
3. BatteryAgingARC_25-44_B0030,1,0.8000091314315796,0.5535714285714286,0.7668841710172221,0.6723484917534227
3. BatteryAgingARC_25-44_B0030,1,0.62554532289505,0.5535714285714286,0.6429028486160102,0.5661280759455652
3. BatteryAgingARC_25-44_B0030,1,0.8699618577957153,0.5535714285714286,0.8072911499108679,0.7281935018322554
3. BatteryAgingARC_25-44_B0030,1,0.7687965035438538,0.5535714285714286,0.7470524343614364,0.6508993852167844
3. BatteryAgingARC_25-44_B0030,1,0.9088554978370667,0.8245614035087719,0.8273399152718885,0.7671736255568825
3. BatteryAgingARC_25-44_B0030,1,0.8000091314315796,0.5535714285714286,0.7668841710172221,0.6723484917534227
3. BatteryAgingARC_25-44_B0030,1,0.8275479078292847,0.5535714285714286,0.7834614803247859,0.6927891968782277
3. BatteryAgingARC_25-44_B0030,1,0.9249845147132874,0.8245614035087719,0.83515620442607,0.7862588217741716
3. BatteryAgingARC_25-44_B0030,1,0.6811162829399109,0.5535714285714286,0.6856794303222862,0.5971236893406044
3. BatteryAgingARC_25-44_B0030,1,0.8787181377410889,0.6592600149031064,0.8119542854169943,0.7362977898699364
3. BatteryAgingARC_25-44_B0030,1,0.7880905866622925,0.5535714285714286,0.7594412959353761,0.6639682825200492
3. BatteryAgingARC_25-44_B0030,1,0.9381111860275269,0.8245614035087719,0.8413058182105884,0.8036970393551283
3. BatteryAgingARC_25-44_B0030,1,0.9263367056846619,0.8245614035087719,0.83579841348892,0.7879661383511712
3. BatteryAgingARC_25-44_B0030,1,0.7931597232818604,0.5535714285714286,0.7626265758526138,0.667501706838716
3. BatteryAgingARC_25-44_B0030,1,0.8290475010871887,0.5535714285714286,0.784339221194892,0.693951562624896
3. BatteryAgingARC_25-44_B0030,1,0.9524004459381104,0.8245614035087719,0.8477870695153342,0.8254210574276637
3. BatteryAgingARC_25-44_B0030,1,0.9166809916496277,0.8245614035087719,0.8311682759904355,0.7761572148257255
3. BatteryAgingARC_25-44_B0030,1,0.9173247218132019,0.8245614035087719,0.8314801687624881,0.7769182225283244
3. BatteryAgingARC_25-44_B0030,1,0.9166809916496277,0.8245614035087719,0.8311682759904355,0.7761572148257255
3. BatteryAgingARC_25-44_B0030,1,0.9655494689941406,0.8245614035087719,0.8535577634388215,0.8491893861384249
3. BatteryAgingARC_25-44_B0030,1,0.9661245346069336,0.8245614035087719,0.8538059566699556,0.8503430606307002
3. BatteryAgingARC_25-44_B0030,1,0.9693108201026917,0.9285714285714286,0.855174817202973,0.8569541944893505
3. BatteryAgingARC_25-44_B0030,1,0.964292049407959,0.8245614035087719,0.8530138562021296,0.8467057499664661
3. BatteryAgingARC_25-44_B0030,1,0.9544515609741211,0.8245614035087719,0.8486993655917474,0.828845986571327
3. BatteryAgingARC_25-44_B0030,1,0.9563460946083069,0.8245614035087719,0.8495380210970878,0.8320919663660162
3. BatteryAgingARC_25-44_B0030,1,0.9696112275123596,0.9285714285714286,0.8553033245357375,0.8575979140254812
3. BatteryAgingARC_25-44_B0030,1,0.9729148745536804,0.9285714285714286,0.8567103055221167,0.8649373095605761
3. BatteryAgingARC_25-44_B0030,1,0.9684975743293762,0.9285714285714286,0.8548264537629698,0.8552298875621626
3. BatteryAgingARC_25-44_B0039,0,0.016381720080971718,0.025,0.17993003559735657,0.10685238002011056
3. BatteryAgingARC_25-44_B0040,0,0.0024415382649749517,0.021052631578947368,0.17293202778576305,0.042387532036483475
3. BatteryAgingARC_25-44_B0040,0,0.008699841797351837,0.021052631578947368,0.1760467339161538,0.07903893199448624
3. BatteryAgingARC_25-44_B0040,0,0.008408821187913418,0.021052631578947368,0.1759009226062557,0.07775337621860089
3. BatteryAgingARC_25-44_B0040,0,0.007992102764546871,0.021052631578947368,0.17569229779800685,0.07586920997862624
3. BatteryAgingARC_25-44_B0040,0,0.008433381095528603,0.021052631578947368,0.17591322429168213,0.07786280396352632
3. BatteryAgingARC_25-44_B0040,0,0.007881488651037216,0.021052631578947368,0.175636952951181,0.07536006558054151
3. BatteryAgingARC_25-44_B0040,0,0.0024415382649749517,0.021052631578947368,0.17293202778576305,0.042387532036483475
3. BatteryAgingARC_25-44_B0040,0,0.0095403166487813,0.025,0.17646837423552467,0.08262377440420565
3. BatteryAgingARC_25-44_B0040,0,0.0095403166487813,0.025,0.17646837423552467,0.08262377440420565
3. BatteryAgingARC_25-44_B0040,0,0.007953227497637272,0.021052631578947368,0.1756728453194979,0.07569071449486718
3. BatteryAgingARC_25-44_B0040,0,0.0095403166487813,0.025,0.17646837423552467,0.08262377440420565
3. BatteryAgingARC_25-44_B0040,0,0.007881488651037216,0.021052631578947368,0.175636952951181,0.07536006558054151
3. BatteryAgingARC_25-44_B0040,1,0.9982091188430786,1.0,0.8671082724453508,0.9636880743886522
3. BatteryAgingARC_25-44_B0043,0,0.013459712266921997,0.025,0.17844509355066474,0.09737750013026762
3. BatteryAgingARC_25-44_B0043,0,0.003031141823157668,0.021052631578947368,0.1732235988706981,0.04719489791610456
3. BatteryAgingARC_25-44_B0043,0,0.0027167638763785362,0.021052631578947368,0.17306808417746994,0.04469952752722188
3. BatteryAgingARC_25-44_B0043,0,0.0019261910347267985,0.015876466081612087,0.1726774960078563,0.037659425061348145
3. BatteryAgingARC_25-44_B0043,0,0.0023126769810914993,0.021052631578947368,0.17286835494256184,0.04125826013916074
3. BatteryAgingARC_25-44_B0043,0,0.001595420646481216,0.009602887585658006,0.17251428362029456,0.034268924954579755
3. BatteryAgingARC_25-44_B0043,0,0.0028398605063557625,0.021052631578947368,0.17312896376343143,0.04569378382650412
3. BatteryAgingARC_25-44_B0043,0,0.002950271125882864,0.021052631578947368,0.1731835836645196,0.046566506380984495
3. BatteryAgingARC_25-44_B0043,0,0.003295835107564926,0.021052631578947368,0.17335462147706682,0.049192156310496706
3. BatteryAgingARC_25-44_B0043,0,0.00479470519348979,0.021052631578947368,0.17409803660648168,0.059165114744723614
3. BatteryAgingARC_25-44_B0043,0,0.004342823289334774,0.021052631578947368,0.17387364598686464,0.0563594065755308
3. BatteryAgingARC_25-44_B0043,0,0.006021851673722267,0.021052631578947368,0.1747085526361497,0.06613472587535632
3. BatteryAgingARC_25-44_B0043,0,0.012539245188236237,0.025,0.1779793106096326,0.09415530797994841
3. BatteryAgingARC_25-44_B0043,0,0.013113141991198063,0.025,0.1782696070686285,0.09617928559355787
3. BatteryAgingARC_25-44_B0043,0,0.01341322809457779,0.025,0.17842154835649085,0.09721780462089043
3. BatteryAgingARC_25-44_B0043,0,0.013763736002147198,0.025,0.17859914783377476,0.09841438970628076
3. BatteryAgingARC_25-44_B0043,0,0.007793615572154522,0.021052631578947368,0.17559299617031052,0.07495279676724895
3. BatteryAgingARC_25-44_B0043,0,0.02062392607331276,0.02857142857142857,0.18210303303429334,0.11902886011171024
3. BatteryAgingARC_25-44_B0043,0,0.023050876334309578,0.02857142857142857,0.1833553428447063,0.125352843817339
3. BatteryAgingARC_25-44_B0043,0,0.013641620986163616,0.025,0.17853725746031474,0.09799947615555765
3. BatteryAgingARC_25-44_B0043,1,0.026430388912558556,0.02857142857142857,0.18511028567863083,0.13354696618369893
3. BatteryAgingARC_25-44_B0043,1,0.05548778176307678,0.22033898305084745,0.20073600032235672,0.1869886128755664
3. BatteryAgingARC_25-44_B0043,1,0.053275562822818756,0.22033898305084745,0.19951243376009567,0.18362087123217619
3. BatteryAgingARC_25-44_B0043,1,0.2045263648033142,0.5530726256983239,0.2959338420857339,0.3308704434216548
3. BatteryAgingARC_25-44_B0043,1,0.22720251977443695,0.5530726256983239,0.3125155865599441,0.34643709686465274
3. BatteryAgingARC_25-44_B0043,1,0.714958667755127,0.5535714285714286,0.7103182985254637,0.6169942469382668
3. BatteryAgingARC_25-44_B0043,1,0.7954393029212952,0.5535714285714286,0.7640494861209839,0.6691053336177427
3. BatteryAgingARC_25-44_B0043,1,0.7988812923431396,0.5535714285714286,0.7661867766338941,0.6715444916152323
3. BatteryAgingARC_25-44_B0043,1,0.8070100545883179,0.5535714285714286,0.7711807169402396,0.677393719724633
3. BatteryAgingARC_25-44_B0043,1,0.8282241821289062,0.5535714285714286,0.7838576364105406,0.693312699258413
3. BatteryAgingARC_25-44_B0043,1,0.6872875690460205,0.5535714285714286,0.6902567949469511,0.6006812044974915
3. BatteryAgingARC_25-44_B0043,1,0.8628602027893066,0.5535714285714286,0.8034449223134791,0.7218498510498099
3. BatteryAgingARC_25-44_B0043,1,0.8787669539451599,0.6616370938344417,0.8119800376309211,0.7363439096658672
3. BatteryAgingARC_25-44_B0043,1,0.7447723150253296,0.5535714285714286,0.7310475264526981,0.6353587144361812
3. BatteryAgingARC_25-44_B0043,1,0.77810138463974,0.5535714285714286,0.7530793870079295,0.6571302503914186
3. BatteryAgingARC_25-44_B0043,1,0.8124638199806213,0.5535714285714286,0.7744889583088409,0.6813919054606272
3. BatteryAgingARC_25-44_B0043,1,0.9181906580924988,0.8245614035087719,0.8318989974335124,0.7779475182641815
3. BatteryAgingARC_25-44_B0043,1,0.9475548267364502,0.8245614035087719,0.8456139076932652,0.8176647941456464
3. BatteryAgingARC_25-44_B0043,1,0.9519632458686829,0.8245614035087719,0.8475920288800413,0.8247024500153441
3. BatteryAgingARC_25-44_B0043,1,0.8938290476799011,0.8181818181818182,0.8197967090533332,0.7511303981403551
3. BatteryAgingARC_25-44_B0043,1,0.9537203907966614,0.8245614035087719,0.8483746717730113,0.8276147516790229
5. BatteryAgingARC_49_50_51_52_B0049,0,0.01194402389228344,0.025,0.1776786189052112,0.09200043203812185
5. BatteryAgingARC_49_50_51_52_B0049,0,0.07002802938222885,0.22033898305084745,0.20891786346655036,0.20734880720749696
5. BatteryAgingARC_49_50_51_52_B0049,0,0.0904044359922409,0.30952380952380953,0.22079229547230209,0.23199695558606584
5. BatteryAgingARC_49_50_51_52_B0049,0,0.0904044359922409,0.30952380952380953,0.22079229547230209,0.23199695558606584
5. BatteryAgingARC_49_50_51_52_B0049,0,0.4256463646888733,0.5530726256983239,0.47434419733568994,0.46123740361822047
5. BatteryAgingARC_49_50_51_52_B0049,0,0.012172973714768887,0.025,0.17779423177736134,0.0928362669945359
5. BatteryAgingARC_49_50_51_52_B0049,0,0.1031070351600647,0.30952380952380953,0.22843580032119082,0.24571318044996332
5. BatteryAgingARC_49_50_51_52_B0049,0,0.38280683755874634,0.5530726256983239,0.43764276442946076,0.43839871166037514
5. BatteryAgingARC_49_50_51_52_B0049,0,0.02336779423058033,0.02857142857142857,0.18351936496639978,0.12614971086586615
5. BatteryAgingARC_49_50_51_52_B0049,0,0.043172821402549744,0.22033898305084745,0.19399589264561073,0.16707049654160397
5. BatteryAgingARC_49_50_51_52_B0049,0,0.032368406653404236,0.18421052631578946,0.18822521993259722,0.14657773804803342
5. BatteryAgingARC_49_50_51_52_B0049,0,0.09237600862979889,0.30952380952380953,0.2219665263080165,0.23419773525848514
5. BatteryAgingARC_49_50_51_52_B0049,0,0.45307835936546326,0.5530726256983239,0.4980176970046564,0.47561858201112844
5. BatteryAgingARC_49_50_51_52_B0049,0,0.16603632271289825,0.5530726256983239,0.2689947475717686,0.3021978174264396
5. BatteryAgingARC_49_50_51_52_B0049,0,0.3374321460723877,0.5530726256983239,0.3995081650514157,0.41341545858853257
5. BatteryAgingARC_49_50_51_52_B0049,0,0.35839176177978516,0.5530726256983239,0.41700161814280023,0.42508077042087183
5. BatteryAgingARC_49_50_51_52_B0049,0,0.3984915316104889,0.5530726256983239,0.4510225760719821,0.44682793035776885
5. BatteryAgingARC_49_50_51_52_B0049,0,0.4136577546596527,0.5530726256983239,0.46402801628575846,0.4549011267499821
5. BatteryAgingARC_49_50_51_52_B0049,0,0.4031382203102112,0.5530726256983239,0.4550009632828894,0.44930890158688136
5. BatteryAgingARC_49_50_51_52_B0050,1,0.004298444837331772,0.021052631578947368,0.1738516213342448,0.05607561324367887
5. BatteryAgingARC_49_50_51_52_B0050,1,0.987257182598114,1.0,0.8626868345311134,0.9051209064929173
2. BatteryAgingARC_25_26_27_28_P1_B0026,1,0.9904204607009888,0.9411764705882353,0.8329351570179303,0.9121248435995967
2. BatteryAgingARC_25_26_27_28_P1_B0026,1,0.9902470111846924,0.9411764705882353,0.832848565292512,0.9113894614857126
2. BatteryAgingARC_25_26_27_28_P1_B0026,1,0.9879658818244934,0.9148936170212766,0.8317064101471928,0.9023432583741031
2. BatteryAgingARC_25_26_27_28_P1_B0026,1,0.9939190149307251,1.0,0.8346741010054729,0.9289643932044012
2. BatteryAgingARC_25_26_27_28_P1_B0026,1,0.9939190149307251,1.0,0.8346741010054729,0.9289643932044012
2. BatteryAgingARC_25_26_27_28_P1_B0026,1,0.9924929738044739,0.9411764705882353,0.8339670510251501,0.9215714625842321
3. BatteryAgingARC_25-44_B0027,0,0.05087057873606682,0.28205128205128205,0.1463549338598023,0.18601234923169882
3. BatteryAgingARC_25-44_B0027,0,0.04036333039402962,0.2631578947368421,0.14170881940865626,0.1682060080372296
3. BatteryAgingARC_25-44_B0027,0,0.013223543763160706,0.14285714285714285,0.13027649886309542,0.10198295847402275
3. BatteryAgingARC_25-44_B0027,0,0.037114087492227554,0.2387626050465531,0.1402972047218723,0.16213388255278008
3. BatteryAgingARC_25-44_B0027,0,0.03524819388985634,0.15351890270211282,0.13949190890982183,0.15849981377998446
3. BatteryAgingARC_25-44_B0027,0,0.018855126574635506,0.14285714285714285,0.13258237303020118,0.11988424154999856
3. BatteryAgingARC_25-44_B0027,0,0.0386207140982151,0.2631578947368421,0.14095028121317968,0.164988035588963
3. BatteryAgingARC_25-44_B0027,0,0.030855383723974228,0.14285714285714285,0.13761131682510075,0.14945685165419562
3. BatteryAgingARC_25-44_B0027,0,0.030987387523055077,0.14285714285714285,0.1376675166851881,0.14973955555985546
3. BatteryAgingARC_25-44_B0027,0,0.029206737875938416,0.14285714285714285,0.13691103846330224,0.14586288527161648
3. BatteryAgingARC_25-44_B0027,0,0.03641790896654129,0.20695755734888455,0.13999628896685537,0.160791243113319
3. BatteryAgingARC_25-44_B0027,0,0.02908209152519703,0.14285714285714285,0.13685821581383067,0.1455862464830205
3. BatteryAgingARC_25-44_B0027,0,0.044567354023456573,0.2631578947368421,0.1435528081157064,0.1756357248663413
3. BatteryAgingARC_25-44_B0027,0,0.0224545206874609,0.14285714285714285,0.13407420350132357,0.12970799981162087
3. BatteryAgingARC_25-44_B0027,0,0.03232954815030098,0.14285714285714285,0.13824002945936895,0.1525735896501152
3. BatteryAgingARC_25-44_B0027,0,0.0314045287668705,0.14285714285714285,0.13784523896394982,0.15062817242808835
3. BatteryAgingARC_25-44_B0027,0,0.03476961329579353,0.14285714285714285,0.13928598472262713,0.15754900186160067
3. BatteryAgingARC_25-44_B0027,0,0.03887304663658142,0.2631578947368421,0.1410599077558151,0.1654593977626554
3. BatteryAgingARC_25-44_B0027,0,0.036641430109739304,0.21716916307723183,0.14009284466143682,0.1612240083064912
3. BatteryAgingARC_25-44_B0027,0,0.03854507952928543,0.2631578947368421,0.14091743544929625,0.16484638396997
3. BatteryAgingARC_25-44_B0027,0,0.040303975343704224,0.2631578947368421,0.14168292695742216,0.16809780785275202
3. BatteryAgingARC_25-44_B0027,0,0.029402676969766617,0.14285714285714285,0.13699410823763986,0.14629631760020476
3. BatteryAgingARC_25-44_B0027,0,0.03909674659371376,0.2631578947368421,0.14115715437995507,0.16587571952703078
3. BatteryAgingARC_25-44_B0027,0,0.031691908836364746,0.14285714285714285,0.13796778883327568,0.15123622725102148
3. BatteryAgingARC_25-44_B0027,0,0.032671716064214706,0.14285714285714285,0.13838630419333142,0.15328467581462038
3. BatteryAgingARC_25-44_B0027,0,0.014173845760524273,0.14285714285714285,0.13066319804799448,0.10527983033852276
3. BatteryAgingARC_25-44_B0027,0,0.034698486328125,0.14285714285714285,0.1392554018899701,0.1574070158941176
3. BatteryAgingARC_25-44_B0027,0,0.03848561644554138,0.2631578947368421,0.14089161695627558,0.1647349002450897
3. BatteryAgingARC_25-44_B0032,0,0.024391379207372665,0.14285714285714285,0.13488282373324728,0.13460913008985714
3. BatteryAgingARC_25-44_B0032,0,0.02014300413429737,0.14285714285714285,0.13311453356512248,0.12351742662022387
3. BatteryAgingARC_25-44_B0032,0,0.02014300413429737,0.14285714285714285,0.13311453356512248,0.12351742662022387
3. BatteryAgingARC_25-44_B0032,0,0.02209440805017948,0.14285714285714285,0.13392431232490223,0.1287693025850865
3. BatteryAgingARC_25-44_B0032,0,0.02017808146774769,0.14285714285714285,0.1331290530397852,0.12361443288127745
3. BatteryAgingARC_25-44_B0032,0,0.018143819645047188,0.14285714285714285,0.13228922903803636,0.11781453237565534
3. BatteryAgingARC_25-44_B0032,0,0.018938740715384483,0.14285714285714285,0.13261686823329863,0.12012449196825392
3. BatteryAgingARC_25-44_B0032,0,0.01903046853840351,0.14285714285714285,0.13265471949922855,0.12038733680011911
3. BatteryAgingARC_25-44_B0032,0,0.017597340047359467,0.14285714285714285,0.13206438702686993,0.1161917413676279
3. BatteryAgingARC_25-44_B0032,0,0.016093840822577477,0.14285714285714285,0.13144746313733757,0.1115681649457549
3. BatteryAgingARC_25-44_B0032,0,0.017605790868401527,0.14285714285714285,0.1320678615408638,0.11621706037201088
3. BatteryAgingARC_25-44_B0032,0,0.01718309335410595,0.14285714285714285,0.13189416650263874,0.11494177122232205
3. BatteryAgingARC_25-44_B0032,0,0.01570688560605049,0.14285714285714285,0.1312890818294265,0.11033759209012121
3. BatteryAgingARC_25-44_B0032,0,0.01570688560605049,0.14285714285714285,0.1312890818294265,0.11033759209012121
3. BatteryAgingARC_25-44_B0032,0,0.01570688560605049,0.14285714285714285,0.1312890818294265,0.11033759209012121
3. BatteryAgingARC_25-44_B0032,0,0.01592082716524601,0.14285714285714285,0.13137662837453315,0.11102012084450012
3. BatteryAgingARC_25-44_B0032,0,0.019109239801764488,0.14285714285714285,0.1326872315750773,0.12061245866774489
3. BatteryAgingARC_25-44_B0032,0,0.01664251834154129,0.14285714285714285,0.1316723155415142,0.11328370195404233
3. BatteryAgingARC_25-44_B0032,0,0.017470505088567734,0.14285714285714285,0.13201224875996312,0.1158108767667721
3. BatteryAgingARC_25-44_B0032,0,0.020738402381539345,0.14285714285714285,0.13336116707701498,0.12515065288692112
3. BatteryAgingARC_25-44_B0032,0,0.01592082716524601,0.14285714285714285,0.13137662837453315,0.11102012084450012
3. BatteryAgingARC_25-44_B0032,0,0.02107398770749569,0.14285714285714285,0.13350034784798065,0.1260589698524687
3. BatteryAgingARC_25-44_B0032,0,0.025908825919032097,0.14285714285714285,0.1355192161226819,0.13828882793528935
3. BatteryAgingARC_25-44_B0032,0,0.03469241037964821,0.14285714285714285,0.13925278964372956,0.15739487871413527
3. BatteryAgingARC_25-44_B0032,0,0.034725386649370193,0.14285714285714285,0.13926696769928615,0.15746073591163656
3. BatteryAgingARC_25-44_B0032,0,0.03773621469736099,0.2631578947368421,0.1405665703610074,0.1633208227706064
3. BatteryAgingARC_25-44_B0032,0,0.03905988857150078,0.2631578947368421,0.14114112764300363,0.16580722400211162
3. BatteryAgingARC_25-44_B0032,0,0.03905988857150078,0.2631578947368421,0.14114112764300363,0.16580722400211162
3. BatteryAgingARC_25-44_B0032,0,0.04818626120686531,0.28205128205128205,0.14515610809450252,0.1816953909136774
3. BatteryAgingARC_25-44_B0032,0,0.0504620261490345,0.28205128205128205,0.1461719449936563,0.18536446204294604
3. BatteryAgingARC_25-44_B0032,0,0.03905988857150078,0.2631578947368421,0.14114112764300363,0.16580722400211162
3. BatteryAgingARC_25-44_B0032,0,0.04557005688548088,0.2631578947368421,0.14399555781423326,0.1773439308585089
3. BatteryAgingARC_25-44_B0032,0,0.048651669174432755,0.28205128205128205,0.1453633751442643,0.18245423211937833
3. BatteryAgingARC_25-44_B0032,0,0.053298164159059525,0.28205128205128205,0.14744615549341128,0.18979779869519547
3. BatteryAgingARC_25-44_B0032,0,0.05078044533729553,0.28205128205128205,0.14631454720492634,0.1858696895151047
3. BatteryAgingARC_25-44_B0032,0,0.04985940083861351,0.28205128205128205,0.1459023780060224,0.18440292032000102
3. BatteryAgingARC_25-44_B0032,0,0.05633188411593437,0.28205128205128205,0.1488192892822891,0.1943826729175019
3. BatteryAgingARC_25-44_B0032,0,0.0532149001955986,0.28205128205128205,0.14740861640610664,0.18966973189031106
3. BatteryAgingARC_25-44_B0032,0,0.08234988898038864,0.28205128205128205,0.16103217080549906,0.22861798009250378
3. BatteryAgingARC_25-44_B0032,0,0.11734004318714142,0.28205128205128205,0.17871722875175927,0.2654371016172007
3. BatteryAgingARC_25-44_B0036,0,0.005819736048579216,0.06666666666666667,0.12729694757555018,0.06957910623991974
3. BatteryAgingARC_25-44_B0038,0,0.8614484071731567,0.6271186440677966,0.7584071014698214,0.7154098564948596
3. BatteryAgingARC_25-44_B0038,0,0.8808847069740295,0.6360856024274837,0.7709497803038737,0.7328846073941085
3. BatteryAgingARC_25-44_B0038,0,0.8965977430343628,0.75,0.7807500679986619,0.7483040285794726
3. BatteryAgingARC_25-44_B0038,0,0.8965977430343628,0.75,0.7807500679986619,0.7483040285794726
3. BatteryAgingARC_25-44_B0038,0,0.8987371921539307,0.75,0.7820608599234938,0.7505104246395752
3. BatteryAgingARC_25-44_B0038,0,0.8642051815986633,0.6271186440677966,0.7602142467022294,0.7177960475020366
3. BatteryAgingARC_25-44_B0038,0,0.8699567914009094,0.6271186440677966,0.7639547097706569,0.722868059136936
3. BatteryAgingARC_25-44_B0038,0,0.8964641690254211,0.75,0.7806680424847966,0.7481671954648415
3. BatteryAgingARC_25-44_B0038,0,0.8964641690254211,0.75,0.7806680424847966,0.7481671954648415
3. BatteryAgingARC_25-44_B0044,0,0.0028277751989662647,0.0,0.12610948560274202,0.04932328300220827
3. BatteryAgingARC_25-44_B0044,0,0.0010467251995578408,0.0,0.12540712458329664,0.030442336620646927
3. BatteryAgingARC_25-44_B0044,0,0.0009883784223347902,0.0,0.12538417218567044,0.029599023315724636
3. BatteryAgingARC_25-44_B0044,0,0.0010440805926918983,0.0,0.1254060841725937,0.030404654502849956
3. BatteryAgingARC_25-44_B0044,0,0.001201132545247674,0.0,0.12546788255814856,0.032561631528971985
3. BatteryAgingARC_25-44_B0044,0,0.0020613365340977907,0.0,0.12580682713422006,0.04234497379237444
3. BatteryAgingARC_25-44_B0044,0,0.0024908208288252354,0.0,0.1259763492365897,0.04639972878556575
3. BatteryAgingARC_25-44_B0044,0,0.0036139385774731636,0.0,0.12642058023504943,0.055480954726944594
3. BatteryAgingARC_25-44_B0044,0,0.006775273941457272,0.06666666666666667,0.1276781926005012,0.07474412249516328
3. BatteryAgingARC_25-44_B0044,0,0.0071910712867975235,0.06666666666666667,0.12784439351169752,0.0768636620372057
3. BatteryAgingARC_25-44_B0044,0,0.007580763194710016,0.0757914896201241,0.12800032723323215,0.07878837540864353
3. BatteryAgingARC_25-44_B0044,0,0.0062220413237810135,0.06666666666666667,0.12745734258785624,0.07180751451297639
3. BatteryAgingARC_25-44_B0044,0,0.015387186780571938,0.14285714285714285,0.13115835088839636,0.10930746458747805
3. BatteryAgingARC_25-44_B0044,0,0.02832125872373581,0.14285714285714285,0.13653616167852972,0.1438819934911186
3. BatteryAgingARC_25-44_B0044,0,0.025355976074934006,0.14285714285714285,0.13528706724877446,0.1369635180786175
3. BatteryAgingARC_25-44_B0044,0,0.049100447446107864,0.28205128205128205,0.14556346879498822,0.18318176221126553
3. BatteryAgingARC_25-44_B0044,0,0.14446787536144257,0.28205128205128205,0.1934482055898343,0.2896187939596641
3. BatteryAgingARC_25-44_B0044,0,0.2275439202785492,0.28205128205128205,0.2442027476097391,0.3505672939318427
3. BatteryAgingARC_25-44_B0044,0,0.28962552547454834,0.28205128205128205,0.28759466775461173,0.38874558152375654
3. BatteryAgingARC_25-44_B0044,0,0.07718970626592636,0.28205128205128205,0.15854725559458102,0.22242277067084945
3. BatteryAgingARC_25-44_B0044,1,0.2860754728317261,0.28205128205128205,0.28499282543064364,0.3866717384363134
3. BatteryAgingARC_25-44_B0044,1,0.3585156500339508,0.28205128205128205,0.34074091347287,0.4271493455544709
3. BatteryAgingARC_25-44_B0044,1,0.4519851803779602,0.328125,0.4195234378793091,0.4757234882054226
3. BatteryAgingARC_25-44_B0044,1,0.5288339853286743,0.328125,0.48773185393785357,0.5145571481589587
3. BatteryAgingARC_25-44_B0044,1,0.5458714962005615,0.328125,0.5030072400657437,0.5231881680459642
3. BatteryAgingARC_25-44_B0044,1,0.5901109576225281,0.328125,0.5425743658082187,0.5458288231877647
3. BatteryAgingARC_25-44_B0044,1,0.5722772479057312,0.328125,0.526660545375826,0.536651094684131
3. BatteryAgingARC_25-44_B0044,1,0.630344569683075,0.328125,0.5781110988774751,0.566901150349336
3. BatteryAgingARC_25-44_B0044,1,0.6077484488487244,0.328125,0.5582282128066106,0.554995186047204
3. BatteryAgingARC_25-44_B0044,1,0.7191018462181091,0.328125,0.6532568139842102,0.6163731149114587
3. BatteryAgingARC_25-44_B0044,1,0.7335581183433533,0.328125,0.6649069539464411,0.6250116152532023
3. BatteryAgingARC_25-44_B0044,1,0.7255926132202148,0.328125,0.6585114012791381,0.620226071552704
3. BatteryAgingARC_25-44_B0044,1,0.8473056554794312,0.6271186440677966,0.7489909415075805,0.7035844601529612
3. BatteryAgingARC_25-44_B0044,1,0.8572465777397156,0.6271186440677966,0.7556348762922831,0.7118258432319653
3. BatteryAgingARC_25-44_B0044,1,0.867442786693573,0.6271186440677966,0.7623247453875454,0.7206351377918895
3. BatteryAgingARC_25-44_B0044,1,0.867442786693573,0.6271186440677966,0.7623247453875454,0.7206351377918895
3. BatteryAgingARC_25-44_B0044,1,0.8629360198974609,0.6271186440677966,0.759383425754504,0.716693991910522
3. BatteryAgingARC_25-44_B0044,1,0.8582186102867126,0.6271186440677966,0.7562780995857167,0.7126494044588128
3. BatteryAgingARC_25-44_B0044,1,0.8651041388511658,0.6271186440677966,0.7608015343836751,0.7185803144908111
3. BatteryAgingARC_25-44_B0044,1,0.867442786693573,0.6271186440677966,0.7623247453875454,0.7206351377918895
3. BatteryAgingARC_25-44_B0044,1,0.751806914806366,0.328125,0.679330149708877,0.6362351342291673
6. BatteryAgingARC_53_54_55_56_B0053,0,0.1145617887377739,0.28205128205128205,0.17725923248666126,0.26277977214715026
6. BatteryAgingARC_53_54_55_56_B0053,0,0.1145617887377739,0.28205128205128205,0.17725923248666126,0.26277977214715026
6. BatteryAgingARC_53_54_55_56_B0053,0,0.1145617887377739,0.28205128205128205,0.17725923248666126,0.26277977214715026
6. BatteryAgingARC_53_54_55_56_B0053,0,0.10955280065536499,0.28205128205128205,0.17465418082991035,0.2578892103251726
6. BatteryAgingARC_53_54_55_56_B0053,0,0.1145617887377739,0.28205128205128205,0.17725923248666126,0.26277977214715026
6. BatteryAgingARC_53_54_55_56_B0053,0,0.102447509765625,0.28205128205128205,0.17101080156608073,0.25071479865602764
6. BatteryAgingARC_53_54_55_56_B0053,0,0.09708451479673386,0.28205128205128205,0.16830096075998505,0.24509758623820624
6. BatteryAgingARC_53_54_55_56_B0053,0,0.09445567429065704,0.28205128205128205,0.1669852067913662,0.2422751653276324
6. BatteryAgingARC_53_54_55_56_B0053,0,0.09445567429065704,0.28205128205128205,0.1669852067913662,0.2422751653276324
6. BatteryAgingARC_53_54_55_56_B0053,0,0.09445567429065704,0.28205128205128205,0.1669852067913662,0.2422751653276324
6. BatteryAgingARC_53_54_55_56_B0053,0,0.08609350025653839,0.28205128205128205,0.16285455731578236,0.23296516449128546
6. BatteryAgingARC_53_54_55_56_B0053,0,0.08822636306285858,0.28205128205128205,0.16390024099572212,0.23539040044599985
6. BatteryAgingARC_53_54_55_56_B0053,0,0.08416742831468582,0.28205128205128205,0.16191488091447892,0.23074332020820262
6. BatteryAgingARC_53_54_55_56_B0053,0,0.08813204616308212,0.28205128205128205,0.16385388617422297,0.23528391588888672
6. BatteryAgingARC_53_54_55_56_B0053,0,0.08700835704803467,0.28205128205128205,0.16330242671485548,0.2340098734797316
6. BatteryAgingARC_53_54_55_56_B0053,0,0.09566441178321838,0.28205128205128205,0.16758916461035836,0.24357876568260486
6. BatteryAgingARC_53_54_55_56_B0053,0,0.07762108743190765,0.28205128205128205,0.15875379178146584,0.22295022183823385
6. BatteryAgingARC_53_54_55_56_B0053,0,0.08367720991373062,0.28205128205128205,0.16167641660984097,0.2301728705978741
6. BatteryAgingARC_53_54_55_56_B0053,0,0.08367720991373062,0.28205128205128205,0.16167641660984097,0.2301728705978741
6. BatteryAgingARC_53_54_55_56_B0053,0,0.0740104541182518,0.28205128205128205,0.15703181797155719,0.21847856030934382
6. BatteryAgingARC_53_54_55_56_B0053,0,0.0561777725815773,0.28205128205128205,0.14874928108075053,0.19415346739789352
6. BatteryAgingARC_53_54_55_56_B0053,0,0.09849588572978973,0.28205128205128205,0.16901076731089237,0.24659374991366945
6. BatteryAgingARC_53_54_55_56_B0053,0,0.16147319972515106,0.28205128205128205,0.20314346223598184,0.3034393800458369
6. BatteryAgingARC_53_54_55_56_B0053,0,0.24346426129341125,0.28205128205128205,0.2548956636570243,0.36079220675357815
6. BatteryAgingARC_53_54_55_56_B0053,0,0.22903893887996674,0.28205128205128205,0.24519384111047574,0.35154250796007364
6. BatteryAgingARC_53_54_55_56_B0053,0,0.2978854179382324,0.28205128205128205,0.2937028101162652,0.39352870538362894
6. BatteryAgingARC_53_54_55_56_B0053,0,0.3069155812263489,0.28205128205128205,0.3004664696957337,0.39869421263481164
6. BatteryAgingARC_53_54_55_56_B0053,0,0.23525400459766388,0.28205128205128205,0.24934303454385814,0.35556246700611155
6. BatteryAgingARC_53_54_55_56_B0053,0,0.3293929398059845,0.28205128205128205,0.31768005206149763,0.41129250600242717
6. BatteryAgingARC_53_54_55_56_B0053,0,0.315284788608551,0.28205128205128205,0.3068136721052785,0.40342625675935306
6. BatteryAgingARC_53_54_55_56_B0053,0,0.28309762477874756,0.28205128205128205,0.28282130659371746,0.3849234350820826
6. BatteryAgingARC_53_54_55_56_B0053,0,0.34986817836761475,0.28205128205128205,0.33380806120925255,0.4224894029615778
6. BatteryAgingARC_53_54_55_56_B0053,0,0.3705846071243286,0.28205128205128205,0.35053138219035124,0.43359254956596444
6. BatteryAgingARC_53_54_55_56_B0053,0,0.3104645013809204,0.28205128205128205,0.303148826132819,0.400707096283568
6. BatteryAgingARC_53_54_55_56_B0053,0,0.34473323822021484,0.28205128205128205,0.32972478192434207,0.4197037863742389
6. BatteryAgingARC_53_54_55_56_B0053,0,0.31623971462249756,0.28205128205128205,0.30754262347033506,0.40396296297811546
6. BatteryAgingARC_53_54_55_56_B0053,0,0.32073429226875305,0.28205128205128205,0.31098647550339276,0.4064805670981281
6. BatteryAgingARC_53_54_55_56_B0053,0,0.29546812176704407,0.28205128205128205,0.2919073999382947,0.39213484033593976
6. BatteryAgingARC_53_54_55_56_B0053,0,0.3345336616039276,0.28205128205128205,0.32169028259552634,0.414126824277051
6. BatteryAgingARC_53_54_55_56_B0053,0,0.37379464507102966,0.28205128205128205,0.353157145544038,0.43529525943906205
6. BatteryAgingARC_53_54_55_56_B0053,0,0.3293929398059845,0.28205128205128205,0.31768005206149763,0.41129250600242717
6. BatteryAgingARC_53_54_55_56_B0053,0,0.3345336616039276,0.28205128205128205,0.32169028259552634,0.414126824277051
6. BatteryAgingARC_53_54_55_56_B0053,0,0.25028353929519653,0.28205128205128205,0.2595689756363683,0.3650701611008166
6. BatteryAgingARC_53_54_55_56_B0053,0,0.2594006657600403,0.28205128205128205,0.2659033193250904,0.3707025037316425
6. BatteryAgingARC_53_54_55_56_B0053,0,0.27733275294303894,0.28205128205128205,0.2786460335848898,0.3815154689763031
6. BatteryAgingARC_53_54_55_56_B0053,0,0.2594006657600403,0.28205128205128205,0.2659033193250904,0.3707025037316425
6. BatteryAgingARC_53_54_55_56_B0053,0,0.3073534667491913,0.28205128205128205,0.30079670101807393,0.39894308477881396
6. BatteryAgingARC_53_54_55_56_B0053,0,0.3397803008556366,0.28205128205128205,0.32581041518590964,0.4170031031030849
6. BatteryAgingARC_53_54_55_56_B0053,0,0.3334310054779053,0.28205128205128205,0.3208278673459115,0.41352024592454734
6. BatteryAgingARC_53_54_55_56_B0053,0,0.30859488248825073,0.28205128205128205,0.3017340375660854,0.39964785662925306
6. BatteryAgingARC_53_54_55_56_B0053,0,0.33195391297340393,0.28205128205128205,0.3196745106606956,0.4127065261717467
6. BatteryAgingARC_53_54_55_56_B0053,0,0.35483643412590027,0.28205128205128205,0.33778266486283837,0.4251713298831414
6. BatteryAgingARC_53_54_55_56_B0053,0,0.28746017813682556,0.28205128205128205,0.2860059944568027,0.38748197532186374
6. BatteryAgingARC_53_54_55_56_B0053,0,0.29673606157302856,0.28205128205128205,0.29284833866669974,0.39286656276588566
6. BatteryAgingARC_53_54_55_56_B0053,0,0.36309170722961426,0.28205128205128205,0.3444376280058847,0.42960031103828855
6. BatteryAgingARC_53_54_55_56_B0054,0,0.06646619737148285,0.28205128205128205,0.15348291518902146,0.2086830505547522
6. BatteryAgingARC_53_54_55_56_B0054,0,0.17319372296333313,0.28205128205128205,0.21003373420279503,0.3124854167890548
6. BatteryAgingARC_53_54_55_56_B0054,0,0.3411703407764435,0.28205128205128205,0.3269065596848163,0.41776245143413804
6. BatteryAgingARC_53_54_55_56_B0054,0,0.3490753769874573,0.28205128205128205,0.33317598100585616,0.42206024715039075
6. BatteryAgingARC_53_54_55_56_B0054,0,0.3411703407764435,0.28205128205128205,0.3269065596848163,0.41776245143413804
6. BatteryAgingARC_53_54_55_56_B0054,0,0.3403032720088959,0.28205128205128205,0.32622259206489773,0.41728892084534314
6. BatteryAgingARC_53_54_55_56_B0054,0,0.3582814931869507,0.28205128205128205,0.34055226806226274,0.42702365795340425
6. BatteryAgingARC_53_54_55_56_B0054,0,0.3582814931869507,0.28205128205128205,0.34055226806226274,0.42702365795340425
6. BatteryAgingARC_53_54_55_56_B0054,0,0.3403032720088959,0.28205128205128205,0.32622259206489773,0.41728892084534314
6. BatteryAgingARC_53_54_55_56_B0054,0,0.3490753769874573,0.28205128205128205,0.33317598100585616,0.42206024715039075
6. BatteryAgingARC_53_54_55_56_B0054,0,0.3490753769874573,0.28205128205128205,0.33317598100585616,0.42206024715039075
6. BatteryAgingARC_53_54_55_56_B0054,0,0.3490753769874573,0.28205128205128205,0.33317598100585616,0.42206024715039075
6. BatteryAgingARC_53_54_55_56_B0054,0,0.3034382164478302,0.28205128205128205,0.29785137897023534,0.3967126437451368
6. BatteryAgingARC_53_54_55_56_B0054,0,0.33409547805786133,0.28205128205128205,0.32134742217732815,0.4138858648533023
6. BatteryAgingARC_53_54_55_56_B0054,0,0.3411703407764435,0.28205128205128205,0.3269065596848163,0.41776245143413804
6. BatteryAgingARC_53_54_55_56_B0054,0,0.30425238609313965,0.28205128205128205,0.2984624853328851,0.39717743324890664
6. BatteryAgingARC_53_54_55_56_B0054,0,0.3132815361022949,0.28205128205128205,0.3052876066000665,0.4022982440039166
6. BatteryAgingARC_53_54_55_56_B0054,0,0.3067348897457123,0.28205128205128205,0.30033026153145853,0.3985914742866858
6. BatteryAgingARC_53_54_55_56_B0054,0,0.31368136405944824,0.28205128205128205,0.30559185316479187,0.40252361277765014
6. BatteryAgingARC_53_54_55_56_B0054,0,0.3132815361022949,0.28205128205128205,0.3052876066000665,0.4022982440039166
6. BatteryAgingARC_53_54_55_56_B0054,0,0.29611846804618835,0.28205128205128205,0.2923898002480036,0.39251031872652953
6. BatteryAgingARC_53_54_55_56_B0054,0,0.3067348897457123,0.28205128205128205,0.30033026153145853,0.3985914742866858
6. BatteryAgingARC_53_54_55_56_B0054,0,0.29599225521087646,0.28205128205128205,0.29229614414342286,0.3924374770270136
6. BatteryAgingARC_53_54_55_56_B0054,0,0.29033803939819336,0.28205128205128205,0.28811857453203465,0.38916047565776335
6. BatteryAgingARC_53_54_55_56_B0054,0,0.32992151379585266,0.28205128205128205,0.31809115530829896,0.4115846892949663
