cell,y,p_raw,p_iso,p_platt,p_temp
calce_CX2_36,0,0.0030846172012388706,0.6548117154811716,0.7449906121923323,0.16684961835532036
calce_CX2_36,0,0.020855242386460304,0.7351664254703327,0.750491780197317,0.2551707018559075
calce_CX2_36,0,0.018319901078939438,0.7351664254703327,0.7497117930706683,0.24824106770073837
calce_CX2_36,0,0.031676169484853745,0.7351664254703327,0.7538025127692798,0.27852121599191854
calce_CX2_36,0,0.021937672048807144,0.7351664254703327,0.7508242904765083,0.25791529422491
calce_CX2_36,0,0.006553262937813997,0.6548117154811716,0.7460706237073678,0.19822307393438426
calce_CX2_36,0,0.00569889135658741,0.6548117154811716,0.7458048834132648,0.19207960093466755
calce_CX2_36,0,0.005410529673099518,0.6548117154811716,0.7457151511915852,0.1898345880603532
calce_CX2_36,0,0.019002974033355713,0.7351664254703327,0.7499220973636112,0.2501835585624279
calce_CX2_36,0,0.019002974033355713,0.7351664254703327,0.7499220973636112,0.2501835585624279
calce_CX2_36,0,0.012791097164154053,0.7351664254703327,0.7480052547902739,0.22977947472249596
calce_CX2_36,0,0.005410529673099518,0.6548117154811716,0.7457151511915852,0.1898345880603532
calce_CX2_36,0,0.00569889135658741,0.6548117154811716,0.7458048834132648,0.19207960093466755
calce_CX2_36,0,0.010050389915704727,0.6548117154811716,0.7471564443261687,0.21798653630804854
calce_CX2_36,0,0.012791097164154053,0.7351664254703327,0.7480052547902739,0.22977947472249596
calce_CX2_36,0,0.006744887214154005,0.6548117154811716,0.7461302005835312,0.19950955909014514
calce_CX2_36,0,0.019002974033355713,0.7351664254703327,0.7499220973636112,0.2501835585624279
calce_CX2_36,0,0.7688416242599487,0.7351664254703327,0.9112383837752851,0.5828450677813866
calce_CX2_36,0,0.005928562022745609,0.6548117154811716,0.7458763372641202,0.19380182484702574
calce_CX2_36,0,0.00569889135658741,0.6548117154811716,0.7458048834132648,0.19207960093466755
calce_CX2_36,0,0.005928562022745609,0.6548117154811716,0.7458763372641202,0.19380182484702574
calce_CX2_36,0,0.019002974033355713,0.7351664254703327,0.7499220973636112,0.2501835585624279
calce_CX2_36,0,0.00569889135658741,0.6548117154811716,0.7458048834132648,0.19207960093466755
calce_CX2_36,0,0.005797348916530609,0.6548117154811716,0.7458355165993623,0.1928247640503478
calce_CX2_36,0,0.0029294199775904417,0.6548117154811716,0.7449422188139184,0.1648560259617916
calce_CX2_36,0,0.0029647916089743376,0.6548117154811716,0.7449532488772534,0.16531779346986836
calce_CX2_36,0,0.003284350037574768,0.6548117154811716,0.7450528837147401,0.1692989089035782
calce_CX2_36,0,0.0013340134173631668,0.6548117154811716,0.7444443913571596,0.1368272197615688
calce_CX2_36,0,0.0025711713824421167,0.6548117154811716,0.7448304871862704,0.1599050549272887
calce_CX2_36,0,0.006481928750872612,0.6548117154811716,0.7460484432223482,0.1977362369937512
calce_CX2_36,0,0.0029294199775904417,0.6548117154811716,0.7449422188139184,0.1648560259617916
calce_CX2_36,0,0.003334169276058674,0.6548117154811716,0.745068414503496,0.16989093356559
calce_CX2_36,0,0.002621405990794301,0.6548117154811716,0.7448461564434654,0.16063166865057543
calce_CX2_36,0,0.0036294336896389723,0.6548117154811716,0.7451604482816743,0.17325915317320326
calce_CX2_36,0,0.006902311462908983,0.6548117154811716,0.7461791376120009,0.20054407471628624
calce_CX2_36,0,0.0026854516472667456,0.6548117154811716,0.7448661327468759,0.16154190985358244
calce_CX2_36,0,0.026275983080267906,0.7351664254703327,0.7521539972490571,0.2678860297104321
calce_CX2_36,0,0.006006880197674036,0.6548117154811716,0.7459007001479294,0.19437656450132537
calce_CX2_36,0,0.006006880197674036,0.6548117154811716,0.7459007001479294,0.19437656450132537
calce_CX2_36,0,0.0014346301322802901,0.6548117154811716,0.7444758064398459,0.13923830440431992
calce_CX2_36,0,0.0013933827867731452,0.6548117154811716,0.7444629282823223,0.13826672003033272
calce_CX2_36,0,0.003228513989597559,0.6548117154811716,0.745035476489292,0.16862665365563215
calce_CX2_36,0,0.0013206172734498978,0.6548117154811716,0.7444402085509566,0.1364953741339407
calce_CX2_36,1,0.0013206172734498978,0.6548117154811716,0.7444402085509566,0.1364953741339407
calce_CX2_36,1,0.003862381912767887,0.6548117154811716,0.7452330427027047,0.17576250904617122
calce_CX2_36,1,0.0030080988071858883,0.6548117154811716,0.7449667530898456,0.16587711859900062
calce_CX2_36,1,0.0013516948092728853,0.6548117154811716,0.7444499121185173,0.1372611797637701
calce_CX2_36,1,0.0034268980380147696,0.6548117154811716,0.7450973203697454,0.17097399516570244
calce_CX2_36,1,0.0013933827867731452,0.6548117154811716,0.7444629282823223,0.13826672003033272
calce_CX2_36,1,0.003108319826424122,0.6548117154811716,0.7449980025797328,0.16714689435484786
calce_CX2_36,1,0.006382194813340902,0.6548117154811716,0.7460174300430725,0.19704812338901964
calce_CX2_36,1,0.0029760978650301695,0.6548117154811716,0.7449567744816803,0.16546445234123944
calce_CX2_36,1,0.02669312246143818,0.7351664254703327,0.7522816008183916,0.26877004534383164
calce_CX2_36,1,0.011030755005776882,0.6774193548387096,0.7474602853650881,0.22248222499221612
calce_CX2_36,1,0.020373864099383354,0.7351664254703327,0.7503438110559256,0.2539115371390501
calce_CX2_36,1,0.012389442883431911,0.6774193548387096,0.7478809787376267,0.2281918457034156
calce_CX2_36,1,0.014392620883882046,0.7351664254703327,0.7485003790117565,0.23572276618492247
calce_CX2_36,1,0.028665829449892044,0.7351664254703327,0.7528844577343103,0.27279973302822697
calce_CX2_36,1,0.03025132790207863,0.7351664254703327,0.7533682692538364,0.2758728583837891
calce_CX2_36,1,0.014866100624203682,0.7351664254703327,0.7486466353874851,0.23737372817713612
calce_CX2_36,1,0.031556978821754456,0.7351664254703327,0.7537662072276856,0.27830355454189
calce_CX2_36,1,0.014978972263634205,0.7351664254703327,0.7486814927348339,0.23776079436049394
calce_CX2_36,1,0.010392957367002964,0.6548117154811716,0.7472626425129667,0.2195973532806139
calce_CX2_36,1,0.027949508279561996,0.7351664254703327,0.7526656648512468,0.2713642361733673
calce_CX2_36,1,0.012584344483911991,0.7351664254703327,0.7479412884133393,0.22896751845403787
calce_CX2_36,1,0.017499003559350967,0.7351664254703327,0.7494588995703384,0.24582459911061783
calce_CX2_36,1,0.016520434990525246,0.7351664254703327,0.7491572102556175,0.24281658829671798
calce_CX2_36,1,0.030580878257751465,0.7351664254703327,0.7534687508358293,0.27649456651891463
calce_CX2_36,1,0.03888823837041855,0.7351664254703327,0.7559925989119736,0.290565340813112
calce_CX2_36,1,0.015370305627584457,0.7351664254703327,0.7488023205705208,0.23908415057403198
calce_CX2_36,1,0.022008748725056648,0.7351664254703327,0.7508461140741982,0.25809150557731086
calce_CX2_36,1,0.03213042765855789,0.7351664254703327,0.7539408470077864,0.27934450820612605
calce_CX2_36,1,0.17524273693561554,0.7351664254703327,0.7948841336587651,0.3938699791448504
calce_CX2_36,1,0.041873782873153687,0.7351664254703327,0.7568953473260824,0.29500710893276183
calce_CX2_36,1,0.018952777609229088,0.7351664254703327,0.7499066469141848,0.2500428235144764
calce_CX2_36,1,0.0027047856710851192,0.6548117154811716,0.7448721629666574,0.16181324271512892
calce_CX2_36,1,0.002736483933404088,0.6548117154811716,0.7448820493498529,0.16225472053948886
calce_CX2_36,1,0.0025186697021126747,0.6548117154811716,0.7448141101043985,0.15913329128597456
calce_CX2_36,1,0.01410614512860775,0.7351664254703327,0.7484118601348184,0.23470167905963157
calce_CX2_36,1,0.007049405016005039,0.6548117154811716,0.7462248576065903,0.2014932531536684
calce_CX2_36,1,0.026883261278271675,0.7351664254703327,0.7523397499488532,0.2691691471540318
calce_CX2_36,1,0.07022731006145477,0.7351664254703327,0.7653552566058257,0.3276303817914494
calce_CX2_36,1,0.00896838866174221,0.6548117154811716,0.7468208229096766,0.21258001675389268
calce_CX2_36,1,0.010606926865875721,0.6548117154811716,0.7473289595010585,0.22058120704705783
calce_CX2_36,1,0.06723766028881073,0.7351664254703327,0.764472934635424,0.32477289020505323
calce_CX2_36,1,0.266804963350296,0.7351664254703327,0.8183034856715621,0.4301257008285256
calce_CX2_36,1,0.16187238693237305,0.7351664254703327,0.791283195714485,0.38754662751887375
calce_CX2_36,1,0.03702970966696739,0.7351664254703327,0.7554294844855213,0.28765374978496405
calce_CX2_36,1,0.06533338129520416,0.7351664254703327,0.7639097377983887,0.3228977884166239
calce_CX2_36,1,0.06285014003515244,0.7351664254703327,0.7631739141698994,0.320383663845391
calce_CX2_36,1,0.06840237975120544,0.7351664254703327,0.7648169458146973,0.32589831375344286
calce_CX2_36,1,0.14546360075473785,0.7351664254703327,0.7868006213878486,0.3792391917525622
calce_CX2_36,1,0.08428256213665009,0.7351664254703327,0.7694725426190031,0.33986199357691577
calce_CX2_36,1,0.06860020011663437,0.7351664254703327,0.7648753393960257,0.32608789106201497
calce_CX2_36,1,0.020620813593268394,0.7351664254703327,0.7504197272869136,0.2545605777412103
calce_CX2_36,1,0.020620813593268394,0.7351664254703327,0.7504197272869136,0.2545605777412103
calce_CX2_36,1,0.02768845669925213,0.7351664254703327,0.7525858970214646,0.2708333999434835
calce_CX2_36,1,0.27488771080970764,0.7351664254703327,0.8202675316410907,0.4329200495491933
calce_CX2_36,1,0.042533066123723984,0.7351664254703327,0.757094390976779,0.29595204765065575
calce_CX2_36,1,0.19329026341438293,0.7351664254703327,0.7996713202582446,0.4018803959887335
calce_CX2_36,1,0.2580909729003906,0.7351664254703327,0.8161673929595701,0.42705721567277255
calce_CX2_36,1,0.07947772741317749,0.7351664254703327,0.768070749985855,0.33588157625787424
calce_CX2_36,1,0.19133664667606354,0.7351664254703327,0.7991571830206206,0.4010392942633012
calce_CX2_36,1,0.1897592842578888,0.7351664254703327,0.7987413450357438,0.40035581697933476
calce_CX2_36,1,0.17787139117717743,0.7351664254703327,0.795586642262088,0.3950719518951904
calce_CX2_36,1,0.4033392071723938,0.7351664254703327,0.8492817506846567,0.47278275292342886
calce_CX2_36,1,0.14183606207370758,0.7351664254703327,0.7858002263883721,0.37730898610164243
calce_CX2_36,1,0.1139443889260292,0.7351664254703327,0.777994449101782,0.36104628054988064
calce_CX2_36,1,0.1804267317056656,0.7351664254703327,0.7962678424910014,0.3962283274462396
calce_CX2_36,1,0.10102444887161255,0.7351664254703327,0.7743104457633828,0.35243606706053787
calce_CX2_36,1,0.6813970804214478,0.7351664254703327,0.8989247577120638,0.552695711145926
calce_CX2_36,1,0.1483323872089386,0.7351664254703327,0.7875893542232868,0.38074021308831874
calce_CX2_36,1,0.08873165398836136,0.7351664254703327,0.770765247675894,0.3433868792088528
calce_CX2_36,1,0.07624661922454834,0.7351664254703327,0.7671247459772682,0.3330932463288108
calce_CX2_36,1,0.9329712986946106,0.7351664254703327,0.9307471809219389,0.6754307140213578
calce_CX2_36,1,0.2934038043022156,0.7351664254703327,0.824704229576524,0.4391515331626555
calce_CX2_36,1,0.39840975403785706,0.7351664254703327,0.8482432401770919,0.47135917039122643
calce_CX2_36,1,0.1379459649324417,0.7351664254703327,0.7847236341823853,0.37519718859720175
calce_CX2_36,1,0.1379459649324417,0.7351664254703327,0.7847236341823853,0.37519718859720175
calce_CX2_36,1,0.2580130398273468,0.7351664254703327,0.8161482014526837,0.4270294979105018
calce_CX2_36,1,0.6046839952468872,0.7351664254703327,0.8868970803621823,0.5295370629054197
calce_CX2_36,1,0.2212720662355423,0.7351664254703327,0.8069271465505913,0.41333771655364066
calce_CX2_36,1,0.3506290912628174,0.7351664254703327,0.8378707067429315,0.457226462359863
calce_CX2_36,1,0.40268072485923767,0.7351664254703327,0.8491433642256296,0.4725928958118964
calce_CX2_36,1,0.08747561275959015,0.7351664254703327,0.7704008154893783,0.34240650614840973
calce_CX2_36,1,0.2236567586660385,0.7351664254703327,0.807536169840202,0.41426842852561657
calce_CX2_36,1,0.35574257373809814,0.7351664254703327,0.8390075247320695,0.45877288206275463
calce_CX2_36,1,0.2113492637872696,0.7351664254703327,0.804377239090997,0.4093925295183852
calce_CX2_36,1,0.39883583784103394,0.7351664254703327,0.8483332366806651,0.4714824320789028
calce_CX2_36,1,0.22656580805778503,0.7351664254703327,0.8082771252914208,0.4153950944607788
calce_CX2_36,1,0.25417494773864746,0.7351664254703327,0.8152011260975093,0.42565817758257596
calce_CX2_36,1,0.3244367837905884,0.7351664254703327,0.8319460067759755,0.4491450658543675
calce_CX2_36,1,0.41596826910972595,0.7351664254703327,0.8519157061125109,0.47640696167398877
calce_CX2_36,1,0.9700613021850586,0.7351664254703327,0.9345694608254587,0.7247222109961341
calce_CX2_36,1,0.9700613021850586,0.7351664254703327,0.9345694608254587,0.7247222109961341
calce_CX2_36,1,0.9728154540061951,0.7351664254703327,0.9348453247352092,0.7302032862469034
calce_CX2_36,1,0.9814109206199646,0.7351664254703327,0.9356993280800232,0.7509863184490945
calce_CX2_36,1,0.9810225367546082,0.7351664254703327,0.9356609660526372,0.7498879266719349
calce_CX2_36,1,0.2775798738002777,0.7351664254703327,0.8209180154653204,0.43384031449403654
calce_CX2_36,1,0.4592345952987671,0.7351664254703327,0.8606519789270157,0.4886314438058349
calce_CX2_36,1,0.36534634232521057,0.7351664254703327,0.84112519171196,0.46165290043030355
calce_CX2_36,1,0.11695244908332825,0.7351664254703327,0.7788459757888128,0.3629396935156407
calce_CX2_36,1,0.41938358545303345,0.7351664254703327,0.8526214506229499,0.47738186929931764
calce_CX2_36,1,0.5537882447242737,0.7351664254703327,0.8782433572980022,0.5150232449040617
calce_CX2_36,1,0.20223768055438995,0.7351664254703327,0.8020134207847521,0.40565940021769875
calce_CX2_36,1,0.2725452184677124,0.7351664254703327,0.8197000357774756,0.4321151299538956
calce_CX2_36,1,0.24004074931144714,0.7351664254703327,0.811680898506278,0.42049638491075686
calce_CX2_36,1,0.5626187920570374,0.7351664254703327,0.8797846364088854,0.5175120297512961
calce_CX2_36,1,0.5142781734466553,0.7351664254703327,0.8711375713086636,0.5039747053025267
calce_CX2_36,1,0.5346433520317078,0.7351664254703327,0.8748433122966243,0.5096557422090162
calce_CX2_36,1,0.8265352845191956,0.7351664254703327,0.9186047079750884,0.6069503687156501
calce_CX2_36,1,0.9491880536079407,0.7351664254703327,0.9324431779402503,0.693117674872346
calce_CX2_36,1,0.8592469692230225,0.7351664254703327,0.9225297528924036,0.6232745043179313
calce_CX2_36,1,0.898894727230072,0.7351664254703327,0.9270542813568943,0.6475074244790112
calce_CX2_36,1,0.9938250780105591,0.8843537414965986,0.9369143492307573,0.804410772043158
calce_CX2_36,1,0.9944475889205933,0.8843537414965986,0.9369747095479167,0.8090488393089612
calce_CX2_36,1,0.9887748956680298,0.7351664254703327,0.9364226737430983,0.7766663225264939
calce_CX2_36,1,0.9859536290168762,0.7351664254703327,0.936146448117214,0.7655135572952453
calce_CX2_36,1,0.993370532989502,0.8843537414965986,0.936870241281464,0.8012616557566205
calce_CX2_36,1,0.9870350956916809,0.7351664254703327,0.9362524646842723,0.7695463842198045
calce_CX2_36,1,0.9886060357093811,0.7351664254703327,0.9364061723233087,0.7759364512524833
calce_CX2_36,1,0.9967605471611023,0.9192245557350566,0.9371985085336643,0.8312409052989891
calce_CX2_36,1,0.993354320526123,0.8843537414965986,0.936868667532142,0.8011526621416883
calce_CX2_36,1,0.9970032572746277,0.9192245557350566,0.9372219498347117,0.8342689140638395
calce_CX2_36,1,0.9931796789169312,0.8843537414965986,0.936851712691876,0.7999922683875572
calce_CX2_36,1,0.996618390083313,0.9192245557350566,0.9371847750011599,0.8295519496914765
calce_CX2_36,1,0.9965960383415222,0.9192245557350566,0.9371826153858028,0.8292916613603825
calce_CX2_36,1,0.996618390083313,0.9192245557350566,0.9371847750011599,0.8295519496914765
calce_CX2_36,1,0.9983214735984802,0.9192245557350566,0.9373491225957077,0.8554331775883596
calce_CX2_36,1,0.9993306398391724,0.9485235434956105,0.9374463177470169,0.8843217360462078
calce_CX2_36,1,0.9993405938148499,0.9485235434956105,0.9374472757363749,0.8847478871338694
calce_CX2_36,1,0.9989890456199646,0.9485235434956105,0.9374134337775303,0.8720446824667043
calce_CX2_36,1,0.998874843120575,0.9192245557350566,0.9374024363416547,0.8686804001447288
calce_CX2_36,1,0.9994039535522461,0.9485235434956105,0.9374533732758237,0.8875856268013511
calce_CX2_36,1,0.9990264177322388,0.9485235434956105,0.9374170322336964,0.8732110225073303
calce_CX2_36,1,0.9990264177322388,0.9485235434956105,0.9374170322336964,0.8732110225073303
calce_CX2_36,1,0.9988477230072021,0.9192245557350566,0.9373998244726586,0.8679215321963202
calce_CX2_36,1,0.9990066885948181,0.9485235434956105,0.9374151325942949,0.8725909695312072
calce_CX2_36,1,0.9990955591201782,0.9485235434956105,0.937423689155515,0.8754656084945283
calce_CX2_36,1,0.9973944425582886,0.9192245557350566,0.9372597139053265,0.8395963474623485
calce_CX2_36,1,0.9989487528800964,0.9485235434956105,0.9374095538859842,0.8708248283586152
calce_CX2_36,1,0.9991855025291443,0.9485235434956105,0.9374323479036457,0.8786118965682237
calce_CX2_36,1,0.9991855025291443,0.9485235434956105,0.9374323479036457,0.8786118965682237
calce_CX2_36,1,0.998948872089386,0.9485235434956105,0.9374095653652844,0.8708283823368996
calce_CX2_36,1,0.9991294741630554,0.9485235434956105,0.9374269542488634,0.8766216826087111
calce_CX2_36,1,0.9990471005439758,0.9485235434956105,0.9374190236407928,0.873871813575143
calce_CX2_36,1,0.9993764758110046,0.9485235434956105,0.9374507289735933,0.8863272523245982
calce_CX2_36,1,0.9996916055679321,0.9485235434956105,0.9374810490147713,0.9046315815544685
calce_CX2_36,1,0.9996347427368164,0.9485235434956105,0.9374755790023125,0.9004889123088408
calce_CX2_36,1,0.9995562434196472,0.9485235434956105,0.9374680268989624,0.8955255137183719
calce_CX2_36,1,0.999645471572876,0.9485235434956105,0.937476611114322,0.901230217948684
calce_CX2_36,1,0.9993539452552795,0.9485235434956105,0.9374485606826363,0.885327492917792
calce_CX2_36,1,0.9990241527557373,0.9485235434956105,0.9374168141509405,0.8731393357656724
calce_CX2_36,1,0.9988583326339722,0.9192245557350566,0.9374008462708819,0.868216702510913
calce_CX2_36,1,0.9996347427368164,0.9485235434956105,0.9374755790023125,0.9004889123088408
calce_CX2_36,1,0.9996347427368164,0.9485235434956105,0.9374755790023125,0.9004889123088408
calce_CX2_36,1,0.9985268115997314,0.9192245557350566,0.9373689105902142,0.8598733944381084
calce_CX2_36,1,0.9996347427368164,0.9485235434956105,0.9374755790023125,0.9004889123088408
calce_CX2_36,1,0.9996707439422607,0.9485235434956105,0.9374790422486571,0.9030478171274132
calce_CX2_36,1,0.9992714524269104,0.9485235434956105,0.937440621156267,0.8818858009687077
calce_CX2_36,1,0.9980827569961548,0.9192245557350566,0.9373261106414933,0.8507877159801577
calce_CX2_36,1,0.9996310472488403,0.9485235434956105,0.937475223493383,0.9002374891689231
calce_CX2_36,1,0.9996347427368164,0.9485235434956105,0.9374755790023125,0.9004889123088408
calce_CX2_36,1,0.9996777772903442,0.9485235434956105,0.9374797188222358,0.9035728537573654
calce_CX2_36,1,0.9996914863586426,0.9485235434956105,0.9374810375477072,0.9046222988997379
calce_CX2_36,1,0.9997038245201111,0.9485235434956105,0.9374822243784348,0.9055981434715615
calce_CX2_36,1,0.9990666508674622,0.9485235434956105,0.9374209059539387,0.874506933468896
calce_CX2_36,1,0.9991088509559631,0.9485235434956105,0.9374249688156152,0.8759145450399668
calce_CX2_36,1,0.9996914863586426,0.9485235434956105,0.9374810375477072,0.9046222988997379
calce_CX2_36,1,0.9978901743888855,0.9192245557350566,0.937307540193491,0.8473673480999762
calce_CX2_36,1,0.9994745850563049,0.9485235434956105,0.9374601699730745,0.8910426464491247
calce_CX2_36,1,0.9996349811553955,0.9485235434956105,0.9374756019383078,0.9005052008872255
calce_CX2_36,1,0.999854326248169,0.9485235434956105,0.9374966997273736,0.9211850506872146
calce_CX2_36,1,0.998956561088562,0.9485235434956105,0.9374103057759925,0.8710582914445409
calce_CX2_36,1,0.9988717436790466,0.9192245557350566,0.9374021378474879,0.8685929424332373
calce_CX2_36,1,0.9980510473251343,0.9192245557350566,0.9373230532791776,0.8502061034624162
calce_CX2_36,1,0.9996591806411743,0.9485235434956105,0.9374779299009717,0.90220321840536
calce_CX2_36,1,0.9996591806411743,0.9485235434956105,0.9374779299009717,0.90220321840536
calce_CX2_36,1,0.9996743202209473,0.9485235434956105,0.9374793862699747,0.9033136866896049
calce_CX2_36,1,0.997007429599762,0.9192245557350566,0.9372223527326488,0.8343226804216677
calce_CX2_36,1,0.9992546439170837,0.9485235434956105,0.937439003305067,0.881222485237386
calce_CX2_36,1,0.9993440508842468,0.9485235434956105,0.9374476084480381,0.8848970734143066
calce_CX2_36,1,0.9988849759101868,0.9485235434956105,0.9374034121786988,0.8689676599698666
calce_CX2_36,1,0.9990159273147583,0.9485235434956105,0.9374160221602305,0.8728801017588289
calce_CX2_36,1,0.999099612236023,0.9485235434956105,0.9374240793683579,0.8756019485818214
calce_CX2_36,1,0.9995682835578918,0.9485235434956105,0.9374691852874748,0.8962398982685965
calce_CX2_36,1,0.9988849759101868,0.9485235434956105,0.9374034121786988,0.8689676599698666
calce_CX2_36,1,0.9989014863967896,0.9485235434956105,0.9374050021886473,0.869440191981031
calce_CX2_36,1,0.9990512728691101,0.9485235434956105,0.937419425358399,0.8740064868592428
calce_CX2_36,1,0.9994838237762451,0.9485235434956105,0.9374610589415673,0.8915213002641519
calce_CX2_36,1,0.9994015693664551,0.9485235434956105,0.9374531438394167,0.8874746595417934
calce_CX2_36,1,0.9993323683738708,0.9485235434956105,0.9374464841054329,0.8843953796829058
calce_CX2_36,1,0.9992832541465759,0.9485235434956105,0.9374417570710113,0.8823587629125058
calce_CX2_36,1,0.9989044666290283,0.9485235434956105,0.9374052891900375,0.8695260858668107
calce_CX2_36,1,0.9989581108093262,0.9485235434956105,0.9374104550050679,0.8711047921389127
calce_CX2_36,1,0.9992243051528931,0.9485235434956105,0.9374360830421763,0.8800544541230708
calce_CX2_36,1,0.9991239905357361,0.9485235434956105,0.937426426335934,0.8764323777000034
calce_CX2_36,1,0.9996321201324463,0.9485235434956105,0.9374753267058473,0.900310280719687
calce_CX2_36,1,0.9998350143432617,0.9485235434956105,0.9374948424714202,0.9186322426180618
calce_CX2_36,1,0.9993354678153992,0.9485235434956105,0.937446782402248,0.8845278060961127
calce_CX2_36,1,0.9994838237762451,0.9485235434956105,0.9374610589415673,0.8915213002641519
calce_CX2_36,1,0.9988631010055542,0.9192245557350566,0.9374013055009689,0.8683500729109743
calce_CX2_36,1,0.9990399479866028,0.9485235434956105,0.9374183349764401,0.8736420260495551
calce_CX2_36,1,0.998877227306366,0.9423553355460202,0.937402665951648,0.8687478054742421
calce_CX2_36,1,0.9996527433395386,0.9485235434956105,0.937477310647865,0.9017426207516406
calce_CX2_36,1,0.9994955062866211,0.9485235434956105,0.9374621830396793,0.8921362463247277
calce_CX2_36,1,0.9996799230575562,0.9485235434956105,0.9374799252331538,0.9037348018460295
calce_CX2_36,1,0.9996178150177002,0.9485235434956105,0.937473950526583,0.8993529757704491
calce_CX2_36,1,0.9996819496154785,0.9485235434956105,0.9374801201762145,0.9038885271384033
calce_CX2_36,1,0.9988321661949158,0.9192245557350566,0.9373983261898164,0.8674926033403813
calce_CX2_36,1,0.9989615678787231,0.9485235434956105,0.9374107878995012,0.8712087222324982
calce_CX2_36,1,0.999632716178894,0.9485235434956105,0.9374753840460363,0.900350791746227
calce_CX2_36,1,0.9996743202209473,0.9485235434956105,0.9374793862699747,0.9033136866896049
calce_CX2_36,1,0.9955287575721741,0.9192245557350566,0.9370794145346664,0.8182321408147734
calce_CX2_36,1,0.9996389150619507,0.9485235434956105,0.9374759803810945,0.9007751627939249
calce_CX2_36,1,0.9994755387306213,0.9485235434956105,0.9374602617381099,0.8910917499667078
calce_CX2_36,1,0.9990425705909729,0.9485235434956105,0.9374185874875238,0.8737261237860476
calce_CX2_36,1,0.9990947246551514,0.9485235434956105,0.937423608817295,0.8754375984075465
calce_CX2_36,1,0.9990676045417786,0.9485235434956105,0.9374209977727406,0.8745381829828319
calce_CX2_36,1,0.9991908669471741,0.9485235434956105,0.9374328642946408,0.8788080579804447
calce_CX2_36,1,0.9990749359130859,0.9485235434956105,0.9374217036255816,0.8747792609937006
calce_CX2_36,1,0.999041736125946,0.9485235434956105,0.9374185071431912,0.8736993456753079
calce_CX2_36,1,0.9991913437843323,0.9485235434956105,0.93743291019587,0.8788255441099156
calce_CX2_36,1,0.9992066025733948,0.9485235434956105,0.9374343790186139,0.8793894390112204
calce_CX2_36,1,0.999114453792572,0.9485235434956105,0.9374255082165915,0.8761053684012716
calce_CX2_36,1,0.998997151851654,0.9485235434956105,0.9374142143203066,0.8722947342614381
calce_CX2_36,1,0.999114453792572,0.9485235434956105,0.9374255082165915,0.8761053684012716
calce_CX2_36,1,0.9991371035575867,0.9485235434956105,0.9374276887295028,0.8768866353184767
calce_CX2_36,1,0.999114453792572,0.9485235434956105,0.9374255082165915,0.8761053684012716
calce_CX2_36,1,0.9989153146743774,0.9485235434956105,0.937406333864727,0.8698403127501878
calce_CX2_36,1,0.9991371035575867,0.9485235434956105,0.9374276887295028,0.8768866353184767
calce_CX2_36,1,0.9987597465515137,0.9192245557350566,0.9373913509843521,0.865553633270421
calce_CX2_36,1,0.9943154454231262,0.8843537414965986,0.9369619010675841,0.8080297861120199
calce_CX2_36,1,0.9996885061264038,0.9485235434956105,0.9374807508704652,0.9043911302567865
calce_CX2_36,1,0.9994670748710632,0.9485235434956105,0.9374594473190293,0.8906583715202989
calce_CX2_36,1,0.9998612403869629,0.9485235434956105,0.9374973646583415,0.9221621491431107
calce_CX2_36,1,0.9996511936187744,0.9485235434956105,0.9374771615675584,0.9016327267049563
calce_CX2_36,1,0.999082088470459,0.9485235434956105,0.9374223922553395,0.8750159185832286
calce_CX2_36,1,0.9995728135108948,0.9485235434956105,0.9374696211116311,0.8965126972606092
calce_CX2_36,1,0.9995623230934143,0.9485235434956105,0.9374686118303184,0.8958843288769291
calce_CX2_36,1,0.9997707009315491,0.9485235434956105,0.9374886569791144,0.9115153320108129
calce_CX2_36,1,0.9997449517250061,0.9485235434956105,0.937486180328995,0.9090965199067673
calce_CX2_36,1,0.9998948574066162,1.0,0.9375005975044798,0.9275272766780682
calce_CX2_36,1,0.9999170303344727,1.0,0.9375027297218349,0.931835531381319
calce_CX2_36,1,0.9999207258224487,1.0,0.9375030850847933,0.9326366317861706
calce_CX2_36,1,0.999774158000946,0.9485235434956105,0.9374889894853519,0.9118558176814112
calce_CX2_36,1,0.9998212456703186,0.9485235434956105,0.9374935182852598,0.9169488954468351
calce_CX2_36,1,0.9998955726623535,1.0,0.9375006662867444,0.9276548857149441
calce_CX2_36,1,0.9998955726623535,1.0,0.9375006662867444,0.9276548857149441
calce_CX2_36,1,0.9998955726623535,1.0,0.9375006662867444,0.9276548857149441
calce_CX2_36,1,0.9998955726623535,1.0,0.9375006662867444,0.9276548857149441
calce_CX2_36,1,0.9998955726623535,1.0,0.9375006662867444,0.9276548857149441
calce_CX2_36,1,0.9998434782028198,0.9485235434956105,0.9374956564603079,0.9197212484730639
calce_CX2_36,1,0.999806821346283,0.9485235434956105,0.9374921310145333,0.9152889817846948
calce_CX2_36,1,0.999806821346283,0.9485235434956105,0.9374921310145333,0.9152889817846948
calce_CX2_36,1,0.9999203681945801,1.0,0.937503050694912,0.9325578816454412
calce_CX2_36,1,0.9998998641967773,1.0,0.9375010789788493,0.9284348478118094
calce_CX2_36,1,0.9998998641967773,1.0,0.9375010789788493,0.9284348478118094
calce_CX2_36,1,0.9997714161872864,0.9485235434956105,0.9374887257736437,0.9115854511610111
calce_CX2_36,1,0.9998998641967773,1.0,0.9375010789788493,0.9284348478118094
calce_CX2_36,1,0.9998558759689331,0.9485235434956105,0.937496848764199,0.921400919425707
calce_CX2_36,1,0.9997897744178772,0.9485235434956105,0.9374904914757171,0.9134458785517776
calce_CX2_36,1,0.9998888969421387,0.990909090909091,0.9375000243161925,0.9264888047767542
calce_CX2_36,1,0.9999270439147949,1.0,0.9375036926364506,0.9340744904491919
calce_CX2_36,1,0.9999270439147949,1.0,0.9375036926364506,0.9340744904491919
calce_CX2_36,1,0.9998927116394043,1.0,0.9375003911572616,0.9271483767837839
calce_CX2_36,1,0.9999237060546875,1.0,0.9375033716664507,0.9333035961239923
calce_CX2_36,1,0.9999001026153564,1.0,0.9375011019061139,0.9284789199982044
calce_CX2_36,1,0.9998836517333984,0.9485235434956105,0.9374995199064413,0.9256095263662184
calce_CX2_36,1,0.9998947381973267,1.0,0.937500586040762,0.9275060728539904
calce_CX2_36,1,0.9998550415039062,0.9485235434956105,0.9374967685136419,0.9212844629027971
calce_CX2_36,1,0.9998490810394287,0.9485235434956105,0.93749619529258,0.9204672199380585
calce_CX2_36,1,0.9998453855514526,0.9485235434956105,0.9374958398930574,0.9199728658220231
calce_CX2_36,1,0.9998243451118469,0.9485235434956105,0.9374938163727398,0.9173189184794235
calce_CX2_36,1,0.9998154044151306,0.9485235434956105,0.937492956501403,0.9162647283388048
calce_CX2_36,1,0.999823272228241,0.9485235434956105,0.9374937131887622,0.9171902704957516
calce_CX2_36,1,0.9998453855514526,0.9485235434956105,0.9374958398930574,0.9199728658220231
calce_CX2_36,1,0.999822199344635,0.9485235434956105,0.9374936100046258,0.9170622205933203
calce_CX2_36,1,0.9998453855514526,0.9485235434956105,0.9374958398930574,0.9199728658220231
calce_CX2_36,1,0.9998288154602051,0.9485235434956105,0.9374942463042681,0.9178615333209482
calce_CX2_36,1,0.9998064637184143,0.9485235434956105,0.9374920966190262,0.9152490545860108
calce_CX2_36,1,0.999817430973053,0.9485235434956105,0.9374931514065403,0.9165001842466906
calce_CX2_36,1,0.999823272228241,0.9485235434956105,0.9374937131887622,0.9171902704957516
calce_CX2_36,1,0.9998363256454468,0.9485235434956105,0.9374949685830222,0.918798114639758
calce_CX2_36,1,0.9999154806137085,1.0,0.9375025806980976,0.9315076380783797
calce_CX2_36,1,0.9998948574066162,1.0,0.9375005975044798,0.9275272766780682
calce_CX2_36,1,0.9998658895492554,0.9485235434956105,0.9374978117633836,0.9228403098704805
calce_CX2_36,1,0.999864935874939,0.9485235434956105,0.9374977200497723,0.9226997507962789
calce_CX2_36,1,0.999754011631012,0.9485235434956105,0.9374870517533683,0.9099251588728137
calce_CX2_36,1,0.9997689127922058,0.9485235434956105,0.9374884849924817,0.9113407687060326
calce_CX2_36,1,0.9998717308044434,0.9485235434956105,0.9374983735065129,0.923718319550152
calce_CX2_36,1,0.9998712539672852,0.9485235434956105,0.9374983276501075,0.9236455129506742
calce_CX2_36,1,0.999902606010437,1.0,0.9375013426419182,0.9289465825499416
calce_CX2_36,1,0.999902606010437,1.0,0.9375013426419182,0.9289465825499416
calce_CX2_36,1,0.999902606010437,1.0,0.9375013426419182,0.9289465825499416
calce_CX2_36,1,0.9998947381973267,1.0,0.937500586040762,0.9275060728539904
calce_CX2_36,1,0.9998863935470581,0.962652059300104,0.9374997835756489,0.9260652880591432
calce_CX2_36,1,0.9998658895492554,0.9485235434956105,0.9374978117633836,0.9228403098704805
calce_CX2_36,1,0.9999043941497803,1.0,0.937501514595534,0.9292862602830471
calce_CX2_36,1,0.9998973608016968,1.0,0.9375008382420972,0.9279768468203549
calce_CX2_36,1,0.9999173879623413,1.0,0.9375027641118812,0.9319118588426716
calce_CX2_36,1,0.9998712539672852,0.9485235434956105,0.9374983276501075,0.9236455129506742
calce_CX2_36,1,0.9998884201049805,0.990909090909091,0.9374999784609177,0.9264075778677492
calce_CX2_36,1,0.9998915195465088,1.0,0.9375002765196433,0.926940366367305
calce_CX2_36,1,0.9998925924301147,1.0,0.9375003796935085,0.9271274967065
calce_CX2_36,1,0.9999226331710815,1.0,0.9375032684971952,0.9330612477083787
calce_CX2_36,1,0.999906063079834,1.0,0.9375016750851772,0.9296076827322723
calce_CX2_36,1,0.9998824596405029,0.9485235434956105,0.9374994052673317,0.9254139220218232
calce_CX2_36,1,0.9999097585678101,1.0,0.9375020304537326,0.9303351711324164
calce_CX2_36,1,0.9999234676361084,1.0,0.9375033487399632,0.9332495184972925
calce_CX2_36,1,0.9998956918716431,1.0,0.9375006777504483,0.9276762185787155
calce_CX2_36,1,0.9998929500579834,1.0,0.9375004140847616,0.9271901900383615
calce_CX2_36,1,0.9999247789382935,1.0,0.9375034748355469,0.9335485442463471
calce_CX2_36,1,0.9999065399169922,1.0,0.9375017209392904,0.9297003151739373
calce_CX2_36,1,0.9998762607574463,0.9485235434956105,0.9374988091407976,0.9244205051890869
calce_CX2_36,1,0.9999606609344482,1.0,0.9375069251771024,0.9439025833238347
calce_CX2_36,1,0.9999624490737915,1.0,0.9375070971163829,0.9445842232032924
calce_CX2_36,1,0.9999316930770874,1.0,0.937504139699244,0.9351941058058204
calce_CX2_36,1,0.9999099969863892,1.0,0.9375020533806715,0.9303828785967507
calce_CX2_36,1,0.9999116659164429,1.0,0.9375022138690233,0.9307195493001436
calce_CX2_36,1,0.9999039173126221,1.0,0.9375014687412797,0.9291952100004546
calce_CX2_36,1,0.9999080896377563,1.0,0.9375018699649411,0.9300038752204636
calce_CX2_36,1,0.9999228715896606,1.0,0.9375032914237102,0.9331148814907381
calce_CX2_36,1,0.9999104738235474,1.0,0.9375020992345255,0.9304785825294157
calce_CX2_36,1,0.9999659061431885,1.0,0.9375074295310732,0.9459745562231523
calce_CX2_36,1,0.9999104738235474,1.0,0.9375020992345255,0.9304785825294157
calce_CX2_36,1,0.99991774559021,1.0,0.9375027985019095,0.9319884376701495
calce_CX2_36,1,0.9999651908874512,1.0,0.9375073607557554,0.9456784793248676
calce_CX2_36,1,0.9999104738235474,1.0,0.9375020992345255,0.9304785825294157
calce_CX2_36,1,0.9999140501022339,1.0,0.9375024431374301,0.9312089968021554
calce_CX2_36,1,0.9999161958694458,1.0,0.9375026494783252,0.9316584009342755
calce_CX2_36,1,0.9999107122421265,1.0,0.9375021221614408,0.9305265798946649
calce_CX2_36,1,0.9999228715896606,1.0,0.9375032914237102,0.9331148814907381
calce_CX2_36,1,0.9999161958694458,1.0,0.9375026494783252,0.9316584009342755
calce_CX2_36,1,0.9999104738235474,1.0,0.9375020992345255,0.9304785825294157
calce_CX2_36,1,0.9999450445175171,1.0,0.9375054235552867,0.9387674853783661
calce_CX2_36,1,0.9998688697814941,0.9485235434956105,0.9374980983676098,0.9232845396347351
calce_CX2_36,1,0.9999212026596069,1.0,0.9375031309379409,0.9327420525623364
calce_CX2_36,1,0.999879002571106,0.9485235434956105,0.9374990728128038,0.924855103076638
calce_CX2_36,1,0.9998995065689087,1.0,0.9375010445879376,0.9283688890999188
calce_CX2_36,1,0.9999496936798096,1.0,0.9375058706065234,0.9401664875021607
calce_CX2_36,1,0.9999444484710693,1.0,0.9375053662408098,0.9385946693101428
calce_CX2_36,1,0.9999510049819946,1.0,0.9375059966973581,0.940578672492943
calce_CX2_36,1,0.9999573230743408,1.0,0.9375066042225976,0.9426902451814784
calce_CX2_36,1,0.9999469518661499,1.0,0.9375056069612834,0.9393301906645283
calce_CX2_36,1,0.9998794794082642,0.9485235434956105,0.9374991186686988,0.9249314510118946
calce_CX2_36,1,0.999897837638855,1.0,0.9375008840967833,0.9280634240727959
calce_CX2_36,1,0.9999510049819946,1.0,0.9375059966973581,0.940578672492943
calce_CX2_36,1,0.9999510049819946,1.0,0.9375059966973581,0.940578672492943
calce_CX2_36,1,0.9999483823776245,1.0,0.9375057445154511,0.9397623355891602
calce_CX2_36,1,0.9999531507492065,1.0,0.9375062030273028,0.9412714865312295
calce_CX2_36,1,0.9999618530273438,1.0,0.9375070398033385,0.944354346190247
calce_CX2_36,1,0.9999614953994751,1.0,0.9375070054154881,0.9442177146788637
calce_CX2_36,1,0.9999516010284424,1.0,0.9375060540112955,0.940768786259313
calce_CX2_36,1,0.9999285936355591,1.0,0.9375038416577133,0.9344415269051222
calce_CX2_36,1,0.9999226331710815,1.0,0.9375032684971952,0.9330612477083787
calce_CX2_36,1,0.9999562501907349,1.0,0.9375065010583227,0.9423157680126597
calce_CX2_36,1,0.9999562501907349,1.0,0.9375065010583227,0.9423157680126597
calce_CX2_36,1,0.9999483823776245,1.0,0.9375057445154511,0.9397623355891602
calce_CX2_36,1,0.9999483823776245,1.0,0.9375057445154511,0.9397623355891602
calce_CX2_36,1,0.9999496936798096,1.0,0.9375058706065234,0.9401664875021607
calce_CX2_36,1,0.9998934268951416,1.0,0.9375004599397383,0.9272740299149631
calce_CX2_36,1,0.9998995065689087,1.0,0.9375010445879376,0.9283688890999188
calce_CX2_36,1,0.9999594688415527,1.0,0.9375068105506701,0.9434610124854562
calce_CX2_36,1,0.9999483823776245,1.0,0.9375057445154511,0.9397623355891602
calce_CX2_36,1,0.9999449253082275,1.0,0.9375054120923952,0.9387328092381291
calce_CX2_36,1,0.9999470710754395,1.0,0.9375056184241414,0.9393658642050108
calce_CX2_36,1,0.9999483823776245,1.0,0.9375057445154511,0.9397623355891602
calce_CX2_36,1,0.999901533126831,1.0,0.9375012394695366,0.928745048255171
calce_CX2_36,1,0.9999505281448364,1.0,0.9375059508461729,0.9404278342880219
calce_CX2_36,1,0.9999438524246216,1.0,0.9375053089262836,0.9384232490591353
calce_CX2_36,1,0.999901533126831,1.0,0.9375012394695366,0.928745048255171
calce_CX2_36,1,0.9999483823776245,1.0,0.9375057445154511,0.9397623355891602
calce_CX2_36,1,0.9999585151672363,1.0,0.937506718849383,0.9431147454601544
calce_CX2_36,1,0.9999510049819946,1.0,0.9375059966973581,0.940578672492943
calce_CX2_36,1,0.9999618530273438,1.0,0.9375070398033385,0.944354346190247
calce_CX2_36,1,0.9999573230743408,1.0,0.9375066042225976,0.9426902451814784
calce_CX2_36,1,0.9999580383300781,1.0,0.9375066729986923,0.9429438562824187
calce_CX2_36,1,0.9999537467956543,1.0,0.9375062603410634,0.9414681752687513
calce_CX2_36,1,0.9999203681945801,1.0,0.937503050694912,0.9325578816454412
calce_CX2_36,1,0.9999585151672363,1.0,0.937506718849383,0.9431147454601544
calce_CX2_36,1,0.9999643564224243,1.0,0.9375072805177954,0.9453387825788936
calce_CX2_36,1,0.9999585151672363,1.0,0.937506718849383,0.9431147454601544
calce_CX2_36,1,0.9999521970748901,1.0,0.9375061113251837,0.9409606750734897
calce_CX2_36,1,0.9999580383300781,1.0,0.9375066729986923,0.9429438562824187
calce_CX2_36,1,0.9999580383300781,1.0,0.9375066729986923,0.9429438562824187
calce_CX2_36,1,0.9999316930770874,1.0,0.937504139699244,0.9351941058058204
calce_CX2_36,1,0.9999353885650635,1.0,0.9375044950547194,0.9361260128515295
calce_CX2_36,1,0.999945878982544,1.0,0.937505503795472,0.9390118234753291
calce_CX2_36,1,0.9999444484710693,1.0,0.9375053662408098,0.9385946693101428
calce_CX2_36,1,0.9999148845672607,1.0,0.9375025233811871,0.9313827410263381
calce_CX2_36,1,0.9999157190322876,1.0,0.9375026036248479,0.9315577843030872
calce_CX2_36,1,0.9999157190322876,1.0,0.9375026036248479,0.9315577843030872
calce_CX2_36,1,0.9999023675918579,1.0,0.937501319714736,0.92890165165337
calce_CX2_36,1,0.9999157190322876,1.0,0.9375026036248479,0.9315577843030872
calce_CX2_36,1,0.9999005794525146,1.0,0.9375011477606197,0.9285673051805003
calce_CX2_36,1,0.9999005794525146,1.0,0.9375011477606197,0.9285673051805003
calce_CX2_36,1,0.9999374151229858,1.0,0.9375046899262764,0.9366543133150852
calce_CX2_36,1,0.9999172687530518,1.0,0.9375027526485343,0.9318863885197526
calce_CX2_36,1,0.9999299049377441,1.0,0.937503967752369,0.9347568430659788
calce_CX2_36,1,0.9999585151672363,1.0,0.937506718849383,0.9431147454601544
calce_CX2_36,1,0.9999585151672363,1.0,0.937506718849383,0.9431147454601544
calce_CX2_36,1,0.9999438524246216,1.0,0.9375053089262836,0.9384232490591353
calce_CX2_36,1,0.9999362230300903,1.0,0.9375045752960176,0.9363420074024417
calce_CX2_36,1,0.9999247789382935,1.0,0.9375034748355469,0.9335485442463471
calce_CX2_36,1,0.9999585151672363,1.0,0.937506718849383,0.9431147454601544
calce_CX2_36,1,0.9999521970748901,1.0,0.9375061113251837,0.9409606750734897
calce_CX2_36,1,0.9998276233673096,0.9485235434956105,0.9374941316561304,0.9177157828295672
calce_CX2_36,1,0.9999483823776245,1.0,0.9375057445154511,0.9397623355891602
calce_CX2_36,1,0.9999510049819946,1.0,0.9375059966973581,0.940578672492943
calce_CX2_36,1,0.9999505281448364,1.0,0.9375059508461729,0.9404278342880219
calce_CX2_36,1,0.9999591112136841,1.0,0.9375067761627022,0.9433304503438726
calce_CX2_36,1,0.9999496936798096,1.0,0.9375058706065234,0.9401664875021607
calce_CX2_36,1,0.9999643564224243,1.0,0.9375072805177954,0.9453387825788936
calce_CX2_36,1,0.9999643564224243,1.0,0.9375072805177954,0.9453387825788936
calce_CX2_36,1,0.9999585151672363,1.0,0.937506718849383,0.9431147454601544
calce_CX2_36,1,0.9999510049819946,1.0,0.9375059966973581,0.940578672492943
calce_CX2_36,1,0.9999517202377319,1.0,0.9375060654740771,0.9408070207967983
calce_CX2_36,1,0.9999582767486572,1.0,0.9375066959240417,0.9430291169562939
calce_CX2_36,1,0.9999505281448364,1.0,0.9375059508461729,0.9404278342880219
calce_CX2_36,1,0.9999463558197021,1.0,0.9375055496469632,0.9391527258358904
calce_CX2_36,1,0.9999483823776245,1.0,0.9375057445154511,0.9397623355891602
calce_CX2_36,1,0.9999510049819946,1.0,0.9375059966973581,0.940578672492943
calce_CX2_36,1,0.9999483823776245,1.0,0.9375057445154511,0.9397623355891602
calce_CX2_36,1,0.9999039173126221,1.0,0.9375014687412797,0.9291952100004546
calce_CX2_36,1,0.9999492168426514,1.0,0.9375058247552518,0.9400186128006712
calce_CX2_36,1,0.9999580383300781,1.0,0.9375066729986923,0.9429438562824187
calce_CX2_36,1,0.9999483823776245,1.0,0.9375057445154511,0.9397623355891602
calce_CX2_36,1,0.9999483823776245,1.0,0.9375057445154511,0.9397623355891602
calce_CX2_36,1,0.9999594688415527,1.0,0.9375068105506701,0.9434610124854562
calce_CX2_36,1,0.9999065399169922,1.0,0.9375017209392904,0.9297003151739373
calce_CX2_36,1,0.9999510049819946,1.0,0.9375059966973581,0.940578672492943
calce_CX2_36,1,0.9999303817749023,1.0,0.9375040136049121,0.9348726121671724
calce_CX2_36,1,0.9999505281448364,1.0,0.9375059508461729,0.9404278342880219
calce_CX2_36,1,0.9999521970748901,1.0,0.9375061113251837,0.9409606750734897
calce_CX2_36,1,0.9999580383300781,1.0,0.9375066729986923,0.9429438562824187
calce_CX2_36,1,0.9999510049819946,1.0,0.9375059966973581,0.940578672492943
calce_CX2_36,1,0.9999129772186279,1.0,0.9375023399667443,0.9309874849193268
calce_CX2_36,1,0.9999055862426758,1.0,0.9375016292310328,0.9295154073231994
calce_CX2_36,1,0.9999339580535889,1.0,0.9375043574979849,0.9357606009356739
calce_CX2_36,1,0.9999065399169922,1.0,0.9375017209392904,0.9297003151739373
calce_CX2_36,1,0.9999055862426758,1.0,0.9375016292310328,0.9295154073231994
calce_CX2_36,1,0.999961256980896,1.0,0.937506982490245,0.9441271567703868
calce_CX2_36,1,0.9999492168426514,1.0,0.9375058247552518,0.9400186128006712
calce_CX2_36,1,0.9999380111694336,1.0,0.9375047472413323,0.936812157561379
calce_CX2_36,1,0.9999055862426758,1.0,0.9375016292310328,0.9295154073231994
calce_CX2_36,1,0.9999505281448364,1.0,0.9375059508461729,0.9404278342880219
calce_CX2_36,1,0.9998817443847656,0.9485235434956105,0.9374993364837716,0.9252972849463894
calce_CX2_36,1,0.9999380111694336,1.0,0.9375047472413323,0.936812157561379
calce_CX2_36,1,0.9999475479125977,1.0,0.9375056642755542,0.939509168198765
calce_CX2_36,1,0.9999562501907349,1.0,0.9375065010583227,0.9423157680126597
calce_CX2_36,1,0.9999562501907349,1.0,0.9375065010583227,0.9423157680126597
calce_CX2_36,1,0.9999585151672363,1.0,0.937506718849383,0.9431147454601544
calce_CX2_36,1,0.9999505281448364,1.0,0.9375059508461729,0.9404278342880219
calce_CX2_36,1,0.9999580383300781,1.0,0.9375066729986923,0.9429438562824187
calce_CX2_36,1,0.9999483823776245,1.0,0.9375057445154511,0.9397623355891602
calce_CX2_36,1,0.9999483823776245,1.0,0.9375057445154511,0.9397623355891602
calce_CX2_36,1,0.999948263168335,1.0,0.9375057330526145,0.9397259804632648
calce_CX2_36,1,0.9999562501907349,1.0,0.9375065010583227,0.9423157680126597
calce_CX2_36,1,0.9999562501907349,1.0,0.9375065010583227,0.9423157680126597
calce_CX2_36,1,0.9999510049819946,1.0,0.9375059966973581,0.940578672492943
calce_CX2_36,1,0.9999505281448364,1.0,0.9375059508461729,0.9404278342880219
calce_CX2_36,1,0.9999483823776245,1.0,0.9375057445154511,0.9397623355891602
calce_CX2_36,1,0.9998985528945923,1.0,0.9375009528787538,0.9281938688240331
calce_CX2_36,1,0.9999508857727051,1.0,0.9375059852345647,0.9405408594254543
calce_CX2_36,1,0.999934196472168,1.0,0.937504380424127,0.9358210838958412
calce_CX2_36,1,0.9999562501907349,1.0,0.9375065010583227,0.9423157680126597
calce_CX2_36,1,0.9999594688415527,1.0,0.9375068105506701,0.9434610124854562
calce_CX2_36,1,0.9999517202377319,1.0,0.9375060654740771,0.9408070207967983
calce_CX2_36,1,0.9999505281448364,1.0,0.9375059508461729,0.9404278342880219
calce_CX2_36,1,0.9999562501907349,1.0,0.9375065010583227,0.9423157680126597
calce_CX2_36,1,0.999901533126831,1.0,0.9375012394695366,0.928745048255171
calce_CX2_36,1,0.9999086856842041,1.0,0.9375019272824108,0.9301216660222685
calce_CX2_36,1,0.9999039173126221,1.0,0.9375014687412797,0.9291952100004546
calce_CX2_36,1,0.999954342842102,1.0,0.9375063176547751,0.9416667850702152
calce_CX2_36,1,0.9999585151672363,1.0,0.937506718849383,0.9431147454601544
calce_CX2_36,1,0.9999585151672363,1.0,0.937506718849383,0.9431147454601544
calce_CX2_36,1,0.9999591112136841,1.0,0.9375067761627022,0.9433304503438726
calce_CX2_36,1,0.9999510049819946,1.0,0.9375059966973581,0.940578672492943
calce_CX2_36,1,0.9999624490737915,1.0,0.9375070971163829,0.9445842232032924
calce_CX2_36,1,0.9999634027481079,1.0,0.937507188817152,0.9449578044364658
calce_CX2_36,1,0.9999634027481079,1.0,0.937507188817152,0.9449578044364658
calce_CX2_36,1,0.9999634027481079,1.0,0.937507188817152,0.9449578044364658
calce_CX2_36,1,0.9999634027481079,1.0,0.937507188817152,0.9449578044364658
calce_CX2_36,1,0.999961256980896,1.0,0.937506982490245,0.9441271567703868
calce_CX2_36,1,0.999961256980896,1.0,0.937506982490245,0.9441271567703868
calce_CX2_36,1,0.999961256980896,1.0,0.937506982490245,0.9441271567703868
calce_CX2_36,1,0.999961256980896,1.0,0.937506982490245,0.9441271567703868
calce_CX2_36,1,0.999961256980896,1.0,0.937506982490245,0.9441271567703868
calce_CX2_36,1,0.9999537467956543,1.0,0.9375062603410634,0.9414681752687513
calce_CX2_36,1,0.9999574422836304,1.0,0.9375066156852848,0.9427322901444962
calce_CX2_36,1,0.9999574422836304,1.0,0.9375066156852848,0.9427322901444962
calce_CX2_36,1,0.9999659061431885,1.0,0.9375074295310732,0.9459745562231523
calce_CX2_36,1,0.9999574422836304,1.0,0.9375066156852848,0.9427322901444962
calce_CX2_36,1,0.9999574422836304,1.0,0.9375066156852848,0.9427322901444962
calce_CX2_36,1,0.9999477863311768,1.0,0.9375056872012488,0.9395811894816074
calce_CX2_36,1,0.9999574422836304,1.0,0.9375066156852848,0.9427322901444962
calce_CX2_36,1,0.9999516010284424,1.0,0.9375060540112955,0.940768786259313
calce_CX2_36,1,0.9999556541442871,1.0,0.9375064437447681,0.9421107076179219
calce_CX2_36,1,0.9999574422836304,1.0,0.9375066156852848,0.9427322901444962
calce_CX2_36,1,0.9999195337295532,1.0,0.9375029704517871,0.9323751700315352
calce_CX2_36,1,0.9999585151672363,1.0,0.937506718849383,0.9431147454601544
calce_CX2_36,1,0.9999505281448364,1.0,0.9375059508461729,0.9404278342880219
calce_CX2_36,1,0.999961256980896,1.0,0.937506982490245,0.9441271567703868
calce_CX2_36,1,0.9999475479125977,1.0,0.9375056642755542,0.939509168198765
calce_CX2_36,1,0.9999580383300781,1.0,0.9375066729986923,0.9429438562824187
calce_CX2_36,1,0.9999585151672363,1.0,0.937506718849383,0.9431147454601544
calce_CX2_36,1,0.999961256980896,1.0,0.937506982490245,0.9441271567703868
calce_CX2_36,1,0.9999505281448364,1.0,0.9375059508461729,0.9404278342880219
calce_CX2_36,1,0.9999496936798096,1.0,0.9375058706065234,0.9401664875021607
calce_CX2_36,1,0.9999475479125977,1.0,0.9375056642755542,0.939509168198765
calce_CX2_36,1,0.9999380111694336,1.0,0.9375047472413323,0.936812157561379
calce_CX2_36,1,0.9999395608901978,1.0,0.9375048962602479,0.9372279968931576
calce_CX2_36,1,0.9999504089355469,1.0,0.9375059393833718,0.9403902962974271
calce_CX2_36,1,0.9999505281448364,1.0,0.9375059508461729,0.9404278342880219
calce_CX2_36,1,0.9999505281448364,1.0,0.9375059508461729,0.9404278342880219
calce_CX2_36,1,0.9999065399169922,1.0,0.9375017209392904,0.9297003151739373
calce_CX2_36,1,0.9999580383300781,1.0,0.9375066729986923,0.9429438562824187
calce_CX2_36,1,0.9999505281448364,1.0,0.9375059508461729,0.9404278342880219
calce_CX2_36,1,0.9999483823776245,1.0,0.9375057445154511,0.9397623355891602
calce_CX2_36,1,0.9999591112136841,1.0,0.9375067761627022,0.9433304503438726
calce_CX2_36,1,0.9999055862426758,1.0,0.9375016292310328,0.9295154073231994
calce_CX2_36,1,0.999955415725708,1.0,0.9375064208193324,0.9420292650265236
calce_CX2_36,1,0.9999516010284424,1.0,0.9375060540112955,0.940768786259313
calce_CX2_36,1,0.9999537467956543,1.0,0.9375062603410634,0.9414681752687513
calce_CX2_36,1,0.9999303817749023,1.0,0.9375040136049121,0.9348726121671724
calce_CX2_36,1,0.9999622106552124,1.0,0.9375070741911711,0.9444919451750737
calce_CX2_36,1,0.9999591112136841,1.0,0.9375067761627022,0.9433304503438726
calce_CX2_36,1,0.9999368190765381,1.0,0.9375046326111716,0.9364976027945586
calce_CX2_36,1,0.9999562501907349,1.0,0.9375065010583227,0.9423157680126597
calce_CX2_36,1,0.9999585151672363,1.0,0.937506718849383,0.9431147454601544
calce_CX2_36,1,0.9999562501907349,1.0,0.9375065010583227,0.9423157680126597
calce_CX2_36,1,0.9999562501907349,1.0,0.9375065010583227,0.9423157680126597
calce_CX2_36,1,0.9999573230743408,1.0,0.9375066042225976,0.9426902451814784
calce_CX2_36,1,0.9999510049819946,1.0,0.9375059966973581,0.940578672492943
calce_CX2_36,1,0.9999510049819946,1.0,0.9375059966973581,0.940578672492943
calce_CX2_36,1,0.9999510049819946,1.0,0.9375059966973581,0.940578672492943
calce_CX2_36,1,0.9998985528945923,1.0,0.9375009528787538,0.9281938688240331
calce_CX2_36,1,0.9999562501907349,1.0,0.9375065010583227,0.9423157680126597
calce_CX2_36,1,0.9999562501907349,1.0,0.9375065010583227,0.9423157680126597
calce_CX2_36,1,0.9999470710754395,1.0,0.9375056184241414,0.9393658642050108
calce_CX2_36,1,0.9999483823776245,1.0,0.9375057445154511,0.9397623355891602
calce_CX2_36,1,0.9999521970748901,1.0,0.9375061113251837,0.9409606750734897
calce_CX2_36,1,0.9999585151672363,1.0,0.937506718849383,0.9431147454601544
calce_CX2_36,1,0.9999562501907349,1.0,0.9375065010583227,0.9423157680126597
calce_CX2_36,1,0.9999562501907349,1.0,0.9375065010583227,0.9423157680126597
calce_CX2_36,1,0.9999483823776245,1.0,0.9375057445154511,0.9397623355891602
calce_CX2_36,1,0.9998985528945923,1.0,0.9375009528787538,0.9281938688240331
calce_CX2_36,1,0.99992835521698,1.0,0.9375038187313869,0.9343846691697569
calce_CX2_36,1,0.9998986721038818,1.0,0.9375009643424086,0.92821567765915
calce_CX2_36,1,0.9999440908432007,1.0,0.9375053318521,0.9384916513258592
calce_CX2_36,1,0.9998928308486938,1.0,0.9375004026210125,0.9271692745495982
calce_CX2_36,1,0.9999455213546753,1.0,0.937505469406833,0.9389067610101292
calce_CX2_36,1,0.9999468326568604,1.0,0.9375055954984232,0.9392945776293496
calce_CX2_36,1,0.9999562501907349,1.0,0.9375065010583227,0.9423157680126597
calce_CX2_36,1,0.9999470710754395,1.0,0.9375056184241414,0.9393658642050108
calce_CX2_36,1,0.999948263168335,1.0,0.9375057330526145,0.9397259804632648
calce_CX2_36,1,0.9999562501907349,1.0,0.9375065010583227,0.9423157680126597
calce_CX2_36,1,0.9999483823776245,1.0,0.9375057445154511,0.9397623355891602
calce_CX2_36,1,0.9999496936798096,1.0,0.9375058706065234,0.9401664875021607
calce_CX2_36,1,0.9999483823776245,1.0,0.9375057445154511,0.9397623355891602
calce_CX2_36,1,0.9999562501907349,1.0,0.9375065010583227,0.9423157680126597
calce_CX2_36,1,0.9999496936798096,1.0,0.9375058706065234,0.9401664875021607
calce_CX2_36,1,0.9999470710754395,1.0,0.9375056184241414,0.9393658642050108
calce_CX2_36,1,0.9999496936798096,1.0,0.9375058706065234,0.9401664875021607
calce_CX2_36,1,0.999901533126831,1.0,0.9375012394695366,0.928745048255171
calce_CX2_36,1,0.999901533126831,1.0,0.9375012394695366,0.928745048255171
calce_CX2_36,1,0.999901533126831,1.0,0.9375012394695366,0.928745048255171
calce_CX2_36,1,0.9999496936798096,1.0,0.9375058706065234,0.9401664875021607
calce_CX2_36,1,0.9999470710754395,1.0,0.9375056184241414,0.9393658642050108
calce_CX2_36,1,0.9999496936798096,1.0,0.9375058706065234,0.9401664875021607
calce_CX2_36,1,0.9999039173126221,1.0,0.9375014687412797,0.9291952100004546
calce_CX2_36,1,0.9999614953994751,1.0,0.9375070054154881,0.9442177146788637
calce_CX2_36,1,0.9999510049819946,1.0,0.9375059966973581,0.940578672492943
calce_CX2_36,1,0.9999496936798096,1.0,0.9375058706065234,0.9401664875021607
calce_CX2_36,1,0.9999562501907349,1.0,0.9375065010583227,0.9423157680126597
calce_CX2_36,1,0.9999510049819946,1.0,0.9375059966973581,0.940578672492943
calce_CX2_36,1,0.9999510049819946,1.0,0.9375059966973581,0.940578672492943
calce_CX2_36,1,0.9999496936798096,1.0,0.9375058706065234,0.9401664875021607
calce_CX2_36,1,0.9999483823776245,1.0,0.9375057445154511,0.9397623355891602
calce_CX2_36,1,0.9999510049819946,1.0,0.9375059966973581,0.940578672492943
calce_CX2_36,1,0.9999483823776245,1.0,0.9375057445154511,0.9397623355891602
calce_CX2_36,1,0.9999585151672363,1.0,0.937506718849383,0.9431147454601544
calce_CX2_36,1,0.9999483823776245,1.0,0.9375057445154511,0.9397623355891602
calce_CX2_36,1,0.9999510049819946,1.0,0.9375059966973581,0.940578672492943
calce_CX2_36,1,0.9999634027481079,1.0,0.937507188817152,0.9449578044364658
calce_CX2_36,1,0.9999614953994751,1.0,0.9375070054154881,0.9442177146788637
calce_CX2_36,1,0.9999614953994751,1.0,0.9375070054154881,0.9442177146788637
calce_CX2_36,1,0.9999505281448364,1.0,0.9375059508461729,0.9404278342880219
calce_CX2_36,1,0.9999483823776245,1.0,0.9375057445154511,0.9397623355891602
calce_CX2_36,1,0.9999483823776245,1.0,0.9375057445154511,0.9397623355891602
calce_CX2_36,1,0.9998968839645386,1.0,0.9375007923873797,0.9278905753789503
calce_CX2_36,1,0.9999469518661499,1.0,0.9375056069612834,0.9393301906645283
calce_CX2_36,1,0.9999010562896729,1.0,0.9375011936150937,0.9286560136899433
calce_CX2_36,1,0.9999440908432007,1.0,0.9375053318521,0.9384916513258592
calce_CX2_36,1,0.9999469518661499,1.0,0.9375056069612834,0.9393301906645283
calce_CX2_36,1,0.9999440908432007,1.0,0.9375053318521,0.9384916513258592
calce_CX2_36,1,0.9999455213546753,1.0,0.937505469406833,0.9389067610101292
calce_CX2_36,1,0.9999440908432007,1.0,0.9375053318521,0.9384916513258592
calce_CX2_36,1,0.9999454021453857,1.0,0.9375054579439492,0.9388718560072498
calce_CX2_36,1,0.9999430179595947,1.0,0.9375052286858647,0.9381855568077175
calce_CX2_36,1,0.9999443292617798,1.0,0.9375053547779085,0.9385602744291996
calce_CX2_36,1,0.9998940229415894,1.0,0.9375005172584149,0.9273792327014033
calce_CX2_36,1,0.9998940229415894,1.0,0.9375005172584149,0.9273792327014033
calce_CX2_36,1,0.9998940229415894,1.0,0.9375005172584149,0.9273792327014033
calce_CX2_36,1,0.9998940229415894,1.0,0.9375005172584149,0.9273792327014033
calce_CX2_36,1,0.9998940229415894,1.0,0.9375005172584149,0.9273792327014033
calce_CX2_36,1,0.9999444484710693,1.0,0.9375053662408098,0.9385946693101428
calce_CX2_36,1,0.9999444484710693,1.0,0.9375053662408098,0.9385946693101428
calce_CX2_36,1,0.9998940229415894,1.0,0.9375005172584149,0.9273792327014033
calce_CX2_36,1,0.9998940229415894,1.0,0.9375005172584149,0.9273792327014033
calce_CX2_36,1,0.9999430179595947,1.0,0.9375052286858647,0.9381855568077175
calce_CX2_36,1,0.9998940229415894,1.0,0.9375005172584149,0.9273792327014033
calce_CX2_36,1,0.9998940229415894,1.0,0.9375005172584149,0.9273792327014033
calce_CX2_36,1,0.9999444484710693,1.0,0.9375053662408098,0.9385946693101428
calce_CX2_36,1,0.9998940229415894,1.0,0.9375005172584149,0.9273792327014033
calce_CX2_36,1,0.9998906850814819,1.0,0.9375001962731939,0.9267957934258458
calce_CX2_36,1,0.9998906850814819,1.0,0.9375001962731939,0.9267957934258458
calce_CX2_36,1,0.9998940229415894,1.0,0.9375005172584149,0.9273792327014033
calce_CX2_36,1,0.9998940229415894,1.0,0.9375005172584149,0.9273792327014033
calce_CX2_36,1,0.9999457597732544,1.0,0.9375054923325944,0.9389767445224141
calce_CX2_36,1,0.9998906850814819,1.0,0.9375001962731939,0.9267957934258458
calce_CX2_36,1,0.9999585151672363,1.0,0.937506718849383,0.9431147454601544
calce_CX2_36,1,0.9999444484710693,1.0,0.9375053662408098,0.9385946693101428
calce_CX2_36,1,0.9999443292617798,1.0,0.9375053547779085,0.9385602744291996
calce_CX2_36,1,0.9999430179595947,1.0,0.9375052286858647,0.9381855568077175
calce_CX2_36,1,0.9999444484710693,1.0,0.9375053662408098,0.9385946693101428
calce_CX2_36,1,0.9999444484710693,1.0,0.9375053662408098,0.9385946693101428
calce_CX2_36,1,0.9999080896377563,1.0,0.9375018699649411,0.9300038752204636
calce_CX2_36,1,0.9998940229415894,1.0,0.9375005172584149,0.9273792327014033
calce_CX2_36,1,0.9998940229415894,1.0,0.9375005172584149,0.9273792327014033
calce_CX2_36,1,0.9998906850814819,1.0,0.9375001962731939,0.9267957934258458
calce_CX2_36,1,0.9998906850814819,1.0,0.9375001962731939,0.9267957934258458
calce_CX2_36,1,0.9999520778656006,1.0,0.93750609986241,0.9409221534651974
calce_CX2_36,1,0.9998940229415894,1.0,0.9375005172584149,0.9273792327014033
calce_CX2_36,1,0.9999430179595947,1.0,0.9375052286858647,0.9381855568077175
calce_CX2_36,1,0.9998906850814819,1.0,0.9375001962731939,0.9267957934258458
calce_CX2_36,1,0.9998906850814819,1.0,0.9375001962731939,0.9267957934258458
calce_CX2_36,1,0.9998906850814819,1.0,0.9375001962731939,0.9267957934258458
calce_CX2_36,1,0.9998906850814819,1.0,0.9375001962731939,0.9267957934258458
calce_CX2_36,1,0.9998940229415894,1.0,0.9375005172584149,0.9273792327014033
calce_CX2_36,1,0.9998906850814819,1.0,0.9375001962731939,0.9267957934258458
calce_CX2_36,1,0.9999096393585205,1.0,0.9375020189902603,0.9303113533311481
calce_CX2_36,1,0.9998906850814819,1.0,0.9375001962731939,0.9267957934258458
calce_CX2_36,1,0.9999595880508423,1.0,0.9375068220133222,0.9435047259827479
calce_CX2_36,1,0.9999595880508423,1.0,0.9375068220133222,0.9435047259827479
calce_CX2_36,1,0.9999529123306274,1.0,0.9375061801017848,0.941193339386412
calce_CX2_36,1,0.9999594688415527,1.0,0.9375068105506701,0.9434610124854562
calce_CX2_36,1,0.9999585151672363,1.0,0.937506718849383,0.9431147454601544
calce_CX2_36,1,0.9999595880508423,1.0,0.9375068220133222,0.9435047259827479
calce_CX2_36,1,0.999955415725708,1.0,0.9375064208193324,0.9420292650265236
calce_CX2_36,1,0.9999595880508423,1.0,0.9375068220133222,0.9435047259827479
calce_CX2_36,1,0.9999605417251587,1.0,0.937506913714468,0.9438579764587369
calce_CX2_36,1,0.9999651908874512,1.0,0.9375073607557554,0.9456784793248676
calce_CX2_36,1,0.9999651908874512,1.0,0.9375073607557554,0.9456784793248676
calce_CX2_36,1,0.9999595880508423,1.0,0.9375068220133222,0.9435047259827479
calce_CX2_36,1,0.9999585151672363,1.0,0.937506718849383,0.9431147454601544
calce_CX2_36,1,0.9999567270278931,1.0,0.9375065469091312,0.942481337929116
calce_CX2_36,1,0.9999585151672363,1.0,0.937506718849383,0.9431147454601544
calce_CX2_36,1,0.9999585151672363,1.0,0.937506718849383,0.9431147454601544
calce_CX2_36,1,0.9999585151672363,1.0,0.937506718849383,0.9431147454601544
calce_CX2_36,1,0.9999585151672363,1.0,0.937506718849383,0.9431147454601544
calce_CX2_36,1,0.9999585151672363,1.0,0.937506718849383,0.9431147454601544
calce_CX2_36,1,0.9999290704727173,1.0,0.9375038875103429,0.9345556755231629
calce_CX2_36,1,0.9999585151672363,1.0,0.937506718849383,0.9431147454601544
calce_CX2_36,1,0.9999585151672363,1.0,0.937506718849383,0.9431147454601544
calce_CX2_36,1,0.9999585151672363,1.0,0.937506718849383,0.9431147454601544
calce_CX2_36,1,0.9999585151672363,1.0,0.937506718849383,0.9431147454601544
calce_CX2_36,1,0.9999585151672363,1.0,0.937506718849383,0.9431147454601544
calce_CX2_36,1,0.9999595880508423,1.0,0.9375068220133222,0.9435047259827479
calce_CX2_36,1,0.9999444484710693,1.0,0.9375053662408098,0.9385946693101428
calce_CX2_36,1,0.9998966455459595,1.0,0.937500769460009,0.9278475535649044
calce_CX2_36,1,0.9999604225158691,1.0,0.9375069022518316,0.9438134709414625
calce_CX2_36,1,0.999945878982544,1.0,0.937505503795472,0.9390118234753291
calce_CX2_36,1,0.9998109936714172,0.9485235434956105,0.9374925322941436,0.9157590491318577
calce_CX2_36,1,0.9998966455459595,1.0,0.937500769460009,0.9278475535649044
calce_CX2_36,1,0.9999520778656006,1.0,0.93750609986241,0.9409221534651974
calce_CX2_36,1,0.9999444484710693,1.0,0.9375053662408098,0.9385946693101428
calce_CX2_36,1,0.9999444484710693,1.0,0.9375053662408098,0.9385946693101428
calce_CX2_36,1,0.999945878982544,1.0,0.937505503795472,0.9390118234753291
calce_CX2_36,1,0.999945878982544,1.0,0.937505503795472,0.9390118234753291
calce_CX2_36,1,0.9999444484710693,1.0,0.9375053662408098,0.9385946693101428
calce_CX2_36,1,0.999945878982544,1.0,0.937505503795472,0.9390118234753291
calce_CX2_36,1,0.999945878982544,1.0,0.937505503795472,0.9390118234753291
calce_CX2_36,1,0.9999520778656006,1.0,0.93750609986241,0.9409221534651974
calce_CX2_36,1,0.999910831451416,1.0,0.9375021336248954,0.9305506151248356
calce_CX2_36,1,0.9999520778656006,1.0,0.93750609986241,0.9409221534651974
calce_CX2_36,1,0.999910831451416,1.0,0.9375021336248954,0.9305506151248356
calce_CX2_36,1,0.999910831451416,1.0,0.9375021336248954,0.9305506151248356
calce_CX2_36,1,0.999910831451416,1.0,0.9375021336248954,0.9305506151248356
calce_CX2_36,1,0.9999520778656006,1.0,0.93750609986241,0.9409221534651974
calce_CX2_36,1,0.9999604225158691,1.0,0.9375069022518316,0.9438134709414625
calce_CX2_36,1,0.9999470710754395,1.0,0.9375056184241414,0.9393658642050108
calce_CX2_36,1,0.9999269247055054,1.0,0.9375036811732629,0.9340465025872152
calce_CX2_36,1,0.999954104423523,1.0,0.9375062947292963,0.9415871078456594
calce_CX2_36,1,0.9999520778656006,1.0,0.93750609986241,0.9409221534651974
calce_CX2_36,1,0.9999531507492065,1.0,0.9375062030273028,0.9412714865312295
calce_CX2_36,1,0.999945878982544,1.0,0.937505503795472,0.9390118234753291
calce_CX2_36,1,0.9999470710754395,1.0,0.9375056184241414,0.9393658642050108
calce_CX2_36,1,0.9999444484710693,1.0,0.9375053662408098,0.9385946693101428
calce_CX2_36,1,0.999945878982544,1.0,0.937505503795472,0.9390118234753291
calce_CX2_36,1,0.9999444484710693,1.0,0.9375053662408098,0.9385946693101428
calce_CX2_36,1,0.9998966455459595,1.0,0.937500769460009,0.9278475535649044
calce_CX2_36,1,0.9998966455459595,1.0,0.937500769460009,0.9278475535649044
calce_CX2_36,1,0.999910831451416,1.0,0.9375021336248954,0.9305506151248356
calce_CX2_36,1,0.999910831451416,1.0,0.9375021336248954,0.9305506151248356
calce_CX2_36,1,0.999910831451416,1.0,0.9375021336248954,0.9305506151248356
calce_CX2_36,1,0.9999444484710693,1.0,0.9375053662408098,0.9385946693101428
calce_CX2_36,1,0.9998966455459595,1.0,0.937500769460009,0.9278475535649044
calce_CX2_36,1,0.9998934268951416,1.0,0.9375004599397383,0.9272740299149631
calce_CX2_36,1,0.9999066591262817,1.0,0.9375017324028138,0.9297235294434799
calce_CX2_36,1,0.9999239444732666,1.0,0.9375033945929301,0.9333578021216414
calce_CX2_36,1,0.9999532699584961,1.0,0.937506214490059,0.9413106726502967
calce_CX2_36,1,0.9999080896377563,1.0,0.9375018699649411,0.9300038752204636
calce_CX2_36,1,0.9999129772186279,1.0,0.9375023399667443,0.9309874849193268
calce_CX2_36,1,0.9999080896377563,1.0,0.9375018699649411,0.9300038752204636
calce_CX2_36,1,0.999910831451416,1.0,0.9375021336248954,0.9305506151248356
calce_CX2_36,1,0.999910831451416,1.0,0.9375021336248954,0.9305506151248356
calce_CX2_36,1,0.999910831451416,1.0,0.9375021336248954,0.9305506151248356
calce_CX2_36,1,0.9999102354049683,1.0,0.9375020763076024,0.9304306822468088
calce_CX2_36,1,0.9999102354049683,1.0,0.9375020763076024,0.9304306822468088
calce_CX2_36,1,0.9999520778656006,1.0,0.93750609986241,0.9409221534651974
calce_CX2_36,1,0.999910831451416,1.0,0.9375021336248954,0.9305506151248356
calce_CX2_36,1,0.999910831451416,1.0,0.9375021336248954,0.9305506151248356
calce_CX2_36,1,0.999910831451416,1.0,0.9375021336248954,0.9305506151248356
calce_CX2_36,1,0.9999532699584961,1.0,0.937506214490059,0.9413106726502967
calce_CX2_36,1,0.9999080896377563,1.0,0.9375018699649411,0.9300038752204636
calce_CX2_36,1,0.999910831451416,1.0,0.9375021336248954,0.9305506151248356
calce_CX2_36,1,0.9999080896377563,1.0,0.9375018699649411,0.9300038752204636
calce_CX2_36,1,0.9999080896377563,1.0,0.9375018699649411,0.9300038752204636
calce_CX2_36,1,0.9999080896377563,1.0,0.9375018699649411,0.9300038752204636
calce_CX2_36,1,0.999910831451416,1.0,0.9375021336248954,0.9305506151248356
calce_CX2_36,1,0.9999532699584961,1.0,0.937506214490059,0.9413106726502967
calce_CX2_36,1,0.9999520778656006,1.0,0.93750609986241,0.9409221534651974
calce_CX2_36,1,0.9999239444732666,1.0,0.9375033945929301,0.9333578021216414
calce_CX2_36,1,0.999910831451416,1.0,0.9375021336248954,0.9305506151248356
calce_CX2_36,1,0.9999080896377563,1.0,0.9375018699649411,0.9300038752204636
calce_CX2_36,1,0.9999129772186279,1.0,0.9375023399667443,0.9309874849193268
calce_CX2_36,1,0.9999066591262817,1.0,0.9375017324028138,0.9297235294434799
calce_CX2_36,1,0.9999129772186279,1.0,0.9375023399667443,0.9309874849193268
calce_CX2_36,1,0.999910831451416,1.0,0.9375021336248954,0.9305506151248356
calce_CX2_36,1,0.9999520778656006,1.0,0.93750609986241,0.9409221534651974
calce_CX2_36,1,0.9999520778656006,1.0,0.93750609986241,0.9409221534651974
calce_CX2_36,1,0.9999080896377563,1.0,0.9375018699649411,0.9300038752204636
calce_CX2_36,1,0.9999520778656006,1.0,0.93750609986241,0.9409221534651974
calce_CX2_36,1,0.9999520778656006,1.0,0.93750609986241,0.9409221534651974
calce_CX2_36,1,0.9999369382858276,1.0,0.9375046440741964,0.9365288551002193
calce_CX2_36,1,0.9999129772186279,1.0,0.9375023399667443,0.9309874849193268
calce_CX2_36,1,0.9999520778656006,1.0,0.93750609986241,0.9409221534651974
calce_CX2_36,1,0.999910831451416,1.0,0.9375021336248954,0.9305506151248356
calce_CX2_36,1,0.9999532699584961,1.0,0.937506214490059,0.9413106726502967
calce_CX2_36,1,0.999910831451416,1.0,0.9375021336248954,0.9305506151248356
calce_CX2_36,1,0.9999080896377563,1.0,0.9375018699649411,0.9300038752204636
calce_CX2_36,1,0.9999129772186279,1.0,0.9375023399667443,0.9309874849193268
calce_CX2_36,1,0.9999080896377563,1.0,0.9375018699649411,0.9300038752204636
calce_CX2_36,1,0.999910831451416,1.0,0.9375021336248954,0.9305506151248356
calce_CX2_36,1,0.9999532699584961,1.0,0.937506214490059,0.9413106726502967
calce_CX2_36,1,0.999910831451416,1.0,0.9375021336248954,0.9305506151248356
calce_CX2_36,1,0.999910831451416,1.0,0.9375021336248954,0.9305506151248356
calce_CX2_36,1,0.999910831451416,1.0,0.9375021336248954,0.9305506151248356
calce_CX2_36,1,0.999910831451416,1.0,0.9375021336248954,0.9305506151248356
calce_CX2_36,1,0.9999102354049683,1.0,0.9375020763076024,0.9304306822468088
calce_CX2_36,1,0.9999080896377563,1.0,0.9375018699649411,0.9300038752204636
calce_CX2_36,1,0.9999066591262817,1.0,0.9375017324028138,0.9297235294434799
calce_CX2_36,1,0.9999066591262817,1.0,0.9375017324028138,0.9297235294434799
calce_CX2_36,1,0.9999520778656006,1.0,0.93750609986241,0.9409221534651974
calce_CX2_36,1,0.9999080896377563,1.0,0.9375018699649411,0.9300038752204636
calce_CX2_36,1,0.9999129772186279,1.0,0.9375023399667443,0.9309874849193268
calce_CX2_36,1,0.999910831451416,1.0,0.9375021336248954,0.9305506151248356
calce_CX2_36,1,0.999954342842102,1.0,0.9375063176547751,0.9416667850702152
calce_CX2_36,1,0.999910831451416,1.0,0.9375021336248954,0.9305506151248356
calce_CX2_36,1,0.9999520778656006,1.0,0.93750609986241,0.9409221534651974
calce_CX2_36,1,0.9999129772186279,1.0,0.9375023399667443,0.9309874849193268
calce_CX2_36,1,0.9999520778656006,1.0,0.93750609986241,0.9409221534651974
calce_CX2_36,1,0.9999080896377563,1.0,0.9375018699649411,0.9300038752204636
calce_CX2_36,1,0.999910831451416,1.0,0.9375021336248954,0.9305506151248356
calce_CX2_36,1,0.9999080896377563,1.0,0.9375018699649411,0.9300038752204636
calce_CX2_36,1,0.9999129772186279,1.0,0.9375023399667443,0.9309874849193268
calce_CX2_36,1,0.9999080896377563,1.0,0.9375018699649411,0.9300038752204636
calce_CX2_36,1,0.999910831451416,1.0,0.9375021336248954,0.9305506151248356
calce_CX2_36,1,0.9999520778656006,1.0,0.93750609986241,0.9409221534651974
calce_CX2_36,1,0.9999520778656006,1.0,0.93750609986241,0.9409221534651974
calce_CX2_36,1,0.999910831451416,1.0,0.9375021336248954,0.9305506151248356
calce_CX2_36,1,0.999910831451416,1.0,0.9375021336248954,0.9305506151248356
calce_CX2_36,1,0.999910831451416,1.0,0.9375021336248954,0.9305506151248356
calce_CX2_36,1,0.9999080896377563,1.0,0.9375018699649411,0.9300038752204636
calce_CX2_36,1,0.9999080896377563,1.0,0.9375018699649411,0.9300038752204636
calce_CX2_36,1,0.999910831451416,1.0,0.9375021336248954,0.9305506151248356
calce_CX2_36,1,0.999910831451416,1.0,0.9375021336248954,0.9305506151248356
calce_CX2_36,1,0.999954342842102,1.0,0.9375063176547751,0.9416667850702152
calce_CX2_36,1,0.9999520778656006,1.0,0.93750609986241,0.9409221534651974
calce_CX2_36,1,0.9999604225158691,1.0,0.9375069022518316,0.9438134709414625
calce_CX2_36,1,0.999910831451416,1.0,0.9375021336248954,0.9305506151248356
calce_CX2_36,1,0.999910831451416,1.0,0.9375021336248954,0.9305506151248356
calce_CX2_36,1,0.9999532699584961,1.0,0.937506214490059,0.9413106726502967
calce_CX2_36,1,0.9999520778656006,1.0,0.93750609986241,0.9409221534651974
calce_CX2_36,1,0.9999532699584961,1.0,0.937506214490059,0.9413106726502967
calce_CX2_36,1,0.9999129772186279,1.0,0.9375023399667443,0.9309874849193268
calce_CX2_36,1,0.9999520778656006,1.0,0.93750609986241,0.9409221534651974
calce_CX2_36,1,0.9999531507492065,1.0,0.9375062030273028,0.9412714865312295
calce_CX2_36,1,0.999910831451416,1.0,0.9375021336248954,0.9305506151248356
calce_CX2_36,1,0.9999651908874512,1.0,0.9375073607557554,0.9456784793248676
calce_CX2_36,1,0.9999651908874512,1.0,0.9375073607557554,0.9456784793248676
calce_CX2_36,1,0.9999651908874512,1.0,0.9375073607557554,0.9456784793248676
calce_CX2_36,1,0.9999651908874512,1.0,0.9375073607557554,0.9456784793248676
calce_CX2_36,1,0.9999651908874512,1.0,0.9375073607557554,0.9456784793248676
calce_CX2_36,1,0.9999651908874512,1.0,0.9375073607557554,0.9456784793248676
calce_CX2_36,1,0.9999369382858276,1.0,0.9375046440741964,0.9365288551002193
calce_CX2_36,1,0.9999659061431885,1.0,0.9375074295310732,0.9459745562231523
calce_CX2_36,1,0.9999651908874512,1.0,0.9375073607557554,0.9456784793248676
calce_CX2_36,1,0.9999651908874512,1.0,0.9375073607557554,0.9456784793248676
calce_CX2_36,1,0.9999651908874512,1.0,0.9375073607557554,0.9456784793248676
calce_CX2_36,1,0.9999651908874512,1.0,0.9375073607557554,0.9456784793248676
calce_CX2_36,1,0.9999651908874512,1.0,0.9375073607557554,0.9456784793248676
calce_CX2_36,1,0.9999651908874512,1.0,0.9375073607557554,0.9456784793248676
calce_CX2_36,1,0.9999651908874512,1.0,0.9375073607557554,0.9456784793248676
calce_CX2_36,1,0.9999651908874512,1.0,0.9375073607557554,0.9456784793248676
calce_CX2_36,1,0.9999651908874512,1.0,0.9375073607557554,0.9456784793248676
calce_CX2_36,1,0.9999651908874512,1.0,0.9375073607557554,0.9456784793248676
calce_CX2_36,1,0.9999651908874512,1.0,0.9375073607557554,0.9456784793248676
calce_CX2_36,1,0.9999659061431885,1.0,0.9375074295310732,0.9459745562231523
calce_CX2_36,1,0.9999651908874512,1.0,0.9375073607557554,0.9456784793248676
calce_CX2_36,1,0.9999080896377563,1.0,0.9375018699649411,0.9300038752204636
calce_CX2_36,1,0.999910831451416,1.0,0.9375021336248954,0.9305506151248356
calce_CX2_36,1,0.9999080896377563,1.0,0.9375018699649411,0.9300038752204636
calce_CX2_36,1,0.999910831451416,1.0,0.9375021336248954,0.9305506151248356
calce_CX2_36,1,0.9999080896377563,1.0,0.9375018699649411,0.9300038752204636
calce_CX2_36,1,0.9999080896377563,1.0,0.9375018699649411,0.9300038752204636
calce_CX2_36,1,0.9999080896377563,1.0,0.9375018699649411,0.9300038752204636
calce_CX2_36,1,0.9999080896377563,1.0,0.9375018699649411,0.9300038752204636
calce_CX2_36,1,0.999910831451416,1.0,0.9375021336248954,0.9305506151248356
calce_CX2_36,1,0.9999520778656006,1.0,0.93750609986241,0.9409221534651974
calce_CX2_36,1,0.9999129772186279,1.0,0.9375023399667443,0.9309874849193268
calce_CX2_36,1,0.9999531507492065,1.0,0.9375062030273028,0.9412714865312295
calce_CX2_36,1,0.9999080896377563,1.0,0.9375018699649411,0.9300038752204636
calce_CX2_36,1,0.999910831451416,1.0,0.9375021336248954,0.9305506151248356
calce_CX2_36,1,0.9999080896377563,1.0,0.9375018699649411,0.9300038752204636
calce_CX2_36,1,0.9999080896377563,1.0,0.9375018699649411,0.9300038752204636
calce_CX2_36,1,0.999910831451416,1.0,0.9375021336248954,0.9305506151248356
calce_CX2_36,1,0.9999651908874512,1.0,0.9375073607557554,0.9456784793248676
calce_CX2_36,1,0.9999651908874512,1.0,0.9375073607557554,0.9456784793248676
calce_CX2_36,1,0.9998681545257568,0.9485235434956105,0.9374980295827073,0.9231772262092605
calce_CX2_36,1,0.9999532699584961,1.0,0.937506214490059,0.9413106726502967
calce_CX2_36,1,0.9999520778656006,1.0,0.93750609986241,0.9409221534651974
calce_CX2_36,1,0.9999520778656006,1.0,0.93750609986241,0.9409221534651974
calce_CX2_36,1,0.999910831451416,1.0,0.9375021336248954,0.9305506151248356
calce_CX2_36,1,0.999910831451416,1.0,0.9375021336248954,0.9305506151248356
calce_CX2_36,1,0.999910831451416,1.0,0.9375021336248954,0.9305506151248356
calce_CX2_36,1,0.9999080896377563,1.0,0.9375018699649411,0.9300038752204636
calce_CX2_36,1,0.999910831451416,1.0,0.9375021336248954,0.9305506151248356
calce_CX2_36,1,0.9999531507492065,1.0,0.9375062030273028,0.9412714865312295
calce_CX2_36,1,0.999910831451416,1.0,0.9375021336248954,0.9305506151248356
calce_CX2_36,1,0.999910831451416,1.0,0.9375021336248954,0.9305506151248356
calce_CX2_36,1,0.9999532699584961,1.0,0.937506214490059,0.9413106726502967
calce_CX2_36,1,0.9999080896377563,1.0,0.9375018699649411,0.9300038752204636
calce_CX2_36,1,0.9999080896377563,1.0,0.9375018699649411,0.9300038752204636
calce_CX2_36,1,0.999910831451416,1.0,0.9375021336248954,0.9305506151248356
calce_CX2_36,1,0.9999520778656006,1.0,0.93750609986241,0.9409221534651974
calce_CX2_36,1,0.999910831451416,1.0,0.9375021336248954,0.9305506151248356
calce_CX2_36,1,0.999910831451416,1.0,0.9375021336248954,0.9305506151248356
calce_CX2_36,1,0.9999080896377563,1.0,0.9375018699649411,0.9300038752204636
calce_CX2_36,1,0.9999369382858276,1.0,0.9375046440741964,0.9365288551002193
calce_CX2_36,1,0.999910831451416,1.0,0.9375021336248954,0.9305506151248356
calce_CX2_36,1,0.999910831451416,1.0,0.9375021336248954,0.9305506151248356
calce_CX2_36,1,0.999910831451416,1.0,0.9375021336248954,0.9305506151248356
calce_CX2_36,1,0.9999520778656006,1.0,0.93750609986241,0.9409221534651974
calce_CX2_36,1,0.999910831451416,1.0,0.9375021336248954,0.9305506151248356
calce_CX2_36,1,0.999910831451416,1.0,0.9375021336248954,0.9305506151248356
calce_CX2_36,1,0.9999520778656006,1.0,0.93750609986241,0.9409221534651974
calce_CX2_36,1,0.999910831451416,1.0,0.9375021336248954,0.9305506151248356
calce_CX2_36,1,0.999910831451416,1.0,0.9375021336248954,0.9305506151248356
calce_CX2_36,1,0.999954342842102,1.0,0.9375063176547751,0.9416667850702152
calce_CX2_36,1,0.9999532699584961,1.0,0.937506214490059,0.9413106726502967
calce_CX2_36,1,0.999910831451416,1.0,0.9375021336248954,0.9305506151248356
calce_CX2_36,1,0.999910831451416,1.0,0.9375021336248954,0.9305506151248356
calce_CX2_36,1,0.9999080896377563,1.0,0.9375018699649411,0.9300038752204636
calce_CX2_36,1,0.999910831451416,1.0,0.9375021336248954,0.9305506151248356
calce_CX2_36,1,0.999910831451416,1.0,0.9375021336248954,0.9305506151248356
calce_CX2_36,1,0.9999520778656006,1.0,0.93750609986241,0.9409221534651974
calce_CX2_36,1,0.9999520778656006,1.0,0.93750609986241,0.9409221534651974
calce_CX2_36,1,0.9999080896377563,1.0,0.9375018699649411,0.9300038752204636
calce_CX2_36,1,0.999910831451416,1.0,0.9375021336248954,0.9305506151248356
calce_CX2_36,1,0.9999532699584961,1.0,0.937506214490059,0.9413106726502967
calce_CX2_36,1,0.999910831451416,1.0,0.9375021336248954,0.9305506151248356
calce_CX2_36,1,0.999910831451416,1.0,0.9375021336248954,0.9305506151248356
calce_CX2_36,1,0.999910831451416,1.0,0.9375021336248954,0.9305506151248356
calce_CX2_36,1,0.999910831451416,1.0,0.9375021336248954,0.9305506151248356
calce_CX2_36,1,0.9999102354049683,1.0,0.9375020763076024,0.9304306822468088
calce_CX2_36,1,0.9999651908874512,1.0,0.9375073607557554,0.9456784793248676
calce_CX2_36,1,0.9999369382858276,1.0,0.9375046440741964,0.9365288551002193
calce_CX2_36,1,0.999963641166687,1.0,0.9375072117423245,0.9450523423385211
calce_CX2_36,1,0.9999532699584961,1.0,0.937506214490059,0.9413106726502967
calce_CX2_36,1,0.999910831451416,1.0,0.9375021336248954,0.9305506151248356
calce_CX2_36,1,0.9999520778656006,1.0,0.93750609986241,0.9409221534651974
calce_CX2_36,1,0.9999520778656006,1.0,0.93750609986241,0.9409221534651974
calce_CX2_36,1,0.9999520778656006,1.0,0.93750609986241,0.9409221534651974
calce_CX2_36,1,0.999910831451416,1.0,0.9375021336248954,0.9305506151248356
calce_CX2_36,1,0.9999080896377563,1.0,0.9375018699649411,0.9300038752204636
calce_CX2_36,1,0.999910831451416,1.0,0.9375021336248954,0.9305506151248356
calce_CX2_36,1,0.9999520778656006,1.0,0.93750609986241,0.9409221534651974
calce_CX2_36,1,0.999910831451416,1.0,0.9375021336248954,0.9305506151248356
calce_CX2_36,1,0.9999651908874512,1.0,0.9375073607557554,0.9456784793248676
calce_CX2_36,1,0.9999239444732666,1.0,0.9375033945929301,0.9333578021216414
calce_CX2_36,1,0.9999572038650513,1.0,0.9375065927599082,0.942648288624279
calce_CX2_36,1,0.9999651908874512,1.0,0.9375073607557554,0.9456784793248676
calce_CX2_36,1,0.9999651908874512,1.0,0.9375073607557554,0.9456784793248676
calce_CX2_36,1,0.9999651908874512,1.0,0.9375073607557554,0.9456784793248676
calce_CX2_36,1,0.9999369382858276,1.0,0.9375046440741964,0.9365288551002193
calce_CX2_36,1,0.9999651908874512,1.0,0.9375073607557554,0.9456784793248676
calce_CX2_36,1,0.9999651908874512,1.0,0.9375073607557554,0.9456784793248676
calce_CX2_36,1,0.9999651908874512,1.0,0.9375073607557554,0.9456784793248676
calce_CX2_36,1,0.9999651908874512,1.0,0.9375073607557554,0.9456784793248676
calce_CX2_36,1,0.9999651908874512,1.0,0.9375073607557554,0.9456784793248676
calce_CX2_36,1,0.9999651908874512,1.0,0.9375073607557554,0.9456784793248676
calce_CX2_36,1,0.9999651908874512,1.0,0.9375073607557554,0.9456784793248676
calce_CX2_36,1,0.9999651908874512,1.0,0.9375073607557554,0.9456784793248676
calce_CX2_36,1,0.9999659061431885,1.0,0.9375074295310732,0.9459745562231523
calce_CX2_36,1,0.9999651908874512,1.0,0.9375073607557554,0.9456784793248676
calce_CX2_36,1,0.9999651908874512,1.0,0.9375073607557554,0.9456784793248676
calce_CX2_36,1,0.9999651908874512,1.0,0.9375073607557554,0.9456784793248676
calce_CX2_36,1,0.9999651908874512,1.0,0.9375073607557554,0.9456784793248676
calce_CX2_36,1,0.9999651908874512,1.0,0.9375073607557554,0.9456784793248676
calce_CX2_36,1,0.9999659061431885,1.0,0.9375074295310732,0.9459745562231523
calce_CX2_36,1,0.9999651908874512,1.0,0.9375073607557554,0.9456784793248676
calce_CX2_36,1,0.9999651908874512,1.0,0.9375073607557554,0.9456784793248676
calce_CX2_36,1,0.9999659061431885,1.0,0.9375074295310732,0.9459745562231523
calce_CX2_36,1,0.9999651908874512,1.0,0.9375073607557554,0.9456784793248676
calce_CX2_36,1,0.9999659061431885,1.0,0.9375074295310732,0.9459745562231523
calce_CX2_36,1,0.9999651908874512,1.0,0.9375073607557554,0.9456784793248676
calce_CX2_36,1,0.9999651908874512,1.0,0.9375073607557554,0.9456784793248676
calce_CX2_36,1,0.9999651908874512,1.0,0.9375073607557554,0.9456784793248676
calce_CX2_36,1,0.9999651908874512,1.0,0.9375073607557554,0.9456784793248676
calce_CX2_36,1,0.9999651908874512,1.0,0.9375073607557554,0.9456784793248676
calce_CX2_36,1,0.9999651908874512,1.0,0.9375073607557554,0.9456784793248676
calce_CX2_36,1,0.9999659061431885,1.0,0.9375074295310732,0.9459745562231523
calce_CX2_36,1,0.9999651908874512,1.0,0.9375073607557554,0.9456784793248676
calce_CX2_36,1,0.9999651908874512,1.0,0.9375073607557554,0.9456784793248676
calce_CX2_36,1,0.9999651908874512,1.0,0.9375073607557554,0.9456784793248676
calce_CX2_36,1,0.9999651908874512,1.0,0.9375073607557554,0.9456784793248676
calce_CX2_36,1,0.9999651908874512,1.0,0.9375073607557554,0.9456784793248676
calce_CX2_36,1,0.9999651908874512,1.0,0.9375073607557554,0.9456784793248676
calce_CX2_36,1,0.9999604225158691,1.0,0.9375069022518316,0.9438134709414625
calce_CX2_36,1,0.9999604225158691,1.0,0.9375069022518316,0.9438134709414625
calce_CX2_36,1,0.9999604225158691,1.0,0.9375069022518316,0.9438134709414625
calce_CX2_36,1,0.9999520778656006,1.0,0.93750609986241,0.9409221534651974
calce_CX2_36,1,0.999954342842102,1.0,0.9375063176547751,0.9416667850702152
calce_CX2_36,1,0.9999532699584961,1.0,0.937506214490059,0.9413106726502967
calce_CX2_36,1,0.9999080896377563,1.0,0.9375018699649411,0.9300038752204636
calce_CX2_36,1,0.999954342842102,1.0,0.9375063176547751,0.9416667850702152
calce_CX2_36,1,0.9999532699584961,1.0,0.937506214490059,0.9413106726502967
calce_CX2_36,1,0.9999532699584961,1.0,0.937506214490059,0.9413106726502967
calce_CX2_36,1,0.9999520778656006,1.0,0.93750609986241,0.9409221534651974
calce_CX2_36,1,0.9999532699584961,1.0,0.937506214490059,0.9413106726502967
calce_CX2_36,1,0.999910831451416,1.0,0.9375021336248954,0.9305506151248356
calce_CX2_36,1,0.999910831451416,1.0,0.9375021336248954,0.9305506151248356
calce_CX2_36,1,0.9999520778656006,1.0,0.93750609986241,0.9409221534651974
calce_CX2_36,1,0.9999532699584961,1.0,0.937506214490059,0.9413106726502967
calce_CX2_36,1,0.9999520778656006,1.0,0.93750609986241,0.9409221534651974
calce_CX2_36,1,0.9999532699584961,1.0,0.937506214490059,0.9413106726502967
calce_CX2_36,1,0.9999520778656006,1.0,0.93750609986241,0.9409221534651974
calce_CX2_36,1,0.9999520778656006,1.0,0.93750609986241,0.9409221534651974
calce_CX2_36,1,0.9998528957366943,0.9485235434956105,0.9374965621546248,0.9209873417533103
calce_CX2_36,1,0.999910831451416,1.0,0.9375021336248954,0.9305506151248356
calce_CX2_36,1,0.9999532699584961,1.0,0.937506214490059,0.9413106726502967
calce_CX2_36,1,0.9999532699584961,1.0,0.937506214490059,0.9413106726502967
calce_CX2_36,1,0.9999532699584961,1.0,0.937506214490059,0.9413106726502967
calce_CX2_36,1,0.9999604225158691,1.0,0.9375069022518316,0.9438134709414625
calce_CX2_36,1,0.9999532699584961,1.0,0.937506214490059,0.9413106726502967
calce_CX2_36,1,0.9999532699584961,1.0,0.937506214490059,0.9413106726502967
calce_CX2_36,1,0.9999520778656006,1.0,0.93750609986241,0.9409221534651974
calce_CX2_36,1,0.9999604225158691,1.0,0.9375069022518316,0.9438134709414625
calce_CX2_36,1,0.999910831451416,1.0,0.9375021336248954,0.9305506151248356
calce_CX2_36,1,0.9999532699584961,1.0,0.937506214490059,0.9413106726502967
calce_CX2_36,1,0.9999532699584961,1.0,0.937506214490059,0.9413106726502967
calce_CX2_36,1,0.9999604225158691,1.0,0.9375069022518316,0.9438134709414625
calce_CX2_36,1,0.9999532699584961,1.0,0.937506214490059,0.9413106726502967
calce_CX2_36,1,0.9999532699584961,1.0,0.937506214490059,0.9413106726502967
calce_CX2_36,1,0.9999604225158691,1.0,0.9375069022518316,0.9438134709414625
calce_CX2_36,1,0.999910831451416,1.0,0.9375021336248954,0.9305506151248356
calce_CX2_36,1,0.9999532699584961,1.0,0.937506214490059,0.9413106726502967
calce_CX2_36,1,0.9999532699584961,1.0,0.937506214490059,0.9413106726502967
calce_CX2_36,1,0.999910831451416,1.0,0.9375021336248954,0.9305506151248356
calce_CX2_36,1,0.9999532699584961,1.0,0.937506214490059,0.9413106726502967
calce_CX2_36,1,0.9999520778656006,1.0,0.93750609986241,0.9409221534651974
calce_CX2_36,1,0.9999520778656006,1.0,0.93750609986241,0.9409221534651974
calce_CX2_36,1,0.999954342842102,1.0,0.9375063176547751,0.9416667850702152
calce_CX2_36,1,0.999954342842102,1.0,0.9375063176547751,0.9416667850702152
calce_CX2_36,1,0.9999532699584961,1.0,0.937506214490059,0.9413106726502967
calce_CX2_36,1,0.9999651908874512,1.0,0.9375073607557554,0.9456784793248676
calce_CX2_36,1,0.9999651908874512,1.0,0.9375073607557554,0.9456784793248676
calce_CX2_36,1,0.9999651908874512,1.0,0.9375073607557554,0.9456784793248676
calce_CX2_36,1,0.9999613761901855,1.0,0.9375069939528676,0.944172383128299
calce_CX2_36,1,0.9999520778656006,1.0,0.93750609986241,0.9409221534651974
calce_CX2_36,1,0.9999531507492065,1.0,0.9375062030273028,0.9412714865312295
calce_CX2_36,1,0.9999532699584961,1.0,0.937506214490059,0.9413106726502967
calce_CX2_36,1,0.9999520778656006,1.0,0.93750609986241,0.9409221534651974
calce_CX2_36,1,0.9999532699584961,1.0,0.937506214490059,0.9413106726502967
calce_CX2_36,1,0.999910831451416,1.0,0.9375021336248954,0.9305506151248356
calce_CX2_36,1,0.9999532699584961,1.0,0.937506214490059,0.9413106726502967
calce_CX2_36,1,0.9999080896377563,1.0,0.9375018699649411,0.9300038752204636
calce_CX2_36,1,0.9999129772186279,1.0,0.9375023399667443,0.9309874849193268
calce_CX2_36,1,0.999910831451416,1.0,0.9375021336248954,0.9305506151248356
calce_CX2_36,1,0.9999080896377563,1.0,0.9375018699649411,0.9300038752204636
calce_CX2_36,1,0.9999080896377563,1.0,0.9375018699649411,0.9300038752204636
calce_CX2_36,1,0.999910831451416,1.0,0.9375021336248954,0.9305506151248356
calce_CX2_36,1,0.999910831451416,1.0,0.9375021336248954,0.9305506151248356
calce_CX2_36,1,0.999910831451416,1.0,0.9375021336248954,0.9305506151248356
calce_CX2_36,1,0.9999520778656006,1.0,0.93750609986241,0.9409221534651974
calce_CX2_36,1,0.999910831451416,1.0,0.9375021336248954,0.9305506151248356
calce_CX2_36,1,0.9999532699584961,1.0,0.937506214490059,0.9413106726502967
calce_CX2_36,1,0.9999520778656006,1.0,0.93750609986241,0.9409221534651974
calce_CX2_36,1,0.9999080896377563,1.0,0.9375018699649411,0.9300038752204636
calce_CX2_36,1,0.999910831451416,1.0,0.9375021336248954,0.9305506151248356
calce_CX2_36,1,0.9999520778656006,1.0,0.93750609986241,0.9409221534651974
calce_CX2_36,1,0.9999080896377563,1.0,0.9375018699649411,0.9300038752204636
calce_CX2_36,1,0.999910831451416,1.0,0.9375021336248954,0.9305506151248356
calce_CX2_36,1,0.9999239444732666,1.0,0.9375033945929301,0.9333578021216414
calce_CX2_36,1,0.9999102354049683,1.0,0.9375020763076024,0.9304306822468088
calce_CX2_36,1,0.999910831451416,1.0,0.9375021336248954,0.9305506151248356
calce_CX2_36,1,0.999910831451416,1.0,0.9375021336248954,0.9305506151248356
calce_CX2_36,1,0.999910831451416,1.0,0.9375021336248954,0.9305506151248356
calce_CX2_36,1,0.999910831451416,1.0,0.9375021336248954,0.9305506151248356
calce_CX2_36,1,0.999910831451416,1.0,0.9375021336248954,0.9305506151248356
calce_CX2_36,1,0.9999080896377563,1.0,0.9375018699649411,0.9300038752204636
calce_CX2_36,1,0.999910831451416,1.0,0.9375021336248954,0.9305506151248356
calce_CX2_36,1,0.9999080896377563,1.0,0.9375018699649411,0.9300038752204636
calce_CX2_36,1,0.9999520778656006,1.0,0.93750609986241,0.9409221534651974
calce_CX2_36,1,0.999910831451416,1.0,0.9375021336248954,0.9305506151248356
calce_CX2_36,1,0.9999520778656006,1.0,0.93750609986241,0.9409221534651974
calce_CX2_36,1,0.9999520778656006,1.0,0.93750609986241,0.9409221534651974
calce_CX2_36,1,0.9998315572738647,0.9485235434956105,0.9374945099942399,0.9181997383668419
calce_CX2_36,1,0.9999520778656006,1.0,0.93750609986241,0.9409221534651974
calce_CX2_36,1,0.9999520778656006,1.0,0.93750609986241,0.9409221534651974
calce_CX2_36,1,0.999910831451416,1.0,0.9375021336248954,0.9305506151248356
calce_CX2_36,1,0.999910831451416,1.0,0.9375021336248954,0.9305506151248356
calce_CX2_36,1,0.999910831451416,1.0,0.9375021336248954,0.9305506151248356
calce_CX2_36,1,0.999910831451416,1.0,0.9375021336248954,0.9305506151248356
calce_CX2_36,1,0.9999129772186279,1.0,0.9375023399667443,0.9309874849193268
calce_CX2_36,1,0.9999651908874512,1.0,0.9375073607557554,0.9456784793248676
calce_CX2_36,1,0.9999651908874512,1.0,0.9375073607557554,0.9456784793248676
calce_CX2_36,1,0.9999659061431885,1.0,0.9375074295310732,0.9459745562231523
calce_CX2_36,1,0.9999651908874512,1.0,0.9375073607557554,0.9456784793248676
calce_CX2_36,1,0.9999651908874512,1.0,0.9375073607557554,0.9456784793248676
calce_CX2_36,1,0.9999651908874512,1.0,0.9375073607557554,0.9456784793248676
calce_CX2_36,1,0.9999659061431885,1.0,0.9375074295310732,0.9459745562231523
calce_CX2_36,1,0.9999651908874512,1.0,0.9375073607557554,0.9456784793248676
calce_CX2_36,1,0.9999604225158691,1.0,0.9375069022518316,0.9438134709414625
calce_CX2_36,1,0.9999651908874512,1.0,0.9375073607557554,0.9456784793248676
calce_CX2_36,1,0.9999651908874512,1.0,0.9375073607557554,0.9456784793248676
calce_CX2_36,1,0.9999651908874512,1.0,0.9375073607557554,0.9456784793248676
calce_CX2_36,1,0.9999651908874512,1.0,0.9375073607557554,0.9456784793248676
calce_CX2_36,1,0.9999651908874512,1.0,0.9375073607557554,0.9456784793248676
calce_CX2_36,1,0.9999651908874512,1.0,0.9375073607557554,0.9456784793248676
calce_CX2_36,1,0.9999651908874512,1.0,0.9375073607557554,0.9456784793248676
calce_CX2_36,1,0.9999651908874512,1.0,0.9375073607557554,0.9456784793248676
calce_CX2_36,1,0.9999651908874512,1.0,0.9375073607557554,0.9456784793248676
calce_CX2_36,1,0.9999651908874512,1.0,0.9375073607557554,0.9456784793248676
calce_CX2_36,1,0.9999651908874512,1.0,0.9375073607557554,0.9456784793248676
calce_CX2_36,1,0.9999659061431885,1.0,0.9375074295310732,0.9459745562231523
calce_CX2_36,1,0.9999651908874512,1.0,0.9375073607557554,0.9456784793248676
calce_CX2_36,1,0.9999659061431885,1.0,0.9375074295310732,0.9459745562231523
calce_CX2_36,1,0.9999651908874512,1.0,0.9375073607557554,0.9456784793248676
calce_CX2_36,1,0.9999604225158691,1.0,0.9375069022518316,0.9438134709414625
calce_CX2_36,1,0.9999651908874512,1.0,0.9375073607557554,0.9456784793248676
calce_CX2_36,1,0.9999651908874512,1.0,0.9375073607557554,0.9456784793248676
calce_CX2_36,1,0.9999651908874512,1.0,0.9375073607557554,0.9456784793248676
calce_CX2_36,1,0.9999651908874512,1.0,0.9375073607557554,0.9456784793248676
calce_CX2_36,1,0.9999651908874512,1.0,0.9375073607557554,0.9456784793248676
calce_CX2_36,1,0.9999659061431885,1.0,0.9375074295310732,0.9459745562231523
calce_CX2_36,1,0.9999651908874512,1.0,0.9375073607557554,0.9456784793248676
calce_CX2_36,1,0.9999651908874512,1.0,0.9375073607557554,0.9456784793248676
calce_CX2_36,1,0.9999651908874512,1.0,0.9375073607557554,0.9456784793248676
calce_CX2_36,1,0.9999651908874512,1.0,0.9375073607557554,0.9456784793248676
calce_CX2_36,1,0.9999616146087646,1.0,0.937507016878107,0.9442631519900346
calce_CX2_36,1,0.9999651908874512,1.0,0.9375073607557554,0.9456784793248676
calce_CX2_36,1,0.9999651908874512,1.0,0.9375073607557554,0.9456784793248676
calce_CX2_36,1,0.9999651908874512,1.0,0.9375073607557554,0.9456784793248676
calce_CX2_36,1,0.9999659061431885,1.0,0.9375074295310732,0.9459745562231523
calce_CX2_36,1,0.9999659061431885,1.0,0.9375074295310732,0.9459745562231523
calce_CX2_36,1,0.9999651908874512,1.0,0.9375073607557554,0.9456784793248676
calce_CX2_36,1,0.9999651908874512,1.0,0.9375073607557554,0.9456784793248676
calce_CX2_36,1,0.9999651908874512,1.0,0.9375073607557554,0.9456784793248676
calce_CX2_36,1,0.9999651908874512,1.0,0.9375073607557554,0.9456784793248676
calce_CX2_36,1,0.9999651908874512,1.0,0.9375073607557554,0.9456784793248676
calce_CX2_36,1,0.9999651908874512,1.0,0.9375073607557554,0.9456784793248676
calce_CX2_36,1,0.9999651908874512,1.0,0.9375073607557554,0.9456784793248676
calce_CX2_36,1,0.9999659061431885,1.0,0.9375074295310732,0.9459745562231523
calce_CX2_36,1,0.9999369382858276,1.0,0.9375046440741964,0.9365288551002193
calce_CX2_36,1,0.9999651908874512,1.0,0.9375073607557554,0.9456784793248676
calce_CX2_36,1,0.9999651908874512,1.0,0.9375073607557554,0.9456784793248676
calce_CX2_36,1,0.9999651908874512,1.0,0.9375073607557554,0.9456784793248676
calce_CX2_36,1,0.9999651908874512,1.0,0.9375073607557554,0.9456784793248676
calce_CX2_36,1,0.9999651908874512,1.0,0.9375073607557554,0.9456784793248676
calce_CX2_36,1,0.9999651908874512,1.0,0.9375073607557554,0.9456784793248676
calce_CX2_36,1,0.9999651908874512,1.0,0.9375073607557554,0.9456784793248676
calce_CX2_36,1,0.9999651908874512,1.0,0.9375073607557554,0.9456784793248676
calce_CX2_36,1,0.9999659061431885,1.0,0.9375074295310732,0.9459745562231523
calce_CX2_36,1,0.9999659061431885,1.0,0.9375074295310732,0.9459745562231523
calce_CX2_36,1,0.9999651908874512,1.0,0.9375073607557554,0.9456784793248676
calce_CX2_36,1,0.9999651908874512,1.0,0.9375073607557554,0.9456784793248676
calce_CX2_36,1,0.9999651908874512,1.0,0.9375073607557554,0.9456784793248676
calce_CX2_36,1,0.9999651908874512,1.0,0.9375073607557554,0.9456784793248676
calce_CX2_36,1,0.9999651908874512,1.0,0.9375073607557554,0.9456784793248676
calce_CX2_36,1,0.9999651908874512,1.0,0.9375073607557554,0.9456784793248676
calce_CX2_36,1,0.9999651908874512,1.0,0.9375073607557554,0.9456784793248676
calce_CX2_36,1,0.9999651908874512,1.0,0.9375073607557554,0.9456784793248676
calce_CX2_36,1,0.9999651908874512,1.0,0.9375073607557554,0.9456784793248676
calce_CX2_36,1,0.9999651908874512,1.0,0.9375073607557554,0.9456784793248676
calce_CX2_36,1,0.9999651908874512,1.0,0.9375073607557554,0.9456784793248676
calce_CX2_36,1,0.9999651908874512,1.0,0.9375073607557554,0.9456784793248676
calce_CX2_36,1,0.9999651908874512,1.0,0.9375073607557554,0.9456784793248676
calce_CX2_36,1,0.9999651908874512,1.0,0.9375073607557554,0.9456784793248676
calce_CX2_36,1,0.9999651908874512,1.0,0.9375073607557554,0.9456784793248676
calce_CX2_36,1,0.9999651908874512,1.0,0.9375073607557554,0.9456784793248676
calce_CX2_36,1,0.9999651908874512,1.0,0.9375073607557554,0.9456784793248676
calce_CX2_36,1,0.9999651908874512,1.0,0.9375073607557554,0.9456784793248676
calce_CX2_36,1,0.9999651908874512,1.0,0.9375073607557554,0.9456784793248676
calce_CX2_36,1,0.9999651908874512,1.0,0.9375073607557554,0.9456784793248676
calce_CX2_36,1,0.9999651908874512,1.0,0.9375073607557554,0.9456784793248676
calce_CX2_36,1,0.9999651908874512,1.0,0.9375073607557554,0.9456784793248676
calce_CX2_36,1,0.9999651908874512,1.0,0.9375073607557554,0.9456784793248676
calce_CX2_36,1,0.9999651908874512,1.0,0.9375073607557554,0.9456784793248676
calce_CX2_36,1,0.9999651908874512,1.0,0.9375073607557554,0.9456784793248676
calce_CX2_36,1,0.9999651908874512,1.0,0.9375073607557554,0.9456784793248676
calce_CX2_36,1,0.9999651908874512,1.0,0.9375073607557554,0.9456784793248676
calce_CX2_36,1,0.9999651908874512,1.0,0.9375073607557554,0.9456784793248676
calce_CX2_36,1,0.9999651908874512,1.0,0.9375073607557554,0.9456784793248676
calce_CX2_36,1,0.9999651908874512,1.0,0.9375073607557554,0.9456784793248676
calce_CX2_36,1,0.9999651908874512,1.0,0.9375073607557554,0.9456784793248676
calce_CX2_36,1,0.9999651908874512,1.0,0.9375073607557554,0.9456784793248676
calce_CX2_36,1,0.9999651908874512,1.0,0.9375073607557554,0.9456784793248676
calce_CX2_36,1,0.9999651908874512,1.0,0.9375073607557554,0.9456784793248676
calce_CX2_36,1,0.9999651908874512,1.0,0.9375073607557554,0.9456784793248676
calce_CX2_36,1,0.9999651908874512,1.0,0.9375073607557554,0.9456784793248676
calce_CX2_36,1,0.9999651908874512,1.0,0.9375073607557554,0.9456784793248676
calce_CX2_36,1,0.9999651908874512,1.0,0.9375073607557554,0.9456784793248676
calce_CX2_36,1,0.9999651908874512,1.0,0.9375073607557554,0.9456784793248676
calce_CX2_36,1,0.9999651908874512,1.0,0.9375073607557554,0.9456784793248676
calce_CX2_36,1,0.9999651908874512,1.0,0.9375073607557554,0.9456784793248676
calce_CX2_36,1,0.9999659061431885,1.0,0.9375074295310732,0.9459745562231523
calce_CX2_36,1,0.9999651908874512,1.0,0.9375073607557554,0.9456784793248676
calce_CX2_36,1,0.9999651908874512,1.0,0.9375073607557554,0.9456784793248676
calce_CX2_36,1,0.9999651908874512,1.0,0.9375073607557554,0.9456784793248676
calce_CX2_36,1,0.9999651908874512,1.0,0.9375073607557554,0.9456784793248676
calce_CX2_36,1,0.9999651908874512,1.0,0.9375073607557554,0.9456784793248676
calce_CX2_36,1,0.9999651908874512,1.0,0.9375073607557554,0.9456784793248676
calce_CX2_36,1,0.9999651908874512,1.0,0.9375073607557554,0.9456784793248676
calce_CX2_36,1,0.9999369382858276,1.0,0.9375046440741964,0.9365288551002193
calce_CX2_36,1,0.9999651908874512,1.0,0.9375073607557554,0.9456784793248676
calce_CX2_36,1,0.9999651908874512,1.0,0.9375073607557554,0.9456784793248676
calce_CX2_36,1,0.9999651908874512,1.0,0.9375073607557554,0.9456784793248676
calce_CX2_36,1,0.9999651908874512,1.0,0.9375073607557554,0.9456784793248676
calce_CX2_36,1,0.9999651908874512,1.0,0.9375073607557554,0.9456784793248676
calce_CX2_36,1,0.9999651908874512,1.0,0.9375073607557554,0.9456784793248676
calce_CX2_36,1,0.9999659061431885,1.0,0.9375074295310732,0.9459745562231523
calce_CX2_36,1,0.9999651908874512,1.0,0.9375073607557554,0.9456784793248676
calce_CX2_36,1,0.9999651908874512,1.0,0.9375073607557554,0.9456784793248676
calce_CX2_36,1,0.9999659061431885,1.0,0.9375074295310732,0.9459745562231523
calce_CX2_36,1,0.999963641166687,1.0,0.9375072117423245,0.9450523423385211
calce_CX2_36,1,0.9999651908874512,1.0,0.9375073607557554,0.9456784793248676
calce_CX2_36,1,0.9999651908874512,1.0,0.9375073607557554,0.9456784793248676
calce_CX2_36,1,0.9999651908874512,1.0,0.9375073607557554,0.9456784793248676
calce_CX2_36,1,0.9999651908874512,1.0,0.9375073607557554,0.9456784793248676
calce_CX2_36,1,0.9999651908874512,1.0,0.9375073607557554,0.9456784793248676
calce_CX2_36,1,0.9999651908874512,1.0,0.9375073607557554,0.9456784793248676
calce_CX2_36,1,0.9999651908874512,1.0,0.9375073607557554,0.9456784793248676
calce_CX2_36,1,0.9999651908874512,1.0,0.9375073607557554,0.9456784793248676
calce_CX2_36,1,0.9999651908874512,1.0,0.9375073607557554,0.9456784793248676
calce_CX2_36,1,0.9999651908874512,1.0,0.9375073607557554,0.9456784793248676
calce_CX2_36,1,0.9999659061431885,1.0,0.9375074295310732,0.9459745562231523
calce_CX2_36,1,0.9999651908874512,1.0,0.9375073607557554,0.9456784793248676
calce_CX2_36,1,0.9999651908874512,1.0,0.9375073607557554,0.9456784793248676
calce_CX2_36,1,0.9999651908874512,1.0,0.9375073607557554,0.9456784793248676
calce_CX2_36,1,0.9999651908874512,1.0,0.9375073607557554,0.9456784793248676
calce_CX2_36,1,0.9999651908874512,1.0,0.9375073607557554,0.9456784793248676
calce_CX2_36,1,0.9999651908874512,1.0,0.9375073607557554,0.9456784793248676
calce_CX2_36,1,0.9999651908874512,1.0,0.9375073607557554,0.9456784793248676
calce_CX2_36,1,0.9999651908874512,1.0,0.9375073607557554,0.9456784793248676
calce_CX2_36,1,0.9999604225158691,1.0,0.9375069022518316,0.9438134709414625
calce_CX2_36,1,0.9999651908874512,1.0,0.9375073607557554,0.9456784793248676
calce_CX2_36,1,0.9999239444732666,1.0,0.9375033945929301,0.9333578021216414
calce_CX2_36,1,0.9999659061431885,1.0,0.9375074295310732,0.9459745562231523
calce_CX2_36,1,0.9999651908874512,1.0,0.9375073607557554,0.9456784793248676
calce_CX2_36,1,0.9999651908874512,1.0,0.9375073607557554,0.9456784793248676
calce_CX2_36,1,0.9999659061431885,1.0,0.9375074295310732,0.9459745562231523
calce_CX2_36,1,0.9999651908874512,1.0,0.9375073607557554,0.9456784793248676
calce_CX2_36,1,0.9999651908874512,1.0,0.9375073607557554,0.9456784793248676
calce_CX2_36,1,0.9999651908874512,1.0,0.9375073607557554,0.9456784793248676
calce_CX2_36,1,0.9999651908874512,1.0,0.9375073607557554,0.9456784793248676
calce_CX2_36,1,0.9999651908874512,1.0,0.9375073607557554,0.9456784793248676
calce_CX2_36,1,0.9999659061431885,1.0,0.9375074295310732,0.9459745562231523
calce_CX2_36,1,0.9999651908874512,1.0,0.9375073607557554,0.9456784793248676
calce_CX2_36,1,0.9999651908874512,1.0,0.9375073607557554,0.9456784793248676
calce_CX2_36,1,0.9999651908874512,1.0,0.9375073607557554,0.9456784793248676
calce_CX2_36,1,0.9999651908874512,1.0,0.9375073607557554,0.9456784793248676
calce_CX2_36,1,0.9999651908874512,1.0,0.9375073607557554,0.9456784793248676
calce_CX2_36,1,0.9999239444732666,1.0,0.9375033945929301,0.9333578021216414
calce_CX2_36,1,0.9999651908874512,1.0,0.9375073607557554,0.9456784793248676
calce_CX2_36,1,0.9999651908874512,1.0,0.9375073607557554,0.9456784793248676
calce_CX2_36,1,0.9999651908874512,1.0,0.9375073607557554,0.9456784793248676
calce_CX2_36,1,0.9999651908874512,1.0,0.9375073607557554,0.9456784793248676
calce_CX2_36,1,0.9999651908874512,1.0,0.9375073607557554,0.9456784793248676
calce_CX2_36,1,0.9999651908874512,1.0,0.9375073607557554,0.9456784793248676
calce_CX2_36,1,0.9999532699584961,1.0,0.937506214490059,0.9413106726502967
calce_CX2_36,1,0.9999651908874512,1.0,0.9375073607557554,0.9456784793248676
calce_CX2_36,1,0.9999651908874512,1.0,0.9375073607557554,0.9456784793248676
calce_CX2_36,1,0.9999651908874512,1.0,0.9375073607557554,0.9456784793248676
calce_CX2_36,1,0.9999651908874512,1.0,0.9375073607557554,0.9456784793248676
calce_CX2_36,1,0.9999651908874512,1.0,0.9375073607557554,0.9456784793248676
calce_CX2_36,1,0.9999651908874512,1.0,0.9375073607557554,0.9456784793248676
calce_CX2_36,1,0.9999651908874512,1.0,0.9375073607557554,0.9456784793248676
calce_CX2_36,1,0.9999520778656006,1.0,0.93750609986241,0.9409221534651974
calce_CX2_36,1,0.9999651908874512,1.0,0.9375073607557554,0.9456784793248676
calce_CX2_36,1,0.9999651908874512,1.0,0.9375073607557554,0.9456784793248676
calce_CX2_36,1,0.9999659061431885,1.0,0.9375074295310732,0.9459745562231523
calce_CX2_36,1,0.9999659061431885,1.0,0.9375074295310732,0.9459745562231523
calce_CX2_36,1,0.9999651908874512,1.0,0.9375073607557554,0.9456784793248676
calce_CX2_36,1,0.9999239444732666,1.0,0.9375033945929301,0.9333578021216414
calce_CX2_36,1,0.9999651908874512,1.0,0.9375073607557554,0.9456784793248676
calce_CX2_36,1,0.9999651908874512,1.0,0.9375073607557554,0.9456784793248676
calce_CX2_36,1,0.9999651908874512,1.0,0.9375073607557554,0.9456784793248676
calce_CX2_36,1,0.9999651908874512,1.0,0.9375073607557554,0.9456784793248676
calce_CX2_36,1,0.9999651908874512,1.0,0.9375073607557554,0.9456784793248676
calce_CX2_36,1,0.9999651908874512,1.0,0.9375073607557554,0.9456784793248676
calce_CX2_36,1,0.9999659061431885,1.0,0.9375074295310732,0.9459745562231523
calce_CX2_36,1,0.9999651908874512,1.0,0.9375073607557554,0.9456784793248676
calce_CX2_36,1,0.9999651908874512,1.0,0.9375073607557554,0.9456784793248676
calce_CX2_36,1,0.9999651908874512,1.0,0.9375073607557554,0.9456784793248676
calce_CX2_36,1,0.9999651908874512,1.0,0.9375073607557554,0.9456784793248676
calce_CX2_36,1,0.9999659061431885,1.0,0.9375074295310732,0.9459745562231523
calce_CX2_36,1,0.9999651908874512,1.0,0.9375073607557554,0.9456784793248676
calce_CX2_36,1,0.9999651908874512,1.0,0.9375073607557554,0.9456784793248676
calce_CX2_36,1,0.9999651908874512,1.0,0.9375073607557554,0.9456784793248676
calce_CX2_36,1,0.9999651908874512,1.0,0.9375073607557554,0.9456784793248676
calce_CX2_36,1,0.9999651908874512,1.0,0.9375073607557554,0.9456784793248676
calce_CX2_36,1,0.9999651908874512,1.0,0.9375073607557554,0.9456784793248676
calce_CX2_36,1,0.9999651908874512,1.0,0.9375073607557554,0.9456784793248676
calce_CX2_36,1,0.9999659061431885,1.0,0.9375074295310732,0.9459745562231523
calce_CX2_36,1,0.9999616146087646,1.0,0.937507016878107,0.9442631519900346
calce_CX2_36,1,0.9999651908874512,1.0,0.9375073607557554,0.9456784793248676
calce_CX2_36,1,0.9999651908874512,1.0,0.9375073607557554,0.9456784793248676
calce_CX2_36,1,0.9999651908874512,1.0,0.9375073607557554,0.9456784793248676
calce_CX2_36,1,0.9999651908874512,1.0,0.9375073607557554,0.9456784793248676
calce_CX2_36,1,0.9999651908874512,1.0,0.9375073607557554,0.9456784793248676
calce_CX2_36,1,0.9999651908874512,1.0,0.9375073607557554,0.9456784793248676
calce_CX2_36,1,0.9999651908874512,1.0,0.9375073607557554,0.9456784793248676
calce_CX2_36,1,0.9999651908874512,1.0,0.9375073607557554,0.9456784793248676
calce_CX2_36,1,0.9999651908874512,1.0,0.9375073607557554,0.9456784793248676
calce_CX2_36,1,0.9999651908874512,1.0,0.9375073607557554,0.9456784793248676
calce_CX2_36,1,0.9999651908874512,1.0,0.9375073607557554,0.9456784793248676
calce_CX2_36,1,0.9999651908874512,1.0,0.9375073607557554,0.9456784793248676
calce_CX2_36,1,0.9999651908874512,1.0,0.9375073607557554,0.9456784793248676
calce_CX2_36,1,0.9999651908874512,1.0,0.9375073607557554,0.9456784793248676
calce_CX2_36,1,0.9999651908874512,1.0,0.9375073607557554,0.9456784793248676
calce_CX2_36,1,0.9999651908874512,1.0,0.9375073607557554,0.9456784793248676
calce_CX2_36,1,0.9999651908874512,1.0,0.9375073607557554,0.9456784793248676
calce_CX2_36,1,0.9999651908874512,1.0,0.9375073607557554,0.9456784793248676
calce_CX2_36,1,0.9999651908874512,1.0,0.9375073607557554,0.9456784793248676
calce_CX2_36,1,0.9999651908874512,1.0,0.9375073607557554,0.9456784793248676
calce_CX2_36,1,0.9999651908874512,1.0,0.9375073607557554,0.9456784793248676
calce_CX2_36,1,0.9999651908874512,1.0,0.9375073607557554,0.9456784793248676
calce_CX2_36,1,0.9999651908874512,1.0,0.9375073607557554,0.9456784793248676
calce_CX2_36,1,0.9999651908874512,1.0,0.9375073607557554,0.9456784793248676
calce_CX2_36,1,0.9999651908874512,1.0,0.9375073607557554,0.9456784793248676
calce_CX2_36,1,0.9999651908874512,1.0,0.9375073607557554,0.9456784793248676
calce_CX2_36,1,0.9999651908874512,1.0,0.9375073607557554,0.9456784793248676
calce_CX2_36,1,0.9999102354049683,1.0,0.9375020763076024,0.9304306822468088
calce_CX2_36,1,0.9999651908874512,1.0,0.9375073607557554,0.9456784793248676
calce_CX2_36,1,0.9999659061431885,1.0,0.9375074295310732,0.9459745562231523
calce_CX2_36,1,0.9999651908874512,1.0,0.9375073607557554,0.9456784793248676
calce_CX2_36,1,0.9999651908874512,1.0,0.9375073607557554,0.9456784793248676
calce_CX2_36,1,0.9999651908874512,1.0,0.9375073607557554,0.9456784793248676
calce_CX2_36,1,0.9999659061431885,1.0,0.9375074295310732,0.9459745562231523
calce_CX2_36,1,0.9999651908874512,1.0,0.9375073607557554,0.9456784793248676
calce_CX2_36,1,0.9999651908874512,1.0,0.9375073607557554,0.9456784793248676
calce_CX2_36,1,0.9999651908874512,1.0,0.9375073607557554,0.9456784793248676
calce_CX2_36,1,0.9999659061431885,1.0,0.9375074295310732,0.9459745562231523
calce_CX2_36,1,0.9999651908874512,1.0,0.9375073607557554,0.9456784793248676
calce_CX2_36,1,0.9999659061431885,1.0,0.9375074295310732,0.9459745562231523
calce_CX2_36,1,0.9999651908874512,1.0,0.9375073607557554,0.9456784793248676
calce_CX2_36,1,0.9999651908874512,1.0,0.9375073607557554,0.9456784793248676
calce_CX2_36,1,0.9999659061431885,1.0,0.9375074295310732,0.9459745562231523
calce_CX2_36,1,0.9999659061431885,1.0,0.9375074295310732,0.9459745562231523
calce_CX2_36,1,0.9999659061431885,1.0,0.9375074295310732,0.9459745562231523
calce_CX2_36,1,0.9999651908874512,1.0,0.9375073607557554,0.9456784793248676
calce_CX2_36,1,0.9999651908874512,1.0,0.9375073607557554,0.9456784793248676
calce_CX2_36,1,0.9999651908874512,1.0,0.9375073607557554,0.9456784793248676
calce_CX2_36,1,0.9999659061431885,1.0,0.9375074295310732,0.9459745562231523
calce_CX2_36,1,0.9999651908874512,1.0,0.9375073607557554,0.9456784793248676
calce_CX2_36,1,0.9999659061431885,1.0,0.9375074295310732,0.9459745562231523
calce_CX2_36,1,0.9999651908874512,1.0,0.9375073607557554,0.9456784793248676
calce_CX2_36,1,0.9999651908874512,1.0,0.9375073607557554,0.9456784793248676
calce_CX2_36,1,0.9999651908874512,1.0,0.9375073607557554,0.9456784793248676
calce_CX2_36,1,0.9999452829360962,1.0,0.9375054464810637,0.9388370085464164
calce_CX2_36,1,0.9999651908874512,1.0,0.9375073607557554,0.9456784793248676
calce_CX2_36,1,0.9999651908874512,1.0,0.9375073607557554,0.9456784793248676
calce_CX2_36,1,0.9999651908874512,1.0,0.9375073607557554,0.9456784793248676
calce_CX2_36,1,0.9999651908874512,1.0,0.9375073607557554,0.9456784793248676
calce_CX2_36,1,0.9999651908874512,1.0,0.9375073607557554,0.9456784793248676
calce_CX2_36,1,0.9999651908874512,1.0,0.9375073607557554,0.9456784793248676
calce_CX2_36,1,0.9999651908874512,1.0,0.9375073607557554,0.9456784793248676
calce_CX2_36,1,0.9999651908874512,1.0,0.9375073607557554,0.9456784793248676
calce_CX2_36,1,0.9999651908874512,1.0,0.9375073607557554,0.9456784793248676
calce_CX2_36,1,0.9999651908874512,1.0,0.9375073607557554,0.9456784793248676
calce_CX2_36,1,0.9999651908874512,1.0,0.9375073607557554,0.9456784793248676
calce_CX2_36,1,0.9999651908874512,1.0,0.9375073607557554,0.9456784793248676
calce_CX2_36,1,0.9999651908874512,1.0,0.9375073607557554,0.9456784793248676
calce_CX2_36,1,0.9999651908874512,1.0,0.9375073607557554,0.9456784793248676
calce_CX2_36,1,0.9999651908874512,1.0,0.9375073607557554,0.9456784793248676
calce_CX2_36,1,0.9999651908874512,1.0,0.9375073607557554,0.9456784793248676
calce_CX2_36,1,0.9999651908874512,1.0,0.9375073607557554,0.9456784793248676
calce_CX2_36,1,0.9999651908874512,1.0,0.9375073607557554,0.9456784793248676
calce_CX2_36,1,0.9999651908874512,1.0,0.9375073607557554,0.9456784793248676
calce_CX2_36,1,0.9999651908874512,1.0,0.9375073607557554,0.9456784793248676
calce_CX2_36,1,0.9999239444732666,1.0,0.9375033945929301,0.9333578021216414
calce_CX2_36,1,0.9999651908874512,1.0,0.9375073607557554,0.9456784793248676
calce_CX2_36,1,0.9999651908874512,1.0,0.9375073607557554,0.9456784793248676
calce_CX2_36,1,0.9999651908874512,1.0,0.9375073607557554,0.9456784793248676
calce_CX2_36,1,0.9999651908874512,1.0,0.9375073607557554,0.9456784793248676
calce_CX2_36,1,0.9999651908874512,1.0,0.9375073607557554,0.9456784793248676
calce_CX2_36,1,0.9999651908874512,1.0,0.9375073607557554,0.9456784793248676
calce_CX2_36,1,0.9999651908874512,1.0,0.9375073607557554,0.9456784793248676
calce_CX2_36,1,0.9999651908874512,1.0,0.9375073607557554,0.9456784793248676
calce_CX2_36,1,0.9999239444732666,1.0,0.9375033945929301,0.9333578021216414
calce_CX2_36,1,0.9999651908874512,1.0,0.9375073607557554,0.9456784793248676
calce_CX2_36,1,0.9999651908874512,1.0,0.9375073607557554,0.9456784793248676
calce_CX2_36,1,0.9999651908874512,1.0,0.9375073607557554,0.9456784793248676
calce_CX2_36,1,0.9999651908874512,1.0,0.9375073607557554,0.9456784793248676
calce_CX2_36,1,0.9999651908874512,1.0,0.9375073607557554,0.9456784793248676
calce_CX2_36,1,0.9999651908874512,1.0,0.9375073607557554,0.9456784793248676
calce_CX2_36,1,0.9999651908874512,1.0,0.9375073607557554,0.9456784793248676
calce_CX2_36,1,0.9999651908874512,1.0,0.9375073607557554,0.9456784793248676
calce_CX2_36,1,0.9999651908874512,1.0,0.9375073607557554,0.9456784793248676
calce_CX2_36,1,0.9999651908874512,1.0,0.9375073607557554,0.9456784793248676
calce_CX2_36,1,0.9999651908874512,1.0,0.9375073607557554,0.9456784793248676
calce_CX2_36,1,0.9999369382858276,1.0,0.9375046440741964,0.9365288551002193
calce_CX2_36,1,0.9999651908874512,1.0,0.9375073607557554,0.9456784793248676
calce_CX2_36,1,0.9999651908874512,1.0,0.9375073607557554,0.9456784793248676
calce_CX2_36,1,0.9999572038650513,1.0,0.9375065927599082,0.942648288624279
calce_CX2_36,1,0.9999651908874512,1.0,0.9375073607557554,0.9456784793248676
calce_CX2_36,1,0.9999651908874512,1.0,0.9375073607557554,0.9456784793248676
calce_CX2_36,1,0.9999651908874512,1.0,0.9375073607557554,0.9456784793248676
calce_CX2_36,1,0.9999651908874512,1.0,0.9375073607557554,0.9456784793248676
calce_CX2_36,1,0.9999651908874512,1.0,0.9375073607557554,0.9456784793248676
calce_CX2_36,1,0.9999651908874512,1.0,0.9375073607557554,0.9456784793248676
calce_CX2_36,1,0.9999651908874512,1.0,0.9375073607557554,0.9456784793248676
calce_CX2_36,1,0.9999651908874512,1.0,0.9375073607557554,0.9456784793248676
calce_CX2_36,1,0.9999651908874512,1.0,0.9375073607557554,0.9456784793248676
calce_CX2_36,1,0.9999651908874512,1.0,0.9375073607557554,0.9456784793248676
calce_CX2_36,1,0.9999651908874512,1.0,0.9375073607557554,0.9456784793248676
calce_CX2_36,1,0.9999651908874512,1.0,0.9375073607557554,0.9456784793248676
calce_CX2_36,1,0.9999651908874512,1.0,0.9375073607557554,0.9456784793248676
calce_CX2_36,1,0.9999651908874512,1.0,0.9375073607557554,0.9456784793248676
calce_CX2_36,1,0.9999651908874512,1.0,0.9375073607557554,0.9456784793248676
calce_CX2_36,1,0.9999651908874512,1.0,0.9375073607557554,0.9456784793248676
calce_CX2_36,1,0.9999239444732666,1.0,0.9375033945929301,0.9333578021216414
calce_CX2_36,1,0.9999651908874512,1.0,0.9375073607557554,0.9456784793248676
calce_CX2_36,1,0.9999659061431885,1.0,0.9375074295310732,0.9459745562231523
calce_CX2_36,1,0.9999651908874512,1.0,0.9375073607557554,0.9456784793248676
calce_CX2_36,1,0.9999659061431885,1.0,0.9375074295310732,0.9459745562231523
calce_CX2_36,1,0.9999651908874512,1.0,0.9375073607557554,0.9456784793248676
calce_CX2_36,1,0.9999369382858276,1.0,0.9375046440741964,0.9365288551002193
calce_CX2_36,1,0.9999651908874512,1.0,0.9375073607557554,0.9456784793248676
calce_CX2_36,1,0.9999651908874512,1.0,0.9375073607557554,0.9456784793248676
calce_CX2_36,1,0.9999651908874512,1.0,0.9375073607557554,0.9456784793248676
calce_CX2_36,1,0.9999651908874512,1.0,0.9375073607557554,0.9456784793248676
calce_CX2_36,1,0.9999651908874512,1.0,0.9375073607557554,0.9456784793248676
calce_CX2_36,1,0.9999659061431885,1.0,0.9375074295310732,0.9459745562231523
calce_CX2_36,1,0.9999651908874512,1.0,0.9375073607557554,0.9456784793248676
calce_CX2_36,1,0.9999651908874512,1.0,0.9375073607557554,0.9456784793248676
calce_CX2_36,1,0.9999651908874512,1.0,0.9375073607557554,0.9456784793248676
calce_CX2_36,1,0.9999651908874512,1.0,0.9375073607557554,0.9456784793248676
calce_CX2_36,1,0.9999369382858276,1.0,0.9375046440741964,0.9365288551002193
calce_CX2_36,1,0.9999651908874512,1.0,0.9375073607557554,0.9456784793248676
calce_CX2_36,1,0.9999651908874512,1.0,0.9375073607557554,0.9456784793248676
calce_CX2_36,1,0.9999651908874512,1.0,0.9375073607557554,0.9456784793248676
calce_CX2_36,1,0.9999651908874512,1.0,0.9375073607557554,0.9456784793248676
calce_CX2_36,1,0.9999651908874512,1.0,0.9375073607557554,0.9456784793248676
calce_CX2_36,1,0.9999651908874512,1.0,0.9375073607557554,0.9456784793248676
calce_CX2_36,1,0.9999651908874512,1.0,0.9375073607557554,0.9456784793248676
calce_CX2_36,1,0.9999651908874512,1.0,0.9375073607557554,0.9456784793248676
calce_CX2_36,1,0.9999651908874512,1.0,0.9375073607557554,0.9456784793248676
calce_CX2_36,1,0.9999651908874512,1.0,0.9375073607557554,0.9456784793248676
calce_CX2_36,1,0.9999651908874512,1.0,0.9375073607557554,0.9456784793248676
calce_CX2_36,1,0.9999651908874512,1.0,0.9375073607557554,0.9456784793248676
calce_CX2_36,1,0.9999651908874512,1.0,0.9375073607557554,0.9456784793248676
calce_CX2_36,1,0.9999651908874512,1.0,0.9375073607557554,0.9456784793248676
calce_CX2_36,1,0.9999651908874512,1.0,0.9375073607557554,0.9456784793248676
calce_CX2_36,1,0.9999651908874512,1.0,0.9375073607557554,0.9456784793248676
calce_CX2_36,1,0.9999651908874512,1.0,0.9375073607557554,0.9456784793248676
calce_CX2_36,1,0.9999651908874512,1.0,0.9375073607557554,0.9456784793248676
calce_CX2_36,1,0.9999651908874512,1.0,0.9375073607557554,0.9456784793248676
calce_CX2_36,1,0.9999651908874512,1.0,0.9375073607557554,0.9456784793248676
calce_CX2_36,1,0.9999239444732666,1.0,0.9375033945929301,0.9333578021216414
calce_CX2_36,1,0.9999659061431885,1.0,0.9375074295310732,0.9459745562231523
calce_CX2_36,1,0.9999651908874512,1.0,0.9375073607557554,0.9456784793248676
calce_CX2_36,1,0.9999651908874512,1.0,0.9375073607557554,0.9456784793248676
calce_CX2_36,1,0.9999651908874512,1.0,0.9375073607557554,0.9456784793248676
calce_CX2_36,1,0.9999651908874512,1.0,0.9375073607557554,0.9456784793248676
calce_CX2_36,1,0.9999651908874512,1.0,0.9375073607557554,0.9456784793248676
calce_CX2_36,1,0.9999651908874512,1.0,0.9375073607557554,0.9456784793248676
calce_CX2_36,1,0.9999651908874512,1.0,0.9375073607557554,0.9456784793248676
calce_CX2_36,1,0.9999659061431885,1.0,0.9375074295310732,0.9459745562231523
calce_CX2_36,1,0.9999651908874512,1.0,0.9375073607557554,0.9456784793248676
calce_CX2_36,1,0.9999651908874512,1.0,0.9375073607557554,0.9456784793248676
calce_CX2_36,1,0.9999651908874512,1.0,0.9375073607557554,0.9456784793248676
calce_CX2_36,1,0.9999651908874512,1.0,0.9375073607557554,0.9456784793248676
calce_CX2_36,1,0.9999651908874512,1.0,0.9375073607557554,0.9456784793248676
calce_CX2_36,1,0.9999651908874512,1.0,0.9375073607557554,0.9456784793248676
calce_CX2_36,1,0.9999651908874512,1.0,0.9375073607557554,0.9456784793248676
calce_CX2_36,1,0.9999651908874512,1.0,0.9375073607557554,0.9456784793248676
calce_CX2_36,1,0.9999651908874512,1.0,0.9375073607557554,0.9456784793248676
calce_CX2_36,1,0.9999651908874512,1.0,0.9375073607557554,0.9456784793248676
calce_CX2_36,1,0.9999651908874512,1.0,0.9375073607557554,0.9456784793248676
calce_CX2_36,1,0.9999651908874512,1.0,0.9375073607557554,0.9456784793248676
calce_CX2_36,1,0.9999651908874512,1.0,0.9375073607557554,0.9456784793248676
calce_CX2_36,1,0.9999651908874512,1.0,0.9375073607557554,0.9456784793248676
calce_CX2_36,1,0.9999651908874512,1.0,0.9375073607557554,0.9456784793248676
calce_CX2_36,1,0.999910831451416,1.0,0.9375021336248954,0.9305506151248356
calce_CX2_36,1,0.9999651908874512,1.0,0.9375073607557554,0.9456784793248676
calce_CX2_36,1,0.999910831451416,1.0,0.9375021336248954,0.9305506151248356
calce_CX2_36,1,0.9999651908874512,1.0,0.9375073607557554,0.9456784793248676
calce_CX2_36,1,0.9999651908874512,1.0,0.9375073607557554,0.9456784793248676
calce_CX2_36,1,0.9999651908874512,1.0,0.9375073607557554,0.9456784793248676
calce_CX2_36,1,0.9999651908874512,1.0,0.9375073607557554,0.9456784793248676
calce_CX2_36,1,0.9999659061431885,1.0,0.9375074295310732,0.9459745562231523
calce_CX2_36,1,0.9999659061431885,1.0,0.9375074295310732,0.9459745562231523
calce_CX2_36,1,0.9999369382858276,1.0,0.9375046440741964,0.9365288551002193
calce_CX2_36,1,0.9999651908874512,1.0,0.9375073607557554,0.9456784793248676
calce_CX2_36,1,0.9999651908874512,1.0,0.9375073607557554,0.9456784793248676
calce_CX2_36,1,0.9999651908874512,1.0,0.9375073607557554,0.9456784793248676
calce_CX2_36,1,0.9999651908874512,1.0,0.9375073607557554,0.9456784793248676
calce_CX2_36,1,0.9999651908874512,1.0,0.9375073607557554,0.9456784793248676
calce_CX2_36,1,0.9999651908874512,1.0,0.9375073607557554,0.9456784793248676
calce_CX2_36,1,0.9999651908874512,1.0,0.9375073607557554,0.9456784793248676
calce_CX2_36,1,0.9999651908874512,1.0,0.9375073607557554,0.9456784793248676
calce_CX2_36,1,0.9999651908874512,1.0,0.9375073607557554,0.9456784793248676
calce_CX2_36,1,0.9999651908874512,1.0,0.9375073607557554,0.9456784793248676
calce_CX2_36,1,0.9999651908874512,1.0,0.9375073607557554,0.9456784793248676
calce_CX2_36,1,0.9999369382858276,1.0,0.9375046440741964,0.9365288551002193
calce_CX2_36,1,0.9999651908874512,1.0,0.9375073607557554,0.9456784793248676
calce_CX2_36,1,0.9999659061431885,1.0,0.9375074295310732,0.9459745562231523
calce_CX2_36,1,0.9999651908874512,1.0,0.9375073607557554,0.9456784793248676
calce_CX2_36,1,0.9999651908874512,1.0,0.9375073607557554,0.9456784793248676
calce_CX2_36,1,0.9999651908874512,1.0,0.9375073607557554,0.9456784793248676
calce_CX2_36,1,0.9999651908874512,1.0,0.9375073607557554,0.9456784793248676
calce_CX2_36,1,0.9999651908874512,1.0,0.9375073607557554,0.9456784793248676
calce_CX2_36,1,0.9999651908874512,1.0,0.9375073607557554,0.9456784793248676
calce_CX2_36,1,0.9999604225158691,1.0,0.9375069022518316,0.9438134709414625
calce_CX2_36,1,0.9999239444732666,1.0,0.9375033945929301,0.9333578021216414
calce_CX2_36,1,0.9999651908874512,1.0,0.9375073607557554,0.9456784793248676
calce_CX2_36,1,0.9999651908874512,1.0,0.9375073607557554,0.9456784793248676
calce_CX2_36,1,0.9999651908874512,1.0,0.9375073607557554,0.9456784793248676
calce_CX2_36,1,0.9999659061431885,1.0,0.9375074295310732,0.9459745562231523
calce_CX2_36,1,0.9999651908874512,1.0,0.9375073607557554,0.9456784793248676
calce_CX2_36,1,0.9999651908874512,1.0,0.9375073607557554,0.9456784793248676
calce_CX2_36,1,0.9999651908874512,1.0,0.9375073607557554,0.9456784793248676
calce_CX2_36,1,0.9999651908874512,1.0,0.9375073607557554,0.9456784793248676
calce_CX2_36,1,0.9999651908874512,1.0,0.9375073607557554,0.9456784793248676
calce_CX2_36,1,0.9999659061431885,1.0,0.9375074295310732,0.9459745562231523
calce_CX2_36,1,0.9999651908874512,1.0,0.9375073607557554,0.9456784793248676
calce_CX2_36,1,0.9999651908874512,1.0,0.9375073607557554,0.9456784793248676
calce_CX2_36,1,0.9999651908874512,1.0,0.9375073607557554,0.9456784793248676
calce_CX2_36,1,0.9999659061431885,1.0,0.9375074295310732,0.9459745562231523
calce_CX2_36,1,0.9999651908874512,1.0,0.9375073607557554,0.9456784793248676
calce_CX2_36,1,0.9999651908874512,1.0,0.9375073607557554,0.9456784793248676
calce_CX2_36,1,0.9999651908874512,1.0,0.9375073607557554,0.9456784793248676
calce_CX2_36,1,0.9999651908874512,1.0,0.9375073607557554,0.9456784793248676
calce_CX2_36,1,0.9999651908874512,1.0,0.9375073607557554,0.9456784793248676
calce_CX2_36,1,0.9999651908874512,1.0,0.9375073607557554,0.9456784793248676
calce_CX2_36,1,0.9999659061431885,1.0,0.9375074295310732,0.9459745562231523
calce_CX2_36,1,0.9999651908874512,1.0,0.9375073607557554,0.9456784793248676
calce_CX2_36,1,0.9999651908874512,1.0,0.9375073607557554,0.9456784793248676
calce_CX2_36,1,0.9999651908874512,1.0,0.9375073607557554,0.9456784793248676
calce_CX2_36,1,0.9999651908874512,1.0,0.9375073607557554,0.9456784793248676
calce_CX2_36,1,0.9999659061431885,1.0,0.9375074295310732,0.9459745562231523
calce_CX2_36,1,0.9999651908874512,1.0,0.9375073607557554,0.9456784793248676
calce_CX2_36,1,0.9999651908874512,1.0,0.9375073607557554,0.9456784793248676
calce_CX2_36,1,0.9999651908874512,1.0,0.9375073607557554,0.9456784793248676
calce_CX2_36,1,0.9999651908874512,1.0,0.9375073607557554,0.9456784793248676
calce_CX2_36,1,0.9999651908874512,1.0,0.9375073607557554,0.9456784793248676
calce_CX2_36,1,0.9999651908874512,1.0,0.9375073607557554,0.9456784793248676
calce_CX2_36,1,0.9999651908874512,1.0,0.9375073607557554,0.9456784793248676
calce_CX2_36,1,0.9999651908874512,1.0,0.9375073607557554,0.9456784793248676
calce_CX2_36,1,0.9999651908874512,1.0,0.9375073607557554,0.9456784793248676
calce_CX2_36,1,0.9999651908874512,1.0,0.9375073607557554,0.9456784793248676
calce_CX2_36,1,0.9999651908874512,1.0,0.9375073607557554,0.9456784793248676
calce_CX2_36,1,0.9999651908874512,1.0,0.9375073607557554,0.9456784793248676
calce_CX2_36,1,0.9999651908874512,1.0,0.9375073607557554,0.9456784793248676
calce_CX2_36,1,0.9999651908874512,1.0,0.9375073607557554,0.9456784793248676
calce_CX2_36,1,0.9999651908874512,1.0,0.9375073607557554,0.9456784793248676
calce_CX2_36,1,0.9999651908874512,1.0,0.9375073607557554,0.9456784793248676
calce_CX2_36,1,0.9999651908874512,1.0,0.9375073607557554,0.9456784793248676
calce_CX2_36,1,0.9999659061431885,1.0,0.9375074295310732,0.9459745562231523
calce_CX2_36,1,0.9999651908874512,1.0,0.9375073607557554,0.9456784793248676
calce_CX2_36,1,0.9999651908874512,1.0,0.9375073607557554,0.9456784793248676
calce_CX2_36,1,0.9999651908874512,1.0,0.9375073607557554,0.9456784793248676
calce_CX2_36,1,0.9999651908874512,1.0,0.9375073607557554,0.9456784793248676
calce_CX2_36,1,0.9999651908874512,1.0,0.9375073607557554,0.9456784793248676
calce_CX2_36,1,0.9999651908874512,1.0,0.9375073607557554,0.9456784793248676
calce_CX2_36,1,0.9999651908874512,1.0,0.9375073607557554,0.9456784793248676
calce_CX2_36,1,0.9999651908874512,1.0,0.9375073607557554,0.9456784793248676
calce_CX2_36,1,0.9999651908874512,1.0,0.9375073607557554,0.9456784793248676
calce_CX2_36,1,0.9999651908874512,1.0,0.9375073607557554,0.9456784793248676
calce_CX2_36,1,0.9999651908874512,1.0,0.9375073607557554,0.9456784793248676
calce_CX2_36,1,0.9999651908874512,1.0,0.9375073607557554,0.9456784793248676
calce_CX2_36,1,0.9999651908874512,1.0,0.9375073607557554,0.9456784793248676
calce_CX2_36,1,0.9999651908874512,1.0,0.9375073607557554,0.9456784793248676
calce_CX2_36,1,0.9999239444732666,1.0,0.9375033945929301,0.9333578021216414
calce_CX2_36,1,0.9999651908874512,1.0,0.9375073607557554,0.9456784793248676
calce_CX2_36,1,0.9999651908874512,1.0,0.9375073607557554,0.9456784793248676
calce_CX2_36,1,0.9999651908874512,1.0,0.9375073607557554,0.9456784793248676
calce_CX2_36,1,0.9999651908874512,1.0,0.9375073607557554,0.9456784793248676
calce_CX2_36,1,0.9999651908874512,1.0,0.9375073607557554,0.9456784793248676
calce_CX2_36,1,0.9999239444732666,1.0,0.9375033945929301,0.9333578021216414
calce_CX2_36,1,0.9999651908874512,1.0,0.9375073607557554,0.9456784793248676
calce_CX2_36,1,0.9999239444732666,1.0,0.9375033945929301,0.9333578021216414
calce_CX2_36,1,0.9999651908874512,1.0,0.9375073607557554,0.9456784793248676
calce_CX2_36,1,0.9999651908874512,1.0,0.9375073607557554,0.9456784793248676
calce_CX2_36,1,0.9999651908874512,1.0,0.9375073607557554,0.9456784793248676
calce_CX2_36,1,0.9999651908874512,1.0,0.9375073607557554,0.9456784793248676
calce_CX2_36,1,0.9999651908874512,1.0,0.9375073607557554,0.9456784793248676
calce_CX2_36,1,0.9999651908874512,1.0,0.9375073607557554,0.9456784793248676
calce_CX2_36,1,0.9999651908874512,1.0,0.9375073607557554,0.9456784793248676
calce_CX2_36,1,0.9999651908874512,1.0,0.9375073607557554,0.9456784793248676
calce_CX2_36,1,0.9999651908874512,1.0,0.9375073607557554,0.9456784793248676
calce_CX2_36,1,0.9999667406082153,1.0,0.9375075097688546,0.9463259403400861
calce_CX2_36,1,0.9999651908874512,1.0,0.9375073607557554,0.9456784793248676
calce_CX2_36,1,0.9999604225158691,1.0,0.9375069022518316,0.9438134709414625
calce_CX2_36,1,0.9999651908874512,1.0,0.9375073607557554,0.9456784793248676
calce_CX2_36,1,0.9999651908874512,1.0,0.9375073607557554,0.9456784793248676
calce_CX2_36,1,0.9999651908874512,1.0,0.9375073607557554,0.9456784793248676
calce_CX2_36,1,0.9999651908874512,1.0,0.9375073607557554,0.9456784793248676
calce_CX2_36,1,0.9999651908874512,1.0,0.9375073607557554,0.9456784793248676
calce_CX2_36,1,0.9999239444732666,1.0,0.9375033945929301,0.9333578021216414
calce_CX2_36,1,0.9999651908874512,1.0,0.9375073607557554,0.9456784793248676
calce_CX2_36,1,0.9999651908874512,1.0,0.9375073607557554,0.9456784793248676
calce_CX2_36,1,0.9999659061431885,1.0,0.9375074295310732,0.9459745562231523
calce_CX2_36,1,0.9999651908874512,1.0,0.9375073607557554,0.9456784793248676
calce_CX2_36,1,0.9999651908874512,1.0,0.9375073607557554,0.9456784793248676
calce_CX2_36,1,0.9999659061431885,1.0,0.9375074295310732,0.9459745562231523
calce_CX2_36,1,0.9999651908874512,1.0,0.9375073607557554,0.9456784793248676
calce_CX2_36,1,0.9999651908874512,1.0,0.9375073607557554,0.9456784793248676
calce_CX2_36,1,0.9999651908874512,1.0,0.9375073607557554,0.9456784793248676
calce_CX2_36,1,0.9999651908874512,1.0,0.9375073607557554,0.9456784793248676
calce_CX2_36,1,0.9999651908874512,1.0,0.9375073607557554,0.9456784793248676
calce_CX2_36,1,0.9999651908874512,1.0,0.9375073607557554,0.9456784793248676
calce_CX2_36,1,0.9999659061431885,1.0,0.9375074295310732,0.9459745562231523
calce_CX2_36,1,0.9999651908874512,1.0,0.9375073607557554,0.9456784793248676
calce_CX2_36,1,0.9999659061431885,1.0,0.9375074295310732,0.9459745562231523
calce_CX2_36,1,0.9999651908874512,1.0,0.9375073607557554,0.9456784793248676
calce_CX2_36,1,0.9999651908874512,1.0,0.9375073607557554,0.9456784793248676
calce_CX2_36,1,0.9999651908874512,1.0,0.9375073607557554,0.9456784793248676
calce_CX2_36,1,0.9999651908874512,1.0,0.9375073607557554,0.9456784793248676
calce_CX2_36,1,0.9999651908874512,1.0,0.9375073607557554,0.9456784793248676
calce_CX2_36,1,0.9999651908874512,1.0,0.9375073607557554,0.9456784793248676
calce_CX2_36,1,0.9999651908874512,1.0,0.9375073607557554,0.9456784793248676
calce_CX2_36,1,0.9999651908874512,1.0,0.9375073607557554,0.9456784793248676
calce_CX2_36,1,0.9999651908874512,1.0,0.9375073607557554,0.9456784793248676
calce_CX2_36,1,0.9999659061431885,1.0,0.9375074295310732,0.9459745562231523
calce_CX2_36,1,0.9999651908874512,1.0,0.9375073607557554,0.9456784793248676
calce_CX2_36,1,0.9999651908874512,1.0,0.9375073607557554,0.9456784793248676
calce_CX2_36,1,0.9999651908874512,1.0,0.9375073607557554,0.9456784793248676
calce_CX2_36,1,0.9999651908874512,1.0,0.9375073607557554,0.9456784793248676
calce_CX2_36,1,0.9999651908874512,1.0,0.9375073607557554,0.9456784793248676
calce_CX2_36,1,0.9999651908874512,1.0,0.9375073607557554,0.9456784793248676
calce_CX2_36,1,0.9999651908874512,1.0,0.9375073607557554,0.9456784793248676
calce_CX2_36,1,0.9999604225158691,1.0,0.9375069022518316,0.9438134709414625
calce_CX2_36,1,0.9999659061431885,1.0,0.9375074295310732,0.9459745562231523
calce_CX2_36,1,0.9999651908874512,1.0,0.9375073607557554,0.9456784793248676
calce_CX2_36,1,0.9999651908874512,1.0,0.9375073607557554,0.9456784793248676
calce_CX2_36,1,0.9999651908874512,1.0,0.9375073607557554,0.9456784793248676
calce_CX2_36,1,0.9999651908874512,1.0,0.9375073607557554,0.9456784793248676
calce_CX2_36,1,0.9999651908874512,1.0,0.9375073607557554,0.9456784793248676
calce_CX2_36,1,0.9999651908874512,1.0,0.9375073607557554,0.9456784793248676
calce_CX2_36,1,0.9999651908874512,1.0,0.9375073607557554,0.9456784793248676
calce_CX2_36,1,0.9999651908874512,1.0,0.9375073607557554,0.9456784793248676
calce_CX2_36,1,0.9999651908874512,1.0,0.9375073607557554,0.9456784793248676
calce_CX2_36,1,0.9999616146087646,1.0,0.937507016878107,0.9442631519900346
calce_CX2_36,1,0.9999239444732666,1.0,0.9375033945929301,0.9333578021216414
calce_CX2_36,1,0.9999659061431885,1.0,0.9375074295310732,0.9459745562231523
calce_CX2_36,1,0.9999651908874512,1.0,0.9375073607557554,0.9456784793248676
calce_CX2_36,1,0.9999651908874512,1.0,0.9375073607557554,0.9456784793248676
calce_CX2_36,1,0.9999651908874512,1.0,0.9375073607557554,0.9456784793248676
calce_CX2_36,1,0.9999651908874512,1.0,0.9375073607557554,0.9456784793248676
calce_CX2_36,1,0.9999651908874512,1.0,0.9375073607557554,0.9456784793248676
calce_CX2_36,1,0.9999651908874512,1.0,0.9375073607557554,0.9456784793248676
calce_CX2_36,1,0.9999532699584961,1.0,0.937506214490059,0.9413106726502967
calce_CX2_36,1,0.9999651908874512,1.0,0.9375073607557554,0.9456784793248676
calce_CX2_36,1,0.9999604225158691,1.0,0.9375069022518316,0.9438134709414625
calce_CX2_36,1,0.9999651908874512,1.0,0.9375073607557554,0.9456784793248676
calce_CX2_36,1,0.9999651908874512,1.0,0.9375073607557554,0.9456784793248676
calce_CX2_36,1,0.9999651908874512,1.0,0.9375073607557554,0.9456784793248676
calce_CX2_36,1,0.9999651908874512,1.0,0.9375073607557554,0.9456784793248676
calce_CX2_36,1,0.9999604225158691,1.0,0.9375069022518316,0.9438134709414625
calce_CX2_36,1,0.9999651908874512,1.0,0.9375073607557554,0.9456784793248676
calce_CX2_36,1,0.999963641166687,1.0,0.9375072117423245,0.9450523423385211
calce_CX2_36,1,0.9999651908874512,1.0,0.9375073607557554,0.9456784793248676
calce_CX2_36,1,0.9999651908874512,1.0,0.9375073607557554,0.9456784793248676
calce_CX2_36,1,0.9999651908874512,1.0,0.9375073607557554,0.9456784793248676
calce_CX2_36,1,0.9999651908874512,1.0,0.9375073607557554,0.9456784793248676
calce_CX2_36,1,0.9999651908874512,1.0,0.9375073607557554,0.9456784793248676
calce_CX2_36,1,0.9999651908874512,1.0,0.9375073607557554,0.9456784793248676
calce_CX2_36,1,0.9999651908874512,1.0,0.9375073607557554,0.9456784793248676
calce_CX2_36,1,0.9999651908874512,1.0,0.9375073607557554,0.9456784793248676
calce_CX2_36,1,0.9999651908874512,1.0,0.9375073607557554,0.9456784793248676
calce_CX2_36,1,0.9999651908874512,1.0,0.9375073607557554,0.9456784793248676
calce_CX2_36,1,0.9999651908874512,1.0,0.9375073607557554,0.9456784793248676
calce_CX2_36,1,0.9999651908874512,1.0,0.9375073607557554,0.9456784793248676
calce_CX2_36,1,0.9999651908874512,1.0,0.9375073607557554,0.9456784793248676
calce_CX2_36,1,0.9999369382858276,1.0,0.9375046440741964,0.9365288551002193
calce_CX2_36,1,0.9999651908874512,1.0,0.9375073607557554,0.9456784793248676
calce_CX2_36,1,0.9999651908874512,1.0,0.9375073607557554,0.9456784793248676
calce_CX2_36,1,0.9999651908874512,1.0,0.9375073607557554,0.9456784793248676
calce_CX2_36,1,0.9999651908874512,1.0,0.9375073607557554,0.9456784793248676
calce_CX2_36,1,0.9999651908874512,1.0,0.9375073607557554,0.9456784793248676
calce_CX2_36,1,0.9999651908874512,1.0,0.9375073607557554,0.9456784793248676
calce_CX2_36,1,0.9999651908874512,1.0,0.9375073607557554,0.9456784793248676
calce_CX2_36,1,0.9999651908874512,1.0,0.9375073607557554,0.9456784793248676
calce_CX2_36,1,0.9999659061431885,1.0,0.9375074295310732,0.9459745562231523
calce_CX2_36,1,0.9999651908874512,1.0,0.9375073607557554,0.9456784793248676
calce_CX2_36,1,0.9999369382858276,1.0,0.9375046440741964,0.9365288551002193
calce_CX2_36,1,0.9999651908874512,1.0,0.9375073607557554,0.9456784793248676
calce_CX2_36,1,0.9999651908874512,1.0,0.9375073607557554,0.9456784793248676
calce_CX2_36,1,0.9999651908874512,1.0,0.9375073607557554,0.9456784793248676
calce_CX2_36,1,0.9999651908874512,1.0,0.9375073607557554,0.9456784793248676
calce_CX2_36,1,0.9999651908874512,1.0,0.9375073607557554,0.9456784793248676
calce_CX2_36,1,0.9999651908874512,1.0,0.9375073607557554,0.9456784793248676
calce_CX2_36,1,0.9999651908874512,1.0,0.9375073607557554,0.9456784793248676
calce_CX2_36,1,0.9999651908874512,1.0,0.9375073607557554,0.9456784793248676
calce_CX2_36,1,0.9999651908874512,1.0,0.9375073607557554,0.9456784793248676
calce_CX2_36,1,0.9999651908874512,1.0,0.9375073607557554,0.9456784793248676
calce_CX2_36,1,0.9999651908874512,1.0,0.9375073607557554,0.9456784793248676
calce_CX2_36,1,0.9999651908874512,1.0,0.9375073607557554,0.9456784793248676
calce_CX2_36,1,0.9999651908874512,1.0,0.9375073607557554,0.9456784793248676
calce_CX2_36,1,0.9999651908874512,1.0,0.9375073607557554,0.9456784793248676
calce_CX2_36,1,0.9999651908874512,1.0,0.9375073607557554,0.9456784793248676
calce_CX2_36,1,0.9999651908874512,1.0,0.9375073607557554,0.9456784793248676
calce_CX2_36,1,0.9999651908874512,1.0,0.9375073607557554,0.9456784793248676
calce_CX2_36,1,0.9999651908874512,1.0,0.9375073607557554,0.9456784793248676
calce_CX2_36,1,0.9999651908874512,1.0,0.9375073607557554,0.9456784793248676
calce_CX2_36,1,0.9999651908874512,1.0,0.9375073607557554,0.9456784793248676
calce_CX2_36,1,0.9999651908874512,1.0,0.9375073607557554,0.9456784793248676
calce_CX2_36,1,0.9999651908874512,1.0,0.9375073607557554,0.9456784793248676
calce_CX2_36,1,0.9999651908874512,1.0,0.9375073607557554,0.9456784793248676
calce_CX2_36,1,0.9999651908874512,1.0,0.9375073607557554,0.9456784793248676
calce_CX2_36,1,0.9999651908874512,1.0,0.9375073607557554,0.9456784793248676
calce_CX2_36,1,0.9999651908874512,1.0,0.9375073607557554,0.9456784793248676
calce_CX2_36,1,0.9999651908874512,1.0,0.9375073607557554,0.9456784793248676
calce_CX2_36,1,0.9999651908874512,1.0,0.9375073607557554,0.9456784793248676
calce_CX2_36,1,0.9999651908874512,1.0,0.9375073607557554,0.9456784793248676
calce_CX2_36,1,0.9999651908874512,1.0,0.9375073607557554,0.9456784793248676
calce_CX2_36,1,0.9999651908874512,1.0,0.9375073607557554,0.9456784793248676
calce_CX2_36,1,0.9999651908874512,1.0,0.9375073607557554,0.9456784793248676
calce_CX2_36,1,0.9999651908874512,1.0,0.9375073607557554,0.9456784793248676
calce_CX2_36,1,0.9999651908874512,1.0,0.9375073607557554,0.9456784793248676
calce_CX2_36,1,0.9999651908874512,1.0,0.9375073607557554,0.9456784793248676
calce_CX2_36,1,0.9999651908874512,1.0,0.9375073607557554,0.9456784793248676
calce_CX2_36,1,0.9999651908874512,1.0,0.9375073607557554,0.9456784793248676
calce_CX2_36,1,0.9999651908874512,1.0,0.9375073607557554,0.9456784793248676
calce_CX2_36,1,0.9999651908874512,1.0,0.9375073607557554,0.9456784793248676
calce_CX2_36,1,0.9999651908874512,1.0,0.9375073607557554,0.9456784793248676
calce_CX2_36,1,0.9999651908874512,1.0,0.9375073607557554,0.9456784793248676
calce_CX2_36,1,0.9999651908874512,1.0,0.9375073607557554,0.9456784793248676
calce_CX2_36,1,0.9999651908874512,1.0,0.9375073607557554,0.9456784793248676
calce_CX2_36,1,0.9999659061431885,1.0,0.9375074295310732,0.9459745562231523
calce_CX2_36,1,0.9999651908874512,1.0,0.9375073607557554,0.9456784793248676
calce_CX2_36,1,0.9999651908874512,1.0,0.9375073607557554,0.9456784793248676
calce_CX2_36,1,0.9999651908874512,1.0,0.9375073607557554,0.9456784793248676
calce_CX2_36,1,0.9999651908874512,1.0,0.9375073607557554,0.9456784793248676
calce_CX2_36,1,0.9999651908874512,1.0,0.9375073607557554,0.9456784793248676
calce_CX2_36,1,0.9999651908874512,1.0,0.9375073607557554,0.9456784793248676
calce_CX2_36,1,0.9999651908874512,1.0,0.9375073607557554,0.9456784793248676
calce_CX2_36,1,0.9999651908874512,1.0,0.9375073607557554,0.9456784793248676
calce_CX2_36,1,0.9999659061431885,1.0,0.9375074295310732,0.9459745562231523
calce_CX2_36,1,0.9999651908874512,1.0,0.9375073607557554,0.9456784793248676
calce_CX2_36,1,0.9999651908874512,1.0,0.9375073607557554,0.9456784793248676
calce_CX2_36,1,0.9998965263366699,1.0,0.9375007579963208,0.9278260710005386
calce_CX2_36,1,0.9998886585235596,0.990909090909091,0.937500001388559,0.9264481581663556
calce_CX2_36,1,0.999854326248169,0.9485235434956105,0.9374966997273736,0.9211850506872146
calce_CX2_36,1,0.9999651908874512,1.0,0.9375073607557554,0.9456784793248676
calce_CX2_36,1,0.9999651908874512,1.0,0.9375073607557554,0.9456784793248676
calce_CX2_36,1,0.9999651908874512,1.0,0.9375073607557554,0.9456784793248676
calce_CX2_36,1,0.9999651908874512,1.0,0.9375073607557554,0.9456784793248676
calce_CX2_36,1,0.9999659061431885,1.0,0.9375074295310732,0.9459745562231523
calce_CX2_36,1,0.9999651908874512,1.0,0.9375073607557554,0.9456784793248676
calce_CX2_36,1,0.9999651908874512,1.0,0.9375073607557554,0.9456784793248676
calce_CX2_36,1,0.9999651908874512,1.0,0.9375073607557554,0.9456784793248676
calce_CX2_36,1,0.9999651908874512,1.0,0.9375073607557554,0.9456784793248676
calce_CX2_36,1,0.9999659061431885,1.0,0.9375074295310732,0.9459745562231523
calce_CX2_36,1,0.9999651908874512,1.0,0.9375073607557554,0.9456784793248676
calce_CX2_36,1,0.9999651908874512,1.0,0.9375073607557554,0.9456784793248676
calce_CX2_36,1,0.9999659061431885,1.0,0.9375074295310732,0.9459745562231523
calce_CX2_36,1,0.9999651908874512,1.0,0.9375073607557554,0.9456784793248676
calce_CX2_36,1,0.9999651908874512,1.0,0.9375073607557554,0.9456784793248676
calce_CX2_36,1,0.9999651908874512,1.0,0.9375073607557554,0.9456784793248676
calce_CX2_36,1,0.9999651908874512,1.0,0.9375073607557554,0.9456784793248676
calce_CX2_36,1,0.9999651908874512,1.0,0.9375073607557554,0.9456784793248676
calce_CX2_36,1,0.9999651908874512,1.0,0.9375073607557554,0.9456784793248676
calce_CX2_36,1,0.9999651908874512,1.0,0.9375073607557554,0.9456784793248676
calce_CX2_36,1,0.9999651908874512,1.0,0.9375073607557554,0.9456784793248676
calce_CX2_36,1,0.9999651908874512,1.0,0.9375073607557554,0.9456784793248676
calce_CX2_36,1,0.9999369382858276,1.0,0.9375046440741964,0.9365288551002193
calce_CX2_36,1,0.9999651908874512,1.0,0.9375073607557554,0.9456784793248676
calce_CX2_36,1,0.9999651908874512,1.0,0.9375073607557554,0.9456784793248676
calce_CX2_36,1,0.9999651908874512,1.0,0.9375073607557554,0.9456784793248676
calce_CX2_36,1,0.9999651908874512,1.0,0.9375073607557554,0.9456784793248676
calce_CX2_36,1,0.9999651908874512,1.0,0.9375073607557554,0.9456784793248676
calce_CX2_36,1,0.9999651908874512,1.0,0.9375073607557554,0.9456784793248676
calce_CX2_36,1,0.9999651908874512,1.0,0.9375073607557554,0.9456784793248676
calce_CX2_36,1,0.9999659061431885,1.0,0.9375074295310732,0.9459745562231523
calce_CX2_36,1,0.9999651908874512,1.0,0.9375073607557554,0.9456784793248676
calce_CX2_36,1,0.9999651908874512,1.0,0.9375073607557554,0.9456784793248676
calce_CX2_36,1,0.9999651908874512,1.0,0.9375073607557554,0.9456784793248676
calce_CX2_36,1,0.9999651908874512,1.0,0.9375073607557554,0.9456784793248676
calce_CX2_36,1,0.9999651908874512,1.0,0.9375073607557554,0.9456784793248676
calce_CX2_36,1,0.9999651908874512,1.0,0.9375073607557554,0.9456784793248676
calce_CX2_36,1,0.9999651908874512,1.0,0.9375073607557554,0.9456784793248676
calce_CX2_36,1,0.9999651908874512,1.0,0.9375073607557554,0.9456784793248676
calce_CX2_36,1,0.9999651908874512,1.0,0.9375073607557554,0.9456784793248676
calce_CX2_36,1,0.9999651908874512,1.0,0.9375073607557554,0.9456784793248676
calce_CX2_36,1,0.9999651908874512,1.0,0.9375073607557554,0.9456784793248676
calce_CX2_36,1,0.9999651908874512,1.0,0.9375073607557554,0.9456784793248676
calce_CX2_36,1,0.9999651908874512,1.0,0.9375073607557554,0.9456784793248676
calce_CX2_36,1,0.9999651908874512,1.0,0.9375073607557554,0.9456784793248676
calce_CX2_36,1,0.9999651908874512,1.0,0.9375073607557554,0.9456784793248676
calce_CX2_36,1,0.9999651908874512,1.0,0.9375073607557554,0.9456784793248676
calce_CX2_36,1,0.9999651908874512,1.0,0.9375073607557554,0.9456784793248676
calce_CX2_36,1,0.9999651908874512,1.0,0.9375073607557554,0.9456784793248676
calce_CX2_36,1,0.9999651908874512,1.0,0.9375073607557554,0.9456784793248676
calce_CX2_36,1,0.999848484992981,0.9485235434956105,0.937496137970204,0.9203868628943863
calce_CX2_36,1,0.9997819066047668,0.9485235434956105,0.9374897347519571,0.9126338168065106
calce_CX2_36,1,0.9998044371604919,0.9485235434956105,0.9374919017108192,0.9150238655203742
calce_CX2_36,1,0.999834418296814,0.9485235434956105,0.9374947851478862,0.9185571802505498
calce_CX2_36,1,0.9998542070388794,0.9485235434956105,0.9374966882629886,0.921168518324714
calce_CX2_36,1,0.9998335838317871,0.9485235434956105,0.937494704894856,0.9184524402573802
calce_CX2_36,1,0.9998111128807068,0.9485235434956105,0.9374925437592401,0.9157725963124349
calce_CX2_36,1,0.9998799562454224,0.9485235434956105,0.9374991645245626,0.9250080298743955
calce_CX2_36,1,0.9998044371604919,0.9485235434956105,0.9374919017108192,0.9150238655203742
calce_CX2_36,1,0.9998044371604919,0.9485235434956105,0.9374919017108192,0.9150238655203742
calce_CX2_36,1,0.9998120665550232,0.9485235434956105,0.9374926354799404,0.915881210918035
calce_CX2_36,1,0.999834418296814,0.9485235434956105,0.9374947851478862,0.9185571802505498
calce_CX2_36,1,0.9998656511306763,0.9485235434956105,0.9374977888349926,0.9228050986420854
calce_CX2_36,1,0.9998576641082764,0.9485235434956105,0.9374970207293548,0.9216522173101708
calce_CX2_36,1,0.9998077750205994,0.9485235434956105,0.937492222735799,0.9153957327662622
calce_CX2_36,1,0.9997462630271912,0.9485235434956105,0.9374863064569088,0.9092150336256012
calce_CX2_36,1,0.9997349381446838,0.9485235434956105,0.93748521716255,0.908206685445437
calce_CX2_36,1,0.9998663663864136,0.9485235434956105,0.9374978576201423,0.922910876137731
calce_CX2_36,1,0.9998156428337097,0.9485235434956105,0.9374929794314486,0.9162923256789127
calce_CX2_36,1,0.9998040795326233,0.9485235434956105,0.9374918673151945,0.9149843126835357
calce_CX2_36,1,0.9998196959495544,0.9485235434956105,0.9374933692410223,0.9167657281049402
calce_CX2_36,1,0.9997817873954773,0.9485235434956105,0.9374897232863798,0.9126216875497285
calce_CX2_36,1,0.9997202754020691,0.9485235434956105,0.9374838067866954,0.9069494448567375
calce_CX2_36,1,0.9997202754020691,0.9485235434956105,0.9374838067866954,0.9069494448567375
calce_CX2_36,1,0.9997817873954773,0.9485235434956105,0.9374897232863798,0.9126216875497285
calce_CX2_36,1,0.9996601343154907,0.9485235434956105,0.9374780216416858,0.9022720278413799
calce_CX2_36,1,0.9998077750205994,0.9485235434956105,0.937492222735799,0.9153957327662622
calce_CX2_36,1,0.9997779726982117,0.9485235434956105,0.9374893563868707,0.9122362185674314
calce_CX2_36,1,0.9997462630271912,0.9485235434956105,0.9374863064569088,0.9092150336256012
calce_CX2_36,1,0.999711811542511,0.9485235434956105,0.937482992653781,0.9062467543721505
calce_CX2_36,1,0.9997817873954773,0.9485235434956105,0.9374897232863798,0.9126216875497285
calce_CX2_36,1,0.9997817873954773,0.9485235434956105,0.9374897232863798,0.9126216875497285
calce_CX2_36,1,0.9997817873954773,0.9485235434956105,0.9374897232863798,0.9126216875497285
calce_CX2_36,1,0.9997349381446838,0.9485235434956105,0.93748521716255,0.908206685445437
calce_CX2_36,1,0.9997817873954773,0.9485235434956105,0.9374897232863798,0.9126216875497285
calce_CX2_36,1,0.9997817873954773,0.9485235434956105,0.9374897232863798,0.9126216875497285
calce_CX2_36,1,0.999711811542511,0.9485235434956105,0.937482992653781,0.9062467543721505
calce_CX2_36,1,0.9996601343154907,0.9485235434956105,0.9374780216416858,0.9022720278413799
calce_CX2_36,1,0.9998511075973511,0.9485235434956105,0.9374963901882916,0.9207422646859639
calce_CX2_36,1,0.9997820258140564,0.9485235434956105,0.9374897462175322,0.9126459511696902
calce_CX2_36,1,0.9997943043708801,0.9485235434956105,0.9374909271612762,0.913924095834405
calce_CX2_36,1,0.9997482895851135,0.9485235434956105,0.9374865013813989,0.909399124525228
calce_CX2_36,1,0.9999009370803833,1.0,0.9375011821514782,0.9286338061020559
calce_CX2_36,1,0.999711811542511,0.9485235434956105,0.937482992653781,0.9062467543721505
calce_CX2_36,1,0.999817430973053,0.9485235434956105,0.9374931514065403,0.9165001842466906
calce_CX2_36,1,0.9998047947883606,0.9485235434956105,0.9374919361064264,0.9150634740006939
calce_CX2_36,1,0.9997991919517517,0.9485235434956105,0.937491397239885,0.9144492422663427
calce_CX2_36,1,0.9998329877853394,0.9485235434956105,0.9374946475712044,0.9183778723007396
calce_CX2_36,1,0.9996601343154907,0.9485235434956105,0.9374780216416858,0.9022720278413799
calce_CX2_36,1,0.9998365640640259,0.9485235434956105,0.937494991512379,0.918828382571299
calce_CX2_36,1,0.9996795654296875,0.9485235434956105,0.9374798908313783,0.9037077521913369
calce_CX2_36,1,0.999687671661377,0.9485235434956105,0.9374806706006177,0.9043267101171721
calce_CX2_36,1,0.9999380111694336,1.0,0.9375047472413323,0.936812157561379
calce_CX2_36,1,0.999817430973053,0.9485235434956105,0.9374931514065403,0.9165001842466906
calce_CX2_36,1,0.999634861946106,0.9485235434956105,0.9374755904703109,0.9004970555655304
calce_CX2_36,1,0.999784529209137,0.9485235434956105,0.9374899869941602,0.9129019611186113
calce_CX2_36,1,0.9998672008514404,0.9485235434956105,0.9374979378693944,0.9230348316295104
calce_CX2_36,1,0.9998335838317871,0.9485235434956105,0.937494704894856,0.9184524402573802
calce_CX2_36,1,0.9998672008514404,0.9485235434956105,0.9374979378693944,0.9230348316295104
calce_CX2_36,1,0.9998835325241089,0.9485235434956105,0.9374995084425392,0.9255898973058132
calce_CX2_36,1,0.9998781681060791,0.9485235434956105,0.9374989925649118,0.9247220450865865
calce_CX2_36,1,0.9998615980148315,0.9485235434956105,0.9374973990511432,0.9222136931875854
calce_CX2_36,1,0.9998902082443237,1.0,0.9375001504180368,0.9267135576613778
calce_CX2_36,1,0.9998905658721924,1.0,0.9375001848094076,0.9267752088874456
calce_CX2_36,1,0.9998853206634521,0.9485235434956105,0.9374996804008652,0.9258859576439331
calce_CX2_36,1,0.9998853206634521,0.9485235434956105,0.9374996804008652,0.9258859576439331
calce_CX2_36,1,0.9998672008514404,0.9485235434956105,0.9374979378693944,0.9230348316295104
calce_CX2_36,1,0.999901533126831,1.0,0.9375012394695366,0.928745048255171
calce_CX2_36,1,0.9998446702957153,0.9485235434956105,0.9374957711058352,0.9198782321006548
calce_CX2_36,1,0.9998462200164795,0.9485235434956105,0.9374959201447275,0.920083696635119
calce_CX2_36,1,0.9998937845230103,1.0,0.9375004943309502,0.9273370976156269
calce_CX2_36,1,0.9998440742492676,0.9485235434956105,0.937495713783096,0.919799625348009
calce_CX2_36,1,0.9997665286064148,0.9485235434956105,0.9374882556762846,0.9111096299203228
calce_CX2_36,1,0.9998977184295654,1.0,0.9375008726331148,0.9280417509537453
calce_CX2_36,1,0.9998615980148315,0.9485235434956105,0.9374973990511432,0.9222136931875854
calce_CX2_36,1,0.9998810291290283,0.9485235434956105,0.937499267700141,0.9251811849956602
calce_CX2_36,1,0.9997878670692444,0.9485235434956105,0.9374903080283178,0.9132468942310255
calce_CX2_36,1,0.9997878670692444,0.9485235434956105,0.9374903080283178,0.9132468942310255
calce_CX2_36,1,0.9997878670692444,0.9485235434956105,0.9374903080283178,0.9132468942310255
calce_CX2_36,1,0.9999107122421265,1.0,0.9375021221614408,0.9305265798946649
calce_CX2_36,1,0.9997878670692444,0.9485235434956105,0.9374903080283178,0.9132468942310255
calce_CX2_36,1,0.9998393058776855,0.9485235434956105,0.9374952551994167,0.9191789202949752
calce_CX2_36,1,0.9997878670692444,0.9485235434956105,0.9374903080283178,0.9132468942310255
calce_CX2_36,1,0.9998393058776855,0.9485235434956105,0.9374952551994167,0.9191789202949752
calce_CX2_36,1,0.9997878670692444,0.9485235434956105,0.9374903080283178,0.9132468942310255
calce_CX2_36,1,0.9998393058776855,0.9485235434956105,0.9374952551994167,0.9191789202949752
calce_CX2_36,1,0.9997878670692444,0.9485235434956105,0.9374903080283178,0.9132468942310255
calce_CX2_36,1,0.9997878670692444,0.9485235434956105,0.9374903080283178,0.9132468942310255
calce_CX2_36,1,0.9997878670692444,0.9485235434956105,0.9374903080283178,0.9132468942310255
calce_CX2_36,1,0.9998828172683716,0.9485235434956105,0.9374994396590851,0.9254724437683716
calce_CX2_36,1,0.9997671246528625,0.9485235434956105,0.9374883130054076,0.9111672434268355
calce_CX2_36,1,0.9997671246528625,0.9485235434956105,0.9374883130054076,0.9111672434268355
calce_CX2_36,1,0.9997175335884094,0.9485235434956105,0.9374835430545813,0.9067200335263063
calce_CX2_36,1,0.9997665286064148,0.9485235434956105,0.9374882556762846,0.9111096299203228
calce_CX2_36,1,0.9998927116394043,1.0,0.9375003911572616,0.9271483767837839
calce_CX2_36,1,0.999834418296814,0.9485235434956105,0.9374947851478862,0.9185571802505498
calce_CX2_36,1,0.9997671246528625,0.9485235434956105,0.9374883130054076,0.9111672434268355
calce_CX2_36,1,0.9998076558113098,0.9485235434956105,0.9374922112706476,0.9153823666638508
calce_CX2_36,1,0.9996620416641235,0.9485235434956105,0.937478205122737,0.9024100972513213
calce_CX2_36,1,0.999714195728302,0.9485235434956105,0.9374832219879974,0.906443062797647
calce_CX2_36,1,0.9998302459716797,0.9485235434956105,0.9374943838817742,0.9180374653881018
calce_CX2_36,1,0.9996552467346191,0.9485235434956105,0.9374775514691978,0.9019209484962702
calce_CX2_36,1,0.9993852376937866,0.9485235434956105,0.93745157217891,0.886723708361515
calce_CX2_36,1,0.9997664093971252,0.9485235434956105,0.9374882442104541,0.9110981208282267
calce_CX2_36,1,0.9997604489326477,0.9485235434956105,0.937487670916428,0.9105283550686747
calce_CX2_36,1,0.9998302459716797,0.9485235434956105,0.9374943838817742,0.9180374653881018
calce_CX2_36,1,0.9996551275253296,0.9485235434956105,0.937477540001535,0.9019124339544725
calce_CX2_36,1,0.9991508722305298,0.9485235434956105,0.9374290142171691,0.877369507275473
calce_CX2_36,1,0.9997991919517517,0.9485235434956105,0.937491397239885,0.9144492422663427
calce_CX2_36,1,0.999778687953949,0.9485235434956105,0.9374894251806817,0.9123081033384207
calce_CX2_36,1,0.9997139573097229,0.9485235434956105,0.937483199054611,0.9064233750819964
calce_CX2_36,1,0.9991245865821838,0.9485235434956105,0.9374264837179755,0.8764529089326908
calce_CX2_36,1,0.9991508722305298,0.9485235434956105,0.9374290142171691,0.877369507275473
calce_CX2_36,1,0.9992013573646545,0.9485235434956105,0.9374338741144256,0.8791946437012945
calce_CX2_36,1,0.9996622800827026,0.9485235434956105,0.9374782280578332,0.9024273983923423
calce_CX2_36,1,0.999690055847168,0.9485235434956105,0.9374808999427842,0.904511123128507
calce_CX2_36,1,0.9997634291648865,0.9485235434956105,0.9374879575640545,0.9108118543255078
calce_CX2_36,1,0.9994460940361023,0.9485235434956105,0.9374574284346847,0.8896068343528664
calce_CX2_36,1,0.9995366334915161,0.9485235434956105,0.9374661401738081,0.8943936768904573
calce_CX2_36,1,0.9995366334915161,0.9485235434956105,0.9374661401738081,0.8943936768904573
calce_CX2_36,1,0.9998179078102112,0.9485235434956105,0.9374931972664902,0.9165558771275494
calce_CX2_36,1,0.9996246099472046,0.9485235434956105,0.9374746042152584,0.8998041597441642
calce_CX2_36,1,0.9995679259300232,0.9485235434956105,0.9374691508801839,0.8962184566172878
calce_CX2_36,1,0.999677300453186,0.9485235434956105,0.9374796729530567,0.9035369788451851
calce_CX2_36,1,0.9996172189712524,0.9485235434956105,0.9374738931851668,0.8993136964567795
calce_CX2_36,1,0.9998958110809326,1.0,0.9375006892141503,0.9276975700240858
calce_CX2_36,1,0.9997361302375793,0.9485235434956105,0.9374853318259483,0.9083112423700934
calce_CX2_36,1,0.9997300505638123,0.9485235434956105,0.9374847470405647,0.9077817625928096
calce_CX2_36,1,0.999724805355072,0.9485235434956105,0.9374842425157394,0.9073323102900285
calce_CX2_36,1,0.9996601343154907,0.9485235434956105,0.9374780216416858,0.9022720278413799
calce_CX2_36,1,0.9997482895851135,0.9485235434956105,0.9374865013813989,0.909399124525228
calce_CX2_36,1,0.9991633892059326,0.9485235434956105,0.9374302191832177,0.8778138721043305
calce_CX2_36,1,0.9993355870246887,0.9485235434956105,0.9374467938751758,0.8845329090966011
calce_CX2_36,1,0.9994907379150391,0.9485235434956105,0.937461724226401,0.891883917850707
calce_CX2_36,1,0.9995138645172119,0.9485235434956105,0.9374639494414706,0.8931254519065033
calce_CX2_36,1,0.9992013573646545,0.9485235434956105,0.9374338741144256,0.8791946437012945
calce_CX2_36,1,0.9992233514785767,0.9485235434956105,0.9374359912440309,0.8800183253630701
calce_CX2_36,1,0.9986929297447205,0.9192245557350566,0.937384914781135,0.8638429453882043
calce_CX2_36,1,0.9997045397758484,0.9485235434956105,0.9374822931795713,0.9056556724285766
calce_CX2_36,1,0.9996429681777954,0.9485235434956105,0.9374763702896086,0.9010557046328445
calce_CX2_36,1,0.9993151426315308,0.9485235434956105,0.937444826239326,0.8836680679607828
calce_CX2_36,1,0.9996196031570435,0.9485235434956105,0.937474122550537,0.8994711000903357
calce_CX2_36,1,0.9997103810310364,0.9485235434956105,0.9374828550528742,0.9061295715622899
calce_CX2_36,1,0.9996771812438965,0.9485235434956105,0.9374796614857569,0.9035280165368086
calce_CX2_36,1,0.9996484518051147,0.9485235434956105,0.9374768978092802,0.9014392235091294
calce_CX2_36,1,0.9996777772903442,0.9485235434956105,0.9374797188222358,0.9035728537573654
calce_CX2_36,1,0.9996139407157898,0.9485235434956105,0.9374735778065008,0.8990985060361
calce_CX2_36,1,0.9996023774147034,0.9485235434956105,0.9374724653680787,0.8983506362074817
calce_CX2_36,1,0.9997214674949646,0.9485235434956105,0.9374839214525081,0.9070497314778075
calce_CX2_36,1,0.9997214674949646,0.9485235434956105,0.9374839214525081,0.9070497314778075
calce_CX2_36,1,0.9998694658279419,0.9485235434956105,0.9374981556883079,0.9233743097409264
calce_CX2_36,1,0.9997077584266663,0.9485235434956105,0.9374826027838111,0.9059158943299747
calce_CX2_36,1,0.9997958540916443,0.9485235434956105,0.9374910762109483,0.9140895566579056
calce_CX2_36,1,0.9997817873954773,0.9485235434956105,0.9374897232863798,0.9126216875497285
calce_CX2_36,1,0.9998120665550232,0.9485235434956105,0.9374926354799404,0.915881210918035
calce_CX2_36,1,0.9998663663864136,0.9485235434956105,0.9374978576201423,0.922910876137731
calce_CX2_36,1,0.9997943043708801,0.9485235434956105,0.9374909271612762,0.913924095834405
calce_CX2_36,1,0.9997605681419373,0.9485235434956105,0.9374876823823567,0.9105396426690081
calce_CX2_36,1,0.9998663663864136,0.9485235434956105,0.9374978576201423,0.922910876137731
calce_CX2_36,1,0.999834418296814,0.9485235434956105,0.9374947851478862,0.9185571802505498
calce_CX2_36,1,0.9997872710227966,0.9485235434956105,0.9374902507009025,0.9131849940947309
calce_CX2_36,1,0.9996007084846497,0.9485235434956105,0.9374723048084304,0.8982440978588229
calce_CX2_36,1,0.9997714161872864,0.9485235434956105,0.9374887257736437,0.9115854511610111
calce_CX2_36,1,0.9998212456703186,0.9485235434956105,0.9374935182852598,0.9169488954468351
calce_CX2_36,1,0.9997788071632385,0.9485235434956105,0.93748943664631,0.9123201015250845
calce_CX2_36,1,0.9997605681419373,0.9485235434956105,0.9374876823823567,0.9105396426690081
calce_CX2_36,1,0.9997187256813049,0.9485235434956105,0.9374836577208455,0.9068195650669533
calce_CX2_36,1,0.9997758269309998,0.9485235434956105,0.9374891500050138,0.9120216291823534
calce_CX2_36,1,0.9998212456703186,0.9485235434956105,0.9374935182852598,0.9169488954468351
calce_CX2_36,1,0.9996780157089233,0.9485235434956105,0.9374797417568137,0.9035908066440461
calce_CX2_36,1,0.9996128678321838,0.9485235434956105,0.937473474591342,0.8990283886207937
calce_CX2_36,1,0.9996007084846497,0.9485235434956105,0.9374723048084304,0.8982440978588229
calce_CX2_36,1,0.9998248219490051,0.9485235434956105,0.9374938622322342,0.9173762890120951
calce_CX2_36,1,0.9996007084846497,0.9485235434956105,0.9374723048084304,0.8982440978588229
calce_CX2_36,1,0.9998165965080261,0.9485235434956105,0.9374930711515526,0.9164029899203554
calce_CX2_36,1,0.9998362064361572,0.9485235434956105,0.9374949571183409,0.9187829933486203
calce_CX2_36,1,0.9997758269309998,0.9485235434956105,0.9374891500050138,0.9120216291823534
calce_CX2_36,1,0.9998094439506531,0.9485235434956105,0.9374923832477119,0.9155835304377351
calce_CX2_36,1,0.9996795654296875,0.9485235434956105,0.9374798908313783,0.9037077521913369
calce_CX2_36,1,0.9998200535774231,0.9485235434956105,0.9374934036358761,0.9168078898937064
calce_CX2_36,1,0.9995818734169006,0.9485235434956105,0.9374704927514388,0.8970651247957118
calce_CX2_36,1,0.9997771382331848,0.9485235434956105,0.9374892761273353,0.9121525780987013
calce_CX2_36,1,0.9996007084846497,0.9485235434956105,0.9374723048084304,0.8982440978588229
calce_CX2_36,1,0.9997605681419373,0.9485235434956105,0.9374876823823567,0.9105396426690081
calce_CX2_36,1,0.9997605681419373,0.9485235434956105,0.9374876823823567,0.9105396426690081
calce_CX2_36,1,0.9998420476913452,0.9485235434956105,0.9374955188854159,0.9195340727457222
calce_CX2_36,1,0.9997758269309998,0.9485235434956105,0.9374891500050138,0.9120216291823534
calce_CX2_36,1,0.99983811378479,0.9485235434956105,0.937495140553006,0.9190259536266172
calce_CX2_36,1,0.9997809529304504,0.9485235434956105,0.9374896430272839,0.9125369253212994
calce_CX2_36,1,0.9997171759605408,0.9485235434956105,0.9374835086546638,0.9066902374090444
calce_CX2_36,1,0.99972003698349,0.9485235434956105,0.9374837838535093,0.9069294271982963
calce_CX2_38,0,0.21432875096797943,0.7603734439834025,0.8353208610352761,0.40314812601487743
calce_CX2_38,0,0.08600398153066635,0.7603734439834025,0.8055422799553345,0.3287457455217771
calce_CX2_38,0,0.04158295691013336,0.7603734439834025,0.7943253832579538,0.2793486914163418
calce_CX2_38,0,0.21432875096797943,0.7603734439834025,0.8353208610352761,0.40314812601487743
calce_CX2_38,0,0.08854968100786209,0.7603734439834025,0.8061708246879061,0.33087943606958575
calce_CX2_38,0,0.21432875096797943,0.7603734439834025,0.8353208610352761,0.40314812601487743
calce_CX2_38,0,0.038290075957775116,0.7603734439834025,0.7934750917452817,0.2741537377942087
calce_CX2_38,0,0.039227183908224106,0.7603734439834025,0.7937173372442787,0.275668217710534
calce_CX2_38,0,0.039227183908224106,0.7603734439834025,0.7937173372442787,0.275668217710534
calce_CX2_38,0,0.039227183908224106,0.7603734439834025,0.7937173372442787,0.275668217710534
calce_CX2_38,0,0.18552900850772858,0.7603734439834025,0.8289730600623005,0.39011622387495665
calce_CX2_38,0,0.12854178249835968,0.7603734439834025,0.8158428157186843,0.3593725714335923
calce_CX2_38,0,0.12854178249835968,0.7603734439834025,0.8158428157186843,0.3593725714335923
calce_CX2_38,0,0.15247876942157745,0.7603734439834025,0.8214508601952141,0.3732977547657657
calce_CX2_38,0,0.15247876942157745,0.7603734439834025,0.8214508601952141,0.3732977547657657
calce_CX2_38,0,0.0474373996257782,0.7603734439834025,0.7958307111833687,0.2878070933396643
calce_CX2_38,0,0.018716109916567802,0.7603734439834025,0.7883670584040452,0.2321981053547828
calce_CX2_38,0,0.0474373996257782,0.7603734439834025,0.7958307111833687,0.2878070933396643
calce_CX2_38,0,0.055442288517951965,0.7603734439834025,0.7978756933688106,0.2980897379714414
calce_CX2_38,0,0.055442288517951965,0.7603734439834025,0.7978756933688106,0.2980897379714414
calce_CX2_38,0,0.04411684721708298,0.7603734439834025,0.7949779191559873,0.28312182814743797
calce_CX2_38,0,0.05139540880918503,0.7603734439834025,0.7968437675556028,0.29305440074307715
calce_CX2_38,0,0.14290855824947357,0.7603734439834025,0.8192249118663553,0.3679397696167624
calce_CX2_38,0,0.04411684721708298,0.7603734439834025,0.7949779191559873,0.28312182814743797
calce_CX2_38,0,0.04257747158408165,0.7603734439834025,0.7945816773292094,0.2808514176609536
calce_CX2_38,0,0.12416145205497742,0.7603734439834025,0.8148019410247972,0.3566176248867293
calce_CX2_38,0,0.22835145890712738,0.7603734439834025,0.8383425117087321,0.4090767794552079
calce_CX2_38,0,0.11795687675476074,0.7603734439834025,0.8133198095889115,0.3525860420639408
calce_CX2_38,0,0.2835221588611603,0.7603734439834025,0.8497976244553457,0.43045057063888426
calce_CX2_38,0,0.06473996490240097,0.7603734439834025,0.8002316932688108,0.30861651006563406
calce_CX2_38,0,0.06383954733610153,0.7603734439834025,0.8000044346135894,0.3076526785892983
calce_CX2_38,0,0.28800252079963684,0.7603734439834025,0.8506979087572715,0.43207685847003463
calce_CX2_38,0,0.2633236050605774,0.7603734439834025,0.8456833429873336,0.4229357173088759
calce_CX2_38,0,0.22174860537052155,0.7603734439834025,0.836925322640357,0.40631521412475696
calce_CX2_38,0,0.24656729400157928,0.7603734439834025,0.8422006868363829,0.416444622702706
calce_CX2_38,0,0.3754272162914276,0.7603734439834025,0.8673875423644678,0.4616400388396806
calce_CX2_38,0,0.06994409114122391,0.7603734439834025,0.8015413788873055,0.31398453317119784
calce_CX2_38,0,0.022247692570090294,0.7603734439834025,0.7892954505349566,0.24183557454086235
calce_CX2_38,0,0.09097903966903687,0.7603734439834025,0.8067692042222043,0.33287084865104716
calce_CX2_38,0,0.3645894229412079,0.7603734439834025,0.8654077748993736,0.4581516480711976
calce_CX2_38,0,0.6220671534538269,0.7603734439834025,0.9061315541990643,0.5375587703335424
calce_CX2_38,0,0.6325856447219849,0.7603734439834025,0.907533997329833,0.5409353670182103
calce_CX2_38,0,0.531373143196106,0.7603734439834025,0.893229440961666,0.5094874321788907
calce_CX2_38,0,0.2101680338382721,0.7603734439834025,0.8344156189964772,0.4013408244470155
calce_CX2_38,0,0.17107215523719788,0.7603734439834025,0.8257140887285473,0.3830454667933579
calce_CX2_38,0,0.9389018416404724,0.7603734439834025,0.9408831840451011,0.69535102135397
calce_CX2_38,0,0.8220885396003723,0.7603734439834025,0.9297564644731627,0.6135593837471123
calce_CX2_38,0,0.8364731073379517,0.7603734439834025,0.9312246684515723,0.6208136512950777
calce_CX2_38,0,0.8367761373519897,0.7603734439834025,0.9312552903518988,0.6209712741398168
calce_CX2_38,0,0.8577360510826111,0.7603734439834025,0.9333429318506691,0.6324305227470544
calce_CX2_38,0,0.960307776927948,0.7603734439834025,0.9427344487852298,0.7235911856236997
calce_CX2_38,0,0.9600226879119873,0.7603734439834025,0.9427101548032246,0.7231406703689768
calce_CX2_38,0,0.9624230265617371,0.7603734439834025,0.9429143986621624,0.7270191781570259
calce_CX2_38,0,0.9648735523223877,0.7603734439834025,0.943122207114883,0.7311939160364793
calce_CX2_38,0,0.8620780110359192,0.7603734439834025,0.9337679747664243,0.6349577373145947
calce_CX2_38,0,0.9515691995620728,0.7603734439834025,0.9419853737800455,0.7108433115638132
calce_CX2_38,0,0.9684425592422485,0.7603734439834025,0.9434235932387691,0.7377228128546355
calce_CX2_38,0,0.9554567337036133,0.7603734439834025,0.9423197438149746,0.7162607097676487
calce_CX2_38,0,0.9447597861289978,0.7603734439834025,0.9413953035087596,0.7021544849474084
calce_CX2_38,0,0.9675118327140808,0.7603734439834025,0.9433451426962514,0.735964131320134
calce_CX2_38,0,0.9658627510070801,0.7603734439834025,0.9432058911692912,0.7329469389002364
calce_CX2_38,0,0.9506897926330566,0.7603734439834025,0.941909483380406,0.7096672881976868
calce_CX2_38,0,0.9640393853187561,0.7603734439834025,0.9430515483638415,0.7297467804345867
calce_CX2_38,0,0.9664525389671326,0.7603734439834025,0.9432557308708895,0.7340120329939799
calce_CX2_38,0,0.963615357875824,0.7603734439834025,0.9430155991854134,0.7290216759955023
calce_CX2_38,0,0.9717251658439636,0.7603734439834025,0.9436994682497856,0.7442856941215227
calce_CX2_38,0,0.9686972498893738,0.7603734439834025,0.9434450432032113,0.7382114687769865
calce_CX2_38,0,0.9104737639427185,0.7603734439834025,0.9383378479838081,0.6683149296465697
calce_CX2_38,0,0.8514587879180908,0.7603734439834025,0.9327239591358054,0.6288759383377877
calce_CX2_38,0,0.8961675763130188,0.7603734439834025,0.9370185238989391,0.6572386438474738
calce_CX2_38,0,0.9713572263717651,0.7603734439834025,0.9436686091416165,0.743519926478729
calce_CX2_38,0,0.9681487083435059,0.7603734439834025,0.9433988357088052,0.7371630206321068
calce_CX2_38,0,0.8730031847953796,0.7603734439834025,0.9348263450462346,0.6415908849430498
calce_CX2_38,0,0.9049311876296997,0.7603734439834025,0.9378298007930925,0.6638693875234387
calce_CX2_38,0,0.9049311876296997,0.7603734439834025,0.9378298007930925,0.6638693875234387
calce_CX2_38,0,0.9200141429901123,0.7603734439834025,0.9392032691003229,0.6765052017243848
calce_CX2_38,0,0.9282993674278259,0.7603734439834025,0.9399456040932102,0.6842761710600356
calce_CX2_38,0,0.6631773114204407,0.7603734439834025,0.9115063930486821,0.550980048971511
calce_CX2_38,0,0.9355394244194031,0.7603734439834025,0.940587339589564,0.6916813914733808
calce_CX2_38,0,0.980422854423523,0.7603734439834025,0.9444243300146199,0.7653234273893261
calce_CX2_38,0,0.992874264717102,0.7603734439834025,0.9454467497144811,0.8162529149402203
calce_CX2_38,0,0.9945651292800903,0.9423976608187135,0.9455842169631761,0.8282812860917182
calce_CX2_38,0,0.9908432960510254,0.7603734439834025,0.9452811994250121,0.8045220236164544
calce_CX2_38,0,0.9905621409416199,0.7603734439834025,0.9452582443738544,0.8030678873159516
calce_CX2_38,0,0.9973817467689514,0.9423976608187135,0.9458124832697584,0.8575320355729777
calce_CX2_38,0,0.9966620206832886,0.9423976608187135,0.9457542407245291,0.8483051118097135
calce_CX2_38,0,0.9974043965339661,0.9423976608187135,0.9458143152043327,0.8578531810469394
calce_CX2_38,0,0.9973817467689514,0.9423976608187135,0.9458124832697584,0.8575320355729777
calce_CX2_38,0,0.9973817467689514,0.9423976608187135,0.9458124832697584,0.8575320355729777
calce_CX2_38,0,0.9979725480079651,0.9423976608187135,0.9458602487404916,0.8667312869845706
calce_CX2_38,0,0.9968616962432861,0.9423976608187135,0.9457704050239583,0.8506947874690164
calce_CX2_38,0,0.9978293776512146,0.9423976608187135,0.9458486772586853,0.8643275632843778
calce_CX2_38,0,0.9977967739105225,0.9423976608187135,0.9458460417951459,0.8637974748924799
calce_CX2_38,0,0.9977990984916687,0.9423976608187135,0.9458462297023997,0.8638350664835857
calce_CX2_38,0,0.9980812072753906,0.9423976608187135,0.9458690293706896,0.8686451356420727
calce_CX2_38,0,0.996906578540802,0.9423976608187135,0.9457740377474062,0.8512482844649739
calce_CX2_38,0,0.9982703924179077,0.9423976608187135,0.9458843140004253,0.8721877325521238
calce_CX2_38,0,0.9962433576583862,0.9423976608187135,0.945720334026772,0.8436383935316358
calce_CX2_38,0,0.9970288872718811,0.9423976608187135,0.9457839361163294,0.8527892464280596
calce_CX2_38,0,0.9946966171264648,0.9423976608187135,0.9455948932305813,0.8293365179539905
calce_CX2_38,0,0.9985730648040771,0.9423976608187135,0.9459087590197703,0.8785357725759051
calce_CX2_38,0,0.996911883354187,0.9423976608187135,0.9457744670979665,0.851314119762575
calce_CX2_38,0,0.9997380375862122,0.9423976608187135,0.9460027497116444,0.9235071055278047
calce_CX2_38,0,0.9996254444122314,0.9423976608187135,0.9459936723547262,0.9155181635351392
calce_CX2_38,0,0.9997329115867615,0.9423976608187135,0.9460023364804919,0.9230924859783591
calce_CX2_38,0,0.9996957778930664,0.9423976608187135,0.9459993428681006,0.9202533958046818
calce_CX2_38,0,0.9996073842048645,0.9423976608187135,0.9459922161916312,0.9144110877788844
calce_CX2_38,0,0.9996180534362793,0.9423976608187135,0.9459930764376707,0.9150603723501384
calce_CX2_38,0,0.9996433258056641,0.9423976608187135,0.9459951140638929,0.9166543720452748
calce_CX2_38,0,0.9994220733642578,0.9423976608187135,0.9459772727621057,0.9048137122778049
calce_CX2_38,0,0.9994066953659058,0.9423976608187135,0.9459760325081905,0.9041279600853134
calce_CX2_38,0,0.9993956089019775,0.9423976608187135,0.9459751383549926,0.903641860980791
calce_CX2_38,0,0.9995341300964355,0.9423976608187135,0.9459863094607113,0.9102776706665467
calce_CX2_38,0,0.9995841383934021,0.9423976608187135,0.9459903418678097,0.9130409589429411
calce_CX2_38,0,0.9996716976165771,0.9423976608187135,0.9459974015013015,0.918547884075088
calce_CX2_38,0,0.9996367692947388,0.9423976608187135,0.9459945854414121,0.91623291600921
calce_CX2_38,0,0.9996731281280518,0.9423976608187135,0.9459975168318608,0.9186465446625456
calce_CX2_38,0,0.9996885061264038,0.9423976608187135,0.9459987566207061,0.9197280592717969
calce_CX2_38,0,0.9996367692947388,0.9423976608187135,0.9459945854414121,0.91623291600921
calce_CX2_38,0,0.9996248483657837,0.9423976608187135,0.945993624297129,0.9154809954496066
calce_CX2_38,0,0.9997289776802063,0.9423976608187135,0.9460020193475852,0.92277828713488
calce_CX2_38,0,0.9997027516365051,0.9423976608187135,0.9459999050833255,0.9207660736319017
calce_CX2_38,0,0.9997027516365051,0.9423976608187135,0.9459999050833255,0.9207660736319017
calce_CX2_38,0,0.9996556043624878,0.9423976608187135,0.9459961040165058,0.917459486881489
calce_CX2_38,0,0.9996809959411621,0.9423976608187135,0.9459981511457859,0.9191950168912175
calce_CX2_38,0,0.9995375871658325,0.9423976608187135,0.945986588229811,0.9104613273281097
calce_CX2_38,0,0.9995375871658325,0.9423976608187135,0.945986588229811,0.9104613273281097
calce_CX2_38,0,0.9996912479400635,0.9423976608187135,0.9459989776655104,0.9199250517660811
calce_CX2_38,0,0.9996410608291626,0.9423976608187135,0.9459949314494057,0.9165081278881141
calce_CX2_38,0,0.9997979998588562,0.9423976608187135,0.9460075833336767,0.9288733392149804
calce_CX2_38,0,0.9996732473373413,0.9423976608187135,0.9459975264427304,0.918654780921195
calce_CX2_38,0,0.9997937083244324,0.9423976608187135,0.9460072374021166,0.928452592784023
calce_CX2_38,0,0.9997937083244324,0.9423976608187135,0.9460072374021166,0.928452592784023
calce_CX2_38,0,0.9997937083244324,0.9423976608187135,0.9460072374021166,0.928452592784023
calce_CX2_38,0,0.999747097492218,0.9423976608187135,0.9460034800663883,0.9242549214106207
calce_CX2_38,0,0.9996838569641113,0.9423976608187135,0.9459983818036531,0.9193969651074807
calce_CX2_38,0,0.9996914863586426,0.9423976608187135,0.9459989968867576,0.9199422431336768
calce_CX2_38,0,0.9996844530105591,0.9423976608187135,0.9459984298572585,0.9194392091880245
calce_CX2_38,0,0.9997949004173279,0.9423976608187135,0.9460073334944261,0.9285688112946017
calce_CX2_38,0,0.999840259552002,0.9423976608187135,0.9460109896870083,0.9334179706084466
calce_CX2_38,0,0.9997900128364563,0.9423976608187135,0.9460069395149318,0.9280954491056592
calce_CX2_38,0,0.999850869178772,1.0,0.9460118448468527,0.9346967322515822
calce_CX2_38,0,0.9998373985290527,0.9423976608187135,0.9460107590799198,0.9330839059265313
calce_CX2_38,0,0.9997931122779846,0.9423976608187135,0.9460071893559012,0.9283946700367024
calce_CX2_38,0,0.9998120665550232,0.9423976608187135,0.946008717205805,0.9303006076778947
calce_CX2_38,0,0.9996849298477173,0.9423976608187135,0.9459984683001137,0.9194730473464219
calce_CX2_38,0,0.9996925592422485,0.9423976608187135,0.9459990833822892,0.9200197271512702
calce_CX2_38,0,0.9998607635498047,1.0,0.9460126423439622,0.9359512297490467
calce_CX2_38,0,0.9998674392700195,1.0,0.9460131804080253,0.9368352382283183
calce_CX2_38,0,0.9996918439865112,0.9423976608187135,0.9459990257186159,0.9199680487758471
calce_CX2_38,0,0.9998173117637634,0.9423976608187135,0.9460091399998346,0.9308530638029718
calce_CX2_38,1,0.999829888343811,0.9423976608187135,0.9460101537318936,0.9322271713906705
calce_CX2_38,1,0.999829888343811,0.9423976608187135,0.9460101537318936,0.9322271713906705
calce_CX2_38,1,0.9998083710670471,0.9423976608187135,0.9460084193263187,0.9299181895802864
calce_CX2_38,1,0.9998667240142822,1.0,0.9460131227585462,0.9367389765330569
calce_CX2_38,1,0.9988503456115723,0.9423976608187135,0.94593114417706,0.8853382055738317
calce_CX2_38,1,0.9998283386230469,0.9423976608187135,0.9460100288180122,0.9320538762524032
calce_CX2_38,1,0.9997501969337463,0.9423976608187135,0.9460037299224519,0.9245153244655031
calce_CX2_38,1,0.9998109936714172,0.9423976608187135,0.9460086307248234,0.9301890140963089
calce_CX2_38,1,0.9998130202293396,0.9423976608187135,0.9460087940776789,0.9304001983428912
calce_CX2_38,1,0.9998130202293396,0.9423976608187135,0.9460087940776789,0.9304001983428912
calce_CX2_38,1,0.9997832179069519,0.9423976608187135,0.9460063917828383,0.9274507439399158
calce_CX2_38,1,0.9998769760131836,1.0,0.9460139490622012,0.9381567960236986
calce_CX2_38,1,0.9997832179069519,0.9423976608187135,0.9460063917828383,0.9274507439399158
calce_CX2_38,1,0.9998630285263062,1.0,0.9460128249019789,0.9362475936025685
calce_CX2_38,1,0.9997859597206116,0.9423976608187135,0.9460066127981732,0.9277090597419957
calce_CX2_38,1,0.998723566532135,0.9423976608187135,0.9459209102590156,0.8820874578425778
calce_CX2_38,1,0.9998546838760376,1.0,0.9460121523169337,0.9351729123688638
calce_CX2_38,1,0.998723566532135,0.9423976608187135,0.9459209102590156,0.8820874578425778
calce_CX2_38,1,0.999790370464325,0.9423976608187135,0.9460069683427917,0.9281298068747438
calce_CX2_38,1,0.9998780488967896,1.0,0.9460140355351503,0.9383101349629407
calce_CX2_38,1,0.9997214674949646,0.9423976608187135,0.9460014139071594,0.922187758272292
calce_CX2_38,1,0.9998218417167664,0.9423976608187135,0.9460095051376206,0.931339705335071
calce_CX2_38,1,0.9997908473014832,0.9423976608187135,0.9460070067799156,0.9281756848709954
calce_CX2_38,1,0.9998284578323364,0.9423976608187135,0.9460100384267821,0.9320671655204031
calce_CX2_38,1,0.9996731281280518,0.9423976608187135,0.9459975168318608,0.9186465446625456
calce_CX2_38,1,0.9997813105583191,0.9423976608187135,0.9460062380325369,0.9272724713215581
calce_CX2_38,1,0.999866247177124,1.0,0.9460130843255279,0.9366750131068328
calce_CX2_38,1,0.9997262358665466,0.9423976608187135,0.9460017983145209,0.9225613016552907
calce_CX2_38,1,0.9998373985290527,0.9423976608187135,0.9460107590799198,0.9330839059265313
calce_CX2_38,1,0.9998781681060791,1.0,0.9460140451432476,0.938327233757842
calce_CX2_38,1,0.9998311996459961,0.9423976608187135,0.9460102594280418,0.9323747189440357
calce_CX2_38,1,0.9997852444648743,0.9423976608187135,0.9460065551420811,0.927641437576117
calce_CX2_38,1,0.9985876083374023,0.9423976608187135,0.9459099333508814,0.878866047465134
calce_CX2_38,1,0.9998610019683838,1.0,0.946012661560623,0.9359822580159981
calce_CX2_38,1,0.9998272061347961,0.9423976608187135,0.9460099375346188,0.9319279670185482
calce_CX2_38,1,0.9998229146003723,0.9423976608187135,0.9460095916172815,0.9314562999596456
calce_CX2_38,1,0.9997221827507019,0.9423976608187135,0.9460014715684281,0.9222434847006917
calce_CX2_38,1,0.9998347759246826,0.9423976608187135,0.9460105476892727,0.9327814703925552
calce_CX2_38,1,0.9998142123222351,0.9423976608187135,0.9460088901673763,0.930525216485573
calce_CX2_38,1,0.9997736811637878,0.9423976608187135,0.946005623027203,0.9265707058038608
calce_CX2_38,1,0.9998592138290405,1.0,0.94601251743551,0.9357504940715086
calce_CX2_38,1,0.9998142123222351,0.9423976608187135,0.9460088901673763,0.930525216485573
calce_CX2_38,1,0.9998189806938171,0.9423976608187135,0.946009274524553,0.9310313037472004
calce_CX2_38,1,0.9998142123222351,0.9423976608187135,0.9460088901673763,0.930525216485573
calce_CX2_38,1,0.9998142123222351,0.9423976608187135,0.9460088901673763,0.930525216485573
calce_CX2_38,1,0.9998763799667358,1.0,0.9460139010216175,0.9380720321055774
calce_CX2_38,1,0.9998681545257568,1.0,0.9460132380574465,0.9369318829338648
calce_CX2_38,1,0.9998679161071777,1.0,0.9460132188409793,0.9368996252551708
calce_CX2_38,1,0.9998162388801575,0.9423976608187135,0.9460090535194916,0.9307391158806874
calce_CX2_38,1,0.9998362064361572,0.9423976608187135,0.9460106629933589,0.9329459921757132
calce_CX2_38,1,0.9998239874839783,0.9423976608187135,0.9460096780968119,0.9315734178837632
calce_CX2_38,1,0.9997664093971252,0.9423976608187135,0.9460050368440962,0.9259179905262651
calce_CX2_38,1,0.9998362064361572,0.9423976608187135,0.9460106629933589,0.9329459921757132
calce_CX2_38,1,0.999799907207489,0.9423976608187135,0.9460077370803658,0.9290624651907945
calce_CX2_38,1,0.9998437166213989,0.9423976608187135,0.9460112683360009,0.9338275756800565
calce_CX2_38,1,0.9997791647911072,0.9423976608187135,0.9460060650629544,0.9270732876529196
calce_CX2_38,1,0.9997778534889221,0.9423976608187135,0.9460059593590633,0.9269522699906436
calce_CX2_38,1,0.9998513460159302,1.0,0.9460118832807033,0.934755760166912
calce_CX2_38,1,0.9998661279678345,1.0,0.9460130747172693,0.9366590484814186
calce_CX2_38,1,0.9997887015342712,0.9423976608187135,0.9460068338126552,0.9279698404472098
calce_CX2_38,1,0.9988834261894226,0.9423976608187135,0.9459338142219883,0.8862313972261389
calce_CX2_38,1,0.9997907280921936,0.9423976608187135,0.946006997170637,0.9281642081108251
calce_CX2_38,1,0.9998001456260681,0.9423976608187135,0.946007756298673,0.929086199692564
calce_CX2_38,1,0.9998571872711182,1.0,0.9460123540932769,0.9354904348206424
calce_CX2_38,1,0.9997740387916565,0.9423976608187135,0.9460056518557257,0.9266032058142851
calce_CX2_38,1,0.9998564720153809,1.0,0.9460122964429656,0.9353992983733013
calce_CX2_38,1,0.9998564720153809,1.0,0.9460122964429656,0.9353992983733013
calce_CX2_38,1,0.9997979998588562,0.9423976608187135,0.9460075833336767,0.9288733392149804
calce_CX2_38,1,0.9984307885169983,0.9423976608187135,0.9458972695209059,0.8754342233835198
calce_CX2_38,1,0.9998687505722046,1.0,0.9460132860985864,0.9370127153498409
calce_CX2_38,1,0.9998724460601807,1.0,0.9460135839527545,0.9375199988718971
calce_CX2_38,1,0.9997932314872742,0.9423976608187135,0.9460071989651475,0.928406244685286
calce_CX2_38,1,0.9998607635498047,1.0,0.9460126423439622,0.9359512297490467
calce_CX2_38,1,0.9998052716255188,0.9423976608187135,0.946008169490716,0.9296016379481459
calce_CX2_38,1,0.9997995495796204,0.9423976608187135,0.9460077082528929,0.9290269026762088
calce_CX2_38,1,0.9997147917747498,0.9423976608187135,0.9460008757325182,0.9216727161403706
calce_CX2_38,1,0.999863862991333,1.0,0.946012892160049,0.9363576899800754
calce_CX2_38,1,0.9997740387916565,0.9423976608187135,0.9460056518557257,0.9266032058142851
calce_CX2_38,1,0.9998534917831421,1.0,0.9460120562327108,0.9350231263999588
calce_CX2_38,1,0.9998538494110107,1.0,0.9460120850579946,0.9350679675827527
calce_CX2_38,1,0.9998090863227844,0.9423976608187135,0.9460084769805339,0.9299917774272712
calce_CX2_38,1,0.999826967716217,0.9423976608187135,0.946009918317044,0.9319015375462826
calce_CX2_38,1,0.9997835755348206,0.9423976608187135,0.9460064206109737,0.9274842994295748
calce_CX2_38,1,0.9998795986175537,1.0,0.9460141604402904,0.9385333848602874
calce_CX2_38,1,0.9998069405555725,0.9423976608187135,0.9460083040177145,0.9297716215480323
calce_CX2_38,1,0.9998761415481567,1.0,0.9460138818053727,0.9380382106628902
calce_CX2_38,1,0.9998181462287903,0.9423976608187135,0.9460092072622334,0.9309420325801909
calce_CX2_38,1,0.999861478805542,1.0,0.9460126999939251,0.9360444323260791
calce_CX2_38,1,0.9997168183326721,0.9423976608187135,0.9460010391074976,0.9218281104346855
calce_CX2_38,1,0.9997876286506653,0.9423976608187135,0.946006747328829,0.927867498774288
calce_CX2_38,1,0.9997816681861877,0.9423976608187135,0.9460062668607498,0.9273058093640515
calce_CX2_38,1,0.9997714161872864,0.9423976608187135,0.9460054404462231,0.9263657525768395
calce_CX2_38,1,0.9997819066047668,0.9423976608187135,0.9460062860795505,0.9273280572305405
calce_CX2_38,1,0.9997759461402893,0.9423976608187135,0.946005805607601,0.9267771867426805
calce_CX2_38,1,0.9997926354408264,0.9423976608187135,0.9460071509189001,0.9283484207993404
calce_CX2_38,1,0.9998185038566589,0.9423976608187135,0.9460092360889514,0.930980254484783
calce_CX2_38,1,0.9997836947441101,0.9423976608187135,0.946006430220349,0.9274954937291189
calce_CX2_38,1,0.9997974038124084,0.9423976608187135,0.9460075352877515,0.9288145086649215
calce_CX2_38,1,0.9997950196266174,0.9423976608187135,0.9460073431036483,0.9285804606462565
calce_CX2_38,1,0.9997811913490295,0.9423976608187135,0.9460062284231293,0.9272613676257232
calce_CX2_38,1,0.9997755885124207,0.9423976608187135,0.9460057767791559,0.9267444818405683
calce_CX2_38,1,0.9998205304145813,0.9423976608187135,0.9460093994400799,0.9311979035487413
calce_CX2_38,1,0.9997811913490295,0.9423976608187135,0.9460062284231293,0.9272613676257232
calce_CX2_38,1,0.9996751546859741,0.9423976608187135,0.9459976802164225,0.9187868672062761
calce_CX2_38,1,0.9997735619544983,0.9423976608187135,0.9460056134176923,0.9265598809356336
calce_CX2_38,1,0.9997616410255432,0.9423976608187135,0.9460046524584736,0.9254981268630719
calce_CX2_38,1,0.9997708201408386,0.9423976608187135,0.9460053923985001,0.9263120681504416
calce_CX2_38,1,0.9998441934585571,0.9423976608187135,0.9460113067702384,0.9338845960632607
calce_CX2_38,1,0.9998329877853394,0.9423976608187135,0.9460104035588388,0.9325772906497318
calce_CX2_38,1,0.9997087121009827,0.9423976608187135,0.946000385604784,0.9212114155911171
calce_CX2_38,1,0.9998514652252197,1.0,0.9460118928891619,0.9347705389508842
calce_CX2_38,1,0.9997566342353821,0.9423976608187135,0.9460042488507929,0.9250639307280578
calce_CX2_38,1,0.9998379945755005,0.9423976608187135,0.9460108071231399,0.9331531428586515
calce_CX2_38,1,0.9997085928916931,0.9423976608187135,0.9460003759943946,0.9212024424926964
calce_CX2_38,1,0.9998492002487183,1.0,0.9460117103281732,0.9344912240093394
calce_CX2_38,1,0.9998014569282532,0.9423976608187135,0.9460078619992468,0.9292171155825035
calce_CX2_38,1,0.9998317956924438,0.9423976608187135,0.9460103074716811,0.9324420659976914
calce_CX2_38,1,0.9998278617858887,0.9423976608187135,0.946009990382917,0.932000787261346
calce_CX2_38,1,0.9998152852058411,0.9423976608187135,0.946008976647966,0.9306382411562065
calce_CX2_38,1,0.9997965693473816,0.9423976608187135,0.9460074680233888,0.92873236089524
calce_CX2_38,1,0.9997503161430359,0.9423976608187135,0.9460037395322789,0.9245253878167454
calce_CX2_38,1,0.9998397827148438,0.9423976608187135,0.946010951252558,0.9333619881697001
calce_CX2_38,1,0.9998425245285034,0.9423976608187135,0.9460111722502944,0.9336855841435899
calce_CX2_38,1,0.9998456239700317,0.9423976608187135,0.9460114220727955,0.9340564332256946
calce_CX2_38,1,0.9998223185539246,0.9423976608187135,0.9460095435730417,0.9313914609123644
calce_CX2_38,1,0.9998602867126465,1.0,0.9460126039106213,0.9358892904135002
calce_CX2_38,1,0.9998370409011841,0.9423976608187135,0.9460107302539684,0.9330424536490597
calce_CX2_38,1,0.999924898147583,1.0,0.9460178113932239,0.9462619919975712
calce_CX2_38,1,0.9998866319656372,1.0,0.9460147273140406,0.9395739902189588
calce_CX2_38,1,0.9998916387557983,1.0,0.9460151308478665,0.9403440267728533
calce_CX2_38,1,0.9998934268951416,1.0,0.9460152749664009,0.9406253682056359
calce_CX2_38,1,0.9998866319656372,1.0,0.9460147273140406,0.9395739902189588
calce_CX2_38,1,0.9999492168426514,1.0,0.9460197712824395,0.9519646477554933
calce_CX2_38,1,0.9999446868896484,1.0,0.9460194062101219,0.9507705611102707
calce_CX2_38,1,0.9999324083328247,1.0,0.9460184166602897,0.9478575506013696
calce_CX2_38,1,0.9999455213546753,1.0,0.9460194734604606,0.9509850349572634
calce_CX2_38,1,0.9999455213546753,1.0,0.9460194734604606,0.9509850349572634
calce_CX2_38,1,0.9999477863311768,1.0,0.946019655996696,0.9515794807508545
calce_CX2_38,1,0.9999351501464844,1.0,0.9460186376292113,0.9484723156420244
calce_CX2_38,1,0.9999477863311768,1.0,0.946019655996696,0.9515794807508545
calce_CX2_38,1,0.9999477863311768,1.0,0.946019655996696,0.9515794807508545
calce_CX2_38,1,0.9999492168426514,1.0,0.9460197712824395,0.9519646477554933
calce_CX2_38,1,0.9997710585594177,0.9423976608187135,0.9460054116175941,0.9263335294720187
calce_CX2_38,1,0.9999492168426514,1.0,0.9460197712824395,0.9519646477554933
calce_CX2_38,1,0.9999369382858276,1.0,0.946018781738918,0.9488835318868798
calce_CX2_38,1,0.9999537467956543,1.0,0.9460201363524293,0.9532388740128246
calce_CX2_38,1,0.9999425411224365,1.0,0.9460192332803166,0.9502296668301199
calce_CX2_38,1,0.9999537467956543,1.0,0.9460201363524293,0.9532388740128246
calce_CX2_38,1,0.9999425411224365,1.0,0.9460192332803166,0.9502296668301199
calce_CX2_38,1,0.9999425411224365,1.0,0.9460192332803166,0.9502296668301199
calce_CX2_38,1,0.9999618530273438,1.0,0.9460207896297581,0.9557658198992864
calce_CX2_38,1,0.9999525547027588,1.0,0.946020040281605,0.9528950602399147
calce_CX2_38,1,0.9999570846557617,1.0,0.9460204053498794,0.9542370755974721
calce_CX2_38,1,0.9999426603317261,1.0,0.9460192428875417,0.9502593272380787
calce_CX2_38,1,0.9999489784240723,1.0,0.9460197520681652,0.9518999101846017
calce_CX2_38,1,0.9999523162841797,1.0,0.9460200210674209,0.9528270522600886
calce_CX2_38,1,0.999940037727356,1.0,0.946019031528217,0.9496168997103491
calce_CX2_38,1,0.9999517202377319,1.0,0.9460199730319322,0.9526581064032014
calce_CX2_38,1,0.999961256980896,1.0,0.9460207415949142,0.9555674050488281
calce_CX2_38,1,0.9999555349349976,1.0,0.9460202804583632,0.9537668669349157
calce_CX2_38,1,0.999951958656311,1.0,0.9460199922461325,0.9527255019240048
calce_CX2_38,1,0.9997513890266418,0.9423976608187135,0.9460038260206476,0.9246161190551532
calce_CX2_38,1,0.9999411106109619,1.0,0.9460191179934896,0.9498771884901883
calce_CX2_38,1,0.9999470710754395,1.0,0.9460195983537372,0.9513897688001476
calce_CX2_38,1,0.9999593496322632,1.0,0.9460205878831434,0.9549469857674835
calce_CX2_38,1,0.9999464750289917,1.0,0.9460195503178939,0.9512330946260352
calce_CX2_38,1,0.999957799911499,1.0,0.9460204629920255,0.9544582589182771
calce_CX2_38,1,0.9999560117721558,1.0,0.9460203188865511,0.9539102623284074
calce_CX2_38,1,0.9999313354492188,1.0,0.9460183301939579,0.9476219390299725
calce_CX2_38,1,0.9999411106109619,1.0,0.9460191179934896,0.9498771884901883
calce_CX2_38,1,0.9999606609344482,1.0,0.9460206935600304,0.9553711903421466
calce_CX2_38,1,0.9999535083770752,1.0,0.9460201171382773,0.9531696007308816
calce_CX2_38,1,0.9999608993530273,1.0,0.9460207127739888,0.955449415897892
calce_CX2_38,1,0.999955415725708,1.0,0.9460202708513124,0.9537311926085156
calce_CX2_38,1,0.9997676014900208,0.9423976608187135,0.9460051329400988,0.9260239494867102
calce_CX2_38,1,0.9999513626098633,1.0,0.9460199442106197,0.9525574650313092
calce_CX2_38,1,0.9999421834945679,1.0,0.9460192044586316,0.9501409535392107
calce_CX2_38,1,0.9999608993530273,1.0,0.9460207127739888,0.955449415897892
calce_CX2_38,1,0.9999539852142334,1.0,0.9460201555665747,0.9533084070727514
calce_CX2_38,1,0.9999407529830933,1.0,0.9460190891717465,0.9497900446575401
calce_CX2_38,1,0.9999544620513916,1.0,0.9460201939948465,0.9534482618101061
calce_CX2_38,1,0.9999473094940186,1.0,0.9460196175680632,0.9514527978324873
calce_CX2_38,1,0.9999431371688843,1.0,0.9460192813164261,0.9503784196930096
calce_CX2_38,1,0.9999576807022095,1.0,0.9460204533850053,0.954421207144411
calce_CX2_38,1,0.9998180270195007,0.9423976608187135,0.946009197653324,0.9309293042969785
calce_CX2_38,1,0.9999496936798096,1.0,0.9460198097109692,0.9520947886189556
calce_CX2_38,1,0.9999425411224365,1.0,0.9460192332803166,0.9502296668301199
calce_CX2_38,1,0.999945878982544,1.0,0.9460195022820101,0.9510776843636157
calce_CX2_38,1,0.9999456405639648,1.0,0.9460194830676453,0.9510158688009044
calce_CX2_38,1,0.9999343156814575,1.0,0.9460185703778907,0.9482832391043599
calce_CX2_38,1,0.9999470710754395,1.0,0.9460195983537372,0.9513897688001476
calce_CX2_38,1,0.9999353885650635,1.0,0.9460186568438599,0.9485266630984772
calce_CX2_38,1,0.9999474287033081,1.0,0.9460196271752238,0.9514843901515667
calce_CX2_38,1,0.9997565150260925,0.9423976608187135,0.9460042392410516,0.925053673929508
calce_CX2_38,1,0.9999346733093262,1.0,0.9460185991998948,0.9483640562091633
calce_CX2_38,1,0.9999480247497559,1.0,0.9460196752110027,0.9516431379025546
calce_CX2_38,1,0.9999343156814575,1.0,0.9460185703778907,0.9482832391043599
calce_CX2_38,1,0.9999421834945679,1.0,0.9460192044586316,0.9501409535392107
calce_CX2_38,1,0.9999282360076904,1.0,0.9460180804015986,0.9469560385957216
calce_CX2_38,1,0.9999529123306274,1.0,0.9460200691028693,0.9529975391656436
calce_CX2_38,1,0.9999498128890991,1.0,0.9460198193180975,0.9521274638411757
calce_CX2_38,1,0.9999617338180542,1.0,0.9460207800227927,0.9557259581091925
calce_CX2_38,1,0.9999580383300781,1.0,0.9460204822060614,0.9545325908475898
calce_CX2_38,1,0.9999617338180542,1.0,0.9460207800227927,0.9557259581091925
calce_CX2_38,1,0.9999362230300903,1.0,0.9460187240950788,0.9487180381363264
calce_CX2_38,1,0.9999557733535767,1.0,0.9460202996724605,0.9538384243693102
calce_CX2_38,1,0.9999521970748901,1.0,0.9460200114603264,0.95279314086032
calce_CX2_38,1,0.9999617338180542,1.0,0.9460207800227927,0.9557259581091925
calce_CX2_38,1,0.9999555349349976,1.0,0.9460202804583632,0.9537668669349157
calce_CX2_38,1,0.999950647354126,1.0,0.946019886567951,0.9523577842781921
calce_CX2_38,1,0.9999511241912842,1.0,0.9460199249964032,0.9524906691045044
calce_CX2_38,1,0.9999617338180542,1.0,0.9460207800227927,0.9557259581091925
calce_CX2_38,1,0.9999514818191528,1.0,0.9460199538177254,0.9525909522397279
calce_CX2_38,1,0.9999617338180542,1.0,0.9460207800227927,0.9557259581091925
calce_CX2_38,1,0.9999617338180542,1.0,0.9460207800227927,0.9557259581091925
calce_CX2_38,1,0.9999624490737915,1.0,0.9460208376645615,0.9559664941538542
calce_CX2_38,1,0.9999617338180542,1.0,0.9460207800227927,0.9557259581091925
calce_CX2_38,1,0.999950647354126,1.0,0.946019886567951,0.9523577842781921
calce_CX2_38,1,0.999950647354126,1.0,0.946019886567951,0.9523577842781921
calce_CX2_38,1,0.9999576807022095,1.0,0.9460204533850053,0.954421207144411
calce_CX2_38,1,0.9999376535415649,1.0,0.9460188393826993,0.9490503992573548
calce_CX2_38,1,0.9999517202377319,1.0,0.9460199730319322,0.9526581064032014
calce_CX2_38,1,0.999950647354126,1.0,0.946019886567951,0.9523577842781921
calce_CX2_38,1,0.9999608993530273,1.0,0.9460207127739888,0.955449415897892
calce_CX2_38,1,0.999950647354126,1.0,0.946019886567951,0.9523577842781921
calce_CX2_38,1,0.9999617338180542,1.0,0.9460207800227927,0.9557259581091925
calce_CX2_38,1,0.9999542236328125,1.0,0.9460201747807138,0.9533782022233679
calce_CX2_38,1,0.9999518394470215,1.0,0.9460199826390333,0.952691773865948
calce_CX2_38,1,0.9999481439590454,1.0,0.9460196848181537,0.9516750461258933
calce_CX2_38,1,0.9999617338180542,1.0,0.9460207800227927,0.9557259581091925
calce_CX2_38,1,0.9999617338180542,1.0,0.9460207800227927,0.9557259581091925
calce_CX2_38,1,0.9999516010284424,1.0,0.9460199634248296,0.9526244992793591
calce_CX2_38,1,0.9999624490737915,1.0,0.9460208376645615,0.9559664941538542
calce_CX2_38,1,0.9999617338180542,1.0,0.9460207800227927,0.9557259581091925
calce_CX2_38,1,0.9999617338180542,1.0,0.9460207800227927,0.9557259581091925
calce_CX2_38,1,0.9999426603317261,1.0,0.9460192428875417,0.9502593272380787
calce_CX2_38,1,0.9999624490737915,1.0,0.9460208376645615,0.9559664941538542
calce_CX2_38,1,0.9999617338180542,1.0,0.9460207800227927,0.9557259581091925
calce_CX2_38,1,0.9999608993530273,1.0,0.9460207127739888,0.955449415897892
calce_CX2_38,1,0.9999569654464722,1.0,0.9460203957428492,0.9542004722434152
calce_CX2_38,1,0.9999617338180542,1.0,0.9460207800227927,0.9557259581091925
calce_CX2_38,1,0.999777615070343,0.9423976608187135,0.9460059401401532,0.9269303237452567
calce_CX2_38,1,0.9999548196792603,1.0,0.9460202228160333,0.953553852220845
calce_CX2_38,1,0.999792754650116,0.9423976608187135,0.9460071605281528,0.9283599757149331
calce_CX2_38,1,0.9999617338180542,1.0,0.9460207800227927,0.9557259581091925
calce_CX2_38,1,0.99994957447052,1.0,0.9460198001038392,0.9520621696263969
calce_CX2_38,1,0.999948263168335,1.0,0.946019694425303,0.9517070077269454
calce_CX2_38,1,0.9999617338180542,1.0,0.9460207800227927,0.9557259581091925
calce_CX2_38,1,0.999958872795105,1.0,0.9460205494551361,0.9547951900136765
calce_CX2_38,1,0.9999580383300781,1.0,0.9460204822060614,0.9545325908475898
calce_CX2_38,1,0.9999340772628784,1.0,0.9460185511632131,0.9482295391026061
calce_CX2_38,1,0.9999558925628662,1.0,0.9460203092795065,0.9538743081208978
calce_CX2_38,1,0.9999340772628784,1.0,0.9460185511632131,0.9482295391026061
calce_CX2_38,1,0.9999481439590454,1.0,0.9460196848181537,0.9516750461258933
calce_CX2_38,1,0.9999501705169678,1.0,0.9460198481394729,0.9522258291863881
calce_CX2_38,1,0.9999558925628662,1.0,0.9460203092795065,0.9538743081208978
calce_CX2_38,1,0.9999579191207886,1.0,0.9460204725990443,0.9544953866961595
calce_CX2_38,1,0.999953031539917,1.0,0.946020078709954,0.9530318244100502
calce_CX2_38,1,0.9999462366104126,1.0,0.9460195311035451,0.9511707801999819
calce_CX2_38,1,0.999944806098938,1.0,0.946019415817318,0.9508010554557325
calce_CX2_38,1,0.9999376535415649,1.0,0.9460188393826993,0.9490503992573548
calce_CX2_38,1,0.999961256980896,1.0,0.9460207415949142,0.9555674050488281
calce_CX2_38,1,0.9999567270278931,1.0,0.9460203765287845,0.9541274856714235
calce_CX2_38,1,0.9999538660049438,1.0,0.9460201459595029,0.9532736079267555
calce_CX2_38,1,0.9999538660049438,1.0,0.9460201459595029,0.9532736079267555
calce_CX2_38,1,0.9999524354934692,1.0,0.9460200306745139,0.9528610252982194
calce_CX2_38,1,0.999950647354126,1.0,0.946019886567951,0.9523577842781921
calce_CX2_38,1,0.9999617338180542,1.0,0.9460207800227927,0.9557259581091925
calce_CX2_38,1,0.999958872795105,1.0,0.9460205494551361,0.9547951900136765
calce_CX2_38,1,0.9999575614929199,1.0,0.9460204437779832,0.9543842310078494
calce_CX2_38,1,0.999955415725708,1.0,0.9460202708513124,0.9537311926085156
calce_CX2_38,1,0.9999617338180542,1.0,0.9460207800227927,0.9557259581091925
calce_CX2_38,1,0.9999617338180542,1.0,0.9460207800227927,0.9557259581091925
calce_CX2_38,1,0.9999575614929199,1.0,0.9460204437779832,0.9543842310078494
calce_CX2_38,1,0.999950647354126,1.0,0.946019886567951,0.9523577842781921
calce_CX2_38,1,0.999958872795105,1.0,0.9460205494551361,0.9547951900136765
calce_CX2_38,1,0.999945878982544,1.0,0.9460195022820101,0.9510776843636157
calce_CX2_38,1,0.9999620914459229,1.0,0.9460208088436842,0.955845815069465
calce_CX2_38,1,0.99994957447052,1.0,0.9460198001038392,0.9520621696263969
calce_CX2_38,1,0.9999617338180542,1.0,0.9460207800227927,0.9557259581091925
calce_CX2_38,1,0.999950647354126,1.0,0.946019886567951,0.9523577842781921
calce_CX2_38,1,0.9999617338180542,1.0,0.9460207800227927,0.9557259581091925
calce_CX2_38,1,0.999950647354126,1.0,0.946019886567951,0.9523577842781921
calce_CX2_38,1,0.9999580383300781,1.0,0.9460204822060614,0.9545325908475898
calce_CX2_38,1,0.9999569654464722,1.0,0.9460203957428492,0.9542004722434152
calce_CX2_38,1,0.9999599456787109,1.0,0.946020635918116,0.9551385570174369
calce_CX2_38,1,0.9999617338180542,1.0,0.9460207800227927,0.9557259581091925
calce_CX2_38,1,0.9999617338180542,1.0,0.9460207800227927,0.9557259581091925
calce_CX2_38,1,0.9999581575393677,1.0,0.946020491813077,0.9545698717449491
calce_CX2_38,1,0.9999617338180542,1.0,0.9460207800227927,0.9557259581091925
calce_CX2_38,1,0.9999617338180542,1.0,0.9460207800227927,0.9557259581091925
calce_CX2_38,1,0.9999569654464722,1.0,0.9460203957428492,0.9542004722434152
calce_CX2_38,1,0.9999569654464722,1.0,0.9460203957428492,0.9542004722434152
calce_CX2_38,1,0.9999617338180542,1.0,0.9460207800227927,0.9557259581091925
calce_CX2_38,1,0.9999617338180542,1.0,0.9460207800227927,0.9557259581091925
calce_CX2_38,1,0.9999617338180542,1.0,0.9460207800227927,0.9557259581091925
calce_CX2_38,1,0.9999617338180542,1.0,0.9460207800227927,0.9557259581091925
calce_CX2_38,1,0.9999581575393677,1.0,0.946020491813077,0.9545698717449491
calce_CX2_38,1,0.99994957447052,1.0,0.9460198001038392,0.9520621696263969
calce_CX2_38,1,0.9999555349349976,1.0,0.9460202804583632,0.9537668669349157
calce_CX2_38,1,0.9999444484710693,1.0,0.9460193869957247,0.950709715590375
calce_CX2_38,1,0.999954342842102,1.0,0.9460201843877809,0.9534131988143364
calce_CX2_38,1,0.999954342842102,1.0,0.9460201843877809,0.9534131988143364
calce_CX2_38,1,0.999961256980896,1.0,0.9460207415949142,0.9555674050488281
calce_CX2_38,1,0.9999569654464722,1.0,0.9460203957428492,0.9542004722434152
calce_CX2_38,1,0.9999669790267944,1.0,0.9460212027277508,0.957572424681628
calce_CX2_38,1,0.9999557733535767,1.0,0.9460202996724605,0.9538384243693102
calce_CX2_38,1,0.9999501705169678,1.0,0.9460198481394729,0.9522258291863881
calce_CX2_38,1,0.9999583959579468,1.0,0.9460205110271032,0.9546446652814077
calce_CX2_38,1,0.9999544620513916,1.0,0.9460201939948465,0.9534482618101061
calce_CX2_38,1,0.9999628067016602,1.0,0.9460208664854243,0.9560880088286507
calce_CX2_38,1,0.9999575614929199,1.0,0.9460204437779832,0.9543842310078494
calce_CX2_38,1,0.9999592304229736,1.0,0.946020578276144,0.9549089162808886
calce_CX2_38,1,0.9999473094940186,1.0,0.9460196175680632,0.9514527978324873
calce_CX2_38,1,0.9999597072601318,1.0,0.9460206167041317,0.955061682101405
calce_CX2_38,1,0.9999537467956543,1.0,0.9460201363524293,0.9532388740128246
calce_CX2_38,1,0.9999659061431885,1.0,0.9460211162656269,0.9571783055715862
calce_CX2_38,1,0.9999624490737915,1.0,0.9460208376645615,0.9559664941538542
calce_CX2_38,1,0.9999516010284424,1.0,0.9460199634248296,0.9526244992793591
calce_CX2_38,1,0.9999599456787109,1.0,0.946020635918116,0.9551385570174369
calce_CX2_38,1,0.9999617338180542,1.0,0.9460207800227927,0.9557259581091925
calce_CX2_38,1,0.9999617338180542,1.0,0.9460207800227927,0.9557259581091925
calce_CX2_38,1,0.9999617338180542,1.0,0.9460207800227927,0.9557259581091925
calce_CX2_38,1,0.9999617338180542,1.0,0.9460207800227927,0.9557259581091925
calce_CX2_38,1,0.9999617338180542,1.0,0.9460207800227927,0.9557259581091925
calce_CX2_38,1,0.9999617338180542,1.0,0.9460207800227927,0.9557259581091925
calce_CX2_38,1,0.9999659061431885,1.0,0.9460211162656269,0.9571783055715862
calce_CX2_38,1,0.9999617338180542,1.0,0.9460207800227927,0.9557259581091925
calce_CX2_38,1,0.9999569654464722,1.0,0.9460203957428492,0.9542004722434152
calce_CX2_38,1,0.9999617338180542,1.0,0.9460207800227927,0.9557259581091925
calce_CX2_38,1,0.9999617338180542,1.0,0.9460207800227927,0.9557259581091925
calce_CX2_38,1,0.9999617338180542,1.0,0.9460207800227927,0.9557259581091925
calce_CX2_38,1,0.9999617338180542,1.0,0.9460207800227927,0.9557259581091925
calce_CX2_38,1,0.9999617338180542,1.0,0.9460207800227927,0.9557259581091925
calce_CX2_38,1,0.9999569654464722,1.0,0.9460203957428492,0.9542004722434152
calce_CX2_38,1,0.9999569654464722,1.0,0.9460203957428492,0.9542004722434152
calce_CX2_38,1,0.999945878982544,1.0,0.9460195022820101,0.9510776843636157
calce_CX2_38,1,0.9999516010284424,1.0,0.9460199634248296,0.9526244992793591
calce_CX2_38,1,0.9999617338180542,1.0,0.9460207800227927,0.9557259581091925
calce_CX2_38,1,0.9999624490737915,1.0,0.9460208376645615,0.9559664941538542
calce_CX2_38,1,0.9999624490737915,1.0,0.9460208376645615,0.9559664941538542
calce_CX2_38,1,0.9999617338180542,1.0,0.9460207800227927,0.9557259581091925
calce_CX2_38,1,0.9999580383300781,1.0,0.9460204822060614,0.9545325908475898
calce_CX2_38,1,0.9999614953994751,1.0,0.9460207608088568,0.9556465037089157
calce_CX2_38,1,0.9999617338180542,1.0,0.9460207800227927,0.9557259581091925
calce_CX2_38,1,0.9999580383300781,1.0,0.9460204822060614,0.9545325908475898
calce_CX2_38,1,0.9999569654464722,1.0,0.9460203957428492,0.9542004722434152
calce_CX2_38,1,0.9999617338180542,1.0,0.9460207800227927,0.9557259581091925
calce_CX2_38,1,0.9999444484710693,1.0,0.9460193869957247,0.950709715590375
calce_CX2_38,1,0.9999607801437378,1.0,0.9460207031670104,0.9554102600340083
calce_CX2_38,1,0.9999557733535767,1.0,0.9460202996724605,0.9538384243693102
calce_CX2_38,1,0.9999428987503052,1.0,0.9460192621019871,0.9503187829780971
calce_CX2_38,1,0.9999557733535767,1.0,0.9460202996724605,0.9538384243693102
calce_CX2_38,1,0.999942421913147,1.0,0.94601922367309,0.9502000511834596
calce_CX2_38,1,0.9999536275863647,1.0,0.9460201267453541,0.9532042050428878
calce_CX2_38,1,0.9999572038650513,1.0,0.9460204149569078,0.9542737527965571
calce_CX2_38,1,0.999961256980896,1.0,0.9460207415949142,0.9555674050488281
calce_CX2_38,1,0.999955415725708,1.0,0.9460202708513124,0.9537311926085156
calce_CX2_38,1,0.9999579191207886,1.0,0.9460204725990443,0.9544953866961595
calce_CX2_38,1,0.9999551773071289,1.0,0.9460202516372055,0.9536600511457816
calce_CX2_38,1,0.9999532699584961,1.0,0.9460200979241189,0.9531005849463234
calce_CX2_38,1,0.9999388456344604,1.0,0.9460189354555387,0.9493316381998655
calce_CX2_38,1,0.9999591112136841,1.0,0.946020568669143,0.9548709274275966
calce_CX2_38,1,0.9999583959579468,1.0,0.9460205110271032,0.9546446652814077
calce_CX2_38,1,0.9999524354934692,1.0,0.9460200306745139,0.9528610252982194
calce_CX2_38,1,0.9998252987861633,0.9423976608187135,0.9460097837938382,0.9317172807117472
calce_CX2_38,1,0.9999575614929199,1.0,0.9460204437779832,0.9543842310078494
calce_CX2_38,1,0.9999622106552124,1.0,0.9460208184506451,0.9558859494259143
calce_CX2_38,1,0.9999557733535767,1.0,0.9460202996724605,0.9538384243693102
calce_CX2_38,1,0.9999591112136841,1.0,0.946020568669143,0.9548709274275966
calce_CX2_38,1,0.9999544620513916,1.0,0.9460201939948465,0.9534482618101061
calce_CX2_38,1,0.999954342842102,1.0,0.9460201843877809,0.9534131988143364
calce_CX2_38,1,0.999954342842102,1.0,0.9460201843877809,0.9534131988143364
calce_CX2_38,1,0.9999428987503052,1.0,0.9460192621019871,0.9503187829780971
calce_CX2_38,1,0.9999595880508423,1.0,0.9460206070971374,0.9550233682670559
calce_CX2_38,1,0.999954342842102,1.0,0.9460201843877809,0.9534131988143364
calce_CX2_38,1,0.9999606609344482,1.0,0.9460206935600304,0.9553711903421466
calce_CX2_38,1,0.9999511241912842,1.0,0.9460199249964032,0.9524906691045044
calce_CX2_38,1,0.9999536275863647,1.0,0.9460201267453541,0.9532042050428878
calce_CX2_38,1,0.9999595880508423,1.0,0.9460206070971374,0.9550233682670559
calce_CX2_38,1,0.9999375343322754,1.0,0.9460188297754063,0.949022491496264
calce_CX2_38,1,0.9999402761459351,1.0,0.9460190507427333,0.949674446757079
calce_CX2_38,1,0.9999557733535767,1.0,0.9460202996724605,0.9538384243693102
calce_CX2_38,1,0.9999669790267944,1.0,0.9460212027277508,0.957572424681628
calce_CX2_38,1,0.9999537467956543,1.0,0.9460201363524293,0.9532388740128246
calce_CX2_38,1,0.9999606609344482,1.0,0.9460206935600304,0.9553711903421466
calce_CX2_38,1,0.9999428987503052,1.0,0.9460192621019871,0.9503187829780971
calce_CX2_38,1,0.9999537467956543,1.0,0.9460201363524293,0.9532388740128246
calce_CX2_38,1,0.9998939037322998,1.0,0.9460153133979486,0.9407009769995894
calce_CX2_38,1,0.9999663829803467,1.0,0.9460211546932535,0.9573523449585539
calce_CX2_38,1,0.9999611377716064,1.0,0.9460207319879408,0.9555279879488272
calce_CX2_38,1,0.9999617338180542,1.0,0.9460207800227927,0.9557259581091925
calce_CX2_38,1,0.9999526739120483,1.0,0.9460200498886947,0.9529291573521854
calce_CX2_38,1,0.9999606609344482,1.0,0.9460206935600304,0.9553711903421466
calce_CX2_38,1,0.9999511241912842,1.0,0.9460199249964032,0.9524906691045044
calce_CX2_38,1,0.9999659061431885,1.0,0.9460211162656269,0.9571783055715862
calce_CX2_38,1,0.9999617338180542,1.0,0.9460207800227927,0.9557259581091925
calce_CX2_38,1,0.9999624490737915,1.0,0.9460208376645615,0.9559664941538542
calce_CX2_38,1,0.9999624490737915,1.0,0.9460208376645615,0.9559664941538542
calce_CX2_38,1,0.9999624490737915,1.0,0.9460208376645615,0.9559664941538542
calce_CX2_38,1,0.9999493360519409,1.0,0.9460197808895745,0.9519970994203344
calce_CX2_38,1,0.9999516010284424,1.0,0.9460199634248296,0.9526244992793591
calce_CX2_38,1,0.9999474287033081,1.0,0.9460196271752238,0.9514843901515667
calce_CX2_38,1,0.9999624490737915,1.0,0.9460208376645615,0.9559664941538542
calce_CX2_38,1,0.9999624490737915,1.0,0.9460208376645615,0.9559664941538542
calce_CX2_38,1,0.9999624490737915,1.0,0.9460208376645615,0.9559664941538542
calce_CX2_38,1,0.9999624490737915,1.0,0.9460208376645615,0.9559664941538542
calce_CX2_38,1,0.9999624490737915,1.0,0.9460208376645615,0.9559664941538542
calce_CX2_38,1,0.9999476671218872,1.0,0.9460196463895404,0.9515477314066536
calce_CX2_38,1,0.9999659061431885,1.0,0.9460211162656269,0.9571783055715862
calce_CX2_38,1,0.9999617338180542,1.0,0.9460207800227927,0.9557259581091925
calce_CX2_38,1,0.9999624490737915,1.0,0.9460208376645615,0.9559664941538542
calce_CX2_38,1,0.9999624490737915,1.0,0.9460208376645615,0.9559664941538542
calce_CX2_38,1,0.9999516010284424,1.0,0.9460199634248296,0.9526244992793591
calce_CX2_38,1,0.9999624490737915,1.0,0.9460208376645615,0.9559664941538542
calce_CX2_38,1,0.9999624490737915,1.0,0.9460208376645615,0.9559664941538542
calce_CX2_38,1,0.9999516010284424,1.0,0.9460199634248296,0.9526244992793591
calce_CX2_38,1,0.9999624490737915,1.0,0.9460208376645615,0.9559664941538542
calce_CX2_38,1,0.9999624490737915,1.0,0.9460208376645615,0.9559664941538542
calce_CX2_38,1,0.9999624490737915,1.0,0.9460208376645615,0.9559664941538542
calce_CX2_38,1,0.9999624490737915,1.0,0.9460208376645615,0.9559664941538542
calce_CX2_38,1,0.9999617338180542,1.0,0.9460207800227927,0.9557259581091925
calce_CX2_38,1,0.9999624490737915,1.0,0.9460208376645615,0.9559664941538542
calce_CX2_38,1,0.9999624490737915,1.0,0.9460208376645615,0.9559664941538542
calce_CX2_38,1,0.9999624490737915,1.0,0.9460208376645615,0.9559664941538542
calce_CX2_38,1,0.9999617338180542,1.0,0.9460207800227927,0.9557259581091925
calce_CX2_38,1,0.9999617338180542,1.0,0.9460207800227927,0.9557259581091925
calce_CX2_38,1,0.999950647354126,1.0,0.946019886567951,0.9523577842781921
calce_CX2_38,1,0.9999624490737915,1.0,0.9460208376645615,0.9559664941538542
calce_CX2_38,1,0.9999617338180542,1.0,0.9460207800227927,0.9557259581091925
calce_CX2_38,1,0.9999617338180542,1.0,0.9460207800227927,0.9557259581091925
calce_CX2_38,1,0.9999624490737915,1.0,0.9460208376645615,0.9559664941538542
calce_CX2_38,1,0.9999594688415527,1.0,0.9460205974901411,0.9549851362931898
calce_CX2_38,1,0.9999608993530273,1.0,0.9460207127739888,0.955449415897892
calce_CX2_38,1,0.9999607801437378,1.0,0.9460207031670104,0.9554102600340083
calce_CX2_38,1,0.9999589920043945,1.0,0.9460205590621404,0.9548330188050038
calce_CX2_38,1,0.9999598264694214,1.0,0.9460206263111249,0.9551000782118712
calce_CX2_38,1,0.9999562501907349,1.0,0.9460203381006353,0.953982383424539
calce_CX2_38,1,0.9999436140060425,1.0,0.9460193197452845,0.950498241279172
calce_CX2_38,1,0.9999617338180542,1.0,0.9460207800227927,0.9557259581091925
calce_CX2_38,1,0.9999617338180542,1.0,0.9460207800227927,0.9557259581091925
calce_CX2_38,1,0.999950647354126,1.0,0.946019886567951,0.9523577842781921
calce_CX2_38,1,0.9999617338180542,1.0,0.9460207800227927,0.9557259581091925
calce_CX2_38,1,0.9999659061431885,1.0,0.9460211162656269,0.9571783055715862
calce_CX2_38,1,0.9999624490737915,1.0,0.9460208376645615,0.9559664941538542
calce_CX2_38,1,0.9999624490737915,1.0,0.9460208376645615,0.9559664941538542
calce_CX2_38,1,0.9999594688415527,1.0,0.9460205974901411,0.9549851362931898
calce_CX2_38,1,0.9999617338180542,1.0,0.9460207800227927,0.9557259581091925
calce_CX2_38,1,0.9999594688415527,1.0,0.9460205974901411,0.9549851362931898
calce_CX2_38,1,0.9999624490737915,1.0,0.9460208376645615,0.9559664941538542
calce_CX2_38,1,0.9999617338180542,1.0,0.9460207800227927,0.9557259581091925
calce_CX2_38,1,0.9999617338180542,1.0,0.9460207800227927,0.9557259581091925
calce_CX2_38,1,0.9999624490737915,1.0,0.9460208376645615,0.9559664941538542
calce_CX2_38,1,0.9999617338180542,1.0,0.9460207800227927,0.9557259581091925
calce_CX2_38,1,0.9999532699584961,1.0,0.9460200979241189,0.9531005849463234
calce_CX2_38,1,0.9999624490737915,1.0,0.9460208376645615,0.9559664941538542
calce_CX2_38,1,0.9999581575393677,1.0,0.946020491813077,0.9545698717449491
calce_CX2_38,1,0.9999624490737915,1.0,0.9460208376645615,0.9559664941538542
calce_CX2_38,1,0.9999659061431885,1.0,0.9460211162656269,0.9571783055715862
calce_CX2_38,1,0.9999624490737915,1.0,0.9460208376645615,0.9559664941538542
calce_CX2_38,1,0.9999624490737915,1.0,0.9460208376645615,0.9559664941538542
calce_CX2_38,1,0.9999624490737915,1.0,0.9460208376645615,0.9559664941538542
calce_CX2_38,1,0.9999624490737915,1.0,0.9460208376645615,0.9559664941538542
calce_CX2_38,1,0.9999516010284424,1.0,0.9460199634248296,0.9526244992793591
calce_CX2_38,1,0.9999624490737915,1.0,0.9460208376645615,0.9559664941538542
calce_CX2_38,1,0.9999516010284424,1.0,0.9460199634248296,0.9526244992793591
calce_CX2_38,1,0.9999516010284424,1.0,0.9460199634248296,0.9526244992793591
calce_CX2_38,1,0.9999624490737915,1.0,0.9460208376645615,0.9559664941538542
calce_CX2_38,1,0.9999624490737915,1.0,0.9460208376645615,0.9559664941538542
calce_CX2_38,1,0.9999624490737915,1.0,0.9460208376645615,0.9559664941538542
calce_CX2_38,1,0.9999516010284424,1.0,0.9460199634248296,0.9526244992793591
calce_CX2_38,1,0.9999624490737915,1.0,0.9460208376645615,0.9559664941538542
calce_CX2_38,1,0.9999606609344482,1.0,0.9460206935600304,0.9553711903421466
calce_CX2_38,1,0.9999606609344482,1.0,0.9460206935600304,0.9553711903421466
calce_CX2_38,1,0.9999492168426514,1.0,0.9460197712824395,0.9519646477554933
calce_CX2_38,1,0.9999606609344482,1.0,0.9460206935600304,0.9553711903421466
calce_CX2_38,1,0.9999606609344482,1.0,0.9460206935600304,0.9553711903421466
calce_CX2_38,1,0.9999606609344482,1.0,0.9460206935600304,0.9553711903421466
calce_CX2_38,1,0.9999492168426514,1.0,0.9460197712824395,0.9519646477554933
calce_CX2_38,1,0.9999492168426514,1.0,0.9460197712824395,0.9519646477554933
calce_CX2_38,1,0.9999606609344482,1.0,0.9460206935600304,0.9553711903421466
calce_CX2_38,1,0.9999606609344482,1.0,0.9460206935600304,0.9553711903421466
calce_CX2_38,1,0.9998056292533875,0.9423976608187135,0.9460081983179566,0.9296379719640561
calce_CX2_38,1,0.9999606609344482,1.0,0.9460206935600304,0.9553711903421466
calce_CX2_38,1,0.9999606609344482,1.0,0.9460206935600304,0.9553711903421466
calce_CX2_38,1,0.9999606609344482,1.0,0.9460206935600304,0.9553711903421466
calce_CX2_38,1,0.9999606609344482,1.0,0.9460206935600304,0.9553711903421466
calce_CX2_38,1,0.9999606609344482,1.0,0.9460206935600304,0.9553711903421466
calce_CX2_38,1,0.9999606609344482,1.0,0.9460206935600304,0.9553711903421466
calce_CX2_38,1,0.9999606609344482,1.0,0.9460206935600304,0.9553711903421466
calce_CX2_38,1,0.9999516010284424,1.0,0.9460199634248296,0.9526244992793591
calce_CX2_38,1,0.9999606609344482,1.0,0.9460206935600304,0.9553711903421466
calce_CX2_38,1,0.9999606609344482,1.0,0.9460206935600304,0.9553711903421466
calce_CX2_38,1,0.9999606609344482,1.0,0.9460206935600304,0.9553711903421466
calce_CX2_38,1,0.9999606609344482,1.0,0.9460206935600304,0.9553711903421466
calce_CX2_38,1,0.9999624490737915,1.0,0.9460208376645615,0.9559664941538542
calce_CX2_38,1,0.9999624490737915,1.0,0.9460208376645615,0.9559664941538542
calce_CX2_38,1,0.9999624490737915,1.0,0.9460208376645615,0.9559664941538542
calce_CX2_38,1,0.9999606609344482,1.0,0.9460206935600304,0.9553711903421466
calce_CX2_38,1,0.9999606609344482,1.0,0.9460206935600304,0.9553711903421466
calce_CX2_38,1,0.9999606609344482,1.0,0.9460206935600304,0.9553711903421466
calce_CX2_38,1,0.9999492168426514,1.0,0.9460197712824395,0.9519646477554933
calce_CX2_38,1,0.9999606609344482,1.0,0.9460206935600304,0.9553711903421466
calce_CX2_38,1,0.9999606609344482,1.0,0.9460206935600304,0.9553711903421466
calce_CX2_38,1,0.9999606609344482,1.0,0.9460206935600304,0.9553711903421466
calce_CX2_38,1,0.9999606609344482,1.0,0.9460206935600304,0.9553711903421466
calce_CX2_38,1,0.9999606609344482,1.0,0.9460206935600304,0.9553711903421466
calce_CX2_38,1,0.9999606609344482,1.0,0.9460206935600304,0.9553711903421466
calce_CX2_38,1,0.9999492168426514,1.0,0.9460197712824395,0.9519646477554933
calce_CX2_38,1,0.9999606609344482,1.0,0.9460206935600304,0.9553711903421466
calce_CX2_38,1,0.9999492168426514,1.0,0.9460197712824395,0.9519646477554933
calce_CX2_38,1,0.9999606609344482,1.0,0.9460206935600304,0.9553711903421466
calce_CX2_38,1,0.9999492168426514,1.0,0.9460197712824395,0.9519646477554933
calce_CX2_38,1,0.9999606609344482,1.0,0.9460206935600304,0.9553711903421466
calce_CX2_38,1,0.9999606609344482,1.0,0.9460206935600304,0.9553711903421466
calce_CX2_38,1,0.9999606609344482,1.0,0.9460206935600304,0.9553711903421466
calce_CX2_38,1,0.9999659061431885,1.0,0.9460211162656269,0.9571783055715862
calce_CX2_38,1,0.9999606609344482,1.0,0.9460206935600304,0.9553711903421466
calce_CX2_38,1,0.9999606609344482,1.0,0.9460206935600304,0.9553711903421466
calce_CX2_38,1,0.9999492168426514,1.0,0.9460197712824395,0.9519646477554933
calce_CX2_38,1,0.9999606609344482,1.0,0.9460206935600304,0.9553711903421466
calce_CX2_38,1,0.9999606609344482,1.0,0.9460206935600304,0.9553711903421466
calce_CX2_38,1,0.9999606609344482,1.0,0.9460206935600304,0.9553711903421466
calce_CX2_38,1,0.9999606609344482,1.0,0.9460206935600304,0.9553711903421466
calce_CX2_38,1,0.9999606609344482,1.0,0.9460206935600304,0.9553711903421466
calce_CX2_38,1,0.9999606609344482,1.0,0.9460206935600304,0.9553711903421466
calce_CX2_38,1,0.9999606609344482,1.0,0.9460206935600304,0.9553711903421466
calce_CX2_38,1,0.9999508857727051,1.0,0.9460199057821803,0.9524241095082941
calce_CX2_38,1,0.9999632835388184,1.0,0.9460209049132188,0.9562513521385843
calce_CX2_38,1,0.9999575614929199,1.0,0.9460204437779832,0.9543842310078494
calce_CX2_38,1,0.9999603033065796,1.0,0.9460206647390804,0.9552544938455455
calce_CX2_38,1,0.9999575614929199,1.0,0.9460204437779832,0.9543842310078494
calce_CX2_38,1,0.9999603033065796,1.0,0.9460206647390804,0.9552544938455455
calce_CX2_38,1,0.9999492168426514,1.0,0.9460197712824395,0.9519646477554933
calce_CX2_38,1,0.9999606609344482,1.0,0.9460206935600304,0.9553711903421466
calce_CX2_38,1,0.9999606609344482,1.0,0.9460206935600304,0.9553711903421466
calce_CX2_38,1,0.9999606609344482,1.0,0.9460206935600304,0.9553711903421466
calce_CX2_38,1,0.9999659061431885,1.0,0.9460211162656269,0.9571783055715862
calce_CX2_38,1,0.9999659061431885,1.0,0.9460211162656269,0.9571783055715862
calce_CX2_38,1,0.9999492168426514,1.0,0.9460197712824395,0.9519646477554933
calce_CX2_38,1,0.9999606609344482,1.0,0.9460206935600304,0.9553711903421466
calce_CX2_38,1,0.9999606609344482,1.0,0.9460206935600304,0.9553711903421466
calce_CX2_38,1,0.9999606609344482,1.0,0.9460206935600304,0.9553711903421466
calce_CX2_38,1,0.9999606609344482,1.0,0.9460206935600304,0.9553711903421466
calce_CX2_38,1,0.9999606609344482,1.0,0.9460206935600304,0.9553711903421466
calce_CX2_38,1,0.9999606609344482,1.0,0.9460206935600304,0.9553711903421466
calce_CX2_38,1,0.9999606609344482,1.0,0.9460206935600304,0.9553711903421466
calce_CX2_38,1,0.9999606609344482,1.0,0.9460206935600304,0.9553711903421466
calce_CX2_38,1,0.9999606609344482,1.0,0.9460206935600304,0.9553711903421466
calce_CX2_38,1,0.9999606609344482,1.0,0.9460206935600304,0.9553711903421466
calce_CX2_38,1,0.9999659061431885,1.0,0.9460211162656269,0.9571783055715862
calce_CX2_38,1,0.9999659061431885,1.0,0.9460211162656269,0.9571783055715862
calce_CX2_38,1,0.9999659061431885,1.0,0.9460211162656269,0.9571783055715862
calce_CX2_38,1,0.9999659061431885,1.0,0.9460211162656269,0.9571783055715862
calce_CX2_38,1,0.9999659061431885,1.0,0.9460211162656269,0.9571783055715862
calce_CX2_38,1,0.9999659061431885,1.0,0.9460211162656269,0.9571783055715862
calce_CX2_38,1,0.9999606609344482,1.0,0.9460206935600304,0.9553711903421466
calce_CX2_38,1,0.9999606609344482,1.0,0.9460206935600304,0.9553711903421466
calce_CX2_38,1,0.9999606609344482,1.0,0.9460206935600304,0.9553711903421466
calce_CX2_38,1,0.9999659061431885,1.0,0.9460211162656269,0.9571783055715862
calce_CX2_38,1,0.9999659061431885,1.0,0.9460211162656269,0.9571783055715862
calce_CX2_38,1,0.9999659061431885,1.0,0.9460211162656269,0.9571783055715862
calce_CX2_38,1,0.9999659061431885,1.0,0.9460211162656269,0.9571783055715862
calce_CX2_38,1,0.9999659061431885,1.0,0.9460211162656269,0.9571783055715862
calce_CX2_38,1,0.9999659061431885,1.0,0.9460211162656269,0.9571783055715862
calce_CX2_38,1,0.9999659061431885,1.0,0.9460211162656269,0.9571783055715862
calce_CX2_38,1,0.9999659061431885,1.0,0.9460211162656269,0.9571783055715862
calce_CX2_38,1,0.9999659061431885,1.0,0.9460211162656269,0.9571783055715862
calce_CX2_38,1,0.9999659061431885,1.0,0.9460211162656269,0.9571783055715862
calce_CX2_38,1,0.9999659061431885,1.0,0.9460211162656269,0.9571783055715862
calce_CX2_38,1,0.9999659061431885,1.0,0.9460211162656269,0.9571783055715862
calce_CX2_38,1,0.9999659061431885,1.0,0.9460211162656269,0.9571783055715862
calce_CX2_38,1,0.9999659061431885,1.0,0.9460211162656269,0.9571783055715862
calce_CX2_38,1,0.9999581575393677,1.0,0.946020491813077,0.9545698717449491
calce_CX2_38,1,0.9999659061431885,1.0,0.9460211162656269,0.9571783055715862
calce_CX2_38,1,0.9999659061431885,1.0,0.9460211162656269,0.9571783055715862
calce_CX2_38,1,0.9999581575393677,1.0,0.946020491813077,0.9545698717449491
calce_CX2_38,1,0.9999659061431885,1.0,0.9460211162656269,0.9571783055715862
calce_CX2_38,1,0.9999659061431885,1.0,0.9460211162656269,0.9571783055715862
calce_CX2_38,1,0.9999659061431885,1.0,0.9460211162656269,0.9571783055715862
calce_CX2_38,1,0.9999659061431885,1.0,0.9460211162656269,0.9571783055715862
calce_CX2_38,1,0.9999659061431885,1.0,0.9460211162656269,0.9571783055715862
calce_CX2_38,1,0.9999659061431885,1.0,0.9460211162656269,0.9571783055715862
calce_CX2_38,1,0.9999659061431885,1.0,0.9460211162656269,0.9571783055715862
calce_CX2_38,1,0.9999659061431885,1.0,0.9460211162656269,0.9571783055715862
calce_CX2_38,1,0.9999581575393677,1.0,0.946020491813077,0.9545698717449491
calce_CX2_38,1,0.9999659061431885,1.0,0.9460211162656269,0.9571783055715862
calce_CX2_38,1,0.9999581575393677,1.0,0.946020491813077,0.9545698717449491
calce_CX2_38,1,0.9999581575393677,1.0,0.946020491813077,0.9545698717449491
calce_CX2_38,1,0.9999659061431885,1.0,0.9460211162656269,0.9571783055715862
calce_CX2_38,1,0.9999659061431885,1.0,0.9460211162656269,0.9571783055715862
calce_CX2_38,1,0.9999659061431885,1.0,0.9460211162656269,0.9571783055715862
calce_CX2_38,1,0.9999581575393677,1.0,0.946020491813077,0.9545698717449491
calce_CX2_38,1,0.9999581575393677,1.0,0.946020491813077,0.9545698717449491
calce_CX2_38,1,0.9999659061431885,1.0,0.9460211162656269,0.9571783055715862
calce_CX2_38,1,0.999967098236084,1.0,0.9460212123346454,0.9576167849612611
calce_CX2_38,1,0.9999659061431885,1.0,0.9460211162656269,0.9571783055715862
calce_CX2_38,1,0.9999659061431885,1.0,0.9460211162656269,0.9571783055715862
calce_CX2_38,1,0.9999659061431885,1.0,0.9460211162656269,0.9571783055715862
calce_CX2_38,1,0.9999581575393677,1.0,0.946020491813077,0.9545698717449491
calce_CX2_38,1,0.9999659061431885,1.0,0.9460211162656269,0.9571783055715862
calce_CX2_38,1,0.9999659061431885,1.0,0.9460211162656269,0.9571783055715862
calce_CX2_38,1,0.9999659061431885,1.0,0.9460211162656269,0.9571783055715862
calce_CX2_38,1,0.9999659061431885,1.0,0.9460211162656269,0.9571783055715862
calce_CX2_38,1,0.9999659061431885,1.0,0.9460211162656269,0.9571783055715862
calce_CX2_38,1,0.9999659061431885,1.0,0.9460211162656269,0.9571783055715862
calce_CX2_38,1,0.9999659061431885,1.0,0.9460211162656269,0.9571783055715862
calce_CX2_38,1,0.9999659061431885,1.0,0.9460211162656269,0.9571783055715862
calce_CX2_38,1,0.9999581575393677,1.0,0.946020491813077,0.9545698717449491
calce_CX2_38,1,0.9999659061431885,1.0,0.9460211162656269,0.9571783055715862
calce_CX2_38,1,0.9999659061431885,1.0,0.9460211162656269,0.9571783055715862
calce_CX2_38,1,0.9999659061431885,1.0,0.9460211162656269,0.9571783055715862
calce_CX2_38,1,0.9999659061431885,1.0,0.9460211162656269,0.9571783055715862
calce_CX2_38,1,0.9999659061431885,1.0,0.9460211162656269,0.9571783055715862
calce_CX2_38,1,0.9999659061431885,1.0,0.9460211162656269,0.9571783055715862
calce_CX2_38,1,0.9999659061431885,1.0,0.9460211162656269,0.9571783055715862
calce_CX2_38,1,0.9999659061431885,1.0,0.9460211162656269,0.9571783055715862
calce_CX2_38,1,0.9999659061431885,1.0,0.9460211162656269,0.9571783055715862
calce_CX2_38,1,0.9999659061431885,1.0,0.9460211162656269,0.9571783055715862
calce_CX2_38,1,0.9999659061431885,1.0,0.9460211162656269,0.9571783055715862
calce_CX2_38,1,0.9999659061431885,1.0,0.9460211162656269,0.9571783055715862
calce_CX2_38,1,0.9999659061431885,1.0,0.9460211162656269,0.9571783055715862
calce_CX2_38,1,0.9999659061431885,1.0,0.9460211162656269,0.9571783055715862
calce_CX2_38,1,0.9999659061431885,1.0,0.9460211162656269,0.9571783055715862
calce_CX2_38,1,0.9999659061431885,1.0,0.9460211162656269,0.9571783055715862
calce_CX2_38,1,0.9999659061431885,1.0,0.9460211162656269,0.9571783055715862
calce_CX2_38,1,0.9999659061431885,1.0,0.9460211162656269,0.9571783055715862
calce_CX2_38,1,0.9999659061431885,1.0,0.9460211162656269,0.9571783055715862
calce_CX2_38,1,0.9999581575393677,1.0,0.946020491813077,0.9545698717449491
calce_CX2_38,1,0.9999659061431885,1.0,0.9460211162656269,0.9571783055715862
calce_CX2_38,1,0.9999659061431885,1.0,0.9460211162656269,0.9571783055715862
calce_CX2_38,1,0.9999659061431885,1.0,0.9460211162656269,0.9571783055715862
calce_CX2_38,1,0.9999659061431885,1.0,0.9460211162656269,0.9571783055715862
calce_CX2_38,1,0.9999581575393677,1.0,0.946020491813077,0.9545698717449491
calce_CX2_38,1,0.9999659061431885,1.0,0.9460211162656269,0.9571783055715862
calce_CX2_38,1,0.9999581575393677,1.0,0.946020491813077,0.9545698717449491
calce_CX2_38,1,0.9999659061431885,1.0,0.9460211162656269,0.9571783055715862
calce_CX2_38,1,0.9999659061431885,1.0,0.9460211162656269,0.9571783055715862
calce_CX2_38,1,0.9999659061431885,1.0,0.9460211162656269,0.9571783055715862
calce_CX2_38,1,0.9999581575393677,1.0,0.946020491813077,0.9545698717449491
calce_CX2_38,1,0.9999659061431885,1.0,0.9460211162656269,0.9571783055715862
calce_CX2_38,1,0.9999659061431885,1.0,0.9460211162656269,0.9571783055715862
calce_CX2_38,1,0.9999659061431885,1.0,0.9460211162656269,0.9571783055715862
calce_CX2_38,1,0.9998399019241333,0.9423976608187135,0.9460109608611729,0.9333759722396403
calce_CX2_38,1,0.9999659061431885,1.0,0.9460211162656269,0.9571783055715862
calce_CX2_38,1,0.9999659061431885,1.0,0.9460211162656269,0.9571783055715862
calce_CX2_38,1,0.999967098236084,1.0,0.9460212123346454,0.9576167849612611
calce_CX2_38,1,0.9999659061431885,1.0,0.9460211162656269,0.9571783055715862
calce_CX2_38,1,0.9999659061431885,1.0,0.9460211162656269,0.9571783055715862
calce_CX2_38,1,0.9999659061431885,1.0,0.9460211162656269,0.9571783055715862
calce_CX2_38,1,0.9999659061431885,1.0,0.9460211162656269,0.9571783055715862
calce_CX2_38,1,0.9999659061431885,1.0,0.9460211162656269,0.9571783055715862
calce_CX2_38,1,0.9999659061431885,1.0,0.9460211162656269,0.9571783055715862
calce_CX2_38,1,0.9999659061431885,1.0,0.9460211162656269,0.9571783055715862
calce_CX2_38,1,0.9999659061431885,1.0,0.9460211162656269,0.9571783055715862
calce_CX2_38,1,0.9999659061431885,1.0,0.9460211162656269,0.9571783055715862
calce_CX2_38,1,0.9999659061431885,1.0,0.9460211162656269,0.9571783055715862
calce_CX2_38,1,0.9999659061431885,1.0,0.9460211162656269,0.9571783055715862
calce_CX2_38,1,0.9999659061431885,1.0,0.9460211162656269,0.9571783055715862
calce_CX2_38,1,0.9999659061431885,1.0,0.9460211162656269,0.9571783055715862
calce_CX2_38,1,0.9999659061431885,1.0,0.9460211162656269,0.9571783055715862
calce_CX2_38,1,0.9999659061431885,1.0,0.9460211162656269,0.9571783055715862
calce_CX2_38,1,0.9999659061431885,1.0,0.9460211162656269,0.9571783055715862
calce_CX2_38,1,0.9999659061431885,1.0,0.9460211162656269,0.9571783055715862
calce_CX2_38,1,0.9999659061431885,1.0,0.9460211162656269,0.9571783055715862
calce_CX2_38,1,0.9999659061431885,1.0,0.9460211162656269,0.9571783055715862
calce_CX2_38,1,0.9999659061431885,1.0,0.9460211162656269,0.9571783055715862
calce_CX2_38,1,0.9999659061431885,1.0,0.9460211162656269,0.9571783055715862
calce_CX2_38,1,0.9999659061431885,1.0,0.9460211162656269,0.9571783055715862
calce_CX2_38,1,0.999967098236084,1.0,0.9460212123346454,0.9576167849612611
calce_CX2_38,1,0.9999659061431885,1.0,0.9460211162656269,0.9571783055715862
calce_CX2_38,1,0.9999659061431885,1.0,0.9460211162656269,0.9571783055715862
calce_CX2_38,1,0.9999659061431885,1.0,0.9460211162656269,0.9571783055715862
calce_CX2_38,1,0.9999581575393677,1.0,0.946020491813077,0.9545698717449491
calce_CX2_38,1,0.9999659061431885,1.0,0.9460211162656269,0.9571783055715862
calce_CX2_38,1,0.9999659061431885,1.0,0.9460211162656269,0.9571783055715862
calce_CX2_38,1,0.9999659061431885,1.0,0.9460211162656269,0.9571783055715862
calce_CX2_38,1,0.9999659061431885,1.0,0.9460211162656269,0.9571783055715862
calce_CX2_38,1,0.9999659061431885,1.0,0.9460211162656269,0.9571783055715862
calce_CX2_38,1,0.9999581575393677,1.0,0.946020491813077,0.9545698717449491
calce_CX2_38,1,0.9999659061431885,1.0,0.9460211162656269,0.9571783055715862
calce_CX2_38,1,0.9999659061431885,1.0,0.9460211162656269,0.9571783055715862
calce_CX2_38,1,0.9999659061431885,1.0,0.9460211162656269,0.9571783055715862
calce_CX2_38,1,0.9999659061431885,1.0,0.9460211162656269,0.9571783055715862
calce_CX2_38,1,0.9999659061431885,1.0,0.9460211162656269,0.9571783055715862
calce_CX2_38,1,0.9999659061431885,1.0,0.9460211162656269,0.9571783055715862
calce_CX2_38,1,0.9999659061431885,1.0,0.9460211162656269,0.9571783055715862
calce_CX2_38,1,0.9999659061431885,1.0,0.9460211162656269,0.9571783055715862
calce_CX2_38,1,0.9999659061431885,1.0,0.9460211162656269,0.9571783055715862
calce_CX2_38,1,0.9999659061431885,1.0,0.9460211162656269,0.9571783055715862
calce_CX2_38,1,0.9999659061431885,1.0,0.9460211162656269,0.9571783055715862
calce_CX2_38,1,0.9999659061431885,1.0,0.9460211162656269,0.9571783055715862
calce_CX2_38,1,0.9999659061431885,1.0,0.9460211162656269,0.9571783055715862
calce_CX2_38,1,0.9999581575393677,1.0,0.946020491813077,0.9545698717449491
calce_CX2_38,1,0.9999659061431885,1.0,0.9460211162656269,0.9571783055715862
calce_CX2_38,1,0.9999659061431885,1.0,0.9460211162656269,0.9571783055715862
calce_CX2_38,1,0.9999659061431885,1.0,0.9460211162656269,0.9571783055715862
calce_CX2_38,1,0.9999659061431885,1.0,0.9460211162656269,0.9571783055715862
calce_CX2_38,1,0.9999659061431885,1.0,0.9460211162656269,0.9571783055715862
calce_CX2_38,1,0.9999659061431885,1.0,0.9460211162656269,0.9571783055715862
calce_CX2_38,1,0.9999659061431885,1.0,0.9460211162656269,0.9571783055715862
calce_CX2_38,1,0.9999659061431885,1.0,0.9460211162656269,0.9571783055715862
calce_CX2_38,1,0.9999659061431885,1.0,0.9460211162656269,0.9571783055715862
calce_CX2_38,1,0.9999659061431885,1.0,0.9460211162656269,0.9571783055715862
calce_CX2_38,1,0.9999581575393677,1.0,0.946020491813077,0.9545698717449491
calce_CX2_38,1,0.9999581575393677,1.0,0.946020491813077,0.9545698717449491
calce_CX2_38,1,0.9999659061431885,1.0,0.9460211162656269,0.9571783055715862
calce_CX2_38,1,0.9999659061431885,1.0,0.9460211162656269,0.9571783055715862
calce_CX2_38,1,0.9999659061431885,1.0,0.9460211162656269,0.9571783055715862
calce_CX2_38,1,0.9999659061431885,1.0,0.9460211162656269,0.9571783055715862
calce_CX2_38,1,0.9999659061431885,1.0,0.9460211162656269,0.9571783055715862
calce_CX2_38,1,0.9999659061431885,1.0,0.9460211162656269,0.9571783055715862
calce_CX2_38,1,0.9999659061431885,1.0,0.9460211162656269,0.9571783055715862
calce_CX2_38,1,0.999967098236084,1.0,0.9460212123346454,0.9576167849612611
calce_CX2_38,1,0.9999659061431885,1.0,0.9460211162656269,0.9571783055715862
calce_CX2_38,1,0.9999581575393677,1.0,0.946020491813077,0.9545698717449491
calce_CX2_38,1,0.9999581575393677,1.0,0.946020491813077,0.9545698717449491
calce_CX2_38,1,0.9999659061431885,1.0,0.9460211162656269,0.9571783055715862
calce_CX2_38,1,0.9999659061431885,1.0,0.9460211162656269,0.9571783055715862
calce_CX2_38,1,0.9999659061431885,1.0,0.9460211162656269,0.9571783055715862
calce_CX2_38,1,0.999967098236084,1.0,0.9460212123346454,0.9576167849612611
calce_CX2_38,1,0.9999659061431885,1.0,0.9460211162656269,0.9571783055715862
calce_CX2_38,1,0.9999659061431885,1.0,0.9460211162656269,0.9571783055715862
calce_CX2_38,1,0.9999659061431885,1.0,0.9460211162656269,0.9571783055715862
calce_CX2_38,1,0.999967098236084,1.0,0.9460212123346454,0.9576167849612611
calce_CX2_38,1,0.999967098236084,1.0,0.9460212123346454,0.9576167849612611
calce_CX2_38,1,0.9999659061431885,1.0,0.9460211162656269,0.9571783055715862
calce_CX2_38,1,0.9999659061431885,1.0,0.9460211162656269,0.9571783055715862
calce_CX2_38,1,0.9999659061431885,1.0,0.9460211162656269,0.9571783055715862
calce_CX2_38,1,0.9999659061431885,1.0,0.9460211162656269,0.9571783055715862
calce_CX2_38,1,0.9999659061431885,1.0,0.9460211162656269,0.9571783055715862
calce_CX2_38,1,0.9999659061431885,1.0,0.9460211162656269,0.9571783055715862
calce_CX2_38,1,0.9999659061431885,1.0,0.9460211162656269,0.9571783055715862
calce_CX2_38,1,0.9999659061431885,1.0,0.9460211162656269,0.9571783055715862
calce_CX2_38,1,0.9999659061431885,1.0,0.9460211162656269,0.9571783055715862
calce_CX2_38,1,0.9999659061431885,1.0,0.9460211162656269,0.9571783055715862
calce_CX2_38,1,0.9999659061431885,1.0,0.9460211162656269,0.9571783055715862
calce_CX2_38,1,0.9999659061431885,1.0,0.9460211162656269,0.9571783055715862
calce_CX2_38,1,0.9999659061431885,1.0,0.9460211162656269,0.9571783055715862
calce_CX2_38,1,0.9999659061431885,1.0,0.9460211162656269,0.9571783055715862
calce_CX2_38,1,0.9999659061431885,1.0,0.9460211162656269,0.9571783055715862
calce_CX2_38,1,0.9999581575393677,1.0,0.946020491813077,0.9545698717449491
calce_CX2_38,1,0.9999581575393677,1.0,0.946020491813077,0.9545698717449491
calce_CX2_38,1,0.9999659061431885,1.0,0.9460211162656269,0.9571783055715862
calce_CX2_38,1,0.9999659061431885,1.0,0.9460211162656269,0.9571783055715862
calce_CX2_38,1,0.9999659061431885,1.0,0.9460211162656269,0.9571783055715862
calce_CX2_38,1,0.9999659061431885,1.0,0.9460211162656269,0.9571783055715862
calce_CX2_38,1,0.9999659061431885,1.0,0.9460211162656269,0.9571783055715862
calce_CX2_38,1,0.9999659061431885,1.0,0.9460211162656269,0.9571783055715862
calce_CX2_38,1,0.9999659061431885,1.0,0.9460211162656269,0.9571783055715862
calce_CX2_38,1,0.9999659061431885,1.0,0.9460211162656269,0.9571783055715862
calce_CX2_38,1,0.9999659061431885,1.0,0.9460211162656269,0.9571783055715862
calce_CX2_38,1,0.9999659061431885,1.0,0.9460211162656269,0.9571783055715862
calce_CX2_38,1,0.9999659061431885,1.0,0.9460211162656269,0.9571783055715862
calce_CX2_38,1,0.9999659061431885,1.0,0.9460211162656269,0.9571783055715862
calce_CX2_38,1,0.9999659061431885,1.0,0.9460211162656269,0.9571783055715862
calce_CX2_38,1,0.9999581575393677,1.0,0.946020491813077,0.9545698717449491
calce_CX2_38,1,0.9999659061431885,1.0,0.9460211162656269,0.9571783055715862
calce_CX2_38,1,0.9999659061431885,1.0,0.9460211162656269,0.9571783055715862
calce_CX2_38,1,0.9999659061431885,1.0,0.9460211162656269,0.9571783055715862
calce_CX2_38,1,0.9999659061431885,1.0,0.9460211162656269,0.9571783055715862
calce_CX2_38,1,0.9999659061431885,1.0,0.9460211162656269,0.9571783055715862
calce_CX2_38,1,0.9999659061431885,1.0,0.9460211162656269,0.9571783055715862
calce_CX2_38,1,0.9999659061431885,1.0,0.9460211162656269,0.9571783055715862
calce_CX2_38,1,0.9999659061431885,1.0,0.9460211162656269,0.9571783055715862
calce_CX2_38,1,0.9999659061431885,1.0,0.9460211162656269,0.9571783055715862
calce_CX2_38,1,0.9999659061431885,1.0,0.9460211162656269,0.9571783055715862
calce_CX2_38,1,0.9999659061431885,1.0,0.9460211162656269,0.9571783055715862
calce_CX2_38,1,0.9999659061431885,1.0,0.9460211162656269,0.9571783055715862
calce_CX2_38,1,0.9999659061431885,1.0,0.9460211162656269,0.9571783055715862
calce_CX2_38,1,0.9999659061431885,1.0,0.9460211162656269,0.9571783055715862
calce_CX2_38,1,0.9999659061431885,1.0,0.9460211162656269,0.9571783055715862
calce_CX2_38,1,0.9999659061431885,1.0,0.9460211162656269,0.9571783055715862
calce_CX2_38,1,0.9999659061431885,1.0,0.9460211162656269,0.9571783055715862
calce_CX2_38,1,0.9999659061431885,1.0,0.9460211162656269,0.9571783055715862
calce_CX2_38,1,0.9999659061431885,1.0,0.9460211162656269,0.9571783055715862
calce_CX2_38,1,0.9999659061431885,1.0,0.9460211162656269,0.9571783055715862
calce_CX2_38,1,0.9999659061431885,1.0,0.9460211162656269,0.9571783055715862
calce_CX2_38,1,0.9999659061431885,1.0,0.9460211162656269,0.9571783055715862
calce_CX2_38,1,0.9999659061431885,1.0,0.9460211162656269,0.9571783055715862
calce_CX2_38,1,0.9999659061431885,1.0,0.9460211162656269,0.9571783055715862
calce_CX2_38,1,0.9999659061431885,1.0,0.9460211162656269,0.9571783055715862
calce_CX2_38,1,0.9999659061431885,1.0,0.9460211162656269,0.9571783055715862
calce_CX2_38,1,0.9999659061431885,1.0,0.9460211162656269,0.9571783055715862
calce_CX2_38,1,0.9999659061431885,1.0,0.9460211162656269,0.9571783055715862
calce_CX2_38,1,0.9999659061431885,1.0,0.9460211162656269,0.9571783055715862
calce_CX2_38,1,0.9999659061431885,1.0,0.9460211162656269,0.9571783055715862
calce_CX2_38,1,0.9999659061431885,1.0,0.9460211162656269,0.9571783055715862
calce_CX2_38,1,0.9999659061431885,1.0,0.9460211162656269,0.9571783055715862
calce_CX2_38,1,0.9999659061431885,1.0,0.9460211162656269,0.9571783055715862
calce_CX2_38,1,0.9999659061431885,1.0,0.9460211162656269,0.9571783055715862
calce_CX2_38,1,0.9999659061431885,1.0,0.9460211162656269,0.9571783055715862
calce_CX2_38,1,0.9999659061431885,1.0,0.9460211162656269,0.9571783055715862
calce_CX2_38,1,0.9999659061431885,1.0,0.9460211162656269,0.9571783055715862
calce_CX2_38,1,0.9999581575393677,1.0,0.946020491813077,0.9545698717449491
calce_CX2_38,1,0.9999659061431885,1.0,0.9460211162656269,0.9571783055715862
calce_CX2_38,1,0.9999659061431885,1.0,0.9460211162656269,0.9571783055715862
calce_CX2_38,1,0.9999659061431885,1.0,0.9460211162656269,0.9571783055715862
calce_CX2_38,1,0.9999659061431885,1.0,0.9460211162656269,0.9571783055715862
calce_CX2_38,1,0.9999659061431885,1.0,0.9460211162656269,0.9571783055715862
calce_CX2_38,1,0.999967098236084,1.0,0.9460212123346454,0.9576167849612611
calce_CX2_38,1,0.9999659061431885,1.0,0.9460211162656269,0.9571783055715862
calce_CX2_38,1,0.9999659061431885,1.0,0.9460211162656269,0.9571783055715862
calce_CX2_38,1,0.9999659061431885,1.0,0.9460211162656269,0.9571783055715862
calce_CX2_38,1,0.9999659061431885,1.0,0.9460211162656269,0.9571783055715862
calce_CX2_38,1,0.9999659061431885,1.0,0.9460211162656269,0.9571783055715862
calce_CX2_38,1,0.9999659061431885,1.0,0.9460211162656269,0.9571783055715862
calce_CX2_38,1,0.9999659061431885,1.0,0.9460211162656269,0.9571783055715862
calce_CX2_38,1,0.9999659061431885,1.0,0.9460211162656269,0.9571783055715862
calce_CX2_38,1,0.9999659061431885,1.0,0.9460211162656269,0.9571783055715862
calce_CX2_38,1,0.9999659061431885,1.0,0.9460211162656269,0.9571783055715862
calce_CX2_38,1,0.999967098236084,1.0,0.9460212123346454,0.9576167849612611
calce_CX2_38,1,0.9999659061431885,1.0,0.9460211162656269,0.9571783055715862
calce_CX2_38,1,0.9999659061431885,1.0,0.9460211162656269,0.9571783055715862
calce_CX2_38,1,0.9999659061431885,1.0,0.9460211162656269,0.9571783055715862
calce_CX2_38,1,0.9999659061431885,1.0,0.9460211162656269,0.9571783055715862
calce_CX2_38,1,0.9999659061431885,1.0,0.9460211162656269,0.9571783055715862
calce_CX2_38,1,0.9999659061431885,1.0,0.9460211162656269,0.9571783055715862
calce_CX2_38,1,0.9999659061431885,1.0,0.9460211162656269,0.9571783055715862
calce_CX2_38,1,0.9999659061431885,1.0,0.9460211162656269,0.9571783055715862
calce_CX2_38,1,0.9999659061431885,1.0,0.9460211162656269,0.9571783055715862
calce_CX2_38,1,0.9999659061431885,1.0,0.9460211162656269,0.9571783055715862
calce_CX2_38,1,0.9999581575393677,1.0,0.946020491813077,0.9545698717449491
calce_CX2_38,1,0.9999659061431885,1.0,0.9460211162656269,0.9571783055715862
calce_CX2_38,1,0.9999659061431885,1.0,0.9460211162656269,0.9571783055715862
calce_CX2_38,1,0.9999659061431885,1.0,0.9460211162656269,0.9571783055715862
calce_CX2_38,1,0.9999659061431885,1.0,0.9460211162656269,0.9571783055715862
calce_CX2_38,1,0.9999659061431885,1.0,0.9460211162656269,0.9571783055715862
calce_CX2_38,1,0.9999659061431885,1.0,0.9460211162656269,0.9571783055715862
calce_CX2_38,1,0.9999659061431885,1.0,0.9460211162656269,0.9571783055715862
calce_CX2_38,1,0.9999659061431885,1.0,0.9460211162656269,0.9571783055715862
calce_CX2_38,1,0.9999659061431885,1.0,0.9460211162656269,0.9571783055715862
calce_CX2_38,1,0.9999659061431885,1.0,0.9460211162656269,0.9571783055715862
calce_CX2_38,1,0.9999659061431885,1.0,0.9460211162656269,0.9571783055715862
calce_CX2_38,1,0.9999659061431885,1.0,0.9460211162656269,0.9571783055715862
calce_CX2_38,1,0.9999659061431885,1.0,0.9460211162656269,0.9571783055715862
calce_CX2_38,1,0.9999659061431885,1.0,0.9460211162656269,0.9571783055715862
calce_CX2_38,1,0.9999659061431885,1.0,0.9460211162656269,0.9571783055715862
calce_CX2_38,1,0.9999659061431885,1.0,0.9460211162656269,0.9571783055715862
calce_CX2_38,1,0.9999581575393677,1.0,0.946020491813077,0.9545698717449491
calce_CX2_38,1,0.9999659061431885,1.0,0.9460211162656269,0.9571783055715862
calce_CX2_38,1,0.9999659061431885,1.0,0.9460211162656269,0.9571783055715862
calce_CX2_38,1,0.9999659061431885,1.0,0.9460211162656269,0.9571783055715862
calce_CX2_38,1,0.9999659061431885,1.0,0.9460211162656269,0.9571783055715862
calce_CX2_38,1,0.9999659061431885,1.0,0.9460211162656269,0.9571783055715862
calce_CX2_38,1,0.9999659061431885,1.0,0.9460211162656269,0.9571783055715862
calce_CX2_38,1,0.9999659061431885,1.0,0.9460211162656269,0.9571783055715862
calce_CX2_38,1,0.9999659061431885,1.0,0.9460211162656269,0.9571783055715862
calce_CX2_38,1,0.9999659061431885,1.0,0.9460211162656269,0.9571783055715862
calce_CX2_38,1,0.9999659061431885,1.0,0.9460211162656269,0.9571783055715862
calce_CX2_38,1,0.9999659061431885,1.0,0.9460211162656269,0.9571783055715862
calce_CX2_38,1,0.9999659061431885,1.0,0.9460211162656269,0.9571783055715862
calce_CX2_38,1,0.9999659061431885,1.0,0.9460211162656269,0.9571783055715862
calce_CX2_38,1,0.9999659061431885,1.0,0.9460211162656269,0.9571783055715862
calce_CX2_38,1,0.9999659061431885,1.0,0.9460211162656269,0.9571783055715862
calce_CX2_38,1,0.9999659061431885,1.0,0.9460211162656269,0.9571783055715862
calce_CX2_38,1,0.9999659061431885,1.0,0.9460211162656269,0.9571783055715862
calce_CX2_38,1,0.9999659061431885,1.0,0.9460211162656269,0.9571783055715862
calce_CX2_38,1,0.9999659061431885,1.0,0.9460211162656269,0.9571783055715862
calce_CX2_38,1,0.9999659061431885,1.0,0.9460211162656269,0.9571783055715862
calce_CX2_38,1,0.9999659061431885,1.0,0.9460211162656269,0.9571783055715862
calce_CX2_38,1,0.9999659061431885,1.0,0.9460211162656269,0.9571783055715862
calce_CX2_38,1,0.9999659061431885,1.0,0.9460211162656269,0.9571783055715862
calce_CX2_38,1,0.9999659061431885,1.0,0.9460211162656269,0.9571783055715862
calce_CX2_38,1,0.9999659061431885,1.0,0.9460211162656269,0.9571783055715862
calce_CX2_38,1,0.9999659061431885,1.0,0.9460211162656269,0.9571783055715862
calce_CX2_38,1,0.9999659061431885,1.0,0.9460211162656269,0.9571783055715862
calce_CX2_38,1,0.9999659061431885,1.0,0.9460211162656269,0.9571783055715862
calce_CX2_38,1,0.9999659061431885,1.0,0.9460211162656269,0.9571783055715862
calce_CX2_38,1,0.9999659061431885,1.0,0.9460211162656269,0.9571783055715862
calce_CX2_38,1,0.9999659061431885,1.0,0.9460211162656269,0.9571783055715862
calce_CX2_38,1,0.9999659061431885,1.0,0.9460211162656269,0.9571783055715862
calce_CX2_38,1,0.9999659061431885,1.0,0.9460211162656269,0.9571783055715862
calce_CX2_38,1,0.9999659061431885,1.0,0.9460211162656269,0.9571783055715862
calce_CX2_38,1,0.9999659061431885,1.0,0.9460211162656269,0.9571783055715862
calce_CX2_38,1,0.9999659061431885,1.0,0.9460211162656269,0.9571783055715862
calce_CX2_38,1,0.9999659061431885,1.0,0.9460211162656269,0.9571783055715862
calce_CX2_38,1,0.9999659061431885,1.0,0.9460211162656269,0.9571783055715862
calce_CX2_38,1,0.9999659061431885,1.0,0.9460211162656269,0.9571783055715862
calce_CX2_38,1,0.9999659061431885,1.0,0.9460211162656269,0.9571783055715862
calce_CX2_38,1,0.9999659061431885,1.0,0.9460211162656269,0.9571783055715862
calce_CX2_38,1,0.9999659061431885,1.0,0.9460211162656269,0.9571783055715862
calce_CX2_38,1,0.9999659061431885,1.0,0.9460211162656269,0.9571783055715862
calce_CX2_38,1,0.9999581575393677,1.0,0.946020491813077,0.9545698717449491
calce_CX2_38,1,0.9999659061431885,1.0,0.9460211162656269,0.9571783055715862
calce_CX2_38,1,0.9999659061431885,1.0,0.9460211162656269,0.9571783055715862
calce_CX2_38,1,0.9999659061431885,1.0,0.9460211162656269,0.9571783055715862
calce_CX2_38,1,0.9999659061431885,1.0,0.9460211162656269,0.9571783055715862
calce_CX2_38,1,0.9999659061431885,1.0,0.9460211162656269,0.9571783055715862
calce_CX2_38,1,0.9999659061431885,1.0,0.9460211162656269,0.9571783055715862
calce_CX2_38,1,0.9999659061431885,1.0,0.9460211162656269,0.9571783055715862
calce_CX2_38,1,0.9999659061431885,1.0,0.9460211162656269,0.9571783055715862
calce_CX2_38,1,0.9999659061431885,1.0,0.9460211162656269,0.9571783055715862
calce_CX2_38,1,0.9999659061431885,1.0,0.9460211162656269,0.9571783055715862
calce_CX2_38,1,0.9999659061431885,1.0,0.9460211162656269,0.9571783055715862
calce_CX2_38,1,0.9999659061431885,1.0,0.9460211162656269,0.9571783055715862
calce_CX2_38,1,0.9999581575393677,1.0,0.946020491813077,0.9545698717449491
calce_CX2_38,1,0.9999659061431885,1.0,0.9460211162656269,0.9571783055715862
calce_CX2_38,1,0.9999659061431885,1.0,0.9460211162656269,0.9571783055715862
calce_CX2_38,1,0.9999659061431885,1.0,0.9460211162656269,0.9571783055715862
calce_CX2_38,1,0.9999659061431885,1.0,0.9460211162656269,0.9571783055715862
calce_CX2_38,1,0.9999659061431885,1.0,0.9460211162656269,0.9571783055715862
calce_CX2_38,1,0.9999659061431885,1.0,0.9460211162656269,0.9571783055715862
calce_CX2_38,1,0.9999659061431885,1.0,0.9460211162656269,0.9571783055715862
calce_CX2_38,1,0.9999659061431885,1.0,0.9460211162656269,0.9571783055715862
calce_CX2_38,1,0.9999659061431885,1.0,0.9460211162656269,0.9571783055715862
calce_CX2_38,1,0.9999659061431885,1.0,0.9460211162656269,0.9571783055715862
calce_CX2_38,1,0.999967098236084,1.0,0.9460212123346454,0.9576167849612611
calce_CX2_38,1,0.9999659061431885,1.0,0.9460211162656269,0.9571783055715862
calce_CX2_38,1,0.9999659061431885,1.0,0.9460211162656269,0.9571783055715862
calce_CX2_38,1,0.9999659061431885,1.0,0.9460211162656269,0.9571783055715862
calce_CX2_38,1,0.9999581575393677,1.0,0.946020491813077,0.9545698717449491
calce_CX2_38,1,0.9999659061431885,1.0,0.9460211162656269,0.9571783055715862
calce_CX2_38,1,0.9999659061431885,1.0,0.9460211162656269,0.9571783055715862
calce_CX2_38,1,0.9999659061431885,1.0,0.9460211162656269,0.9571783055715862
calce_CX2_38,1,0.9999659061431885,1.0,0.9460211162656269,0.9571783055715862
calce_CX2_38,1,0.9999659061431885,1.0,0.9460211162656269,0.9571783055715862
calce_CX2_38,1,0.9999659061431885,1.0,0.9460211162656269,0.9571783055715862
calce_CX2_38,1,0.9999659061431885,1.0,0.9460211162656269,0.9571783055715862
calce_CX2_38,1,0.9999659061431885,1.0,0.9460211162656269,0.9571783055715862
calce_CX2_38,1,0.9999659061431885,1.0,0.9460211162656269,0.9571783055715862
calce_CX2_38,1,0.9999659061431885,1.0,0.9460211162656269,0.9571783055715862
calce_CX2_38,1,0.9999659061431885,1.0,0.9460211162656269,0.9571783055715862
calce_CX2_38,1,0.9999659061431885,1.0,0.9460211162656269,0.9571783055715862
calce_CX2_38,1,0.9999659061431885,1.0,0.9460211162656269,0.9571783055715862
calce_CX2_38,1,0.9999659061431885,1.0,0.9460211162656269,0.9571783055715862
calce_CX2_38,1,0.9999659061431885,1.0,0.9460211162656269,0.9571783055715862
calce_CX2_38,1,0.9999659061431885,1.0,0.9460211162656269,0.9571783055715862
calce_CX2_38,1,0.9999659061431885,1.0,0.9460211162656269,0.9571783055715862
calce_CX2_38,1,0.9999659061431885,1.0,0.9460211162656269,0.9571783055715862
calce_CX2_38,1,0.9999659061431885,1.0,0.9460211162656269,0.9571783055715862
calce_CX2_38,1,0.9999659061431885,1.0,0.9460211162656269,0.9571783055715862
calce_CX2_38,1,0.9999659061431885,1.0,0.9460211162656269,0.9571783055715862
calce_CX2_38,1,0.9999659061431885,1.0,0.9460211162656269,0.9571783055715862
calce_CX2_38,1,0.9999659061431885,1.0,0.9460211162656269,0.9571783055715862
calce_CX2_38,1,0.9999659061431885,1.0,0.9460211162656269,0.9571783055715862
calce_CX2_38,1,0.9999659061431885,1.0,0.9460211162656269,0.9571783055715862
calce_CX2_38,1,0.9999659061431885,1.0,0.9460211162656269,0.9571783055715862
calce_CX2_38,1,0.9999659061431885,1.0,0.9460211162656269,0.9571783055715862
calce_CX2_38,1,0.9999659061431885,1.0,0.9460211162656269,0.9571783055715862
calce_CX2_38,1,0.9999659061431885,1.0,0.9460211162656269,0.9571783055715862
calce_CX2_38,1,0.9999659061431885,1.0,0.9460211162656269,0.9571783055715862
calce_CX2_38,1,0.9999659061431885,1.0,0.9460211162656269,0.9571783055715862
calce_CX2_38,1,0.9999659061431885,1.0,0.9460211162656269,0.9571783055715862
calce_CX2_38,1,0.9999659061431885,1.0,0.9460211162656269,0.9571783055715862
calce_CX2_38,1,0.9999659061431885,1.0,0.9460211162656269,0.9571783055715862
calce_CX2_38,1,0.9999659061431885,1.0,0.9460211162656269,0.9571783055715862
calce_CX2_38,1,0.9999659061431885,1.0,0.9460211162656269,0.9571783055715862
calce_CX2_38,1,0.9999659061431885,1.0,0.9460211162656269,0.9571783055715862
calce_CX2_38,1,0.9999659061431885,1.0,0.9460211162656269,0.9571783055715862
calce_CX2_38,1,0.9999659061431885,1.0,0.9460211162656269,0.9571783055715862
calce_CX2_38,1,0.9999581575393677,1.0,0.946020491813077,0.9545698717449491
calce_CX2_38,1,0.9999581575393677,1.0,0.946020491813077,0.9545698717449491
calce_CX2_38,1,0.9999581575393677,1.0,0.946020491813077,0.9545698717449491
calce_CX2_38,1,0.9999659061431885,1.0,0.9460211162656269,0.9571783055715862
calce_CX2_38,1,0.9999659061431885,1.0,0.9460211162656269,0.9571783055715862
calce_CX2_38,1,0.9999659061431885,1.0,0.9460211162656269,0.9571783055715862
calce_CX2_38,1,0.9999659061431885,1.0,0.9460211162656269,0.9571783055715862
calce_CX2_38,1,0.9999659061431885,1.0,0.9460211162656269,0.9571783055715862
calce_CX2_38,1,0.9999659061431885,1.0,0.9460211162656269,0.9571783055715862
calce_CX2_38,1,0.9999659061431885,1.0,0.9460211162656269,0.9571783055715862
calce_CX2_38,1,0.9999659061431885,1.0,0.9460211162656269,0.9571783055715862
calce_CX2_38,1,0.9999659061431885,1.0,0.9460211162656269,0.9571783055715862
calce_CX2_38,1,0.9999659061431885,1.0,0.9460211162656269,0.9571783055715862
calce_CX2_38,1,0.9999659061431885,1.0,0.9460211162656269,0.9571783055715862
calce_CX2_38,1,0.9999659061431885,1.0,0.9460211162656269,0.9571783055715862
calce_CX2_38,1,0.9999659061431885,1.0,0.9460211162656269,0.9571783055715862
calce_CX2_38,1,0.9999659061431885,1.0,0.9460211162656269,0.9571783055715862
calce_CX2_38,1,0.9999659061431885,1.0,0.9460211162656269,0.9571783055715862
calce_CX2_38,1,0.9999659061431885,1.0,0.9460211162656269,0.9571783055715862
calce_CX2_38,1,0.9999659061431885,1.0,0.9460211162656269,0.9571783055715862
calce_CX2_38,1,0.9999659061431885,1.0,0.9460211162656269,0.9571783055715862
calce_CX2_38,1,0.9999659061431885,1.0,0.9460211162656269,0.9571783055715862
calce_CX2_38,1,0.9999659061431885,1.0,0.9460211162656269,0.9571783055715862
calce_CX2_38,1,0.9999659061431885,1.0,0.9460211162656269,0.9571783055715862
calce_CX2_38,1,0.9999581575393677,1.0,0.946020491813077,0.9545698717449491
calce_CX2_38,1,0.9999659061431885,1.0,0.9460211162656269,0.9571783055715862
calce_CX2_38,1,0.9999659061431885,1.0,0.9460211162656269,0.9571783055715862
calce_CX2_38,1,0.9999659061431885,1.0,0.9460211162656269,0.9571783055715862
calce_CX2_38,1,0.9999659061431885,1.0,0.9460211162656269,0.9571783055715862
calce_CX2_38,1,0.9999659061431885,1.0,0.9460211162656269,0.9571783055715862
calce_CX2_38,1,0.9998916387557983,1.0,0.9460151308478665,0.9403440267728533
calce_CX2_38,1,0.9999659061431885,1.0,0.9460211162656269,0.9571783055715862
calce_CX2_38,1,0.9999659061431885,1.0,0.9460211162656269,0.9571783055715862
calce_CX2_38,1,0.9999659061431885,1.0,0.9460211162656269,0.9571783055715862
calce_CX2_38,1,0.9999659061431885,1.0,0.9460211162656269,0.9571783055715862
calce_CX2_38,1,0.9999581575393677,1.0,0.946020491813077,0.9545698717449491
calce_CX2_38,1,0.9999659061431885,1.0,0.9460211162656269,0.9571783055715862
calce_CX2_38,1,0.9999659061431885,1.0,0.9460211162656269,0.9571783055715862
calce_CX2_38,1,0.9999659061431885,1.0,0.9460211162656269,0.9571783055715862
calce_CX2_38,1,0.9999581575393677,1.0,0.946020491813077,0.9545698717449491
calce_CX2_38,1,0.9999659061431885,1.0,0.9460211162656269,0.9571783055715862
calce_CX2_38,1,0.9999659061431885,1.0,0.9460211162656269,0.9571783055715862
calce_CX2_38,1,0.9999659061431885,1.0,0.9460211162656269,0.9571783055715862
calce_CX2_38,1,0.9999659061431885,1.0,0.9460211162656269,0.9571783055715862
calce_CX2_38,1,0.9999659061431885,1.0,0.9460211162656269,0.9571783055715862
calce_CX2_38,1,0.9999659061431885,1.0,0.9460211162656269,0.9571783055715862
calce_CX2_38,1,0.9999659061431885,1.0,0.9460211162656269,0.9571783055715862
calce_CX2_38,1,0.9999659061431885,1.0,0.9460211162656269,0.9571783055715862
calce_CX2_38,1,0.9999659061431885,1.0,0.9460211162656269,0.9571783055715862
calce_CX2_38,1,0.9999659061431885,1.0,0.9460211162656269,0.9571783055715862
calce_CX2_38,1,0.9999659061431885,1.0,0.9460211162656269,0.9571783055715862
calce_CX2_38,1,0.9999659061431885,1.0,0.9460211162656269,0.9571783055715862
calce_CX2_38,1,0.9999659061431885,1.0,0.9460211162656269,0.9571783055715862
calce_CX2_38,1,0.9999659061431885,1.0,0.9460211162656269,0.9571783055715862
calce_CX2_38,1,0.9999659061431885,1.0,0.9460211162656269,0.9571783055715862
calce_CX2_38,1,0.9999659061431885,1.0,0.9460211162656269,0.9571783055715862
calce_CX2_38,1,0.9999659061431885,1.0,0.9460211162656269,0.9571783055715862
calce_CX2_38,1,0.9999659061431885,1.0,0.9460211162656269,0.9571783055715862
calce_CX2_38,1,0.9999659061431885,1.0,0.9460211162656269,0.9571783055715862
calce_CX2_38,1,0.9999659061431885,1.0,0.9460211162656269,0.9571783055715862
calce_CX2_38,1,0.9999581575393677,1.0,0.946020491813077,0.9545698717449491
calce_CX2_38,1,0.9999659061431885,1.0,0.9460211162656269,0.9571783055715862
calce_CX2_38,1,0.9999659061431885,1.0,0.9460211162656269,0.9571783055715862
calce_CX2_38,1,0.9999659061431885,1.0,0.9460211162656269,0.9571783055715862
calce_CX2_38,1,0.9999659061431885,1.0,0.9460211162656269,0.9571783055715862
calce_CX2_38,1,0.9999659061431885,1.0,0.9460211162656269,0.9571783055715862
calce_CX2_38,1,0.9999659061431885,1.0,0.9460211162656269,0.9571783055715862
calce_CX2_38,1,0.999967098236084,1.0,0.9460212123346454,0.9576167849612611
calce_CX2_38,1,0.9999659061431885,1.0,0.9460211162656269,0.9571783055715862
calce_CX2_38,1,0.9999659061431885,1.0,0.9460211162656269,0.9571783055715862
calce_CX2_38,1,0.9999659061431885,1.0,0.9460211162656269,0.9571783055715862
calce_CX2_38,1,0.9999659061431885,1.0,0.9460211162656269,0.9571783055715862
calce_CX2_38,1,0.9999659061431885,1.0,0.9460211162656269,0.9571783055715862
calce_CX2_38,1,0.9999659061431885,1.0,0.9460211162656269,0.9571783055715862
calce_CX2_38,1,0.9999659061431885,1.0,0.9460211162656269,0.9571783055715862
calce_CX2_38,1,0.9999659061431885,1.0,0.9460211162656269,0.9571783055715862
calce_CX2_38,1,0.9999659061431885,1.0,0.9460211162656269,0.9571783055715862
calce_CX2_38,1,0.9999659061431885,1.0,0.9460211162656269,0.9571783055715862
calce_CX2_38,1,0.9999659061431885,1.0,0.9460211162656269,0.9571783055715862
calce_CX2_38,1,0.9999659061431885,1.0,0.9460211162656269,0.9571783055715862
calce_CX2_38,1,0.9999659061431885,1.0,0.9460211162656269,0.9571783055715862
calce_CX2_38,1,0.9999659061431885,1.0,0.9460211162656269,0.9571783055715862
calce_CX2_38,1,0.9999659061431885,1.0,0.9460211162656269,0.9571783055715862
calce_CX2_38,1,0.9999659061431885,1.0,0.9460211162656269,0.9571783055715862
calce_CX2_38,1,0.9999659061431885,1.0,0.9460211162656269,0.9571783055715862
calce_CX2_38,1,0.9999659061431885,1.0,0.9460211162656269,0.9571783055715862
calce_CX2_38,1,0.9999659061431885,1.0,0.9460211162656269,0.9571783055715862
calce_CX2_38,1,0.9999659061431885,1.0,0.9460211162656269,0.9571783055715862
calce_CX2_38,1,0.9999659061431885,1.0,0.9460211162656269,0.9571783055715862
calce_CX2_38,1,0.9999659061431885,1.0,0.9460211162656269,0.9571783055715862
calce_CX2_38,1,0.9999659061431885,1.0,0.9460211162656269,0.9571783055715862
calce_CX2_38,1,0.9999659061431885,1.0,0.9460211162656269,0.9571783055715862
calce_CX2_38,1,0.9999581575393677,1.0,0.946020491813077,0.9545698717449491
calce_CX2_38,1,0.9999659061431885,1.0,0.9460211162656269,0.9571783055715862
calce_CX2_38,1,0.9999659061431885,1.0,0.9460211162656269,0.9571783055715862
calce_CX2_38,1,0.9999659061431885,1.0,0.9460211162656269,0.9571783055715862
calce_CX2_38,1,0.9999659061431885,1.0,0.9460211162656269,0.9571783055715862
calce_CX2_38,1,0.9999659061431885,1.0,0.9460211162656269,0.9571783055715862
calce_CX2_38,1,0.9999581575393677,1.0,0.946020491813077,0.9545698717449491
calce_CX2_38,1,0.9999083280563354,1.0,0.9460164759400781,0.943115982285129
calce_CX2_38,1,0.9999659061431885,1.0,0.9460211162656269,0.9571783055715862
calce_CX2_38,1,0.9999659061431885,1.0,0.9460211162656269,0.9571783055715862
calce_CX2_38,1,0.9999659061431885,1.0,0.9460211162656269,0.9571783055715862
calce_CX2_38,1,0.9999659061431885,1.0,0.9460211162656269,0.9571783055715862
calce_CX2_38,1,0.9999659061431885,1.0,0.9460211162656269,0.9571783055715862
calce_CX2_38,1,0.9999659061431885,1.0,0.9460211162656269,0.9571783055715862
calce_CX2_38,1,0.9999581575393677,1.0,0.946020491813077,0.9545698717449491
calce_CX2_38,1,0.9999659061431885,1.0,0.9460211162656269,0.9571783055715862
calce_CX2_38,1,0.9999659061431885,1.0,0.9460211162656269,0.9571783055715862
calce_CX2_38,1,0.9999659061431885,1.0,0.9460211162656269,0.9571783055715862
calce_CX2_38,1,0.9999659061431885,1.0,0.9460211162656269,0.9571783055715862
calce_CX2_38,1,0.9999581575393677,1.0,0.946020491813077,0.9545698717449491
calce_CX2_38,1,0.9999659061431885,1.0,0.9460211162656269,0.9571783055715862
calce_CX2_38,1,0.999967098236084,1.0,0.9460212123346454,0.9576167849612611
calce_CX2_38,1,0.9999659061431885,1.0,0.9460211162656269,0.9571783055715862
calce_CX2_38,1,0.9999659061431885,1.0,0.9460211162656269,0.9571783055715862
calce_CX2_38,1,0.9999581575393677,1.0,0.946020491813077,0.9545698717449491
calce_CX2_38,1,0.9999659061431885,1.0,0.9460211162656269,0.9571783055715862
calce_CX2_38,1,0.9999659061431885,1.0,0.9460211162656269,0.9571783055715862
calce_CX2_38,1,0.9999659061431885,1.0,0.9460211162656269,0.9571783055715862
calce_CX2_38,1,0.9999659061431885,1.0,0.9460211162656269,0.9571783055715862
calce_CX2_38,1,0.9999659061431885,1.0,0.9460211162656269,0.9571783055715862
calce_CX2_38,1,0.999967098236084,1.0,0.9460212123346454,0.9576167849612611
calce_CX2_38,1,0.9999659061431885,1.0,0.9460211162656269,0.9571783055715862
calce_CX2_38,1,0.9999581575393677,1.0,0.946020491813077,0.9545698717449491
calce_CX2_38,1,0.9999659061431885,1.0,0.9460211162656269,0.9571783055715862
calce_CX2_38,1,0.9999659061431885,1.0,0.9460211162656269,0.9571783055715862
calce_CX2_38,1,0.9999659061431885,1.0,0.9460211162656269,0.9571783055715862
calce_CX2_38,1,0.9999659061431885,1.0,0.9460211162656269,0.9571783055715862
calce_CX2_38,1,0.9999659061431885,1.0,0.9460211162656269,0.9571783055715862
calce_CX2_38,1,0.9999659061431885,1.0,0.9460211162656269,0.9571783055715862
calce_CX2_38,1,0.9999659061431885,1.0,0.9460211162656269,0.9571783055715862
calce_CX2_38,1,0.999967098236084,1.0,0.9460212123346454,0.9576167849612611
calce_CX2_38,1,0.9999659061431885,1.0,0.9460211162656269,0.9571783055715862
calce_CX2_38,1,0.9999659061431885,1.0,0.9460211162656269,0.9571783055715862
calce_CX2_38,1,0.9999659061431885,1.0,0.9460211162656269,0.9571783055715862
calce_CX2_38,1,0.9999659061431885,1.0,0.9460211162656269,0.9571783055715862
calce_CX2_38,1,0.9999659061431885,1.0,0.9460211162656269,0.9571783055715862
calce_CX2_38,1,0.9999659061431885,1.0,0.9460211162656269,0.9571783055715862
calce_CX2_38,1,0.9999659061431885,1.0,0.9460211162656269,0.9571783055715862
calce_CX2_38,1,0.9999659061431885,1.0,0.9460211162656269,0.9571783055715862
calce_CX2_38,1,0.9999659061431885,1.0,0.9460211162656269,0.9571783055715862
calce_CX2_38,1,0.9999581575393677,1.0,0.946020491813077,0.9545698717449491
calce_CX2_38,1,0.9999659061431885,1.0,0.9460211162656269,0.9571783055715862
calce_CX2_38,1,0.9999659061431885,1.0,0.9460211162656269,0.9571783055715862
calce_CX2_38,1,0.9999659061431885,1.0,0.9460211162656269,0.9571783055715862
calce_CX2_38,1,0.9999659061431885,1.0,0.9460211162656269,0.9571783055715862
calce_CX2_38,1,0.9999659061431885,1.0,0.9460211162656269,0.9571783055715862
calce_CX2_38,1,0.9999659061431885,1.0,0.9460211162656269,0.9571783055715862
calce_CX2_38,1,0.9999659061431885,1.0,0.9460211162656269,0.9571783055715862
calce_CX2_38,1,0.9999581575393677,1.0,0.946020491813077,0.9545698717449491
calce_CX2_38,1,0.9999659061431885,1.0,0.9460211162656269,0.9571783055715862
calce_CX2_38,1,0.9999659061431885,1.0,0.9460211162656269,0.9571783055715862
calce_CX2_38,1,0.9999659061431885,1.0,0.9460211162656269,0.9571783055715862
calce_CX2_38,1,0.9999659061431885,1.0,0.9460211162656269,0.9571783055715862
calce_CX2_38,1,0.9999659061431885,1.0,0.9460211162656269,0.9571783055715862
calce_CX2_38,1,0.9999659061431885,1.0,0.9460211162656269,0.9571783055715862
calce_CX2_38,1,0.9999659061431885,1.0,0.9460211162656269,0.9571783055715862
calce_CX2_38,1,0.9999659061431885,1.0,0.9460211162656269,0.9571783055715862
calce_CX2_38,1,0.9999659061431885,1.0,0.9460211162656269,0.9571783055715862
calce_CX2_38,1,0.9999659061431885,1.0,0.9460211162656269,0.9571783055715862
calce_CX2_38,1,0.9999659061431885,1.0,0.9460211162656269,0.9571783055715862
calce_CX2_38,1,0.9999659061431885,1.0,0.9460211162656269,0.9571783055715862
calce_CX2_38,1,0.9999659061431885,1.0,0.9460211162656269,0.9571783055715862
calce_CX2_38,1,0.9999659061431885,1.0,0.9460211162656269,0.9571783055715862
calce_CX2_38,1,0.9999659061431885,1.0,0.9460211162656269,0.9571783055715862
calce_CX2_38,1,0.9999659061431885,1.0,0.9460211162656269,0.9571783055715862
calce_CX2_38,1,0.9999659061431885,1.0,0.9460211162656269,0.9571783055715862
calce_CX2_38,1,0.9999659061431885,1.0,0.9460211162656269,0.9571783055715862
calce_CX2_38,1,0.9999659061431885,1.0,0.9460211162656269,0.9571783055715862
calce_CX2_38,1,0.9999581575393677,1.0,0.946020491813077,0.9545698717449491
calce_CX2_38,1,0.9999659061431885,1.0,0.9460211162656269,0.9571783055715862
calce_CX2_38,1,0.9999659061431885,1.0,0.9460211162656269,0.9571783055715862
calce_CX2_38,1,0.9999659061431885,1.0,0.9460211162656269,0.9571783055715862
calce_CX2_38,1,0.9999659061431885,1.0,0.9460211162656269,0.9571783055715862
calce_CX2_38,1,0.9999659061431885,1.0,0.9460211162656269,0.9571783055715862
calce_CX2_38,1,0.9999659061431885,1.0,0.9460211162656269,0.9571783055715862
calce_CX2_38,1,0.9999669790267944,1.0,0.9460212027277508,0.957572424681628
calce_CX2_38,1,0.9999669790267944,1.0,0.9460212027277508,0.957572424681628
calce_CX2_38,1,0.9999659061431885,1.0,0.9460211162656269,0.9571783055715862
calce_CX2_38,1,0.9999659061431885,1.0,0.9460211162656269,0.9571783055715862
calce_CX2_38,1,0.9999659061431885,1.0,0.9460211162656269,0.9571783055715862
calce_CX2_38,1,0.9999659061431885,1.0,0.9460211162656269,0.9571783055715862
calce_CX2_38,1,0.9999669790267944,1.0,0.9460212027277508,0.957572424681628
calce_CX2_38,1,0.9999659061431885,1.0,0.9460211162656269,0.9571783055715862
calce_CX2_38,1,0.9999669790267944,1.0,0.9460212027277508,0.957572424681628
calce_CX2_38,1,0.9999669790267944,1.0,0.9460212027277508,0.957572424681628
calce_CX2_38,1,0.9999632835388184,1.0,0.9460209049132188,0.9562513521385843
calce_CX2_38,1,0.9999659061431885,1.0,0.9460211162656269,0.9571783055715862
calce_CX2_38,1,0.9999659061431885,1.0,0.9460211162656269,0.9571783055715862
calce_CX2_38,1,0.9999659061431885,1.0,0.9460211162656269,0.9571783055715862
calce_CX2_38,1,0.9999659061431885,1.0,0.9460211162656269,0.9571783055715862
calce_CX2_38,1,0.9998399019241333,0.9423976608187135,0.9460109608611729,0.9333759722396403
calce_CX2_38,1,0.9999659061431885,1.0,0.9460211162656269,0.9571783055715862
calce_CX2_38,1,0.9999659061431885,1.0,0.9460211162656269,0.9571783055715862
calce_CX2_38,1,0.9999595880508423,1.0,0.9460206070971374,0.9550233682670559
calce_CX2_38,1,0.9999659061431885,1.0,0.9460211162656269,0.9571783055715862
calce_CX2_38,1,0.9999669790267944,1.0,0.9460212027277508,0.957572424681628
calce_CX2_38,1,0.9999669790267944,1.0,0.9460212027277508,0.957572424681628
calce_CX2_38,1,0.9999659061431885,1.0,0.9460211162656269,0.9571783055715862
calce_CX2_38,1,0.9999643564224243,1.0,0.9460209913756618,0.9566245727830055
calce_CX2_38,1,0.9999614953994751,1.0,0.9460207608088568,0.9556465037089157
calce_CX2_38,1,0.9999643564224243,1.0,0.9460209913756618,0.9566245727830055
calce_CX2_38,1,0.9999687671661377,1.0,0.9460213468310004,0.9582503957663686
calce_CX2_38,1,0.9999687671661377,1.0,0.9460213468310004,0.9582503957663686
calce_CX2_38,1,0.9999608993530273,1.0,0.9460207127739888,0.955449415897892
calce_CX2_38,1,0.9999645948410034,1.0,0.9460210105895205,0.9567086127670387
calce_CX2_38,1,0.9999632835388184,1.0,0.9460209049132188,0.9562513521385843
calce_CX2_38,1,0.9999632835388184,1.0,0.9460209049132188,0.9562513521385843
calce_CX2_38,1,0.9999608993530273,1.0,0.9460207127739888,0.955449415897892
calce_CX2_38,1,0.9999618530273438,1.0,0.9460207896297581,0.9557658198992864
calce_CX2_38,1,0.9999687671661377,1.0,0.9460213468310004,0.9582503957663686
calce_CX2_38,1,0.9999687671661377,1.0,0.9460213468310004,0.9582503957663686
calce_CX2_38,1,0.9999687671661377,1.0,0.9460213468310004,0.9582503957663686
calce_CX2_38,1,0.9999687671661377,1.0,0.9460213468310004,0.9582503957663686
calce_CX2_38,1,0.9999617338180542,1.0,0.9460207800227927,0.9557259581091925
calce_CX2_38,1,0.9999687671661377,1.0,0.9460213468310004,0.9582503957663686
calce_CX2_38,1,0.9999687671661377,1.0,0.9460213468310004,0.9582503957663686
calce_CX2_38,1,0.9999687671661377,1.0,0.9460213468310004,0.9582503957663686
calce_CX2_38,1,0.9999687671661377,1.0,0.9460213468310004,0.9582503957663686
calce_CX2_38,1,0.9999687671661377,1.0,0.9460213468310004,0.9582503957663686
calce_CX2_38,1,0.9999687671661377,1.0,0.9460213468310004,0.9582503957663686
calce_CX2_38,1,0.9999687671661377,1.0,0.9460213468310004,0.9582503957663686
calce_CX2_38,1,0.9999687671661377,1.0,0.9460213468310004,0.9582503957663686
calce_CX2_38,1,0.9999617338180542,1.0,0.9460207800227927,0.9557259581091925
calce_CX2_38,1,0.9999687671661377,1.0,0.9460213468310004,0.9582503957663686
calce_CX2_38,1,0.9999662637710571,1.0,0.9460211450863494,0.9573086684584826
calce_CX2_38,1,0.9999662637710571,1.0,0.9460211450863494,0.9573086684584826
calce_CX2_38,1,0.9999687671661377,1.0,0.9460213468310004,0.9582503957663686
calce_CX2_38,1,0.9999687671661377,1.0,0.9460213468310004,0.9582503957663686
calce_CX2_38,1,0.9999687671661377,1.0,0.9460213468310004,0.9582503957663686
calce_CX2_38,1,0.9999687671661377,1.0,0.9460213468310004,0.9582503957663686
calce_CX2_38,1,0.9999643564224243,1.0,0.9460209913756618,0.9566245727830055
calce_CX2_38,1,0.9999520778656006,1.0,0.9460200018532303,0.9527592908355037
calce_CX2_38,1,0.9999662637710571,1.0,0.9460211450863494,0.9573086684584826
calce_CX2_38,1,0.9999632835388184,1.0,0.9460209049132188,0.9562513521385843
calce_CX2_38,1,0.9999632835388184,1.0,0.9460209049132188,0.9562513521385843
calce_CX2_38,1,0.9999669790267944,1.0,0.9460212027277508,0.957572424681628
calce_CX2_38,1,0.9999618530273438,1.0,0.9460207896297581,0.9557658198992864
calce_CX2_38,1,0.9999687671661377,1.0,0.9460213468310004,0.9582503957663686
calce_CX2_38,1,0.9999687671661377,1.0,0.9460213468310004,0.9582503957663686
calce_CX2_38,1,0.9999632835388184,1.0,0.9460209049132188,0.9562513521385843
calce_CX2_38,1,0.9999659061431885,1.0,0.9460211162656269,0.9571783055715862
calce_CX2_38,1,0.9999659061431885,1.0,0.9460211162656269,0.9571783055715862
calce_CX2_38,1,0.9999669790267944,1.0,0.9460212027277508,0.957572424681628
calce_CX2_38,1,0.9999669790267944,1.0,0.9460212027277508,0.957572424681628
calce_CX2_38,1,0.9999662637710571,1.0,0.9460211450863494,0.9573086684584826
calce_CX2_38,1,0.9999669790267944,1.0,0.9460212027277508,0.957572424681628
calce_CX2_38,1,0.9999614953994751,1.0,0.9460207608088568,0.9556465037089157
calce_CX2_38,1,0.9999643564224243,1.0,0.9460209913756618,0.9566245727830055
calce_CX2_38,1,0.9999617338180542,1.0,0.9460207800227927,0.9557259581091925
calce_CX2_38,1,0.9999645948410034,1.0,0.9460210105895205,0.9567086127670387
calce_CX2_38,1,0.9999655485153198,1.0,0.9460210874448899,0.9570489286884817
calce_CX2_38,1,0.9999645948410034,1.0,0.9460210105895205,0.9567086127670387
calce_CX2_38,1,0.9999669790267944,1.0,0.9460212027277508,0.957572424681628
calce_CX2_38,1,0.9999669790267944,1.0,0.9460212027277508,0.957572424681628
calce_CX2_38,1,0.9999669790267944,1.0,0.9460212027277508,0.957572424681628
calce_CX2_38,1,0.9999632835388184,1.0,0.9460209049132188,0.9562513521385843
calce_CX2_38,1,0.9999549388885498,1.0,0.9460202324230923,0.9535891838411553
calce_CX2_38,1,0.9999608993530273,1.0,0.9460207127739888,0.955449415897892
calce_CX2_38,1,0.9999618530273438,1.0,0.9460207896297581,0.9557658198992864
calce_CX2_38,1,0.9999618530273438,1.0,0.9460207896297581,0.9557658198992864
calce_CX2_38,1,0.9999659061431885,1.0,0.9460211162656269,0.9571783055715862
calce_CX2_38,1,0.9999669790267944,1.0,0.9460212027277508,0.957572424681628
calce_CX2_38,1,0.9999669790267944,1.0,0.9460212027277508,0.957572424681628
calce_CX2_38,1,0.9999669790267944,1.0,0.9460212027277508,0.957572424681628
calce_CX2_38,1,0.9999655485153198,1.0,0.9460210874448899,0.9570489286884817
calce_CX2_38,1,0.9999669790267944,1.0,0.9460212027277508,0.957572424681628
calce_CX2_38,1,0.9999645948410034,1.0,0.9460210105895205,0.9567086127670387
calce_CX2_38,1,0.9999618530273438,1.0,0.9460207896297581,0.9557658198992864
calce_CX2_38,1,0.9999608993530273,1.0,0.9460207127739888,0.955449415897892
calce_CX2_38,1,0.9999687671661377,1.0,0.9460213468310004,0.9582503957663686
calce_CX2_38,1,0.9999659061431885,1.0,0.9460211162656269,0.9571783055715862
calce_CX2_38,1,0.9999659061431885,1.0,0.9460211162656269,0.9571783055715862
calce_CX2_38,1,0.9999669790267944,1.0,0.9460212027277508,0.957572424681628
calce_CX2_38,1,0.9999632835388184,1.0,0.9460209049132188,0.9562513521385843
calce_CX2_38,1,0.9999669790267944,1.0,0.9460212027277508,0.957572424681628
calce_CX2_38,1,0.9999645948410034,1.0,0.9460210105895205,0.9567086127670387
calce_CX2_38,1,0.9999659061431885,1.0,0.9460211162656269,0.9571783055715862
calce_CX2_38,1,0.9999608993530273,1.0,0.9460207127739888,0.955449415897892
calce_CX2_38,1,0.9999608993530273,1.0,0.9460207127739888,0.955449415897892
calce_CX2_38,1,0.9999618530273438,1.0,0.9460207896297581,0.9557658198992864
calce_CX2_38,1,0.9999687671661377,1.0,0.9460213468310004,0.9582503957663686
calce_CX2_38,1,0.9999687671661377,1.0,0.9460213468310004,0.9582503957663686
calce_CX2_38,1,0.9999687671661377,1.0,0.9460213468310004,0.9582503957663686
calce_CX2_38,1,0.9999687671661377,1.0,0.9460213468310004,0.9582503957663686
calce_CX2_38,1,0.9999618530273438,1.0,0.9460207896297581,0.9557658198992864
calce_CX2_38,1,0.999967098236084,1.0,0.9460212123346454,0.9576167849612611
calce_CX2_38,1,0.999957799911499,1.0,0.9460204629920255,0.9544582589182771
calce_CX2_38,1,0.9999687671661377,1.0,0.9460213468310004,0.9582503957663686
calce_CX2_38,1,0.9999618530273438,1.0,0.9460207896297581,0.9557658198992864
calce_CX2_38,1,0.9999687671661377,1.0,0.9460213468310004,0.9582503957663686
calce_CX2_38,1,0.9999618530273438,1.0,0.9460207896297581,0.9557658198992864
calce_CX2_38,1,0.9999632835388184,1.0,0.9460209049132188,0.9562513521385843
calce_CX2_38,1,0.9999632835388184,1.0,0.9460209049132188,0.9562513521385843
calce_CX2_38,1,0.9999632835388184,1.0,0.9460209049132188,0.9562513521385843
calce_CX2_38,1,0.9999619722366333,1.0,0.946020799236722,0.9558057720573413
calce_CX2_38,1,0.9999618530273438,1.0,0.9460207896297581,0.9557658198992864
calce_CX2_38,1,0.9999632835388184,1.0,0.9460209049132188,0.9562513521385843
calce_CX2_38,1,0.9999618530273438,1.0,0.9460207896297581,0.9557658198992864
calce_CX2_38,1,0.9999687671661377,1.0,0.9460213468310004,0.9582503957663686
calce_CX2_38,1,0.9999687671661377,1.0,0.9460213468310004,0.9582503957663686
calce_CX2_38,1,0.9999687671661377,1.0,0.9460213468310004,0.9582503957663686
calce_CX2_38,1,0.9999608993530273,1.0,0.9460207127739888,0.955449415897892
calce_CX2_38,1,0.9999608993530273,1.0,0.9460207127739888,0.955449415897892
calce_CX2_38,1,0.9999659061431885,1.0,0.9460211162656269,0.9571783055715862
calce_CX2_38,1,0.9999669790267944,1.0,0.9460212027277508,0.957572424681628
calce_CX2_38,1,0.9999632835388184,1.0,0.9460209049132188,0.9562513521385843
calce_CX2_38,1,0.9999614953994751,1.0,0.9460207608088568,0.9556465037089157
calce_CX2_38,1,0.9999608993530273,1.0,0.9460207127739888,0.955449415897892
calce_CX2_38,1,0.9999608993530273,1.0,0.9460207127739888,0.955449415897892
calce_CX2_38,1,0.9999687671661377,1.0,0.9460213468310004,0.9582503957663686
calce_CX2_38,1,0.9999687671661377,1.0,0.9460213468310004,0.9582503957663686
calce_CX2_38,1,0.9999687671661377,1.0,0.9460213468310004,0.9582503957663686
calce_CX2_38,1,0.9999687671661377,1.0,0.9460213468310004,0.9582503957663686
calce_CX2_38,1,0.9999618530273438,1.0,0.9460207896297581,0.9557658198992864
calce_CX2_38,1,0.9999669790267944,1.0,0.9460212027277508,0.957572424681628
calce_CX2_38,1,0.9999618530273438,1.0,0.9460207896297581,0.9557658198992864
calce_CX2_38,1,0.9999608993530273,1.0,0.9460207127739888,0.955449415897892
calce_CX2_38,1,0.9999659061431885,1.0,0.9460211162656269,0.9571783055715862
calce_CX2_38,1,0.9999669790267944,1.0,0.9460212027277508,0.957572424681628
calce_CX2_38,1,0.9999619722366333,1.0,0.946020799236722,0.9558057720573413
calce_CX2_38,1,0.9999687671661377,1.0,0.9460213468310004,0.9582503957663686
calce_CX2_38,1,0.9999643564224243,1.0,0.9460209913756618,0.9566245727830055
calce_CX2_38,1,0.9999687671661377,1.0,0.9460213468310004,0.9582503957663686
calce_CX2_38,1,0.9999608993530273,1.0,0.9460207127739888,0.955449415897892
calce_CX2_38,1,0.9999614953994751,1.0,0.9460207608088568,0.9556465037089157
calce_CX2_38,1,0.9999655485153198,1.0,0.9460210874448899,0.9570489286884817
calce_CX2_38,1,0.9999632835388184,1.0,0.9460209049132188,0.9562513521385843
calce_CX2_38,1,0.9999632835388184,1.0,0.9460209049132188,0.9562513521385843
calce_CX2_38,1,0.9999608993530273,1.0,0.9460207127739888,0.955449415897892
calce_CX2_38,1,0.9999632835388184,1.0,0.9460209049132188,0.9562513521385843
calce_CX2_38,1,0.9999669790267944,1.0,0.9460212027277508,0.957572424681628
calce_CX2_38,1,0.9999618530273438,1.0,0.9460207896297581,0.9557658198992864
calce_CX2_38,1,0.9999687671661377,1.0,0.9460213468310004,0.9582503957663686
calce_CX2_38,1,0.9999687671661377,1.0,0.9460213468310004,0.9582503957663686
calce_CX2_38,1,0.9999669790267944,1.0,0.9460212027277508,0.957572424681628
calce_CX2_38,1,0.9999659061431885,1.0,0.9460211162656269,0.9571783055715862
calce_CX2_38,1,0.9999669790267944,1.0,0.9460212027277508,0.957572424681628
calce_CX2_38,1,0.9999659061431885,1.0,0.9460211162656269,0.9571783055715862
calce_CX2_38,1,0.9999659061431885,1.0,0.9460211162656269,0.9571783055715862
calce_CX2_38,1,0.9999659061431885,1.0,0.9460211162656269,0.9571783055715862
calce_CX2_38,1,0.9999662637710571,1.0,0.9460211450863494,0.9573086684584826
calce_CX2_38,1,0.9999669790267944,1.0,0.9460212027277508,0.957572424681628
calce_CX2_38,1,0.9999632835388184,1.0,0.9460209049132188,0.9562513521385843
calce_CX2_38,1,0.999967098236084,1.0,0.9460212123346454,0.9576167849612611
calce_CX2_38,1,0.9999669790267944,1.0,0.9460212027277508,0.957572424681628
calce_CX2_38,1,0.9999669790267944,1.0,0.9460212027277508,0.957572424681628
calce_CX2_38,1,0.9999659061431885,1.0,0.9460211162656269,0.9571783055715862
calce_CX2_38,1,0.9999659061431885,1.0,0.9460211162656269,0.9571783055715862
calce_CX2_38,1,0.9999659061431885,1.0,0.9460211162656269,0.9571783055715862
calce_CX2_38,1,0.9999659061431885,1.0,0.9460211162656269,0.9571783055715862
calce_CX2_38,1,0.9999659061431885,1.0,0.9460211162656269,0.9571783055715862
calce_CX2_38,1,0.9999659061431885,1.0,0.9460211162656269,0.9571783055715862
calce_CX2_38,1,0.9999659061431885,1.0,0.9460211162656269,0.9571783055715862
calce_CX2_38,1,0.999967098236084,1.0,0.9460212123346454,0.9576167849612611
calce_CX2_38,1,0.9999659061431885,1.0,0.9460211162656269,0.9571783055715862
calce_CX2_38,1,0.9999659061431885,1.0,0.9460211162656269,0.9571783055715862
calce_CX2_38,1,0.9999669790267944,1.0,0.9460212027277508,0.957572424681628
calce_CX2_38,1,0.9999659061431885,1.0,0.9460211162656269,0.9571783055715862
calce_CX2_38,1,0.9999659061431885,1.0,0.9460211162656269,0.9571783055715862
calce_CX2_38,1,0.9999659061431885,1.0,0.9460211162656269,0.9571783055715862
calce_CX2_38,1,0.9999659061431885,1.0,0.9460211162656269,0.9571783055715862
calce_CX2_38,1,0.9999669790267944,1.0,0.9460212027277508,0.957572424681628
calce_CX2_38,1,0.9999659061431885,1.0,0.9460211162656269,0.9571783055715862
calce_CX2_38,1,0.9999659061431885,1.0,0.9460211162656269,0.9571783055715862
calce_CX2_38,1,0.9999581575393677,1.0,0.946020491813077,0.9545698717449491
calce_CX2_38,1,0.9999659061431885,1.0,0.9460211162656269,0.9571783055715862
calce_CX2_38,1,0.9999659061431885,1.0,0.9460211162656269,0.9571783055715862
calce_CX2_38,1,0.9999659061431885,1.0,0.9460211162656269,0.9571783055715862
calce_CX2_38,1,0.9999659061431885,1.0,0.9460211162656269,0.9571783055715862
calce_CX2_38,1,0.9999659061431885,1.0,0.9460211162656269,0.9571783055715862
calce_CX2_38,1,0.9999669790267944,1.0,0.9460212027277508,0.957572424681628
calce_CX2_38,1,0.9999659061431885,1.0,0.9460211162656269,0.9571783055715862
calce_CX2_38,1,0.9999669790267944,1.0,0.9460212027277508,0.957572424681628
calce_CX2_38,1,0.9999659061431885,1.0,0.9460211162656269,0.9571783055715862
calce_CX2_38,1,0.9999659061431885,1.0,0.9460211162656269,0.9571783055715862
calce_CX2_38,1,0.9999659061431885,1.0,0.9460211162656269,0.9571783055715862
calce_CX2_38,1,0.9999659061431885,1.0,0.9460211162656269,0.9571783055715862
calce_CX2_38,1,0.9999659061431885,1.0,0.9460211162656269,0.9571783055715862
calce_CX2_38,1,0.9999659061431885,1.0,0.9460211162656269,0.9571783055715862
calce_CX2_38,1,0.9999659061431885,1.0,0.9460211162656269,0.9571783055715862
calce_CX2_38,1,0.9999659061431885,1.0,0.9460211162656269,0.9571783055715862
calce_CX2_38,1,0.9999659061431885,1.0,0.9460211162656269,0.9571783055715862
calce_CX2_38,1,0.9999619722366333,1.0,0.946020799236722,0.9558057720573413
calce_CX2_38,1,0.9999614953994751,1.0,0.9460207608088568,0.9556465037089157
calce_CX2_38,1,0.9999659061431885,1.0,0.9460211162656269,0.9571783055715862
calce_CX2_38,1,0.9999669790267944,1.0,0.9460212027277508,0.957572424681628
calce_CX2_38,1,0.9999659061431885,1.0,0.9460211162656269,0.9571783055715862
calce_CX2_38,1,0.9999659061431885,1.0,0.9460211162656269,0.9571783055715862
calce_CX2_38,1,0.9999618530273438,1.0,0.9460207896297581,0.9557658198992864
calce_CX2_38,1,0.9999608993530273,1.0,0.9460207127739888,0.955449415897892
calce_CX2_38,1,0.9999614953994751,1.0,0.9460207608088568,0.9556465037089157
calce_CX2_38,1,0.9999669790267944,1.0,0.9460212027277508,0.957572424681628
calce_CX2_38,1,0.9999669790267944,1.0,0.9460212027277508,0.957572424681628
calce_CX2_38,1,0.9999659061431885,1.0,0.9460211162656269,0.9571783055715862
calce_CX2_38,1,0.9999659061431885,1.0,0.9460211162656269,0.9571783055715862
calce_CX2_38,1,0.9999659061431885,1.0,0.9460211162656269,0.9571783055715862
calce_CX2_38,1,0.9999659061431885,1.0,0.9460211162656269,0.9571783055715862
calce_CX2_38,1,0.9999520778656006,1.0,0.9460200018532303,0.9527592908355037
calce_CX2_38,1,0.9999632835388184,1.0,0.9460209049132188,0.9562513521385843
calce_CX2_38,1,0.9999643564224243,1.0,0.9460209913756618,0.9566245727830055
calce_CX2_38,1,0.9999618530273438,1.0,0.9460207896297581,0.9557658198992864
calce_CX2_38,1,0.9999687671661377,1.0,0.9460213468310004,0.9582503957663686
calce_CX2_38,1,0.9999687671661377,1.0,0.9460213468310004,0.9582503957663686
calce_CX2_38,1,0.9999617338180542,1.0,0.9460207800227927,0.9557259581091925
calce_CX2_38,1,0.9999687671661377,1.0,0.9460213468310004,0.9582503957663686
calce_CX2_38,1,0.9999687671661377,1.0,0.9460213468310004,0.9582503957663686
calce_CX2_38,1,0.9999687671661377,1.0,0.9460213468310004,0.9582503957663686
calce_CX2_38,1,0.9999617338180542,1.0,0.9460207800227927,0.9557259581091925
calce_CX2_38,1,0.9999617338180542,1.0,0.9460207800227927,0.9557259581091925
calce_CX2_38,1,0.9999687671661377,1.0,0.9460213468310004,0.9582503957663686
calce_CX2_38,1,0.9999687671661377,1.0,0.9460213468310004,0.9582503957663686
calce_CX2_38,1,0.9999687671661377,1.0,0.9460213468310004,0.9582503957663686
calce_CX2_38,1,0.9999687671661377,1.0,0.9460213468310004,0.9582503957663686
calce_CX2_38,1,0.9999687671661377,1.0,0.9460213468310004,0.9582503957663686
calce_CX2_38,1,0.9999662637710571,1.0,0.9460211450863494,0.9573086684584826
calce_CX2_38,1,0.9999687671661377,1.0,0.9460213468310004,0.9582503957663686
calce_CX2_38,1,0.9999687671661377,1.0,0.9460213468310004,0.9582503957663686
calce_CX2_38,1,0.9999687671661377,1.0,0.9460213468310004,0.9582503957663686
calce_CX2_38,1,0.9999614953994751,1.0,0.9460207608088568,0.9556465037089157
calce_CX2_38,1,0.9999632835388184,1.0,0.9460209049132188,0.9562513521385843
calce_CX2_38,1,0.9999608993530273,1.0,0.9460207127739888,0.955449415897892
calce_CX2_38,1,0.9999669790267944,1.0,0.9460212027277508,0.957572424681628
calce_CX2_38,1,0.9999655485153198,1.0,0.9460210874448899,0.9570489286884817
calce_CX2_38,1,0.9999655485153198,1.0,0.9460210874448899,0.9570489286884817
calce_CX2_38,1,0.9999618530273438,1.0,0.9460207896297581,0.9557658198992864
calce_CX2_38,1,0.9999618530273438,1.0,0.9460207896297581,0.9557658198992864
calce_CX2_38,1,0.9999645948410034,1.0,0.9460210105895205,0.9567086127670387
calce_CX2_38,1,0.9999659061431885,1.0,0.9460211162656269,0.9571783055715862
calce_CX2_38,1,0.9999619722366333,1.0,0.946020799236722,0.9558057720573413
calce_CX2_38,1,0.9999618530273438,1.0,0.9460207896297581,0.9557658198992864
calce_CX2_38,1,0.9999687671661377,1.0,0.9460213468310004,0.9582503957663686
calce_CX2_38,1,0.9999687671661377,1.0,0.9460213468310004,0.9582503957663686
calce_CX2_38,1,0.9999687671661377,1.0,0.9460213468310004,0.9582503957663686
calce_CX2_38,1,0.9999687671661377,1.0,0.9460213468310004,0.9582503957663686
calce_CX2_38,1,0.9999687671661377,1.0,0.9460213468310004,0.9582503957663686
calce_CX2_38,1,0.9999618530273438,1.0,0.9460207896297581,0.9557658198992864
calce_CX2_38,1,0.9999669790267944,1.0,0.9460212027277508,0.957572424681628
calce_CX2_38,1,0.9999608993530273,1.0,0.9460207127739888,0.955449415897892
calce_CX2_38,1,0.9999608993530273,1.0,0.9460207127739888,0.955449415897892
calce_CX2_38,1,0.9999687671661377,1.0,0.9460213468310004,0.9582503957663686
calce_CX2_38,1,0.9999608993530273,1.0,0.9460207127739888,0.955449415897892
calce_CX2_38,1,0.9999687671661377,1.0,0.9460213468310004,0.9582503957663686
calce_CX2_38,1,0.9999687671661377,1.0,0.9460213468310004,0.9582503957663686
calce_CX2_38,1,0.9999687671661377,1.0,0.9460213468310004,0.9582503957663686
calce_CX2_38,1,0.9999687671661377,1.0,0.9460213468310004,0.9582503957663686
calce_CX2_38,1,0.9999687671661377,1.0,0.9460213468310004,0.9582503957663686
calce_CX2_38,1,0.9999618530273438,1.0,0.9460207896297581,0.9557658198992864
calce_CX2_38,1,0.9999618530273438,1.0,0.9460207896297581,0.9557658198992864
calce_CX2_38,1,0.9999687671661377,1.0,0.9460213468310004,0.9582503957663686
calce_CX2_38,1,0.9999618530273438,1.0,0.9460207896297581,0.9557658198992864
calce_CX2_38,1,0.9999687671661377,1.0,0.9460213468310004,0.9582503957663686
calce_CX2_38,1,0.9999687671661377,1.0,0.9460213468310004,0.9582503957663686
calce_CX2_38,1,0.9999643564224243,1.0,0.9460209913756618,0.9566245727830055
calce_CX2_38,1,0.9999618530273438,1.0,0.9460207896297581,0.9557658198992864
calce_CX2_38,1,0.9999687671661377,1.0,0.9460213468310004,0.9582503957663686
calce_CX2_38,1,0.9999632835388184,1.0,0.9460209049132188,0.9562513521385843
calce_CX2_38,1,0.9999619722366333,1.0,0.946020799236722,0.9558057720573413
calce_CX2_38,1,0.9999687671661377,1.0,0.9460213468310004,0.9582503957663686
calce_CX2_38,1,0.9999682903289795,1.0,0.9460213084035026,0.9580669142620802
calce_CX2_38,1,0.9999662637710571,1.0,0.9460211450863494,0.9573086684584826
calce_CX2_38,1,0.9999586343765259,1.0,0.946020530241123,0.9547197703427301
calce_CX2_38,1,0.999967098236084,1.0,0.9460212123346454,0.9576167849612611
calce_CX2_38,1,0.9999617338180542,1.0,0.9460207800227927,0.9557259581091925
calce_CX2_38,1,0.9999643564224243,1.0,0.9460209913756618,0.9566245727830055
calce_CX2_38,1,0.9999687671661377,1.0,0.9460213468310004,0.9582503957663686
calce_CX2_38,1,0.9999687671661377,1.0,0.9460213468310004,0.9582503957663686
calce_CX2_38,1,0.9999614953994751,1.0,0.9460207608088568,0.9556465037089157
calce_CX2_38,1,0.9999632835388184,1.0,0.9460209049132188,0.9562513521385843
calce_CX2_38,1,0.9999659061431885,1.0,0.9460211162656269,0.9571783055715862
calce_CX2_38,1,0.9999618530273438,1.0,0.9460207896297581,0.9557658198992864
calce_CX2_38,1,0.9999687671661377,1.0,0.9460213468310004,0.9582503957663686
calce_CX2_38,1,0.9999687671661377,1.0,0.9460213468310004,0.9582503957663686
calce_CX2_38,1,0.9999687671661377,1.0,0.9460213468310004,0.9582503957663686
calce_CX2_38,1,0.9999687671661377,1.0,0.9460213468310004,0.9582503957663686
calce_CX2_38,1,0.9999687671661377,1.0,0.9460213468310004,0.9582503957663686
calce_CX2_38,1,0.9999662637710571,1.0,0.9460211450863494,0.9573086684584826
calce_CX2_38,1,0.9999687671661377,1.0,0.9460213468310004,0.9582503957663686
calce_CX2_38,1,0.9999532699584961,1.0,0.9460200979241189,0.9531005849463234
calce_CX2_38,1,0.9999618530273438,1.0,0.9460207896297581,0.9557658198992864
calce_CX2_38,1,0.9999533891677856,1.0,0.9460201075311989,0.9531350607927294
calce_CX2_38,1,0.9999618530273438,1.0,0.9460207896297581,0.9557658198992864
calce_CX2_38,1,0.9999618530273438,1.0,0.9460207896297581,0.9557658198992864
calce_CX2_38,1,0.9999687671661377,1.0,0.9460213468310004,0.9582503957663686
calce_CX2_38,1,0.9999618530273438,1.0,0.9460207896297581,0.9557658198992864
calce_CX2_38,1,0.9999687671661377,1.0,0.9460213468310004,0.9582503957663686
calce_CX2_38,1,0.9999687671661377,1.0,0.9460213468310004,0.9582503957663686
calce_CX2_38,1,0.9999687671661377,1.0,0.9460213468310004,0.9582503957663686
calce_CX2_38,1,0.9999687671661377,1.0,0.9460213468310004,0.9582503957663686
calce_CX2_38,1,0.9999618530273438,1.0,0.9460207896297581,0.9557658198992864
calce_CX2_38,1,0.9999687671661377,1.0,0.9460213468310004,0.9582503957663686
calce_CX2_38,1,0.9999643564224243,1.0,0.9460209913756618,0.9566245727830055
calce_CX2_38,1,0.9999608993530273,1.0,0.9460207127739888,0.955449415897892
calce_CX2_38,1,0.9999643564224243,1.0,0.9460209913756618,0.9566245727830055
calce_CX2_38,1,0.9999608993530273,1.0,0.9460207127739888,0.955449415897892
calce_CX2_38,1,0.9999618530273438,1.0,0.9460207896297581,0.9557658198992864
calce_CX2_38,1,0.9999643564224243,1.0,0.9460209913756618,0.9566245727830055
calce_CX2_38,1,0.9999655485153198,1.0,0.9460210874448899,0.9570489286884817
calce_CX2_38,1,0.9999645948410034,1.0,0.9460210105895205,0.9567086127670387
calce_CX2_38,1,0.9999632835388184,1.0,0.9460209049132188,0.9562513521385843
calce_CX2_38,1,0.9999687671661377,1.0,0.9460213468310004,0.9582503957663686
calce_CX2_38,1,0.9999687671661377,1.0,0.9460213468310004,0.9582503957663686
calce_CX2_38,1,0.9999687671661377,1.0,0.9460213468310004,0.9582503957663686
calce_CX2_38,1,0.9999662637710571,1.0,0.9460211450863494,0.9573086684584826
calce_CX2_38,1,0.9999662637710571,1.0,0.9460211450863494,0.9573086684584826
calce_CX2_38,1,0.9999687671661377,1.0,0.9460213468310004,0.9582503957663686
calce_CX2_38,1,0.9999608993530273,1.0,0.9460207127739888,0.955449415897892
calce_CX2_38,1,0.9999632835388184,1.0,0.9460209049132188,0.9562513521385843
calce_CX2_38,1,0.999967098236084,1.0,0.9460212123346454,0.9576167849612611
calce_CX2_38,1,0.9999669790267944,1.0,0.9460212027277508,0.957572424681628
calce_CX2_38,1,0.9999632835388184,1.0,0.9460209049132188,0.9562513521385843
calce_CX2_38,1,0.9999618530273438,1.0,0.9460207896297581,0.9557658198992864
calce_CX2_38,1,0.9999659061431885,1.0,0.9460211162656269,0.9571783055715862
calce_CX2_38,1,0.9999687671661377,1.0,0.9460213468310004,0.9582503957663686
calce_CX2_38,1,0.9999608993530273,1.0,0.9460207127739888,0.955449415897892
calce_CX2_38,1,0.9999662637710571,1.0,0.9460211450863494,0.9573086684584826
calce_CX2_38,1,0.9999662637710571,1.0,0.9460211450863494,0.9573086684584826
calce_CX2_38,1,0.9999662637710571,1.0,0.9460211450863494,0.9573086684584826
calce_CX2_38,1,0.9999687671661377,1.0,0.9460213468310004,0.9582503957663686
calce_CX2_38,1,0.9999687671661377,1.0,0.9460213468310004,0.9582503957663686
calce_CX2_38,1,0.9999687671661377,1.0,0.9460213468310004,0.9582503957663686
calce_CX2_38,1,0.9999687671661377,1.0,0.9460213468310004,0.9582503957663686
calce_CX2_38,1,0.9999619722366333,1.0,0.946020799236722,0.9558057720573413
calce_CX2_38,1,0.9999632835388184,1.0,0.9460209049132188,0.9562513521385843
calce_CX2_38,1,0.9999687671661377,1.0,0.9460213468310004,0.9582503957663686
calce_CX2_38,1,0.9999687671661377,1.0,0.9460213468310004,0.9582503957663686
calce_CX2_38,1,0.9999687671661377,1.0,0.9460213468310004,0.9582503957663686
calce_CX2_38,1,0.9999687671661377,1.0,0.9460213468310004,0.9582503957663686
calce_CX2_38,1,0.9999662637710571,1.0,0.9460211450863494,0.9573086684584826
calce_CX2_38,1,0.9999618530273438,1.0,0.9460207896297581,0.9557658198992864
calce_CX2_38,1,0.9999643564224243,1.0,0.9460209913756618,0.9566245727830055
calce_CX2_38,1,0.9999687671661377,1.0,0.9460213468310004,0.9582503957663686
calce_CX2_38,1,0.9999687671661377,1.0,0.9460213468310004,0.9582503957663686
calce_CX2_38,1,0.9999687671661377,1.0,0.9460213468310004,0.9582503957663686
calce_CX2_38,1,0.9999617338180542,1.0,0.9460207800227927,0.9557259581091925
calce_CX2_38,1,0.9999632835388184,1.0,0.9460209049132188,0.9562513521385843
calce_CX2_38,1,0.9999608993530273,1.0,0.9460207127739888,0.955449415897892
calce_CX2_38,1,0.9999669790267944,1.0,0.9460212027277508,0.957572424681628
calce_CX2_38,1,0.9999632835388184,1.0,0.9460209049132188,0.9562513521385843
calce_CX2_38,1,0.9999643564224243,1.0,0.9460209913756618,0.9566245727830055
calce_CX2_38,1,0.9999618530273438,1.0,0.9460207896297581,0.9557658198992864
calce_CX2_38,1,0.9999687671661377,1.0,0.9460213468310004,0.9582503957663686
calce_CX2_38,1,0.9999687671661377,1.0,0.9460213468310004,0.9582503957663686
calce_CX2_38,1,0.9999687671661377,1.0,0.9460213468310004,0.9582503957663686
calce_CX2_38,1,0.9999687671661377,1.0,0.9460213468310004,0.9582503957663686
calce_CX2_38,1,0.9999687671661377,1.0,0.9460213468310004,0.9582503957663686
calce_CX2_38,1,0.9999687671661377,1.0,0.9460213468310004,0.9582503957663686
calce_CX2_38,1,0.9999687671661377,1.0,0.9460213468310004,0.9582503957663686
calce_CX2_38,1,0.9999656677246094,1.0,0.9460210970518039,0.95709194584903
calce_CX2_38,1,0.9999669790267944,1.0,0.9460212027277508,0.957572424681628
calce_CX2_38,1,0.9999638795852661,1.0,0.9460209529479254,0.9564577064193076
calce_CX2_38,1,0.9999656677246094,1.0,0.9460210970518039,0.95709194584903
calce_CX2_38,1,0.9999662637710571,1.0,0.9460211450863494,0.9573086684584826
calce_CX2_38,1,0.9999638795852661,1.0,0.9460209529479254,0.9564577064193076
calce_CX2_38,1,0.9999638795852661,1.0,0.9460209529479254,0.9564577064193076
calce_CX2_38,1,0.9999638795852661,1.0,0.9460209529479254,0.9564577064193076
calce_CX2_38,1,0.9999632835388184,1.0,0.9460209049132188,0.9562513521385843
calce_CX2_38,1,0.9999608993530273,1.0,0.9460207127739888,0.955449415897892
calce_CX2_38,1,0.9999608993530273,1.0,0.9460207127739888,0.955449415897892
calce_CX2_38,1,0.9999669790267944,1.0,0.9460212027277508,0.957572424681628
calce_CX2_38,1,0.9999687671661377,1.0,0.9460213468310004,0.9582503957663686
calce_CX2_38,1,0.9999687671661377,1.0,0.9460213468310004,0.9582503957663686
calce_CX2_38,1,0.9999687671661377,1.0,0.9460213468310004,0.9582503957663686
calce_CX2_38,1,0.9999687671661377,1.0,0.9460213468310004,0.9582503957663686
calce_CX2_38,1,0.9999614953994751,1.0,0.9460207608088568,0.9556465037089157
calce_CX2_38,1,0.9999608993530273,1.0,0.9460207127739888,0.955449415897892
calce_CX2_38,1,0.9999669790267944,1.0,0.9460212027277508,0.957572424681628
calce_CX2_38,1,0.9999614953994751,1.0,0.9460207608088568,0.9556465037089157
calce_CX2_38,1,0.9999608993530273,1.0,0.9460207127739888,0.955449415897892
calce_CX2_38,1,0.9999608993530273,1.0,0.9460207127739888,0.955449415897892
calce_CX2_38,1,0.9999618530273438,1.0,0.9460207896297581,0.9557658198992864
calce_CX2_38,1,0.9999659061431885,1.0,0.9460211162656269,0.9571783055715862
calce_CX2_38,1,0.9999687671661377,1.0,0.9460213468310004,0.9582503957663686
calce_CX2_38,1,0.9999687671661377,1.0,0.9460213468310004,0.9582503957663686
calce_CX2_38,1,0.9999687671661377,1.0,0.9460213468310004,0.9582503957663686
calce_CX2_38,1,0.9999618530273438,1.0,0.9460207896297581,0.9557658198992864
calce_CX2_38,1,0.999967098236084,1.0,0.9460212123346454,0.9576167849612611
calce_CX2_38,1,0.9999608993530273,1.0,0.9460207127739888,0.955449415897892
calce_CX2_38,1,0.9999618530273438,1.0,0.9460207896297581,0.9557658198992864
calce_CX2_38,1,0.9999632835388184,1.0,0.9460209049132188,0.9562513521385843
calce_CX2_38,1,0.9999659061431885,1.0,0.9460211162656269,0.9571783055715862
calce_CX2_38,1,0.9999659061431885,1.0,0.9460211162656269,0.9571783055715862
calce_CX2_38,1,0.9999659061431885,1.0,0.9460211162656269,0.9571783055715862
calce_CX2_38,1,0.9999669790267944,1.0,0.9460212027277508,0.957572424681628
calce_CX2_38,1,0.9999632835388184,1.0,0.9460209049132188,0.9562513521385843
calce_CX2_38,1,0.9999617338180542,1.0,0.9460207800227927,0.9557259581091925
calce_CX2_38,1,0.9999687671661377,1.0,0.9460213468310004,0.9582503957663686
calce_CX2_38,1,0.9999687671661377,1.0,0.9460213468310004,0.9582503957663686
calce_CX2_38,1,0.9999643564224243,1.0,0.9460209913756618,0.9566245727830055
calce_CX2_38,1,0.9999618530273438,1.0,0.9460207896297581,0.9557658198992864
calce_CX2_38,1,0.9999687671661377,1.0,0.9460213468310004,0.9582503957663686
calce_CX2_38,1,0.9999687671661377,1.0,0.9460213468310004,0.9582503957663686
calce_CX2_38,1,0.9999632835388184,1.0,0.9460209049132188,0.9562513521385843
calce_CX2_38,1,0.9999632835388184,1.0,0.9460209049132188,0.9562513521385843
calce_CX2_38,1,0.9999687671661377,1.0,0.9460213468310004,0.9582503957663686
calce_CX2_38,1,0.9999687671661377,1.0,0.9460213468310004,0.9582503957663686
calce_CX2_38,1,0.9999662637710571,1.0,0.9460211450863494,0.9573086684584826
calce_CX2_38,1,0.9999662637710571,1.0,0.9460211450863494,0.9573086684584826
calce_CX2_38,1,0.9999687671661377,1.0,0.9460213468310004,0.9582503957663686
calce_CX2_38,1,0.9999662637710571,1.0,0.9460211450863494,0.9573086684584826
calce_CX2_38,1,0.9999687671661377,1.0,0.9460213468310004,0.9582503957663686
calce_CX2_38,1,0.9999687671661377,1.0,0.9460213468310004,0.9582503957663686
calce_CX2_38,1,0.9999687671661377,1.0,0.9460213468310004,0.9582503957663686
calce_CX2_38,1,0.9999617338180542,1.0,0.9460207800227927,0.9557259581091925
calce_CX2_38,1,0.9999659061431885,1.0,0.9460211162656269,0.9571783055715862
calce_CX2_38,1,0.9999549388885498,1.0,0.9460202324230923,0.9535891838411553
calce_CX2_38,1,0.9999032020568848,1.0,0.9460160628079757,0.9422277910393041
calce_CX2_38,1,0.9999096393585205,1.0,0.9460165816245557,0.943349016930432
calce_CX2_38,1,0.9998732805252075,1.0,0.9460136512099329,0.9376360396567153
calce_CX2_38,1,0.9999608993530273,1.0,0.9460207127739888,0.955449415897892
calce_CX2_38,1,0.9999614953994751,1.0,0.9460207608088568,0.9556465037089157
calce_CX2_38,1,0.9999643564224243,1.0,0.9460209913756618,0.9566245727830055
calce_CX2_38,1,0.9999687671661377,1.0,0.9460213468310004,0.9582503957663686
calce_CX2_38,1,0.9999687671661377,1.0,0.9460213468310004,0.9582503957663686
calce_CX2_38,1,0.9999662637710571,1.0,0.9460211450863494,0.9573086684584826
calce_CX2_38,1,0.9999617338180542,1.0,0.9460207800227927,0.9557259581091925
calce_CX2_38,1,0.9999618530273438,1.0,0.9460207896297581,0.9557658198992864
calce_CX2_38,1,0.9999618530273438,1.0,0.9460207896297581,0.9557658198992864
calce_CX2_38,1,0.9999618530273438,1.0,0.9460207896297581,0.9557658198992864
calce_CX2_38,1,0.999967098236084,1.0,0.9460212123346454,0.9576167849612611
calce_CX2_38,1,0.9999618530273438,1.0,0.9460207896297581,0.9557658198992864
calce_CX2_38,1,0.9999643564224243,1.0,0.9460209913756618,0.9566245727830055
calce_CX2_38,1,0.9999643564224243,1.0,0.9460209913756618,0.9566245727830055
calce_CX2_38,1,0.9999532699584961,1.0,0.9460200979241189,0.9531005849463234
calce_CX2_38,1,0.9999687671661377,1.0,0.9460213468310004,0.9582503957663686
calce_CX2_38,1,0.9999643564224243,1.0,0.9460209913756618,0.9566245727830055
calce_CX2_38,1,0.9999687671661377,1.0,0.9460213468310004,0.9582503957663686
calce_CX2_38,1,0.9999643564224243,1.0,0.9460209913756618,0.9566245727830055
calce_CX2_38,1,0.9999662637710571,1.0,0.9460211450863494,0.9573086684584826
calce_CX2_38,1,0.9999687671661377,1.0,0.9460213468310004,0.9582503957663686
calce_CX2_38,1,0.9999662637710571,1.0,0.9460211450863494,0.9573086684584826
calce_CX2_38,1,0.9999662637710571,1.0,0.9460211450863494,0.9573086684584826
calce_CX2_38,1,0.9999662637710571,1.0,0.9460211450863494,0.9573086684584826
calce_CX2_38,1,0.9999687671661377,1.0,0.9460213468310004,0.9582503957663686
calce_CX2_38,1,0.9999687671661377,1.0,0.9460213468310004,0.9582503957663686
calce_CX2_38,1,0.9999687671661377,1.0,0.9460213468310004,0.9582503957663686
calce_CX2_38,1,0.9999659061431885,1.0,0.9460211162656269,0.9571783055715862
calce_CX2_38,1,0.9999638795852661,1.0,0.9460209529479254,0.9564577064193076
calce_CX2_38,1,0.9999638795852661,1.0,0.9460209529479254,0.9564577064193076
calce_CX2_38,1,0.9999638795852661,1.0,0.9460209529479254,0.9564577064193076
calce_CX2_38,1,0.9999662637710571,1.0,0.9460211450863494,0.9573086684584826
calce_CX2_38,1,0.9999638795852661,1.0,0.9460209529479254,0.9564577064193076
calce_CX2_38,1,0.9999638795852661,1.0,0.9460209529479254,0.9564577064193076
calce_CX2_38,1,0.9999662637710571,1.0,0.9460211450863494,0.9573086684584826
calce_CX2_38,1,0.9999687671661377,1.0,0.9460213468310004,0.9582503957663686
calce_CX2_38,1,0.9999557733535767,1.0,0.9460202996724605,0.9538384243693102
calce_CX2_38,1,0.9999638795852661,1.0,0.9460209529479254,0.9564577064193076
calce_CX2_38,1,0.9999659061431885,1.0,0.9460211162656269,0.9571783055715862
calce_CX2_38,1,0.9999638795852661,1.0,0.9460209529479254,0.9564577064193076
calce_CX2_38,1,0.999967098236084,1.0,0.9460212123346454,0.9576167849612611
calce_CX2_38,1,0.9999638795852661,1.0,0.9460209529479254,0.9564577064193076
calce_CX2_38,1,0.9999638795852661,1.0,0.9460209529479254,0.9564577064193076
calce_CX2_38,1,0.9999638795852661,1.0,0.9460209529479254,0.9564577064193076
calce_CX2_38,1,0.9999638795852661,1.0,0.9460209529479254,0.9564577064193076
calce_CX2_38,1,0.9999638795852661,1.0,0.9460209529479254,0.9564577064193076
calce_CX2_38,1,0.9999638795852661,1.0,0.9460209529479254,0.9564577064193076
calce_CX2_38,1,0.9999638795852661,1.0,0.9460209529479254,0.9564577064193076
calce_CX2_38,1,0.9999557733535767,1.0,0.9460202996724605,0.9538384243693102
calce_CX2_38,1,0.9999638795852661,1.0,0.9460209529479254,0.9564577064193076
calce_CX2_38,1,0.9999328851699829,1.0,0.9460184550897287,0.947963143096606
calce_CX2_38,1,0.9999076128005981,1.0,0.9460164182939172,0.9429898996818656
calce_CX2_38,1,0.999953031539917,1.0,0.946020078709954,0.9530318244100502
calce_CX2_38,1,0.9999144077301025,1.0,0.9460169659301022,0.9442178742317237
calce_CX2_38,1,0.9999014139175415,1.0,0.9460159186914248,0.9419260699120472
calce_CX2_38,1,0.9999110698699951,1.0,0.9460166969164906,0.9436060773859349
calce_CX2_38,1,0.9999028444290161,1.0,0.9460160339846945,0.9421671220162112
calce_CX2_38,1,0.9999014139175415,1.0,0.9460159186914248,0.9419260699120472
calce_CX2_38,1,0.9996964931488037,0.9423976608187135,0.9459994005314548,0.9203055723455761
calce_CX2_38,1,0.9999082088470459,1.0,0.9460164663323887,0.943094918614965
calce_CX2_38,1,0.9998929500579834,1.0,0.9460152365348271,0.9405500072082192
calce_CX2_38,1,0.9996688365936279,0.9423976608187135,0.9459971708394861,0.9183515220051874
calce_CX2_38,1,0.9999563694000244,1.0,0.946020347707675,0.9540185509759018
calce_CX2_38,1,0.9999110698699951,1.0,0.9460166969164906,0.9436060773859349
calce_CX2_38,1,0.9996688365936279,0.9423976608187135,0.9459971708394861,0.9183515220051874
calce_CX2_38,1,0.999941349029541,1.0,0.9460191372079769,0.9499354986893976
calce_CX2_38,1,0.9999428987503052,1.0,0.9460192621019871,0.9503187829780971
calce_CX2_38,1,0.9999232292175293,1.0,0.9460176768885624,0.9459233889111288
calce_CX2_38,1,0.9999293088912964,1.0,0.946018166868308,0.9471841244262365
calce_CX2_38,1,0.999739944934845,0.9423976608187135,0.9460029034713119,0.9236629234695404
calce_CX2_38,1,0.9999293088912964,1.0,0.946018166868308,0.9471841244262365
calce_CX2_38,1,0.9998992681503296,1.0,0.9460157457510846,0.9415692535366433
calce_CX2_38,1,0.9998929500579834,1.0,0.9460152365348271,0.9405500072082192
calce_CX2_38,1,0.9999428987503052,1.0,0.9460192621019871,0.9503187829780971
calce_CX2_38,1,0.9999428987503052,1.0,0.9460192621019871,0.9503187829780971
calce_CX2_38,1,0.9999531507492065,1.0,0.9460200883170373,0.9530661729115057
calce_CX2_38,1,0.9999595880508423,1.0,0.9460206070971374,0.9550233682670559
calce_CX2_38,1,0.9999595880508423,1.0,0.9460206070971374,0.9550233682670559
calce_CX2_38,1,0.9998459815979004,0.9423976608187135,0.9460114508983987,0.9340995759255019
calce_CX2_38,1,0.9999531507492065,1.0,0.9460200883170373,0.9530661729115057
calce_CX2_38,1,0.9999494552612305,1.0,0.9460197904967076,0.9520296066356533
calce_CX2_38,1,0.9999494552612305,1.0,0.9460197904967076,0.9520296066356533
calce_CX2_38,1,0.9999494552612305,1.0,0.9460197904967076,0.9520296066356533
calce_CX2_38,1,0.999956488609314,1.0,0.9460203573147131,0.9540547903087173
calce_CX2_38,1,0.999956488609314,1.0,0.9460203573147131,0.9540547903087173
calce_CX2_38,1,0.9999494552612305,1.0,0.9460197904967076,0.9520296066356533
calce_CX2_38,1,0.9998992681503296,1.0,0.9460157457510846,0.9415692535366433
calce_CX2_38,1,0.9999181032180786,1.0,0.9460172637651263,0.944915930649342
calce_CX2_38,1,0.9999293088912964,1.0,0.946018166868308,0.9471841244262365
calce_CX2_38,1,0.9999293088912964,1.0,0.946018166868308,0.9471841244262365
calce_CX2_38,1,0.9999293088912964,1.0,0.946018166868308,0.9471841244262365
calce_CX2_38,1,0.9999014139175415,1.0,0.9460159186914248,0.9419260699120472
calce_CX2_38,1,0.9998955726623535,1.0,0.946015447908163,0.9409675870900295
calce_CX2_38,1,0.9999232292175293,1.0,0.9460176768885624,0.9459233889111288
calce_CX2_38,1,0.9999293088912964,1.0,0.946018166868308,0.9471841244262365
calce_CX2_38,1,0.9999232292175293,1.0,0.9460176768885624,0.9459233889111288
calce_CX2_38,1,0.9999293088912964,1.0,0.946018166868308,0.9471841244262365
calce_CX2_38,1,0.9999072551727295,1.0,0.946016389470815,0.9429271262640245
calce_CX2_38,1,0.9999428987503052,1.0,0.9460192621019871,0.9503187829780971
calce_CX2_38,1,0.9999212026596069,1.0,0.9460175135610487,0.945519382110616
calce_CX2_38,1,0.999934196472168,1.0,0.9460185607705528,0.9482563713705778
calce_CX2_38,1,0.9999305009841919,1.0,0.9460182629422761,0.9474405355194444
calce_CX2_38,1,0.9999322891235352,1.0,0.946018407052926,0.9478312374105125
calce_CX2_38,1,0.9999232292175293,1.0,0.9460176768885624,0.9459233889111288
calce_CX2_38,1,0.9999110698699951,1.0,0.9460166969164906,0.9436060773859349
calce_CX2_38,1,0.999739944934845,0.9423976608187135,0.9460029034713119,0.9236629234695404
calce_CX2_38,1,0.9999245405197144,1.0,0.946017782570823,0.9461889749349138
calce_CX2_38,1,0.9999305009841919,1.0,0.9460182629422761,0.9474405355194444
calce_CX2_38,1,0.9999322891235352,1.0,0.946018407052926,0.9478312374105125
calce_CX2_38,1,0.9999269247055054,1.0,0.9460179747198879,0.9466806225237135
calce_CX2_38,1,0.9999363422393799,1.0,0.9460187337023894,0.9487455261656627
calce_CX2_38,1,0.9998992681503296,1.0,0.9460157457510846,0.9415692535366433
calce_CX2_38,1,0.9999109506607056,1.0,0.9460166873088381,0.9435845405574239
calce_CX2_38,1,0.999907374382019,1.0,0.9460163990785173,0.94294803101061
calce_CX2_38,1,0.9996544122695923,0.9423976608187135,0.9459960079053517,0.917380388615396
calce_CX2_38,1,0.9999047517776489,1.0,0.9460161877086931,0.9424926041546865
calce_CX2_38,1,0.9998962879180908,1.0,0.9460155055553011,0.9410828059024909
calce_CX2_38,1,0.9999207258224487,1.0,0.9460174751309777,0.9454254272910847
calce_CX2_38,1,0.9999207258224487,1.0,0.9460174751309777,0.9454254272910847
calce_CX2_38,1,0.999895453453064,1.0,0.9460154383003011,0.9409484402740417
calce_CX2_38,1,0.9998890161514282,1.0,0.9460149194733601,0.9399374921393493
calce_CX2_38,1,0.9999122619628906,1.0,0.9460167929929255,0.9438226165039932
calce_CX2_38,1,0.9999147653579712,1.0,0.9460169947529141,0.9442844533334063
calce_CX2_38,1,0.9998962879180908,1.0,0.9460155055553011,0.9410828059024909
calce_CX2_38,1,0.9998798370361328,1.0,0.9460141796564417,0.938567918158176
calce_CX2_38,1,0.9998798370361328,1.0,0.9460141796564417,0.938567918158176
calce_CX2_38,1,0.9998745918273926,1.0,0.9460137568996247,0.9378195301784443
calce_CX2_38,1,0.999863862991333,1.0,0.946012892160049,0.9363576899800754
calce_CX2_38,1,0.9999072551727295,1.0,0.946016389470815,0.9429271262640245
calce_CX2_38,1,0.9998929500579834,1.0,0.9460152365348271,0.9405500072082192
calce_CX2_38,1,0.9998929500579834,1.0,0.9460152365348271,0.9405500072082192
calce_CX2_38,1,0.9998992681503296,1.0,0.9460157457510846,0.9415692535366433
calce_CX2_38,1,0.9996567964553833,0.9423976608187135,0.9459962001274986,0.9175387900405578
calce_CX2_38,1,0.9999507665634155,1.0,0.9460198961750664,0.9523909177192508
calce_CX2_38,1,0.9999428987503052,1.0,0.9460192621019871,0.9503187829780971
calce_CX2_38,1,0.9999507665634155,1.0,0.9460198961750664,0.9523909177192508
calce_CX2_38,1,0.9998929500579834,1.0,0.9460152365348271,0.9405500072082192
calce_CX2_38,1,0.9999538660049438,1.0,0.9460201459595029,0.9532736079267555
calce_CX2_38,1,0.9999556541442871,1.0,0.9460202900654128,0.9538026107483061
calce_CX2_38,1,0.9998962879180908,1.0,0.9460155055553011,0.9410828059024909
calce_CX2_38,1,0.9996485710144043,0.9423976608187135,0.9459955369583648,0.9169957286190857
calce_CX2_38,1,0.9998962879180908,1.0,0.9460155055553011,0.9410828059024909
calce_CX2_38,1,0.9998962879180908,1.0,0.9460155055553011,0.9410828059024909
calce_CX2_38,1,0.9999047517776489,1.0,0.9460161877086931,0.9424926041546865
calce_CX2_38,1,0.9998836517333984,1.0,0.9460144871139844,0.9391274238019715
calce_CX2_38,1,0.9998745918273926,1.0,0.9460137568996247,0.9378195301784443
calce_CX2_38,1,0.9998962879180908,1.0,0.9460155055553011,0.9410828059024909
calce_CX2_38,1,0.9999037981033325,1.0,0.9460161108467454,0.942329272067833
calce_CX2_38,1,0.9996771812438965,0.9423976608187135,0.9459978436005178,0.9189278448656392
calce_CX2_38,1,0.9999122619628906,1.0,0.9460167929929255,0.9438226165039932
calce_CX2_38,1,0.999897837638855,1.0,0.9460156304572342,0.9413344603499554
calce_CX2_38,1,0.999739944934845,0.9423976608187135,0.9460029034713119,0.9236629234695404
calce_CX2_38,1,0.9999207258224487,1.0,0.9460174751309777,0.9454254272910847
calce_CX2_38,1,0.9999293088912964,1.0,0.946018166868308,0.9471841244262365
calce_CX2_38,1,0.999906063079834,1.0,0.9460162933937027,0.9427191534258101
calce_CX2_38,1,0.9999109506607056,1.0,0.9460166873088381,0.9435845405574239
calce_CX2_38,1,0.9999109506607056,1.0,0.9460166873088381,0.9435845405574239
calce_CX2_38,1,0.9999109506607056,1.0,0.9460166873088381,0.9435845405574239
calce_CX2_38,1,0.999863862991333,1.0,0.946012892160049,0.9363576899800754
calce_CX2_38,1,0.9998574256896973,1.0,0.9460123733100344,0.9355208883604864
calce_CX2_38,1,0.9999109506607056,1.0,0.9460166873088381,0.9435845405574239
calce_CX2_38,1,0.999907374382019,1.0,0.9460163990785173,0.94294803101061
calce_CX2_38,1,0.999906063079834,1.0,0.9460162933937027,0.9427191534258101
calce_CX2_38,1,0.9999147653579712,1.0,0.9460169947529141,0.9442844533334063
calce_CX2_38,1,0.9998936653137207,1.0,0.946015294182178,0.9406631415086791
calce_CX2_38,1,0.9998962879180908,1.0,0.9460155055553011,0.9410828059024909
calce_CX2_38,1,0.9998798370361328,1.0,0.9460141796564417,0.938567918158176
calce_CX2_38,1,0.9996391534805298,0.9423976608187135,0.9459947776683333,0.916385509315698
calce_CX2_38,1,0.9995524287223816,0.9423976608187135,0.9459877849989811,0.9112617116155302
calce_CX2_38,1,0.9998745918273926,1.0,0.9460137568996247,0.9378195301784443
calce_CX2_38,1,0.9998667240142822,1.0,0.9460131227585462,0.9367389765330569
calce_CX2_38,1,0.9998687505722046,1.0,0.9460132860985864,0.9370127153498409
calce_CX2_38,1,0.9998552799224854,1.0,0.9460122003589847,0.9352481451505384
calce_CX2_38,1,0.9998667240142822,1.0,0.9460131227585462,0.9367389765330569
calce_CX2_38,1,0.9998667240142822,1.0,0.9460131227585462,0.9367389765330569
calce_CX2_38,1,0.9998667240142822,1.0,0.9460131227585462,0.9367389765330569
calce_CX2_38,1,0.999863862991333,1.0,0.946012892160049,0.9363576899800754
calce_CX2_38,1,0.9998588562011719,1.0,0.946012488610444,0.9357044017785024
calce_CX2_38,1,0.9999334812164307,1.0,0.9460185031264912,0.948095905917142
calce_CX2_38,1,0.999931812286377,1.0,0.9460183686234548,0.9477263213089521
calce_CX2_38,1,0.9999276399612427,1.0,0.9460180323644816,0.9468303979599795
calce_CX2_38,1,0.9999024868011475,1.0,0.9460160051613988,0.9421066164160096
calce_CX2_38,1,0.9999008178710938,1.0,0.9460158706524937,0.9418263877955141
calce_CX2_38,1,0.9999024868011475,1.0,0.9460160051613988,0.9421066164160096
calce_CX2_38,1,0.9999074935913086,1.0,0.9460164086862181,0.9429689554686613
calce_CX2_38,1,0.9999139308929443,1.0,0.9460169274996636,0.9441294179261326
calce_CX2_38,1,0.9998929500579834,1.0,0.9460152365348271,0.9405500072082192
calce_CX2_38,1,0.9998574256896973,1.0,0.9460123733100344,0.9355208883604864
calce_CX2_38,1,0.9999074935913086,1.0,0.9460164086862181,0.9429689554686613
calce_CX2_38,1,0.9999114274978638,1.0,0.946016725739438,0.9436708149092653
calce_CX2_38,1,0.999915361404419,1.0,0.9460170427909019,0.9443958740405809
calce_CX2_38,1,0.9999024868011475,1.0,0.9460160051613988,0.9421066164160096
calce_CX2_38,1,0.9999102354049683,1.0,0.9460166296628901,0.9434557608244865
calce_CX2_38,1,0.999869704246521,1.0,0.9460133629643265,0.9371426108842809
calce_CX2_38,1,0.9998823404312134,1.0,0.9460143814256403,0.9389335935639536
calce_CX2_38,1,0.9999114274978638,1.0,0.946016725739438,0.9436708149092653
calce_CX2_38,1,0.999915361404419,1.0,0.9460170427909019,0.9443958740405809
calce_CX2_38,1,0.9999114274978638,1.0,0.946016725739438,0.9436708149092653
calce_CX2_38,1,0.9999231100082397,1.0,0.9460176672810746,0.945899409495903
calce_CX2_38,1,0.9999139308929443,1.0,0.9460169274996636,0.9441294179261326
calce_CX2_38,1,0.9999181032180786,1.0,0.9460172637651263,0.944915930649342
calce_CX2_38,1,0.9999139308929443,1.0,0.9460169274996636,0.9441294179261326
calce_CX2_38,1,0.9999014139175415,1.0,0.9460159186914248,0.9419260699120472
calce_CX2_38,1,0.99994957447052,1.0,0.9460198001038392,0.9520621696263969
calce_CX2_38,1,0.9999293088912964,1.0,0.946018166868308,0.9471841244262365
calce_CX2_38,1,0.999739944934845,0.9423976608187135,0.9460029034713119,0.9236629234695404
calce_CX2_38,1,0.9999232292175293,1.0,0.9460176768885624,0.9459233889111288
calce_CX2_38,1,0.9999293088912964,1.0,0.946018166868308,0.9471841244262365
calce_CX2_38,1,0.9999232292175293,1.0,0.9460176768885624,0.9459233889111288
calce_CX2_38,1,0.9999293088912964,1.0,0.946018166868308,0.9471841244262365
calce_CX2_38,1,0.9999293088912964,1.0,0.946018166868308,0.9471841244262365
calce_CX2_38,1,0.9999305009841919,1.0,0.9460182629422761,0.9474405355194444
calce_CX2_38,1,0.9999305009841919,1.0,0.9460182629422761,0.9474405355194444
calce_CX2_38,1,0.9999265670776367,1.0,0.9460179458975694,0.946606135854962
calce_CX2_38,1,0.9999313354492188,1.0,0.9460183301939579,0.9476219390299725
calce_CX2_38,1,0.9999313354492188,1.0,0.9460183301939579,0.9476219390299725
calce_CX2_38,1,0.9999322891235352,1.0,0.946018407052926,0.9478312374105125
calce_CX2_38,1,0.9999194145202637,1.0,0.9460173694481496,0.9451691638374368
calce_CX2_38,1,0.999934196472168,1.0,0.9460185607705528,0.9482563713705778
calce_CX2_38,1,0.9999327659606934,1.0,0.9460184454823714,0.9479366938063966
calce_CX2_38,1,0.9999322891235352,1.0,0.946018407052926,0.9478312374105125
calce_CX2_38,1,0.999934196472168,1.0,0.9460185607705528,0.9482563713705778
calce_CX2_38,1,0.9999285936355591,1.0,0.9460181092238495,0.9470317889987018
calce_CX2_38,1,0.9999322891235352,1.0,0.946018407052926,0.9478312374105125
calce_CX2_38,1,0.9999322891235352,1.0,0.946018407052926,0.9478312374105125
calce_CX2_38,1,0.999934196472168,1.0,0.9460185607705528,0.9482563713705778
calce_CX2_38,1,0.9999293088912964,1.0,0.946018166868308,0.9471841244262365
calce_CX2_38,1,0.9999322891235352,1.0,0.946018407052926,0.9478312374105125
calce_CX2_38,1,0.9999313354492188,1.0,0.9460183301939579,0.9476219390299725
calce_CX2_38,1,0.9999322891235352,1.0,0.946018407052926,0.9478312374105125
calce_CX2_38,1,0.9997509121894836,0.9423976608187135,0.9460037875813888,0.9245757582062343
calce_CX2_38,1,0.9999313354492188,1.0,0.9460183301939579,0.9476219390299725
calce_CX2_38,1,0.9999265670776367,1.0,0.9460179458975694,0.946606135854962
calce_CX2_38,1,0.999934196472168,1.0,0.9460185607705528,0.9482563713705778
calce_CX2_38,1,0.9999269247055054,1.0,0.9460179747198879,0.9466806225237135
calce_CX2_38,1,0.9999257326126099,1.0,0.9460178786454361,0.946433358009698
calce_CX2_38,1,0.999934196472168,1.0,0.9460185607705528,0.9482563713705778
calce_CX2_38,1,0.9999212026596069,1.0,0.9460175135610487,0.945519382110616
calce_CX2_38,1,0.9999179840087891,1.0,0.9460172541575691,0.9448930568182314
calce_CX2_38,1,0.9999212026596069,1.0,0.9460175135610487,0.945519382110616
calce_CX2_37,0,0.08925939351320267,0.7331189710610934,0.8275960712035462,0.3444340782004666
calce_CX2_37,0,0.07880999147891998,0.7331189710610934,0.8256567290121527,0.3359808945318743
calce_CX2_37,0,0.04167113080620766,0.7331189710610934,0.8186247299510538,0.2955086888553359
calce_CX2_37,0,0.04025617614388466,0.7331189710610934,0.8183525014974564,0.2934350879453345
calce_CX2_37,0,0.09018649905920029,0.7331189710610934,0.8277673085427316,0.3451446507669846
calce_CX2_37,0,0.08925939351320267,0.7331189710610934,0.8275960712035462,0.3444340782004666
calce_CX2_37,0,0.019496196880936623,0.7331189710610934,0.8143218251608071,0.25244970244532855
calce_CX2_37,0,0.009385937824845314,0.7331189710610934,0.8123339984835279,0.21568605163207347
calce_CX2_37,0,0.030423009768128395,0.7331189710610934,0.8164518781705912,0.27704127358473263
calce_CX2_37,0,0.019496196880936623,0.7331189710610934,0.8143218251608071,0.25244970244532855
calce_CX2_37,0,0.019496196880936623,0.7331189710610934,0.8143218251608071,0.25244970244532855
calce_CX2_37,0,0.009385937824845314,0.7331189710610934,0.8123339984835279,0.21568605163207347
calce_CX2_37,0,0.012377778999507427,0.7331189710610934,0.8129239380633237,0.22908592960783072
calce_CX2_37,0,0.01180566381663084,0.7331189710610934,0.8128112373065562,0.2267502347559833
calce_CX2_37,0,0.009385937824845314,0.7331189710610934,0.8123339984835279,0.21568605163207347
calce_CX2_37,0,0.009385937824845314,0.7331189710610934,0.8123339984835279,0.21568605163207347
calce_CX2_37,0,0.009385937824845314,0.7331189710610934,0.8123339984835279,0.21568605163207347
calce_CX2_37,0,0.01180566381663084,0.7331189710610934,0.8128112373065562,0.2267502347559833
calce_CX2_37,0,0.009385937824845314,0.7331189710610934,0.8123339984835279,0.21568605163207347
calce_CX2_37,0,0.01180566381663084,0.7331189710610934,0.8128112373065562,0.2267502347559833
calce_CX2_37,0,0.009385937824845314,0.7331189710610934,0.8123339984835279,0.21568605163207347
calce_CX2_37,0,0.009385937824845314,0.7331189710610934,0.8123339984835279,0.21568605163207347
calce_CX2_37,0,0.009385937824845314,0.7331189710610934,0.8123339984835279,0.21568605163207347
calce_CX2_37,0,0.01180566381663084,0.7331189710610934,0.8128112373065562,0.2267502347559833
calce_CX2_37,0,0.014729361049830914,0.7331189710610934,0.8133866266775445,0.2378283756343758
calce_CX2_37,0,0.08518516272306442,0.7331189710610934,0.826841958855302,0.34123885200210025
calce_CX2_37,0,0.09540027379989624,0.7331189710610934,0.8287277899604035,0.3490345897699234
calce_CX2_37,0,0.09135284274816513,0.7331189710610934,0.827982542065515,0.3460302656168867
calce_CX2_37,0,0.11696115881204605,0.7331189710610934,0.8326546365442573,0.3635147106614106
calce_CX2_37,0,0.05023613199591637,0.7331189710610934,0.8202658045610637,0.30693342921379924
calce_CX2_37,0,0.01180695928633213,0.7331189710610934,0.812811492559672,0.22675562936920862
calce_CX2_37,0,0.05114211514592171,0.7331189710610934,0.8204387132343884,0.3080443468202872
calce_CX2_37,0,0.10094273835420609,0.7331189710610934,0.8297441578102343,0.35298707642500216
calce_CX2_37,0,0.11696115881204605,0.7331189710610934,0.8326546365442573,0.3635147106614106
calce_CX2_37,0,0.12699051201343536,0.7331189710610934,0.8344566068291673,0.3695424418151977
calce_CX2_37,0,0.11958000063896179,0.7331189710610934,0.833126669481343,0.36512629245021627
calce_CX2_37,0,0.12634503841400146,0.7331189710610934,0.8343411046843214,0.3691658417889945
calce_CX2_37,0,0.102450892329216,0.7331189710610934,0.8300198895210916,0.35403252792980244
calce_CX2_37,0,0.04466461017727852,0.7331189710610934,0.8191996098250136,0.2997080547580715
calce_CX2_37,0,0.364155650138855,0.7331189710610934,0.8726593640670878,0.46146621990708675
calce_CX2_37,0,0.40485623478889465,0.7331189710610934,0.8784023879971381,0.47333679862093647
calce_CX2_37,0,0.5794835090637207,0.7331189710610934,0.9005662614283876,0.5221977323469918
calce_CX2_37,0,0.6642090082168579,0.7331189710610934,0.9099687147040134,0.5471108717756896
calce_CX2_37,0,0.41892585158348083,0.7331189710610934,0.8803351546091104,0.4773507670495184
calce_CX2_37,0,0.9269132018089294,0.7331189710610934,0.9342238439810663,0.6690437030911471
calce_CX2_37,0,0.9269132018089294,0.7331189710610934,0.9342238439810663,0.6690437030911471
calce_CX2_37,0,0.8103776574134827,0.7331189710610934,0.9243199350335628,0.5992788724795506
calce_CX2_37,0,0.859975278377533,0.7331189710610934,0.9286922968748461,0.6231496887257365
calce_CX2_37,0,0.9465985894203186,0.7331189710610934,0.9357731372618612,0.6892551483695005
calce_CX2_37,0,0.7520030736923218,0.7331189710610934,0.9188592430576082,0.5762457931868102
calce_CX2_37,0,0.973219633102417,0.7331189710610934,0.9378142575528966,0.7301850832818364
calce_CX2_37,0,0.9337446689605713,0.7331189710610934,0.9347653957708199,0.675482747649845
calce_CX2_37,0,0.9800270199775696,0.7331189710610934,0.9383263953704272,0.7462592671516968
calce_CX2_37,0,0.9072699546813965,0.7331189710610934,0.9326432968413667,0.65293566340548
calce_CX2_37,0,0.9316594004631042,0.7331189710610934,0.934600531285012,0.6734615030867314
calce_CX2_37,0,0.7932918071746826,0.7331189710610934,0.9227575294361773,0.5920994800924106
calce_CX2_37,0,0.9736758470535278,0.7331189710610934,0.9378487035237658,0.7311475648034463
calce_CX2_37,0,0.982917845249176,0.7331189710610934,0.9385426856886082,0.7545258444121183
calce_CX2_37,0,0.9747777581214905,0.7331189710610934,0.9379318287285641,0.733531504756995
calce_CX2_37,0,0.9847292304039001,0.7331189710610934,0.938677851302545,0.7603260531181341
calce_CX2_37,0,0.9860821962356567,0.7331189710610934,0.9387786283252179,0.7650474528260203
calce_CX2_37,0,0.9726656675338745,0.7331189710610934,0.9377724069824458,0.7290347486430759
calce_CX2_37,0,0.9698179364204407,0.7331189710610934,0.9375568534245532,0.7234135710238041
calce_CX2_37,0,0.9432237148284912,0.7331189710610934,0.9355099610078169,0.6853932456580303
calce_CX2_37,0,0.9360149502754211,0.7331189710610934,0.9349444480254148,0.6777438951402683
calce_CX2_37,0,0.9732089638710022,0.7331189710610934,0.9378134517701505,0.7301627398407979
calce_CX2_37,0,0.9739279747009277,0.7331189710610934,0.9378677325211464,0.7316855193718421
calce_CX2_37,0,0.9695537090301514,0.7331189710610934,0.937536817942372,0.7229149381912164
calce_CX2_37,0,0.6331915855407715,0.7331189710610934,0.9066232832102282,0.5377459839033528
calce_CX2_37,0,0.9762378931045532,0.7331189710610934,0.9380418174527215,0.7368292594948268
calce_CX2_37,0,0.9656980037689209,0.7331189710610934,0.9372437692749517,0.7160238197187637
calce_CX2_37,0,0.9656980037689209,0.7331189710610934,0.9372437692749517,0.7160238197187637
calce_CX2_37,0,0.9650391936302185,0.7331189710610934,0.9371935689823919,0.7149122191687594
calce_CX2_37,0,0.9646159410476685,0.7331189710610934,0.9371612980397185,0.7142073243605362
calce_CX2_37,0,0.9791231155395508,0.7331189710610934,0.9382586198015515,0.7438811835198482
calce_CX2_37,0,0.9646159410476685,0.7331189710610934,0.9371612980397185,0.7142073243605362
calce_CX2_37,0,0.9474990367889404,0.7331189710610934,0.935843185865477,0.6903198126054704
calce_CX2_37,0,0.8970351219177246,0.7331189710610934,0.9318058777282967,0.6456139763687764
calce_CX2_37,0,0.9499015212059021,0.7331189710610934,0.9360297345266961,0.6932368214720789
calce_CX2_37,0,0.9419388771057129,0.7331189710610934,0.9354095043786143,0.6839730518864602
calce_CX2_37,0,0.9623135924339294,0.7331189710610934,0.9369854841023189,0.7104925421371651
calce_CX2_37,0,0.9603850245475769,0.7331189710610934,0.9368378601058488,0.7075247736133846
calce_CX2_37,1,0.9603850245475769,0.7331189710610934,0.9368378601058488,0.7075247736133846
calce_CX2_37,1,0.9414745569229126,0.7331189710610934,0.9353731651077261,0.6834662316767159
calce_CX2_37,1,0.9328847527503967,0.7331189710610934,0.9346974563854041,0.6746429683453775
calce_CX2_37,1,0.831268310546875,0.7331189710610934,0.9261908202476914,0.6087013916276259
calce_CX2_37,1,0.9663582444190979,0.7331189710610934,0.9372940410084857,0.7171559851898425
calce_CX2_37,1,0.33359208703041077,0.7331189710610934,0.8681957535545508,0.4522112230133261
calce_CX2_37,1,0.9623470306396484,0.7331189710610934,0.9369880408199193,0.7105451124892443
calce_CX2_37,1,0.8556168675422668,0.7331189710610934,0.9283176156324389,0.6208217713355026
calce_CX2_37,1,0.8109294772148132,0.7331189710610934,0.924369909015526,0.5995180671534859
calce_CX2_37,1,0.711879551410675,0.7331189710610934,0.9148999450104326,0.5623327166493605
calce_CX2_37,1,0.8887624740600586,0.7331189710610934,0.931121964477347,0.6401083443060988
calce_CX2_37,1,0.9211657643318176,0.7331189710610934,0.9337649925271114,0.6639984642173378
calce_CX2_37,1,0.9857490658760071,0.7331189710610934,0.9387538291509544,0.7638504145873192
calce_CX2_37,1,0.9607638716697693,0.7331189710610934,0.936866884738525,0.7080980410514255
calce_CX2_37,1,0.9727939963340759,0.7331189710610934,0.937782104208899,0.729299471527592
calce_CX2_37,1,0.9860594868659973,0.7331189710610934,0.9387769380731312,0.7649650937216804
calce_CX2_37,1,0.9127468466758728,0.7331189710610934,0.9330874908260487,0.6571242324589346
calce_CX2_37,1,0.953290581703186,0.7331189710610934,0.9362920299198069,0.6975569296232831
calce_CX2_37,1,0.9500037431716919,0.7331189710610934,0.9360376606624337,0.6933635032639511
calce_CX2_37,1,0.9634581804275513,0.7331189710610934,0.937072945398229,0.7123147270124536
calce_CX2_37,1,0.9925479292869568,0.7959183673469388,0.9392581004569598,0.7950201684015917
calce_CX2_37,1,0.9925479292869568,0.7959183673469388,0.9392581004569598,0.7950201684015917
calce_CX2_37,1,0.9925479292869568,0.7959183673469388,0.9392581004569598,0.7950201684015917
calce_CX2_37,1,0.9932071566581726,0.8292682926829268,0.9393067882670165,0.799200415752177
calce_CX2_37,1,0.9717605113983154,0.7331189710610934,0.9377039683432263,0.7271966850622248
calce_CX2_37,1,0.9778802394866943,0.7331189710610934,0.9381653142192401,0.7407488248314187
calce_CX2_37,1,0.4276493489742279,0.7331189710610934,0.8815201405319533,0.47982174089912494
calce_CX2_37,1,0.9848639369010925,0.7331189710610934,0.9386878919978895,0.760780057982418
calce_CX2_37,1,0.9933682084083557,0.8292682926829268,0.9393186773343044,0.8002724404096181
calce_CX2_37,1,0.9908062815666199,0.7331189710610934,0.9391292937498307,0.7852913503268704
calce_CX2_37,1,0.9868305325508118,0.7331189710610934,0.9388343023926567,0.7678264456239319
calce_CX2_37,1,0.9634895324707031,0.7331189710610934,0.9370753395048737,0.7123653103035179
calce_CX2_37,1,0.9842547178268433,0.7331189710610934,0.9386424700435039,0.7587530724496685
calce_CX2_37,1,0.9835712909698486,0.7331189710610934,0.938591477900638,0.7565559884822536
calce_CX2_37,1,0.992919385433197,0.8292682926829268,0.9392855391643565,0.7973361134259728
calce_CX2_37,1,0.9874244332313538,0.7331189710610934,0.9388784532026995,0.7701275540015686
calce_CX2_37,1,0.994855523109436,0.9444820582261341,0.9394283700904332,0.8113459277069195
calce_CX2_37,1,0.9871230125427246,0.7331189710610934,0.938856049194927,0.768948589097182
calce_CX2_37,1,0.9817882776260376,0.7331189710610934,0.9384582564247317,0.7511653108404749
calce_CX2_37,1,0.983159601688385,0.7331189710610934,0.9385607416483234,0.7552692224396681
calce_CX2_37,1,0.9655391573905945,0.7331189710610934,0.9372316688578706,0.7157541696475106
calce_CX2_37,1,0.9838182330131531,0.7331189710610934,0.9386099074163626,0.7573408595341891
calce_CX2_37,1,0.9534285068511963,0.7331189710610934,0.9363026833448811,0.6977382271849366
calce_CX2_37,1,0.9826962947845459,0.7331189710610934,0.9385261344894804,0.7538523100107399
calce_CX2_37,1,0.9649832248687744,0.7331189710610934,0.9371893025249274,0.7148185973969265
calce_CX2_37,1,0.9803828001022339,0.7331189710610934,0.9383530530159605,0.7472201554501118
calce_CX2_37,1,0.9593331813812256,0.7331189710610934,0.936757209945099,0.7059569057797644
calce_CX2_37,1,0.9314396381378174,0.7331189710610934,0.9345831339891754,0.6732514599991906
calce_CX2_37,1,0.9582420587539673,0.7331189710610934,0.9366734465622502,0.7043660237756584
calce_CX2_37,1,0.9792882800102234,0.7331189710610934,0.9382710091755492,0.7443091656549883
calce_CX2_37,1,0.9953938722610474,0.9444820582261341,0.9394680287896451,0.8160118691226291
calce_CX2_37,1,0.9767036437988281,0.7331189710610934,0.9380768631080735,0.7379170480972539
calce_CX2_37,1,0.9786986112594604,0.7331189710610934,0.9382267660819881,0.7427941061500818
calce_CX2_37,1,0.6194543242454529,0.7331189710610934,0.9051062969154398,0.5337004510388536
calce_CX2_37,1,0.9939848780632019,0.9403353383653694,0.9393641806200744,0.8045869174389043
calce_CX2_37,1,0.9857912063598633,0.7331189710610934,0.938756966727494,0.7640005356768454
calce_CX2_37,1,0.9857912063598633,0.7331189710610934,0.938756966727494,0.7640005356768454
calce_CX2_37,1,0.9939467310905457,0.8882980695244007,0.9393613667288974,0.8043096821245237
calce_CX2_37,1,0.992255449295044,0.7959183673469388,0.9392364873957046,0.7932629429049303
calce_CX2_37,1,0.9894379377365112,0.7331189710610934,0.9390279162733361,0.7786720451039693
calce_CX2_37,1,0.9685881733894348,0.7331189710610934,0.9374635535589935,0.7211232563557873
calce_CX2_37,1,0.9947870969772339,0.9444820582261341,0.9394233275849211,0.8107819640296097
calce_CX2_37,1,0.9877499938011169,0.7331189710610934,0.9389026428589793,0.7714277683578682
calce_CX2_37,1,0.9947870969772339,0.9444820582261341,0.9394233275849211,0.8107819640296097
calce_CX2_37,1,0.9953358769416809,0.9444820582261341,0.9394637576020394,0.8154883445123284
calce_CX2_37,1,0.9890312552452087,0.7331189710610934,0.9389977556730189,0.7768428307655794
calce_CX2_37,1,0.9937402009963989,0.8292682926829268,0.9393461300251343,0.8028332443308815
calce_CX2_37,1,0.9726288914680481,0.7331189710610934,0.9377696277215163,0.728959077982283
calce_CX2_37,1,0.9890312552452087,0.7331189710610934,0.9389977556730189,0.7768428307655794
calce_CX2_37,1,0.9997835755348206,0.9703478869950969,0.9397905005890309,0.9119825327271034
calce_CX2_37,1,0.9997665286064148,0.9703478869950969,0.9397892514206929,0.9102811451473712
calce_CX2_37,1,0.9997665286064148,0.9703478869950969,0.9397892514206929,0.9102811451473712
calce_CX2_37,1,0.9996116757392883,0.9703478869950969,0.9397779029693409,0.8980782951875662
calce_CX2_37,1,0.9996116757392883,0.9703478869950969,0.9397779029693409,0.8980782951875662
calce_CX2_37,1,0.9994781613349915,0.9447852760736196,0.939768116708296,0.8903314146993468
calce_CX2_37,1,0.9997835755348206,0.9703478869950969,0.9397905005890309,0.9119825327271034
calce_CX2_37,1,0.9817762970924377,0.7331189710610934,0.9384573603619923,0.7511306170298795
calce_CX2_37,1,0.9996181726455688,0.9703478869950969,0.9397783791378226,0.8985055907629396
calce_CX2_37,1,0.9997997879981995,0.9703478869950969,0.9397916885867648,0.9136994299974366
calce_CX2_37,1,0.9998117089271545,0.9703478869950969,0.9397925621005138,0.9150315554458454
calce_CX2_37,1,0.9997127652168274,0.9703478869950969,0.9397853115770485,0.9054782912070859
calce_CX2_37,1,0.9995593428611755,0.9703478869950969,0.9397740672818666,0.894825377812691
calce_CX2_37,1,0.9998086094856262,0.9703478869950969,0.93979233498808,0.914679092448191
calce_CX2_37,1,0.9998674392700195,0.9703478869950969,0.9397966456199497,0.922294437227067
calce_CX2_37,1,0.9998770952224731,0.9703478869950969,0.9397973531124774,0.9237832920705432
calce_CX2_37,1,0.9998290538787842,0.9703478869950969,0.9397938330418341,0.9170908712483111
calce_CX2_37,1,0.9998770952224731,0.9703478869950969,0.9397973531124774,0.9237832920705432
calce_CX2_37,1,0.9997908473014832,0.9703478869950969,0.9397910334436689,0.9127398976154123
calce_CX2_37,1,0.9999203681945801,0.9703478869950969,0.9398005236315613,0.9318311616527093
calce_CX2_37,1,0.9998480081558228,0.9703478869950969,0.9397952218768325,0.9195338673272195
calce_CX2_37,1,0.9997798800468445,0.9703478869950969,0.9397902297923595,0.9116051416061742
calce_CX2_37,1,0.9995593428611755,0.9703478869950969,0.9397740672818666,0.894825377812691
calce_CX2_37,1,0.999541163444519,0.9703478869950969,0.9397727347856704,0.8937659897560648
calce_CX2_37,1,0.999786913394928,0.9703478869950969,0.939790745178593,0.9123276992115777
calce_CX2_37,1,0.9997058510780334,0.9703478869950969,0.9397848048834159,0.904912520186282
calce_CX2_37,1,0.9995735287666321,0.9703478869950969,0.9397751070466183,0.8956760115044422
calce_CX2_37,1,0.9994252920150757,0.9447852760736196,0.9397642411123183,0.8876916411945319
calce_CX2_37,1,0.999555766582489,0.9703478869950969,0.9397738051536476,0.894614311959632
calce_CX2_37,1,0.999555766582489,0.9703478869950969,0.9397738051536476,0.894614311959632
calce_CX2_37,1,0.9995538592338562,0.9703478869950969,0.939773665351494,0.8945022854617963
calce_CX2_37,1,0.9994064569473267,0.9447852760736196,0.9397628603475597,0.8867972040312986
calce_CX2_37,1,0.9995414018630981,0.9703478869950969,0.9397727522612088,0.8937796694109542
calce_CX2_37,1,0.9994064569473267,0.9447852760736196,0.9397628603475597,0.8867972040312986
calce_CX2_37,1,0.9994106292724609,0.9447852760736196,0.9397631662157249,0.8869933976470638
calce_CX2_37,1,0.9998160004615784,0.9703478869950969,0.9397928765625596,0.9155270294196541
calce_CX2_37,1,0.9998818635940552,0.9703478869950969,0.9397977024886333,0.9245517824633638
calce_CX2_37,1,0.9998818635940552,0.9703478869950969,0.9397977024886333,0.9245517824633638
calce_CX2_37,1,0.9998356103897095,0.9703478869950969,0.9397943134598485,0.9179112623028092
calce_CX2_37,1,0.9998818635940552,0.9703478869950969,0.9397977024886333,0.9245517824633638
calce_CX2_37,1,0.9997989535331726,0.9703478869950969,0.9397916274403579,0.9136084922926379
calce_CX2_37,1,0.9995765089988708,0.9703478869950969,0.9397753254824558,0.8958575154636153
calce_CX2_37,1,0.999832272529602,0.9703478869950969,0.9397940688838532,0.9174905286698221
calce_CX2_37,1,0.9998818635940552,0.9703478869950969,0.9397977024886333,0.9245517824633638
calce_CX2_37,1,0.9998356103897095,0.9703478869950969,0.9397943134598485,0.9179112623028092
calce_CX2_37,1,0.9998818635940552,0.9703478869950969,0.9397977024886333,0.9245517824633638
calce_CX2_37,1,0.9998356103897095,0.9703478869950969,0.9397943134598485,0.9179112623028092
calce_CX2_37,1,0.9998794794082642,0.9703478869950969,0.9397975278007925,0.924164630373446
calce_CX2_37,1,0.9997296929359436,0.9703478869950969,0.9397865520859939,0.9069093863869194
calce_CX2_37,1,0.99980229139328,0.9703478869950969,0.9397918720256359,0.9139740067573983
calce_CX2_37,1,0.9998818635940552,0.9703478869950969,0.9397977024886333,0.9245517824633638
calce_CX2_37,1,0.9998818635940552,0.9703478869950969,0.9397977024886333,0.9245517824633638
calce_CX2_37,1,0.9998818635940552,0.9703478869950969,0.9397977024886333,0.9245517824633638
calce_CX2_37,1,0.9998818635940552,0.9703478869950969,0.9397977024886333,0.9245517824633638
calce_CX2_37,1,0.9998818635940552,0.9703478869950969,0.9397977024886333,0.9245517824633638
calce_CX2_37,1,0.9994595646858215,0.9447852760736196,0.9397667535038497,0.8893799324245173
calce_CX2_37,1,0.9992284774780273,0.9447852760736196,0.9397498115319795,0.8792893868845649
calce_CX2_37,1,0.9998227953910828,0.9703478869950969,0.9397933744576554,0.9163300325981776
calce_CX2_37,1,0.9998431205749512,0.9703478869950969,0.9397948637524378,0.9188824683020852
calce_CX2_37,1,0.9998843669891357,0.9703478869950969,0.9397978859103554,0.9249647759242091
calce_CX2_37,1,0.9998843669891357,0.9703478869950969,0.9397978859103554,0.9249647759242091
calce_CX2_37,1,0.9998396635055542,0.9703478869950969,0.9397946104437354,0.9184310688279538
calce_CX2_37,1,0.9998843669891357,0.9703478869950969,0.9397978859103554,0.9249647759242091
calce_CX2_37,1,0.9998843669891357,0.9703478869950969,0.9397978859103554,0.9249647759242091
calce_CX2_37,1,0.9998843669891357,0.9703478869950969,0.9397978859103554,0.9249647759242091
calce_CX2_37,1,0.9998600482940674,0.9703478869950969,0.9397961040772015,0.9212099881562412
calce_CX2_37,1,0.9998968839645386,0.9703478869950969,0.9397988030111205,0.9271387660930692
calce_CX2_37,1,0.9998843669891357,0.9703478869950969,0.9397978859103554,0.9249647759242091
calce_CX2_37,1,0.9998868703842163,0.9703478869950969,0.9397980693315545,0.9253846611210723
calce_CX2_37,1,0.9998846054077148,0.9703478869950969,0.9397979033790635,0.9250044639533542
calce_CX2_37,1,0.9998812675476074,0.9703478869950969,0.9397976588167176,0.9244544382718126
calce_CX2_37,1,0.9998846054077148,0.9703478869950969,0.9397979033790635,0.9250044639533542
calce_CX2_37,1,0.9997162222862244,0.9703478869950969,0.9397855649223683,0.9057651436588223
calce_CX2_37,1,0.9994596838951111,0.9447852760736196,0.9397667622424317,0.8893859493981083
calce_CX2_37,1,0.9997219443321228,0.9703478869950969,0.9397859842503606,0.9062459400964971
calce_CX2_37,1,0.9996175765991211,0.9703478869950969,0.9397783354527877,0.8984661544589537
calce_CX2_37,1,0.9995238780975342,0.9703478869950969,0.9397714677964839,0.8927886923819127
calce_CX2_37,1,0.9997044205665588,0.9703478869950969,0.9397847000497522,0.9047967537060619
calce_CX2_37,1,0.9998899698257446,0.9703478869950969,0.939798296423743,0.9259144715041543
calce_CX2_37,1,0.9998868703842163,0.9703478869950969,0.9397980693315545,0.9253846611210723
calce_CX2_37,1,0.9996360540390015,0.9703478869950969,0.9397796896750815,0.8997115969711652
calce_CX2_37,1,0.9998027682304382,0.9703478869950969,0.9397919069663138,0.9140266104132406
calce_CX2_37,1,0.9996426105499268,0.9703478869950969,0.9397801701987218,0.9001653625772302
calce_CX2_37,1,0.9996044039726257,0.9703478869950969,0.9397773700059437,0.8976065919618196
calce_CX2_37,1,0.9995844960212708,0.9703478869950969,0.9397759108868438,0.8963489079119887
calce_CX2_37,1,0.9989068508148193,0.9444820582261341,0.9397262243099216,0.868650233369211
calce_CX2_37,1,0.9998594522476196,0.9703478869950969,0.9397960604042006,0.9211244611897135
calce_CX2_37,1,0.999848484992981,0.9703478869950969,0.9397952568156911,0.9195982750923006
calce_CX2_37,1,0.9996374845504761,0.9703478869950969,0.9397797945169091,0.8998100547046632
calce_CX2_37,1,0.9994899034500122,0.9517175095438507,0.939768977434693,0.8909459533517117
calce_CX2_37,1,0.9996360540390015,0.9703478869950969,0.9397796896750815,0.8997115969711652
calce_CX2_37,1,0.9995366334915161,0.9703478869950969,0.9397724027495369,0.8935071254230013
calce_CX2_37,1,0.999848484992981,0.9703478869950969,0.9397952568156911,0.9195982750923006
calce_CX2_37,1,0.999848484992981,0.9703478869950969,0.9397952568156911,0.9195982750923006
calce_CX2_37,1,0.9998067021369934,0.9703478869950969,0.9397921952261837,0.9144643709866722
calce_CX2_37,1,0.9998868703842163,0.9703478869950969,0.9397980693315545,0.9253846611210723
calce_CX2_37,1,0.9997954964637756,0.9703478869950969,0.9397913741189114,0.9132348204189696
calce_CX2_37,1,0.9996412992477417,0.9703478869950969,0.9397800740942807,0.9000740944370984
calce_CX2_37,1,0.9997161030769348,0.9703478869950969,0.9397855561863393,0.9057552072429077
calce_CX2_37,1,0.9998480081558228,0.9703478869950969,0.9397952218768325,0.9195338673272195
calce_CX2_37,1,0.999889612197876,0.9703478869950969,0.9397982702208392,0.9258527620997998
calce_CX2_37,1,0.9998501539230347,0.9703478869950969,0.9397953791015466,0.919824934212514
calce_CX2_37,1,0.999859094619751,0.9703478869950969,0.9397960342003857,0.9210732783648231
calce_CX2_37,1,0.9998501539230347,0.9703478869950969,0.9397953791015466,0.919824934212514
calce_CX2_37,1,0.9997286200523376,0.9703478869950969,0.9397864734628976,0.9068166533723158
calce_CX2_37,1,0.9997186064720154,0.9703478869950969,0.9397857396426973,0.9059645544295976
calce_CX2_37,1,0.9997230172157288,0.9703478869950969,0.9397860628740551,0.906336941040822
calce_CX2_37,1,0.9997277855873108,0.9703478869950969,0.9397864123115338,0.9067447237304607
calce_CX2_37,1,0.999716579914093,0.9703478869950969,0.9397855911304478,0.905794972323458
calce_CX2_37,1,0.9996402263641357,0.9703478869950969,0.9397799954632677,0.8999996133436138
calce_CX2_37,1,0.999526858329773,0.9703478869950969,0.939771686244675,0.8929551912932094
calce_CX2_37,1,0.9994768500328064,0.9447852760736196,0.9397680205858517,0.8902634601595676
calce_CX2_37,1,0.9994460940361023,0.9447852760736196,0.9397657660364419,0.8887066164782493
calce_CX2_37,1,0.9995496869087219,0.9703478869950969,0.9397733595332243,0.8942585252527262
calce_CX2_37,1,0.999489426612854,0.9499844511762929,0.9397689424815608,0.890920782854976
calce_CX2_37,1,0.9995496869087219,0.9703478869950969,0.9397733595332243,0.8942585252527262
calce_CX2_37,1,0.9992757439613342,0.9447852760736196,0.9397532771987737,0.881137768523702
calce_CX2_37,1,0.999505877494812,0.9703478869950969,0.9397701483536437,0.8918000060669139
calce_CX2_37,1,0.9992227554321289,0.9447852760736196,0.9397493919682317,0.8790717329099077
calce_CX2_37,1,0.9993166923522949,0.9447852760736196,0.9397562794604132,0.8828175797098301
calce_CX2_37,1,0.9983206391334534,0.9444820582261341,0.9396832109133149,0.8544509718729733
calce_CX2_37,1,0.9997299313545227,0.9703478869950969,0.9397865695577802,0.9069300324096222
calce_CX2_37,1,0.9997653365135193,0.9703478869950969,0.9397891640653562,0.9101657996481576
calce_CX2_37,1,0.999664306640625,0.9703478869950969,0.9397817602695463,0.9017146185199272
calce_CX2_37,1,0.9997418522834778,0.9703478869950969,0.9397874431410387,0.9079808006287639
calce_CX2_37,1,0.999657392501831,0.9703478869950969,0.939781253547945,0.9012126573299878
calce_CX2_37,1,0.9997010827064514,0.9703478869950969,0.9397844554372062,0.904528311708303
calce_CX2_37,1,0.9995585083961487,0.9703478869950969,0.9397740061187111,0.8947760098280265
calce_CX2_37,1,0.9999377727508545,0.9703478869950969,0.9398017987824963,0.9360462424759894
calce_CX2_37,1,0.9998725652694702,0.9703478869950969,0.9397970212033716,0.9230740722725388
calce_CX2_37,1,0.9996764659881592,0.9703478869950969,0.9397826513909578,0.9026172063119051
calce_CX2_37,1,0.9999107122421265,0.9703478869950969,0.9397998161739062,0.9297887229878745
calce_CX2_37,1,0.9999523162841797,1.0,0.9398028643001904,0.9403226422653793
calce_CX2_37,1,0.9999066591262817,0.9703478869950969,0.9397995192140535,0.9289813629095628
calce_CX2_37,1,0.9999070167541504,0.9703478869950969,0.9397995454164484,0.9290515137040537
calce_CX2_37,1,0.9999107122421265,0.9703478869950969,0.9397998161739062,0.9297887229878745
calce_CX2_37,1,0.9999220371246338,0.9703478869950969,0.9398006459074043,0.9322030544074205
calce_CX2_37,1,0.999907374382019,0.9703478869950969,0.9397995716188329,0.9291218704276065
calce_CX2_37,1,0.999915599822998,0.9703478869950969,0.9398001742707287,0.9308003144456295
calce_CX2_37,1,0.9998817443847656,0.9703478869950969,0.9397976937542525,0.9245322836319003
calce_CX2_37,1,0.9999042749404907,0.9703478869950969,0.9397993445311466,0.9285188533330261
calce_CX2_37,1,0.9999237060546875,0.9703478869950969,0.939800768183015,0.9325810507784895
calce_CX2_37,1,0.9999154806137085,0.9703478869950969,0.9398001655366837,0.9307751174422825
calce_CX2_37,1,0.9999344348907471,0.9703478869950969,0.939801554234961,0.9351739858071061
calce_CX2_37,1,0.9999333620071411,0.9703478869950969,0.9398014756301987,0.9349007804176077
calce_CX2_37,1,0.9999262094497681,0.9703478869950969,0.939800951595995,0.9331600082818812
calce_CX2_37,1,0.9999291896820068,0.9703478869950969,0.9398011699440987,0.9338690377762245
calce_CX2_37,1,0.9999291896820068,0.9703478869950969,0.9398011699440987,0.9338690377762245
calce_CX2_37,1,0.9999233484268188,0.9703478869950969,0.939800741981118,0.9324995261540829
calce_CX2_37,1,0.9999130964279175,0.9703478869950969,0.9397999908555322,0.9302767680623499
calce_CX2_37,1,0.9999344348907471,0.9703478869950969,0.939801554234961,0.9351739858071061
calce_CX2_37,1,0.9999634027481079,1.0,0.9398036765272318,0.9443069369562375
calce_CX2_37,1,0.9999291896820068,0.9703478869950969,0.9398011699440987,0.9338690377762245
calce_CX2_37,1,0.9999291896820068,0.9703478869950969,0.9398011699440987,0.9338690377762245
calce_CX2_37,1,0.9999262094497681,0.9703478869950969,0.939800951595995,0.9331600082818812
calce_CX2_37,1,0.9999344348907471,0.9703478869950969,0.939801554234961,0.9351739858071061
calce_CX2_37,1,0.999921441078186,0.9703478869950969,0.939800602237487,0.9320695466939585
calce_CX2_37,1,0.999921441078186,0.9703478869950969,0.939800602237487,0.9320695466939585
calce_CX2_37,1,0.9999760389328003,1.0,0.9398046022788785,0.9501668854224675
calce_CX2_37,1,0.999921441078186,0.9703478869950969,0.939800602237487,0.9320695466939585
calce_CX2_37,1,0.999921441078186,0.9703478869950969,0.939800602237487,0.9320695466939585
calce_CX2_37,1,0.9999079704284668,0.9703478869950969,0.9397996152894499,0.929239593042778
calce_CX2_37,1,0.9999169111251831,0.9703478869950969,0.9398002703451468,0.9310792851864189
calce_CX2_37,1,0.9998561143875122,0.9703478869950969,0.9397958158348473,0.9206505817713488
calce_CX2_37,1,0.9999189376831055,0.9703478869950969,0.9398004188235106,0.9315170858910176
calce_CX2_37,1,0.9999169111251831,0.9703478869950969,0.9398002703451468,0.9310792851864189
calce_CX2_37,1,0.9998999834060669,0.9703478869950969,0.9397990301007189,0.9277080152503121
calce_CX2_37,1,0.9999169111251831,0.9703478869950969,0.9398002703451468,0.9310792851864189
calce_CX2_37,1,0.9999233484268188,0.9703478869950969,0.939800741981118,0.9324995261540829
calce_CX2_37,1,0.9998561143875122,0.9703478869950969,0.9397958158348473,0.9206505817713488
calce_CX2_37,1,0.9999114274978638,0.9703478869950969,0.9397998685784438,0.9299340835891883
calce_CX2_37,1,0.9998841285705566,0.9703478869950969,0.9397978684416424,0.9249251503935092
calce_CX2_37,1,0.9999240636825562,0.9703478869950969,0.9398007943849012,0.932662866422461
calce_CX2_37,1,0.9999581575393677,1.0,0.93980329224905,0.9423225543814208
calce_CX2_37,1,0.9999442100524902,0.9927873238636722,0.9398022704072596,0.9378339702970635
calce_CX2_37,1,0.9999233484268188,0.9703478869950969,0.939800741981118,0.9324995261540829
calce_CX2_37,1,0.9999760389328003,1.0,0.9398046022788785,0.9501668854224675
calce_CX2_37,1,0.9999154806137085,0.9703478869950969,0.9398001655366837,0.9307751174422825
calce_CX2_37,1,0.9999053478240967,0.9703478869950969,0.9397994231385134,0.9287258830529279
calce_CX2_37,1,0.9999592304229736,1.0,0.9398033708515923,0.942712517062897
calce_CX2_37,1,0.9999291896820068,0.9703478869950969,0.9398011699440987,0.9338690377762245
calce_CX2_37,1,0.9999344348907471,0.9703478869950969,0.939801554234961,0.9351739858071061
calce_CX2_37,1,0.9999592304229736,1.0,0.9398033708515923,0.942712517062897
calce_CX2_37,1,0.9999333620071411,0.9703478869950969,0.9398014756301987,0.9349007804176077
calce_CX2_37,1,0.9999114274978638,0.9703478869950969,0.9397998685784438,0.9299340835891883
calce_CX2_37,1,0.9999240636825562,0.9703478869950969,0.9398007943849012,0.932662866422461
calce_CX2_37,1,0.9999291896820068,0.9703478869950969,0.9398011699440987,0.9338690377762245
calce_CX2_37,1,0.9999344348907471,0.9703478869950969,0.939801554234961,0.9351739858071061
calce_CX2_37,1,0.9999291896820068,0.9703478869950969,0.9398011699440987,0.9338690377762245
calce_CX2_37,1,0.999961256980896,1.0,0.9398035193227987,0.943470756750225
calce_CX2_37,1,0.9999240636825562,0.9703478869950969,0.9398007943849012,0.932662866422461
calce_CX2_37,1,0.9999262094497681,0.9703478869950969,0.939800951595995,0.9331600082818812
calce_CX2_37,1,0.999933123588562,0.9703478869950969,0.9398014581624607,0.9348405219850682
calce_CX2_37,1,0.9998434782028198,0.9703478869950969,0.9397948899567294,0.9189295993092029
calce_CX2_37,1,0.9999291896820068,0.9703478869950969,0.9398011699440987,0.9338690377762245
calce_CX2_37,1,0.9999262094497681,0.9703478869950969,0.939800951595995,0.9331600082818812
calce_CX2_37,1,0.9999699592590332,1.0,0.9398041568717307,0.9471149548898881
calce_CX2_37,1,0.9999701976776123,1.0,0.9398041743387358,0.9472254381829288
calce_CX2_37,1,0.9999592304229736,1.0,0.9398033708515923,0.942712517062897
calce_CX2_37,1,0.9999262094497681,0.9703478869950969,0.939800951595995,0.9331600082818812
calce_CX2_37,1,0.9999699592590332,1.0,0.9398041568717307,0.9471149548898881
calce_CX2_37,1,0.9999721050262451,1.0,0.9398043140746057,0.9481341253747911
calce_CX2_37,1,0.9999730587005615,1.0,0.9398043839424267,0.9486060930095109
calce_CX2_37,1,0.9999738931655884,1.0,0.9398044450767079,0.9490294756925798
calce_CX2_37,1,0.9999711513519287,1.0,0.9398042442067088,0.9476741342440739
calce_CX2_37,1,0.9999638795852661,1.0,0.9398037114614983,0.9444977523782998
calce_CX2_37,1,0.9999668598175049,1.0,0.9398039298002329,0.9457354211278365
calce_CX2_37,1,0.9999262094497681,0.9703478869950969,0.939800951595995,0.9331600082818812
calce_CX2_37,1,0.9999262094497681,0.9703478869950969,0.939800951595995,0.9331600082818812
calce_CX2_37,1,0.999925971031189,0.9703478869950969,0.9398009341281145,0.933104231991617
calce_CX2_37,1,0.9999333620071411,0.9703478869950969,0.9398014756301987,0.9349007804176077
calce_CX2_37,1,0.9999262094497681,0.9703478869950969,0.939800951595995,0.9331600082818812
calce_CX2_37,1,0.999933123588562,0.9703478869950969,0.9398014581624607,0.9348405219850682
calce_CX2_37,1,0.9999314546585083,0.9703478869950969,0.9398013358881618,0.9344232160682785
calce_CX2_37,1,0.9999291896820068,0.9703478869950969,0.9398011699440987,0.9338690377762245
calce_CX2_37,1,0.9999333620071411,0.9703478869950969,0.9398014756301987,0.9349007804176077
calce_CX2_37,1,0.999925971031189,0.9703478869950969,0.9398009341281145,0.933104231991617
calce_CX2_37,1,0.9999333620071411,0.9703478869950969,0.9398014756301987,0.9349007804176077
calce_CX2_37,1,0.999925971031189,0.9703478869950969,0.9398009341281145,0.933104231991617
calce_CX2_37,1,0.9999240636825562,0.9703478869950969,0.9398007943849012,0.932662866422461
calce_CX2_37,1,0.9999262094497681,0.9703478869950969,0.939800951595995,0.9331600082818812
calce_CX2_37,1,0.9999262094497681,0.9703478869950969,0.939800951595995,0.9331600082818812
calce_CX2_37,1,0.9999442100524902,0.9927873238636722,0.9398022704072596,0.9378339702970635
calce_CX2_37,1,0.9999721050262451,1.0,0.9398043140746057,0.9481341253747911
calce_CX2_37,1,0.9999730587005615,1.0,0.9398043839424267,0.9486060930095109
calce_CX2_37,1,0.9999291896820068,0.9703478869950969,0.9398011699440987,0.9338690377762245
calce_CX2_37,1,0.9999291896820068,0.9703478869950969,0.9398011699440987,0.9338690377762245
calce_CX2_37,1,0.999961256980896,1.0,0.9398035193227987,0.943470756750225
calce_CX2_37,1,0.9999738931655884,1.0,0.9398044450767079,0.9490294756925798
calce_CX2_37,1,0.9999738931655884,1.0,0.9398044450767079,0.9490294756925798
calce_CX2_37,1,0.9999748468399048,1.0,0.9398045149443868,0.9495259761592454
calce_CX2_37,1,0.9999738931655884,1.0,0.9398044450767079,0.9490294756925798
calce_CX2_37,1,0.9999748468399048,1.0,0.9398045149443868,0.9495259761592454
calce_CX2_37,1,0.9999691247940063,1.0,0.9398040957371756,0.9467333833841192
calce_CX2_37,1,0.99993896484375,0.9703478869950969,0.9398018861206764,0.9363663651317264
calce_CX2_37,1,0.9999738931655884,1.0,0.9398044450767079,0.9490294756925798
calce_CX2_37,1,0.9999721050262451,1.0,0.9398043140746057,0.9481341253747911
calce_CX2_37,1,0.9999711513519287,1.0,0.9398042442067088,0.9476741342440739
calce_CX2_37,1,0.9999462366104126,1.0,0.9398024188810064,0.938429063464301
calce_CX2_37,1,0.9999721050262451,1.0,0.9398043140746057,0.9481341253747911
calce_CX2_37,1,0.9999738931655884,1.0,0.9398044450767079,0.9490294756925798
calce_CX2_37,1,0.9999748468399048,1.0,0.9398045149443868,0.9495259761592454
calce_CX2_37,1,0.9999730587005615,1.0,0.9398043839424267,0.9486060930095109
calce_CX2_37,1,0.9999406337738037,0.9703478869950969,0.9398020083939291,0.9368225970784744
calce_CX2_37,1,0.9999738931655884,1.0,0.9398044450767079,0.9490294756925798
calce_CX2_37,1,0.9999748468399048,1.0,0.9398045149443868,0.9495259761592454
calce_CX2_37,1,0.9999738931655884,1.0,0.9398044450767079,0.9490294756925798
calce_CX2_37,1,0.9999748468399048,1.0,0.9398045149443868,0.9495259761592454
calce_CX2_37,1,0.9999738931655884,1.0,0.9398044450767079,0.9490294756925798
calce_CX2_37,1,0.9999738931655884,1.0,0.9398044450767079,0.9490294756925798
calce_CX2_37,1,0.9999738931655884,1.0,0.9398044450767079,0.9490294756925798
calce_CX2_37,1,0.9999711513519287,1.0,0.9398042442067088,0.9476741342440739
calce_CX2_37,1,0.9999748468399048,1.0,0.9398045149443868,0.9495259761592454
calce_CX2_37,1,0.9999738931655884,1.0,0.9398044450767079,0.9490294756925798
calce_CX2_37,1,0.9999748468399048,1.0,0.9398045149443868,0.9495259761592454
calce_CX2_37,1,0.9999738931655884,1.0,0.9398044450767079,0.9490294756925798
calce_CX2_37,1,0.9999738931655884,1.0,0.9398044450767079,0.9490294756925798
calce_CX2_37,1,0.9999738931655884,1.0,0.9398044450767079,0.9490294756925798
calce_CX2_37,1,0.9999738931655884,1.0,0.9398044450767079,0.9490294756925798
calce_CX2_37,1,0.9999738931655884,1.0,0.9398044450767079,0.9490294756925798
calce_CX2_37,1,0.9999738931655884,1.0,0.9398044450767079,0.9490294756925798
calce_CX2_37,1,0.9999738931655884,1.0,0.9398044450767079,0.9490294756925798
calce_CX2_37,1,0.9999711513519287,1.0,0.9398042442067088,0.9476741342440739
calce_CX2_37,1,0.9999748468399048,1.0,0.9398045149443868,0.9495259761592454
calce_CX2_37,1,0.9999738931655884,1.0,0.9398044450767079,0.9490294756925798
calce_CX2_37,1,0.9999748468399048,1.0,0.9398045149443868,0.9495259761592454
calce_CX2_37,1,0.9999748468399048,1.0,0.9398045149443868,0.9495259761592454
calce_CX2_37,1,0.9999738931655884,1.0,0.9398044450767079,0.9490294756925798
calce_CX2_37,1,0.9999738931655884,1.0,0.9398044450767079,0.9490294756925798
calce_CX2_37,1,0.9999738931655884,1.0,0.9398044450767079,0.9490294756925798
calce_CX2_37,1,0.9999738931655884,1.0,0.9398044450767079,0.9490294756925798
calce_CX2_37,1,0.9999738931655884,1.0,0.9398044450767079,0.9490294756925798
calce_CX2_37,1,0.9999738931655884,1.0,0.9398044450767079,0.9490294756925798
calce_CX2_37,1,0.9999748468399048,1.0,0.9398045149443868,0.9495259761592454
calce_CX2_37,1,0.9999738931655884,1.0,0.9398044450767079,0.9490294756925798
calce_CX2_37,1,0.999944806098938,0.9967943661616321,0.9398023140760443,0.9380072748379784
calce_CX2_37,1,0.9999738931655884,1.0,0.9398044450767079,0.9490294756925798
calce_CX2_37,1,0.9999738931655884,1.0,0.9398044450767079,0.9490294756925798
calce_CX2_37,1,0.9999738931655884,1.0,0.9398044450767079,0.9490294756925798
calce_CX2_37,1,0.9999748468399048,1.0,0.9398045149443868,0.9495259761592454
calce_CX2_37,1,0.9999738931655884,1.0,0.9398044450767079,0.9490294756925798
calce_CX2_37,1,0.9999738931655884,1.0,0.9398044450767079,0.9490294756925798
calce_CX2_37,1,0.9999748468399048,1.0,0.9398045149443868,0.9495259761592454
calce_CX2_37,1,0.9999738931655884,1.0,0.9398044450767079,0.9490294756925798
calce_CX2_37,1,0.9999738931655884,1.0,0.9398044450767079,0.9490294756925798
calce_CX2_37,1,0.9999748468399048,1.0,0.9398045149443868,0.9495259761592454
calce_CX2_37,1,0.9999692440032959,1.0,0.939804104470687,0.9467874148053793
calce_CX2_37,1,0.9999730587005615,1.0,0.9398043839424267,0.9486060930095109
calce_CX2_37,1,0.9999704360961914,1.0,0.9398041918057362,0.94733658826403
calce_CX2_37,1,0.9999704360961914,1.0,0.9398041918057362,0.94733658826403
calce_CX2_37,1,0.9999711513519287,1.0,0.9398042442067088,0.9476741342440739
calce_CX2_37,1,0.9999738931655884,1.0,0.9398044450767079,0.9490294756925798
calce_CX2_37,1,0.9999738931655884,1.0,0.9398044450767079,0.9490294756925798
calce_CX2_37,1,0.9999738931655884,1.0,0.9398044450767079,0.9490294756925798
calce_CX2_37,1,0.9999738931655884,1.0,0.9398044450767079,0.9490294756925798
calce_CX2_37,1,0.9999711513519287,1.0,0.9398042442067088,0.9476741342440739
calce_CX2_37,1,0.9999721050262451,1.0,0.9398043140746057,0.9481341253747911
calce_CX2_37,1,0.9999738931655884,1.0,0.9398044450767079,0.9490294756925798
calce_CX2_37,1,0.9999748468399048,1.0,0.9398045149443868,0.9495259761592454
calce_CX2_37,1,0.9999738931655884,1.0,0.9398044450767079,0.9490294756925798
calce_CX2_37,1,0.9999738931655884,1.0,0.9398044450767079,0.9490294756925798
calce_CX2_37,1,0.9999738931655884,1.0,0.9398044450767079,0.9490294756925798
calce_CX2_37,1,0.9999738931655884,1.0,0.9398044450767079,0.9490294756925798
calce_CX2_37,1,0.9999711513519287,1.0,0.9398042442067088,0.9476741342440739
calce_CX2_37,1,0.9999738931655884,1.0,0.9398044450767079,0.9490294756925798
calce_CX2_37,1,0.9999711513519287,1.0,0.9398042442067088,0.9476741342440739
calce_CX2_37,1,0.9999738931655884,1.0,0.9398044450767079,0.9490294756925798
calce_CX2_37,1,0.9999738931655884,1.0,0.9398044450767079,0.9490294756925798
calce_CX2_37,1,0.9999748468399048,1.0,0.9398045149443868,0.9495259761592454
calce_CX2_37,1,0.9999760389328003,1.0,0.9398046022788785,0.9501668854224675
calce_CX2_37,1,0.9999711513519287,1.0,0.9398042442067088,0.9476741342440739
calce_CX2_37,1,0.9999711513519287,1.0,0.9398042442067088,0.9476741342440739
calce_CX2_37,1,0.9999711513519287,1.0,0.9398042442067088,0.9476741342440739
calce_CX2_37,1,0.9999748468399048,1.0,0.9398045149443868,0.9495259761592454
calce_CX2_37,1,0.9999738931655884,1.0,0.9398044450767079,0.9490294756925798
calce_CX2_37,1,0.9999738931655884,1.0,0.9398044450767079,0.9490294756925798
calce_CX2_37,1,0.9999738931655884,1.0,0.9398044450767079,0.9490294756925798
calce_CX2_37,1,0.9999738931655884,1.0,0.9398044450767079,0.9490294756925798
calce_CX2_37,1,0.9999738931655884,1.0,0.9398044450767079,0.9490294756925798
calce_CX2_37,1,0.9999738931655884,1.0,0.9398044450767079,0.9490294756925798
calce_CX2_37,1,0.9999748468399048,1.0,0.9398045149443868,0.9495259761592454
calce_CX2_37,1,0.9999748468399048,1.0,0.9398045149443868,0.9495259761592454
calce_CX2_37,1,0.9999738931655884,1.0,0.9398044450767079,0.9490294756925798
calce_CX2_37,1,0.9999748468399048,1.0,0.9398045149443868,0.9495259761592454
calce_CX2_37,1,0.999954342842102,1.0,0.9398030127725664,0.94099439564382
calce_CX2_37,1,0.9999730587005615,1.0,0.9398043839424267,0.9486060930095109
calce_CX2_37,1,0.9999738931655884,1.0,0.9398044450767079,0.9490294756925798
calce_CX2_37,1,0.9999738931655884,1.0,0.9398044450767079,0.9490294756925798
calce_CX2_37,1,0.9999738931655884,1.0,0.9398044450767079,0.9490294756925798
calce_CX2_37,1,0.999962568283081,1.0,0.9398036153922201,0.943977472101517
calce_CX2_37,1,0.9999738931655884,1.0,0.9398044450767079,0.9490294756925798
calce_CX2_37,1,0.9999738931655884,1.0,0.9398044450767079,0.9490294756925798
calce_CX2_37,1,0.9999678134918213,1.0,0.9398039996684716,0.9461491567605846
calce_CX2_37,1,0.9999741315841675,1.0,0.9398044625436348,0.9491523070092595
calce_CX2_37,1,0.9999738931655884,1.0,0.9398044450767079,0.9490294756925798
calce_CX2_37,1,0.9999731779098511,1.0,0.9398043926758992,0.948665967546024
calce_CX2_37,1,0.9999616146087646,1.0,0.9398035455235642,0.943607653060781
calce_CX2_37,1,0.9999738931655884,1.0,0.9398044450767079,0.9490294756925798
calce_CX2_37,1,0.9999738931655884,1.0,0.9398044450767079,0.9490294756925798
calce_CX2_37,1,0.9999738931655884,1.0,0.9398044450767079,0.9490294756925798
calce_CX2_37,1,0.9999748468399048,1.0,0.9398045149443868,0.9495259761592454
calce_CX2_37,1,0.9999730587005615,1.0,0.9398043839424267,0.9486060930095109
calce_CX2_37,1,0.9999678134918213,1.0,0.9398039996684716,0.9461491567605846
calce_CX2_37,1,0.9999738931655884,1.0,0.9398044450767079,0.9490294756925798
calce_CX2_37,1,0.9999748468399048,1.0,0.9398045149443868,0.9495259761592454
calce_CX2_37,1,0.9999738931655884,1.0,0.9398044450767079,0.9490294756925798
calce_CX2_37,1,0.9999768733978271,1.0,0.9398046634129522,0.9506299091162803
calce_CX2_37,1,0.9999738931655884,1.0,0.9398044450767079,0.9490294756925798
calce_CX2_37,1,0.9999738931655884,1.0,0.9398044450767079,0.9490294756925798
calce_CX2_37,1,0.9999703168869019,1.0,0.9398041830722367,0.9472809292926118
calce_CX2_37,1,0.9999678134918213,1.0,0.9398039996684716,0.9461491567605846
calce_CX2_37,1,0.9999730587005615,1.0,0.9398043839424267,0.9486060930095109
calce_CX2_37,1,0.9999738931655884,1.0,0.9398044450767079,0.9490294756925798
calce_CX2_37,1,0.9999738931655884,1.0,0.9398044450767079,0.9490294756925798
calce_CX2_37,1,0.9999738931655884,1.0,0.9398044450767079,0.9490294756925798
calce_CX2_37,1,0.9999768733978271,1.0,0.9398046634129522,0.9506299091162803
calce_CX2_37,1,0.9999738931655884,1.0,0.9398044450767079,0.9490294756925798
calce_CX2_37,1,0.9999748468399048,1.0,0.9398045149443868,0.9495259761592454
calce_CX2_37,1,0.9999730587005615,1.0,0.9398043839424267,0.9486060930095109
calce_CX2_37,1,0.9999692440032959,1.0,0.939804104470687,0.9467874148053793
calce_CX2_37,1,0.9999738931655884,1.0,0.9398044450767079,0.9490294756925798
calce_CX2_37,1,0.9999748468399048,1.0,0.9398045149443868,0.9495259761592454
calce_CX2_37,1,0.9999738931655884,1.0,0.9398044450767079,0.9490294756925798
calce_CX2_37,1,0.9999711513519287,1.0,0.9398042442067088,0.9476741342440739
calce_CX2_37,1,0.9999748468399048,1.0,0.9398045149443868,0.9495259761592454
calce_CX2_37,1,0.9999730587005615,1.0,0.9398043839424267,0.9486060930095109
calce_CX2_37,1,0.9999713897705078,1.0,0.93980426167369,0.9477880475610654
calce_CX2_37,1,0.9999738931655884,1.0,0.9398044450767079,0.9490294756925798
calce_CX2_37,1,0.9999711513519287,1.0,0.9398042442067088,0.9476741342440739
calce_CX2_37,1,0.9999721050262451,1.0,0.9398043140746057,0.9481341253747911
calce_CX2_37,1,0.9999711513519287,1.0,0.9398042442067088,0.9476741342440739
calce_CX2_37,1,0.9999738931655884,1.0,0.9398044450767079,0.9490294756925798
calce_CX2_37,1,0.9999748468399048,1.0,0.9398045149443868,0.9495259761592454
calce_CX2_37,1,0.9999738931655884,1.0,0.9398044450767079,0.9490294756925798
calce_CX2_37,1,0.9999738931655884,1.0,0.9398044450767079,0.9490294756925798
calce_CX2_37,1,0.9999738931655884,1.0,0.9398044450767079,0.9490294756925798
calce_CX2_37,1,0.9999738931655884,1.0,0.9398044450767079,0.9490294756925798
calce_CX2_37,1,0.999962568283081,1.0,0.9398036153922201,0.943977472101517
calce_CX2_37,1,0.9999721050262451,1.0,0.9398043140746057,0.9481341253747911
calce_CX2_37,1,0.9999738931655884,1.0,0.9398044450767079,0.9490294756925798
calce_CX2_37,1,0.9999748468399048,1.0,0.9398045149443868,0.9495259761592454
calce_CX2_37,1,0.9999738931655884,1.0,0.9398044450767079,0.9490294756925798
calce_CX2_37,1,0.9999711513519287,1.0,0.9398042442067088,0.9476741342440739
calce_CX2_37,1,0.9999748468399048,1.0,0.9398045149443868,0.9495259761592454
calce_CX2_37,1,0.9999738931655884,1.0,0.9398044450767079,0.9490294756925798
calce_CX2_37,1,0.9999748468399048,1.0,0.9398045149443868,0.9495259761592454
calce_CX2_37,1,0.9999760389328003,1.0,0.9398046022788785,0.9501668854224675
calce_CX2_37,1,0.9999748468399048,1.0,0.9398045149443868,0.9495259761592454
calce_CX2_37,1,0.9999738931655884,1.0,0.9398044450767079,0.9490294756925798
calce_CX2_37,1,0.9999738931655884,1.0,0.9398044450767079,0.9490294756925798
calce_CX2_37,1,0.9999738931655884,1.0,0.9398044450767079,0.9490294756925798
calce_CX2_37,1,0.9999738931655884,1.0,0.9398044450767079,0.9490294756925798
calce_CX2_37,1,0.9999738931655884,1.0,0.9398044450767079,0.9490294756925798
calce_CX2_37,1,0.9999738931655884,1.0,0.9398044450767079,0.9490294756925798
calce_CX2_37,1,0.9999738931655884,1.0,0.9398044450767079,0.9490294756925798
calce_CX2_37,1,0.9999738931655884,1.0,0.9398044450767079,0.9490294756925798
calce_CX2_37,1,0.9999748468399048,1.0,0.9398045149443868,0.9495259761592454
calce_CX2_37,1,0.9999738931655884,1.0,0.9398044450767079,0.9490294756925798
calce_CX2_37,1,0.9999748468399048,1.0,0.9398045149443868,0.9495259761592454
calce_CX2_37,1,0.9999738931655884,1.0,0.9398044450767079,0.9490294756925798
calce_CX2_37,1,0.9999738931655884,1.0,0.9398044450767079,0.9490294756925798
calce_CX2_37,1,0.9999730587005615,1.0,0.9398043839424267,0.9486060930095109
calce_CX2_37,1,0.9999738931655884,1.0,0.9398044450767079,0.9490294756925798
calce_CX2_37,1,0.9999738931655884,1.0,0.9398044450767079,0.9490294756925798
calce_CX2_37,1,0.9999738931655884,1.0,0.9398044450767079,0.9490294756925798
calce_CX2_37,1,0.9999703168869019,1.0,0.9398041830722367,0.9472809292926118
calce_CX2_37,1,0.9999691247940063,1.0,0.9398040957371756,0.9467333833841192
calce_CX2_37,1,0.9999741315841675,1.0,0.9398044625436348,0.9491523070092595
calce_CX2_37,1,0.9999730587005615,1.0,0.9398043839424267,0.9486060930095109
calce_CX2_37,1,0.9999731779098511,1.0,0.9398043926758992,0.948665967546024
calce_CX2_37,1,0.9999738931655884,1.0,0.9398044450767079,0.9490294756925798
calce_CX2_37,1,0.9999662637710571,1.0,0.9398038861325453,0.9454813684465442
calce_CX2_37,1,0.9999690055847168,1.0,0.939804087003663,0.9466795086963387
calce_CX2_37,1,0.9999738931655884,1.0,0.9398044450767079,0.9490294756925798
calce_CX2_37,1,0.9999721050262451,1.0,0.9398043140746057,0.9481341253747911
calce_CX2_37,1,0.9999730587005615,1.0,0.9398043839424267,0.9486060930095109
calce_CX2_37,1,0.9999678134918213,1.0,0.9398039996684716,0.9461491567605846
calce_CX2_37,1,0.9999738931655884,1.0,0.9398044450767079,0.9490294756925798
calce_CX2_37,1,0.9999721050262451,1.0,0.9398043140746057,0.9481341253747911
calce_CX2_37,1,0.9999721050262451,1.0,0.9398043140746057,0.9481341253747911
calce_CX2_37,1,0.9999730587005615,1.0,0.9398043839424267,0.9486060930095109
calce_CX2_37,1,0.9999691247940063,1.0,0.9398040957371756,0.9467333833841192
calce_CX2_37,1,0.9999556541442871,1.0,0.9398031088427446,0.9414411598103136
calce_CX2_37,1,0.9999730587005615,1.0,0.9398043839424267,0.9486060930095109
calce_CX2_37,1,0.9999738931655884,1.0,0.9398044450767079,0.9490294756925798
calce_CX2_37,1,0.9999691247940063,1.0,0.9398040957371756,0.9467333833841192
calce_CX2_37,1,0.9999700784683228,1.0,0.9398041656052338,0.9471701137670795
calce_CX2_37,1,0.9999682903289795,1.0,0.9398040346025623,0.9463594940051098
calce_CX2_37,1,0.9999682903289795,1.0,0.9398040346025623,0.9463594940051098
calce_CX2_37,1,0.9999390840530396,0.9703478869950969,0.9398018948544877,0.9363986373655071
calce_CX2_37,1,0.9999711513519287,1.0,0.9398042442067088,0.9476741342440739
calce_CX2_37,1,0.9999721050262451,1.0,0.9398043140746057,0.9481341253747911
calce_CX2_37,1,0.9999721050262451,1.0,0.9398043140746057,0.9481341253747911
calce_CX2_37,1,0.9999682903289795,1.0,0.9398040346025623,0.9463594940051098
calce_CX2_37,1,0.9999682903289795,1.0,0.9398040346025623,0.9463594940051098
calce_CX2_37,1,0.9999682903289795,1.0,0.9398040346025623,0.9463594940051098
calce_CX2_37,1,0.9999344348907471,0.9703478869950969,0.939801554234961,0.9351739858071061
calce_CX2_37,1,0.9999682903289795,1.0,0.9398040346025623,0.9463594940051098
calce_CX2_37,1,0.9999676942825317,1.0,0.9398039909349458,0.9460969392682111
calce_CX2_37,1,0.9999687671661377,1.0,0.9398040695366342,0.9465722253373312
calce_CX2_37,1,0.9999666213989258,1.0,0.9398039123331614,0.9456333904168868
calce_CX2_37,1,0.9999666213989258,1.0,0.9398039123331614,0.9456333904168868
calce_CX2_37,1,0.9999676942825317,1.0,0.9398039909349458,0.9460969392682111
calce_CX2_37,1,0.9999691247940063,1.0,0.9398040957371756,0.9467333833841192
calce_CX2_37,1,0.9999700784683228,1.0,0.9398041656052338,0.9471701137670795
calce_CX2_37,1,0.9999721050262451,1.0,0.9398043140746057,0.9481341253747911
calce_CX2_37,1,0.9999721050262451,1.0,0.9398043140746057,0.9481341253747911
calce_CX2_37,1,0.9999327659606934,0.9703478869950969,0.9398014319608449,0.9347504393064476
calce_CX2_37,1,0.9999691247940063,1.0,0.9398040957371756,0.9467333833841192
calce_CX2_37,1,0.9999691247940063,1.0,0.9398040957371756,0.9467333833841192
calce_CX2_37,1,0.9999721050262451,1.0,0.9398043140746057,0.9481341253747911
calce_CX2_37,1,0.9999408721923828,0.9703478869950969,0.9398020258615177,0.9368885639190727
calce_CX2_37,1,0.9999721050262451,1.0,0.9398043140746057,0.9481341253747911
calce_CX2_37,1,0.9999691247940063,1.0,0.9398040957371756,0.9467333833841192
calce_CX2_37,1,0.9999691247940063,1.0,0.9398040957371756,0.9467333833841192
calce_CX2_37,1,0.9999691247940063,1.0,0.9398040957371756,0.9467333833841192
calce_CX2_37,1,0.9999691247940063,1.0,0.9398040957371756,0.9467333833841192
calce_CX2_37,1,0.9999691247940063,1.0,0.9398040957371756,0.9467333833841192
calce_CX2_37,1,0.9999691247940063,1.0,0.9398040957371756,0.9467333833841192
calce_CX2_37,1,0.9999691247940063,1.0,0.9398040957371756,0.9467333833841192
calce_CX2_37,1,0.9999691247940063,1.0,0.9398040957371756,0.9467333833841192
calce_CX2_37,1,0.9999721050262451,1.0,0.9398043140746057,0.9481341253747911
calce_CX2_37,1,0.9999721050262451,1.0,0.9398043140746057,0.9481341253747911
calce_CX2_37,1,0.9999556541442871,1.0,0.9398031088427446,0.9414411598103136
calce_CX2_37,1,0.9999691247940063,1.0,0.9398040957371756,0.9467333833841192
calce_CX2_37,1,0.9999721050262451,1.0,0.9398043140746057,0.9481341253747911
calce_CX2_37,1,0.9999721050262451,1.0,0.9398043140746057,0.9481341253747911
calce_CX2_37,1,0.9999691247940063,1.0,0.9398040957371756,0.9467333833841192
calce_CX2_37,1,0.9999721050262451,1.0,0.9398043140746057,0.9481341253747911
calce_CX2_37,1,0.9999721050262451,1.0,0.9398043140746057,0.9481341253747911
calce_CX2_37,1,0.9999721050262451,1.0,0.9398043140746057,0.9481341253747911
calce_CX2_37,1,0.9999721050262451,1.0,0.9398043140746057,0.9481341253747911
calce_CX2_37,1,0.9999721050262451,1.0,0.9398043140746057,0.9481341253747911
calce_CX2_37,1,0.9999721050262451,1.0,0.9398043140746057,0.9481341253747911
calce_CX2_37,1,0.9999721050262451,1.0,0.9398043140746057,0.9481341253747911
calce_CX2_37,1,0.9999721050262451,1.0,0.9398043140746057,0.9481341253747911
calce_CX2_37,1,0.9999730587005615,1.0,0.9398043839424267,0.9486060930095109
calce_CX2_37,1,0.9999691247940063,1.0,0.9398040957371756,0.9467333833841192
calce_CX2_37,1,0.9999691247940063,1.0,0.9398040957371756,0.9467333833841192
calce_CX2_37,1,0.9999691247940063,1.0,0.9398040957371756,0.9467333833841192
calce_CX2_37,1,0.9999682903289795,1.0,0.9398040346025623,0.9463594940051098
calce_CX2_37,1,0.9999691247940063,1.0,0.9398040957371756,0.9467333833841192
calce_CX2_37,1,0.999968409538269,1.0,0.939804043336082,0.9464124499358653
calce_CX2_37,1,0.9999700784683228,1.0,0.9398041656052338,0.9471701137670795
calce_CX2_37,1,0.9999693632125854,1.0,0.9398041132041972,0.9468416040199882
calce_CX2_37,1,0.9999691247940063,1.0,0.9398040957371756,0.9467333833841192
calce_CX2_37,1,0.999969482421875,1.0,0.9398041219377063,0.9468959520991268
calce_CX2_37,1,0.9999666213989258,1.0,0.9398039123331614,0.9456333904168868
calce_CX2_37,1,0.9999666213989258,1.0,0.9398039123331614,0.9456333904168868
calce_CX2_37,1,0.9999760389328003,1.0,0.9398046022788785,0.9501668854224675
calce_CX2_37,1,0.9999674558639526,1.0,0.939803973467891,0.9459929378802702
calce_CX2_37,1,0.9999674558639526,1.0,0.939803973467891,0.9459929378802702
calce_CX2_37,1,0.9999674558639526,1.0,0.939803973467891,0.9459929378802702
calce_CX2_37,1,0.9999674558639526,1.0,0.939803973467891,0.9459929378802702
calce_CX2_37,1,0.9999685287475586,1.0,0.9398040520696007,0.9464655564695543
calce_CX2_37,1,0.9999674558639526,1.0,0.939803973467891,0.9459929378802702
calce_CX2_37,1,0.9999662637710571,1.0,0.9398038861325453,0.9454813684465442
calce_CX2_37,1,0.9999674558639526,1.0,0.939803973467891,0.9459929378802702
calce_CX2_37,1,0.9999662637710571,1.0,0.9398038861325453,0.9454813684465442
calce_CX2_37,1,0.9999662637710571,1.0,0.9398038861325453,0.9454813684465442
calce_CX2_37,1,0.9999674558639526,1.0,0.939803973467891,0.9459929378802702
calce_CX2_37,1,0.9999326467514038,0.9703478869950969,0.9398014232269706,0.9347204925684186
calce_CX2_37,1,0.9999662637710571,1.0,0.9398038861325453,0.9454813684465442
calce_CX2_37,1,0.9999674558639526,1.0,0.939803973467891,0.9459929378802702
calce_CX2_37,1,0.9999674558639526,1.0,0.939803973467891,0.9459929378802702
calce_CX2_37,1,0.9999685287475586,1.0,0.9398040520696007,0.9464655564695543
calce_CX2_37,1,0.9999674558639526,1.0,0.939803973467891,0.9459929378802702
calce_CX2_37,1,0.9999674558639526,1.0,0.939803973467891,0.9459929378802702
calce_CX2_37,1,0.9999674558639526,1.0,0.939803973467891,0.9459929378802702
calce_CX2_37,1,0.9999674558639526,1.0,0.939803973467891,0.9459929378802702
calce_CX2_37,1,0.9999674558639526,1.0,0.939803973467891,0.9459929378802702
calce_CX2_37,1,0.9999685287475586,1.0,0.9398040520696007,0.9464655564695543
calce_CX2_37,1,0.9999681711196899,1.0,0.9398040258690413,0.946306687692219
calce_CX2_37,1,0.9999685287475586,1.0,0.9398040520696007,0.9464655564695543
calce_CX2_37,1,0.9999674558639526,1.0,0.939803973467891,0.9459929378802702
calce_CX2_37,1,0.9999674558639526,1.0,0.939803973467891,0.9459929378802702
calce_CX2_37,1,0.9999645948410034,1.0,0.9398037638628622,0.9447875668125842
calce_CX2_37,1,0.9999676942825317,1.0,0.9398039909349458,0.9460969392682111
calce_CX2_37,1,0.9999673366546631,1.0,0.9398039647343617,0.9459411521408361
calce_CX2_37,1,0.9999666213989258,1.0,0.9398039123331614,0.9456333904168868
calce_CX2_37,1,0.9999309778213501,0.9703478869950969,0.9398013009526052,0.93430540389908
calce_CX2_37,1,0.9999674558639526,1.0,0.939803973467891,0.9459929378802702
calce_CX2_37,1,0.9999662637710571,1.0,0.9398038861325453,0.9454813684465442
calce_CX2_37,1,0.9999674558639526,1.0,0.939803973467891,0.9459929378802702
calce_CX2_37,1,0.9999662637710571,1.0,0.9398038861325453,0.9454813684465442
calce_CX2_37,1,0.9999760389328003,1.0,0.9398046022788785,0.9501668854224675
calce_CX2_37,1,0.9999674558639526,1.0,0.939803973467891,0.9459929378802702
calce_CX2_37,1,0.9999685287475586,1.0,0.9398040520696007,0.9464655564695543
calce_CX2_37,1,0.9999674558639526,1.0,0.939803973467891,0.9459929378802702
calce_CX2_37,1,0.9999662637710571,1.0,0.9398038861325453,0.9454813684465442
calce_CX2_37,1,0.9999674558639526,1.0,0.939803973467891,0.9459929378802702
calce_CX2_37,1,0.9999674558639526,1.0,0.939803973467891,0.9459929378802702
calce_CX2_37,1,0.9999760389328003,1.0,0.9398046022788785,0.9501668854224675
calce_CX2_37,1,0.9999685287475586,1.0,0.9398040520696007,0.9464655564695543
calce_CX2_37,1,0.9999685287475586,1.0,0.9398040520696007,0.9464655564695543
calce_CX2_37,1,0.9999674558639526,1.0,0.939803973467891,0.9459929378802702
calce_CX2_37,1,0.9999768733978271,1.0,0.9398046634129522,0.9506299091162803
calce_CX2_37,1,0.9999760389328003,1.0,0.9398046022788785,0.9501668854224675
calce_CX2_37,1,0.9999760389328003,1.0,0.9398046022788785,0.9501668854224675
calce_CX2_37,1,0.9999760389328003,1.0,0.9398046022788785,0.9501668854224675
calce_CX2_37,1,0.9999760389328003,1.0,0.9398046022788785,0.9501668854224675
calce_CX2_37,1,0.9999768733978271,1.0,0.9398046634129522,0.9506299091162803
calce_CX2_37,1,0.9999760389328003,1.0,0.9398046022788785,0.9501668854224675
calce_CX2_37,1,0.9999760389328003,1.0,0.9398046022788785,0.9501668854224675
calce_CX2_37,1,0.9999674558639526,1.0,0.939803973467891,0.9459929378802702
calce_CX2_37,1,0.9999674558639526,1.0,0.939803973467891,0.9459929378802702
calce_CX2_37,1,0.9999309778213501,0.9703478869950969,0.9398013009526052,0.93430540389908
calce_CX2_37,1,0.9999685287475586,1.0,0.9398040520696007,0.9464655564695543
calce_CX2_37,1,0.9999674558639526,1.0,0.939803973467891,0.9459929378802702
calce_CX2_37,1,0.9999685287475586,1.0,0.9398040520696007,0.9464655564695543
calce_CX2_37,1,0.9999685287475586,1.0,0.9398040520696007,0.9464655564695543
calce_CX2_37,1,0.9999674558639526,1.0,0.939803973467891,0.9459929378802702
calce_CX2_37,1,0.9999674558639526,1.0,0.939803973467891,0.9459929378802702
calce_CX2_37,1,0.9999674558639526,1.0,0.939803973467891,0.9459929378802702
calce_CX2_37,1,0.9999674558639526,1.0,0.939803973467891,0.9459929378802702
calce_CX2_37,1,0.9999674558639526,1.0,0.939803973467891,0.9459929378802702
calce_CX2_37,1,0.9999768733978271,1.0,0.9398046634129522,0.9506299091162803
calce_CX2_37,1,0.9999760389328003,1.0,0.9398046022788785,0.9501668854224675
calce_CX2_37,1,0.9999760389328003,1.0,0.9398046022788785,0.9501668854224675
calce_CX2_37,1,0.9999760389328003,1.0,0.9398046022788785,0.9501668854224675
calce_CX2_37,1,0.9999760389328003,1.0,0.9398046022788785,0.9501668854224675
calce_CX2_37,1,0.9999760389328003,1.0,0.9398046022788785,0.9501668854224675
calce_CX2_37,1,0.9999760389328003,1.0,0.9398046022788785,0.9501668854224675
calce_CX2_37,1,0.9999768733978271,1.0,0.9398046634129522,0.9506299091162803
calce_CX2_37,1,0.9999760389328003,1.0,0.9398046022788785,0.9501668854224675
calce_CX2_37,1,0.9999760389328003,1.0,0.9398046022788785,0.9501668854224675
calce_CX2_37,1,0.9999760389328003,1.0,0.9398046022788785,0.9501668854224675
calce_CX2_37,1,0.9999760389328003,1.0,0.9398046022788785,0.9501668854224675
calce_CX2_37,1,0.9999760389328003,1.0,0.9398046022788785,0.9501668854224675
calce_CX2_37,1,0.9999760389328003,1.0,0.9398046022788785,0.9501668854224675
calce_CX2_37,1,0.9999760389328003,1.0,0.9398046022788785,0.9501668854224675
calce_CX2_37,1,0.9999760389328003,1.0,0.9398046022788785,0.9501668854224675
calce_CX2_37,1,0.9999760389328003,1.0,0.9398046022788785,0.9501668854224675
calce_CX2_37,1,0.9999760389328003,1.0,0.9398046022788785,0.9501668854224675
calce_CX2_37,1,0.9999760389328003,1.0,0.9398046022788785,0.9501668854224675
calce_CX2_37,1,0.9999760389328003,1.0,0.9398046022788785,0.9501668854224675
calce_CX2_37,1,0.9999752044677734,1.0,0.9398045411447468,0.9497158101187196
calce_CX2_37,1,0.9999760389328003,1.0,0.9398046022788785,0.9501668854224675
calce_CX2_37,1,0.9999752044677734,1.0,0.9398045411447468,0.9497158101187196
calce_CX2_37,1,0.9999768733978271,1.0,0.9398046634129522,0.9506299091162803
calce_CX2_37,1,0.9999493360519409,1.0,0.9398026459578386,0.9393729362193576
calce_CX2_37,1,0.9999752044677734,1.0,0.9398045411447468,0.9497158101187196
calce_CX2_37,1,0.9999760389328003,1.0,0.9398046022788785,0.9501668854224675
calce_CX2_37,1,0.9999752044677734,1.0,0.9398045411447468,0.9497158101187196
calce_CX2_37,1,0.9999760389328003,1.0,0.9398046022788785,0.9501668854224675
calce_CX2_37,1,0.9999752044677734,1.0,0.9398045411447468,0.9497158101187196
calce_CX2_37,1,0.9999760389328003,1.0,0.9398046022788785,0.9501668854224675
calce_CX2_37,1,0.9999752044677734,1.0,0.9398045411447468,0.9497158101187196
calce_CX2_37,1,0.9999760389328003,1.0,0.9398046022788785,0.9501668854224675
calce_CX2_37,1,0.9999493360519409,1.0,0.9398026459578386,0.9393729362193576
calce_CX2_37,1,0.9999752044677734,1.0,0.9398045411447468,0.9497158101187196
calce_CX2_37,1,0.9999752044677734,1.0,0.9398045411447468,0.9497158101187196
calce_CX2_37,1,0.9999752044677734,1.0,0.9398045411447468,0.9497158101187196
calce_CX2_37,1,0.9999752044677734,1.0,0.9398045411447468,0.9497158101187196
calce_CX2_37,1,0.9999760389328003,1.0,0.9398046022788785,0.9501668854224675
calce_CX2_37,1,0.9999760389328003,1.0,0.9398046022788785,0.9501668854224675
calce_CX2_37,1,0.9999760389328003,1.0,0.9398046022788785,0.9501668854224675
calce_CX2_37,1,0.9999752044677734,1.0,0.9398045411447468,0.9497158101187196
calce_CX2_37,1,0.9999760389328003,1.0,0.9398046022788785,0.9501668854224675
calce_CX2_37,1,0.9999752044677734,1.0,0.9398045411447468,0.9497158101187196
calce_CX2_37,1,0.9999752044677734,1.0,0.9398045411447468,0.9497158101187196
calce_CX2_37,1,0.9999752044677734,1.0,0.9398045411447468,0.9497158101187196
calce_CX2_37,1,0.9999752044677734,1.0,0.9398045411447468,0.9497158101187196
calce_CX2_37,1,0.9999752044677734,1.0,0.9398045411447468,0.9497158101187196
calce_CX2_37,1,0.9999752044677734,1.0,0.9398045411447468,0.9497158101187196
calce_CX2_37,1,0.9999752044677734,1.0,0.9398045411447468,0.9497158101187196
calce_CX2_37,1,0.9999752044677734,1.0,0.9398045411447468,0.9497158101187196
calce_CX2_37,1,0.9999752044677734,1.0,0.9398045411447468,0.9497158101187196
calce_CX2_37,1,0.9999752044677734,1.0,0.9398045411447468,0.9497158101187196
calce_CX2_37,1,0.9999732971191406,1.0,0.9398044014093702,0.9487260423523578
calce_CX2_37,1,0.9999752044677734,1.0,0.9398045411447468,0.9497158101187196
calce_CX2_37,1,0.9999752044677734,1.0,0.9398045411447468,0.9497158101187196
calce_CX2_37,1,0.9999752044677734,1.0,0.9398045411447468,0.9497158101187196
calce_CX2_37,1,0.9999752044677734,1.0,0.9398045411447468,0.9497158101187196
calce_CX2_37,1,0.9999752044677734,1.0,0.9398045411447468,0.9497158101187196
calce_CX2_37,1,0.9999752044677734,1.0,0.9398045411447468,0.9497158101187196
calce_CX2_37,1,0.9999752044677734,1.0,0.9398045411447468,0.9497158101187196
calce_CX2_37,1,0.9999752044677734,1.0,0.9398045411447468,0.9497158101187196
calce_CX2_37,1,0.9999752044677734,1.0,0.9398045411447468,0.9497158101187196
calce_CX2_37,1,0.9999760389328003,1.0,0.9398046022788785,0.9501668854224675
calce_CX2_37,1,0.9999752044677734,1.0,0.9398045411447468,0.9497158101187196
calce_CX2_37,1,0.9999760389328003,1.0,0.9398046022788785,0.9501668854224675
calce_CX2_37,1,0.9999760389328003,1.0,0.9398046022788785,0.9501668854224675
calce_CX2_37,1,0.9999752044677734,1.0,0.9398045411447468,0.9497158101187196
calce_CX2_37,1,0.9999752044677734,1.0,0.9398045411447468,0.9497158101187196
calce_CX2_37,1,0.9999760389328003,1.0,0.9398046022788785,0.9501668854224675
calce_CX2_37,1,0.9999752044677734,1.0,0.9398045411447468,0.9497158101187196
calce_CX2_37,1,0.999954342842102,1.0,0.9398030127725664,0.94099439564382
calce_CX2_37,1,0.9999135732650757,0.9703478869950969,0.9398000257918006,0.9303755977152651
calce_CX2_37,1,0.9999752044677734,1.0,0.9398045411447468,0.9497158101187196
calce_CX2_37,1,0.9999752044677734,1.0,0.9398045411447468,0.9497158101187196
calce_CX2_37,1,0.9999752044677734,1.0,0.9398045411447468,0.9497158101187196
calce_CX2_37,1,0.9999752044677734,1.0,0.9398045411447468,0.9497158101187196
calce_CX2_37,1,0.9999752044677734,1.0,0.9398045411447468,0.9497158101187196
calce_CX2_37,1,0.9999752044677734,1.0,0.9398045411447468,0.9497158101187196
calce_CX2_37,1,0.9999752044677734,1.0,0.9398045411447468,0.9497158101187196
calce_CX2_37,1,0.9999752044677734,1.0,0.9398045411447468,0.9497158101187196
calce_CX2_37,1,0.9999760389328003,1.0,0.9398046022788785,0.9501668854224675
calce_CX2_37,1,0.9999752044677734,1.0,0.9398045411447468,0.9497158101187196
calce_CX2_37,1,0.9999752044677734,1.0,0.9398045411447468,0.9497158101187196
calce_CX2_37,1,0.9999760389328003,1.0,0.9398046022788785,0.9501668854224675
calce_CX2_37,1,0.9999752044677734,1.0,0.9398045411447468,0.9497158101187196
calce_CX2_37,1,0.9999752044677734,1.0,0.9398045411447468,0.9497158101187196
calce_CX2_37,1,0.9999752044677734,1.0,0.9398045411447468,0.9497158101187196
calce_CX2_37,1,0.9999740123748779,1.0,0.9398044538101721,0.9490907855505055
calce_CX2_37,1,0.9999752044677734,1.0,0.9398045411447468,0.9497158101187196
calce_CX2_37,1,0.9999760389328003,1.0,0.9398046022788785,0.9501668854224675
calce_CX2_37,1,0.9999216794967651,0.9703478869950969,0.9398006197054575,0.9321228570351496
calce_CX2_37,1,0.9999752044677734,1.0,0.9398045411447468,0.9497158101187196
calce_CX2_37,1,0.9999752044677734,1.0,0.9398045411447468,0.9497158101187196
calce_CX2_37,1,0.9999752044677734,1.0,0.9398045411447468,0.9497158101187196
calce_CX2_37,1,0.9999760389328003,1.0,0.9398046022788785,0.9501668854224675
calce_CX2_37,1,0.9999752044677734,1.0,0.9398045411447468,0.9497158101187196
calce_CX2_37,1,0.9999752044677734,1.0,0.9398045411447468,0.9497158101187196
calce_CX2_37,1,0.9999760389328003,1.0,0.9398046022788785,0.9501668854224675
calce_CX2_37,1,0.9999760389328003,1.0,0.9398046022788785,0.9501668854224675
calce_CX2_37,1,0.9999760389328003,1.0,0.9398046022788785,0.9501668854224675
calce_CX2_37,1,0.9999752044677734,1.0,0.9398045411447468,0.9497158101187196
calce_CX2_37,1,0.9999760389328003,1.0,0.9398046022788785,0.9501668854224675
calce_CX2_37,1,0.9999760389328003,1.0,0.9398046022788785,0.9501668854224675
calce_CX2_37,1,0.9999752044677734,1.0,0.9398045411447468,0.9497158101187196
calce_CX2_37,1,0.9999752044677734,1.0,0.9398045411447468,0.9497158101187196
calce_CX2_37,1,0.9999768733978271,1.0,0.9398046634129522,0.9506299091162803
calce_CX2_37,1,0.9999760389328003,1.0,0.9398046022788785,0.9501668854224675
calce_CX2_37,1,0.9999760389328003,1.0,0.9398046022788785,0.9501668854224675
calce_CX2_37,1,0.999954342842102,1.0,0.9398030127725664,0.94099439564382
calce_CX2_37,1,0.9999752044677734,1.0,0.9398045411447468,0.9497158101187196
calce_CX2_37,1,0.9999752044677734,1.0,0.9398045411447468,0.9497158101187196
calce_CX2_37,1,0.9999752044677734,1.0,0.9398045411447468,0.9497158101187196
calce_CX2_37,1,0.9999752044677734,1.0,0.9398045411447468,0.9497158101187196
calce_CX2_37,1,0.9999760389328003,1.0,0.9398046022788785,0.9501668854224675
calce_CX2_37,1,0.9999752044677734,1.0,0.9398045411447468,0.9497158101187196
calce_CX2_37,1,0.9999752044677734,1.0,0.9398045411447468,0.9497158101187196
calce_CX2_37,1,0.9999760389328003,1.0,0.9398046022788785,0.9501668854224675
calce_CX2_37,1,0.9999752044677734,1.0,0.9398045411447468,0.9497158101187196
calce_CX2_37,1,0.9999752044677734,1.0,0.9398045411447468,0.9497158101187196
calce_CX2_37,1,0.9999752044677734,1.0,0.9398045411447468,0.9497158101187196
calce_CX2_37,1,0.9999760389328003,1.0,0.9398046022788785,0.9501668854224675
calce_CX2_37,1,0.9999216794967651,0.9703478869950969,0.9398006197054575,0.9321228570351496
calce_CX2_37,1,0.9999760389328003,1.0,0.9398046022788785,0.9501668854224675
calce_CX2_37,1,0.9999760389328003,1.0,0.9398046022788785,0.9501668854224675
calce_CX2_37,1,0.9999760389328003,1.0,0.9398046022788785,0.9501668854224675
calce_CX2_37,1,0.9999760389328003,1.0,0.9398046022788785,0.9501668854224675
calce_CX2_37,1,0.9999760389328003,1.0,0.9398046022788785,0.9501668854224675
calce_CX2_37,1,0.9999768733978271,1.0,0.9398046634129522,0.9506299091162803
calce_CX2_37,1,0.9999760389328003,1.0,0.9398046022788785,0.9501668854224675
calce_CX2_37,1,0.9999760389328003,1.0,0.9398046022788785,0.9501668854224675
calce_CX2_37,1,0.9999768733978271,1.0,0.9398046634129522,0.9506299091162803
calce_CX2_37,1,0.9999768733978271,1.0,0.9398046634129522,0.9506299091162803
calce_CX2_37,1,0.9999760389328003,1.0,0.9398046022788785,0.9501668854224675
calce_CX2_37,1,0.9999760389328003,1.0,0.9398046022788785,0.9501668854224675
calce_CX2_37,1,0.9999760389328003,1.0,0.9398046022788785,0.9501668854224675
calce_CX2_37,1,0.9999760389328003,1.0,0.9398046022788785,0.9501668854224675
calce_CX2_37,1,0.9999760389328003,1.0,0.9398046022788785,0.9501668854224675
calce_CX2_37,1,0.9999760389328003,1.0,0.9398046022788785,0.9501668854224675
calce_CX2_37,1,0.9999760389328003,1.0,0.9398046022788785,0.9501668854224675
calce_CX2_37,1,0.9999760389328003,1.0,0.9398046022788785,0.9501668854224675
calce_CX2_37,1,0.9999768733978271,1.0,0.9398046634129522,0.9506299091162803
calce_CX2_37,1,0.9999760389328003,1.0,0.9398046022788785,0.9501668854224675
calce_CX2_37,1,0.9999760389328003,1.0,0.9398046022788785,0.9501668854224675
calce_CX2_37,1,0.9999760389328003,1.0,0.9398046022788785,0.9501668854224675
calce_CX2_37,1,0.9999760389328003,1.0,0.9398046022788785,0.9501668854224675
calce_CX2_37,1,0.9999760389328003,1.0,0.9398046022788785,0.9501668854224675
calce_CX2_37,1,0.9999768733978271,1.0,0.9398046634129522,0.9506299091162803
calce_CX2_37,1,0.9999760389328003,1.0,0.9398046022788785,0.9501668854224675
calce_CX2_37,1,0.9999760389328003,1.0,0.9398046022788785,0.9501668854224675
calce_CX2_37,1,0.9999760389328003,1.0,0.9398046022788785,0.9501668854224675
calce_CX2_37,1,0.9999760389328003,1.0,0.9398046022788785,0.9501668854224675
calce_CX2_37,1,0.9999760389328003,1.0,0.9398046022788785,0.9501668854224675
calce_CX2_37,1,0.9999768733978271,1.0,0.9398046634129522,0.9506299091162803
calce_CX2_37,1,0.9999760389328003,1.0,0.9398046022788785,0.9501668854224675
calce_CX2_37,1,0.9999752044677734,1.0,0.9398045411447468,0.9497158101187196
calce_CX2_37,1,0.9999752044677734,1.0,0.9398045411447468,0.9497158101187196
calce_CX2_37,1,0.9999752044677734,1.0,0.9398045411447468,0.9497158101187196
calce_CX2_37,1,0.9999752044677734,1.0,0.9398045411447468,0.9497158101187196
calce_CX2_37,1,0.9999752044677734,1.0,0.9398045411447468,0.9497158101187196
calce_CX2_37,1,0.9999740123748779,1.0,0.9398044538101721,0.9490907855505055
calce_CX2_37,1,0.9999752044677734,1.0,0.9398045411447468,0.9497158101187196
calce_CX2_37,1,0.9999752044677734,1.0,0.9398045411447468,0.9497158101187196
calce_CX2_37,1,0.9999752044677734,1.0,0.9398045411447468,0.9497158101187196
calce_CX2_37,1,0.9999740123748779,1.0,0.9398044538101721,0.9490907855505055
calce_CX2_37,1,0.9999752044677734,1.0,0.9398045411447468,0.9497158101187196
calce_CX2_37,1,0.9999752044677734,1.0,0.9398045411447468,0.9497158101187196
calce_CX2_37,1,0.9999752044677734,1.0,0.9398045411447468,0.9497158101187196
calce_CX2_37,1,0.9999760389328003,1.0,0.9398046022788785,0.9501668854224675
calce_CX2_37,1,0.9999752044677734,1.0,0.9398045411447468,0.9497158101187196
calce_CX2_37,1,0.9999752044677734,1.0,0.9398045411447468,0.9497158101187196
calce_CX2_37,1,0.9999752044677734,1.0,0.9398045411447468,0.9497158101187196
calce_CX2_37,1,0.9999752044677734,1.0,0.9398045411447468,0.9497158101187196
calce_CX2_37,1,0.9999760389328003,1.0,0.9398046022788785,0.9501668854224675
calce_CX2_37,1,0.9999760389328003,1.0,0.9398046022788785,0.9501668854224675
calce_CX2_37,1,0.9999768733978271,1.0,0.9398046634129522,0.9506299091162803
calce_CX2_37,1,0.9999760389328003,1.0,0.9398046022788785,0.9501668854224675
calce_CX2_37,1,0.9999752044677734,1.0,0.9398045411447468,0.9497158101187196
calce_CX2_37,1,0.9999752044677734,1.0,0.9398045411447468,0.9497158101187196
calce_CX2_37,1,0.9999752044677734,1.0,0.9398045411447468,0.9497158101187196
calce_CX2_37,1,0.9999752044677734,1.0,0.9398045411447468,0.9497158101187196
calce_CX2_37,1,0.9999752044677734,1.0,0.9398045411447468,0.9497158101187196
calce_CX2_37,1,0.999954342842102,1.0,0.9398030127725664,0.94099439564382
calce_CX2_37,1,0.9999760389328003,1.0,0.9398046022788785,0.9501668854224675
calce_CX2_37,1,0.9999752044677734,1.0,0.9398045411447468,0.9497158101187196
calce_CX2_37,1,0.9999752044677734,1.0,0.9398045411447468,0.9497158101187196
calce_CX2_37,1,0.9999752044677734,1.0,0.9398045411447468,0.9497158101187196
calce_CX2_37,1,0.9999752044677734,1.0,0.9398045411447468,0.9497158101187196
calce_CX2_37,1,0.9999752044677734,1.0,0.9398045411447468,0.9497158101187196
calce_CX2_37,1,0.9999752044677734,1.0,0.9398045411447468,0.9497158101187196
calce_CX2_37,1,0.9999752044677734,1.0,0.9398045411447468,0.9497158101187196
calce_CX2_37,1,0.9999752044677734,1.0,0.9398045411447468,0.9497158101187196
calce_CX2_37,1,0.9999752044677734,1.0,0.9398045411447468,0.9497158101187196
calce_CX2_37,1,0.9999760389328003,1.0,0.9398046022788785,0.9501668854224675
calce_CX2_37,1,0.9999752044677734,1.0,0.9398045411447468,0.9497158101187196
calce_CX2_37,1,0.9999752044677734,1.0,0.9398045411447468,0.9497158101187196
calce_CX2_37,1,0.9999760389328003,1.0,0.9398046022788785,0.9501668854224675
calce_CX2_37,1,0.9999760389328003,1.0,0.9398046022788785,0.9501668854224675
calce_CX2_37,1,0.9999760389328003,1.0,0.9398046022788785,0.9501668854224675
calce_CX2_37,1,0.9999752044677734,1.0,0.9398045411447468,0.9497158101187196
calce_CX2_37,1,0.9999760389328003,1.0,0.9398046022788785,0.9501668854224675
calce_CX2_37,1,0.9999760389328003,1.0,0.9398046022788785,0.9501668854224675
calce_CX2_37,1,0.9999760389328003,1.0,0.9398046022788785,0.9501668854224675
calce_CX2_37,1,0.9999768733978271,1.0,0.9398046634129522,0.9506299091162803
calce_CX2_37,1,0.9999760389328003,1.0,0.9398046022788785,0.9501668854224675
calce_CX2_37,1,0.9999752044677734,1.0,0.9398045411447468,0.9497158101187196
calce_CX2_37,1,0.9999768733978271,1.0,0.9398046634129522,0.9506299091162803
calce_CX2_37,1,0.9999768733978271,1.0,0.9398046634129522,0.9506299091162803
calce_CX2_37,1,0.9999752044677734,1.0,0.9398045411447468,0.9497158101187196
calce_CX2_37,1,0.9999752044677734,1.0,0.9398045411447468,0.9497158101187196
calce_CX2_37,1,0.9999752044677734,1.0,0.9398045411447468,0.9497158101187196
calce_CX2_37,1,0.9999760389328003,1.0,0.9398046022788785,0.9501668854224675
calce_CX2_37,1,0.9999752044677734,1.0,0.9398045411447468,0.9497158101187196
calce_CX2_37,1,0.9999752044677734,1.0,0.9398045411447468,0.9497158101187196
calce_CX2_37,1,0.9999740123748779,1.0,0.9398044538101721,0.9490907855505055
calce_CX2_37,1,0.9999752044677734,1.0,0.9398045411447468,0.9497158101187196
calce_CX2_37,1,0.9999752044677734,1.0,0.9398045411447468,0.9497158101187196
calce_CX2_37,1,0.9999752044677734,1.0,0.9398045411447468,0.9497158101187196
calce_CX2_37,1,0.999954342842102,1.0,0.9398030127725664,0.94099439564382
calce_CX2_37,1,0.9999752044677734,1.0,0.9398045411447468,0.9497158101187196
calce_CX2_37,1,0.9999752044677734,1.0,0.9398045411447468,0.9497158101187196
calce_CX2_37,1,0.9999724626541138,1.0,0.9398043402750474,0.9483096710947193
calce_CX2_37,1,0.9999734163284302,1.0,0.9398044101428402,0.9487863189880268
calce_CX2_37,1,0.9999760389328003,1.0,0.9398046022788785,0.9501668854224675
calce_CX2_37,1,0.9999752044677734,1.0,0.9398045411447468,0.9497158101187196
calce_CX2_37,1,0.9999760389328003,1.0,0.9398046022788785,0.9501668854224675
calce_CX2_37,1,0.9999752044677734,1.0,0.9398045411447468,0.9497158101187196
calce_CX2_37,1,0.9999752044677734,1.0,0.9398045411447468,0.9497158101187196
calce_CX2_37,1,0.9999721050262451,1.0,0.9398043140746057,0.9481341253747911
calce_CX2_37,1,0.9999752044677734,1.0,0.9398045411447468,0.9497158101187196
calce_CX2_37,1,0.9999752044677734,1.0,0.9398045411447468,0.9497158101187196
calce_CX2_37,1,0.9999752044677734,1.0,0.9398045411447468,0.9497158101187196
calce_CX2_37,1,0.9999752044677734,1.0,0.9398045411447468,0.9497158101187196
calce_CX2_37,1,0.9999752044677734,1.0,0.9398045411447468,0.9497158101187196
calce_CX2_37,1,0.9999760389328003,1.0,0.9398046022788785,0.9501668854224675
calce_CX2_37,1,0.999954342842102,1.0,0.9398030127725664,0.94099439564382
calce_CX2_37,1,0.9999760389328003,1.0,0.9398046022788785,0.9501668854224675
calce_CX2_37,1,0.9999605417251587,1.0,0.9398034669212355,0.9431997982786563
calce_CX2_37,1,0.999954342842102,1.0,0.9398030127725664,0.94099439564382
calce_CX2_37,1,0.9999760389328003,1.0,0.9398046022788785,0.9501668854224675
calce_CX2_37,1,0.9999760389328003,1.0,0.9398046022788785,0.9501668854224675
calce_CX2_37,1,0.9999760389328003,1.0,0.9398046022788785,0.9501668854224675
calce_CX2_37,1,0.9999760389328003,1.0,0.9398046022788785,0.9501668854224675
calce_CX2_37,1,0.999954342842102,1.0,0.9398030127725664,0.94099439564382
calce_CX2_37,1,0.9999760389328003,1.0,0.9398046022788785,0.9501668854224675
calce_CX2_37,1,0.9999760389328003,1.0,0.9398046022788785,0.9501668854224675
calce_CX2_37,1,0.9999760389328003,1.0,0.9398046022788785,0.9501668854224675
calce_CX2_37,1,0.9999760389328003,1.0,0.9398046022788785,0.9501668854224675
calce_CX2_37,1,0.9999760389328003,1.0,0.9398046022788785,0.9501668854224675
calce_CX2_37,1,0.9999760389328003,1.0,0.9398046022788785,0.9501668854224675
calce_CX2_37,1,0.9999768733978271,1.0,0.9398046634129522,0.9506299091162803
calce_CX2_37,1,0.9999760389328003,1.0,0.9398046022788785,0.9501668854224675
calce_CX2_37,1,0.9999768733978271,1.0,0.9398046634129522,0.9506299091162803
calce_CX2_37,1,0.9999760389328003,1.0,0.9398046022788785,0.9501668854224675
calce_CX2_37,1,0.9999760389328003,1.0,0.9398046022788785,0.9501668854224675
calce_CX2_37,1,0.9999760389328003,1.0,0.9398046022788785,0.9501668854224675
calce_CX2_37,1,0.9999760389328003,1.0,0.9398046022788785,0.9501668854224675
calce_CX2_37,1,0.9999768733978271,1.0,0.9398046634129522,0.9506299091162803
calce_CX2_37,1,0.9999760389328003,1.0,0.9398046022788785,0.9501668854224675
calce_CX2_37,1,0.9999760389328003,1.0,0.9398046022788785,0.9501668854224675
calce_CX2_37,1,0.9999760389328003,1.0,0.9398046022788785,0.9501668854224675
calce_CX2_37,1,0.9999760389328003,1.0,0.9398046022788785,0.9501668854224675
calce_CX2_37,1,0.9999760389328003,1.0,0.9398046022788785,0.9501668854224675
calce_CX2_37,1,0.9999760389328003,1.0,0.9398046022788785,0.9501668854224675
calce_CX2_37,1,0.9999760389328003,1.0,0.9398046022788785,0.9501668854224675
calce_CX2_37,1,0.9999760389328003,1.0,0.9398046022788785,0.9501668854224675
calce_CX2_37,1,0.9999760389328003,1.0,0.9398046022788785,0.9501668854224675
calce_CX2_37,1,0.9999760389328003,1.0,0.9398046022788785,0.9501668854224675
calce_CX2_37,1,0.9999760389328003,1.0,0.9398046022788785,0.9501668854224675
calce_CX2_37,1,0.9999760389328003,1.0,0.9398046022788785,0.9501668854224675
calce_CX2_37,1,0.9999760389328003,1.0,0.9398046022788785,0.9501668854224675
calce_CX2_37,1,0.9999760389328003,1.0,0.9398046022788785,0.9501668854224675
calce_CX2_37,1,0.9999760389328003,1.0,0.9398046022788785,0.9501668854224675
calce_CX2_37,1,0.9999760389328003,1.0,0.9398046022788785,0.9501668854224675
calce_CX2_37,1,0.9999768733978271,1.0,0.9398046634129522,0.9506299091162803
calce_CX2_37,1,0.9999768733978271,1.0,0.9398046634129522,0.9506299091162803
calce_CX2_37,1,0.9999760389328003,1.0,0.9398046022788785,0.9501668854224675
calce_CX2_37,1,0.9999760389328003,1.0,0.9398046022788785,0.9501668854224675
calce_CX2_37,1,0.9999760389328003,1.0,0.9398046022788785,0.9501668854224675
calce_CX2_37,1,0.9999768733978271,1.0,0.9398046634129522,0.9506299091162803
calce_CX2_37,1,0.9999760389328003,1.0,0.9398046022788785,0.9501668854224675
calce_CX2_37,1,0.9999760389328003,1.0,0.9398046022788785,0.9501668854224675
calce_CX2_37,1,0.9999768733978271,1.0,0.9398046634129522,0.9506299091162803
calce_CX2_37,1,0.9999760389328003,1.0,0.9398046022788785,0.9501668854224675
calce_CX2_37,1,0.9999760389328003,1.0,0.9398046022788785,0.9501668854224675
calce_CX2_37,1,0.9999760389328003,1.0,0.9398046022788785,0.9501668854224675
calce_CX2_37,1,0.9999760389328003,1.0,0.9398046022788785,0.9501668854224675
calce_CX2_37,1,0.9999752044677734,1.0,0.9398045411447468,0.9497158101187196
calce_CX2_37,1,0.9999752044677734,1.0,0.9398045411447468,0.9497158101187196
calce_CX2_37,1,0.9999752044677734,1.0,0.9398045411447468,0.9497158101187196
calce_CX2_37,1,0.9999760389328003,1.0,0.9398046022788785,0.9501668854224675
calce_CX2_37,1,0.9999760389328003,1.0,0.9398046022788785,0.9501668854224675
calce_CX2_37,1,0.9999760389328003,1.0,0.9398046022788785,0.9501668854224675
calce_CX2_37,1,0.9999760389328003,1.0,0.9398046022788785,0.9501668854224675
calce_CX2_37,1,0.9999760389328003,1.0,0.9398046022788785,0.9501668854224675
calce_CX2_37,1,0.9999760389328003,1.0,0.9398046022788785,0.9501668854224675
calce_CX2_37,1,0.9999752044677734,1.0,0.9398045411447468,0.9497158101187196
calce_CX2_37,1,0.9999760389328003,1.0,0.9398046022788785,0.9501668854224675
calce_CX2_37,1,0.9999760389328003,1.0,0.9398046022788785,0.9501668854224675
calce_CX2_37,1,0.9999752044677734,1.0,0.9398045411447468,0.9497158101187196
calce_CX2_37,1,0.9999760389328003,1.0,0.9398046022788785,0.9501668854224675
calce_CX2_37,1,0.9999760389328003,1.0,0.9398046022788785,0.9501668854224675
calce_CX2_37,1,0.9999760389328003,1.0,0.9398046022788785,0.9501668854224675
calce_CX2_37,1,0.9999752044677734,1.0,0.9398045411447468,0.9497158101187196
calce_CX2_37,1,0.9999752044677734,1.0,0.9398045411447468,0.9497158101187196
calce_CX2_37,1,0.9999760389328003,1.0,0.9398046022788785,0.9501668854224675
calce_CX2_37,1,0.9999760389328003,1.0,0.9398046022788785,0.9501668854224675
calce_CX2_37,1,0.9999760389328003,1.0,0.9398046022788785,0.9501668854224675
calce_CX2_37,1,0.9999760389328003,1.0,0.9398046022788785,0.9501668854224675
calce_CX2_37,1,0.9999768733978271,1.0,0.9398046634129522,0.9506299091162803
calce_CX2_37,1,0.9999760389328003,1.0,0.9398046022788785,0.9501668854224675
calce_CX2_37,1,0.9999752044677734,1.0,0.9398045411447468,0.9497158101187196
calce_CX2_37,1,0.9999768733978271,1.0,0.9398046634129522,0.9506299091162803
calce_CX2_37,1,0.9999734163284302,1.0,0.9398044101428402,0.9487863189880268
calce_CX2_37,1,0.9999760389328003,1.0,0.9398046022788785,0.9501668854224675
calce_CX2_37,1,0.9999752044677734,1.0,0.9398045411447468,0.9497158101187196
calce_CX2_37,1,0.9999752044677734,1.0,0.9398045411447468,0.9497158101187196
calce_CX2_37,1,0.9999752044677734,1.0,0.9398045411447468,0.9497158101187196
calce_CX2_37,1,0.9999768733978271,1.0,0.9398046634129522,0.9506299091162803
calce_CX2_37,1,0.9999752044677734,1.0,0.9398045411447468,0.9497158101187196
calce_CX2_37,1,0.9999760389328003,1.0,0.9398046022788785,0.9501668854224675
calce_CX2_37,1,0.9999760389328003,1.0,0.9398046022788785,0.9501668854224675
calce_CX2_37,1,0.9999760389328003,1.0,0.9398046022788785,0.9501668854224675
calce_CX2_37,1,0.9999768733978271,1.0,0.9398046634129522,0.9506299091162803
calce_CX2_37,1,0.9999760389328003,1.0,0.9398046022788785,0.9501668854224675
calce_CX2_37,1,0.9999752044677734,1.0,0.9398045411447468,0.9497158101187196
calce_CX2_37,1,0.9999455213546753,1.0,0.9398023664785468,0.9382171209935835
calce_CX2_37,1,0.9999760389328003,1.0,0.9398046022788785,0.9501668854224675
calce_CX2_37,1,0.9999752044677734,1.0,0.9398045411447468,0.9497158101187196
calce_CX2_37,1,0.9999760389328003,1.0,0.9398046022788785,0.9501668854224675
calce_CX2_37,1,0.9999752044677734,1.0,0.9398045411447468,0.9497158101187196
calce_CX2_37,1,0.9999760389328003,1.0,0.9398046022788785,0.9501668854224675
calce_CX2_37,1,0.9999760389328003,1.0,0.9398046022788785,0.9501668854224675
calce_CX2_37,1,0.9999760389328003,1.0,0.9398046022788785,0.9501668854224675
calce_CX2_37,1,0.9999752044677734,1.0,0.9398045411447468,0.9497158101187196
calce_CX2_37,1,0.9999752044677734,1.0,0.9398045411447468,0.9497158101187196
calce_CX2_37,1,0.9999752044677734,1.0,0.9398045411447468,0.9497158101187196
calce_CX2_37,1,0.9999752044677734,1.0,0.9398045411447468,0.9497158101187196
calce_CX2_37,1,0.9999752044677734,1.0,0.9398045411447468,0.9497158101187196
calce_CX2_37,1,0.9999752044677734,1.0,0.9398045411447468,0.9497158101187196
calce_CX2_37,1,0.9999752044677734,1.0,0.9398045411447468,0.9497158101187196
calce_CX2_37,1,0.9999760389328003,1.0,0.9398046022788785,0.9501668854224675
calce_CX2_37,1,0.9999760389328003,1.0,0.9398046022788785,0.9501668854224675
calce_CX2_37,1,0.9999760389328003,1.0,0.9398046022788785,0.9501668854224675
calce_CX2_37,1,0.999954342842102,1.0,0.9398030127725664,0.94099439564382
calce_CX2_37,1,0.9999760389328003,1.0,0.9398046022788785,0.9501668854224675
calce_CX2_37,1,0.9999760389328003,1.0,0.9398046022788785,0.9501668854224675
calce_CX2_37,1,0.9999760389328003,1.0,0.9398046022788785,0.9501668854224675
calce_CX2_37,1,0.9999760389328003,1.0,0.9398046022788785,0.9501668854224675
calce_CX2_37,1,0.9999760389328003,1.0,0.9398046022788785,0.9501668854224675
calce_CX2_37,1,0.9999760389328003,1.0,0.9398046022788785,0.9501668854224675
calce_CX2_37,1,0.9999752044677734,1.0,0.9398045411447468,0.9497158101187196
calce_CX2_37,1,0.9999752044677734,1.0,0.9398045411447468,0.9497158101187196
calce_CX2_37,1,0.9999752044677734,1.0,0.9398045411447468,0.9497158101187196
calce_CX2_37,1,0.9999752044677734,1.0,0.9398045411447468,0.9497158101187196
calce_CX2_37,1,0.9999752044677734,1.0,0.9398045411447468,0.9497158101187196
calce_CX2_37,1,0.9999760389328003,1.0,0.9398046022788785,0.9501668854224675
calce_CX2_37,1,0.9999752044677734,1.0,0.9398045411447468,0.9497158101187196
calce_CX2_37,1,0.9999752044677734,1.0,0.9398045411447468,0.9497158101187196
calce_CX2_37,1,0.9999752044677734,1.0,0.9398045411447468,0.9497158101187196
calce_CX2_37,1,0.9999752044677734,1.0,0.9398045411447468,0.9497158101187196
calce_CX2_37,1,0.9999752044677734,1.0,0.9398045411447468,0.9497158101187196
calce_CX2_37,1,0.9999752044677734,1.0,0.9398045411447468,0.9497158101187196
calce_CX2_37,1,0.999954342842102,1.0,0.9398030127725664,0.94099439564382
calce_CX2_37,1,0.9999768733978271,1.0,0.9398046634129522,0.9506299091162803
calce_CX2_37,1,0.9999760389328003,1.0,0.9398046022788785,0.9501668854224675
calce_CX2_37,1,0.9999760389328003,1.0,0.9398046022788785,0.9501668854224675
calce_CX2_37,1,0.9999752044677734,1.0,0.9398045411447468,0.9497158101187196
calce_CX2_37,1,0.9999752044677734,1.0,0.9398045411447468,0.9497158101187196
calce_CX2_37,1,0.9999752044677734,1.0,0.9398045411447468,0.9497158101187196
calce_CX2_37,1,0.9999760389328003,1.0,0.9398046022788785,0.9501668854224675
calce_CX2_37,1,0.9999752044677734,1.0,0.9398045411447468,0.9497158101187196
calce_CX2_37,1,0.9999752044677734,1.0,0.9398045411447468,0.9497158101187196
calce_CX2_37,1,0.9999752044677734,1.0,0.9398045411447468,0.9497158101187196
calce_CX2_37,1,0.9999752044677734,1.0,0.9398045411447468,0.9497158101187196
calce_CX2_37,1,0.9999752044677734,1.0,0.9398045411447468,0.9497158101187196
calce_CX2_37,1,0.999927282333374,0.9703478869950969,0.9398010302013977,0.9334127095676364
calce_CX2_37,1,0.9997782111167908,0.9703478869950969,0.9397901074967149,0.9114363077119327
calce_CX2_37,1,0.9997573494911194,0.9703478869950969,0.9397885787815411,0.9094044437023524
calce_CX2_37,1,0.9997662901878357,0.9703478869950969,0.9397892339496352,0.9102580397164748
calce_CX2_37,1,0.9999232292175293,0.9703478869950969,0.93980073324715,0.9324724155400034
calce_CX2_37,1,0.9999364614486694,0.9703478869950969,0.9398017027103611,0.935699434311448
calce_CX2_37,1,0.9999092817306519,0.9703478869950969,0.939799711364703,0.9295006423622125
calce_CX2_37,1,0.9998704195022583,0.9703478869950969,0.9397968639826711,0.9227448437844615
calce_CX2_37,1,0.9998225569725037,0.9703478869950969,0.9397933569877174,0.9163014595105705
calce_CX2_37,1,0.9997573494911194,0.9703478869950969,0.9397885787815411,0.9094044437023524
calce_CX2_37,1,0.9998225569725037,0.9703478869950969,0.9397933569877174,0.9163014595105705
calce_CX2_37,1,0.999927282333374,0.9703478869950969,0.9398010302013977,0.9334127095676364
calce_CX2_37,1,0.999919056892395,0.9703478869950969,0.9398004275575215,0.9315430971038776
calce_CX2_37,1,0.9999092817306519,0.9703478869950969,0.939799711364703,0.9295006423622125
calce_CX2_37,1,0.9998290538787842,0.9703478869950969,0.9397938330418341,0.9170908712483111
calce_CX2_37,1,0.9999688863754272,1.0,0.9398040782701492,0.9466257896933189
calce_CX2_37,1,0.9997573494911194,0.9703478869950969,0.9397885787815411,0.9094044437023524
calce_CX2_37,1,0.9999305009841919,0.9703478869950969,0.9398012660170296,0.9341882080588315
calce_CX2_37,1,0.9999340772628784,0.9703478869950969,0.9398015280333842,0.9350825428692918
calce_CX2_37,1,0.9999314546585083,0.9703478869950969,0.9398013358881618,0.9344232160682785
calce_CX2_37,1,0.9999052286148071,0.9703478869950969,0.9397994144043661,0.928702791677502
calce_CX2_37,1,0.9997573494911194,0.9703478869950969,0.9397885787815411,0.9094044437023524
calce_CX2_37,1,0.9998225569725037,0.9703478869950969,0.9397933569877174,0.9163014595105705
calce_CX2_37,1,0.9997782111167908,0.9703478869950969,0.9397901074967149,0.9114363077119327
calce_CX2_37,1,0.9998225569725037,0.9703478869950969,0.9397933569877174,0.9163014595105705
calce_CX2_37,1,0.9997782111167908,0.9703478869950969,0.9397901074967149,0.9114363077119327
calce_CX2_37,1,0.9997573494911194,0.9703478869950969,0.9397885787815411,0.9094044437023524
calce_CX2_37,1,0.9997573494911194,0.9703478869950969,0.9397885787815411,0.9094044437023524
calce_CX2_37,1,0.9997782111167908,0.9703478869950969,0.9397901074967149,0.9114363077119327
calce_CX2_37,1,0.9997782111167908,0.9703478869950969,0.9397901074967149,0.9114363077119327
calce_CX2_37,1,0.9997573494911194,0.9703478869950969,0.9397885787815411,0.9094044437023524
calce_CX2_37,1,0.9998225569725037,0.9703478869950969,0.9397933569877174,0.9163014595105705
calce_CX2_37,1,0.9998225569725037,0.9703478869950969,0.9397933569877174,0.9163014595105705
calce_CX2_37,1,0.9998225569725037,0.9703478869950969,0.9397933569877174,0.9163014595105705
calce_CX2_37,1,0.9998225569725037,0.9703478869950969,0.9397933569877174,0.9163014595105705
calce_CX2_37,1,0.9997573494911194,0.9703478869950969,0.9397885787815411,0.9094044437023524
calce_CX2_37,1,0.9997573494911194,0.9703478869950969,0.9397885787815411,0.9094044437023524
calce_CX2_37,1,0.9997573494911194,0.9703478869950969,0.9397885787815411,0.9094044437023524
calce_CX2_37,1,0.9999711513519287,1.0,0.9398042442067088,0.9476741342440739
calce_CX2_37,1,0.9997573494911194,0.9703478869950969,0.9397885787815411,0.9094044437023524
calce_CX2_37,1,0.9997782111167908,0.9703478869950969,0.9397901074967149,0.9114363077119327
calce_CX2_37,1,0.9999340772628784,0.9703478869950969,0.9398015280333842,0.9350825428692918
calce_CX2_37,1,0.9997573494911194,0.9703478869950969,0.9397885787815411,0.9094044437023524
calce_CX2_37,1,0.9998225569725037,0.9703478869950969,0.9397933569877174,0.9163014595105705
calce_CX2_37,1,0.9997573494911194,0.9703478869950969,0.9397885787815411,0.9094044437023524
calce_CX2_37,1,0.9999364614486694,0.9703478869950969,0.9398017027103611,0.935699434311448
calce_CX2_37,1,0.9999364614486694,0.9703478869950969,0.9398017027103611,0.935699434311448
calce_CX2_37,1,0.9999233484268188,0.9703478869950969,0.939800741981118,0.9324995261540829
calce_CX2_37,1,0.9998225569725037,0.9703478869950969,0.9397933569877174,0.9163014595105705
calce_CX2_37,1,0.9998225569725037,0.9703478869950969,0.9397933569877174,0.9163014595105705
calce_CX2_37,1,0.9999563694000244,1.0,0.9398031612445995,0.9416890695977134
calce_CX2_37,1,0.9999558925628662,1.0,0.9398031263100343,0.9415234586658201
calce_CX2_37,1,0.9999611377716064,1.0,0.9398035105892077,0.9434253364549515
calce_CX2_37,1,0.9999122619628906,0.9703478869950969,0.9397999297170171,0.9301048053099608
calce_CX2_37,1,0.9998704195022583,0.9703478869950969,0.9397968639826711,0.9227448437844615
calce_CX2_37,1,0.9999606609344482,1.0,0.9398034756548324,0.9432446993139761
calce_CX2_37,1,0.9999595880508423,1.0,0.9398033970524181,0.9428442251362226
calce_CX2_37,1,0.9999563694000244,1.0,0.9398031612445995,0.9416890695977134
calce_CX2_37,1,0.9999251365661621,0.9703478869950969,0.9398008729904961,0.9329100836227778
calce_CX2_37,1,0.9999165534973145,0.9703478869950969,0.9398002441430472,0.9310028718588818
calce_CX2_37,1,0.9999314546585083,0.9703478869950969,0.9398013358881618,0.9344232160682785
calce_CX2_37,1,0.9999029636383057,0.9703478869950969,0.9397992484553456,0.9282682058465785
calce_CX2_37,1,0.9999256134033203,0.9703478869950969,0.9398009079262851,0.9330208229466729
calce_CX2_37,1,0.9999268054962158,0.9703478869950969,0.939800995265675,0.9333000505505831
calce_CX2_37,1,0.9998929500579834,0.9703478869950969,0.9397985147808604,0.926434766399007
calce_CX2_37,1,0.9999607801437378,1.0,0.9398034843884279,0.9432897031018458
calce_CX2_37,1,0.9999586343765259,1.0,0.9398033271835249,0.9424949281323479
calce_CX2_37,1,0.9999226331710815,0.9703478869950969,0.9398006895772919,0.9323373405189767
calce_CX2_37,1,0.9998669624328613,0.9703478869950969,0.9397966106818455,0.9222230935785086
calce_CX2_37,1,0.9999184608459473,0.9703478869950969,0.9398003838874559,0.9314133311377271
calce_CX2_37,1,0.9999256134033203,0.9703478869950969,0.9398009079262851,0.9330208229466729
calce_CX2_37,1,0.9999256134033203,0.9703478869950969,0.9398009079262851,0.9330208229466729
calce_CX2_37,1,0.9999310970306396,0.9703478869950969,0.9398013096864962,0.9343347988696388
calce_CX2_37,1,0.9999243021011353,0.9703478869950969,0.9398008118528195,0.9327175730462764
calce_CX2_37,1,0.9999247789382935,0.9703478869950969,0.9398008467886418,0.932827380398075
calce_CX2_37,1,0.9999247789382935,0.9703478869950969,0.9398008467886418,0.932827380398075
calce_CX2_37,1,0.9998854398727417,0.9703478869950969,0.9397979645195049,0.9251438675084078
calce_CX2_37,1,0.9998241066932678,0.9703478869950969,0.9397934705422303,0.916487715216078
calce_CX2_37,1,0.9998264908790588,0.9703478869950969,0.9397936452410897,0.9167767418606382
calce_CX2_37,1,0.9996731281280518,0.9703478869950969,0.939782406770623,0.9023668490508302
calce_CX2_37,1,0.9998030066490173,0.9703478869950969,0.9397919244366459,0.9140529489867801
calce_CX2_37,1,0.9995360374450684,0.9703478869950969,0.9397723590604445,0.8934732117094012
calce_CX2_37,1,0.9996606111526489,0.9703478869950969,0.9397814894360834,0.9014453399933363
calce_CX2_37,1,0.9996606111526489,0.9703478869950969,0.9397814894360834,0.9014453399933363
calce_CX2_37,1,0.9995360374450684,0.9703478869950969,0.9397723590604445,0.8934732117094012
calce_CX2_37,1,0.9996606111526489,0.9703478869950969,0.9397814894360834,0.9014453399933363
calce_CX2_37,1,0.9995360374450684,0.9703478869950969,0.9397723590604445,0.8934732117094012
calce_CX2_37,1,0.9996606111526489,0.9703478869950969,0.9397814894360834,0.9014453399933363
calce_CX2_37,1,0.9996606111526489,0.9703478869950969,0.9397814894360834,0.9014453399933363
calce_CX2_37,1,0.9995360374450684,0.9703478869950969,0.9397723590604445,0.8934732117094012
calce_CX2_37,1,0.9999184608459473,0.9703478869950969,0.9398003838874559,0.9314133311377271
calce_CX2_37,1,0.9999184608459473,0.9703478869950969,0.9398003838874559,0.9314133311377271
calce_CX2_37,1,0.9999256134033203,0.9703478869950969,0.9398009079262851,0.9330208229466729
calce_CX2_37,1,0.9999229907989502,0.9703478869950969,0.9398007157792102,0.9324182901804616
calce_CX2_37,1,0.9999682903289795,1.0,0.9398040346025623,0.9463594940051098
calce_CX2_37,1,0.9999065399169922,0.9703478869950969,0.9397995104799193,0.9289580248348249
calce_CX2_37,1,0.9998763799667358,0.9703478869950969,0.9397973007058905,0.923669994683134
calce_CX2_37,1,0.9999234676361084,0.9703478869950969,0.9398007507150847,0.9325266688402238
calce_CX2_37,1,0.9999145269393921,0.9703478869950969,0.93980009566428,0.9305745091741884
calce_CX2_37,1,0.9999140501022339,0.9703478869950969,0.9398000607280497,0.9304748434045358
calce_CX2_37,1,0.9999268054962158,0.9703478869950969,0.939800995265675,0.9333000505505831
calce_CX2_37,1,0.9999682903289795,1.0,0.9398040346025623,0.9463594940051098
calce_CX2_37,1,0.9999364614486694,0.9703478869950969,0.9398017027103611,0.935699434311448
calce_CX2_37,1,0.9999092817306519,0.9703478869950969,0.939799711364703,0.9295006423622125
calce_CX2_37,1,0.9999165534973145,0.9703478869950969,0.9398002441430472,0.9310028718588818
calce_CX2_37,1,0.9999197721481323,0.9703478869950969,0.9398004799615609,0.931699779367502
calce_CX2_37,1,0.9998929500579834,0.9703478869950969,0.9397985147808604,0.926434766399007
calce_CX2_37,1,0.9999256134033203,0.9703478869950969,0.9398009079262851,0.9330208229466729
calce_CX2_37,1,0.9999579191207886,1.0,0.9398032747818051,0.942236922997078
calce_CX2_37,1,0.9998785257339478,0.9703478869950969,0.9397974579255235,0.924011408614323
calce_CX2_37,1,0.9998610019683838,0.9703478869950969,0.9397961739539414,0.9213474137904034
calce_CX2_37,1,0.9999243021011353,0.9703478869950969,0.9398008118528195,0.9327175730462764
calce_CX2_37,1,0.9999579191207886,1.0,0.9398032747818051,0.942236922997078
calce_CX2_37,1,0.9999184608459473,0.9703478869950969,0.9398003838874559,0.9314133311377271
calce_CX2_37,1,0.9998892545700073,0.9703478869950969,0.9397982440179246,0.9257912052209664
calce_CX2_37,1,0.9999150037765503,0.9703478869950969,0.9398001306004914,0.930674599130296
calce_CX2_37,1,0.9999213218688965,0.9703478869950969,0.9398005935035,0.9320429376494688
calce_CX2_37,1,0.9999188184738159,0.9703478869950969,0.9398004100894989,0.9314911037624366
calce_CX2_37,1,0.9998763799667358,0.9703478869950969,0.9397973007058905,0.923669994683134
calce_CX2_37,1,0.9998220801353455,0.9703478869950969,0.9397933220478268,0.9162444017989468
calce_CX2_37,1,0.9998584985733032,0.9703478869950969,0.9397959905273373,0.9209881944901422
calce_CX2_37,1,0.9998507499694824,0.9703478869950969,0.9397954227750102,0.9199063532861897
calce_CX2_37,1,0.9998113512992859,0.9703478869950969,0.9397925358952739,0.914990659705352
calce_CX2_37,1,0.999842643737793,0.9703478869950969,0.9397948288133658,0.9188197550923476
calce_CX2_37,1,0.9998157620429993,0.9703478869950969,0.9397928590924863,0.9154992710479395
calce_CX2_37,1,0.9998235106468201,0.9703478869950969,0.9397934268674414,0.9164159296251192
calce_CX2_37,1,0.9998113512992859,0.9703478869950969,0.9397925358952739,0.914990659705352
calce_CX2_37,1,0.9998235106468201,0.9703478869950969,0.9397934268674414,0.9164159296251192
calce_CX2_37,1,0.9998157620429993,0.9703478869950969,0.9397928590924863,0.9154992710479395
calce_CX2_37,1,0.9998157620429993,0.9703478869950969,0.9397928590924863,0.9154992710479395
calce_CX2_37,1,0.9995280504226685,0.9703478869950969,0.9397717736237438,0.893022020446365
calce_CX2_37,1,0.9995280504226685,0.9703478869950969,0.9397717736237438,0.893022020446365
calce_CX2_37,1,0.9999234676361084,0.9703478869950969,0.9398007507150847,0.9325266688402238
calce_CX2_37,1,0.9999140501022339,0.9703478869950969,0.9398000607280497,0.9304748434045358
calce_CX2_37,1,0.9999184608459473,0.9703478869950969,0.9398003838874559,0.9314133311377271
calce_CX2_37,1,0.9999140501022339,0.9703478869950969,0.9398000607280497,0.9304748434045358
calce_CX2_37,1,0.9998664855957031,0.9703478869950969,0.9397965757437222,0.9221519454989294
calce_CX2_37,1,0.9998984336853027,0.9703478869950969,0.9397989165560199,0.927421733785021
calce_CX2_37,1,0.9996547698974609,0.9703478869950969,0.9397810613421559,0.9010243169629111
calce_CX2_37,1,0.9999383687973022,0.9703478869950969,0.9398018424516011,0.9362057169630504
calce_CX2_37,1,0.9999287128448486,0.9703478869950969,0.9398011350084519,0.9337540886531284
calce_CX2_37,1,0.9999229907989502,0.9703478869950969,0.9398007157792102,0.9324182901804616
calce_CX2_37,1,0.9999229907989502,0.9703478869950969,0.9398007157792102,0.9324182901804616
calce_CX2_37,1,0.9999243021011353,0.9703478869950969,0.9398008118528195,0.9327175730462764
calce_CX2_37,1,0.999842643737793,0.9703478869950969,0.9397948288133658,0.9188197550923476
calce_CX2_37,1,0.9996547698974609,0.9703478869950969,0.9397810613421559,0.9010243169629111
calce_CX2_37,1,0.9999603033065796,1.0,0.9398034494540384,0.943110302307615
calce_CX2_37,1,0.9999189376831055,0.9703478869950969,0.9398004188235106,0.9315170858910176
calce_CX2_37,1,0.9999275207519531,0.9703478869950969,0.939801047669252,0.9334692496657635
calce_CX2_37,1,0.9999383687973022,0.9703478869950969,0.9398018424516011,0.9362057169630504
calce_CX2_37,1,0.9999305009841919,0.9703478869950969,0.9398012660170296,0.9341882080588315
calce_CX2_37,1,0.9999052286148071,0.9703478869950969,0.9397994144043661,0.928702791677502
calce_CX2_37,1,0.9998225569725037,0.9703478869950969,0.9397933569877174,0.9163014595105705
calce_CX2_37,1,0.9998225569725037,0.9703478869950969,0.9397933569877174,0.9163014595105705
calce_CX2_37,1,0.9999092817306519,0.9703478869950969,0.939799711364703,0.9295006423622125
calce_CX2_37,1,0.9999477863311768,1.0,0.9398025324195228,0.9388956993011923
calce_CX2_37,1,0.9998704195022583,0.9703478869950969,0.9397968639826711,0.9227448437844615
calce_CX2_37,1,0.9999531507492065,1.0,0.9398029254359161,0.9405965825589997
calce_CX2_37,1,0.9999531507492065,1.0,0.9398029254359161,0.9405965825589997
calce_CX2_37,1,0.9999595880508423,1.0,0.9398033970524181,0.9428442251362226
calce_CX2_37,1,0.9998960494995117,0.9703478869950969,0.9397987418714764,0.9269877409282948
calce_CX2_37,1,0.9999617338180542,1.0,0.9398035542571502,0.9436534988835659
calce_CX2_37,1,0.9999617338180542,1.0,0.9398035542571502,0.9436534988835659
calce_CX2_37,1,0.9999606609344482,1.0,0.9398034756548324,0.9432446993139761
calce_CX2_37,1,0.9999617338180542,1.0,0.9398035542571502,0.9436534988835659
calce_CX2_37,1,0.9997692704200745,0.9703478869950969,0.939789452337517,0.9105481762273288
calce_CX2_37,1,0.9999558925628662,1.0,0.9398031263100343,0.9415234586658201
calce_CX2_37,1,0.9999713897705078,1.0,0.93980426167369,0.9477880475610654
calce_CX2_37,1,0.9999563694000244,1.0,0.9398031612445995,0.9416890695977134
calce_CX2_37,1,0.9999263286590576,0.9703478869950969,0.9398009603299333,0.9331879477934638
calce_CX2_37,1,0.9999580383300781,1.0,0.9398032835154282,0.9422796927811092
calce_CX2_37,1,0.9999580383300781,1.0,0.9398032835154282,0.9422796927811092
calce_CX2_37,1,0.9999545812606812,1.0,0.939803030239882,0.941074897896008
calce_CX2_37,1,0.9999558925628662,1.0,0.9398031263100343,0.9415234586658201
calce_CX2_37,1,0.9999611377716064,1.0,0.9398035105892077,0.9434253364549515
calce_CX2_37,1,0.9999558925628662,1.0,0.9398031263100343,0.9415234586658201
calce_CX2_37,1,0.9999558925628662,1.0,0.9398031263100343,0.9415234586658201
calce_CX2_37,1,0.9999558925628662,1.0,0.9398031263100343,0.9415234586658201
calce_CX2_37,1,0.9999611377716064,1.0,0.9398035105892077,0.9434253364549515
calce_CX2_37,1,0.9999580383300781,1.0,0.9398032835154282,0.9422796927811092
calce_CX2_37,1,0.9999439716339111,0.9911845069444882,0.9398022529397374,0.9377650409664336
calce_CX2_37,1,0.9999580383300781,1.0,0.9398032835154282,0.9422796927811092
calce_CX2_37,1,0.9999580383300781,1.0,0.9398032835154282,0.9422796927811092
calce_CX2_37,1,0.9999580383300781,1.0,0.9398032835154282,0.9422796927811092
calce_CX2_37,1,0.9999595880508423,1.0,0.9398033970524181,0.9428442251362226
calce_CX2_37,1,0.9999617338180542,1.0,0.9398035542571502,0.9436534988835659
calce_CX2_37,1,0.9999558925628662,1.0,0.9398031263100343,0.9415234586658201
calce_CX2_37,1,0.9999611377716064,1.0,0.9398035105892077,0.9434253364549515
calce_CX2_37,1,0.999970555305481,1.0,0.9398042005392346,0.9473924162780026
calce_CX2_37,1,0.999969482421875,1.0,0.9398041219377063,0.9468959520991268
calce_CX2_37,1,0.9999700784683228,1.0,0.9398041656052338,0.9471701137670795
calce_CS2_36,1,0.0023456395138055086,0.5789473684210527,0.5902577211348746,0.12787248393543182
calce_CS2_36,1,0.0017410250147804618,0.5789473684210527,0.5898719068020645,0.11767400142831133
calce_CS2_36,1,0.0017410250147804618,0.5789473684210527,0.5898719068020645,0.11767400142831133
calce_CS2_36,1,0.0033330207224935293,0.5789473684210527,0.5908875461223864,0.14086155014500634
calce_CS2_36,1,0.0011685102945193648,0.5789473684210527,0.5895064738800968,0.10514672493988017
calce_CS2_36,1,0.0022690454497933388,0.5789473684210527,0.5902088513532998,0.1267000295141678
calce_CS2_36,1,0.0012717013014480472,0.5789473684210527,0.5895723474298513,0.10770240812112251
calce_CS2_36,1,0.3396033048629761,0.5789473684210527,0.7781188389863163,0.4474569369091679
calce_CS2_36,1,0.0012134300777688622,0.5789473684210527,0.5895351495020638,0.10627919424469205
calce_CS2_36,1,0.0011473923223093152,0.5789473684210527,0.5894929925053591,0.10460303570765074
calce_CS2_36,1,0.0033330207224935293,0.5789473684210527,0.5908875461223864,0.14086155014500634
calce_CS2_36,1,0.0012717013014480472,0.5789473684210527,0.5895723474298513,0.10770240812112251
calce_CS2_36,1,0.0012971324613317847,0.5789473684210527,0.5895885813044889,0.10830824846317295
calce_CS2_36,1,0.0011473923223093152,0.5789473684210527,0.5894929925053591,0.10460303570765074
calce_CS2_36,1,0.0011473923223093152,0.5789473684210527,0.5894929925053591,0.10460303570765074
calce_CS2_36,1,0.0012079017469659448,0.5789473684210527,0.5895316203922164,0.10614153100823825
calce_CS2_36,1,0.0022280821576714516,0.5789473684210527,0.5901827145609279,0.1260605899039779
calce_CS2_36,1,0.0021165753714740276,0.5789473684210527,0.5901115646296128,0.12427351269052049
calce_CS2_36,1,0.0011473923223093152,0.5789473684210527,0.5894929925053591,0.10460303570765074
calce_CS2_36,1,0.0023924955166876316,0.5789473684210527,0.5902876160797839,0.1285754339352833
calce_CS2_36,1,0.0017410250147804618,0.5789473684210527,0.5898719068020645,0.11767400142831133
calce_CS2_36,1,0.0033330207224935293,0.5789473684210527,0.5908875461223864,0.14086155014500634
calce_CS2_36,1,0.0011473923223093152,0.5789473684210527,0.5894929925053591,0.10460303570765074
calce_CS2_36,1,0.0012079017469659448,0.5789473684210527,0.5895316203922164,0.10614153100823825
calce_CS2_36,1,0.0021165753714740276,0.5789473684210527,0.5901115646296128,0.12427351269052049
calce_CS2_36,1,0.0021832336205989122,0.5789473684210527,0.590154098188276,0.1253501719290606
calce_CS2_36,1,0.0022280821576714516,0.5789473684210527,0.5901827145609279,0.1260605899039779
calce_CS2_36,1,0.0013205826980993152,0.5789473684210527,0.5896035504921996,0.10885905451992162
calce_CS2_36,1,0.0033995364792644978,0.5789473684210527,0.5909299641095399,0.1416243461740368
calce_CS2_36,1,0.0021832336205989122,0.5789473684210527,0.590154098188276,0.1253501719290606
calce_CS2_36,1,0.0021832336205989122,0.5789473684210527,0.590154098188276,0.1253501719290606
calce_CS2_36,1,0.0021832336205989122,0.5789473684210527,0.590154098188276,0.1253501719290606
calce_CS2_36,1,0.0021832336205989122,0.5789473684210527,0.590154098188276,0.1253501719290606
calce_CS2_36,1,0.0021832336205989122,0.5789473684210527,0.590154098188276,0.1253501719290606
calce_CS2_36,1,0.0012487205676734447,0.5789473684210527,0.5895576776066633,0.10714708227912177
calce_CS2_36,1,0.0012487205676734447,0.5789473684210527,0.5895576776066633,0.10714708227912177
calce_CS2_36,1,0.0023032946046441793,0.5789473684210527,0.5902307037724032,0.12722795774213325
calce_CS2_36,1,0.0013205826980993152,0.5789473684210527,0.5896035504921996,0.10885905451992162
calce_CS2_36,1,0.002435700036585331,0.5789473684210527,0.5903151807237401,0.12921437436752764
calce_CS2_36,1,0.0034608636051416397,0.5789473684210527,0.5909690720381012,0.14231754361677257
calce_CS2_36,1,0.0018079153960570693,0.5789473684210527,0.5899145960914005,0.11892349760230929
calce_CS2_36,1,0.011659608222544193,0.5789473684210527,0.5961868142154297,0.19650389981797267
calce_CS2_36,1,0.0063501824624836445,0.5789473684210527,0.5928102601105167,0.16760055646707178
calce_CS2_36,1,0.0063501824624836445,0.5789473684210527,0.5928102601105167,0.16760055646707178
calce_CS2_36,1,0.0063501824624836445,0.5789473684210527,0.5928102601105167,0.16760055646707178
calce_CS2_36,1,0.011659608222544193,0.5789473684210527,0.5961868142154297,0.19650389981797267
calce_CS2_36,1,0.010065416805446148,0.5789473684210527,0.5951739218080552,0.18916634853262232
calce_CS2_36,1,0.010065416805446148,0.5789473684210527,0.5951739218080552,0.18916634853262232
calce_CS2_36,1,0.020016811788082123,0.5789473684210527,0.6014830974801532,0.2254517353697139
calce_CS2_36,1,0.02099241130053997,0.5789473684210527,0.6020998529387483,0.22815414988876323
calce_CS2_36,1,0.010561225935816765,0.5789473684210527,0.5954890285415212,0.19154139791624086
calce_CS2_36,1,0.006853984668850899,0.5789473684210527,0.5931310375986373,0.17102905146356948
calce_CS2_36,1,0.0074555110186338425,0.5789473684210527,0.5935139333164285,0.17487312571993624
calce_CS2_36,1,0.013009305112063885,0.5789473684210527,0.5970437235008512,0.20211729044266352
calce_CS2_36,1,0.01160481944680214,0.5789473684210527,0.5961520169267596,0.1962653460052454
calce_CS2_36,1,0.006966080982238054,0.5789473684210527,0.5932024000053511,0.17176492040418587
calce_CS2_36,1,0.0217538271099329,0.5789473684210527,0.6025809804790683,0.2301941052148963
calce_CS2_36,1,0.010625267401337624,0.5789473684210527,0.5955297237459479,0.1918416996819212
calce_CS2_36,1,0.009138339199125767,0.5789473684210527,0.5945845162048556,0.18446537696250717
calce_CS2_36,1,0.0027535236440598965,0.5789473684210527,0.5905179359119066,0.13366679964824557
calce_CS2_36,1,0.001581277116201818,0.5789473684210527,0.5897699505790904,0.1145361654270201
calce_CS2_36,1,0.0028369640931487083,0.5789473684210527,0.5905711615485663,0.13477022408344674
calce_CS2_36,1,0.0028369640931487083,0.5789473684210527,0.5905711615485663,0.13477022408344674
calce_CS2_36,1,0.00789661519229412,0.5789473684210527,0.5937946416810996,0.17754011134890987
calce_CS2_36,1,0.01138059888035059,0.5789473684210527,0.5960096005345106,0.1952796661167978
calce_CS2_36,1,0.008175991475582123,0.5789473684210527,0.5939723985236373,0.17916928173598207
calce_CS2_36,1,0.007083169650286436,0.5789473684210527,0.5932769364290428,0.17252372370658978
calce_CS2_36,1,0.007083169650286436,0.5789473684210527,0.5932769364290428,0.17252372370658978
calce_CS2_36,1,0.007833554409444332,0.5789473684210527,0.5937545150253734,0.17716612226269388
calce_CS2_36,1,0.015499448403716087,0.5789473684210527,0.5986231338437145,0.21135790436262325
calce_CS2_36,1,0.0246933251619339,0.5789473684210527,0.6044365389662549,0.23756802541635094
calce_CS2_36,1,0.014726247638463974,0.5789473684210527,0.598132937301916,0.20862389684269161
calce_CS2_36,1,0.013823028653860092,0.5789473684210527,0.5975600628508047,0.2052812037646346
calce_CS2_36,1,0.00737856887280941,0.5789473684210527,0.5934649628738649,0.17439530436384829
calce_CS2_36,1,0.010890265926718712,0.5789473684210527,0.5956981033180262,0.1930692950812118
calce_CS2_36,1,0.013823028653860092,0.5789473684210527,0.5975600628508047,0.2052812037646346
calce_CS2_36,1,0.009441960602998734,0.5789473684210527,0.5947775788699892,0.18604484344469716
calce_CS2_36,1,0.008883682079613209,0.5789473684210527,0.5944225657247354,0.18310838322606038
calce_CS2_36,1,0.014581935480237007,0.5789473684210527,0.5980414240089718,0.20810099079125977
calce_CS2_36,1,0.014581935480237007,0.5789473684210527,0.5980414240089718,0.20810099079125977
calce_CS2_36,1,0.014824174344539642,0.5789473684210527,0.5981950320937378,0.208976405567055
calce_CS2_36,1,0.01473251823335886,0.5789473684210527,0.5981369135464089,0.20864652515958337
calce_CS2_36,1,0.01473251823335886,0.5789473684210527,0.5981369135464089,0.20864652515958337
calce_CS2_36,1,0.009905459359288216,0.5789473684210527,0.5950722456370919,0.1883803773769655
calce_CS2_36,1,0.014491751790046692,0.5789473684210527,0.5979842319665509,0.20777211730519113
calce_CS2_36,1,0.014491751790046692,0.5789473684210527,0.5979842319665509,0.20777211730519113
calce_CS2_36,1,0.010263354517519474,0.5789473684210527,0.5952997286436716,0.19012538396250106
calce_CS2_36,1,0.010290039703249931,0.5789473684210527,0.5953166884702258,0.1902535556938183
calce_CS2_36,1,0.012648306787014008,0.5789473684210527,0.5968145870062987,0.20066301928329489
calce_CS2_36,1,0.010290039703249931,0.5789473684210527,0.5953166884702258,0.1902535556938183
calce_CS2_36,1,0.007288187276571989,0.5789473684210527,0.5934074364126496,0.17382900369924778
calce_CS2_36,1,0.013262525200843811,0.5789473684210527,0.5972044246417098,0.2031183420112484
calce_CS2_36,1,0.013262525200843811,0.5789473684210527,0.5972044246417098,0.2031183420112484
calce_CS2_36,1,0.00282042333856225,0.5789473684210527,0.5905606105731814,0.13455347839843068
calce_CS2_36,1,0.002255125902593136,0.5789473684210527,0.5901999699876885,0.12648373614887248
calce_CS2_36,1,0.0024383245036005974,0.5789473684210527,0.5903168551251499,0.12925290796846597
calce_CS2_36,1,0.002427952131256461,0.5789473684210527,0.5903102375731545,0.12910043133460428
calce_CS2_36,1,0.0027733133174479008,0.5789473684210527,0.5905305596931841,0.13393078859118965
calce_CS2_36,1,0.0034499247558414936,0.5789473684210527,0.5909620964859501,0.14219459451719732
calce_CS2_36,1,0.0030788599979132414,0.5789473684210527,0.5907254519739896,0.13783458484166006
calce_CS2_36,1,0.0027733133174479008,0.5789473684210527,0.5905305596931841,0.13393078859118965
calce_CS2_36,1,0.005327996332198381,0.5789473684210527,0.5921591778332258,0.15993329221983016
calce_CS2_36,1,0.005714142695069313,0.5789473684210527,0.5924051722270572,0.16295443700182444
calce_CS2_36,1,0.005714142695069313,0.5789473684210527,0.5924051722270572,0.16295443700182444
calce_CS2_36,1,0.005327996332198381,0.5789473684210527,0.5921591778332258,0.15993329221983016
calce_CS2_36,1,0.0054083773866295815,0.5789473684210527,0.5922103883642016,0.16057590402394434
calce_CS2_36,1,0.005080817732959986,0.5789473684210527,0.592001688545278,0.15790878449401038
calce_CS2_36,1,0.005863614846020937,0.5789473684210527,0.5925003809786745,0.16408124738991522
calce_CS2_36,1,0.007954571396112442,0.5789473684210527,0.5938315191015381,0.1778817630914568
calce_CS2_36,1,0.007954571396112442,0.5789473684210527,0.5938315191015381,0.1778817630914568
calce_CS2_36,1,0.0051711201667785645,0.5789473684210527,0.5920592267300473,0.15865710109637418
calce_CS2_36,1,0.0051711201667785645,0.5789473684210527,0.5920592267300473,0.15865710109637418
calce_CS2_36,1,0.00525679113343358,0.5789473684210527,0.5921138115407065,0.15935770822922005
calce_CS2_36,1,0.007304102182388306,0.5789473684210527,0.593417566185237,0.17392911918519985
calce_CS2_36,1,0.0063326237723231316,0.5789473684210527,0.5927990788329003,0.1674772832512424
calce_CS2_36,1,0.0051711201667785645,0.5789473684210527,0.5920592267300473,0.15865710109637418
calce_CS2_36,1,0.008013244718313217,0.5789473684210527,0.5938688517452174,0.17822565502185353
calce_CS2_36,1,0.005375843495130539,0.5789473684210527,0.592189661359766,0.16031671057189217
calce_CS2_36,1,0.008111853152513504,0.5789473684210527,0.5939315918460014,0.17879917844867352
calce_CS2_36,1,0.0049189617857337,0.5789473684210527,0.5918985521525869,0.15654126638870594
calce_CS2_36,1,0.007665134966373444,0.5789473684210527,0.5936473407160737,0.1761555667821853
calce_CS2_36,1,0.008272415958344936,0.5789473684210527,0.5940337441586248,0.1797214145734735
calce_CS2_36,1,0.004388190805912018,0.5789473684210527,0.5915602822882186,0.15179681301017886
calce_CS2_36,1,0.007870009168982506,0.5789473684210527,0.5937777119656521,0.1773826085613311
calce_CS2_36,1,0.004388190805912018,0.5789473684210527,0.5915602822882186,0.15179681301017886
calce_CS2_36,1,0.007870009168982506,0.5789473684210527,0.5937777119656521,0.1773826085613311
calce_CS2_36,1,0.005380133632570505,0.5789473684210527,0.5921923945805552,0.16035095929449103
calce_CS2_36,1,0.0054692537523806095,0.5789473684210527,0.5922491711833532,0.16105765713421558
calce_CS2_36,1,0.0054692537523806095,0.5789473684210527,0.5922491711833532,0.16105765713421558
calce_CS2_36,1,0.0054692537523806095,0.5789473684210527,0.5922491711833532,0.16105765713421558
calce_CS2_36,1,0.008868941105902195,0.5789473684210527,0.5944131904986864,0.18302889832247554
calce_CS2_36,1,0.0059331608936190605,0.5789473684210527,0.5925446771135814,0.1645979067540558
calce_CS2_36,1,0.006232889369130135,0.5789473684210527,0.5927355666884551,0.16677197301363958
calce_CS2_36,1,0.009089258499443531,0.5789473684210527,0.5945533046862161,0.18420618065216673
calce_CS2_36,1,0.010797465220093727,0.5789473684210527,0.5956391404822974,0.1926421182219582
calce_CS2_36,1,0.00740829249843955,0.5789473684210527,0.5934838809328404,0.17458035349740625
calce_CS2_36,1,0.010797465220093727,0.5789473684210527,0.5956391404822974,0.1926421182219582
calce_CS2_36,1,0.007653131615370512,0.5789473684210527,0.5936397020005445,0.17608288049692503
calce_CS2_36,1,0.007653131615370512,0.5789473684210527,0.5936397020005445,0.17608288049692503
calce_CS2_36,1,0.007653131615370512,0.5789473684210527,0.5936397020005445,0.17608288049692503
calce_CS2_36,1,0.007653131615370512,0.5789473684210527,0.5936397020005445,0.17608288049692503
calce_CS2_36,1,0.014975476078689098,0.5789473684210527,0.5982909655061417,0.20951741523566014
calce_CS2_36,1,0.011101342737674713,0.5789473684210527,0.5958322050160562,0.19403028175731105
calce_CS2_36,1,0.011101342737674713,0.5789473684210527,0.5958322050160562,0.19403028175731105
calce_CS2_36,1,0.004731257911771536,0.5789473684210527,0.59177893504027,0.15491091292638212
calce_CS2_36,1,0.007555507123470306,0.5789473684210527,0.5935775738570283,0.17548836668994913
calce_CS2_36,1,0.007555507123470306,0.5789473684210527,0.5935775738570283,0.17548836668994913
calce_CS2_36,1,0.005148913711309433,0.5789473684210527,0.592045077631746,0.15847402825251608
calce_CS2_36,1,0.004568904172629118,0.5789473684210527,0.5916754639121623,0.15345978817183328
calce_CS2_36,1,0.009335136972367764,0.5789473684210527,0.5947096566460798,0.18549376859841638
calce_CS2_36,1,0.005757784005254507,0.5789473684210527,0.5924329709967728,0.16328578285059112
calce_CS2_36,1,0.005148913711309433,0.5789473684210527,0.592045077631746,0.15847402825251608
calce_CS2_36,1,0.011250362731516361,0.5789473684210527,0.5959268720483694,0.194700053389096
calce_CS2_36,1,0.011250362731516361,0.5789473684210527,0.5959268720483694,0.194700053389096
calce_CS2_36,1,0.01825861446559429,0.5789473684210527,0.6003707860738638,0.22030266745504024
calce_CS2_36,1,0.010318920016288757,0.5789473684210527,0.595335043158155,0.19039197491719534
calce_CS2_36,1,0.01629028655588627,0.5789473684210527,0.5991243082102293,0.21404387392075472
calce_CS2_36,1,0.014503183774650097,0.5789473684210527,0.5979914819677363,0.20781389655256427
calce_CS2_36,1,0.01836298778653145,0.5789473684210527,0.6004368461678828,0.2206191851633862
calce_CS2_36,1,0.01881074532866478,0.5789473684210527,0.6007201999519335,0.22196090326141016
calce_CS2_36,1,0.012695527635514736,0.5789473684210527,0.5968445619032728,0.20085510831985093
calce_CS2_36,1,0.02058526873588562,0.5789473684210527,0.6018425044480746,0.22703887509136797
calce_CS2_36,1,0.018154393881559372,0.5789473684210527,0.6003048190068583,0.21998516411320626
calce_CS2_36,1,0.018154393881559372,0.5789473684210527,0.6003048190068583,0.21998516411320626
calce_CS2_36,1,0.015668611973524094,0.5789473684210527,0.598730354500846,0.21194149529959808
calce_CS2_36,1,0.01974700205028057,0.5789473684210527,0.6013124719330251,0.22468574203090577
calce_CS2_36,1,0.013217602856457233,0.5789473684210527,0.5971759170826,0.20294186716135054
calce_CS2_36,1,0.013840824365615845,0.5789473684210527,0.5975713525123023,0.20534872131876158
calce_CS2_36,1,0.01838749647140503,0.5789473684210527,0.6004523577060298,0.22069330014945887
calce_CS2_36,1,0.01389679778367281,0.5789473684210527,0.5976068615692902,0.20556063667083982
calce_CS2_36,1,0.02060830034315586,0.5789473684210527,0.6018570638729953,0.22710243502038926
calce_CS2_36,1,0.031202407553792,0.5789473684210527,0.6085346410750548,0.2516700956222597
calce_CS2_36,1,0.031202407553792,0.5789473684210527,0.6085346410750548,0.2516700956222597
calce_CS2_36,1,0.021272355690598488,0.5789473684210527,0.6022767687037799,0.22891096564970648
calce_CS2_36,1,0.031202407553792,0.5789473684210527,0.6085346410750548,0.2516700956222597
calce_CS2_36,1,0.029014630243182182,0.5789473684210527,0.6071588971910585,0.2472192425710235
calce_CS2_36,1,0.029014630243182182,0.5789473684210527,0.6071588971910585,0.2472192425710235
calce_CS2_36,1,0.016214216127991676,0.5789473684210527,0.5990761094275241,0.21379009692230516
calce_CS2_36,1,0.01838749647140503,0.5789473684210527,0.6004523577060298,0.22069330014945887
calce_CS2_36,1,0.01838749647140503,0.5789473684210527,0.6004523577060298,0.22069330014945887
calce_CS2_36,1,0.01838749647140503,0.5789473684210527,0.6004523577060298,0.22069330014945887
calce_CS2_36,1,0.029014630243182182,0.5789473684210527,0.6071588971910585,0.2472192425710235
calce_CS2_36,1,0.033798545598983765,0.5789473684210527,0.6101649388448434,0.25663676090355575
calce_CS2_36,1,0.033798545598983765,0.5789473684210527,0.6101649388448434,0.25663676090355575
calce_CS2_36,1,0.028715109452605247,0.5789473684210527,0.6069704160422572,0.2465890414113122
calce_CS2_36,1,0.05594979226589203,0.5789473684210527,0.6239720107926376,0.2898132688700899
calce_CS2_36,1,0.05594979226589203,0.5789473684210527,0.6239720107926376,0.2898132688700899
calce_CS2_36,1,0.021919773891568184,0.5789473684210527,0.6026858135485463,0.23063107747608316
calce_CS2_36,1,0.03481363505125046,0.5789473684210527,0.6108017182511712,0.25849537171096565
calce_CS2_36,1,0.021919773891568184,0.5789473684210527,0.6026858135485463,0.23063107747608316
calce_CS2_36,1,0.03481363505125046,0.5789473684210527,0.6108017182511712,0.25849537171096565
calce_CS2_36,1,0.019337262958288193,0.5789473684210527,0.6010533091155343,0.22350628347433876
calce_CS2_36,1,0.018764648586511612,0.5789473684210527,0.6006910317245193,0.22182396169468258
calce_CS2_36,1,0.021272355690598488,0.5789473684210527,0.6022767687037799,0.22891096564970648
calce_CS2_36,1,0.03481363505125046,0.5789473684210527,0.6108017182511712,0.25849537171096565
calce_CS2_36,1,0.04072484374046326,0.5789473684210527,0.6145023326125194,0.26852669193381795
calce_CS2_36,1,0.04072484374046326,0.5789473684210527,0.6145023326125194,0.26852669193381795
calce_CS2_36,1,0.04164605960249901,0.5789473684210527,0.6150778660512575,0.2699826472975875
calce_CS2_36,1,0.024974612519145012,0.5789473684210527,0.6046139449752244,0.23823599702979373
calce_CS2_36,1,0.04164605960249901,0.5789473684210527,0.6150778660512575,0.2699826472975875
calce_CS2_36,1,0.04644285514950752,0.5789473684210527,0.6180694510411873,0.27717054836996313
calce_CS2_36,1,0.057194869965314865,0.5789473684210527,0.6247423632076364,0.29133867120419416
calce_CS2_36,1,0.0457526259124279,0.5789473684210527,0.6176395255504467,0.27617414016503117
calce_CS2_36,1,0.049956101924180984,0.5789473684210527,0.6202548823161481,0.2820654310904638
calce_CS2_36,1,0.06319213658571243,0.5789473684210527,0.6284440822742027,0.2983351358430866
calce_CS2_36,1,0.05602560564875603,0.5789473684210527,0.6240189359024937,0.28990692307252114
calce_CS2_36,1,0.06319213658571243,0.5789473684210527,0.6284440822742027,0.2983351358430866
calce_CS2_36,1,0.04140431061387062,0.5789473684210527,0.614926863453234,0.26960309703078184
calce_CS2_36,1,0.03008159063756466,0.5789473684210527,0.6078300497258087,0.24942243837353917
calce_CS2_36,1,0.022292785346508026,0.5789473684210527,0.6029214205563469,0.23160368210100019
calce_CS2_36,1,0.0987568199634552,0.5789473684210527,0.6500751383182001,0.3315145152684906
calce_CS2_36,1,0.0628335177898407,0.5789473684210527,0.6282231487977867,0.29793199565774403
calce_CS2_36,1,0.09696775674819946,0.5789473684210527,0.6490007633832826,0.3300915620781952
calce_CS2_36,1,0.10444585233926773,0.5789473684210527,0.6534813878836677,0.3359111553761558
calce_CS2_36,1,0.0987568199634552,0.5789473684210527,0.6500751383182001,0.3315145152684906
calce_CS2_36,1,0.034888800233602524,0.5789473684210527,0.610848855393148,0.25863125463382397
calce_CS2_36,1,0.026437213644385338,0.5789473684210527,0.6055359526087991,0.24161480159074392
calce_CS2_36,1,0.055491480976343155,0.5789473684210527,0.6236882869749808,0.2892449344386421
calce_CS2_36,1,0.05726498365402222,0.5789473684210527,0.624785725097305,0.29142377861213176
calce_CS2_36,1,0.05726498365402222,0.5789473684210527,0.624785725097305,0.29142377861213176
calce_CS2_36,1,0.03456658497452736,0.5789473684210527,0.6106467750889485,0.2580470862436962
calce_CS2_36,1,0.06205998733639717,0.5789473684210527,0.6277464192110073,0.29705615690557635
calce_CS2_36,1,0.03840602561831474,0.5789473684210527,0.6130522263389921,0.2647409398856789
calce_CS2_36,1,0.07033766061067581,0.5789473684210527,0.6328349134614673,0.30601207112006074
calce_CS2_36,1,0.03775683790445328,0.5789473684210527,0.6126458868637333,0.2636481555355408
calce_CS2_36,1,0.035694386810064316,0.5789473684210527,0.6113539197812519,0.26007298173277127
calce_CS2_36,1,0.05908803269267082,0.5789473684210527,0.6259124874266365,0.2936080095277811
calce_CS2_36,1,0.05726498365402222,0.5789473684210527,0.624785725097305,0.29142377861213176
calce_CS2_36,1,0.06635652482509613,0.5789473684210527,0.6303912239905786,0.30181569066633135
calce_CS2_36,1,0.06635652482509613,0.5789473684210527,0.6303912239905786,0.30181569066633135
calce_CS2_36,1,0.07271485775709152,0.5789473684210527,0.634290838000897,0.3084288112040001
calce_CS2_36,1,0.044179487973451614,0.5789473684210527,0.6166589721684967,0.27385723170532855
calce_CS2_36,1,0.07502193003892899,0.5789473684210527,0.6357014716467664,0.3107152544208191
calce_CS2_36,1,0.11704327911138535,0.5789473684210527,0.6609678604686491,0.34503051700260273
calce_CS2_36,1,0.04189886152744293,0.5789473684210527,0.6152357488895508,0.27037766017394554
calce_CS2_36,1,0.05450763925909996,0.5789473684210527,0.6230789399907324,0.2880121151908676
calce_CS2_36,1,0.05792820826172829,0.5789473684210527,0.6251957980009762,0.2922247425842223
calce_CS2_36,1,0.06704062968492508,0.5789473684210527,0.6308116191585296,0.30255074353896655
calce_CS2_36,1,0.11496523022651672,0.5789473684210527,0.659738316121219,0.34357938839034746
calce_CS2_36,1,0.06704062968492508,0.5789473684210527,0.6308116191585296,0.30255074353896655
calce_CS2_36,1,0.06831930577754974,0.5789473684210527,0.6315968568888755,0.30390883051014356
calce_CS2_36,1,0.07502193003892899,0.5789473684210527,0.6357014716467664,0.3107152544208191
calce_CS2_36,1,0.12364116311073303,0.5789473684210527,0.6648572799377295,0.349512656585899
calce_CS2_36,1,0.12364116311073303,0.5789473684210527,0.6648572799377295,0.349512656585899
calce_CS2_36,1,0.07502193003892899,0.5789473684210527,0.6357014716467664,0.3107152544208191
calce_CS2_36,1,0.11704327911138535,0.5789473684210527,0.6609678604686491,0.34503051700260273
calce_CS2_36,1,0.07502193003892899,0.5789473684210527,0.6357014716467664,0.3107152544208191
calce_CS2_36,1,0.12364116311073303,0.5789473684210527,0.6648572799377295,0.349512656585899
calce_CS2_36,1,0.11704327911138535,0.5789473684210527,0.6609678604686491,0.34503051700260273
calce_CS2_36,1,0.11496523022651672,0.5789473684210527,0.659738316121219,0.34357938839034746
calce_CS2_36,1,0.12364116311073303,0.5789473684210527,0.6648572799377295,0.349512656585899
calce_CS2_36,1,0.07962145656347275,0.5789473684210527,0.6385068331936025,0.3151129970581136
calce_CS2_36,1,0.12364116311073303,0.5789473684210527,0.6648572799377295,0.349512656585899
calce_CS2_36,1,0.11496523022651672,0.5789473684210527,0.659738316121219,0.34357938839034746
calce_CS2_36,1,0.11704327911138535,0.5789473684210527,0.6609678604686491,0.34503051700260273
calce_CS2_36,1,0.12364116311073303,0.5789473684210527,0.6648572799377295,0.349512656585899
calce_CS2_36,1,0.1331712305545807,0.5789473684210527,0.6704358133619435,0.35568051355090097
calce_CS2_36,1,0.17846013605594635,0.5789473684210527,0.696277059661144,0.38123955544781674
calce_CS2_36,1,0.12648184597492218,0.5789473684210527,0.666525017244892,0.35138719805596497
calce_CS2_36,1,0.07502193003892899,0.5789473684210527,0.6357014716467664,0.3107152544208191
calce_CS2_36,1,0.11763332039117813,0.5789473684210527,0.661316582695881,0.34543899482447155
calce_CS2_36,1,0.18229831755161285,0.5789473684210527,0.6984140578151464,0.38318402811070146
calce_CS2_36,1,0.18229831755161285,0.5789473684210527,0.6984140578151464,0.38318402811070146
calce_CS2_36,1,0.18229831755161285,0.5789473684210527,0.6984140578151464,0.38318402811070146
calce_CS2_36,1,0.40628165006637573,0.5789473684210527,0.8070008453797342,0.46995408645811243
calce_CS2_36,1,0.18229831755161285,0.5789473684210527,0.6984140578151464,0.38318402811070146
calce_CS2_36,1,0.06831930577754974,0.5789473684210527,0.6315968568888755,0.30390883051014356
calce_CS2_36,1,0.06704062968492508,0.5789473684210527,0.6308116191585296,0.30255074353896655
calce_CS2_36,1,0.08653397858142853,0.5789473684210527,0.6427051918155254,0.32136101716619214
calce_CS2_36,1,0.08653397858142853,0.5789473684210527,0.6427051918155254,0.32136101716619214
calce_CS2_36,1,0.14465539157390594,0.5789473684210527,0.6770948536167849,0.36269318170253906
calce_CS2_36,1,0.14465539157390594,0.5789473684210527,0.6770948536167849,0.36269318170253906
calce_CS2_36,1,0.14465539157390594,0.5789473684210527,0.6770948536167849,0.36269318170253906
calce_CS2_36,1,0.08583517372608185,0.5789473684210527,0.6422817502544503,0.32074753388763977
calce_CS2_36,1,0.1600264608860016,0.5789473684210527,0.6858961530412199,0.37147116999270713
calce_CS2_36,1,0.1600264608860016,0.5789473684210527,0.6858961530412199,0.37147116999270713
calce_CS2_36,1,0.09642528742551804,0.5789473684210527,0.6486746985112135,0.3296560949995555
calce_CS2_36,1,0.1600264608860016,0.5789473684210527,0.6858961530412199,0.37147116999270713
calce_CS2_36,1,0.6929811239242554,0.5789473684210527,0.8990732715042599,0.5641992166786247
calce_CS2_36,1,0.8170866370201111,0.5789473684210527,0.925142932121358,0.6165070064809799
calce_CS2_36,1,0.8170866370201111,0.5789473684210527,0.925142932121358,0.6165070064809799
calce_CS2_36,1,0.8170866370201111,0.5789473684210527,0.925142932121358,0.6165070064809799
calce_CS2_36,1,0.7086602449417114,0.5789473684210527,0.9027650596359145,0.5700231555425663
calce_CS2_36,1,0.9985764026641846,0.9357303370786517,0.952263654217046,0.8888048116710017
calce_CS2_36,1,0.998267650604248,0.9357303370786517,0.9522266150560438,0.882490700979326
calce_CS2_36,1,0.9993187189102173,0.9357303370786517,0.9523525939150704,0.9099139557038629
calce_CS2_36,1,0.9967619180679321,0.9357303370786517,0.9520455897269772,0.8602477131148045
calce_CS2_36,1,0.998267650604248,0.9357303370786517,0.9522266150560438,0.882490700979326
calce_CS2_36,1,0.9991901516914368,0.9357303370786517,0.9523372010726624,0.9053135752613594
calce_CS2_36,1,0.9984024167060852,0.9357303370786517,0.9522427855052072,0.8851328683697591
calce_CS2_36,1,0.9991901516914368,0.9357303370786517,0.9523372010726624,0.9053135752613594
calce_CS2_36,1,0.9971933960914612,0.9357303370786517,0.9520975302640848,0.8656283543213229
calce_CS2_36,1,0.9971933960914612,0.9357303370786517,0.9520975302640848,0.8656283543213229
calce_CS2_36,1,0.9979967474937439,0.9357303370786517,0.9521940939284997,0.8776174546758759
calce_CS2_36,1,0.9979967474937439,0.9357303370786517,0.9521940939284997,0.8776174546758759
calce_CS2_36,1,0.9972549080848694,0.9357303370786517,0.9521049306129639,0.8664461180027894
calce_CS2_36,1,0.9992314577102661,0.9357303370786517,0.9523421469931939,0.9067285589798778
calce_CS2_36,1,0.9991379976272583,0.9357303370786517,0.9523309555270083,0.903601519192798
calce_CS2_36,1,0.9994968175888062,0.9357303370786517,0.9523739091606098,0.9174926262234827
calce_CS2_36,1,0.9984117746353149,0.9357303370786517,0.9522439081606779,0.885322493095434
calce_CS2_36,1,0.9986948370933533,0.9357303370786517,0.9522778548562656,0.8915022953298577
calce_CS2_36,1,0.999257504940033,0.9357303370786517,0.9523452655986241,0.907650067801799
calce_CS2_36,1,0.9974265694618225,0.9357303370786517,0.9521255770068517,0.8688047737047174
calce_CS2_36,1,0.9969335794448853,0.9357303370786517,0.9520662604134247,0.8623184152640696
calce_CS2_36,1,0.9981221556663513,0.9357303370786517,0.9522091514265927,0.8798070724631691
calce_CS2_36,1,0.9986948370933533,0.9357303370786517,0.9522778548562656,0.8915022953298577
calce_CS2_36,1,0.9992796778678894,0.9357303370786517,0.9523479201855038,0.9084535652779189
calce_CS2_36,1,0.9991920590400696,0.9357303370786517,0.9523374294664547,0.9053777204398102
calce_CS2_36,1,0.9991920590400696,0.9357303370786517,0.9523374294664547,0.9053777204398102
calce_CS2_36,1,0.9984062314033508,0.9357303370786517,0.9522432431512281,0.8852100662895818
calce_CS2_36,1,0.9992796778678894,0.9357303370786517,0.9523479201855038,0.9084535652779189
calce_CS2_36,1,0.9984117746353149,0.9357303370786517,0.9522439081606779,0.885322493095434
calce_CS2_36,1,0.9981221556663513,0.9357303370786517,0.9522091514265927,0.8798070724631691
calce_CS2_36,1,0.9984062314033508,0.9357303370786517,0.9522432431512281,0.8852100662895818
calce_CS2_36,1,0.999210000038147,0.9357303370786517,0.952339577744681,0.9059866522747222
calce_CS2_36,1,0.999210000038147,0.9357303370786517,0.952339577744681,0.9059866522747222
calce_CS2_36,1,0.9992955923080444,0.9357303370786517,0.9523498254072337,0.9090416255832601
calce_CS2_36,1,0.9993106126785278,0.9357303370786517,0.9523516235276553,0.9096057328226185
calce_CS2_36,1,0.9993106126785278,0.9357303370786517,0.9523516235276553,0.9096057328226185
calce_CS2_36,1,0.9985798597335815,0.9357303370786517,0.9522640687867827,0.8888811157888149
calce_CS2_36,1,0.9966637492179871,0.9357303370786517,0.9520337648738182,0.8591011389529961
calce_CS2_36,1,0.998611330986023,0.9357303370786517,0.9522678426436676,0.8895822460826105
calce_CS2_36,1,0.9993106126785278,0.9357303370786517,0.9523516235276553,0.9096057328226185
calce_CS2_36,1,0.9984416365623474,0.9357303370786517,0.9522474904796198,0.8859332866173305
calce_CS2_36,1,0.9992268085479736,0.9357303370786517,0.9523415903338482,0.9065665216923694
calce_CS2_36,1,0.9992268085479736,0.9357303370786517,0.9523415903338482,0.9065665216923694
calce_CS2_36,1,0.9992493987083435,0.9357303370786517,0.952344295069429,0.9073607505878568
calce_CS2_36,1,0.9982718229293823,0.9357303370786517,0.9522271157671477,0.8825701324535334
calce_CS2_36,1,0.9979567527770996,0.9357303370786517,0.9521892908985792,0.8769410276205667
calce_CS2_36,1,0.9967377781867981,0.9357303370786517,0.9520426822328927,0.8599633202249497
calce_CS2_36,1,0.9986407160758972,0.9357303370786517,0.9522713660837445,0.8902477584421148
calce_CS2_36,1,0.9986407160758972,0.9357303370786517,0.9522713660837445,0.8902477584421148
calce_CS2_36,1,0.9986407160758972,0.9357303370786517,0.9522713660837445,0.8902477584421148
calce_CS2_36,1,0.9986806511878967,0.9357303370786517,0.9522761541356961,0.8911697437113728
calce_CS2_36,1,0.9992493987083435,0.9357303370786517,0.952344295069429,0.9073607505878568
calce_CS2_36,1,0.9980021119117737,0.9357303370786517,0.9521947381152409,0.8777089592886294
calce_CS2_36,1,0.9983102083206177,0.9357303370786517,0.9522317220754288,0.883307781862264
calce_CS2_36,1,0.9960566759109497,0.9357303370786517,0.9519605787997277,0.8525351261806654
calce_CS2_36,1,0.9979567527770996,0.9357303370786517,0.9521892908985792,0.8769410276205667
calce_CS2_36,1,0.9979567527770996,0.9357303370786517,0.9521892908985792,0.8769410276205667
calce_CS2_36,1,0.9979567527770996,0.9357303370786517,0.9521892908985792,0.8769410276205667
calce_CS2_36,1,0.9979567527770996,0.9357303370786517,0.9521892908985792,0.8769410276205667
calce_CS2_36,1,0.9963555335998535,0.9357303370786517,0.9519966210027176,0.8556621139363343
calce_CS2_36,1,0.9963555335998535,0.9357303370786517,0.9519966210027176,0.8556621139363343
calce_CS2_36,1,0.9963555335998535,0.9357303370786517,0.9519966210027176,0.8556621139363343
calce_CS2_36,1,0.9979975819587708,0.9357303370786517,0.9521941941358678,0.8776316765189333
calce_CS2_36,1,0.9979975819587708,0.9357303370786517,0.9521941941358678,0.8776316765189333
calce_CS2_36,1,0.9964284300804138,0.9357303370786517,0.9520054084136848,0.856454670733757
calce_CS2_36,1,0.9964284300804138,0.9357303370786517,0.9520054084136848,0.856454670733757
calce_CS2_36,1,0.9983102083206177,0.9357303370786517,0.9522317220754288,0.883307781862264
calce_CS2_36,1,0.9983459711074829,0.9357303370786517,0.9522360132873782,0.8840065019805482
calce_CS2_36,1,0.9973201155662537,0.9357303370786517,0.9521127743708839,0.8673284460983485
calce_CS2_36,1,0.9967377781867981,0.9357303370786517,0.9520426822328927,0.8599633202249497
calce_CS2_36,1,0.9983102083206177,0.9357303370786517,0.9522317220754288,0.883307781862264
calce_CS2_36,1,0.9987686276435852,0.9357303370786517,0.9522867005330252,0.8932772285621423
calce_CS2_36,1,0.9986838698387146,0.9357303370786517,0.9522765400185218,0.8912449604907466
calce_CS2_36,1,0.9986838698387146,0.9357303370786517,0.9522765400185218,0.8912449604907466
calce_CS2_36,1,0.9992995262145996,0.9357303370786517,0.952350296349765,0.9091885014998001
calce_CS2_36,1,0.9986838698387146,0.9357303370786517,0.9522765400185218,0.8912449604907466
calce_CS2_36,1,0.9986838698387146,0.9357303370786517,0.9522765400185218,0.8912449604907466
calce_CS2_36,1,0.9985015392303467,0.9357303370786517,0.9522546757989699,0.8871856115637737
calce_CS2_36,1,0.9985015392303467,0.9357303370786517,0.9522546757989699,0.8871856115637737
calce_CS2_36,1,0.9983944296836853,0.9357303370786517,0.9522418272953592,0.8849716841068156
calce_CS2_36,1,0.9992995262145996,0.9357303370786517,0.952350296349765,0.9091885014998001
calce_CS2_36,1,0.9992995262145996,0.9357303370786517,0.952350296349765,0.9091885014998001
calce_CS2_36,1,0.9987686276435852,0.9357303370786517,0.9522867005330252,0.8932772285621423
calce_CS2_36,1,0.9992995262145996,0.9357303370786517,0.952350296349765,0.9091885014998001
calce_CS2_36,1,0.9986838698387146,0.9357303370786517,0.9522765400185218,0.8912449604907466
calce_CS2_36,1,0.9992995262145996,0.9357303370786517,0.952350296349765,0.9091885014998001
calce_CS2_36,1,0.9993755221366882,0.9357303370786517,0.9523593932354929,0.9121534804293427
calce_CS2_36,1,0.9987686276435852,0.9357303370786517,0.9522867005330252,0.8932772285621423
calce_CS2_36,1,0.9976873397827148,0.9357303370786517,0.9521569247140349,0.8726287178282109
calce_CS2_36,1,0.9992995262145996,0.9357303370786517,0.952350296349765,0.9091885014998001
calce_CS2_36,1,0.9993755221366882,0.9357303370786517,0.9523593932354929,0.9121534804293427
calce_CS2_36,1,0.9986838698387146,0.9357303370786517,0.9522765400185218,0.8912449604907466
calce_CS2_36,1,0.9992995262145996,0.9357303370786517,0.952350296349765,0.9091885014998001
calce_CS2_36,1,0.9998052716255188,0.9357303370786517,0.9524108041961115,0.9376128617207574
calce_CS2_36,1,0.9992995262145996,0.9357303370786517,0.952350296349765,0.9091885014998001
calce_CS2_36,1,0.9985015392303467,0.9357303370786517,0.9522546757989699,0.8871856115637737
calce_CS2_36,1,0.9985015392303467,0.9357303370786517,0.9522546757989699,0.8871856115637737
calce_CS2_36,1,0.9993755221366882,0.9357303370786517,0.9523593932354929,0.9121534804293427
calce_CS2_36,1,0.9993755221366882,0.9357303370786517,0.9523593932354929,0.9121534804293427
calce_CS2_36,1,0.9992995262145996,0.9357303370786517,0.952350296349765,0.9091885014998001
calce_CS2_36,1,0.9992995262145996,0.9357303370786517,0.952350296349765,0.9091885014998001
calce_CS2_36,1,0.9992995262145996,0.9357303370786517,0.952350296349765,0.9091885014998001
calce_CS2_36,1,0.9986838698387146,0.9357303370786517,0.9522765400185218,0.8912449604907466
calce_CS2_36,1,0.9987686276435852,0.9357303370786517,0.9522867005330252,0.8932772285621423
calce_CS2_36,1,0.9987686276435852,0.9357303370786517,0.9522867005330252,0.8932772285621423
calce_CS2_36,1,0.9987686276435852,0.9357303370786517,0.9522867005330252,0.8932772285621423
calce_CS2_36,1,0.9976873397827148,0.9357303370786517,0.9521569247140349,0.8726287178282109
calce_CS2_36,1,0.9976873397827148,0.9357303370786517,0.9521569247140349,0.8726287178282109
calce_CS2_36,1,0.9985015392303467,0.9357303370786517,0.9522546757989699,0.8871856115637737
calce_CS2_36,1,0.9971862435340881,0.9357303370786517,0.9520966696879289,0.865534157445486
calce_CS2_36,1,0.997244119644165,0.9357303370786517,0.9521036327620768,0.8663016865401816
calce_CS2_36,1,0.9971862435340881,0.9357303370786517,0.9520966696879289,0.865534157445486
calce_CS2_36,1,0.9985015392303467,0.9357303370786517,0.9522546757989699,0.8871856115637737
calce_CS2_36,1,0.997244119644165,0.9357303370786517,0.9521036327620768,0.8663016865401816
calce_CS2_36,1,0.9985015392303467,0.9357303370786517,0.9522546757989699,0.8871856115637737
calce_CS2_36,1,0.9985015392303467,0.9357303370786517,0.9522546757989699,0.8871856115637737
calce_CS2_36,1,0.9993755221366882,0.9357303370786517,0.9523593932354929,0.9121534804293427
calce_CS2_36,1,0.9988264441490173,0.9357303370786517,0.9522936302254401,0.8947244646626991
calce_CS2_36,1,0.9993755221366882,0.9357303370786517,0.9523593932354929,0.9121534804293427
calce_CS2_36,1,0.9992995262145996,0.9357303370786517,0.952350296349765,0.9091885014998001
calce_CS2_36,1,0.9986838698387146,0.9357303370786517,0.9522765400185218,0.8912449604907466
calce_CS2_36,1,0.9986838698387146,0.9357303370786517,0.9522765400185218,0.8912449604907466
calce_CS2_36,1,0.9993755221366882,0.9357303370786517,0.9523593932354929,0.9121534804293427
calce_CS2_36,1,0.9988264441490173,0.9357303370786517,0.9522936302254401,0.8947244646626991
calce_CS2_36,1,0.9993755221366882,0.9357303370786517,0.9523593932354929,0.9121534804293427
calce_CS2_36,1,0.9993755221366882,0.9357303370786517,0.9523593932354929,0.9121534804293427
calce_CS2_36,1,0.9993755221366882,0.9357303370786517,0.9523593932354929,0.9121534804293427
calce_CS2_36,1,0.9988264441490173,0.9357303370786517,0.9522936302254401,0.8947244646626991
calce_CS2_36,1,0.9986838698387146,0.9357303370786517,0.9522765400185218,0.8912449604907466
calce_CS2_36,1,0.9987686276435852,0.9357303370786517,0.9522867005330252,0.8932772285621423
calce_CS2_36,1,0.9993755221366882,0.9357303370786517,0.9523593932354929,0.9121534804293427
calce_CS2_36,1,0.9993755221366882,0.9357303370786517,0.9523593932354929,0.9121534804293427
calce_CS2_36,1,0.9993755221366882,0.9357303370786517,0.9523593932354929,0.9121534804293427
calce_CS2_36,1,0.9988264441490173,0.9357303370786517,0.9522936302254401,0.8947244646626991
calce_CS2_36,1,0.9993755221366882,0.9357303370786517,0.9523593932354929,0.9121534804293427
calce_CS2_36,1,0.9988264441490173,0.9357303370786517,0.9522936302254401,0.8947244646626991
calce_CS2_36,1,0.9986838698387146,0.9357303370786517,0.9522765400185218,0.8912449604907466
calce_CS2_36,1,0.9986838698387146,0.9357303370786517,0.9522765400185218,0.8912449604907466
calce_CS2_36,1,0.9992995262145996,0.9357303370786517,0.952350296349765,0.9091885014998001
calce_CS2_36,1,0.9988264441490173,0.9357303370786517,0.9522936302254401,0.8947244646626991
calce_CS2_36,1,0.9993755221366882,0.9357303370786517,0.9523593932354929,0.9121534804293427
calce_CS2_36,1,0.9993755221366882,0.9357303370786517,0.9523593932354929,0.9121534804293427
calce_CS2_36,1,0.9988264441490173,0.9357303370786517,0.9522936302254401,0.8947244646626991
calce_CS2_36,1,0.9993755221366882,0.9357303370786517,0.9523593932354929,0.9121534804293427
calce_CS2_36,1,0.9988264441490173,0.9357303370786517,0.9522936302254401,0.8947244646626991
calce_CS2_36,1,0.9988264441490173,0.9357303370786517,0.9522936302254401,0.8947244646626991
calce_CS2_36,1,0.9998332262039185,0.9357303370786517,0.9524141465778264,0.9404275227072203
calce_CS2_36,1,0.9995918869972229,0.9357303370786517,0.9523852835699751,0.9223855253146804
calce_CS2_36,1,0.9988264441490173,0.9357303370786517,0.9522936302254401,0.8947244646626991
calce_CS2_36,1,0.9988264441490173,0.9357303370786517,0.9522936302254401,0.8947244646626991
calce_CS2_36,1,0.9993755221366882,0.9357303370786517,0.9523593932354929,0.9121534804293427
calce_CS2_36,1,0.9993755221366882,0.9357303370786517,0.9523593932354929,0.9121534804293427
calce_CS2_36,1,0.9993755221366882,0.9357303370786517,0.9523593932354929,0.9121534804293427
calce_CS2_36,1,0.9993755221366882,0.9357303370786517,0.9523593932354929,0.9121534804293427
calce_CS2_36,1,0.9976873397827148,0.9357303370786517,0.9521569247140349,0.8726287178282109
calce_CS2_36,1,0.9985015392303467,0.9357303370786517,0.9522546757989699,0.8871856115637737
calce_CS2_36,1,0.9987686276435852,0.9357303370786517,0.9522867005330252,0.8932772285621423
calce_CS2_36,1,0.9976873397827148,0.9357303370786517,0.9521569247140349,0.8726287178282109
calce_CS2_36,1,0.9976873397827148,0.9357303370786517,0.9521569247140349,0.8726287178282109
calce_CS2_36,1,0.9987686276435852,0.9357303370786517,0.9522867005330252,0.8932772285621423
calce_CS2_36,1,0.9987686276435852,0.9357303370786517,0.9522867005330252,0.8932772285621423
calce_CS2_36,1,0.9976873397827148,0.9357303370786517,0.9521569247140349,0.8726287178282109
calce_CS2_36,1,0.9987686276435852,0.9357303370786517,0.9522867005330252,0.8932772285621423
calce_CS2_36,1,0.9985015392303467,0.9357303370786517,0.9522546757989699,0.8871856115637737
calce_CS2_36,1,0.9976873397827148,0.9357303370786517,0.9521569247140349,0.8726287178282109
calce_CS2_36,1,0.9976873397827148,0.9357303370786517,0.9521569247140349,0.8726287178282109
calce_CS2_36,1,0.9987686276435852,0.9357303370786517,0.9522867005330252,0.8932772285621423
calce_CS2_36,1,0.9986838698387146,0.9357303370786517,0.9522765400185218,0.8912449604907466
calce_CS2_36,1,0.9992995262145996,0.9357303370786517,0.952350296349765,0.9091885014998001
calce_CS2_36,1,0.9976873397827148,0.9357303370786517,0.9521569247140349,0.8726287178282109
calce_CS2_36,1,0.9987686276435852,0.9357303370786517,0.9522867005330252,0.8932772285621423
calce_CS2_36,1,0.9987686276435852,0.9357303370786517,0.9522867005330252,0.8932772285621423
calce_CS2_36,1,0.9992995262145996,0.9357303370786517,0.952350296349765,0.9091885014998001
calce_CS2_36,1,0.9993755221366882,0.9357303370786517,0.9523593932354929,0.9121534804293427
calce_CS2_36,1,0.9988264441490173,0.9357303370786517,0.9522936302254401,0.8947244646626991
calce_CS2_36,1,0.9993755221366882,0.9357303370786517,0.9523593932354929,0.9121534804293427
calce_CS2_36,1,0.9988264441490173,0.9357303370786517,0.9522936302254401,0.8947244646626991
calce_CS2_36,1,0.9993755221366882,0.9357303370786517,0.9523593932354929,0.9121534804293427
calce_CS2_36,1,0.9987686276435852,0.9357303370786517,0.9522867005330252,0.8932772285621423
calce_CS2_36,1,0.9986838698387146,0.9357303370786517,0.9522765400185218,0.8912449604907466
calce_CS2_36,1,0.9986838698387146,0.9357303370786517,0.9522765400185218,0.8912449604907466
calce_CS2_36,1,0.9993755221366882,0.9357303370786517,0.9523593932354929,0.9121534804293427
calce_CS2_36,1,0.9988264441490173,0.9357303370786517,0.9522936302254401,0.8947244646626991
calce_CS2_36,1,0.9988264441490173,0.9357303370786517,0.9522936302254401,0.8947244646626991
calce_CS2_36,1,0.9988264441490173,0.9357303370786517,0.9522936302254401,0.8947244646626991
calce_CS2_36,1,0.9988264441490173,0.9357303370786517,0.9522936302254401,0.8947244646626991
calce_CS2_36,1,0.9988264441490173,0.9357303370786517,0.9522936302254401,0.8947244646626991
calce_CS2_36,1,0.9986838698387146,0.9357303370786517,0.9522765400185218,0.8912449604907466
calce_CS2_36,1,0.9992995262145996,0.9357303370786517,0.952350296349765,0.9091885014998001
calce_CS2_36,1,0.9987686276435852,0.9357303370786517,0.9522867005330252,0.8932772285621423
calce_CS2_36,1,0.9993755221366882,0.9357303370786517,0.9523593932354929,0.9121534804293427
calce_CS2_36,1,0.9993755221366882,0.9357303370786517,0.9523593932354929,0.9121534804293427
calce_CS2_36,1,0.9993755221366882,0.9357303370786517,0.9523593932354929,0.9121534804293427
calce_CS2_36,1,0.9985015392303467,0.9357303370786517,0.9522546757989699,0.8871856115637737
calce_CS2_36,1,0.9992995262145996,0.9357303370786517,0.952350296349765,0.9091885014998001
calce_CS2_36,1,0.9993755221366882,0.9357303370786517,0.9523593932354929,0.9121534804293427
calce_CS2_36,1,0.9998558759689331,0.9357303370786517,0.952416854527388,0.9429694301752987
calce_CS2_36,1,0.9988264441490173,0.9357303370786517,0.9522936302254401,0.8947244646626991
calce_CS2_36,1,0.9988264441490173,0.9357303370786517,0.9522936302254401,0.8947244646626991
calce_CS2_36,1,0.9988264441490173,0.9357303370786517,0.9522936302254401,0.8947244646626991
calce_CS2_36,1,0.999629020690918,0.9357303370786517,0.9523897256634484,0.924525120025404
calce_CS2_36,1,0.9998995065689087,0.9828571428571429,0.9524220704807583,0.9488181984764107
calce_CS2_36,1,0.999908447265625,0.9828571428571429,0.9524231392565996,0.9502346919858758
calce_CS2_36,1,0.999908447265625,0.9828571428571429,0.9524231392565996,0.9502346919858758
calce_CS2_36,1,0.9997573494911194,0.9357303370786517,0.9524050738799833,0.933402892541154
calce_CS2_36,1,0.999908447265625,0.9828571428571429,0.9524231392565996,0.9502346919858758
calce_CS2_36,1,0.999908447265625,0.9828571428571429,0.9524231392565996,0.9502346919858758
calce_CS2_36,1,0.9998517036437988,0.9357303370786517,0.9524163557055747,0.9424805974638474
calce_CS2_36,1,0.9995918869972229,0.9357303370786517,0.9523852835699751,0.9223855253146804
calce_CS2_36,1,0.999755322933197,0.9357303370786517,0.9524048315387358,0.9332386760226605
calce_CS2_36,1,0.999908447265625,0.9828571428571429,0.9524231392565996,0.9502346919858758
calce_CS2_36,1,0.999908447265625,0.9828571428571429,0.9524231392565996,0.9502346919858758
calce_CS2_36,1,0.999908447265625,0.9828571428571429,0.9524231392565996,0.9502346919858758
calce_CS2_36,1,0.9997573494911194,0.9357303370786517,0.9524050738799833,0.933402892541154
calce_CS2_36,1,0.999908447265625,0.9828571428571429,0.9524231392565996,0.9502346919858758
calce_CS2_36,1,0.9997573494911194,0.9357303370786517,0.9524050738799833,0.933402892541154
calce_CS2_36,1,0.999908447265625,0.9828571428571429,0.9524231392565996,0.9502346919858758
calce_CS2_36,1,0.9999046325683594,0.9828571428571429,0.9524226832483638,0.9496187425996108
calce_CS2_36,1,0.9998716115951538,0.9633802816901409,0.9524187357535284,0.9449100825851555
calce_CS2_36,1,0.9997338652610779,0.9357303370786517,0.9524022655006665,0.9315576419997078
calce_CS2_36,1,0.999908447265625,0.9828571428571429,0.9524231392565996,0.9502346919858758
calce_CS2_36,1,0.999908447265625,0.9828571428571429,0.9524231392565996,0.9502346919858758
calce_CS2_36,1,0.999908447265625,0.9828571428571429,0.9524231392565996,0.9502346919858758
calce_CS2_36,1,0.999908447265625,0.9828571428571429,0.9524231392565996,0.9502346919858758
calce_CS2_36,1,0.999908447265625,0.9828571428571429,0.9524231392565996,0.9502346919858758
calce_CS2_36,1,0.9997573494911194,0.9357303370786517,0.9524050738799833,0.933402892541154
calce_CS2_36,1,0.999908447265625,0.9828571428571429,0.9524231392565996,0.9502346919858758
calce_CS2_36,1,0.9997573494911194,0.9357303370786517,0.9524050738799833,0.933402892541154
calce_CS2_36,1,0.999908447265625,0.9828571428571429,0.9524231392565996,0.9502346919858758
calce_CS2_36,1,0.9997573494911194,0.9357303370786517,0.9524050738799833,0.933402892541154
calce_CS2_36,1,0.9997573494911194,0.9357303370786517,0.9524050738799833,0.933402892541154
calce_CS2_36,1,0.999908447265625,0.9828571428571429,0.9524231392565996,0.9502346919858758
calce_CS2_36,1,0.999908447265625,0.9828571428571429,0.9524231392565996,0.9502346919858758
calce_CS2_36,1,0.999908447265625,0.9828571428571429,0.9524231392565996,0.9502346919858758
calce_CS2_36,1,0.9997573494911194,0.9357303370786517,0.9524050738799833,0.933402892541154
calce_CS2_36,1,0.999908447265625,0.9828571428571429,0.9524231392565996,0.9502346919858758
calce_CS2_36,1,0.9997573494911194,0.9357303370786517,0.9524050738799833,0.933402892541154
calce_CS2_36,1,0.999908447265625,0.9828571428571429,0.9524231392565996,0.9502346919858758
calce_CS2_36,1,0.9997573494911194,0.9357303370786517,0.9524050738799833,0.933402892541154
calce_CS2_36,1,0.999908447265625,0.9828571428571429,0.9524231392565996,0.9502346919858758
calce_CS2_36,1,0.9997573494911194,0.9357303370786517,0.9524050738799833,0.933402892541154
calce_CS2_36,1,0.999908447265625,0.9828571428571429,0.9524231392565996,0.9502346919858758
calce_CS2_36,1,0.999908447265625,0.9828571428571429,0.9524231392565996,0.9502346919858758
calce_CS2_36,1,0.9999004602432251,0.9828571428571429,0.9524221844846015,0.9489648893409265
calce_CS2_36,1,0.9999039173126221,0.9828571428571429,0.9524225977463574,0.9495052206823164
calce_CS2_36,1,0.999908447265625,0.9828571428571429,0.9524231392565996,0.9502346919858758
calce_CS2_36,1,0.999908447265625,0.9828571428571429,0.9524231392565996,0.9502346919858758
calce_CS2_36,1,0.9997573494911194,0.9357303370786517,0.9524050738799833,0.933402892541154
calce_CS2_36,1,0.999908447265625,0.9828571428571429,0.9524231392565996,0.9502346919858758
calce_CS2_36,1,0.999908447265625,0.9828571428571429,0.9524231392565996,0.9502346919858758
calce_CS2_36,1,0.999908447265625,0.9828571428571429,0.9524231392565996,0.9502346919858758
calce_CS2_36,1,0.999908447265625,0.9828571428571429,0.9524231392565996,0.9502346919858758
calce_CS2_36,1,0.999908447265625,0.9828571428571429,0.9524231392565996,0.9502346919858758
calce_CS2_36,1,0.9997573494911194,0.9357303370786517,0.9524050738799833,0.933402892541154
calce_CS2_36,1,0.9997573494911194,0.9357303370786517,0.9524050738799833,0.933402892541154
calce_CS2_36,1,0.999908447265625,0.9828571428571429,0.9524231392565996,0.9502346919858758
calce_CS2_36,1,0.9997573494911194,0.9357303370786517,0.9524050738799833,0.933402892541154
calce_CS2_36,1,0.9997573494911194,0.9357303370786517,0.9524050738799833,0.933402892541154
calce_CS2_36,1,0.999908447265625,0.9828571428571429,0.9524231392565996,0.9502346919858758
calce_CS2_36,1,0.999908447265625,0.9828571428571429,0.9524231392565996,0.9502346919858758
calce_CS2_36,1,0.9997573494911194,0.9357303370786517,0.9524050738799833,0.933402892541154
calce_CS2_36,1,0.999908447265625,0.9828571428571429,0.9524231392565996,0.9502346919858758
calce_CS2_36,1,0.999908447265625,0.9828571428571429,0.9524231392565996,0.9502346919858758
calce_CS2_36,1,0.9997573494911194,0.9357303370786517,0.9524050738799833,0.933402892541154
calce_CS2_36,1,0.9999010562896729,0.9828571428571429,0.9524222557368718,0.9490570821761134
calce_CS2_36,1,0.999908447265625,0.9828571428571429,0.9524231392565996,0.9502346919858758
calce_CS2_36,1,0.999908447265625,0.9828571428571429,0.9524231392565996,0.9502346919858758
calce_CS2_36,1,0.999908447265625,0.9828571428571429,0.9524231392565996,0.9502346919858758
calce_CS2_36,1,0.9997573494911194,0.9357303370786517,0.9524050738799833,0.933402892541154
calce_CS2_36,1,0.9997573494911194,0.9357303370786517,0.9524050738799833,0.933402892541154
calce_CS2_36,1,0.999908447265625,0.9828571428571429,0.9524231392565996,0.9502346919858758
calce_CS2_36,1,0.999908447265625,0.9828571428571429,0.9524231392565996,0.9502346919858758
calce_CS2_36,1,0.9997573494911194,0.9357303370786517,0.9524050738799833,0.933402892541154
calce_CS2_36,1,0.999908447265625,0.9828571428571429,0.9524231392565996,0.9502346919858758
calce_CS2_36,1,0.999908447265625,0.9828571428571429,0.9524231392565996,0.9502346919858758
calce_CS2_36,1,0.999908447265625,0.9828571428571429,0.9524231392565996,0.9502346919858758
calce_CS2_36,1,0.999908447265625,0.9828571428571429,0.9524231392565996,0.9502346919858758
calce_CS2_36,1,0.999908447265625,0.9828571428571429,0.9524231392565996,0.9502346919858758
calce_CS2_36,1,0.9997573494911194,0.9357303370786517,0.9524050738799833,0.933402892541154
calce_CS2_36,1,0.999908447265625,0.9828571428571429,0.9524231392565996,0.9502346919858758
calce_CS2_36,1,0.999908447265625,0.9828571428571429,0.9524231392565996,0.9502346919858758
calce_CS2_36,1,0.9997573494911194,0.9357303370786517,0.9524050738799833,0.933402892541154
calce_CS2_36,1,0.9997573494911194,0.9357303370786517,0.9524050738799833,0.933402892541154
calce_CS2_36,1,0.999908447265625,0.9828571428571429,0.9524231392565996,0.9502346919858758
calce_CS2_36,1,0.999908447265625,0.9828571428571429,0.9524231392565996,0.9502346919858758
calce_CS2_36,1,0.999908447265625,0.9828571428571429,0.9524231392565996,0.9502346919858758
calce_CS2_36,1,0.999908447265625,0.9828571428571429,0.9524231392565996,0.9502346919858758
calce_CS2_36,1,0.9997573494911194,0.9357303370786517,0.9524050738799833,0.933402892541154
calce_CS2_36,1,0.999908447265625,0.9828571428571429,0.9524231392565996,0.9502346919858758
calce_CS2_36,1,0.999908447265625,0.9828571428571429,0.9524231392565996,0.9502346919858758
calce_CS2_36,1,0.999908447265625,0.9828571428571429,0.9524231392565996,0.9502346919858758
calce_CS2_36,1,0.9997573494911194,0.9357303370786517,0.9524050738799833,0.933402892541154
calce_CS2_36,1,0.999908447265625,0.9828571428571429,0.9524231392565996,0.9502346919858758
calce_CS2_36,1,0.9997573494911194,0.9357303370786517,0.9524050738799833,0.933402892541154
calce_CS2_36,1,0.999908447265625,0.9828571428571429,0.9524231392565996,0.9502346919858758
calce_CS2_36,1,0.9997573494911194,0.9357303370786517,0.9524050738799833,0.933402892541154
calce_CS2_36,1,0.9997573494911194,0.9357303370786517,0.9524050738799833,0.933402892541154
calce_CS2_36,1,0.999908447265625,0.9828571428571429,0.9524231392565996,0.9502346919858758
calce_CS2_36,1,0.999908447265625,0.9828571428571429,0.9524231392565996,0.9502346919858758
calce_CS2_36,1,0.9997573494911194,0.9357303370786517,0.9524050738799833,0.933402892541154
calce_CS2_36,1,0.999908447265625,0.9828571428571429,0.9524231392565996,0.9502346919858758
calce_CS2_36,1,0.999908447265625,0.9828571428571429,0.9524231392565996,0.9502346919858758
calce_CS2_36,1,0.999908447265625,0.9828571428571429,0.9524231392565996,0.9502346919858758
calce_CS2_36,1,0.999908447265625,0.9828571428571429,0.9524231392565996,0.9502346919858758
calce_CS2_36,1,0.999908447265625,0.9828571428571429,0.9524231392565996,0.9502346919858758
calce_CS2_36,1,0.999908447265625,0.9828571428571429,0.9524231392565996,0.9502346919858758
calce_CS2_36,1,0.9997573494911194,0.9357303370786517,0.9524050738799833,0.933402892541154
calce_CS2_36,1,0.999908447265625,0.9828571428571429,0.9524231392565996,0.9502346919858758
calce_CS2_36,1,0.999908447265625,0.9828571428571429,0.9524231392565996,0.9502346919858758
calce_CS2_36,1,0.999908447265625,0.9828571428571429,0.9524231392565996,0.9502346919858758
calce_CS2_36,1,0.999908447265625,0.9828571428571429,0.9524231392565996,0.9502346919858758
calce_CS2_36,1,0.9997573494911194,0.9357303370786517,0.9524050738799833,0.933402892541154
calce_CS2_36,1,0.999908447265625,0.9828571428571429,0.9524231392565996,0.9502346919858758
calce_CS2_36,1,0.9997573494911194,0.9357303370786517,0.9524050738799833,0.933402892541154
calce_CS2_36,1,0.999908447265625,0.9828571428571429,0.9524231392565996,0.9502346919858758
calce_CS2_36,1,0.999908447265625,0.9828571428571429,0.9524231392565996,0.9502346919858758
calce_CS2_36,1,0.9998947381973267,0.9828571428571429,0.9524215004576497,0.9480993165737959
calce_CS2_36,1,0.9998947381973267,0.9828571428571429,0.9524215004576497,0.9480993165737959
calce_CS2_36,1,0.999908447265625,0.9828571428571429,0.9524231392565996,0.9502346919858758
calce_CS2_36,1,0.999908447265625,0.9828571428571429,0.9524231392565996,0.9502346919858758
calce_CS2_36,1,0.9998947381973267,0.9828571428571429,0.9524215004576497,0.9480993165737959
calce_CS2_36,1,0.9998931884765625,0.9828571428571429,0.9524213151987423,0.947870704183555
calce_CS2_36,1,0.999908447265625,0.9828571428571429,0.9524231392565996,0.9502346919858758
calce_CS2_36,1,0.9998931884765625,0.9828571428571429,0.9524213151987423,0.947870704183555
calce_CS2_36,1,0.9998931884765625,0.9828571428571429,0.9524213151987423,0.947870704183555
calce_CS2_36,1,0.9998931884765625,0.9828571428571429,0.9524213151987423,0.947870704183555
calce_CS2_36,1,0.999908447265625,0.9828571428571429,0.9524231392565996,0.9502346919858758
calce_CS2_36,1,0.999908447265625,0.9828571428571429,0.9524231392565996,0.9502346919858758
calce_CS2_36,1,0.9997573494911194,0.9357303370786517,0.9524050738799833,0.933402892541154
calce_CS2_36,1,0.999908447265625,0.9828571428571429,0.9524231392565996,0.9502346919858758
calce_CS2_36,1,0.999908447265625,0.9828571428571429,0.9524231392565996,0.9502346919858758
calce_CS2_36,1,0.999908447265625,0.9828571428571429,0.9524231392565996,0.9502346919858758
calce_CS2_36,1,0.999908447265625,0.9828571428571429,0.9524231392565996,0.9502346919858758
calce_CS2_36,1,0.999908447265625,0.9828571428571429,0.9524231392565996,0.9502346919858758
calce_CS2_36,1,0.999908447265625,0.9828571428571429,0.9524231392565996,0.9502346919858758
calce_CS2_36,1,0.999908447265625,0.9828571428571429,0.9524231392565996,0.9502346919858758
calce_CS2_36,1,0.999908447265625,0.9828571428571429,0.9524231392565996,0.9502346919858758
calce_CS2_36,1,0.999908447265625,0.9828571428571429,0.9524231392565996,0.9502346919858758
calce_CS2_36,1,0.999908447265625,0.9828571428571429,0.9524231392565996,0.9502346919858758
calce_CS2_36,1,0.999908447265625,0.9828571428571429,0.9524231392565996,0.9502346919858758
calce_CS2_36,1,0.999908447265625,0.9828571428571429,0.9524231392565996,0.9502346919858758
calce_CS2_36,1,0.999908447265625,0.9828571428571429,0.9524231392565996,0.9502346919858758
calce_CS2_36,1,0.999908447265625,0.9828571428571429,0.9524231392565996,0.9502346919858758
calce_CS2_36,1,0.999908447265625,0.9828571428571429,0.9524231392565996,0.9502346919858758
calce_CS2_36,1,0.999908447265625,0.9828571428571429,0.9524231392565996,0.9502346919858758
calce_CS2_36,1,0.999908447265625,0.9828571428571429,0.9524231392565996,0.9502346919858758
calce_CS2_36,1,0.999908447265625,0.9828571428571429,0.9524231392565996,0.9502346919858758
calce_CS2_36,1,0.9997573494911194,0.9357303370786517,0.9524050738799833,0.933402892541154
calce_CS2_36,1,0.999908447265625,0.9828571428571429,0.9524231392565996,0.9502346919858758
calce_CS2_36,1,0.999908447265625,0.9828571428571429,0.9524231392565996,0.9502346919858758
calce_CS2_36,1,0.999908447265625,0.9828571428571429,0.9524231392565996,0.9502346919858758
calce_CS2_36,1,0.999908447265625,0.9828571428571429,0.9524231392565996,0.9502346919858758
calce_CS2_36,1,0.9998947381973267,0.9828571428571429,0.9524215004576497,0.9480993165737959
calce_CS2_36,1,0.999908447265625,0.9828571428571429,0.9524231392565996,0.9502346919858758
calce_CS2_36,1,0.9998931884765625,0.9828571428571429,0.9524213151987423,0.947870704183555
calce_CS2_36,1,0.9998947381973267,0.9828571428571429,0.9524215004576497,0.9480993165737959
calce_CS2_36,1,0.999908447265625,0.9828571428571429,0.9524231392565996,0.9502346919858758
calce_CS2_36,1,0.9998947381973267,0.9828571428571429,0.9524215004576497,0.9480993165737959
calce_CS2_36,1,0.999908447265625,0.9828571428571429,0.9524231392565996,0.9502346919858758
calce_CS2_36,1,0.999908447265625,0.9828571428571429,0.9524231392565996,0.9502346919858758
calce_CS2_36,1,0.999908447265625,0.9828571428571429,0.9524231392565996,0.9502346919858758
calce_CS2_36,1,0.999908447265625,0.9828571428571429,0.9524231392565996,0.9502346919858758
calce_CS2_36,1,0.999908447265625,0.9828571428571429,0.9524231392565996,0.9502346919858758
calce_CS2_36,1,0.999908447265625,0.9828571428571429,0.9524231392565996,0.9502346919858758
calce_CS2_36,1,0.9998947381973267,0.9828571428571429,0.9524215004576497,0.9480993165737959
calce_CS2_36,1,0.999908447265625,0.9828571428571429,0.9524231392565996,0.9502346919858758
calce_CS2_36,1,0.999908447265625,0.9828571428571429,0.9524231392565996,0.9502346919858758
calce_CS2_36,1,0.999908447265625,0.9828571428571429,0.9524231392565996,0.9502346919858758
calce_CS2_36,1,0.999908447265625,0.9828571428571429,0.9524231392565996,0.9502346919858758
calce_CS2_36,1,0.9997573494911194,0.9357303370786517,0.9524050738799833,0.933402892541154
calce_CS2_36,1,0.999908447265625,0.9828571428571429,0.9524231392565996,0.9502346919858758
calce_CS2_36,1,0.9998947381973267,0.9828571428571429,0.9524215004576497,0.9480993165737959
calce_CS2_36,1,0.999908447265625,0.9828571428571429,0.9524231392565996,0.9502346919858758
calce_CS2_36,1,0.999908447265625,0.9828571428571429,0.9524231392565996,0.9502346919858758
calce_CS2_36,1,0.999908447265625,0.9828571428571429,0.9524231392565996,0.9502346919858758
calce_CS2_36,1,0.999908447265625,0.9828571428571429,0.9524231392565996,0.9502346919858758
calce_CS2_36,1,0.999908447265625,0.9828571428571429,0.9524231392565996,0.9502346919858758
calce_CS2_36,1,0.999908447265625,0.9828571428571429,0.9524231392565996,0.9502346919858758
calce_CS2_36,1,0.999908447265625,0.9828571428571429,0.9524231392565996,0.9502346919858758
calce_CS2_36,1,0.9997573494911194,0.9357303370786517,0.9524050738799833,0.933402892541154
calce_CS2_36,1,0.999908447265625,0.9828571428571429,0.9524231392565996,0.9502346919858758
calce_CS2_36,1,0.999908447265625,0.9828571428571429,0.9524231392565996,0.9502346919858758
calce_CS2_36,1,0.999908447265625,0.9828571428571429,0.9524231392565996,0.9502346919858758
calce_CS2_36,1,0.999908447265625,0.9828571428571429,0.9524231392565996,0.9502346919858758
calce_CS2_36,1,0.999908447265625,0.9828571428571429,0.9524231392565996,0.9502346919858758
calce_CS2_36,1,0.999908447265625,0.9828571428571429,0.9524231392565996,0.9502346919858758
calce_CS2_36,1,0.999908447265625,0.9828571428571429,0.9524231392565996,0.9502346919858758
calce_CS2_36,1,0.999908447265625,0.9828571428571429,0.9524231392565996,0.9502346919858758
calce_CS2_36,1,0.9998947381973267,0.9828571428571429,0.9524215004576497,0.9480993165737959
calce_CS2_36,1,0.999908447265625,0.9828571428571429,0.9524231392565996,0.9502346919858758
calce_CS2_36,1,0.999908447265625,0.9828571428571429,0.9524231392565996,0.9502346919858758
calce_CS2_36,1,0.999908447265625,0.9828571428571429,0.9524231392565996,0.9502346919858758
calce_CS2_36,1,0.999908447265625,0.9828571428571429,0.9524231392565996,0.9502346919858758
calce_CS2_36,1,0.9999257326126099,1.0,0.9524252054918826,0.9532813296654044
calce_CS2_36,1,0.999908447265625,0.9828571428571429,0.9524231392565996,0.9502346919858758
calce_CS2_36,1,0.999908447265625,0.9828571428571429,0.9524231392565996,0.9502346919858758
calce_CS2_36,1,0.999908447265625,0.9828571428571429,0.9524231392565996,0.9502346919858758
calce_CS2_36,1,0.9997573494911194,0.9357303370786517,0.9524050738799833,0.933402892541154
calce_CS2_36,1,0.999908447265625,0.9828571428571429,0.9524231392565996,0.9502346919858758
calce_CS2_36,1,0.999908447265625,0.9828571428571429,0.9524231392565996,0.9502346919858758
calce_CS2_36,1,0.999908447265625,0.9828571428571429,0.9524231392565996,0.9502346919858758
calce_CS2_36,1,0.999908447265625,0.9828571428571429,0.9524231392565996,0.9502346919858758
calce_CS2_36,1,0.999908447265625,0.9828571428571429,0.9524231392565996,0.9502346919858758
calce_CS2_36,1,0.999908447265625,0.9828571428571429,0.9524231392565996,0.9502346919858758
calce_CS2_36,1,0.9997573494911194,0.9357303370786517,0.9524050738799833,0.933402892541154
calce_CS2_36,1,0.999908447265625,0.9828571428571429,0.9524231392565996,0.9502346919858758
calce_CS2_36,1,0.999908447265625,0.9828571428571429,0.9524231392565996,0.9502346919858758
calce_CS2_36,1,0.999908447265625,0.9828571428571429,0.9524231392565996,0.9502346919858758
calce_CS2_36,1,0.999908447265625,0.9828571428571429,0.9524231392565996,0.9502346919858758
calce_CS2_36,1,0.9997573494911194,0.9357303370786517,0.9524050738799833,0.933402892541154
calce_CS2_36,1,0.999908447265625,0.9828571428571429,0.9524231392565996,0.9502346919858758
calce_CS2_36,1,0.9997573494911194,0.9357303370786517,0.9524050738799833,0.933402892541154
calce_CS2_36,1,0.9997573494911194,0.9357303370786517,0.9524050738799833,0.933402892541154
calce_CS2_36,1,0.9997573494911194,0.9357303370786517,0.9524050738799833,0.933402892541154
calce_CS2_36,1,0.9997573494911194,0.9357303370786517,0.9524050738799833,0.933402892541154
calce_CS2_36,1,0.999908447265625,0.9828571428571429,0.9524231392565996,0.9502346919858758
calce_CS2_36,1,0.9997573494911194,0.9357303370786517,0.9524050738799833,0.933402892541154
calce_CS2_36,1,0.999908447265625,0.9828571428571429,0.9524231392565996,0.9502346919858758
calce_CS2_36,1,0.999908447265625,0.9828571428571429,0.9524231392565996,0.9502346919858758
calce_CS2_36,1,0.9997212290763855,0.9357303370786517,0.952400754327871,0.930613289517092
calce_CS2_36,1,0.999908447265625,0.9828571428571429,0.9524231392565996,0.9502346919858758
calce_CS2_36,1,0.999908447265625,0.9828571428571429,0.9524231392565996,0.9502346919858758
calce_CS2_36,1,0.999908447265625,0.9828571428571429,0.9524231392565996,0.9502346919858758
calce_CS2_36,1,0.999908447265625,0.9828571428571429,0.9524231392565996,0.9502346919858758
calce_CS2_36,1,0.999908447265625,0.9828571428571429,0.9524231392565996,0.9502346919858758
calce_CS2_36,1,0.999908447265625,0.9828571428571429,0.9524231392565996,0.9502346919858758
calce_CS2_36,1,0.9997573494911194,0.9357303370786517,0.9524050738799833,0.933402892541154
calce_CS2_36,1,0.999908447265625,0.9828571428571429,0.9524231392565996,0.9502346919858758
calce_CS2_36,1,0.999908447265625,0.9828571428571429,0.9524231392565996,0.9502346919858758
calce_CS2_36,1,0.9997573494911194,0.9357303370786517,0.9524050738799833,0.933402892541154
calce_CS2_36,1,0.999908447265625,0.9828571428571429,0.9524231392565996,0.9502346919858758
calce_CS2_36,1,0.999908447265625,0.9828571428571429,0.9524231392565996,0.9502346919858758
calce_CS2_36,1,0.9997573494911194,0.9357303370786517,0.9524050738799833,0.933402892541154
calce_CS2_36,1,0.9997573494911194,0.9357303370786517,0.9524050738799833,0.933402892541154
calce_CS2_36,1,0.999908447265625,0.9828571428571429,0.9524231392565996,0.9502346919858758
calce_CS2_36,1,0.9998947381973267,0.9828571428571429,0.9524215004576497,0.9480993165737959
calce_CS2_36,1,0.9997573494911194,0.9357303370786517,0.9524050738799833,0.933402892541154
calce_CS2_36,1,0.999908447265625,0.9828571428571429,0.9524231392565996,0.9502346919858758
calce_CS2_36,1,0.999908447265625,0.9828571428571429,0.9524231392565996,0.9502346919858758
calce_CS2_36,1,0.999908447265625,0.9828571428571429,0.9524231392565996,0.9502346919858758
calce_CS2_36,1,0.999908447265625,0.9828571428571429,0.9524231392565996,0.9502346919858758
calce_CS2_36,1,0.999908447265625,0.9828571428571429,0.9524231392565996,0.9502346919858758
calce_CS2_36,1,0.999908447265625,0.9828571428571429,0.9524231392565996,0.9502346919858758
calce_CS2_36,1,0.9990980625152588,0.9357303370786517,0.9523261726979335,0.9023418840107684
calce_CS2_36,1,0.9984765648841858,0.9357303370786517,0.952251680253349,0.8866589977144751
calce_CS2_36,1,0.9984765648841858,0.9357303370786517,0.952251680253349,0.8866589977144751
calce_CS2_36,1,0.9984765648841858,0.9357303370786517,0.952251680253349,0.8866589977144751
calce_CS2_36,1,0.9991508722305298,0.9357303370786517,0.9523324973568295,0.9040168457826359
calce_CS2_36,1,0.9994412064552307,0.9357303370786517,0.9523672544694395,0.9149390244561406
calce_CS2_36,1,0.9994412064552307,0.9357303370786517,0.9523672544694395,0.9149390244561406
calce_CS2_36,1,0.9990980625152588,0.9357303370786517,0.9523261726979335,0.9023418840107684
calce_CS2_36,1,0.9991508722305298,0.9357303370786517,0.9523324973568295,0.9040168457826359
calce_CS2_36,1,0.9993546605110168,0.9357303370786517,0.952356896215473,0.9113141548819276
calce_CS2_36,1,0.9990980625152588,0.9357303370786517,0.9523261726979335,0.9023418840107684
calce_CS2_36,1,0.9992189407348633,0.9357303370786517,0.9523406482808845,0.906293942181626
calce_CS2_36,1,0.9992189407348633,0.9357303370786517,0.9523406482808845,0.906293942181626
calce_CS2_36,1,0.9992189407348633,0.9357303370786517,0.9523406482808845,0.906293942181626
calce_CS2_36,1,0.9994412064552307,0.9357303370786517,0.9523672544694395,0.9149390244561406
calce_CS2_36,1,0.9992189407348633,0.9357303370786517,0.9523406482808845,0.906293942181626
calce_CS2_36,1,0.9992189407348633,0.9357303370786517,0.9523406482808845,0.906293942181626
calce_CS2_36,1,0.9992189407348633,0.9357303370786517,0.9523406482808845,0.906293942181626
calce_CS2_36,1,0.9993153810501099,0.9357303370786517,0.9523521943460554,0.9097867138332127
calce_CS2_36,1,0.9995101690292358,0.9357303370786517,0.9523755067256121,0.9181363687593979
calce_CS2_36,1,0.9993153810501099,0.9357303370786517,0.9523521943460554,0.9097867138332127
calce_CS2_36,1,0.9995101690292358,0.9357303370786517,0.9523755067256121,0.9181363687593979
calce_CS2_36,1,0.9995101690292358,0.9357303370786517,0.9523755067256121,0.9181363687593979
calce_CS2_36,1,0.9993153810501099,0.9357303370786517,0.9523521943460554,0.9097867138332127
calce_CS2_36,1,0.9995101690292358,0.9357303370786517,0.9523755067256121,0.9181363687593979
calce_CS2_36,1,0.9993153810501099,0.9357303370786517,0.9523521943460554,0.9097867138332127
calce_CS2_36,1,0.9993153810501099,0.9357303370786517,0.9523521943460554,0.9097867138332127
calce_CS2_36,1,0.9992189407348633,0.9357303370786517,0.9523406482808845,0.906293942181626
calce_CS2_36,1,0.9994412064552307,0.9357303370786517,0.9523672544694395,0.9149390244561406
calce_CS2_36,1,0.9993925094604492,0.9357303370786517,0.9523614264313877,0.9128523489777897
calce_CS2_36,1,0.9993925094604492,0.9357303370786517,0.9523614264313877,0.9128523489777897
calce_CS2_36,1,0.9990980625152588,0.9357303370786517,0.9523261726979335,0.9023418840107684
calce_CS2_36,1,0.9992189407348633,0.9357303370786517,0.9523406482808845,0.906293942181626
calce_CS2_36,1,0.9994412064552307,0.9357303370786517,0.9523672544694395,0.9149390244561406
calce_CS2_36,1,0.9991508722305298,0.9357303370786517,0.9523324973568295,0.9040168457826359
calce_CS2_36,1,0.9991508722305298,0.9357303370786517,0.9523324973568295,0.9040168457826359
calce_CS2_36,1,0.9991508722305298,0.9357303370786517,0.9523324973568295,0.9040168457826359
calce_CS2_36,1,0.9991508722305298,0.9357303370786517,0.9523324973568295,0.9040168457826359
calce_CS2_36,1,0.9991508722305298,0.9357303370786517,0.9523324973568295,0.9040168457826359
calce_CS2_36,1,0.9992189407348633,0.9357303370786517,0.9523406482808845,0.906293942181626
calce_CS2_36,1,0.9992189407348633,0.9357303370786517,0.9523406482808845,0.906293942181626
calce_CS2_36,1,0.9991508722305298,0.9357303370786517,0.9523324973568295,0.9040168457826359
calce_CS2_36,1,0.9990980625152588,0.9357303370786517,0.9523261726979335,0.9023418840107684
calce_CS2_36,1,0.9990980625152588,0.9357303370786517,0.9523261726979335,0.9023418840107684
calce_CS2_36,1,0.9994412064552307,0.9357303370786517,0.9523672544694395,0.9149390244561406
calce_CS2_36,1,0.9991508722305298,0.9357303370786517,0.9523324973568295,0.9040168457826359
calce_CS2_36,1,0.9992189407348633,0.9357303370786517,0.9523406482808845,0.906293942181626
calce_CS2_36,1,0.9992189407348633,0.9357303370786517,0.9523406482808845,0.906293942181626
calce_CS2_36,1,0.9992189407348633,0.9357303370786517,0.9523406482808845,0.906293942181626
calce_CS2_36,1,0.9994412064552307,0.9357303370786517,0.9523672544694395,0.9149390244561406
calce_CS2_36,1,0.9993925094604492,0.9357303370786517,0.9523614264313877,0.9128523489777897
calce_CS2_36,1,0.9991508722305298,0.9357303370786517,0.9523324973568295,0.9040168457826359
calce_CS2_36,1,0.9990980625152588,0.9357303370786517,0.9523261726979335,0.9023418840107684
calce_CS2_36,1,0.9984240531921387,0.9357303370786517,0.9522453811610428,0.8855725814070249
calce_CS2_36,1,0.9990670084953308,0.9357303370786517,0.9523224531978758,0.90139074259784
calce_CS2_36,1,0.9990670084953308,0.9357303370786517,0.9523224531978758,0.90139074259784
calce_CS2_36,1,0.9993546605110168,0.9357303370786517,0.952356896215473,0.9113141548819276
calce_CS2_36,1,0.9991508722305298,0.9357303370786517,0.9523324973568295,0.9040168457826359
calce_CS2_36,1,0.9993324875831604,0.9357303370786517,0.9523542421036105,0.9104437510281508
calce_CS2_36,1,0.9984062314033508,0.9357303370786517,0.9522432431512281,0.8852100662895818
calce_CS2_36,1,0.9977731108665466,0.9357303370786517,0.9521672311615083,0.8739581667378746
calce_CS2_36,1,0.9977731108665466,0.9357303370786517,0.9521672311615083,0.8739581667378746
calce_CS2_36,1,0.9982000589370728,0.9357303370786517,0.9522185028416627,0.881223607601332
calce_CS2_36,1,0.9991217255592346,0.9357303370786517,0.9523290067576519,0.9030831345444176
calce_CS2_36,1,0.9990980625152588,0.9357303370786517,0.9523261726979335,0.9023418840107684
calce_CS2_36,1,0.9913197159767151,0.7777777777777778,0.9513858599215355,0.8179976682893025
calce_CS2_36,1,0.9974853992462158,0.9357303370786517,0.9521326507531206,0.8696407313803662
calce_CS2_36,1,0.9982000589370728,0.9357303370786517,0.9522185028416627,0.881223607601332
calce_CS2_36,1,0.9974853992462158,0.9357303370786517,0.9521326507531206,0.8696407313803662
calce_CS2_36,1,0.9957572817802429,0.9357303370786517,0.9519244461378409,0.8495808100210518
calce_CS2_36,1,0.9974853992462158,0.9357303370786517,0.9521326507531206,0.8696407313803662
calce_CS2_36,1,0.9979034662246704,0.9357303370786517,0.9521828909185741,0.8760552265105622
calce_CS2_36,1,0.9913197159767151,0.7777777777777778,0.9513858599215355,0.8179976682893025
calce_CS2_36,1,0.9957572817802429,0.9357303370786517,0.9519244461378409,0.8495808100210518
calce_CS2_36,1,0.9963374137878418,0.9357303370786517,0.9519944364868836,0.8554670047554471
calce_CS2_36,1,0.9946915507316589,0.9,0.951795617869071,0.840224116983727
calce_CS2_36,1,0.9974853992462158,0.9357303370786517,0.9521326507531206,0.8696407313803662
calce_CS2_36,1,0.9970736503601074,0.9357303370786517,0.9520831208500685,0.8640749347501889
calce_CS2_36,1,0.9976325035095215,0.9357303370786517,0.9521503343581608,0.8717982926291581
calce_CS2_36,1,0.9974853992462158,0.9357303370786517,0.9521326507531206,0.8696407313803662
calce_CS2_36,1,0.9976325035095215,0.9357303370786517,0.9521503343581608,0.8717982926291581
calce_CS2_36,1,0.9979034662246704,0.9357303370786517,0.9521828909185741,0.8760552265105622
calce_CS2_36,1,0.998619556427002,0.9357303370786517,0.9522688289459112,0.8897674612567321
calce_CS2_36,1,0.9994219541549683,0.9357303370786517,0.9523649504423347,0.9140986340046624
calce_CS2_36,1,0.9991920590400696,0.9357303370786517,0.9523374294664547,0.9053777204398102
calce_CS2_36,1,0.9991920590400696,0.9357303370786517,0.9523374294664547,0.9053777204398102
calce_CS2_36,1,0.9991920590400696,0.9357303370786517,0.9523374294664547,0.9053777204398102
calce_CS2_36,1,0.9991920590400696,0.9357303370786517,0.9523374294664547,0.9053777204398102
calce_CS2_36,1,0.9994219541549683,0.9357303370786517,0.9523649504423347,0.9140986340046624
calce_CS2_36,1,0.9991920590400696,0.9357303370786517,0.9523374294664547,0.9053777204398102
calce_CS2_36,1,0.9994219541549683,0.9357303370786517,0.9523649504423347,0.9140986340046624
calce_CS2_36,1,0.9991920590400696,0.9357303370786517,0.9523374294664547,0.9053777204398102
calce_CS2_36,1,0.9991920590400696,0.9357303370786517,0.9523374294664547,0.9053777204398102
calce_CS2_36,1,0.9991920590400696,0.9357303370786517,0.9523374294664547,0.9053777204398102
calce_CS2_36,1,0.9984410405158997,0.9357303370786517,0.9522474189787442,0.8859210092478548
calce_CS2_36,1,0.9946915507316589,0.9,0.951795617869071,0.840224116983727
calce_CS2_36,1,0.9974853992462158,0.9357303370786517,0.9521326507531206,0.8696407313803662
calce_CS2_36,1,0.9974853992462158,0.9357303370786517,0.9521326507531206,0.8696407313803662
calce_CS2_36,1,0.9957572817802429,0.9357303370786517,0.9519244461378409,0.8495808100210518
calce_CS2_36,1,0.9983054399490356,0.9357303370786517,0.9522311498861686,0.8832154646555289
calce_CS2_36,1,0.9984410405158997,0.9357303370786517,0.9522474189787442,0.8859210092478548
calce_CS2_36,1,0.9978218078613281,0.9357303370786517,0.9521730817640554,0.8747303783138302
calce_CS2_36,1,0.9963374137878418,0.9357303370786517,0.9519944364868836,0.8554670047554471
calce_CS2_36,1,0.9957572817802429,0.9357303370786517,0.9519244461378409,0.8495808100210518
calce_CS2_36,1,0.9982000589370728,0.9357303370786517,0.9522185028416627,0.881223607601332
calce_CS2_36,1,0.9984995126724243,0.9357303370786517,0.952254432730324,0.8871426339529932
calce_CS2_36,1,0.9979034662246704,0.9357303370786517,0.9521828909185741,0.8760552265105622
calce_CS2_36,1,0.9970736503601074,0.9357303370786517,0.9520831208500685,0.8640749347501889
calce_CS2_36,1,0.9957572817802429,0.9357303370786517,0.9519244461378409,0.8495808100210518
calce_CS2_36,1,0.9974853992462158,0.9357303370786517,0.9521326507531206,0.8696407313803662
calce_CS2_36,1,0.9957572817802429,0.9357303370786517,0.9519244461378409,0.8495808100210518
calce_CS2_36,1,0.9957572817802429,0.9357303370786517,0.9519244461378409,0.8495808100210518
calce_CS2_36,1,0.9976325035095215,0.9357303370786517,0.9521503343581608,0.8717982926291581
calce_CS2_36,1,0.9978218078613281,0.9357303370786517,0.9521730817640554,0.8747303783138302
calce_CS2_36,1,0.9982000589370728,0.9357303370786517,0.9522185028416627,0.881223607601332
calce_CS2_36,1,0.9970736503601074,0.9357303370786517,0.9520831208500685,0.8640749347501889
calce_CS2_36,1,0.9970736503601074,0.9357303370786517,0.9520831208500685,0.8640749347501889
calce_CS2_36,1,0.9970736503601074,0.9357303370786517,0.9520831208500685,0.8640749347501889
calce_CS2_36,1,0.9959432482719421,0.9357303370786517,0.9519468927136309,0.8513961188317706
calce_CS2_36,1,0.9982000589370728,0.9357303370786517,0.9522185028416627,0.881223607601332
calce_CS2_36,1,0.9983054399490356,0.9357303370786517,0.9522311498861686,0.8832154646555289
calce_CS2_36,1,0.9957572817802429,0.9357303370786517,0.9519244461378409,0.8495808100210518
calce_CS2_36,1,0.9941213726997375,0.7777777777777778,0.9517265587925712,0.8358068218393804
calce_CS2_36,1,0.9946915507316589,0.9,0.951795617869071,0.840224116983727
calce_CS2_36,1,0.9943126440048218,0.7777777777777778,0.9517497357375865,0.8372499183686832
calce_CS2_36,1,0.9946915507316589,0.9,0.951795617869071,0.840224116983727
calce_CS2_36,1,0.9983054399490356,0.9357303370786517,0.9522311498861686,0.8832154646555289
calce_CS2_36,1,0.9982000589370728,0.9357303370786517,0.9522185028416627,0.881223607601332
calce_CS2_36,1,0.9970309734344482,0.9357303370786517,0.9520779843945507,0.8635330592077747
calce_CS2_36,1,0.9983054399490356,0.9357303370786517,0.9522311498861686,0.8832154646555289
calce_CS2_36,1,0.9976325035095215,0.9357303370786517,0.9521503343581608,0.8717982926291581
calce_CS2_36,1,0.9978218078613281,0.9357303370786517,0.9521730817640554,0.8747303783138302
calce_CS2_36,1,0.9978218078613281,0.9357303370786517,0.9521730817640554,0.8747303783138302
calce_CS2_36,1,0.9978218078613281,0.9357303370786517,0.9521730817640554,0.8747303783138302
calce_CS2_36,1,0.9984410405158997,0.9357303370786517,0.9522474189787442,0.8859210092478548
calce_CS2_36,1,0.9978218078613281,0.9357303370786517,0.9521730817640554,0.8747303783138302
calce_CS2_36,1,0.9984410405158997,0.9357303370786517,0.9522474189787442,0.8859210092478548
calce_CS2_36,1,0.9978218078613281,0.9357303370786517,0.9521730817640554,0.8747303783138302
calce_CS2_36,1,0.9978218078613281,0.9357303370786517,0.9521730817640554,0.8747303783138302
calce_CS2_36,1,0.9978218078613281,0.9357303370786517,0.9521730817640554,0.8747303783138302
calce_CS2_36,1,0.9978218078613281,0.9357303370786517,0.9521730817640554,0.8747303783138302
calce_CS2_36,1,0.9978218078613281,0.9357303370786517,0.9521730817640554,0.8747303783138302
calce_CS2_36,1,0.9978218078613281,0.9357303370786517,0.9521730817640554,0.8747303783138302
calce_CS2_36,1,0.9974853992462158,0.9357303370786517,0.9521326507531206,0.8696407313803662
calce_CS2_36,1,0.9957572817802429,0.9357303370786517,0.9519244461378409,0.8495808100210518
calce_CS2_36,1,0.9970736503601074,0.9357303370786517,0.9520831208500685,0.8640749347501889
calce_CS2_36,1,0.9946915507316589,0.9,0.951795617869071,0.840224116983727
calce_CS2_36,1,0.9970736503601074,0.9357303370786517,0.9520831208500685,0.8640749347501889
calce_CS2_36,1,0.9976325035095215,0.9357303370786517,0.9521503343581608,0.8717982926291581
calce_CS2_36,1,0.9984410405158997,0.9357303370786517,0.9522474189787442,0.8859210092478548
calce_CS2_36,1,0.9957572817802429,0.9357303370786517,0.9519244461378409,0.8495808100210518
calce_CS2_36,1,0.9946915507316589,0.9,0.951795617869071,0.840224116983727
calce_CS2_36,1,0.9957572817802429,0.9357303370786517,0.9519244461378409,0.8495808100210518
calce_CS2_36,1,0.9957572817802429,0.9357303370786517,0.9519244461378409,0.8495808100210518
calce_CS2_36,1,0.9983054399490356,0.9357303370786517,0.9522311498861686,0.8832154646555289
calce_CS2_36,1,0.9982000589370728,0.9357303370786517,0.9522185028416627,0.881223607601332
calce_CS2_36,1,0.9982000589370728,0.9357303370786517,0.9522185028416627,0.881223607601332
calce_CS2_36,1,0.9970736503601074,0.9357303370786517,0.9520831208500685,0.8640749347501889
calce_CS2_36,1,0.9963374137878418,0.9357303370786517,0.9519944364868836,0.8554670047554471
calce_CS2_36,1,0.9974853992462158,0.9357303370786517,0.9521326507531206,0.8696407313803662
calce_CS2_36,1,0.9963753819465637,0.9357303370786517,0.951999013801533,0.8558766944955521
calce_CS2_36,1,0.9957572817802429,0.9357303370786517,0.9519244461378409,0.8495808100210518
calce_CS2_36,1,0.9976325035095215,0.9357303370786517,0.9521503343581608,0.8717982926291581
calce_CS2_36,1,0.9984410405158997,0.9357303370786517,0.9522474189787442,0.8859210092478548
calce_CS2_36,1,0.9970736503601074,0.9357303370786517,0.9520831208500685,0.8640749347501889
calce_CS2_36,1,0.9957572817802429,0.9357303370786517,0.9519244461378409,0.8495808100210518
calce_CS2_36,1,0.9970736503601074,0.9357303370786517,0.9520831208500685,0.8640749347501889
calce_CS2_36,1,0.9957572817802429,0.9357303370786517,0.9519244461378409,0.8495808100210518
calce_CS2_36,1,0.9957572817802429,0.9357303370786517,0.9519244461378409,0.8495808100210518
calce_CS2_36,1,0.9983054399490356,0.9357303370786517,0.9522311498861686,0.8832154646555289
calce_CS2_36,1,0.9978218078613281,0.9357303370786517,0.9521730817640554,0.8747303783138302
calce_CS2_36,1,0.9974853992462158,0.9357303370786517,0.9521326507531206,0.8696407313803662
calce_CS2_36,1,0.9982000589370728,0.9357303370786517,0.9522185028416627,0.881223607601332
calce_CS2_36,1,0.9982000589370728,0.9357303370786517,0.9522185028416627,0.881223607601332
calce_CS2_36,1,0.9978218078613281,0.9357303370786517,0.9521730817640554,0.8747303783138302
calce_CS2_36,1,0.9978218078613281,0.9357303370786517,0.9521730817640554,0.8747303783138302
calce_CS2_36,1,0.9978218078613281,0.9357303370786517,0.9521730817640554,0.8747303783138302
calce_CS2_36,1,0.9984410405158997,0.9357303370786517,0.9522474189787442,0.8859210092478548
calce_CS2_36,1,0.9978218078613281,0.9357303370786517,0.9521730817640554,0.8747303783138302
calce_CS2_36,1,0.9978218078613281,0.9357303370786517,0.9521730817640554,0.8747303783138302
calce_CS2_36,1,0.9984410405158997,0.9357303370786517,0.9522474189787442,0.8859210092478548
calce_CS2_36,1,0.9978218078613281,0.9357303370786517,0.9521730817640554,0.8747303783138302
calce_CS2_36,1,0.9984410405158997,0.9357303370786517,0.9522474189787442,0.8859210092478548
calce_CS2_36,1,0.9978218078613281,0.9357303370786517,0.9521730817640554,0.8747303783138302
calce_CS2_36,1,0.9973884224891663,0.9357303370786517,0.9521209896499203,0.8682704743165579
calce_CS2_36,1,0.9984410405158997,0.9357303370786517,0.9522474189787442,0.8859210092478548
calce_CS2_36,1,0.9978218078613281,0.9357303370786517,0.9521730817640554,0.8747303783138302
calce_CS2_36,1,0.9984410405158997,0.9357303370786517,0.9522474189787442,0.8859210092478548
calce_CS2_36,1,0.9978218078613281,0.9357303370786517,0.9521730817640554,0.8747303783138302
calce_CS2_36,1,0.9978218078613281,0.9357303370786517,0.9521730817640554,0.8747303783138302
calce_CS2_36,1,0.9978218078613281,0.9357303370786517,0.9521730817640554,0.8747303783138302
calce_CS2_36,1,0.9984410405158997,0.9357303370786517,0.9522474189787442,0.8859210092478548
calce_CS2_36,1,0.9978218078613281,0.9357303370786517,0.9521730817640554,0.8747303783138302
calce_CS2_36,1,0.9974853992462158,0.9357303370786517,0.9521326507531206,0.8696407313803662
calce_CS2_36,1,0.9974853992462158,0.9357303370786517,0.9521326507531206,0.8696407313803662
calce_CS2_36,1,0.9974853992462158,0.9357303370786517,0.9521326507531206,0.8696407313803662
calce_CS2_36,1,0.9957572817802429,0.9357303370786517,0.9519244461378409,0.8495808100210518
calce_CS2_36,1,0.9955138564109802,0.9357303370786517,0.9518950491004254,0.8472953563510136
calce_CS2_36,1,0.9978218078613281,0.9357303370786517,0.9521730817640554,0.8747303783138302
calce_CS2_36,1,0.9976325035095215,0.9357303370786517,0.9521503343581608,0.8717982926291581
calce_CS2_36,1,0.9982000589370728,0.9357303370786517,0.9522185028416627,0.881223607601332
calce_CS2_36,1,0.996905505657196,0.9357303370786517,0.9520628804737533,0.861973789561275
calce_CS2_36,1,0.996127188205719,0.9357303370786517,0.9519690848898126,0.8532559932804711
calce_CS2_36,1,0.9991508722305298,0.9357303370786517,0.9523324973568295,0.9040168457826359
calce_CS2_36,1,0.9992189407348633,0.9357303370786517,0.9523406482808845,0.906293942181626
calce_CS2_36,1,0.9992189407348633,0.9357303370786517,0.9523406482808845,0.906293942181626
calce_CS2_36,1,0.9992189407348633,0.9357303370786517,0.9523406482808845,0.906293942181626
calce_CS2_36,1,0.9991508722305298,0.9357303370786517,0.9523324973568295,0.9040168457826359
calce_CS2_36,1,0.9890967607498169,0.7777777777777778,0.9511139125876175,0.8068712165336734
calce_CS2_36,1,0.9994412064552307,0.9357303370786517,0.9523672544694395,0.9149390244561406
calce_CS2_36,1,0.9991508722305298,0.9357303370786517,0.9523324973568295,0.9040168457826359
calce_CS2_36,1,0.9990980625152588,0.9357303370786517,0.9523261726979335,0.9023418840107684
calce_CS2_36,1,0.9990980625152588,0.9357303370786517,0.9523261726979335,0.9023418840107684
calce_CS2_36,1,0.9991508722305298,0.9357303370786517,0.9523324973568295,0.9040168457826359
calce_CS2_36,1,0.9984765648841858,0.9357303370786517,0.952251680253349,0.8866589977144751
calce_CS2_36,1,0.9990980625152588,0.9357303370786517,0.9523261726979335,0.9023418840107684
calce_CS2_36,1,0.9993546605110168,0.9357303370786517,0.952356896215473,0.9113141548819276
calce_CS2_36,1,0.9990980625152588,0.9357303370786517,0.9523261726979335,0.9023418840107684
calce_CS2_36,1,0.9984765648841858,0.9357303370786517,0.952251680253349,0.8866589977144751
calce_CS2_36,1,0.9990980625152588,0.9357303370786517,0.9523261726979335,0.9023418840107684
calce_CS2_36,1,0.9993546605110168,0.9357303370786517,0.952356896215473,0.9113141548819276
calce_CS2_36,1,0.9993546605110168,0.9357303370786517,0.952356896215473,0.9113141548819276
calce_CS2_36,1,0.9990980625152588,0.9357303370786517,0.9523261726979335,0.9023418840107684
calce_CS2_36,1,0.9990980625152588,0.9357303370786517,0.9523261726979335,0.9023418840107684
calce_CS2_36,1,0.9993546605110168,0.9357303370786517,0.952356896215473,0.9113141548819276
calce_CS2_36,1,0.9984765648841858,0.9357303370786517,0.952251680253349,0.8866589977144751
calce_CS2_36,1,0.9990980625152588,0.9357303370786517,0.9523261726979335,0.9023418840107684
calce_CS2_36,1,0.9993546605110168,0.9357303370786517,0.952356896215473,0.9113141548819276
calce_CS2_36,1,0.9993546605110168,0.9357303370786517,0.952356896215473,0.9113141548819276
calce_CS2_36,1,0.9993546605110168,0.9357303370786517,0.952356896215473,0.9113141548819276
calce_CS2_36,1,0.9990980625152588,0.9357303370786517,0.9523261726979335,0.9023418840107684
calce_CS2_36,1,0.991051971912384,0.7777777777777778,0.9513531813901653,0.8165458687741789
calce_CS2_36,1,0.9945249557495117,0.7777777777777778,0.9517754498481805,0.838896736703618
calce_CS2_36,1,0.9990980625152588,0.9357303370786517,0.9523261726979335,0.9023418840107684
calce_CS2_36,1,0.9990980625152588,0.9357303370786517,0.9523261726979335,0.9023418840107684
calce_CS2_36,1,0.9990980625152588,0.9357303370786517,0.9523261726979335,0.9023418840107684
calce_CS2_36,1,0.9993546605110168,0.9357303370786517,0.952356896215473,0.9113141548819276
calce_CS2_36,1,0.9902134537696838,0.7777777777777778,0.9512507041925126,0.812210443680854
calce_CS2_36,1,0.998950183391571,0.9357303370786517,0.9523084579835722,0.8980108975711596
calce_CS2_36,1,0.9990980625152588,0.9357303370786517,0.9523261726979335,0.9023418840107684
calce_CS2_36,1,0.9993546605110168,0.9357303370786517,0.952356896215473,0.9113141548819276
calce_CS2_36,1,0.9990980625152588,0.9357303370786517,0.9523261726979335,0.9023418840107684
calce_CS2_36,1,0.9990670084953308,0.9357303370786517,0.9523224531978758,0.90139074259784
calce_CS2_36,1,0.9970736503601074,0.9357303370786517,0.9520831208500685,0.8640749347501889
calce_CS2_36,1,0.9963374137878418,0.9357303370786517,0.9519944364868836,0.8554670047554471
calce_CS2_36,1,0.9963374137878418,0.9357303370786517,0.9519944364868836,0.8554670047554471
calce_CS2_36,1,0.9994968175888062,0.9357303370786517,0.9523739091606098,0.9174926262234827
calce_CS2_35,0,0.9676370620727539,0.6276595744680851,0.9650335892041739,0.8368925015933864
calce_CS2_35,0,0.9529368877410889,0.6276595744680851,0.9630373056078607,0.8096432961892106
calce_CS2_35,0,0.9823785424232483,0.6276595744680851,0.9669309350781837,0.8738157351770227
calce_CS2_35,0,0.9676370620727539,0.6276595744680851,0.9650335892041739,0.8368925015933864
calce_CS2_35,0,0.9823785424232483,0.6276595744680851,0.9669309350781837,0.8738157351770227
calce_CS2_35,0,0.9823785424232483,0.6276595744680851,0.9669309350781837,0.8738157351770227
calce_CS2_35,0,0.9529368877410889,0.6276595744680851,0.9630373056078607,0.8096432961892106
calce_CS2_35,0,0.9676370620727539,0.6276595744680851,0.9650335892041739,0.8368925015933864
calce_CS2_35,0,0.9823785424232483,0.6276595744680851,0.9669309350781837,0.8738157351770227
calce_CS2_35,0,0.9823785424232483,0.6276595744680851,0.9669309350781837,0.8738157351770227
calce_CS2_35,0,0.9823785424232483,0.6276595744680851,0.9669309350781837,0.8738157351770227
calce_CS2_35,0,0.9823785424232483,0.6276595744680851,0.9669309350781837,0.8738157351770227
calce_CS2_35,0,0.9529368877410889,0.6276595744680851,0.9630373056078607,0.8096432961892106
calce_CS2_35,0,0.9676370620727539,0.6276595744680851,0.9650335892041739,0.8368925015933864
calce_CS2_35,0,0.9823785424232483,0.6276595744680851,0.9669309350781837,0.8738157351770227
calce_CS2_35,0,0.9676370620727539,0.6276595744680851,0.9650335892041739,0.8368925015933864
calce_CS2_35,0,0.9532294869422913,0.6276595744680851,0.9630780895296709,0.8101281868756104
calce_CS2_35,0,0.9823785424232483,0.6276595744680851,0.9669309350781837,0.8738157351770227
calce_CS2_35,0,0.9676370620727539,0.6276595744680851,0.9650335892041739,0.8368925015933864
calce_CS2_35,0,0.962885320186615,0.6276595744680851,0.9643999392054853,0.827353135487113
calce_CS2_35,0,0.980022132396698,0.6276595744680851,0.9666344649786973,0.8668704865696918
calce_CS2_35,0,0.962885320186615,0.6276595744680851,0.9643999392054853,0.827353135487113
calce_CS2_35,0,0.9455376863479614,0.6276595744680851,0.9619914559210114,0.7979720548052284
calce_CS2_35,0,0.9517351388931274,0.6276595744680851,0.9628693451336942,0.8076716980528765
calce_CS2_35,0,0.9529368877410889,0.6276595744680851,0.9630373056078607,0.8096432961892106
calce_CS2_35,0,0.9819143414497375,0.6276595744680851,0.9668727338871773,0.87240413370528
calce_CS2_35,0,0.9447667002677917,0.6276595744680851,0.9618808585639679,0.7968156570233856
calce_CS2_35,0,0.9646987318992615,0.6276595744680851,0.9646430541213848,0.8308969601742388
calce_CS2_35,0,0.9580787420272827,0.6276595744680851,0.963747732467889,0.8184625075335039
calce_CS2_35,0,0.9559551477432251,0.6276595744680851,0.9634559319410475,0.8147409662162448
calce_CS2_35,0,0.8915529847145081,0.6276595744680851,0.9534559748723006,0.7337820739235236
calce_CS2_35,0,0.9797459244728088,0.6276595744680851,0.9665995464898927,0.8660902607560802
calce_CS2_35,0,0.9455376863479614,0.6276595744680851,0.9619914559210114,0.7979720548052284
calce_CS2_35,0,0.9061288833618164,0.6276595744680851,0.9559255472749966,0.74860155261651
calce_CS2_35,0,0.9602343440055847,0.6276595744680851,0.964041637223315,0.8223649420932673
calce_CS2_35,0,0.9602343440055847,0.6276595744680851,0.964041637223315,0.8223649420932673
calce_CS2_35,0,0.8888835310935974,0.6276595744680851,0.9529896515853781,0.7312061074758518
calce_CS2_35,0,0.9231556057929993,0.6276595744680851,0.9586521002524653,0.7678924912371389
calce_CS2_35,0,0.9381682276725769,0.6276595744680851,0.9609215910325691,0.7873163736529534
calce_CS2_35,0,0.9316293001174927,0.6276595744680851,0.959948159140095,0.778522597106446
calce_CS2_35,0,0.928912878036499,0.6276595744680851,0.9595369771557918,0.7750275963292611
calce_CS2_35,0,0.9641631245613098,0.6276595744680851,0.9645714148740562,0.829838489174733
calce_CS2_35,0,0.9641631245613098,0.6276595744680851,0.9645714148740562,0.829838489174733
calce_CS2_35,0,0.9429425001144409,0.6276595744680851,0.9616179464375944,0.7941200359520703
calce_CS2_35,0,0.9024907350540161,0.6276595744680851,0.9553211046278564,0.7447739898870196
calce_CS2_35,0,0.8966889977455139,0.6276595744680851,0.954340827874989,0.7388522513085513
calce_CS2_35,0,0.9029678106307983,0.6276595744680851,0.9554008139365251,0.7452707080223329
calce_CS2_35,0,0.9699355363845825,0.6276595744680851,0.9653361794994397,0.8418267496755782
calce_CS2_35,0,0.96833336353302,0.6276595744680851,0.9651255239236884,0.8383632724805021
calce_CS2_35,0,0.925684928894043,0.6276595744680851,0.9590431081366936,0.770983594992416
calce_CS2_35,0,0.9660190343856812,0.6276595744680851,0.964819053420971,0.8335503261676409
calce_CS2_35,0,0.9468837380409241,0.6276595744680851,0.962183807614087,0.80001632900738
calce_CS2_35,0,0.9075456857681274,0.6276595744680851,0.9561588184675878,0.7501174724105141
calce_CS2_35,0,0.9075456857681274,0.6276595744680851,0.9561588184675878,0.7501174724105141
calce_CS2_35,0,0.9468837380409241,0.6276595744680851,0.962183807614087,0.80001632900738
calce_CS2_35,0,0.9722532629966736,0.6276595744680851,0.9656387472709377,0.8470491723913379
calce_CS2_35,0,0.9465367197990417,0.6276595744680851,0.962134308128639,0.7994861679847796
calce_CS2_35,0,0.9069669246673584,0.6276595744680851,0.9560636702865634,0.7494964587402542
calce_CS2_35,0,0.9725396633148193,0.6276595744680851,0.9656759581476022,0.8477132912400627
calce_CS2_35,0,0.9069669246673584,0.6276595744680851,0.9560636702865634,0.7494964587402542
calce_CS2_35,0,0.9069669246673584,0.6276595744680851,0.9560636702865634,0.7494964587402542
calce_CS2_35,0,0.9467505812644958,0.6276595744680851,0.962164821177756,0.7998126363159391
calce_CS2_35,0,0.9726525545120239,0.6276595744680851,0.9656906149793044,0.8479762632103178
calce_CS2_35,0,0.9726525545120239,0.6276595744680851,0.9656906149793044,0.8479762632103178
calce_CS2_35,0,0.9080787301063538,0.6276595744680851,0.9562462768755562,0.7506916118863565
calce_CS2_35,0,0.9726525545120239,0.6276595744680851,0.9656906149793044,0.8479762632103178
calce_CS2_35,0,0.9092711210250854,0.6276595744680851,0.9564413141477239,0.7519836061613585
calce_CS2_35,0,0.9092711210250854,0.6276595744680851,0.9564413141477239,0.7519836061613585
calce_CS2_35,0,0.9573090076446533,0.6276595744680851,0.9636422241951289,0.8170999923081366
calce_CS2_35,0,0.9349030256271362,0.6276595744680851,0.9604383799946766,0.7828546142975807
calce_CS2_35,0,0.9545807242393494,0.6276595744680851,0.9632658709203845,0.8123928963628501
calce_CS2_35,0,0.9349030256271362,0.6276595744680851,0.9604383799946766,0.7828546142975807
calce_CS2_35,0,0.9729337096214294,0.6276595744680851,0.9657270915320395,0.8486341684181499
calce_CS2_35,0,0.9120923280715942,0.6276595744680851,0.9568994747949259,0.7550839297739389
calce_CS2_35,0,0.9686580896377563,0.6276595744680851,0.9651683187582738,0.8390561611961508
calce_CS2_35,0,0.9417491555213928,0.6276595744680851,0.9614450150727136,0.792386317922079
calce_CS2_35,0,0.9729337096214294,0.6276595744680851,0.9657270915320395,0.8486341684181499
calce_CS2_35,0,0.9433830976486206,0.6276595744680851,0.9616816064072291,0.7947660022885155
calce_CS2_35,0,0.9433830976486206,0.6276595744680851,0.9616816064072291,0.7947660022885155
calce_CS2_35,0,0.9609092473983765,0.6276595744680851,0.9641331842282919,0.8236143290172528
calce_CS2_35,0,0.9632720947265625,0.6276595744680851,0.964451926812543,0.8280996159855576
calce_CS2_35,0,0.9765793085098267,0.6276595744680851,0.9661966906482277,0.8575824050060765
calce_CS2_35,0,0.9806297421455383,0.6276595744680851,0.9667111556201889,0.8686106719809817
calce_CS2_35,0,0.9782534241676331,0.6276595744680851,0.9664102518632449,0.8619844509400097
calce_CS2_35,0,0.9782534241676331,0.6276595744680851,0.9664102518632449,0.8619844509400097
calce_CS2_35,0,0.9782534241676331,0.6276595744680851,0.9664102518632449,0.8619844509400097
calce_CS2_35,0,0.9782534241676331,0.6276595744680851,0.9664102518632449,0.8619844509400097
calce_CS2_35,0,0.9783725142478943,0.6276595744680851,0.9664253940634497,0.8623055151406097
calce_CS2_35,0,0.9835103750228882,0.6276595744680851,0.9670724297897206,0.8773563370076968
calce_CS2_35,0,0.9797021150588989,0.6276595744680851,0.9665940048181086,0.8659671158423216
calce_CS2_35,0,0.9823651909828186,0.6276595744680851,0.9669292624641939,0.8737748164961318
calce_CS2_35,0,0.9805048108100891,0.6276595744680851,0.9666954010823687,0.8682501410567096
calce_CS2_35,0,0.9811276197433472,0.6276595744680851,0.9667738693081448,0.8700619239176466
calce_CS2_35,0,0.9870665669441223,0.6741573033707865,0.9675132074156635,0.889562072144588
calce_CS2_35,0,0.9897807836532593,0.6741573033707865,0.9678457828079118,0.9003355762356574
calce_CS2_35,0,0.984415590763092,0.6741573033707865,0.9671851731998808,0.880296999355478
calce_CS2_35,0,0.9854376316070557,0.6741573033707865,0.9673120187927583,0.883745759131622
calce_CS2_35,0,0.9855875968933105,0.6741573033707865,0.9673305910980468,0.8842641129867366
calce_CS2_35,0,0.9909940361976624,0.7333333333333333,0.9679933770504507,0.9057124635585941
calce_CS2_35,0,0.98822021484375,0.6741573033707865,0.9676549692075073,0.89395608999984
calce_CS2_35,0,0.9825426340103149,0.6276595744680851,0.9669514851313462,0.8743201996631561
calce_CS2_35,0,0.9871999025344849,0.6741573033707865,0.9675296225103321,0.8900574480030872
calce_CS2_35,0,0.9978424310684204,0.9,0.9688142872837981,0.9504229456529468
calce_CS2_35,0,0.9956417083740234,0.8869565217391304,0.9685527356308357,0.9317530518192901
calce_CS2_35,0,0.9977825284004211,0.9,0.9688071959197143,0.949796843059985
calce_CS2_35,0,0.9977825284004211,0.9,0.9688071959197143,0.949796843059985
calce_CS2_35,0,0.9977825284004211,0.9,0.9688071959197143,0.949796843059985
calce_CS2_35,0,0.9977245926856995,0.9,0.9688003359218326,0.9492003080224731
calce_CS2_35,0,0.9955282807350159,0.8869565217391304,0.9685391976126959,0.930959021498727
calce_CS2_35,0,0.9955282807350159,0.8869565217391304,0.9685391976126959,0.930959021498727
calce_CS2_35,0,0.9977861642837524,0.9,0.9688076263853012,0.9498345715161859
calce_CS2_35,0,0.9977861642837524,0.9,0.9688076263853012,0.9498345715161859
calce_CS2_35,0,0.9978770017623901,0.9,0.9688183791022457,0.950788743621
calce_CS2_35,0,0.9978770017623901,0.9,0.9688183791022457,0.950788743621
calce_CS2_35,0,0.997817873954773,0.9,0.9688113803660534,0.9501651045173067
calce_CS2_35,0,0.9976581335067749,0.9,0.9687924648874822,0.9485264737013521
calce_CS2_35,0,0.9977610111236572,0.9,0.9688046482925643,0.9495742756193267
calce_CS2_35,0,0.9976581335067749,0.9,0.9687924648874822,0.9485264737013521
calce_CS2_35,0,0.9954776167869568,0.8869565217391304,0.9685331488570303,0.930608123684781
calce_CS2_35,0,0.9951763153076172,0.8869565217391304,0.9684971533018344,0.9285669100729407
calce_CS2_35,0,0.9985758066177368,0.9,0.9689009789524384,0.9590519698013436
calce_CS2_35,0,0.9985758066177368,0.9,0.9689009789524384,0.9590519698013436
calce_CS2_35,0,0.99858558177948,0.9,0.9689021328888885,0.9591821276748277
calce_CS2_35,0,0.9985758066177368,0.9,0.9689009789524384,0.9590519698013436
calce_CS2_35,0,0.9957112073898315,0.8869565217391304,0.9685610278165134,0.9322454856046439
calce_CS2_35,0,0.9957112073898315,0.8869565217391304,0.9685610278165134,0.9322454856046439
calce_CS2_35,0,0.9970836043357849,0.8913573002833672,0.9687243408697386,0.9431051897580621
calce_CS2_35,0,0.9985415935516357,0.9,0.9688969398484804,0.9586002884021393
calce_CS2_35,0,0.9985515475273132,0.9,0.9688981150408525,0.9587310872629125
calce_CS2_35,0,0.9985515475273132,0.9,0.9688981150408525,0.9587310872629125
calce_CS2_35,0,0.9985515475273132,0.9,0.9688981150408525,0.9587310872629125
calce_CS2_35,0,0.9985415935516357,0.9,0.9688969398484804,0.9586002884021393
calce_CS2_35,0,0.9977655410766602,0.9,0.9688051846518562,0.9496210313376333
calce_CS2_35,0,0.9978260397911072,0.9,0.9688123470158608,0.950250660659463
calce_CS2_35,0,0.99610435962677,0.8869565217391304,0.9686078964505274,0.9351219746866902
calce_CS2_35,0,0.9985415935516357,0.9,0.9688969398484804,0.9586002884021393
calce_CS2_35,0,0.9985515475273132,0.9,0.9688981150408525,0.9587310872629125
calce_CS2_35,0,0.9985515475273132,0.9,0.9688981150408525,0.9587310872629125
calce_CS2_35,0,0.9987481832504272,0.9,0.9689213215595299,0.9614250447146647
calce_CS2_35,0,0.9974168539047241,0.8993588459226608,0.9687638729940067,0.9461669908660295
calce_CS2_35,0,0.9980819225311279,0.9,0.968842623042468,0.9530292399231527
calce_CS2_35,0,0.9980819225311279,0.9,0.968842623042468,0.9530292399231527
calce_CS2_35,0,0.9986833930015564,0.9,0.9689136770078044,0.9605130059564364
calce_CS2_35,0,0.9988183379173279,0.9,0.968929597002994,0.9624425998640911
calce_CS2_35,0,0.9988183379173279,0.9,0.968929597002994,0.9624425998640911
calce_CS2_35,0,0.9988183379173279,0.9,0.968929597002994,0.9624425998640911
calce_CS2_35,0,0.9987905621528625,0.9,0.968926320829319,0.9620358309302521
calce_CS2_35,0,0.9987905621528625,0.9,0.968926320829319,0.9620358309302521
calce_CS2_35,0,0.9991752505302429,0.9,0.96897166539216,0.9682267058192164
calce_CS2_35,0,0.9991752505302429,0.9,0.96897166539216,0.9682267058192164
calce_CS2_35,0,0.9991752505302429,0.9,0.96897166539216,0.9682267058192164
calce_CS2_35,0,0.9992402791976929,0.9,0.9689793242169762,0.969421360909679
calce_CS2_35,0,0.9992402791976929,0.9,0.9689793242169762,0.969421360909679
calce_CS2_35,0,0.9999107122421265,1.0,0.9690581786126451,0.9888727113101407
calce_CS2_35,0,0.9998760223388672,1.0,0.9690541032512592,0.9869930243648263
calce_CS2_35,0,0.9998760223388672,1.0,0.9690541032512592,0.9869930243648263
calce_CS2_35,0,0.9997914433479309,0.9962453066332916,0.9690441647539546,0.983354380988955
calce_CS2_35,0,0.9998760223388672,1.0,0.9690541032512592,0.9869930243648263
calce_CS2_35,0,0.9997914433479309,0.9962453066332916,0.9690441647539546,0.983354380988955
calce_CS2_35,0,0.999919056892395,1.0,0.9690591588626014,0.9893805357812291
calce_CS2_35,0,0.9998760223388672,1.0,0.9690541032512592,0.9869930243648263
calce_CS2_35,0,0.9998760223388672,1.0,0.9690541032512592,0.9869930243648263
calce_CS2_35,0,0.9998760223388672,1.0,0.9690541032512592,0.9869930243648263
calce_CS2_35,0,0.9998760223388672,1.0,0.9690541032512592,0.9869930243648263
calce_CS2_35,0,0.9998883008956909,1.0,0.9690555457925324,0.9876219620064883
calce_CS2_35,0,0.999860405921936,0.9978476108480413,0.9690522684687931,0.9862391712380907
calce_CS2_35,0,0.9997914433479309,0.9962453066332916,0.9690441647539546,0.983354380988955
calce_CS2_35,0,0.9999006986618042,1.0,0.9690570022730127,0.9882954454686977
calce_CS2_35,0,0.9999058246612549,1.0,0.9690576044522806,0.9885868900921607
calce_CS2_35,0,0.99980229139328,0.9962453066332916,0.9690454396317514,0.9837700768345774
calce_CS2_35,0,0.9998823404312134,1.0,0.9690548455379087,0.9873123026314654
calce_CS2_35,0,0.9999058246612549,1.0,0.9690576044522806,0.9885868900921607
calce_CS2_35,0,0.99980229139328,0.9962453066332916,0.9690454396317514,0.9837700768345774
calce_CS2_35,0,0.9998070597648621,0.9962453066332916,0.9690460000015151,0.9839566518106956
calce_CS2_35,0,0.9999082088470459,1.0,0.9690578845317958,0.9887253080196151
calce_CS2_35,0,0.9998852014541626,1.0,0.9690551816620424,0.9874598737472361
calce_CS2_35,0,0.9998852014541626,1.0,0.9690551816620424,0.9874598737472361
calce_CS2_35,0,0.9998852014541626,1.0,0.9690551816620424,0.9874598737472361
calce_CS2_35,0,0.9998852014541626,1.0,0.9690551816620424,0.9874598737472361
calce_CS2_35,0,0.9998070597648621,0.9962453066332916,0.9690460000015151,0.9839566518106956
calce_CS2_35,0,0.9999082088470459,1.0,0.9690578845317958,0.9887253080196151
calce_CS2_35,0,0.9998852014541626,1.0,0.9690551816620424,0.9874598737472361
calce_CS2_35,0,0.9998708963394165,1.0,0.9690535010060293,0.9867402844406089
calce_CS2_35,0,0.999896764755249,1.0,0.9690565401277408,0.9880771461974424
calce_CS2_35,0,0.9998852014541626,1.0,0.9690551816620424,0.9874598737472361
calce_CS2_35,0,0.9998852014541626,1.0,0.9690551816620424,0.9874598737472361
calce_CS2_35,0,0.9998852014541626,1.0,0.9690551816620424,0.9874598737472361
calce_CS2_35,0,0.9998983144760132,1.0,0.9690567221857666,0.988162607479108
calce_CS2_35,0,0.9998264908790588,0.9978476108480413,0.9690482834067582,0.9847436272232551
calce_CS2_35,0,0.9997828602790833,0.9962453066332916,0.9690431560234162,0.9830336025379592
calce_CS2_35,0,0.9998852014541626,1.0,0.9690551816620424,0.9874598737472361
calce_CS2_35,0,0.9998070597648621,0.9962453066332916,0.9690460000015151,0.9839566518106956
calce_CS2_35,0,0.9998852014541626,1.0,0.9690551816620424,0.9874598737472361
calce_CS2_35,0,0.9998070597648621,0.9962453066332916,0.9690460000015151,0.9839566518106956
calce_CS2_35,0,0.9998070597648621,0.9962453066332916,0.9690460000015151,0.9839566518106956
calce_CS2_35,0,0.9998852014541626,1.0,0.9690551816620424,0.9874598737472361
calce_CS2_35,0,0.9998070597648621,0.9962453066332916,0.9690460000015151,0.9839566518106956
calce_CS2_35,0,0.9998070597648621,0.9962453066332916,0.9690460000015151,0.9839566518106956
calce_CS2_35,0,0.9998070597648621,0.9962453066332916,0.9690460000015151,0.9839566518106956
calce_CS2_35,0,0.9998070597648621,0.9962453066332916,0.9690460000015151,0.9839566518106956
calce_CS2_35,0,0.9998852014541626,1.0,0.9690551816620424,0.9874598737472361
calce_CS2_35,0,0.9998070597648621,0.9962453066332916,0.9690460000015151,0.9839566518106956
calce_CS2_35,0,0.9999082088470459,1.0,0.9690578845317958,0.9887253080196151
calce_CS2_35,0,0.9998070597648621,0.9962453066332916,0.9690460000015151,0.9839566518106956
calce_CS2_35,0,0.9998852014541626,1.0,0.9690551816620424,0.9874598737472361
calce_CS2_35,0,0.9998852014541626,1.0,0.9690551816620424,0.9874598737472361
calce_CS2_35,0,0.9999082088470459,1.0,0.9690578845317958,0.9887253080196151
calce_CS2_35,0,0.9998070597648621,0.9962453066332916,0.9690460000015151,0.9839566518106956
calce_CS2_35,0,0.9998070597648621,0.9962453066332916,0.9690460000015151,0.9839566518106956
calce_CS2_35,0,0.9999082088470459,1.0,0.9690578845317958,0.9887253080196151
calce_CS2_35,0,0.9997207522392273,0.9857142857142858,0.9690358557888907,0.9808911641517805
calce_CS2_35,0,0.99989914894104,1.0,0.969056820216582,0.9882089111450079
calce_CS2_35,0,0.9998942613601685,1.0,0.969056246031816,0.9879405175943587
calce_CS2_35,0,0.9997835755348206,0.9962453066332916,0.9690432400855098,0.983060072161949
calce_CS2_35,0,0.9998503923416138,0.9978476108480413,0.9690510919116462,0.9857791999594713
calce_CS2_35,0,0.9998655319213867,1.0,0.9690528707372432,0.9864814353587578
calce_CS2_35,0,0.99989914894104,1.0,0.969056820216582,0.9882089111450079
calce_CS2_35,0,0.9998718500137329,1.0,0.9690536130525125,0.9867868966498485
calce_CS2_35,0,0.99989914894104,1.0,0.969056820216582,0.9882089111450079
calce_CS2_35,0,0.999876856803894,1.0,0.9690542012901066,0.9870346899542718
calce_CS2_35,0,0.9997205138206482,0.9857142857142858,0.9690358277617471,0.9808834619003661
calce_CS2_35,0,0.9997838139533997,0.9962453066332916,0.9690432681061586,0.9830689057622751
calce_CS2_35,0,0.9997207522392273,0.9857142857142858,0.9690358557888907,0.9808911641517805
calce_CS2_35,0,0.9999082088470459,1.0,0.9690578845317958,0.9887253080196151
calce_CS2_35,0,0.9998070597648621,0.9962453066332916,0.9690460000015151,0.9839566518106956
calce_CS2_35,0,0.9998852014541626,1.0,0.9690551816620424,0.9874598737472361
calce_CS2_35,0,0.9998708963394165,1.0,0.9690535010060293,0.9867402844406089
calce_CS2_35,0,0.9998708963394165,1.0,0.9690535010060293,0.9867402844406089
calce_CS2_35,0,0.9998852014541626,1.0,0.9690551816620424,0.9874598737472361
calce_CS2_35,0,0.999876856803894,1.0,0.9690542012901066,0.9870346899542718
calce_CS2_35,0,0.9998966455459595,1.0,0.9690565261232342,0.9880706005050948
calce_CS2_35,0,0.9999388456344604,1.0,0.9690614833351775,0.9907085177404076
calce_CS2_35,0,0.9999251365661621,1.0,0.9690598730257819,0.989768213128774
calce_CS2_35,0,0.9999388456344604,1.0,0.9690614833351775,0.9907085177404076
calce_CS2_35,0,0.9998689889907837,1.0,0.9690532769118846,0.9866476057333274
calce_CS2_35,0,0.9998070597648621,0.9962453066332916,0.9690460000015151,0.9839566518106956
calce_CS2_35,0,0.9998070597648621,0.9962453066332916,0.9690460000015151,0.9839566518106956
calce_CS2_35,0,0.9998070597648621,0.9962453066332916,0.9690460000015151,0.9839566518106956
calce_CS2_35,0,0.9998689889907837,1.0,0.9690532769118846,0.9866476057333274
calce_CS2_35,0,0.9998852014541626,1.0,0.9690551816620424,0.9874598737472361
calce_CS2_35,0,0.9999082088470459,1.0,0.9690578845317958,0.9887253080196151
calce_CS2_35,0,0.9998852014541626,1.0,0.9690551816620424,0.9874598737472361
calce_CS2_35,0,0.9998852014541626,1.0,0.9690551816620424,0.9874598737472361
calce_CS2_35,0,0.9999082088470459,1.0,0.9690578845317958,0.9887253080196151
calce_CS2_35,0,0.9999082088470459,1.0,0.9690578845317958,0.9887253080196151
calce_CS2_35,0,0.9998852014541626,1.0,0.9690551816620424,0.9874598737472361
calce_CS2_35,0,0.9999082088470459,1.0,0.9690578845317958,0.9887253080196151
calce_CS2_35,0,0.9999082088470459,1.0,0.9690578845317958,0.9887253080196151
calce_CS2_35,0,0.9998852014541626,1.0,0.9690551816620424,0.9874598737472361
calce_CS2_35,0,0.9998852014541626,1.0,0.9690551816620424,0.9874598737472361
calce_CS2_35,0,0.9998852014541626,1.0,0.9690551816620424,0.9874598737472361
calce_CS2_35,0,0.9998852014541626,1.0,0.9690551816620424,0.9874598737472361
calce_CS2_35,0,0.9999082088470459,1.0,0.9690578845317958,0.9887253080196151
calce_CS2_35,0,0.9999251365661621,1.0,0.9690598730257819,0.989768213128774
calce_CS2_35,0,0.9999388456344604,1.0,0.9690614833351775,0.9907085177404076
calce_CS2_35,0,0.9998689889907837,1.0,0.9690532769118846,0.9866476057333274
calce_CS2_35,0,0.9999388456344604,1.0,0.9690614833351775,0.9907085177404076
calce_CS2_35,0,0.9999251365661621,1.0,0.9690598730257819,0.989768213128774
calce_CS2_35,0,0.9998689889907837,1.0,0.9690532769118846,0.9866476057333274
calce_CS2_35,0,0.9999251365661621,1.0,0.9690598730257819,0.989768213128774
calce_CS2_35,0,0.9999388456344604,1.0,0.9690614833351775,0.9907085177404076
calce_CS2_35,0,0.9999251365661621,1.0,0.9690598730257819,0.989768213128774
calce_CS2_35,0,0.9999251365661621,1.0,0.9690598730257819,0.989768213128774
calce_CS2_35,0,0.9999388456344604,1.0,0.9690614833351775,0.9907085177404076
calce_CS2_35,0,0.9999388456344604,1.0,0.9690614833351775,0.9907085177404076
calce_CS2_35,0,0.9999251365661621,1.0,0.9690598730257819,0.989768213128774
calce_CS2_35,0,0.9999388456344604,1.0,0.9690614833351775,0.9907085177404076
calce_CS2_35,0,0.9998689889907837,1.0,0.9690532769118846,0.9866476057333274
calce_CS2_35,0,0.9999251365661621,1.0,0.9690598730257819,0.989768213128774
calce_CS2_35,0,0.9999251365661621,1.0,0.9690598730257819,0.989768213128774
calce_CS2_35,0,0.9999251365661621,1.0,0.9690598730257819,0.989768213128774
calce_CS2_35,0,0.9999251365661621,1.0,0.9690598730257819,0.989768213128774
calce_CS2_35,0,0.9998689889907837,1.0,0.9690532769118846,0.9866476057333274
calce_CS2_35,0,0.9999388456344604,1.0,0.9690614833351775,0.9907085177404076
calce_CS2_35,0,0.9998689889907837,1.0,0.9690532769118846,0.9866476057333274
calce_CS2_35,0,0.9999251365661621,1.0,0.9690598730257819,0.989768213128774
calce_CS2_35,0,0.9998689889907837,1.0,0.9690532769118846,0.9866476057333274
calce_CS2_35,0,0.9998689889907837,1.0,0.9690532769118846,0.9866476057333274
calce_CS2_35,0,0.9998689889907837,1.0,0.9690532769118846,0.9866476057333274
calce_CS2_35,0,0.9998689889907837,1.0,0.9690532769118846,0.9866476057333274
calce_CS2_35,1,0.9999388456344604,1.0,0.9690614833351775,0.9907085177404076
calce_CS2_35,1,0.9998689889907837,1.0,0.9690532769118846,0.9866476057333274
calce_CS2_35,1,0.9999251365661621,1.0,0.9690598730257819,0.989768213128774
calce_CS2_35,1,0.9998689889907837,1.0,0.9690532769118846,0.9866476057333274
calce_CS2_35,1,0.9999251365661621,1.0,0.9690598730257819,0.989768213128774
calce_CS2_35,1,0.9999388456344604,1.0,0.9690614833351775,0.9907085177404076
calce_CS2_35,1,0.9998689889907837,1.0,0.9690532769118846,0.9866476057333274
calce_CS2_35,1,0.9999251365661621,1.0,0.9690598730257819,0.989768213128774
calce_CS2_35,1,0.9999388456344604,1.0,0.9690614833351775,0.9907085177404076
calce_CS2_35,1,0.9999388456344604,1.0,0.9690614833351775,0.9907085177404076
calce_CS2_35,1,0.9999251365661621,1.0,0.9690598730257819,0.989768213128774
calce_CS2_35,1,0.9999251365661621,1.0,0.9690598730257819,0.989768213128774
calce_CS2_35,1,0.9998689889907837,1.0,0.9690532769118846,0.9866476057333274
calce_CS2_35,1,0.9999251365661621,1.0,0.9690598730257819,0.989768213128774
calce_CS2_35,1,0.9999251365661621,1.0,0.9690598730257819,0.989768213128774
calce_CS2_35,1,0.9998689889907837,1.0,0.9690532769118846,0.9866476057333274
calce_CS2_35,1,0.9999251365661621,1.0,0.9690598730257819,0.989768213128774
calce_CS2_35,1,0.9999388456344604,1.0,0.9690614833351775,0.9907085177404076
calce_CS2_35,1,0.9999251365661621,1.0,0.9690598730257819,0.989768213128774
calce_CS2_35,1,0.9999251365661621,1.0,0.9690598730257819,0.989768213128774
calce_CS2_35,1,0.9998689889907837,1.0,0.9690532769118846,0.9866476057333274
calce_CS2_35,1,0.9999251365661621,1.0,0.9690598730257819,0.989768213128774
calce_CS2_35,1,0.9999251365661621,1.0,0.9690598730257819,0.989768213128774
calce_CS2_35,1,0.9999251365661621,1.0,0.9690598730257819,0.989768213128774
calce_CS2_35,1,0.9999388456344604,1.0,0.9690614833351775,0.9907085177404076
calce_CS2_35,1,0.9999388456344604,1.0,0.9690614833351775,0.9907085177404076
calce_CS2_35,1,0.9999251365661621,1.0,0.9690598730257819,0.989768213128774
calce_CS2_35,1,0.9998689889907837,1.0,0.9690532769118846,0.9866476057333274
calce_CS2_35,1,0.9998689889907837,1.0,0.9690532769118846,0.9866476057333274
calce_CS2_35,1,0.9998711347579956,1.0,0.9690535290176869,0.9867519202957735
calce_CS2_35,1,0.9999251365661621,1.0,0.9690598730257819,0.989768213128774
calce_CS2_35,1,0.9999251365661621,1.0,0.9690598730257819,0.989768213128774
calce_CS2_35,1,0.9999264478683472,1.0,0.9690600270588855,0.9898539888387915
calce_CS2_35,1,0.9999388456344604,1.0,0.9690614833351775,0.9907085177404076
calce_CS2_35,1,0.9999388456344604,1.0,0.9690614833351775,0.9907085177404076
calce_CS2_35,1,0.9998689889907837,1.0,0.9690532769118846,0.9866476057333274
calce_CS2_35,1,0.9998689889907837,1.0,0.9690532769118846,0.9866476057333274
calce_CS2_35,1,0.9999388456344604,1.0,0.9690614833351775,0.9907085177404076
calce_CS2_35,1,0.9999388456344604,1.0,0.9690614833351775,0.9907085177404076
calce_CS2_35,1,0.9999388456344604,1.0,0.9690614833351775,0.9907085177404076
calce_CS2_35,1,0.9999388456344604,1.0,0.9690614833351775,0.9907085177404076
calce_CS2_35,1,0.9999388456344604,1.0,0.9690614833351775,0.9907085177404076
calce_CS2_35,1,0.9999251365661621,1.0,0.9690598730257819,0.989768213128774
calce_CS2_35,1,0.9999388456344604,1.0,0.9690614833351775,0.9907085177404076
calce_CS2_35,1,0.9999388456344604,1.0,0.9690614833351775,0.9907085177404076
calce_CS2_35,1,0.9999388456344604,1.0,0.9690614833351775,0.9907085177404076
calce_CS2_35,1,0.9999251365661621,1.0,0.9690598730257819,0.989768213128774
calce_CS2_35,1,0.9999251365661621,1.0,0.9690598730257819,0.989768213128774
calce_CS2_35,1,0.9999251365661621,1.0,0.9690598730257819,0.989768213128774
calce_CS2_35,1,0.9999251365661621,1.0,0.9690598730257819,0.989768213128774
calce_CS2_35,1,0.9999388456344604,1.0,0.9690614833351775,0.9907085177404076
calce_CS2_35,1,0.9999251365661621,1.0,0.9690598730257819,0.989768213128774
calce_CS2_35,1,0.9999251365661621,1.0,0.9690598730257819,0.989768213128774
calce_CS2_35,1,0.9998689889907837,1.0,0.9690532769118846,0.9866476057333274
calce_CS2_35,1,0.9999388456344604,1.0,0.9690614833351775,0.9907085177404076
calce_CS2_35,1,0.9999251365661621,1.0,0.9690598730257819,0.989768213128774
calce_CS2_35,1,0.9999251365661621,1.0,0.9690598730257819,0.989768213128774
calce_CS2_35,1,0.9998689889907837,1.0,0.9690532769118846,0.9866476057333274
calce_CS2_35,1,0.9999251365661621,1.0,0.9690598730257819,0.989768213128774
calce_CS2_35,1,0.9999251365661621,1.0,0.9690598730257819,0.989768213128774
calce_CS2_35,1,0.9999251365661621,1.0,0.9690598730257819,0.989768213128774
calce_CS2_35,1,0.9999388456344604,1.0,0.9690614833351775,0.9907085177404076
calce_CS2_35,1,0.9999388456344604,1.0,0.9690614833351775,0.9907085177404076
calce_CS2_35,1,0.9998689889907837,1.0,0.9690532769118846,0.9866476057333274
calce_CS2_35,1,0.9999251365661621,1.0,0.9690598730257819,0.989768213128774
calce_CS2_35,1,0.9999388456344604,1.0,0.9690614833351775,0.9907085177404076
calce_CS2_35,1,0.9999251365661621,1.0,0.9690598730257819,0.989768213128774
calce_CS2_35,1,0.9999388456344604,1.0,0.9690614833351775,0.9907085177404076
calce_CS2_35,1,0.9998689889907837,1.0,0.9690532769118846,0.9866476057333274
calce_CS2_35,1,0.9998689889907837,1.0,0.9690532769118846,0.9866476057333274
calce_CS2_35,1,0.9999388456344604,1.0,0.9690614833351775,0.9907085177404076
calce_CS2_35,1,0.9998689889907837,1.0,0.9690532769118846,0.9866476057333274
calce_CS2_35,1,0.9999388456344604,1.0,0.9690614833351775,0.9907085177404076
calce_CS2_35,1,0.9999251365661621,1.0,0.9690598730257819,0.989768213128774
calce_CS2_35,1,0.9999251365661621,1.0,0.9690598730257819,0.989768213128774
calce_CS2_35,1,0.9999388456344604,1.0,0.9690614833351775,0.9907085177404076
calce_CS2_35,1,0.9999264478683472,1.0,0.9690600270588855,0.9898539888387915
calce_CS2_35,1,0.9999251365661621,1.0,0.9690598730257819,0.989768213128774
calce_CS2_35,1,0.9999388456344604,1.0,0.9690614833351775,0.9907085177404076
calce_CS2_35,1,0.9999388456344604,1.0,0.9690614833351775,0.9907085177404076
calce_CS2_35,1,0.9999388456344604,1.0,0.9690614833351775,0.9907085177404076
calce_CS2_35,1,0.9998689889907837,1.0,0.9690532769118846,0.9866476057333274
calce_CS2_35,1,0.9998689889907837,1.0,0.9690532769118846,0.9866476057333274
calce_CS2_35,1,0.9998689889907837,1.0,0.9690532769118846,0.9866476057333274
calce_CS2_35,1,0.9999251365661621,1.0,0.9690598730257819,0.989768213128774
calce_CS2_35,1,0.9999251365661621,1.0,0.9690598730257819,0.989768213128774
calce_CS2_35,1,0.9999388456344604,1.0,0.9690614833351775,0.9907085177404076
calce_CS2_35,1,0.9999251365661621,1.0,0.9690598730257819,0.989768213128774
calce_CS2_35,1,0.9998689889907837,1.0,0.9690532769118846,0.9866476057333274
calce_CS2_35,1,0.9999251365661621,1.0,0.9690598730257819,0.989768213128774
calce_CS2_35,1,0.9999251365661621,1.0,0.9690598730257819,0.989768213128774
calce_CS2_35,1,0.9999388456344604,1.0,0.9690614833351775,0.9907085177404076
calce_CS2_35,1,0.9999251365661621,1.0,0.9690598730257819,0.989768213128774
calce_CS2_35,1,0.9999251365661621,1.0,0.9690598730257819,0.989768213128774
calce_CS2_35,1,0.9999251365661621,1.0,0.9690598730257819,0.989768213128774
calce_CS2_35,1,0.9999251365661621,1.0,0.9690598730257819,0.989768213128774
calce_CS2_35,1,0.9998689889907837,1.0,0.9690532769118846,0.9866476057333274
calce_CS2_35,1,0.9999388456344604,1.0,0.9690614833351775,0.9907085177404076
calce_CS2_35,1,0.9999251365661621,1.0,0.9690598730257819,0.989768213128774
calce_CS2_35,1,0.9999251365661621,1.0,0.9690598730257819,0.989768213128774
calce_CS2_35,1,0.9999251365661621,1.0,0.9690598730257819,0.989768213128774
calce_CS2_35,1,0.9999251365661621,1.0,0.9690598730257819,0.989768213128774
calce_CS2_35,1,0.9998689889907837,1.0,0.9690532769118846,0.9866476057333274
calce_CS2_35,1,0.9999388456344604,1.0,0.9690614833351775,0.9907085177404076
calce_CS2_35,1,0.9998689889907837,1.0,0.9690532769118846,0.9866476057333274
calce_CS2_35,1,0.9999388456344604,1.0,0.9690614833351775,0.9907085177404076
calce_CS2_35,1,0.9999251365661621,1.0,0.9690598730257819,0.989768213128774
calce_CS2_35,1,0.9999388456344604,1.0,0.9690614833351775,0.9907085177404076
calce_CS2_35,1,0.9999251365661621,1.0,0.9690598730257819,0.989768213128774
calce_CS2_35,1,0.9999388456344604,1.0,0.9690614833351775,0.9907085177404076
calce_CS2_35,1,0.9999251365661621,1.0,0.9690598730257819,0.989768213128774
calce_CS2_35,1,0.9999251365661621,1.0,0.9690598730257819,0.989768213128774
calce_CS2_35,1,0.9999251365661621,1.0,0.9690598730257819,0.989768213128774
calce_CS2_35,1,0.9999388456344604,1.0,0.9690614833351775,0.9907085177404076
calce_CS2_35,1,0.9999388456344604,1.0,0.9690614833351775,0.9907085177404076
calce_CS2_35,1,0.9999251365661621,1.0,0.9690598730257819,0.989768213128774
calce_CS2_35,1,0.9999251365661621,1.0,0.9690598730257819,0.989768213128774
calce_CS2_35,1,0.9999111890792847,1.0,0.9690582346277382,0.9889010351528407
calce_CS2_35,1,0.9999251365661621,1.0,0.9690598730257819,0.989768213128774
calce_CS2_35,1,0.9999251365661621,1.0,0.9690598730257819,0.989768213128774
calce_CS2_35,1,0.9999388456344604,1.0,0.9690614833351775,0.9907085177404076
calce_CS2_35,1,0.9999251365661621,1.0,0.9690598730257819,0.989768213128774
calce_CS2_35,1,0.9998689889907837,1.0,0.9690532769118846,0.9866476057333274
calce_CS2_35,1,0.9998689889907837,1.0,0.9690532769118846,0.9866476057333274
calce_CS2_35,1,0.9999388456344604,1.0,0.9690614833351775,0.9907085177404076
calce_CS2_35,1,0.9999251365661621,1.0,0.9690598730257819,0.989768213128774
calce_CS2_35,1,0.9999251365661621,1.0,0.9690598730257819,0.989768213128774
calce_CS2_35,1,0.9999251365661621,1.0,0.9690598730257819,0.989768213128774
calce_CS2_35,1,0.9999388456344604,1.0,0.9690614833351775,0.9907085177404076
calce_CS2_35,1,0.9998689889907837,1.0,0.9690532769118846,0.9866476057333274
calce_CS2_35,1,0.9999388456344604,1.0,0.9690614833351775,0.9907085177404076
calce_CS2_35,1,0.9999251365661621,1.0,0.9690598730257819,0.989768213128774
calce_CS2_35,1,0.9998689889907837,1.0,0.9690532769118846,0.9866476057333274
calce_CS2_35,1,0.9999251365661621,1.0,0.9690598730257819,0.989768213128774
calce_CS2_35,1,0.9999388456344604,1.0,0.9690614833351775,0.9907085177404076
calce_CS2_35,1,0.9998689889907837,1.0,0.9690532769118846,0.9866476057333274
calce_CS2_35,1,0.9999264478683472,1.0,0.9690600270588855,0.9898539888387915
calce_CS2_35,1,0.9998689889907837,1.0,0.9690532769118846,0.9866476057333274
calce_CS2_35,1,0.9999251365661621,1.0,0.9690598730257819,0.989768213128774
calce_CS2_35,1,0.9999251365661621,1.0,0.9690598730257819,0.989768213128774
calce_CS2_35,1,0.9999388456344604,1.0,0.9690614833351775,0.9907085177404076
calce_CS2_35,1,0.9999251365661621,1.0,0.9690598730257819,0.989768213128774
calce_CS2_35,1,0.9999251365661621,1.0,0.9690598730257819,0.989768213128774
calce_CS2_35,1,0.9999251365661621,1.0,0.9690598730257819,0.989768213128774
calce_CS2_35,1,0.9999388456344604,1.0,0.9690614833351775,0.9907085177404076
calce_CS2_35,1,0.9999251365661621,1.0,0.9690598730257819,0.989768213128774
calce_CS2_35,1,0.9999388456344604,1.0,0.9690614833351775,0.9907085177404076
calce_CS2_35,1,0.9999388456344604,1.0,0.9690614833351775,0.9907085177404076
calce_CS2_35,1,0.9999251365661621,1.0,0.9690598730257819,0.989768213128774
calce_CS2_35,1,0.9998689889907837,1.0,0.9690532769118846,0.9866476057333274
calce_CS2_35,1,0.9999388456344604,1.0,0.9690614833351775,0.9907085177404076
calce_CS2_35,1,0.9999251365661621,1.0,0.9690598730257819,0.989768213128774
calce_CS2_35,1,0.9999388456344604,1.0,0.9690614833351775,0.9907085177404076
calce_CS2_35,1,0.9999251365661621,1.0,0.9690598730257819,0.989768213128774
calce_CS2_35,1,0.9999251365661621,1.0,0.9690598730257819,0.989768213128774
calce_CS2_35,1,0.9999251365661621,1.0,0.9690598730257819,0.989768213128774
calce_CS2_35,1,0.9999251365661621,1.0,0.9690598730257819,0.989768213128774
calce_CS2_35,1,0.9999251365661621,1.0,0.9690598730257819,0.989768213128774
calce_CS2_35,1,0.9999251365661621,1.0,0.9690598730257819,0.989768213128774
calce_CS2_35,1,0.9999388456344604,1.0,0.9690614833351775,0.9907085177404076
calce_CS2_35,1,0.9999251365661621,1.0,0.9690598730257819,0.989768213128774
calce_CS2_35,1,0.9999251365661621,1.0,0.9690598730257819,0.989768213128774
calce_CS2_35,1,0.9999388456344604,1.0,0.9690614833351775,0.9907085177404076
calce_CS2_35,1,0.9999388456344604,1.0,0.9690614833351775,0.9907085177404076
calce_CS2_35,1,0.9999388456344604,1.0,0.9690614833351775,0.9907085177404076
calce_CS2_35,1,0.9999264478683472,1.0,0.9690600270588855,0.9898539888387915
calce_CS2_35,1,0.9999251365661621,1.0,0.9690598730257819,0.989768213128774
calce_CS2_35,1,0.9999251365661621,1.0,0.9690598730257819,0.989768213128774
calce_CS2_35,1,0.9999251365661621,1.0,0.9690598730257819,0.989768213128774
calce_CS2_35,1,0.9999399185180664,1.0,0.9690616093559677,0.9907866078879142
calce_CS2_35,1,0.999956488609314,1.0,0.9690635556139586,0.9921014434124018
calce_CS2_35,1,0.9999110698699951,1.0,0.9690582206239741,0.9888939466611217
calce_CS2_35,1,0.9999176263809204,1.0,0.9690589908218868,0.9892915774050925
calce_CS2_35,1,0.9999110698699951,1.0,0.9690582206239741,0.9888939466611217
calce_CS2_35,1,0.9999074935913086,1.0,0.9690578005081988,0.9886835847916013
calce_CS2_35,1,0.9999264478683472,1.0,0.9690600270588855,0.9898539888387915
calce_CS2_35,1,0.9999264478683472,1.0,0.9690600270588855,0.9898539888387915
calce_CS2_35,1,0.9999399185180664,1.0,0.9690616093559677,0.9907866078879142
calce_CS2_35,1,0.9999176263809204,1.0,0.9690589908218868,0.9892915774050925
calce_CS2_35,1,0.9998243451118469,0.9978476108480413,0.9690480312595873,0.9846544866635146
calce_CS2_35,1,0.9999110698699951,1.0,0.9690582206239741,0.9888939466611217
calce_CS2_35,1,0.9999111890792847,1.0,0.9690582346277382,0.9889010351528407
calce_CS2_35,1,0.999940037727356,1.0,0.969061623358247,0.9907953298281794
calce_CS2_35,1,0.9999111890792847,1.0,0.9690582346277382,0.9889010351528407
calce_CS2_35,1,0.9999264478683472,1.0,0.9690600270588855,0.9898539888387915
calce_CS2_35,1,0.9999399185180664,1.0,0.9690616093559677,0.9907866078879142
calce_CS2_35,1,0.9999028444290161,1.0,0.9690572543494356,0.9884164521282474
calce_CS2_35,1,0.9999382495880127,1.0,0.9690614133234128,0.9906654464404676
calce_CS2_35,1,0.9999191761016846,1.0,0.9690591728659544,0.9893879863767604
calce_CS2_35,1,0.9999366998672485,1.0,0.9690612312921063,0.9905544771742729
calce_CS2_35,1,0.9999428987503052,1.0,0.9690619594111111,0.991007467434375
calce_CS2_35,1,0.9999395608901978,1.0,0.9690615673490929,0.9907604967014183
calce_CS2_35,1,0.9999430179595947,1.0,0.9690619734132371,0.9910164268129126
calce_CS2_35,1,0.9999394416809082,1.0,0.969061553346789,0.9907518110930005
calce_CS2_35,1,0.9999394416809082,1.0,0.969061553346789,0.9907518110930005
calce_CS2_35,1,0.9999428987503052,1.0,0.9690619594111111,0.991007467434375
calce_CS2_35,1,0.9999430179595947,1.0,0.9690619734132371,0.9910164268129126
calce_CS2_35,1,0.99986732006073,1.0,0.9690530808282193,0.9865670983141582
calce_CS2_35,1,0.9999111890792847,1.0,0.9690582346277382,0.9889010351528407
calce_CS2_35,1,0.9999028444290161,1.0,0.9690572543494356,0.9884164521282474
calce_CS2_35,1,0.9999301433563232,1.0,0.9690604611481837,0.9901001625937976
calce_CS2_35,1,0.9999028444290161,1.0,0.9690572543494356,0.9884164521282474
calce_CS2_35,1,0.9999233484268188,1.0,0.9690596629794441,0.9896525159494077
calce_CS2_35,1,0.9999111890792847,1.0,0.9690582346277382,0.9889010351528407
calce_CS2_35,1,0.9998327493667603,0.9978476108480413,0.9690490188246488,0.9850070302430166
calce_CS2_35,1,0.9998243451118469,0.9978476108480413,0.9690480312595873,0.9846544866635146
calce_CS2_35,1,0.9999176263809204,1.0,0.9690589908218868,0.9892915774050925
calce_CS2_35,1,0.9999028444290161,1.0,0.9690572543494356,0.9884164521282474
calce_CS2_35,1,0.9999028444290161,1.0,0.9690572543494356,0.9884164521282474
calce_CS2_35,1,0.9999111890792847,1.0,0.9690582346277382,0.9889010351528407
calce_CS2_35,1,0.9999028444290161,1.0,0.9690572543494356,0.9884164521282474
calce_CS2_35,1,0.9999074935913086,1.0,0.9690578005081988,0.9886835847916013
calce_CS2_35,1,0.9999264478683472,1.0,0.9690600270588855,0.9898539888387915
calce_CS2_35,1,0.9999264478683472,1.0,0.9690600270588855,0.9898539888387915
calce_CS2_35,1,0.999872088432312,1.0,0.9690536410640719,0.9867985784721091
calce_CS2_35,1,0.9999110698699951,1.0,0.9690582206239741,0.9888939466611217
calce_CS2_35,1,0.9999074935913086,1.0,0.9690578005081988,0.9886835847916013
calce_CS2_35,1,0.9999028444290161,1.0,0.9690572543494356,0.9884164521282474
calce_CS2_35,1,0.9999111890792847,1.0,0.9690582346277382,0.9889010351528407
calce_CS2_35,1,0.9999176263809204,1.0,0.9690589908218868,0.9892915774050925
calce_CS2_35,1,0.9999576807022095,1.0,0.9690636956279489,0.9922055273752242
calce_CS2_35,1,0.9998370409011841,0.9978476108480413,0.9690495231014256,0.9851906980692261
calce_CS2_35,1,0.9999110698699951,1.0,0.9690582206239741,0.9888939466611217
calce_CS2_35,1,0.9999110698699951,1.0,0.9690582206239741,0.9888939466611217
calce_CS2_35,1,0.9999111890792847,1.0,0.9690582346277382,0.9889010351528407
calce_CS2_35,1,0.9999233484268188,1.0,0.9690596629794441,0.9896525159494077
calce_CS2_35,1,0.9999366998672485,1.0,0.9690612312921063,0.9905544771742729
calce_CS2_35,1,0.9999028444290161,1.0,0.9690572543494356,0.9884164521282474
calce_CS2_35,1,0.9999576807022095,1.0,0.9690636956279489,0.9922055273752242
calce_CS2_35,1,0.9999216794967651,1.0,0.9690594669349502,0.98954581228402
calce_CS2_35,1,0.9998243451118469,0.9978476108480413,0.9690480312595873,0.9846544866635146
calce_CS2_35,1,0.9999110698699951,1.0,0.9690582206239741,0.9888939466611217
calce_CS2_35,1,0.9999328851699829,1.0,0.9690607832106273,0.9902872856108944
calce_CS2_35,1,0.9999264478683472,1.0,0.9690600270588855,0.9898539888387915
calce_CS2_35,1,0.9999430179595947,1.0,0.9690619734132371,0.9910164268129126
calce_CS2_35,1,0.9999394416809082,1.0,0.969061553346789,0.9907518110930005
calce_CS2_35,1,0.9999430179595947,1.0,0.9690619734132371,0.9910164268129126
calce_CS2_35,1,0.9999430179595947,1.0,0.9690619734132371,0.9910164268129126
calce_CS2_35,1,0.9998952150344849,1.0,0.9690563580686777,0.9879923622570611
calce_CS2_35,1,0.9999403953552246,1.0,0.9690616653650483,0.9908215506693956
calce_CS2_35,1,0.9999430179595947,1.0,0.9690619734132371,0.9910164268129126
calce_CS2_35,1,0.9999430179595947,1.0,0.9690619734132371,0.9910164268129126
calce_CS2_35,1,0.9999395608901978,1.0,0.9690615673490929,0.9907604967014183
calce_CS2_35,1,0.9999428987503052,1.0,0.9690619594111111,0.991007467434375
calce_CS2_35,1,0.9999414682388306,1.0,0.9690617913851207,0.9909007149620277
calce_CS2_35,1,0.9999468326568604,1.0,0.9690624214780292,0.9913085272913196
calce_CS2_35,1,0.9999567270278931,1.0,0.9690635836168059,0.9921221389987299
calce_CS2_35,1,0.9999572038650513,1.0,0.9690636396224264,0.9921637109568008
calce_CS2_35,1,0.9999572038650513,1.0,0.9690636396224264,0.9921637109568008
calce_CS2_35,1,0.9999567270278931,1.0,0.9690635836168059,0.9921221389987299
calce_CS2_35,1,0.9999572038650513,1.0,0.9690636396224264,0.9921637109568008
calce_CS2_35,1,0.9999576807022095,1.0,0.9690636956279489,0.9922055273752242
calce_CS2_35,1,0.9999573230743408,1.0,0.9690636536238162,0.9921741419812916
calce_CS2_35,1,0.9999572038650513,1.0,0.9690636396224264,0.9921637109568008
calce_CS2_35,1,0.9999572038650513,1.0,0.9690636396224264,0.9921637109568008
calce_CS2_35,1,0.9999572038650513,1.0,0.9690636396224264,0.9921637109568008
calce_CS2_35,1,0.9999572038650513,1.0,0.9690636396224264,0.9921637109568008
calce_CS2_35,1,0.9999572038650513,1.0,0.9690636396224264,0.9921637109568008
calce_CS2_35,1,0.9999576807022095,1.0,0.9690636956279489,0.9922055273752242
calce_CS2_35,1,0.9999567270278931,1.0,0.9690635836168059,0.9921221389987299
calce_CS2_35,1,0.9999567270278931,1.0,0.9690635836168059,0.9921221389987299
calce_CS2_35,1,0.9999573230743408,1.0,0.9690636536238162,0.9921741419812916
calce_CS2_35,1,0.9999430179595947,1.0,0.9690619734132371,0.9910164268129126
calce_CS2_35,1,0.9999395608901978,1.0,0.9690615673490929,0.9907604967014183
calce_CS2_35,1,0.9999542236328125,1.0,0.9690632895856872,0.9919077396606245
calce_CS2_35,1,0.9998952150344849,1.0,0.9690563580686777,0.9879923622570611
calce_CS2_35,1,0.9999572038650513,1.0,0.9690636396224264,0.9921637109568008
calce_CS2_35,1,0.9999576807022095,1.0,0.9690636956279489,0.9922055273752242
calce_CS2_35,1,0.9999576807022095,1.0,0.9690636956279489,0.9922055273752242
calce_CS2_35,1,0.9999576807022095,1.0,0.9690636956279489,0.9922055273752242
calce_CS2_35,1,0.9999572038650513,1.0,0.9690636396224264,0.9921637109568008
calce_CS2_35,1,0.9999572038650513,1.0,0.9690636396224264,0.9921637109568008
calce_CS2_35,1,0.9999572038650513,1.0,0.9690636396224264,0.9921637109568008
calce_CS2_35,1,0.9998952150344849,1.0,0.9690563580686777,0.9879923622570611
calce_CS2_35,1,0.9999572038650513,1.0,0.9690636396224264,0.9921637109568008
calce_CS2_35,1,0.9999572038650513,1.0,0.9690636396224264,0.9921637109568008
calce_CS2_35,1,0.9999572038650513,1.0,0.9690636396224264,0.9921637109568008
calce_CS2_35,1,0.9999572038650513,1.0,0.9690636396224264,0.9921637109568008
calce_CS2_35,1,0.9999572038650513,1.0,0.9690636396224264,0.9921637109568008
calce_CS2_35,1,0.9998952150344849,1.0,0.9690563580686777,0.9879923622570611
calce_CS2_35,1,0.9999576807022095,1.0,0.9690636956279489,0.9922055273752242
calce_CS2_35,1,0.9999572038650513,1.0,0.9690636396224264,0.9921637109568008
calce_CS2_35,1,0.9999572038650513,1.0,0.9690636396224264,0.9921637109568008
calce_CS2_35,1,0.9998952150344849,1.0,0.9690563580686777,0.9879923622570611
calce_CS2_35,1,0.9998952150344849,1.0,0.9690563580686777,0.9879923622570611
calce_CS2_35,1,0.9999572038650513,1.0,0.9690636396224264,0.9921637109568008
calce_CS2_35,1,0.9999572038650513,1.0,0.9690636396224264,0.9921637109568008
calce_CS2_35,1,0.9999572038650513,1.0,0.9690636396224264,0.9921637109568008
calce_CS2_35,1,0.9999572038650513,1.0,0.9690636396224264,0.9921637109568008
calce_CS2_35,1,0.9999572038650513,1.0,0.9690636396224264,0.9921637109568008
calce_CS2_35,1,0.9999572038650513,1.0,0.9690636396224264,0.9921637109568008
calce_CS2_35,1,0.9998952150344849,1.0,0.9690563580686777,0.9879923622570611
calce_CS2_35,1,0.9999572038650513,1.0,0.9690636396224264,0.9921637109568008
calce_CS2_35,1,0.9999576807022095,1.0,0.9690636956279489,0.9922055273752242
calce_CS2_35,1,0.9999572038650513,1.0,0.9690636396224264,0.9921637109568008
calce_CS2_35,1,0.9999572038650513,1.0,0.9690636396224264,0.9921637109568008
calce_CS2_35,1,0.9999572038650513,1.0,0.9690636396224264,0.9921637109568008
calce_CS2_35,1,0.9999572038650513,1.0,0.9690636396224264,0.9921637109568008
calce_CS2_35,1,0.9999572038650513,1.0,0.9690636396224264,0.9921637109568008
calce_CS2_35,1,0.9999572038650513,1.0,0.9690636396224264,0.9921637109568008
calce_CS2_35,1,0.9999572038650513,1.0,0.9690636396224264,0.9921637109568008
calce_CS2_35,1,0.9999572038650513,1.0,0.9690636396224264,0.9921637109568008
calce_CS2_35,1,0.9999576807022095,1.0,0.9690636956279489,0.9922055273752242
calce_CS2_35,1,0.9999576807022095,1.0,0.9690636956279489,0.9922055273752242
calce_CS2_35,1,0.9999572038650513,1.0,0.9690636396224264,0.9921637109568008
calce_CS2_35,1,0.9999576807022095,1.0,0.9690636956279489,0.9922055273752242
calce_CS2_35,1,0.9999576807022095,1.0,0.9690636956279489,0.9922055273752242
calce_CS2_35,1,0.9999576807022095,1.0,0.9690636956279489,0.9922055273752242
calce_CS2_35,1,0.9999572038650513,1.0,0.9690636396224264,0.9921637109568008
calce_CS2_35,1,0.9999572038650513,1.0,0.9690636396224264,0.9921637109568008
calce_CS2_35,1,0.9999576807022095,1.0,0.9690636956279489,0.9922055273752242
calce_CS2_35,1,0.9999572038650513,1.0,0.9690636396224264,0.9921637109568008
calce_CS2_35,1,0.9999572038650513,1.0,0.9690636396224264,0.9921637109568008
calce_CS2_35,1,0.9999576807022095,1.0,0.9690636956279489,0.9922055273752242
calce_CS2_35,1,0.9999572038650513,1.0,0.9690636396224264,0.9921637109568008
calce_CS2_35,1,0.9999572038650513,1.0,0.9690636396224264,0.9921637109568008
calce_CS2_35,1,0.9999572038650513,1.0,0.9690636396224264,0.9921637109568008
calce_CS2_35,1,0.9999572038650513,1.0,0.9690636396224264,0.9921637109568008
calce_CS2_35,1,0.9999576807022095,1.0,0.9690636956279489,0.9922055273752242
calce_CS2_35,1,0.9999572038650513,1.0,0.9690636396224264,0.9921637109568008
calce_CS2_35,1,0.9999572038650513,1.0,0.9690636396224264,0.9921637109568008
calce_CS2_35,1,0.9999572038650513,1.0,0.9690636396224264,0.9921637109568008
calce_CS2_35,1,0.9999572038650513,1.0,0.9690636396224264,0.9921637109568008
calce_CS2_35,1,0.9999572038650513,1.0,0.9690636396224264,0.9921637109568008
calce_CS2_35,1,0.9999576807022095,1.0,0.9690636956279489,0.9922055273752242
calce_CS2_35,1,0.9999572038650513,1.0,0.9690636396224264,0.9921637109568008
calce_CS2_35,1,0.9999572038650513,1.0,0.9690636396224264,0.9921637109568008
calce_CS2_35,1,0.9999572038650513,1.0,0.9690636396224264,0.9921637109568008
calce_CS2_35,1,0.9999572038650513,1.0,0.9690636396224264,0.9921637109568008
calce_CS2_35,1,0.9999572038650513,1.0,0.9690636396224264,0.9921637109568008
calce_CS2_35,1,0.9999572038650513,1.0,0.9690636396224264,0.9921637109568008
calce_CS2_35,1,0.9999572038650513,1.0,0.9690636396224264,0.9921637109568008
calce_CS2_35,1,0.9999572038650513,1.0,0.9690636396224264,0.9921637109568008
calce_CS2_35,1,0.9999576807022095,1.0,0.9690636956279489,0.9922055273752242
calce_CS2_35,1,0.9999576807022095,1.0,0.9690636956279489,0.9922055273752242
calce_CS2_35,1,0.9999572038650513,1.0,0.9690636396224264,0.9921637109568008
calce_CS2_35,1,0.9999572038650513,1.0,0.9690636396224264,0.9921637109568008
calce_CS2_35,1,0.9998952150344849,1.0,0.9690563580686777,0.9879923622570611
calce_CS2_35,1,0.9999576807022095,1.0,0.9690636956279489,0.9922055273752242
calce_CS2_35,1,0.9999572038650513,1.0,0.9690636396224264,0.9921637109568008
calce_CS2_35,1,0.9999576807022095,1.0,0.9690636956279489,0.9922055273752242
calce_CS2_35,1,0.9999572038650513,1.0,0.9690636396224264,0.9921637109568008
calce_CS2_35,1,0.9999572038650513,1.0,0.9690636396224264,0.9921637109568008
calce_CS2_35,1,0.9999572038650513,1.0,0.9690636396224264,0.9921637109568008
calce_CS2_35,1,0.9999572038650513,1.0,0.9690636396224264,0.9921637109568008
calce_CS2_35,1,0.9999572038650513,1.0,0.9690636396224264,0.9921637109568008
calce_CS2_35,1,0.9999572038650513,1.0,0.9690636396224264,0.9921637109568008
calce_CS2_35,1,0.9999576807022095,1.0,0.9690636956279489,0.9922055273752242
calce_CS2_35,1,0.9999576807022095,1.0,0.9690636956279489,0.9922055273752242
calce_CS2_35,1,0.9999572038650513,1.0,0.9690636396224264,0.9921637109568008
calce_CS2_35,1,0.9999572038650513,1.0,0.9690636396224264,0.9921637109568008
calce_CS2_35,1,0.9999572038650513,1.0,0.9690636396224264,0.9921637109568008
calce_CS2_35,1,0.9999576807022095,1.0,0.9690636956279489,0.9922055273752242
calce_CS2_35,1,0.9999572038650513,1.0,0.9690636396224264,0.9921637109568008
calce_CS2_35,1,0.9999576807022095,1.0,0.9690636956279489,0.9922055273752242
calce_CS2_35,1,0.9999572038650513,1.0,0.9690636396224264,0.9921637109568008
calce_CS2_35,1,0.9999572038650513,1.0,0.9690636396224264,0.9921637109568008
calce_CS2_35,1,0.9999576807022095,1.0,0.9690636956279489,0.9922055273752242
calce_CS2_35,1,0.9999572038650513,1.0,0.9690636396224264,0.9921637109568008
calce_CS2_35,1,0.9999572038650513,1.0,0.9690636396224264,0.9921637109568008
calce_CS2_35,1,0.9999576807022095,1.0,0.9690636956279489,0.9922055273752242
calce_CS2_35,1,0.9999572038650513,1.0,0.9690636396224264,0.9921637109568008
calce_CS2_35,1,0.9999572038650513,1.0,0.9690636396224264,0.9921637109568008
calce_CS2_35,1,0.9999572038650513,1.0,0.9690636396224264,0.9921637109568008
calce_CS2_35,1,0.9999572038650513,1.0,0.9690636396224264,0.9921637109568008
calce_CS2_35,1,0.9999572038650513,1.0,0.9690636396224264,0.9921637109568008
calce_CS2_35,1,0.9999572038650513,1.0,0.9690636396224264,0.9921637109568008
calce_CS2_35,1,0.9999572038650513,1.0,0.9690636396224264,0.9921637109568008
calce_CS2_35,1,0.9999572038650513,1.0,0.9690636396224264,0.9921637109568008
calce_CS2_35,1,0.9999576807022095,1.0,0.9690636956279489,0.9922055273752242
calce_CS2_35,1,0.9999576807022095,1.0,0.9690636956279489,0.9922055273752242
calce_CS2_35,1,0.9999572038650513,1.0,0.9690636396224264,0.9921637109568008
calce_CS2_35,1,0.9999572038650513,1.0,0.9690636396224264,0.9921637109568008
calce_CS2_35,1,0.9999572038650513,1.0,0.9690636396224264,0.9921637109568008
calce_CS2_35,1,0.9999576807022095,1.0,0.9690636956279489,0.9922055273752242
calce_CS2_35,1,0.9999572038650513,1.0,0.9690636396224264,0.9921637109568008
calce_CS2_35,1,0.9999576807022095,1.0,0.9690636956279489,0.9922055273752242
calce_CS2_35,1,0.9999572038650513,1.0,0.9690636396224264,0.9921637109568008
calce_CS2_35,1,0.9999576807022095,1.0,0.9690636956279489,0.9922055273752242
calce_CS2_35,1,0.9999572038650513,1.0,0.9690636396224264,0.9921637109568008
calce_CS2_35,1,0.9999572038650513,1.0,0.9690636396224264,0.9921637109568008
calce_CS2_35,1,0.9999572038650513,1.0,0.9690636396224264,0.9921637109568008
calce_CS2_35,1,0.9999572038650513,1.0,0.9690636396224264,0.9921637109568008
calce_CS2_35,1,0.9999572038650513,1.0,0.9690636396224264,0.9921637109568008
calce_CS2_35,1,0.9999576807022095,1.0,0.9690636956279489,0.9922055273752242
calce_CS2_35,1,0.9999572038650513,1.0,0.9690636396224264,0.9921637109568008
calce_CS2_35,1,0.9999572038650513,1.0,0.9690636396224264,0.9921637109568008
calce_CS2_35,1,0.9999572038650513,1.0,0.9690636396224264,0.9921637109568008
calce_CS2_35,1,0.9999576807022095,1.0,0.9690636956279489,0.9922055273752242
calce_CS2_35,1,0.9999572038650513,1.0,0.9690636396224264,0.9921637109568008
calce_CS2_35,1,0.9999572038650513,1.0,0.9690636396224264,0.9921637109568008
calce_CS2_35,1,0.9999572038650513,1.0,0.9690636396224264,0.9921637109568008
calce_CS2_35,1,0.9999572038650513,1.0,0.9690636396224264,0.9921637109568008
calce_CS2_35,1,0.9999572038650513,1.0,0.9690636396224264,0.9921637109568008
calce_CS2_35,1,0.9999572038650513,1.0,0.9690636396224264,0.9921637109568008
calce_CS2_35,1,0.9999572038650513,1.0,0.9690636396224264,0.9921637109568008
calce_CS2_35,1,0.9999572038650513,1.0,0.9690636396224264,0.9921637109568008
calce_CS2_35,1,0.9999572038650513,1.0,0.9690636396224264,0.9921637109568008
calce_CS2_35,1,0.9999576807022095,1.0,0.9690636956279489,0.9922055273752242
calce_CS2_35,1,0.9999572038650513,1.0,0.9690636396224264,0.9921637109568008
calce_CS2_35,1,0.9999572038650513,1.0,0.9690636396224264,0.9921637109568008
calce_CS2_35,1,0.9999572038650513,1.0,0.9690636396224264,0.9921637109568008
calce_CS2_35,1,0.9999576807022095,1.0,0.9690636956279489,0.9922055273752242
calce_CS2_35,1,0.9999572038650513,1.0,0.9690636396224264,0.9921637109568008
calce_CS2_35,1,0.9999576807022095,1.0,0.9690636956279489,0.9922055273752242
calce_CS2_35,1,0.9999572038650513,1.0,0.9690636396224264,0.9921637109568008
calce_CS2_35,1,0.9999572038650513,1.0,0.9690636396224264,0.9921637109568008
calce_CS2_35,1,0.9999576807022095,1.0,0.9690636956279489,0.9922055273752242
calce_CS2_35,1,0.9999572038650513,1.0,0.9690636396224264,0.9921637109568008
calce_CS2_35,1,0.9999572038650513,1.0,0.9690636396224264,0.9921637109568008
calce_CS2_35,1,0.9999576807022095,1.0,0.9690636956279489,0.9922055273752242
calce_CS2_35,1,0.9999572038650513,1.0,0.9690636396224264,0.9921637109568008
calce_CS2_35,1,0.9999572038650513,1.0,0.9690636396224264,0.9921637109568008
calce_CS2_35,1,0.9999572038650513,1.0,0.9690636396224264,0.9921637109568008
calce_CS2_35,1,0.9999572038650513,1.0,0.9690636396224264,0.9921637109568008
calce_CS2_35,1,0.9999572038650513,1.0,0.9690636396224264,0.9921637109568008
calce_CS2_35,1,0.9999572038650513,1.0,0.9690636396224264,0.9921637109568008
calce_CS2_35,1,0.9999572038650513,1.0,0.9690636396224264,0.9921637109568008
calce_CS2_35,1,0.9999572038650513,1.0,0.9690636396224264,0.9921637109568008
calce_CS2_35,1,0.9999576807022095,1.0,0.9690636956279489,0.9922055273752242
calce_CS2_35,1,0.9999576807022095,1.0,0.9690636956279489,0.9922055273752242
calce_CS2_35,1,0.9999572038650513,1.0,0.9690636396224264,0.9921637109568008
calce_CS2_35,1,0.9999572038650513,1.0,0.9690636396224264,0.9921637109568008
calce_CS2_35,1,0.9999572038650513,1.0,0.9690636396224264,0.9921637109568008
calce_CS2_35,1,0.9999576807022095,1.0,0.9690636956279489,0.9922055273752242
calce_CS2_35,1,0.9999572038650513,1.0,0.9690636396224264,0.9921637109568008
calce_CS2_35,1,0.9999576807022095,1.0,0.9690636956279489,0.9922055273752242
calce_CS2_35,1,0.9999572038650513,1.0,0.9690636396224264,0.9921637109568008
calce_CS2_35,1,0.9999576807022095,1.0,0.9690636956279489,0.9922055273752242
calce_CS2_35,1,0.9999572038650513,1.0,0.9690636396224264,0.9921637109568008
calce_CS2_35,1,0.9999572038650513,1.0,0.9690636396224264,0.9921637109568008
calce_CS2_35,1,0.9999572038650513,1.0,0.9690636396224264,0.9921637109568008
calce_CS2_35,1,0.9999572038650513,1.0,0.9690636396224264,0.9921637109568008
calce_CS2_35,1,0.9999572038650513,1.0,0.9690636396224264,0.9921637109568008
calce_CS2_35,1,0.9999576807022095,1.0,0.9690636956279489,0.9922055273752242
calce_CS2_35,1,0.9999572038650513,1.0,0.9690636396224264,0.9921637109568008
calce_CS2_35,1,0.9999572038650513,1.0,0.9690636396224264,0.9921637109568008
calce_CS2_35,1,0.9999572038650513,1.0,0.9690636396224264,0.9921637109568008
calce_CS2_35,1,0.9999576807022095,1.0,0.9690636956279489,0.9922055273752242
calce_CS2_35,1,0.9999572038650513,1.0,0.9690636396224264,0.9921637109568008
calce_CS2_35,1,0.9999572038650513,1.0,0.9690636396224264,0.9921637109568008
calce_CS2_35,1,0.9999572038650513,1.0,0.9690636396224264,0.9921637109568008
calce_CS2_35,1,0.9999572038650513,1.0,0.9690636396224264,0.9921637109568008
calce_CS2_35,1,0.9999572038650513,1.0,0.9690636396224264,0.9921637109568008
calce_CS2_35,1,0.9999572038650513,1.0,0.9690636396224264,0.9921637109568008
calce_CS2_35,1,0.9999572038650513,1.0,0.9690636396224264,0.9921637109568008
calce_CS2_35,1,0.9999572038650513,1.0,0.9690636396224264,0.9921637109568008
calce_CS2_35,1,0.9999572038650513,1.0,0.9690636396224264,0.9921637109568008
calce_CS2_35,1,0.999929666519165,1.0,0.9690604051369927,0.9900680178863607
calce_CS2_35,1,0.999929666519165,1.0,0.9690604051369927,0.9900680178863607
calce_CS2_35,1,0.999929666519165,1.0,0.9690604051369927,0.9900680178863607
calce_CS2_35,1,0.9999539852142334,1.0,0.9690632615825826,0.9918876461436472
calce_CS2_35,1,0.9999109506607056,1.0,0.9690582066202038,0.9888868631969105
calce_CS2_35,1,0.9999109506607056,1.0,0.9690582066202038,0.9888868631969105
calce_CS2_35,1,0.9999539852142334,1.0,0.9690632615825826,0.9918876461436472
calce_CS2_35,1,0.9999539852142334,1.0,0.9690632615825826,0.9918876461436472
calce_CS2_35,1,0.9999109506607056,1.0,0.9690582066202038,0.9888868631969105
calce_CS2_35,1,0.9999109506607056,1.0,0.9690582066202038,0.9888868631969105
calce_CS2_35,1,0.9999539852142334,1.0,0.9690632615825826,0.9918876461436472
calce_CS2_35,1,0.9999109506607056,1.0,0.9690582066202038,0.9888868631969105
calce_CS2_35,1,0.9999539852142334,1.0,0.9690632615825826,0.9918876461436472
calce_CS2_35,1,0.9999109506607056,1.0,0.9690582066202038,0.9888868631969105
calce_CS2_35,1,0.9999539852142334,1.0,0.9690632615825826,0.9918876461436472
calce_CS2_35,1,0.999929666519165,1.0,0.9690604051369927,0.9900680178863607
calce_CS2_35,1,0.999929666519165,1.0,0.9690604051369927,0.9900680178863607
calce_CS2_35,1,0.999929666519165,1.0,0.9690604051369927,0.9900680178863607
calce_CS2_35,1,0.9999109506607056,1.0,0.9690582066202038,0.9888868631969105
calce_CS2_35,1,0.9999109506607056,1.0,0.9690582066202038,0.9888868631969105
calce_CS2_35,1,0.9999109506607056,1.0,0.9690582066202038,0.9888868631969105
calce_CS2_35,1,0.9999109506607056,1.0,0.9690582066202038,0.9888868631969105
calce_CS2_35,1,0.9999539852142334,1.0,0.9690632615825826,0.9918876461436472
calce_CS2_35,1,0.9999539852142334,1.0,0.9690632615825826,0.9918876461436472
calce_CS2_35,1,0.9999109506607056,1.0,0.9690582066202038,0.9888868631969105
calce_CS2_35,1,0.9999109506607056,1.0,0.9690582066202038,0.9888868631969105
calce_CS2_35,1,0.999929666519165,1.0,0.9690604051369927,0.9900680178863607
calce_CS2_35,1,0.9999109506607056,1.0,0.9690582066202038,0.9888868631969105
calce_CS2_35,1,0.9999109506607056,1.0,0.9690582066202038,0.9888868631969105
calce_CS2_35,1,0.9999109506607056,1.0,0.9690582066202038,0.9888868631969105
calce_CS2_35,1,0.9999539852142334,1.0,0.9690632615825826,0.9918876461436472
calce_CS2_35,1,0.9999539852142334,1.0,0.9690632615825826,0.9918876461436472
calce_CS2_35,1,0.9999109506607056,1.0,0.9690582066202038,0.9888868631969105
calce_CS2_35,1,0.9999109506607056,1.0,0.9690582066202038,0.9888868631969105
calce_CS2_35,1,0.999929666519165,1.0,0.9690604051369927,0.9900680178863607
calce_CS2_35,1,0.9999539852142334,1.0,0.9690632615825826,0.9918876461436472
calce_CS2_35,1,0.9999109506607056,1.0,0.9690582066202038,0.9888868631969105
calce_CS2_35,1,0.9999109506607056,1.0,0.9690582066202038,0.9888868631969105
calce_CS2_35,1,0.9999539852142334,1.0,0.9690632615825826,0.9918876461436472
calce_CS2_35,1,0.9999109506607056,1.0,0.9690582066202038,0.9888868631969105
calce_CS2_35,1,0.999929666519165,1.0,0.9690604051369927,0.9900680178863607
calce_CS2_35,1,0.9999109506607056,1.0,0.9690582066202038,0.9888868631969105
calce_CS2_35,1,0.999929666519165,1.0,0.9690604051369927,0.9900680178863607
calce_CS2_35,1,0.9999109506607056,1.0,0.9690582066202038,0.9888868631969105
calce_CS2_35,1,0.9999216794967651,1.0,0.9690594669349502,0.98954581228402
calce_CS2_35,1,0.999848484992981,0.9978476108480413,0.9690508678006134,0.9856934628237493
calce_CS2_35,1,0.9999539852142334,1.0,0.9690632615825826,0.9918876461436472
calce_CS2_35,1,0.999929666519165,1.0,0.9690604051369927,0.9900680178863607
calce_CS2_35,1,0.9999539852142334,1.0,0.9690632615825826,0.9918876461436472
calce_CS2_35,1,0.9998781681060791,1.0,0.9690543553505448,0.9871004685221385
calce_CS2_35,1,0.999848484992981,0.9978476108480413,0.9690508678006134,0.9856934628237493
calce_CS2_35,1,0.999848484992981,0.9978476108480413,0.9690508678006134,0.9856934628237493
calce_CS2_35,1,0.9998781681060791,1.0,0.9690543553505448,0.9871004685221385
calce_CS2_35,1,0.999848484992981,0.9978476108480413,0.9690508678006134,0.9856934628237493
calce_CS2_35,1,0.9999216794967651,1.0,0.9690594669349502,0.98954581228402
calce_CS2_35,1,0.9999539852142334,1.0,0.9690632615825826,0.9918876461436472
calce_CS2_35,1,0.9999539852142334,1.0,0.9690632615825826,0.9918876461436472
calce_CS2_35,1,0.9999216794967651,1.0,0.9690594669349502,0.98954581228402
calce_CS2_35,1,0.999848484992981,0.9978476108480413,0.9690508678006134,0.9856934628237493
calce_CS2_35,1,0.9999216794967651,1.0,0.9690594669349502,0.98954581228402
calce_CS2_35,1,0.9998781681060791,1.0,0.9690543553505448,0.9871004685221385
calce_CS2_35,1,0.999848484992981,0.9978476108480413,0.9690508678006134,0.9856934628237493
calce_CS2_35,1,0.9999216794967651,1.0,0.9690594669349502,0.98954581228402
calce_CS2_35,1,0.9998781681060791,1.0,0.9690543553505448,0.9871004685221385
calce_CS2_35,1,0.9998781681060791,1.0,0.9690543553505448,0.9871004685221385
calce_CS2_35,1,0.9998781681060791,1.0,0.9690543553505448,0.9871004685221385
calce_CS2_35,1,0.999848484992981,0.9978476108480413,0.9690508678006134,0.9856934628237493
calce_CS2_35,1,0.9998781681060791,1.0,0.9690543553505448,0.9871004685221385
calce_CS2_35,1,0.999848484992981,0.9978476108480413,0.9690508678006134,0.9856934628237493
calce_CS2_35,1,0.999848484992981,0.9978476108480413,0.9690508678006134,0.9856934628237493
calce_CS2_35,1,0.9999216794967651,1.0,0.9690594669349502,0.98954581228402
calce_CS2_35,1,0.999848484992981,0.9978476108480413,0.9690508678006134,0.9856934628237493
calce_CS2_35,1,0.999860405921936,0.9978476108480413,0.9690522684687931,0.9862391712380907
calce_CS2_35,1,0.9999102354049683,1.0,0.9690581225974537,0.9888444674190476
calce_CS2_35,1,0.9999251365661621,1.0,0.9690598730257819,0.989768213128774
calce_CS2_35,1,0.9998262524604797,0.9978476108480413,0.9690482553905041,0.984733693797789
calce_CS2_35,1,0.9998262524604797,0.9978476108480413,0.9690482553905041,0.984733693797789
calce_CS2_35,1,0.9998781681060791,1.0,0.9690543553505448,0.9871004685221385
calce_CS2_35,1,0.9999216794967651,1.0,0.9690594669349502,0.98954581228402
calce_CS2_35,1,0.9998781681060791,1.0,0.9690543553505448,0.9871004685221385
calce_CS2_35,1,0.9998781681060791,1.0,0.9690543553505448,0.9871004685221385
calce_CS2_35,1,0.9999216794967651,1.0,0.9690594669349502,0.98954581228402
calce_CS2_35,1,0.9998781681060791,1.0,0.9690543553505448,0.9871004685221385
calce_CS2_35,1,0.999848484992981,0.9978476108480413,0.9690508678006134,0.9856934628237493
calce_CS2_35,1,0.9998781681060791,1.0,0.9690543553505448,0.9871004685221385
calce_CS2_35,1,0.999848484992981,0.9978476108480413,0.9690508678006134,0.9856934628237493
calce_CS2_35,1,0.999848484992981,0.9978476108480413,0.9690508678006134,0.9856934628237493
calce_CS2_35,1,0.999848484992981,0.9978476108480413,0.9690508678006134,0.9856934628237493
calce_CS2_35,1,0.9998444318771362,0.9978476108480413,0.9690503915594528,0.9855131591548402
calce_CS2_35,1,0.9999196529388428,1.0,0.9690592288793051,0.9894178470252537
calce_CS2_35,1,0.9998444318771362,0.9978476108480413,0.9690503915594528,0.9855131591548402
calce_CS2_35,1,0.9999216794967651,1.0,0.9690594669349502,0.98954581228402
calce_CS2_35,1,0.999848484992981,0.9978476108480413,0.9690508678006134,0.9856934628237493
calce_CS2_35,1,0.9998689889907837,1.0,0.9690532769118846,0.9866476057333274
calce_CS2_35,1,0.9998268485069275,0.9978476108480413,0.9690483254310932,0.9847585410162495
calce_CS2_35,1,0.9998347759246826,0.9978476108480413,0.9690492569563401,0.9850934453911877
calce_CS2_35,1,0.9998787641525269,1.0,0.9690544253777713,0.9871304921282961
calce_CS2_35,1,0.9998787641525269,1.0,0.9690544253777713,0.9871304921282961
calce_CS2_35,1,0.9997772574424744,0.9962453066332916,0.9690424975293713,0.9828278507113636
calce_CS2_35,1,0.9998237490653992,0.9962453066332916,0.9690479612183536,0.9846298285726831
calce_CS2_35,1,0.9999089241027832,1.0,0.9690579685551716,0.9887672037366381
calce_CS2_35,1,0.9997281432151794,0.9885876163496561,0.9690367246181636,0.981131708095634
calce_CS2_35,1,0.9998461008071899,0.9978476108480413,0.9690505876596135,0.9855870953314801
calce_CS2_35,1,0.9997772574424744,0.9962453066332916,0.9690424975293713,0.9828278507113636
calce_CS2_35,1,0.9998689889907837,1.0,0.9690532769118846,0.9866476057333274
calce_CS2_35,1,0.9998237490653992,0.9962453066332916,0.9690479612183536,0.9846298285726831
calce_CS2_35,1,0.9999089241027832,1.0,0.9690579685551716,0.9887672037366381
calce_CS2_35,1,0.9997281432151794,0.9885876163496561,0.9690367246181636,0.981131708095634
calce_CS2_35,1,0.9997896552085876,0.9962453066332916,0.9690439546043831,0.983286978416616
calce_CS2_35,1,0.9998503923416138,0.9978476108480413,0.9690510919116462,0.9857791999594713
calce_CS2_35,1,0.9997896552085876,0.9962453066332916,0.9690439546043831,0.983286978416616
calce_CS2_35,1,0.9998787641525269,1.0,0.9690544253777713,0.9871304921282961
calce_CS2_35,1,0.9998975992202759,1.0,0.9690566381591144,0.9881230786540209
calce_CS2_35,1,0.9998095631599426,0.9962453066332916,0.9690462941917098,0.9840555898615378
calce_CS2_35,1,0.9997896552085876,0.9962453066332916,0.9690439546043831,0.983286978416616
calce_CS2_35,1,0.9997835755348206,0.9962453066332916,0.9690432400855098,0.983060072161949
calce_CS2_35,1,0.9999388456344604,1.0,0.9690614833351775,0.9907085177404076
calce_CS2_35,1,0.9997205138206482,0.9857142857142858,0.9690358277617471,0.9808834619003661
calce_CS2_35,1,0.9997202754020691,0.9857142857142858,0.969035799734579,0.9808757631746542
calce_CS2_35,1,0.9997772574424744,0.9962453066332916,0.9690424975293713,0.9828278507113636
calce_CS2_35,1,0.9998366832733154,0.9978476108480413,0.9690494810786648,0.9851752947200122
calce_CS2_35,1,0.9998095631599426,0.9962453066332916,0.9690462941917098,0.9840555898615378
calce_CS2_35,1,0.9997838139533997,0.9962453066332916,0.9690432681061586,0.9830689057622751
calce_CS2_35,1,0.9998503923416138,0.9978476108480413,0.9690510919116462,0.9857791999594713
calce_CS2_35,1,0.9998787641525269,1.0,0.9690544253777713,0.9871304921282961
calce_CS2_35,1,0.9999388456344604,1.0,0.9690614833351775,0.9907085177404076
calce_CS2_35,1,0.9998095631599426,0.9962453066332916,0.9690462941917098,0.9840555898615378
calce_CS2_35,1,0.9998095631599426,0.9962453066332916,0.9690462941917098,0.9840555898615378
calce_CS2_35,1,0.9998377561569214,0.9978476108480413,0.9690496071467819,0.9852215588861777
calce_CS2_35,1,0.9998095631599426,0.9962453066332916,0.9690462941917098,0.9840555898615378
calce_CS2_35,1,0.9998582601547241,0.9978476108480413,0.9690520163530495,0.9861391646438245
calce_CS2_35,1,0.9999089241027832,1.0,0.9690579685551716,0.9887672037366381
calce_CS2_35,1,0.9998237490653992,0.9962453066332916,0.9690479612183536,0.9846298285726831
calce_CS2_35,1,0.9998237490653992,0.9962453066332916,0.9690479612183536,0.9846298285726831
calce_CS2_35,1,0.9998237490653992,0.9962453066332916,0.9690479612183536,0.9846298285726831
calce_CS2_35,1,0.9998582601547241,0.9978476108480413,0.9690520163530495,0.9861391646438245
calce_CS2_35,1,0.9998237490653992,0.9962453066332916,0.9690479612183536,0.9846298285726831
calce_CS2_35,1,0.9998237490653992,0.9962453066332916,0.9690479612183536,0.9846298285726831
calce_CS2_35,1,0.9999089241027832,1.0,0.9690579685551716,0.9887672037366381
calce_CS2_35,1,0.9999089241027832,1.0,0.9690579685551716,0.9887672037366381
calce_CS2_35,1,0.9998582601547241,0.9978476108480413,0.9690520163530495,0.9861391646438245
calce_CS2_35,1,0.9998237490653992,0.9962453066332916,0.9690479612183536,0.9846298285726831
calce_CS2_35,1,0.9999089241027832,1.0,0.9690579685551716,0.9887672037366381
calce_CS2_35,1,0.9998582601547241,0.9978476108480413,0.9690520163530495,0.9861391646438245
calce_CS2_35,1,0.9998189806938171,0.9962453066332916,0.9690474008829604,0.9844341443956479
calce_CS2_35,1,0.9998787641525269,1.0,0.9690544253777713,0.9871304921282961
calce_CS2_35,1,0.9997281432151794,0.9885876163496561,0.9690367246181636,0.981131708095634
calce_CS2_35,1,0.9998461008071899,0.9978476108480413,0.9690505876596135,0.9855870953314801
calce_CS2_35,1,0.9998462200164795,0.9978476108480413,0.9690506016667217,0.9855923927845537
calce_CS2_35,1,0.9998189806938171,0.9962453066332916,0.9690474008829604,0.9844341443956479
calce_CS2_35,1,0.9998949766159058,1.0,0.9690563300594991,0.9879793777186764
calce_CS2_35,1,0.999786913394928,0.9962453066332916,0.9690436323723579,0.9831842199496866
calce_CS2_35,1,0.9997205138206482,0.9857142857142858,0.9690358277617471,0.9808834619003661
calce_CS2_35,1,0.9999109506607056,1.0,0.9690582066202038,0.9888868631969105
calce_CS2_35,1,0.9999539852142334,1.0,0.9690632615825826,0.9918876461436472
calce_CS2_35,1,0.9999109506607056,1.0,0.9690582066202038,0.9888868631969105
calce_CS2_35,1,0.9999539852142334,1.0,0.9690632615825826,0.9918876461436472
calce_CS2_35,1,0.9999109506607056,1.0,0.9690582066202038,0.9888868631969105
calce_CS2_35,1,0.9999251365661621,1.0,0.9690598730257819,0.989768213128774
calce_CS2_35,1,0.9999109506607056,1.0,0.9690582066202038,0.9888868631969105
calce_CS2_35,1,0.999929666519165,1.0,0.9690604051369927,0.9900680178863607
calce_CS2_35,1,0.999929666519165,1.0,0.9690604051369927,0.9900680178863607
calce_CS2_35,1,0.9999109506607056,1.0,0.9690582066202038,0.9888868631969105
calce_CS2_35,1,0.9999539852142334,1.0,0.9690632615825826,0.9918876461436472
calce_CS2_35,1,0.9999539852142334,1.0,0.9690632615825826,0.9918876461436472
calce_CS2_35,1,0.999929666519165,1.0,0.9690604051369927,0.9900680178863607
calce_CS2_35,1,0.9999109506607056,1.0,0.9690582066202038,0.9888868631969105
calce_CS2_35,1,0.9999539852142334,1.0,0.9690632615825826,0.9918876461436472
calce_CS2_35,1,0.9998781681060791,1.0,0.9690543553505448,0.9871004685221385
calce_CS2_35,1,0.9999216794967651,1.0,0.9690594669349502,0.98954581228402
calce_CS2_35,1,0.9998781681060791,1.0,0.9690543553505448,0.9871004685221385
calce_CS2_35,1,0.999848484992981,0.9978476108480413,0.9690508678006134,0.9856934628237493
calce_CS2_35,1,0.9998781681060791,1.0,0.9690543553505448,0.9871004685221385
calce_CS2_35,1,0.9999216794967651,1.0,0.9690594669349502,0.98954581228402
calce_CS2_35,1,0.999848484992981,0.9978476108480413,0.9690508678006134,0.9856934628237493
calce_CS2_35,1,0.999848484992981,0.9978476108480413,0.9690508678006134,0.9856934628237493
calce_CS2_35,1,0.999848484992981,0.9978476108480413,0.9690508678006134,0.9856934628237493
calce_CS2_35,1,0.999848484992981,0.9978476108480413,0.9690508678006134,0.9856934628237493
calce_CS2_35,1,0.999848484992981,0.9978476108480413,0.9690508678006134,0.9856934628237493
calce_CS2_35,1,0.9998781681060791,1.0,0.9690543553505448,0.9871004685221385
calce_CS2_35,1,0.9999216794967651,1.0,0.9690594669349502,0.98954581228402
calce_CS2_35,1,0.9998781681060791,1.0,0.9690543553505448,0.9871004685221385
calce_CS2_35,1,0.9999216794967651,1.0,0.9690594669349502,0.98954581228402
calce_CS2_35,1,0.9998781681060791,1.0,0.9690543553505448,0.9871004685221385
calce_CS2_35,1,0.9999216794967651,1.0,0.9690594669349502,0.98954581228402
calce_CS2_35,1,0.999848484992981,0.9978476108480413,0.9690508678006134,0.9856934628237493
calce_CS2_35,1,0.9998781681060791,1.0,0.9690543553505448,0.9871004685221385
calce_CS2_35,1,0.999848484992981,0.9978476108480413,0.9690508678006134,0.9856934628237493
calce_CS2_35,1,0.9998781681060791,1.0,0.9690543553505448,0.9871004685221385
calce_CS2_35,1,0.9998781681060791,1.0,0.9690543553505448,0.9871004685221385
calce_CS2_35,1,0.999848484992981,0.9978476108480413,0.9690508678006134,0.9856934628237493
calce_CS2_35,1,0.9999196529388428,1.0,0.9690592288793051,0.9894178470252537
calce_CS2_35,1,0.9998444318771362,0.9978476108480413,0.9690503915594528,0.9855131591548402
calce_CS2_35,1,0.9999089241027832,1.0,0.9690579685551716,0.9887672037366381
calce_CS2_35,1,0.9998377561569214,0.9978476108480413,0.9690496071467819,0.9852215588861777
calce_CS2_35,1,0.9998366832733154,0.9978476108480413,0.9690494810786648,0.9851752947200122
calce_CS2_35,1,0.9998020529747009,0.9962453066332916,0.9690454116130054,0.9837608115001019
calce_CS2_35,1,0.999848484992981,0.9978476108480413,0.9690508678006134,0.9856934628237493
calce_CS2_35,1,0.9998749494552612,1.0,0.9690539772008708,0.9869396725610902
calce_CS2_35,1,0.9999102354049683,1.0,0.9690581225974537,0.9888444674190476
calce_CS2_35,1,0.9999216794967651,1.0,0.9690594669349502,0.98954581228402
calce_CS2_35,1,0.9999216794967651,1.0,0.9690594669349502,0.98954581228402
calce_CS2_35,1,0.9998262524604797,0.9978476108480413,0.9690482553905041,0.984733693797789
calce_CS2_35,1,0.9999251365661621,1.0,0.9690598730257819,0.989768213128774
calce_CS2_33,1,0.00965897087007761,0.5231277533039648,0.7065053755022516,0.1877432326055013
calce_CS2_33,1,0.009981648065149784,0.5231277533039648,0.706620746946865,0.18934947907213073
calce_CS2_33,1,0.010416367091238499,0.5231277533039648,0.7067761363841517,0.1914497037991192
calce_CS2_33,1,0.009981648065149784,0.5231277533039648,0.706620746946865,0.18934947907213073
calce_CS2_33,1,0.0069281416945159435,0.5231277533039648,0.7055279216567493,0.17211187976984535
calce_CS2_33,1,0.009981648065149784,0.5231277533039648,0.706620746946865,0.18934947907213073
calce_CS2_33,1,0.009981648065149784,0.5231277533039648,0.706620746946865,0.18934947907213073
calce_CS2_33,1,0.009981648065149784,0.5231277533039648,0.706620746946865,0.18934947907213073
calce_CS2_33,1,0.0069281416945159435,0.5231277533039648,0.7055279216567493,0.17211187976984535
calce_CS2_33,1,0.0069281416945159435,0.5231277533039648,0.7055279216567493,0.17211187976984535
calce_CS2_33,1,0.0069281416945159435,0.5231277533039648,0.7055279216567493,0.17211187976984535
calce_CS2_33,1,0.00965897087007761,0.5231277533039648,0.7065053755022516,0.1877432326055013
calce_CS2_33,1,0.0069281416945159435,0.5231277533039648,0.7055279216567493,0.17211187976984535
calce_CS2_33,1,0.0069281416945159435,0.5231277533039648,0.7055279216567493,0.17211187976984535
calce_CS2_33,1,0.009981648065149784,0.5231277533039648,0.706620746946865,0.18934947907213073
calce_CS2_33,1,0.009981648065149784,0.5231277533039648,0.706620746946865,0.18934947907213073
calce_CS2_33,1,0.00965897087007761,0.5231277533039648,0.7065053755022516,0.1877432326055013
calce_CS2_33,1,0.00965897087007761,0.5231277533039648,0.7065053755022516,0.1877432326055013
calce_CS2_33,1,0.0069281416945159435,0.5231277533039648,0.7055279216567493,0.17211187976984535
calce_CS2_33,1,0.0069281416945159435,0.5231277533039648,0.7055279216567493,0.17211187976984535
calce_CS2_33,1,0.006036771927028894,0.5231277533039648,0.7052084607496809,0.16595298849096723
calce_CS2_33,1,0.006036771927028894,0.5231277533039648,0.7052084607496809,0.16595298849096723
calce_CS2_33,1,0.006418030243366957,0.5231277533039648,0.7053451258413399,0.16866895428249307
calce_CS2_33,1,0.00561475707218051,0.5231277533039648,0.7050571431437275,0.1627856842431142
calce_CS2_33,1,0.008641738444566727,0.5231277533039648,0.7061414961526867,0.18238521876727937
calce_CS2_33,1,0.0078805610537529,0.5231277533039648,0.7058690393246069,0.17804024689472314
calce_CS2_33,1,0.005575595423579216,0.5231277533039648,0.7050430990561415,0.16248245076523296
calce_CS2_33,1,0.00561475707218051,0.5231277533039648,0.7050571431437275,0.1627856842431142
calce_CS2_33,1,0.010416367091238499,0.5231277533039648,0.7067761363841517,0.1914497037991192
calce_CS2_33,1,0.006418030243366957,0.5231277533039648,0.7053451258413399,0.16866895428249307
calce_CS2_33,1,0.008277177810668945,0.5231277533039648,0.7060110232303323,0.18034354216342882
calce_CS2_33,1,0.00561475707218051,0.5231277533039648,0.7050571431437275,0.1627856842431142
calce_CS2_33,1,0.008277177810668945,0.5231277533039648,0.7060110232303323,0.18034354216342882
calce_CS2_33,1,0.008219599723815918,0.5231277533039648,0.7059904134676006,0.18001463379393565
calce_CS2_33,1,0.00561475707218051,0.5231277533039648,0.7050571431437275,0.1627856842431142
calce_CS2_33,1,0.008277177810668945,0.5231277533039648,0.7060110232303323,0.18034354216342882
calce_CS2_33,1,0.00561475707218051,0.5231277533039648,0.7050571431437275,0.1627856842431142
calce_CS2_33,1,0.007913661189377308,0.5231277533039648,0.7058808902944755,0.17823591756825563
calce_CS2_33,1,0.00561475707218051,0.5231277533039648,0.7050571431437275,0.1627856842431142
calce_CS2_33,1,0.00561475707218051,0.5231277533039648,0.7050571431437275,0.1627856842431142
calce_CS2_33,1,0.005069364793598652,0.5231277533039648,0.7048615204344758,0.15840493673157915
calce_CS2_33,1,0.022262493148446083,0.5231277533039648,0.7109918993076368,0.2320923793418815
calce_CS2_33,1,0.012734021991491318,0.5231277533039648,0.7076037639724906,0.20160034422345346
calce_CS2_33,1,0.013476913794875145,0.5231277533039648,0.7078687581165759,0.20454167052230307
calce_CS2_33,1,0.014092356897890568,0.5231277533039648,0.7080881836511831,0.20688207204924575
calce_CS2_33,1,0.025421246886253357,0.5231277533039648,0.7121099328980505,0.23984369260310143
calce_CS2_33,1,0.014092356897890568,0.5231277533039648,0.7080881836511831,0.20688207204924575
calce_CS2_33,1,0.03632388263940811,0.5231277533039648,0.7159490230054212,0.2617145105447159
calce_CS2_33,1,0.03632388263940811,0.5231277533039648,0.7159490230054212,0.2617145105447159
calce_CS2_33,1,0.02037586271762848,0.5231277533039648,0.7103229030332855,0.22703016604017057
calce_CS2_33,1,0.03632388263940811,0.5231277533039648,0.7159490230054212,0.2617145105447159
calce_CS2_33,1,0.03517991676926613,0.5231277533039648,0.7155476568751133,0.25969107832408045
calce_CS2_33,1,0.03744709864258766,0.5231277533039648,0.7163427763545336,0.263651876790134
calce_CS2_33,1,0.03744709864258766,0.5231277533039648,0.7163427763545336,0.263651876790134
calce_CS2_33,1,0.0210166834294796,0.5231277533039648,0.7105502399117773,0.22879034009142218
calce_CS2_33,1,0.03744709864258766,0.5231277533039648,0.7163427763545336,0.263651876790134
calce_CS2_33,1,0.0210166834294796,0.5231277533039648,0.7105502399117773,0.22879034009142218
calce_CS2_33,1,0.008185490034520626,0.5231277533039648,0.7059782036923364,0.17981892918756295
calce_CS2_33,1,0.01349659450352192,0.5231277533039648,0.707875776430139,0.20461781780769983
calce_CS2_33,1,0.0050368900410830975,0.5231277533039648,0.7048498699276129,0.15813271637055262
calce_CS2_33,1,0.03525218367576599,0.5231277533039648,0.7155730221881703,0.2598204603148739
calce_CS2_33,1,0.019765041768550873,0.5231277533039648,0.7101061104416052,0.22531052089782672
calce_CS2_33,1,0.007510858122259378,0.5231277533039648,0.7057366542239829,0.1758096009217265
calce_CS2_33,1,0.005183866713196039,0.5231277533039648,0.7049025965329179,0.15935405829063312
calce_CS2_33,1,0.005183866713196039,0.5231277533039648,0.7049025965329179,0.15935405829063312
calce_CS2_33,1,0.005183866713196039,0.5231277533039648,0.7049025965329179,0.15935405829063312
calce_CS2_33,1,0.00858846865594387,0.5231277533039648,0.7061224334908628,0.18209117606527547
calce_CS2_33,1,0.005183866713196039,0.5231277533039648,0.7049025965329179,0.15935405829063312
calce_CS2_33,1,0.007267469074577093,0.5231277533039648,0.7056494812783115,0.17429352496936062
calce_CS2_33,1,0.005183866713196039,0.5231277533039648,0.7049025965329179,0.15935405829063312
calce_CS2_33,1,0.0051886592991650105,0.5231277533039648,0.7049043157393386,0.15939342762385014
calce_CS2_33,1,0.007510858122259378,0.5231277533039648,0.7057366542239829,0.1758096009217265
calce_CS2_33,1,0.0083266980946064,0.5231277533039648,0.7060287480719636,0.18062498274868274
calce_CS2_33,1,0.008535400032997131,0.5231277533039648,0.7061034420985914,0.18179681043441276
calce_CS2_33,1,0.005743906367570162,0.5231277533039648,0.7051034557001546,0.1637741542698095
calce_CS2_33,1,0.008535400032997131,0.5231277533039648,0.7061034420985914,0.18179681043441276
calce_CS2_33,1,0.008535400032997131,0.5231277533039648,0.7061034420985914,0.18179681043441276
calce_CS2_33,1,0.009424454532563686,0.5231277533039648,0.7064215088436036,0.18654899971174607
calce_CS2_33,1,0.006710616871714592,0.5231277533039648,0.7054499808350749,0.17066886334434256
calce_CS2_33,1,0.009660398587584496,0.5231277533039648,0.7065058860331545,0.187750432458222
calce_CS2_33,1,0.006704428233206272,0.5231277533039648,0.7054477632223836,0.17062727603702002
calce_CS2_33,1,0.012432323768734932,0.5231277533039648,0.7074961060697408,0.20036672134922895
calce_CS2_33,1,0.04959046095609665,0.5231277533039648,0.7205786121030383,0.28207245073129644
calce_CS2_33,1,0.04959046095609665,0.5231277533039648,0.7205786121030383,0.28207245073129644
calce_CS2_33,1,0.036725953221321106,0.5231277533039648,0.7160900103059732,0.2624134947489935
calce_CS2_33,1,0.036725953221321106,0.5231277533039648,0.7160900103059732,0.2624134947489935
calce_CS2_33,1,0.04959046095609665,0.5231277533039648,0.7205786121030383,0.28207245073129644
calce_CS2_33,1,0.02781142294406891,0.5231277533039648,0.712954215457883,0.2452085596879316
calce_CS2_33,1,0.02692805603146553,0.5231277533039648,0.7126423558562419,0.24327069908264973
calce_CS2_33,1,0.06757025420665741,0.5231277533039648,0.7267786641608468,0.30358281828207884
calce_CS2_33,1,0.02781142294406891,0.5231277533039648,0.712954215457883,0.2452085596879316
calce_CS2_33,1,0.02781142294406891,0.5231277533039648,0.712954215457883,0.2452085596879316
calce_CS2_33,1,0.02781142294406891,0.5231277533039648,0.712954215457883,0.2452085596879316
calce_CS2_33,1,0.026013942435383797,0.5231277533039648,0.7123194288124456,0.2412107142844387
calce_CS2_33,1,0.029824307188391685,0.5231277533039648,0.7136640785742575,0.24944559688226078
calce_CS2_33,1,0.02393549680709839,0.5231277533039648,0.7115843760660385,0.23630053715297472
calce_CS2_33,1,0.02393549680709839,0.5231277533039648,0.7115843760660385,0.23630053715297472
calce_CS2_33,1,0.02393549680709839,0.5231277533039648,0.7115843760660385,0.23630053715297472
calce_CS2_33,1,0.061568163335323334,0.5231277533039648,0.7247185066401466,0.2969734648903105
calce_CS2_33,1,0.06003035977482796,0.5231277533039648,0.7241891233659072,0.2951977764818353
calce_CS2_33,1,0.06003035977482796,0.5231277533039648,0.7241891233659072,0.2951977764818353
calce_CS2_33,1,0.06312667578458786,0.5231277533039648,0.7252543754882671,0.29873733595677493
calce_CS2_33,1,0.13296233117580414,0.5231277533039648,0.7485904386220356,0.35591077222031814
calce_CS2_33,1,0.5747583508491516,0.5231277533039648,0.8644775409808859,0.5238102442369086
calce_CS2_33,1,0.5747583508491516,0.5231277533039648,0.8644775409808859,0.5238102442369086
calce_CS2_33,1,0.787428617477417,0.5231277533039648,0.9020081104741192,0.6021078789700485
calce_CS2_33,1,0.6293625235557556,0.5231277533039648,0.8751358838729084,0.5417775532317759
calce_CS2_33,1,0.6525598168373108,0.5231277533039648,0.8794420299917662,0.5496847954541508
calce_CS2_33,1,0.6526146531105042,0.5231277533039648,0.8794520558103414,0.5497037353233557
calce_CS2_33,1,0.5864489078521729,0.5231277533039648,0.8668221498433928,0.5275973430416946
calce_CS2_33,1,0.5728973746299744,0.5231277533039648,0.8641011163085042,0.5232097371690074
calce_CS2_33,1,0.6526146531105042,0.5231277533039648,0.8794520558103414,0.5497037353233557
calce_CS2_33,1,0.6526146531105042,0.5231277533039648,0.8794520558103414,0.5497037353233557
calce_CS2_33,1,0.6215243339538574,0.5231277533039648,0.8736513353726313,0.5391486629489668
calce_CS2_33,1,0.6215243339538574,0.5231277533039648,0.8736513353726313,0.5391486629489668
calce_CS2_33,1,0.6294557452201843,0.5231277533039648,0.8751534496816659,0.5418089401648452
calce_CS2_33,1,0.6215243339538574,0.5231277533039648,0.8736513353726313,0.5391486629489668
calce_CS2_33,1,0.6504161953926086,0.5231277533039648,0.8790495435181783,0.5489453874677479
calce_CS2_33,1,0.682637095451355,0.5231277533039648,0.8848339843900168,0.5602794431055298
calce_CS2_33,1,0.6498655676841736,0.5231277533039648,0.8789485485847635,0.5487557619899696
calce_CS2_33,1,0.682637095451355,0.5231277533039648,0.8848339843900168,0.5602794431055298
calce_CS2_33,1,0.682637095451355,0.5231277533039648,0.8848339843900168,0.5602794431055298
calce_CS2_33,1,0.682637095451355,0.5231277533039648,0.8848339843900168,0.5602794431055298
calce_CS2_33,1,0.6422772407531738,0.5231277533039648,0.8775492943961003,0.5461547867929194
calce_CS2_33,1,0.6847653388977051,0.5231277533039648,0.8852074566391176,0.5610463152779913
calce_CS2_33,1,0.662606418132782,0.5231277533039648,0.8812668925689274,0.5531763600540467
calce_CS2_33,1,0.662606418132782,0.5231277533039648,0.8812668925689274,0.5531763600540467
calce_CS2_33,1,0.6325316429138184,0.5231277533039648,0.8757318554345196,0.5428462200612102
calce_CS2_33,1,0.6744386553764343,0.5231277533039648,0.8833853998907967,0.5573478922229952
calce_CS2_33,1,0.6744386553764343,0.5231277533039648,0.8833853998907967,0.5573478922229952
calce_CS2_33,1,0.6376084685325623,0.5231277533039648,0.8766814943644635,0.544565472189534
calce_CS2_33,1,0.6171610355377197,0.5231277533039648,0.8728184048583427,0.5376935866785972
calce_CS2_33,1,0.6376084685325623,0.5231277533039648,0.8766814943644635,0.544565472189534
calce_CS2_33,1,0.6376084685325623,0.5231277533039648,0.8766814943644635,0.544565472189534
calce_CS2_33,1,0.6123153567314148,0.5231277533039648,0.8718878976921843,0.5360842504381069
calce_CS2_33,1,0.641326367855072,0.5231277533039648,0.8773729797095022,0.5458304376834503
calce_CS2_33,1,0.6535584330558777,0.5231277533039648,0.8796244961410586,0.5500299040322745
calce_CS2_33,1,0.6159869432449341,0.5231277533039648,0.8725934773590615,0.5373030239135498
calce_CS2_33,1,0.6201634407043457,0.5231277533039648,0.8733920500010794,0.5386942099132854
calce_CS2_33,1,0.6526201367378235,0.5231277533039648,0.8794530583526264,0.5497056293792515
calce_CS2_33,1,0.6683734655380249,0.5231277533039648,0.8823035850394016,0.555201167436751
calce_CS2_33,1,0.6756876707077026,0.5231277533039648,0.8836071054632614,0.5577922506684785
calce_CS2_33,1,0.6756876707077026,0.5231277533039648,0.8836071054632614,0.5577922506684785
calce_CS2_33,1,0.7133733034133911,0.5231277533039648,0.8901261269317704,0.5716174824374229
calce_CS2_33,1,0.6648962497711182,0.5231277533039648,0.8816794584065847,0.553978459031948
calce_CS2_33,1,0.7051483392715454,0.5231277533039648,0.888731214692224,0.568524800357666
calce_CS2_33,1,0.7051483392715454,0.5231277533039648,0.888731214692224,0.568524800357666
calce_CS2_33,1,0.6731339693069458,0.5231277533039648,0.8831534211872177,0.5568845708401915
calce_CS2_33,1,0.6731339693069458,0.5231277533039648,0.8831534211872177,0.5568845708401915
calce_CS2_33,1,0.8260725140571594,0.5231277533039648,0.9077427684025817,0.6207855211456356
calce_CS2_33,1,0.8532801270484924,0.5231277533039648,0.9115976386413939,0.6357465379383422
calce_CS2_33,1,0.8532801270484924,0.5231277533039648,0.9115976386413939,0.6357465379383422
calce_CS2_33,1,0.8212526440620422,0.5231277533039648,0.907044319316177,0.6183109367909417
calce_CS2_33,1,0.8260725140571594,0.5231277533039648,0.9077427684025817,0.6207855211456356
calce_CS2_33,1,0.8754009008407593,0.5231277533039648,0.9146239515871469,0.6494779715314626
calce_CS2_33,1,0.9034724235534668,0.5231277533039648,0.9183290103267789,0.6698452801122357
calce_CS2_33,1,0.9034724235534668,0.5231277533039648,0.9183290103267789,0.6698452801122357
calce_CS2_33,1,0.8754009008407593,0.5231277533039648,0.9146239515871469,0.6494779715314626
calce_CS2_33,1,0.9034724235534668,0.5231277533039648,0.9183290103267789,0.6698452801122357
calce_CS2_33,1,0.8754009008407593,0.5231277533039648,0.9146239515871469,0.6494779715314626
calce_CS2_33,1,0.9034724235534668,0.5231277533039648,0.9183290103267789,0.6698452801122357
calce_CS2_33,1,0.9034724235534668,0.5231277533039648,0.9183290103267789,0.6698452801122357
calce_CS2_33,1,0.8717358112335205,0.5231277533039648,0.9141291105256116,0.6470842088794456
calce_CS2_33,1,0.9034724235534668,0.5231277533039648,0.9183290103267789,0.6698452801122357
calce_CS2_33,1,0.9287286996841431,0.5231277533039648,0.9215366877558084,0.6925710335878271
calce_CS2_33,1,0.9041980504989624,0.5231277533039648,0.918422813284831,0.6704290903819207
calce_CS2_33,1,0.9786975979804993,0.5231277533039648,0.9275454970433628,0.7704387293617189
calce_CS2_33,1,0.9041980504989624,0.5231277533039648,0.918422813284831,0.6704290903819207
calce_CS2_33,1,0.9270535111427307,0.5231277533039648,0.9213275481915444,0.6908820304859666
calce_CS2_33,1,0.9276561141014099,0.5231277533039648,0.9214028390419027,0.6914860331276884
calce_CS2_33,1,0.9276561141014099,0.5231277533039648,0.9214028390419027,0.6914860331276884
calce_CS2_33,1,0.9276561141014099,0.5231277533039648,0.9214028390419027,0.6914860331276884
calce_CS2_33,1,0.9276561141014099,0.5231277533039648,0.9214028390419027,0.6914860331276884
calce_CS2_33,1,0.9276561141014099,0.5231277533039648,0.9214028390419027,0.6914860331276884
calce_CS2_33,1,0.9020072817802429,0.5231277533039648,0.918139309523585,0.668676763703916
calce_CS2_33,1,0.9276561141014099,0.5231277533039648,0.9214028390419027,0.6914860331276884
calce_CS2_33,1,0.9276561141014099,0.5231277533039648,0.9214028390419027,0.6914860331276884
calce_CS2_33,1,0.9303377270698547,0.5231277533039648,0.9217370883893331,0.6942231999836171
calce_CS2_33,1,0.9020072817802429,0.5231277533039648,0.918139309523585,0.668676763703916
calce_CS2_33,1,0.9276561141014099,0.5231277533039648,0.9214028390419027,0.6914860331276884
calce_CS2_33,1,0.9276561141014099,0.5231277533039648,0.9214028390419027,0.6914860331276884
calce_CS2_33,1,0.9276561141014099,0.5231277533039648,0.9214028390419027,0.6914860331276884
calce_CS2_33,1,0.8990345001220703,0.5231277533039648,0.917753171688701,0.6663467145828399
calce_CS2_33,1,0.9276561141014099,0.5231277533039648,0.9214028390419027,0.6914860331276884
calce_CS2_33,1,0.9020072817802429,0.5231277533039648,0.918139309523585,0.668676763703916
calce_CS2_33,1,0.9276561141014099,0.5231277533039648,0.9214028390419027,0.6914860331276884
calce_CS2_33,1,0.9276561141014099,0.5231277533039648,0.9214028390419027,0.6914860331276884
calce_CS2_33,1,0.9276561141014099,0.5231277533039648,0.9214028390419027,0.6914860331276884
calce_CS2_33,1,0.9276561141014099,0.5231277533039648,0.9214028390419027,0.6914860331276884
calce_CS2_33,1,0.9276561141014099,0.5231277533039648,0.9214028390419027,0.6914860331276884
calce_CS2_33,1,0.9285948276519775,0.5231277533039648,0.9215199931665992,0.6924349087714529
calce_CS2_33,1,0.938535749912262,0.5231277533039648,0.9227508775253136,0.7031454013549202
calce_CS2_33,1,0.9583653211593628,0.5231277533039648,0.925153472500045,0.7295143426027643
calce_CS2_33,1,0.9583653211593628,0.5231277533039648,0.925153472500045,0.7295143426027643
calce_CS2_33,1,0.9796889424324036,0.5231277533039648,0.9276603050317355,0.7731503019012599
calce_CS2_33,1,0.94041508436203,0.5231277533039648,0.9229815795710811,0.7053233507315577
calce_CS2_33,1,0.9583653211593628,0.5231277533039648,0.925153472500045,0.7295143426027643
calce_CS2_33,1,0.9583653211593628,0.5231277533039648,0.925153472500045,0.7295143426027643
calce_CS2_33,1,0.9583653211593628,0.5231277533039648,0.925153472500045,0.7295143426027643
calce_CS2_33,1,0.94041508436203,0.5231277533039648,0.9229815795710811,0.7053233507315577
calce_CS2_33,1,0.9796889424324036,0.5231277533039648,0.9276603050317355,0.7731503019012599
calce_CS2_33,1,0.9583653211593628,0.5231277533039648,0.925153472500045,0.7295143426027643
calce_CS2_33,1,0.9583653211593628,0.5231277533039648,0.925153472500045,0.7295143426027643
calce_CS2_33,1,0.94041508436203,0.5231277533039648,0.9229815795710811,0.7053233507315577
calce_CS2_33,1,0.9285948276519775,0.5231277533039648,0.9215199931665992,0.6924349087714529
calce_CS2_33,1,0.9285948276519775,0.5231277533039648,0.9215199931665992,0.6924349087714529
calce_CS2_33,1,0.9032439589500427,0.5231277533039648,0.9182994560065696,0.6696621702092972
calce_CS2_33,1,0.94041508436203,0.5231277533039648,0.9229815795710811,0.7053233507315577
calce_CS2_33,1,0.9583653211593628,0.5231277533039648,0.925153472500045,0.7295143426027643
calce_CS2_33,1,0.94041508436203,0.5231277533039648,0.9229815795710811,0.7053233507315577
calce_CS2_33,1,0.9583653211593628,0.5231277533039648,0.925153472500045,0.7295143426027643
calce_CS2_33,1,0.94041508436203,0.5231277533039648,0.9229815795710811,0.7053233507315577
calce_CS2_33,1,0.9583653211593628,0.5231277533039648,0.925153472500045,0.7295143426027643
calce_CS2_33,1,0.9583653211593628,0.5231277533039648,0.925153472500045,0.7295143426027643
calce_CS2_33,1,0.94041508436203,0.5231277533039648,0.9229815795710811,0.7053233507315577
calce_CS2_33,1,0.9614250063896179,0.5231277533039648,0.9255180185300759,0.7344492431637992
calce_CS2_33,1,0.9614250063896179,0.5231277533039648,0.9255180185300759,0.7344492431637992
calce_CS2_33,1,0.9447177648544312,0.5231277533039648,0.9235073887877211,0.7105244065993199
calce_CS2_33,1,0.9447177648544312,0.5231277533039648,0.9235073887877211,0.7105244065993199
calce_CS2_33,1,0.9447177648544312,0.5231277533039648,0.9235073887877211,0.7105244065993199
calce_CS2_33,1,0.9614250063896179,0.5231277533039648,0.9255180185300759,0.7344492431637992
calce_CS2_33,1,0.9614250063896179,0.5231277533039648,0.9255180185300759,0.7344492431637992
calce_CS2_33,1,0.9614250063896179,0.5231277533039648,0.9255180185300759,0.7344492431637992
calce_CS2_33,1,0.9614250063896179,0.5231277533039648,0.9255180185300759,0.7344492431637992
calce_CS2_33,1,0.9447177648544312,0.5231277533039648,0.9235073887877211,0.7105244065993199
calce_CS2_33,1,0.9447177648544312,0.5231277533039648,0.9235073887877211,0.7105244065993199
calce_CS2_33,1,0.9636878967285156,0.5231277533039648,0.9257865794699937,0.7383060612519279
calce_CS2_33,1,0.9637145400047302,0.5231277533039648,0.9257897361954324,0.7383526116131206
calce_CS2_33,1,0.9637145400047302,0.5231277533039648,0.9257897361954324,0.7383526116131206
calce_CS2_33,1,0.9637145400047302,0.5231277533039648,0.9257897361954324,0.7383526116131206
calce_CS2_33,1,0.9479452967643738,0.5231277533039648,0.9238996461681928,0.7146428997367968
calce_CS2_33,1,0.9637145400047302,0.5231277533039648,0.9257897361954324,0.7383526116131206
calce_CS2_33,1,0.9637145400047302,0.5231277533039648,0.9257897361954324,0.7383526116131206
calce_CS2_33,1,0.9479452967643738,0.5231277533039648,0.9238996461681928,0.7146428997367968
calce_CS2_33,1,0.9637145400047302,0.5231277533039648,0.9257897361954324,0.7383526116131206
calce_CS2_33,1,0.9637145400047302,0.5231277533039648,0.9257897361954324,0.7383526116131206
calce_CS2_33,1,0.9640275239944458,0.5231277533039648,0.9258268096453453,0.7389015210139424
calce_CS2_33,1,0.9640275239944458,0.5231277533039648,0.9258268096453453,0.7389015210139424
calce_CS2_33,1,0.9640275239944458,0.5231277533039648,0.9258268096453453,0.7389015210139424
calce_CS2_33,1,0.9640275239944458,0.5231277533039648,0.9258268096453453,0.7389015210139424
calce_CS2_33,1,0.9640275239944458,0.5231277533039648,0.9258268096453453,0.7389015210139424
calce_CS2_33,1,0.9640275239944458,0.5231277533039648,0.9258268096453453,0.7389015210139424
calce_CS2_33,1,0.9640275239944458,0.5231277533039648,0.9258268096453453,0.7389015210139424
calce_CS2_33,1,0.9640275239944458,0.5231277533039648,0.9258268096453453,0.7389015210139424
calce_CS2_33,1,0.971413254737854,0.5231277533039648,0.9266967302166416,0.7531310410277793
calce_CS2_33,1,0.9576358795166016,0.5231277533039648,0.9250663214523899,0.7283811446208187
calce_CS2_33,1,0.9640275239944458,0.5231277533039648,0.9258268096453453,0.7389015210139424
calce_CS2_33,1,0.971413254737854,0.5231277533039648,0.9266967302166416,0.7531310410277793
calce_CS2_33,1,0.9824346899986267,0.5231277533039648,0.9279774159817465,0.7812588327945812
calce_CS2_33,1,0.9744164347648621,0.5231277533039648,0.9270477624960077,0.7597793985036396
calce_CS2_33,1,0.9824346899986267,0.5231277533039648,0.9279774159817465,0.7812588327945812
calce_CS2_33,1,0.9865577816963196,0.5231277533039648,0.9284511908881434,0.7955927870269056
calce_CS2_33,1,0.9731453061103821,0.5231277533039648,0.926899373686021,0.7568925287045187
calce_CS2_33,1,0.9731453061103821,0.5231277533039648,0.926899373686021,0.7568925287045187
calce_CS2_33,1,0.9865577816963196,0.5231277533039648,0.9284511908881434,0.7955927870269056
calce_CS2_33,1,0.9824346899986267,0.5231277533039648,0.9279774159817465,0.7812588327945812
calce_CS2_33,1,0.9720206260681152,0.5231277533039648,0.9267678491968635,0.7544286277714497
calce_CS2_33,1,0.9720206260681152,0.5231277533039648,0.9267678491968635,0.7544286277714497
calce_CS2_33,1,0.9720206260681152,0.5231277533039648,0.9267678491968635,0.7544286277714497
calce_CS2_33,1,0.9720206260681152,0.5231277533039648,0.9267678491968635,0.7544286277714497
calce_CS2_33,1,0.9720206260681152,0.5231277533039648,0.9267678491968635,0.7544286277714497
calce_CS2_33,1,0.987251877784729,0.5231277533039648,0.9285306644565529,0.7983425721869559
calce_CS2_33,1,0.9757221341133118,0.5231277533039648,0.9271998980335501,0.7628676213265462
calce_CS2_33,1,0.9833380579948425,0.5231277533039648,0.9280814668258249,0.7841490299499378
calce_CS2_33,1,0.9833380579948425,0.5231277533039648,0.9280814668258249,0.7841490299499378
calce_CS2_33,1,0.9833380579948425,0.5231277533039648,0.9280814668258249,0.7841490299499378
calce_CS2_33,1,0.9745141267776489,0.5231277533039648,0.9270591553593642,0.7600060112988244
calce_CS2_33,1,0.9847120046615601,0.5231277533039648,0.9282394535764125,0.7887949998899627
calce_CS2_33,1,0.9883070588111877,0.5231277533039648,0.92865132594415,0.8027604522122941
calce_CS2_33,1,0.9847120046615601,0.5231277533039648,0.9282394535764125,0.7887949998899627
calce_CS2_33,1,0.9847120046615601,0.5231277533039648,0.9282394535764125,0.7887949998899627
calce_CS2_33,1,0.9847120046615601,0.5231277533039648,0.9282394535764125,0.7887949998899627
calce_CS2_33,1,0.9774711728096008,0.5231277533039648,0.927403231825465,0.7672210476810774
calce_CS2_33,1,0.9852868318557739,0.5231277533039648,0.9283054564823565,0.7908382998859989
calce_CS2_33,1,0.9852868318557739,0.5231277533039648,0.9283054564823565,0.7908382998859989
calce_CS2_33,1,0.9852868318557739,0.5231277533039648,0.9283054564823565,0.7908382998859989
calce_CS2_33,1,0.9774711728096008,0.5231277533039648,0.927403231825465,0.7672210476810774
calce_CS2_33,1,0.9939355254173279,0.5846153846153846,0.9292917777424192,0.833845216940456
calce_CS2_33,1,0.9939355254173279,0.5846153846153846,0.9292917777424192,0.833845216940456
calce_CS2_33,1,0.9939355254173279,0.5846153846153846,0.9292917777424192,0.833845216940456
calce_CS2_33,1,0.990343451499939,0.5231277533039648,0.9288836588692349,0.8122689851170032
calce_CS2_33,1,0.9939355254173279,0.5846153846153846,0.9292917777424192,0.833845216940456
calce_CS2_33,1,0.9993922710418701,0.8712737127371274,0.9299076150401181,0.9123450185665835
calce_CS2_33,1,0.9996140599250793,0.9244604316546763,0.9299325405100531,0.9231769836146106
calce_CS2_33,1,0.99954754114151,0.9244604316546763,0.9299250657392085,0.9195309954272607
calce_CS2_33,1,0.9996140599250793,0.9244604316546763,0.9299325405100531,0.9231769836146106
calce_CS2_33,1,0.9996140599250793,0.9244604316546763,0.9299325405100531,0.9231769836146106
calce_CS2_33,1,0.9996140599250793,0.9244604316546763,0.9299325405100531,0.9231769836146106
calce_CS2_33,1,0.9996140599250793,0.9244604316546763,0.9299325405100531,0.9231769836146106
calce_CS2_33,1,0.9996140599250793,0.9244604316546763,0.9299325405100531,0.9231769836146106
calce_CS2_33,1,0.9993922710418701,0.8712737127371274,0.9299076150401181,0.9123450185665835
calce_CS2_33,1,0.9993922710418701,0.8712737127371274,0.9299076150401181,0.9123450185665835
calce_CS2_33,1,0.9996140599250793,0.9244604316546763,0.9299325405100531,0.9231769836146106
calce_CS2_33,1,0.9996140599250793,0.9244604316546763,0.9299325405100531,0.9231769836146106
calce_CS2_33,1,0.9996140599250793,0.9244604316546763,0.9299325405100531,0.9231769836146106
calce_CS2_33,1,0.9996140599250793,0.9244604316546763,0.9299325405100531,0.9231769836146106
calce_CS2_33,1,0.9996992349624634,0.9244604316546763,0.9299421106232021,0.9285897623033464
calce_CS2_33,1,0.9996305704116821,0.9244604316546763,0.9299343956929095,0.9241525619840176
calce_CS2_33,1,0.9996305704116821,0.9244604316546763,0.9299343956929095,0.9241525619840176
calce_CS2_33,1,0.9996305704116821,0.9244604316546763,0.9299343956929095,0.9241525619840176
calce_CS2_33,1,0.9996305704116821,0.9244604316546763,0.9299343956929095,0.9241525619840176
calce_CS2_33,1,0.9996305704116821,0.9244604316546763,0.9299343956929095,0.9241525619840176
calce_CS2_33,1,0.9994184970855713,0.8712737127371274,0.9299105628490305,0.913455279224875
calce_CS2_33,1,0.9994184970855713,0.8712737127371274,0.9299105628490305,0.913455279224875
calce_CS2_33,1,0.9996305704116821,0.9244604316546763,0.9299343956929095,0.9241525619840176
calce_CS2_33,1,0.9994184970855713,0.8712737127371274,0.9299105628490305,0.913455279224875
calce_CS2_33,1,0.9996305704116821,0.9244604316546763,0.9299343956929095,0.9241525619840176
calce_CS2_33,1,0.9996305704116821,0.9244604316546763,0.9299343956929095,0.9241525619840176
calce_CS2_33,1,0.9996305704116821,0.9244604316546763,0.9299343956929095,0.9241525619840176
calce_CS2_33,1,0.9996305704116821,0.9244604316546763,0.9299343956929095,0.9241525619840176
calce_CS2_33,1,0.9994184970855713,0.8712737127371274,0.9299105628490305,0.913455279224875
calce_CS2_33,1,0.9996305704116821,0.9244604316546763,0.9299343956929095,0.9241525619840176
calce_CS2_33,1,0.9994184970855713,0.8712737127371274,0.9299105628490305,0.913455279224875
calce_CS2_33,1,0.9996305704116821,0.9244604316546763,0.9299343956929095,0.9241525619840176
calce_CS2_33,1,0.9996305704116821,0.9244604316546763,0.9299343956929095,0.9241525619840176
calce_CS2_33,1,0.9996305704116821,0.9244604316546763,0.9299343956929095,0.9241525619840176
calce_CS2_33,1,0.9996305704116821,0.9244604316546763,0.9299343956929095,0.9241525619840176
calce_CS2_33,1,0.9996305704116821,0.9244604316546763,0.9299343956929095,0.9241525619840176
calce_CS2_33,1,0.9996305704116821,0.9244604316546763,0.9299343956929095,0.9241525619840176
calce_CS2_33,1,0.9996305704116821,0.9244604316546763,0.9299343956929095,0.9241525619840176
calce_CS2_33,1,0.9996305704116821,0.9244604316546763,0.9299343956929095,0.9241525619840176
calce_CS2_33,1,0.9996305704116821,0.9244604316546763,0.9299343956929095,0.9241525619840176
calce_CS2_33,1,0.9994184970855713,0.8712737127371274,0.9299105628490305,0.913455279224875
calce_CS2_33,1,0.9996305704116821,0.9244604316546763,0.9299343956929095,0.9241525619840176
calce_CS2_33,1,0.9996305704116821,0.9244604316546763,0.9299343956929095,0.9241525619840176
calce_CS2_33,1,0.9996305704116821,0.9244604316546763,0.9299343956929095,0.9241525619840176
calce_CS2_33,1,0.9996305704116821,0.9244604316546763,0.9299343956929095,0.9241525619840176
calce_CS2_33,1,0.9996212720870972,0.9244604316546763,0.9299333509023749,0.9235993073316378
calce_CS2_33,1,0.9996212720870972,0.9244604316546763,0.9299333509023749,0.9235993073316378
calce_CS2_33,1,0.9996212720870972,0.9244604316546763,0.9299333509023749,0.9235993073316378
calce_CS2_33,1,0.9996212720870972,0.9244604316546763,0.9299333509023749,0.9235993073316378
calce_CS2_33,1,0.9996305704116821,0.9244604316546763,0.9299343956929095,0.9241525619840176
calce_CS2_33,1,0.9996212720870972,0.9244604316546763,0.9299333509023749,0.9235993073316378
calce_CS2_33,1,0.9996212720870972,0.9244604316546763,0.9299333509023749,0.9235993073316378
calce_CS2_33,1,0.9996212720870972,0.9244604316546763,0.9299333509023749,0.9235993073316378
calce_CS2_33,1,0.9996305704116821,0.9244604316546763,0.9299343956929095,0.9241525619840176
calce_CS2_33,1,0.9996305704116821,0.9244604316546763,0.9299343956929095,0.9241525619840176
calce_CS2_33,1,0.9996305704116821,0.9244604316546763,0.9299343956929095,0.9241525619840176
calce_CS2_33,1,0.9996305704116821,0.9244604316546763,0.9299343956929095,0.9241525619840176
calce_CS2_33,1,0.9996305704116821,0.9244604316546763,0.9299343956929095,0.9241525619840176
calce_CS2_33,1,0.9996212720870972,0.9244604316546763,0.9299333509023749,0.9235993073316378
calce_CS2_33,1,0.9996212720870972,0.9244604316546763,0.9299333509023749,0.9235993073316378
calce_CS2_33,1,0.9996212720870972,0.9244604316546763,0.9299333509023749,0.9235993073316378
calce_CS2_33,1,0.9996212720870972,0.9244604316546763,0.9299333509023749,0.9235993073316378
calce_CS2_33,1,0.9996212720870972,0.9244604316546763,0.9299333509023749,0.9235993073316378
calce_CS2_33,1,0.9996188879013062,0.9244604316546763,0.9299330830050457,0.9234590500702964
calce_CS2_33,1,0.9996188879013062,0.9244604316546763,0.9299330830050457,0.9234590500702964
calce_CS2_33,1,0.9996188879013062,0.9244604316546763,0.9299330830050457,0.9234590500702964
calce_CS2_33,1,0.9996188879013062,0.9244604316546763,0.9299330830050457,0.9234590500702964
calce_CS2_33,1,0.9993999004364014,0.8712737127371274,0.9299084725963521,0.9126642952552869
calce_CS2_33,1,0.9996188879013062,0.9244604316546763,0.9299330830050457,0.9234590500702964
calce_CS2_33,1,0.9996188879013062,0.9244604316546763,0.9299330830050457,0.9234590500702964
calce_CS2_33,1,0.9996188879013062,0.9244604316546763,0.9299330830050457,0.9234590500702964
calce_CS2_33,1,0.9996188879013062,0.9244604316546763,0.9299330830050457,0.9234590500702964
calce_CS2_33,1,0.9993999004364014,0.8712737127371274,0.9299084725963521,0.9126642952552869
calce_CS2_33,1,0.9996188879013062,0.9244604316546763,0.9299330830050457,0.9234590500702964
calce_CS2_33,1,0.9996188879013062,0.9244604316546763,0.9299330830050457,0.9234590500702964
calce_CS2_33,1,0.9996188879013062,0.9244604316546763,0.9299330830050457,0.9234590500702964
calce_CS2_33,1,0.9996188879013062,0.9244604316546763,0.9299330830050457,0.9234590500702964
calce_CS2_33,1,0.9996188879013062,0.9244604316546763,0.9299330830050457,0.9234590500702964
calce_CS2_33,1,0.9993999004364014,0.8712737127371274,0.9299084725963521,0.9126642952552869
calce_CS2_33,1,0.9996188879013062,0.9244604316546763,0.9299330830050457,0.9234590500702964
calce_CS2_33,1,0.9996188879013062,0.9244604316546763,0.9299330830050457,0.9234590500702964
calce_CS2_33,1,0.9996188879013062,0.9244604316546763,0.9299330830050457,0.9234590500702964
calce_CS2_33,1,0.9996317625045776,0.9244604316546763,0.9299345296393721,0.9242242260035562
calce_CS2_33,1,0.9996336698532104,0.9244604316546763,0.9299347439532197,0.9243392420558424
calce_CS2_33,1,0.9996336698532104,0.9244604316546763,0.9299347439532197,0.9243392420558424
calce_CS2_33,1,0.9997184872627258,0.9244604316546763,0.92994427360936,0.9299654553350778
calce_CS2_33,1,0.9996336698532104,0.9244604316546763,0.9299347439532197,0.9243392420558424
calce_CS2_33,1,0.9996336698532104,0.9244604316546763,0.9299347439532197,0.9243392420558424
calce_CS2_33,1,0.9994403719902039,0.8712737127371274,0.9299130215019659,0.914409953321587
calce_CS2_33,1,0.9997184872627258,0.9244604316546763,0.92994427360936,0.9299654553350778
calce_CS2_33,1,0.9995699524879456,0.9244604316546763,0.9299275842031397,0.9207126647770566
calce_CS2_33,1,0.9997120499610901,0.9244604316546763,0.929943550388662,0.9294980532178458
calce_CS2_33,1,0.9997184872627258,0.9244604316546763,0.92994427360936,0.9299654553350778
calce_CS2_33,1,0.9994403719902039,0.8712737127371274,0.9299130215019659,0.914409953321587
calce_CS2_33,1,0.9996336698532104,0.9244604316546763,0.9299347439532197,0.9243392420558424
calce_CS2_33,1,0.9997184872627258,0.9244604316546763,0.92994427360936,0.9299654553350778
calce_CS2_33,1,0.9997184872627258,0.9244604316546763,0.92994427360936,0.9299654553350778
calce_CS2_33,1,0.9997184872627258,0.9244604316546763,0.92994427360936,0.9299654553350778
calce_CS2_33,1,0.9995699524879456,0.9244604316546763,0.9299275842031397,0.9207126647770566
calce_CS2_33,1,0.9995699524879456,0.9244604316546763,0.9299275842031397,0.9207126647770566
calce_CS2_33,1,0.9997184872627258,0.9244604316546763,0.92994427360936,0.9299654553350778
calce_CS2_33,1,0.9997184872627258,0.9244604316546763,0.92994427360936,0.9299654553350778
calce_CS2_33,1,0.9995699524879456,0.9244604316546763,0.9299275842031397,0.9207126647770566
calce_CS2_33,1,0.9997184872627258,0.9244604316546763,0.92994427360936,0.9299654553350778
calce_CS2_33,1,0.9997184872627258,0.9244604316546763,0.92994427360936,0.9299654553350778
calce_CS2_33,1,0.9997184872627258,0.9244604316546763,0.92994427360936,0.9299654553350778
calce_CS2_33,1,0.9997184872627258,0.9244604316546763,0.92994427360936,0.9299654553350778
calce_CS2_33,1,0.9997184872627258,0.9244604316546763,0.92994427360936,0.9299654553350778
calce_CS2_33,1,0.9997184872627258,0.9244604316546763,0.92994427360936,0.9299654553350778
calce_CS2_33,1,0.9995699524879456,0.9244604316546763,0.9299275842031397,0.9207126647770566
calce_CS2_33,1,0.9997184872627258,0.9244604316546763,0.92994427360936,0.9299654553350778
calce_CS2_33,1,0.9995602965354919,0.9244604316546763,0.9299264991305373,0.9201981312206345
calce_CS2_33,1,0.9995699524879456,0.9244604316546763,0.9299275842031397,0.9207126647770566
calce_CS2_33,1,0.9995699524879456,0.9244604316546763,0.9299275842031397,0.9207126647770566
calce_CS2_33,1,0.9997184872627258,0.9244604316546763,0.92994427360936,0.9299654553350778
calce_CS2_33,1,0.9997184872627258,0.9244604316546763,0.92994427360936,0.9299654553350778
calce_CS2_33,1,0.9997184872627258,0.9244604316546763,0.92994427360936,0.9299654553350778
calce_CS2_33,1,0.9995699524879456,0.9244604316546763,0.9299275842031397,0.9207126647770566
calce_CS2_33,1,0.9997184872627258,0.9244604316546763,0.92994427360936,0.9299654553350778
calce_CS2_33,1,0.9997184872627258,0.9244604316546763,0.92994427360936,0.9299654553350778
calce_CS2_33,1,0.9997184872627258,0.9244604316546763,0.92994427360936,0.9299654553350778
calce_CS2_33,1,0.9995699524879456,0.9244604316546763,0.9299275842031397,0.9207126647770566
calce_CS2_33,1,0.9997184872627258,0.9244604316546763,0.92994427360936,0.9299654553350778
calce_CS2_33,1,0.9997184872627258,0.9244604316546763,0.92994427360936,0.9299654553350778
calce_CS2_33,1,0.9997184872627258,0.9244604316546763,0.92994427360936,0.9299654553350778
calce_CS2_33,1,0.9997184872627258,0.9244604316546763,0.92994427360936,0.9299654553350778
calce_CS2_33,1,0.9997184872627258,0.9244604316546763,0.92994427360936,0.9299654553350778
calce_CS2_33,1,0.9997184872627258,0.9244604316546763,0.92994427360936,0.9299654553350778
calce_CS2_33,1,0.9997184872627258,0.9244604316546763,0.92994427360936,0.9299654553350778
calce_CS2_33,1,0.9997184872627258,0.9244604316546763,0.92994427360936,0.9299654553350778
calce_CS2_33,1,0.9995699524879456,0.9244604316546763,0.9299275842031397,0.9207126647770566
calce_CS2_33,1,0.9997184872627258,0.9244604316546763,0.92994427360936,0.9299654553350778
calce_CS2_33,1,0.9997184872627258,0.9244604316546763,0.92994427360936,0.9299654553350778
calce_CS2_33,1,0.9997184872627258,0.9244604316546763,0.92994427360936,0.9299654553350778
calce_CS2_33,1,0.9997184872627258,0.9244604316546763,0.92994427360936,0.9299654553350778
calce_CS2_33,1,0.9997184872627258,0.9244604316546763,0.92994427360936,0.9299654553350778
calce_CS2_33,1,0.9997184872627258,0.9244604316546763,0.92994427360936,0.9299654553350778
calce_CS2_33,1,0.9997184872627258,0.9244604316546763,0.92994427360936,0.9299654553350778
calce_CS2_33,1,0.9997184872627258,0.9244604316546763,0.92994427360936,0.9299654553350778
calce_CS2_33,1,0.9997184872627258,0.9244604316546763,0.92994427360936,0.9299654553350778
calce_CS2_33,1,0.9997184872627258,0.9244604316546763,0.92994427360936,0.9299654553350778
calce_CS2_33,1,0.9997184872627258,0.9244604316546763,0.92994427360936,0.9299654553350778
calce_CS2_33,1,0.9997184872627258,0.9244604316546763,0.92994427360936,0.9299654553350778
calce_CS2_33,1,0.9997184872627258,0.9244604316546763,0.92994427360936,0.9299654553350778
calce_CS2_33,1,0.9997184872627258,0.9244604316546763,0.92994427360936,0.9299654553350778
calce_CS2_33,1,0.9997184872627258,0.9244604316546763,0.92994427360936,0.9299654553350778
calce_CS2_33,1,0.9997184872627258,0.9244604316546763,0.92994427360936,0.9299654553350778
calce_CS2_33,1,0.9997184872627258,0.9244604316546763,0.92994427360936,0.9299654553350778
calce_CS2_33,1,0.9996317625045776,0.9244604316546763,0.9299345296393721,0.9242242260035562
calce_CS2_33,1,0.9997184872627258,0.9244604316546763,0.92994427360936,0.9299654553350778
calce_CS2_33,1,0.9997184872627258,0.9244604316546763,0.92994427360936,0.9299654553350778
calce_CS2_33,1,0.9997184872627258,0.9244604316546763,0.92994427360936,0.9299654553350778
calce_CS2_33,1,0.9997184872627258,0.9244604316546763,0.92994427360936,0.9299654553350778
calce_CS2_33,1,0.9997184872627258,0.9244604316546763,0.92994427360936,0.9299654553350778
calce_CS2_33,1,0.9997184872627258,0.9244604316546763,0.92994427360936,0.9299654553350778
calce_CS2_33,1,0.9995602965354919,0.9244604316546763,0.9299264991305373,0.9201981312206345
calce_CS2_33,1,0.9997120499610901,0.9244604316546763,0.929943550388662,0.9294980532178458
calce_CS2_33,1,0.9997120499610901,0.9244604316546763,0.929943550388662,0.9294980532178458
calce_CS2_33,1,0.9997184872627258,0.9244604316546763,0.92994427360936,0.9299654553350778
calce_CS2_33,1,0.9995699524879456,0.9244604316546763,0.9299275842031397,0.9207126647770566
calce_CS2_33,1,0.9997120499610901,0.9244604316546763,0.929943550388662,0.9294980532178458
calce_CS2_33,1,0.9997120499610901,0.9244604316546763,0.929943550388662,0.9294980532178458
calce_CS2_33,1,0.9997120499610901,0.9244604316546763,0.929943550388662,0.9294980532178458
calce_CS2_33,1,0.9997120499610901,0.9244604316546763,0.929943550388662,0.9294980532178458
calce_CS2_33,1,0.9997120499610901,0.9244604316546763,0.929943550388662,0.9294980532178458
calce_CS2_33,1,0.9997120499610901,0.9244604316546763,0.929943550388662,0.9294980532178458
calce_CS2_33,1,0.9997184872627258,0.9244604316546763,0.92994427360936,0.9299654553350778
calce_CS2_33,1,0.9997120499610901,0.9244604316546763,0.929943550388662,0.9294980532178458
calce_CS2_33,1,0.9995602965354919,0.9244604316546763,0.9299264991305373,0.9201981312206345
calce_CS2_33,1,0.9997120499610901,0.9244604316546763,0.929943550388662,0.9294980532178458
calce_CS2_33,1,0.9991495609283447,0.8712737127371274,0.9298803289686611,0.9034563529009256
calce_CS2_33,1,0.9997120499610901,0.9244604316546763,0.929943550388662,0.9294980532178458
calce_CS2_33,1,0.9997120499610901,0.9244604316546763,0.929943550388662,0.9294980532178458
calce_CS2_33,1,0.9997120499610901,0.9244604316546763,0.929943550388662,0.9294980532178458
calce_CS2_33,1,0.9997120499610901,0.9244604316546763,0.929943550388662,0.9294980532178458
calce_CS2_33,1,0.9997120499610901,0.9244604316546763,0.929943550388662,0.9294980532178458
calce_CS2_33,1,0.9997120499610901,0.9244604316546763,0.929943550388662,0.9294980532178458
calce_CS2_33,1,0.9997120499610901,0.9244604316546763,0.929943550388662,0.9294980532178458
calce_CS2_33,1,0.9997120499610901,0.9244604316546763,0.929943550388662,0.9294980532178458
calce_CS2_33,1,0.9997120499610901,0.9244604316546763,0.929943550388662,0.9294980532178458
calce_CS2_33,1,0.9995602965354919,0.9244604316546763,0.9299264991305373,0.9201981312206345
calce_CS2_33,1,0.9997120499610901,0.9244604316546763,0.929943550388662,0.9294980532178458
calce_CS2_33,1,0.9997120499610901,0.9244604316546763,0.929943550388662,0.9294980532178458
calce_CS2_33,1,0.9997120499610901,0.9244604316546763,0.929943550388662,0.9294980532178458
calce_CS2_33,1,0.9997120499610901,0.9244604316546763,0.929943550388662,0.9294980532178458
calce_CS2_33,1,0.9997120499610901,0.9244604316546763,0.929943550388662,0.9294980532178458
calce_CS2_33,1,0.9995602965354919,0.9244604316546763,0.9299264991305373,0.9201981312206345
calce_CS2_33,1,0.9997120499610901,0.9244604316546763,0.929943550388662,0.9294980532178458
calce_CS2_33,1,0.9997120499610901,0.9244604316546763,0.929943550388662,0.9294980532178458
calce_CS2_33,1,0.9997120499610901,0.9244604316546763,0.929943550388662,0.9294980532178458
calce_CS2_33,1,0.9997120499610901,0.9244604316546763,0.929943550388662,0.9294980532178458
calce_CS2_33,1,0.9997120499610901,0.9244604316546763,0.929943550388662,0.9294980532178458
calce_CS2_33,1,0.9995602965354919,0.9244604316546763,0.9299264991305373,0.9201981312206345
calce_CS2_33,1,0.9997120499610901,0.9244604316546763,0.929943550388662,0.9294980532178458
calce_CS2_33,1,0.9995602965354919,0.9244604316546763,0.9299264991305373,0.9201981312206345
calce_CS2_33,1,0.9997120499610901,0.9244604316546763,0.929943550388662,0.9294980532178458
calce_CS2_33,1,0.9997120499610901,0.9244604316546763,0.929943550388662,0.9294980532178458
calce_CS2_33,1,0.9982594847679138,0.8712737127371274,0.9297801803361482,0.8817791954383547
calce_CS2_33,1,0.9995602965354919,0.9244604316546763,0.9299264991305373,0.9201981312206345
calce_CS2_33,1,0.9997120499610901,0.9244604316546763,0.929943550388662,0.9294980532178458
calce_CS2_33,1,0.9997120499610901,0.9244604316546763,0.929943550388662,0.9294980532178458
calce_CS2_33,1,0.9995602965354919,0.9244604316546763,0.9299264991305373,0.9201981312206345
calce_CS2_33,1,0.9997120499610901,0.9244604316546763,0.929943550388662,0.9294980532178458
calce_CS2_33,1,0.9997120499610901,0.9244604316546763,0.929943550388662,0.9294980532178458
calce_CS2_33,1,0.9995602965354919,0.9244604316546763,0.9299264991305373,0.9201981312206345
calce_CS2_33,1,0.9997120499610901,0.9244604316546763,0.929943550388662,0.9294980532178458
calce_CS2_33,1,0.9997120499610901,0.9244604316546763,0.929943550388662,0.9294980532178458
calce_CS2_33,1,0.9997120499610901,0.9244604316546763,0.929943550388662,0.9294980532178458
calce_CS2_33,1,0.9997120499610901,0.9244604316546763,0.929943550388662,0.9294980532178458
calce_CS2_33,1,0.9997120499610901,0.9244604316546763,0.929943550388662,0.9294980532178458
calce_CS2_33,1,0.9997120499610901,0.9244604316546763,0.929943550388662,0.9294980532178458
calce_CS2_33,1,0.9997120499610901,0.9244604316546763,0.929943550388662,0.9294980532178458
calce_CS2_33,1,0.9997120499610901,0.9244604316546763,0.929943550388662,0.9294980532178458
calce_CS2_33,1,0.9997120499610901,0.9244604316546763,0.929943550388662,0.9294980532178458
calce_CS2_33,1,0.9997120499610901,0.9244604316546763,0.929943550388662,0.9294980532178458
calce_CS2_33,1,0.9997120499610901,0.9244604316546763,0.929943550388662,0.9294980532178458
calce_CS2_33,1,0.9997120499610901,0.9244604316546763,0.929943550388662,0.9294980532178458
calce_CS2_33,1,0.9997120499610901,0.9244604316546763,0.929943550388662,0.9294980532178458
calce_CS2_33,1,0.9997120499610901,0.9244604316546763,0.929943550388662,0.9294980532178458
calce_CS2_33,1,0.9997120499610901,0.9244604316546763,0.929943550388662,0.9294980532178458
calce_CS2_33,1,0.9997120499610901,0.9244604316546763,0.929943550388662,0.9294980532178458
calce_CS2_33,1,0.9997120499610901,0.9244604316546763,0.929943550388662,0.9294980532178458
calce_CS2_33,1,0.9997120499610901,0.9244604316546763,0.929943550388662,0.9294980532178458
calce_CS2_33,1,0.9996476173400879,0.9244604316546763,0.9299363111048086,0.9251938847400906
calce_CS2_33,1,0.9993066787719727,0.8712737127371274,0.9298979936661821,0.9089514922962924
calce_CS2_33,1,0.999448835849762,0.8712737127371274,0.9299139727849742,0.9147867231362279
calce_CS2_33,1,0.9991501569747925,0.8712737127371274,0.9298803959897057,0.9034757133394905
calce_CS2_33,1,0.9995403289794922,0.9244604316546763,0.9299242552582814,0.9191598726334745
calce_CS2_33,1,0.9991501569747925,0.8712737127371274,0.9298803959897057,0.9034757133394905
calce_CS2_33,1,0.9994365572929382,0.8712737127371274,0.9299125927507915,0.9142415136075301
calce_CS2_33,1,0.9994240999221802,0.8712737127371274,0.9299111925933466,0.9136972430524243
calce_CS2_33,1,0.9994240999221802,0.8712737127371274,0.9299111925933466,0.9136972430524243
calce_CS2_33,1,0.9991313815116882,0.8712737127371274,0.9298782847983506,0.9028706490047602
calce_CS2_33,1,0.9994240999221802,0.8712737127371274,0.9299111925933466,0.9136972430524243
calce_CS2_33,1,0.9994240999221802,0.8712737127371274,0.9299111925933466,0.9136972430524243
calce_CS2_33,1,0.9994240999221802,0.8712737127371274,0.9299111925933466,0.9136972430524243
calce_CS2_33,1,0.9994240999221802,0.8712737127371274,0.9299111925933466,0.9136972430524243
calce_CS2_33,1,0.9994240999221802,0.8712737127371274,0.9299111925933466,0.9136972430524243
calce_CS2_33,1,0.999442994594574,0.8712737127371274,0.9299133162669914,0.914526247190503
calce_CS2_33,1,0.9991599321365356,0.8712737127371274,0.9298814951263855,0.9037946746693235
calce_CS2_33,1,0.9994240999221802,0.8712737127371274,0.9299111925933466,0.9136972430524243
calce_CS2_33,1,0.9994645714759827,0.8712737127371274,0.9299157413357383,0.9154986805346137
calce_CS2_33,1,0.999442994594574,0.8712737127371274,0.9299133162669914,0.914526247190503
calce_CS2_33,1,0.999442994594574,0.8712737127371274,0.9299133162669914,0.914526247190503
calce_CS2_33,1,0.9991099238395691,0.8712737127371274,0.9298758719362655,0.9021909473767423
calce_CS2_33,1,0.9991099238395691,0.8712737127371274,0.9298758719362655,0.9021909473767423
calce_CS2_33,1,0.9991099238395691,0.8712737127371274,0.9298758719362655,0.9021909473767423
calce_CS2_33,1,0.9991877675056458,0.8712737127371274,0.9298846248978364,0.90471831014617
calce_CS2_33,1,0.9994240999221802,0.8712737127371274,0.9299111925933466,0.9136972430524243
calce_CS2_33,1,0.9992576241493225,0.8712737127371274,0.9298924789160309,0.9071445266196893
calce_CS2_33,1,0.9989929795265198,0.8712737127371274,0.9298627204886206,0.8986870603455991
calce_CS2_33,1,0.9992503523826599,0.8712737127371274,0.9298916613855164,0.9068842613761109
calce_CS2_33,1,0.9992503523826599,0.8712737127371274,0.9298916613855164,0.9068842613761109
calce_CS2_33,1,0.9991495609283447,0.8712737127371274,0.9298803289686611,0.9034563529009256
calce_CS2_33,1,0.9992971420288086,0.8712737127371274,0.9298969215711955,0.9085929459500233
calce_CS2_33,1,0.9992503523826599,0.8712737127371274,0.9298916613855164,0.9068842613761109
calce_CS2_33,1,0.9990774393081665,0.8712737127371274,0.9298722189850911,0.901184802223189
calce_CS2_33,1,0.9986427426338196,0.8712737127371274,0.929823319533358,0.8897499482025039
calce_CS2_33,1,0.9993641972541809,0.8712737127371274,0.9299044594176363,0.9111950698124396
calce_CS2_33,1,0.9993641972541809,0.8712737127371274,0.9299044594176363,0.9111950698124396
calce_CS2_33,1,0.9993641972541809,0.8712737127371274,0.9299044594176363,0.9111950698124396
calce_CS2_33,1,0.9988484382629395,0.8712737127371274,0.9298464623626687,0.894753724103418
calce_CS2_33,1,0.9993641972541809,0.8712737127371274,0.9299044594176363,0.9111950698124396
calce_CS2_33,1,0.9993641972541809,0.8712737127371274,0.9299044594176363,0.9111950698124396
calce_CS2_33,1,0.9993641972541809,0.8712737127371274,0.9299044594176363,0.9111950698124396
calce_CS2_33,1,0.9993641972541809,0.8712737127371274,0.9299044594176363,0.9111950698124396
calce_CS2_33,1,0.9993641972541809,0.8712737127371274,0.9299044594176363,0.9111950698124396
calce_CS2_33,1,0.9993641972541809,0.8712737127371274,0.9299044594176363,0.9111950698124396
calce_CS2_33,1,0.9993641972541809,0.8712737127371274,0.9299044594176363,0.9111950698124396
calce_CS2_33,1,0.9994117021560669,0.8712737127371274,0.929909799109542,0.9131641304855126
calce_CS2_33,1,0.9995817542076111,0.9244604316546763,0.9299289103818884,0.9213531737996578
calce_CS2_33,1,0.9996861219406128,0.9244604316546763,0.9299406373465026,0.9276890781840313
calce_CS2_33,1,0.9996923208236694,0.9244604316546763,0.929941333808149,0.9281113678478159
calce_CS2_33,1,0.999699592590332,0.9244604316546763,0.9299421508030744,0.928614723873133
calce_CS2_33,1,0.9992427825927734,0.8712737127371274,0.9298908103402889,0.9066153109826174
calce_CS2_33,1,0.9996569156646729,0.9244604316546763,0.9299373558545281,0.9257774738627529
calce_CS2_33,1,0.9993641972541809,0.8712737127371274,0.9299044594176363,0.9111950698124396
calce_CS2_33,1,0.9996825456619263,0.9244604316546763,0.9299402355387943,0.927448208554769
calce_CS2_33,1,0.9996861219406128,0.9244604316546763,0.9299406373465026,0.9276890781840313
calce_CS2_33,1,0.9997794032096863,0.9265033407572383,0.9299511170782799,0.9348270289543592
calce_CS2_33,1,0.9997794032096863,0.9265033407572383,0.9299511170782799,0.9348270289543592
calce_CS2_33,1,0.999589741230011,0.9244604316546763,0.9299298078836314,0.921794204570079
calce_CS2_33,1,0.9995939135551453,0.9244604316546763,0.929930276723599,0.9220270997012776
calce_CS2_33,1,0.999589741230011,0.9244604316546763,0.9299298078836314,0.921794204570079
calce_CS2_33,1,0.9998076558113098,0.9927007299270073,0.9299542908452205,0.9374197327226349
calce_CS2_33,1,0.9998076558113098,0.9927007299270073,0.9299542908452205,0.9374197327226349
calce_CS2_33,1,0.9998076558113098,0.9927007299270073,0.9299542908452205,0.9374197327226349
calce_CS2_33,1,0.9998076558113098,0.9927007299270073,0.9299542908452205,0.9374197327226349
calce_CS2_33,1,0.999699592590332,0.9244604316546763,0.9299421508030744,0.928614723873133
calce_CS2_33,1,0.999699592590332,0.9244604316546763,0.9299421508030744,0.928614723873133
calce_CS2_33,1,0.9993789196014404,0.8712737127371274,0.929906114293365,0.9117933351534347
calce_CS2_33,1,0.999699592590332,0.9244604316546763,0.9299421508030744,0.928614723873133
calce_CS2_33,1,0.9996825456619263,0.9244604316546763,0.9299402355387943,0.927448208554769
calce_CS2_33,1,0.9998076558113098,0.9927007299270073,0.9299542908452205,0.9374197327226349
calce_CS2_33,1,0.9996882677078247,0.9244604316546763,0.9299408784301046,0.9278345618074082
calce_CS2_33,1,0.9988484382629395,0.8712737127371274,0.9298464623626687,0.894753724103418
calce_CS2_33,1,0.9996683597564697,0.9244604316546763,0.9299386416805617,0.9265118104882746
calce_CS2_33,1,0.999699592590332,0.9244604316546763,0.9299421508030744,0.928614723873133
calce_CS2_33,1,0.9994090795516968,0.8712737127371274,0.9299095043308391,0.9130524208153111
calce_CS2_33,1,0.9998076558113098,0.9927007299270073,0.9299542908452205,0.9374197327226349
calce_CS2_33,1,0.9998076558113098,0.9927007299270073,0.9299542908452205,0.9374197327226349
calce_CS2_33,1,0.9998076558113098,0.9927007299270073,0.9299542908452205,0.9374197327226349
calce_CS2_33,1,0.9998076558113098,0.9927007299270073,0.9299542908452205,0.9374197327226349
calce_CS2_33,1,0.9998076558113098,0.9927007299270073,0.9299542908452205,0.9374197327226349
calce_CS2_33,1,0.9998076558113098,0.9927007299270073,0.9299542908452205,0.9374197327226349
calce_CS2_33,1,0.9998076558113098,0.9927007299270073,0.9299542908452205,0.9374197327226349
calce_CS2_33,1,0.9998076558113098,0.9927007299270073,0.9299542908452205,0.9374197327226349
calce_CS2_33,1,0.9995939135551453,0.9244604316546763,0.929930276723599,0.9220270997012776
calce_CS2_33,1,0.9995939135551453,0.9244604316546763,0.929930276723599,0.9220270997012776
calce_CS2_33,1,0.9998076558113098,0.9927007299270073,0.9299542908452205,0.9374197327226349
calce_CS2_33,1,0.9998076558113098,0.9927007299270073,0.9299542908452205,0.9374197327226349
calce_CS2_33,1,0.9998076558113098,0.9927007299270073,0.9299542908452205,0.9374197327226349
calce_CS2_33,1,0.9998076558113098,0.9927007299270073,0.9299542908452205,0.9374197327226349
calce_CS2_33,1,0.9998076558113098,0.9927007299270073,0.9299542908452205,0.9374197327226349
calce_CS2_33,1,0.9995939135551453,0.9244604316546763,0.929930276723599,0.9220270997012776
calce_CS2_33,1,0.9998076558113098,0.9927007299270073,0.9299542908452205,0.9374197327226349
calce_CS2_33,1,0.9998076558113098,0.9927007299270073,0.9299542908452205,0.9374197327226349
calce_CS2_33,1,0.9998076558113098,0.9927007299270073,0.9299542908452205,0.9374197327226349
calce_CS2_33,1,0.9995939135551453,0.9244604316546763,0.929930276723599,0.9220270997012776
calce_CS2_33,1,0.9998076558113098,0.9927007299270073,0.9299542908452205,0.9374197327226349
calce_CS2_33,1,0.9998076558113098,0.9927007299270073,0.9299542908452205,0.9374197327226349
calce_CS2_33,1,0.9998076558113098,0.9927007299270073,0.9299542908452205,0.9374197327226349
calce_CS2_33,1,0.9998076558113098,0.9927007299270073,0.9299542908452205,0.9374197327226349
calce_CS2_33,1,0.9998076558113098,0.9927007299270073,0.9299542908452205,0.9374197327226349
calce_CS2_33,1,0.9998076558113098,0.9927007299270073,0.9299542908452205,0.9374197327226349
calce_CS2_33,1,0.9998076558113098,0.9927007299270073,0.9299542908452205,0.9374197327226349
calce_CS2_33,1,0.9998076558113098,0.9927007299270073,0.9299542908452205,0.9374197327226349
calce_CS2_33,1,0.9998076558113098,0.9927007299270073,0.9299542908452205,0.9374197327226349
calce_CS2_33,1,0.9998076558113098,0.9927007299270073,0.9299542908452205,0.9374197327226349
calce_CS2_33,1,0.9998076558113098,0.9927007299270073,0.9299542908452205,0.9374197327226349
calce_CS2_33,1,0.9995939135551453,0.9244604316546763,0.929930276723599,0.9220270997012776
calce_CS2_33,1,0.9998076558113098,0.9927007299270073,0.9299542908452205,0.9374197327226349
calce_CS2_33,1,0.9998076558113098,0.9927007299270073,0.9299542908452205,0.9374197327226349
calce_CS2_33,1,0.9998076558113098,0.9927007299270073,0.9299542908452205,0.9374197327226349
calce_CS2_33,1,0.9998076558113098,0.9927007299270073,0.9299542908452205,0.9374197327226349
calce_CS2_33,1,0.9998076558113098,0.9927007299270073,0.9299542908452205,0.9374197327226349
calce_CS2_33,1,0.9998076558113098,0.9927007299270073,0.9299542908452205,0.9374197327226349
calce_CS2_33,1,0.9998076558113098,0.9927007299270073,0.9299542908452205,0.9374197327226349
calce_CS2_33,1,0.9998076558113098,0.9927007299270073,0.9299542908452205,0.9374197327226349
calce_CS2_33,1,0.9998076558113098,0.9927007299270073,0.9299542908452205,0.9374197327226349
calce_CS2_33,1,0.9998076558113098,0.9927007299270073,0.9299542908452205,0.9374197327226349
calce_CS2_33,1,0.9998076558113098,0.9927007299270073,0.9299542908452205,0.9374197327226349
calce_CS2_33,1,0.9998076558113098,0.9927007299270073,0.9299542908452205,0.9374197327226349
calce_CS2_33,1,0.9998076558113098,0.9927007299270073,0.9299542908452205,0.9374197327226349
calce_CS2_33,1,0.9998076558113098,0.9927007299270073,0.9299542908452205,0.9374197327226349
calce_CS2_33,1,0.9998076558113098,0.9927007299270073,0.9299542908452205,0.9374197327226349
calce_CS2_33,1,0.9998076558113098,0.9927007299270073,0.9299542908452205,0.9374197327226349
calce_CS2_33,1,0.9998076558113098,0.9927007299270073,0.9299542908452205,0.9374197327226349
calce_CS2_33,1,0.9998076558113098,0.9927007299270073,0.9299542908452205,0.9374197327226349
calce_CS2_33,1,0.9995939135551453,0.9244604316546763,0.929930276723599,0.9220270997012776
calce_CS2_33,1,0.9998076558113098,0.9927007299270073,0.9299542908452205,0.9374197327226349
calce_CS2_33,1,0.9998076558113098,0.9927007299270073,0.9299542908452205,0.9374197327226349
calce_CS2_33,1,0.9995939135551453,0.9244604316546763,0.929930276723599,0.9220270997012776
calce_CS2_33,1,0.9998076558113098,0.9927007299270073,0.9299542908452205,0.9374197327226349
calce_CS2_33,1,0.9998076558113098,0.9927007299270073,0.9299542908452205,0.9374197327226349
calce_CS2_33,1,0.9998076558113098,0.9927007299270073,0.9299542908452205,0.9374197327226349
calce_CS2_33,1,0.9998076558113098,0.9927007299270073,0.9299542908452205,0.9374197327226349
calce_CS2_33,1,0.9998076558113098,0.9927007299270073,0.9299542908452205,0.9374197327226349
calce_CS2_33,1,0.9998076558113098,0.9927007299270073,0.9299542908452205,0.9374197327226349
calce_CS2_33,1,0.9998076558113098,0.9927007299270073,0.9299542908452205,0.9374197327226349
calce_CS2_33,1,0.9998076558113098,0.9927007299270073,0.9299542908452205,0.9374197327226349
calce_CS2_33,1,0.9998076558113098,0.9927007299270073,0.9299542908452205,0.9374197327226349
calce_CS2_33,1,0.9998076558113098,0.9927007299270073,0.9299542908452205,0.9374197327226349
calce_CS2_33,1,0.9995939135551453,0.9244604316546763,0.929930276723599,0.9220270997012776
calce_CS2_33,1,0.9998076558113098,0.9927007299270073,0.9299542908452205,0.9374197327226349
calce_CS2_33,1,0.9998076558113098,0.9927007299270073,0.9299542908452205,0.9374197327226349
calce_CS2_33,1,0.9998076558113098,0.9927007299270073,0.9299542908452205,0.9374197327226349
calce_CS2_33,1,0.9998076558113098,0.9927007299270073,0.9299542908452205,0.9374197327226349
calce_CS2_33,1,0.9998076558113098,0.9927007299270073,0.9299542908452205,0.9374197327226349
calce_CS2_33,1,0.9998076558113098,0.9927007299270073,0.9299542908452205,0.9374197327226349
calce_CS2_33,1,0.9995939135551453,0.9244604316546763,0.929930276723599,0.9220270997012776
calce_CS2_33,1,0.9995939135551453,0.9244604316546763,0.929930276723599,0.9220270997012776
calce_CS2_33,1,0.9995939135551453,0.9244604316546763,0.929930276723599,0.9220270997012776
calce_CS2_33,1,0.9998076558113098,0.9927007299270073,0.9299542908452205,0.9374197327226349
calce_CS2_33,1,0.9998076558113098,0.9927007299270073,0.9299542908452205,0.9374197327226349
calce_CS2_33,1,0.9998076558113098,0.9927007299270073,0.9299542908452205,0.9374197327226349
calce_CS2_33,1,0.9998076558113098,0.9927007299270073,0.9299542908452205,0.9374197327226349
calce_CS2_33,1,0.9998076558113098,0.9927007299270073,0.9299542908452205,0.9374197327226349
calce_CS2_33,1,0.9995939135551453,0.9244604316546763,0.929930276723599,0.9220270997012776
calce_CS2_33,1,0.9998076558113098,0.9927007299270073,0.9299542908452205,0.9374197327226349
calce_CS2_33,1,0.9995939135551453,0.9244604316546763,0.929930276723599,0.9220270997012776
calce_CS2_33,1,0.9995939135551453,0.9244604316546763,0.929930276723599,0.9220270997012776
calce_CS2_33,1,0.9998076558113098,0.9927007299270073,0.9299542908452205,0.9374197327226349
calce_CS2_33,1,0.9998076558113098,0.9927007299270073,0.9299542908452205,0.9374197327226349
calce_CS2_33,1,0.9998076558113098,0.9927007299270073,0.9299542908452205,0.9374197327226349
calce_CS2_33,1,0.9998076558113098,0.9927007299270073,0.9299542908452205,0.9374197327226349
calce_CS2_33,1,0.9995939135551453,0.9244604316546763,0.929930276723599,0.9220270997012776
calce_CS2_33,1,0.9998076558113098,0.9927007299270073,0.9299542908452205,0.9374197327226349
calce_CS2_33,1,0.9995939135551453,0.9244604316546763,0.929930276723599,0.9220270997012776
calce_CS2_33,1,0.9995939135551453,0.9244604316546763,0.929930276723599,0.9220270997012776
calce_CS2_33,1,0.9995939135551453,0.9244604316546763,0.929930276723599,0.9220270997012776
calce_CS2_33,1,0.9995939135551453,0.9244604316546763,0.929930276723599,0.9220270997012776
calce_CS2_33,1,0.9995939135551453,0.9244604316546763,0.929930276723599,0.9220270997012776
calce_CS2_33,1,0.9995939135551453,0.9244604316546763,0.929930276723599,0.9220270997012776
calce_CS2_33,1,0.9998076558113098,0.9927007299270073,0.9299542908452205,0.9374197327226349
calce_CS2_33,1,0.9998076558113098,0.9927007299270073,0.9299542908452205,0.9374197327226349
calce_CS2_33,1,0.9998076558113098,0.9927007299270073,0.9299542908452205,0.9374197327226349
calce_CS2_33,1,0.9995939135551453,0.9244604316546763,0.929930276723599,0.9220270997012776
calce_CS2_33,1,0.9993902444839478,0.8712737127371274,0.9299073872501129,0.9122607084740577
calce_CS2_33,1,0.9993902444839478,0.8712737127371274,0.9299073872501129,0.9122607084740577
calce_CS2_33,1,0.9993902444839478,0.8712737127371274,0.9299073872501129,0.9122607084740577
calce_CS2_33,1,0.9993902444839478,0.8712737127371274,0.9299073872501129,0.9122607084740577
calce_CS2_33,1,0.9993902444839478,0.8712737127371274,0.9299073872501129,0.9122607084740577
calce_CS2_33,1,0.9993902444839478,0.8712737127371274,0.9299073872501129,0.9122607084740577
calce_CS2_33,1,0.9994773268699646,0.8712737127371274,0.9299171749034244,0.916087193759996
calce_CS2_33,1,0.9994773268699646,0.8712737127371274,0.9299171749034244,0.916087193759996
calce_CS2_33,1,0.9993696808815002,0.8712737127371274,0.929905075812818,0.9114166973084095
calce_CS2_33,1,0.9994773268699646,0.8712737127371274,0.9299171749034244,0.916087193759996
calce_CS2_33,1,0.9994773268699646,0.8712737127371274,0.9299171749034244,0.916087193759996
calce_CS2_33,1,0.9993696808815002,0.8712737127371274,0.929905075812818,0.9114166973084095
calce_CS2_33,1,0.9993696808815002,0.8712737127371274,0.929905075812818,0.9114166973084095
calce_CS2_33,1,0.9993902444839478,0.8712737127371274,0.9299073872501129,0.9122607084740577
calce_CS2_33,1,0.9994773268699646,0.8712737127371274,0.9299171749034244,0.916087193759996
calce_CS2_33,1,0.9994773268699646,0.8712737127371274,0.9299171749034244,0.916087193759996
calce_CS2_33,1,0.9993696808815002,0.8712737127371274,0.929905075812818,0.9114166973084095
calce_CS2_33,1,0.9994773268699646,0.8712737127371274,0.9299171749034244,0.916087193759996
calce_CS2_33,1,0.9993902444839478,0.8712737127371274,0.9299073872501129,0.9122607084740577
calce_CS2_33,1,0.9994773268699646,0.8712737127371274,0.9299171749034244,0.916087193759996
calce_CS2_33,1,0.9993902444839478,0.8712737127371274,0.9299073872501129,0.9122607084740577
calce_CS2_33,1,0.9993696808815002,0.8712737127371274,0.929905075812818,0.9114166973084095
calce_CS2_33,1,0.9994773268699646,0.8712737127371274,0.9299171749034244,0.916087193759996
calce_CS2_33,1,0.9993902444839478,0.8712737127371274,0.9299073872501129,0.9122607084740577
calce_CS2_33,1,0.9993902444839478,0.8712737127371274,0.9299073872501129,0.9122607084740577
calce_CS2_33,1,0.9990890026092529,0.8712737127371274,0.9298735193218229,0.9015398834288135
calce_CS2_33,1,0.9993902444839478,0.8712737127371274,0.9299073872501129,0.9122607084740577
calce_CS2_33,1,0.999228835105896,0.8712737127371274,0.9298892422476908,0.9061249433041667
calce_CS2_33,1,0.9994773268699646,0.8712737127371274,0.9299171749034244,0.916087193759996
calce_CS2_33,1,0.9993902444839478,0.8712737127371274,0.9299073872501129,0.9122607084740577
calce_CS2_33,1,0.9993902444839478,0.8712737127371274,0.9299073872501129,0.9122607084740577
calce_CS2_33,1,0.9993696808815002,0.8712737127371274,0.929905075812818,0.9114166973084095
calce_CS2_33,1,0.9994773268699646,0.8712737127371274,0.9299171749034244,0.916087193759996
calce_CS2_33,1,0.9993696808815002,0.8712737127371274,0.929905075812818,0.9114166973084095
calce_CS2_33,1,0.9993696808815002,0.8712737127371274,0.929905075812818,0.9114166973084095
calce_CS2_33,1,0.9994773268699646,0.8712737127371274,0.9299171749034244,0.916087193759996
calce_CS2_33,1,0.9993902444839478,0.8712737127371274,0.9299073872501129,0.9122607084740577
calce_CS2_33,1,0.9994773268699646,0.8712737127371274,0.9299171749034244,0.916087193759996
calce_CS2_33,1,0.9993902444839478,0.8712737127371274,0.9299073872501129,0.9122607084740577
calce_CS2_33,1,0.9993902444839478,0.8712737127371274,0.9299073872501129,0.9122607084740577
calce_CS2_33,1,0.9993696808815002,0.8712737127371274,0.929905075812818,0.9114166973084095
calce_CS2_33,1,0.9994773268699646,0.8712737127371274,0.9299171749034244,0.916087193759996
calce_CS2_33,1,0.9993696808815002,0.8712737127371274,0.929905075812818,0.9114166973084095
calce_CS2_33,1,0.9993902444839478,0.8712737127371274,0.9299073872501129,0.9122607084740577
calce_CS2_33,1,0.9993902444839478,0.8712737127371274,0.9299073872501129,0.9122607084740577
calce_CS2_33,1,0.9994773268699646,0.8712737127371274,0.9299171749034244,0.916087193759996
calce_CS2_33,1,0.9993902444839478,0.8712737127371274,0.9299073872501129,0.9122607084740577
calce_CS2_33,1,0.9993902444839478,0.8712737127371274,0.9299073872501129,0.9122607084740577
calce_CS2_33,1,0.9993902444839478,0.8712737127371274,0.9299073872501129,0.9122607084740577
calce_CS2_33,1,0.9994773268699646,0.8712737127371274,0.9299171749034244,0.916087193759996
calce_CS2_33,1,0.9993902444839478,0.8712737127371274,0.9299073872501129,0.9122607084740577
calce_CS2_33,1,0.9994773268699646,0.8712737127371274,0.9299171749034244,0.916087193759996
calce_CS2_33,1,0.9994773268699646,0.8712737127371274,0.9299171749034244,0.916087193759996
calce_CS2_33,1,0.9988479614257812,0.8712737127371274,0.929846408721848,0.8947413762658042
calce_CS2_33,1,0.9988479614257812,0.8712737127371274,0.929846408721848,0.8947413762658042
calce_CS2_33,1,0.9992130994796753,0.8712737127371274,0.9298874730786493,0.9055795466193952
calce_CS2_33,1,0.9994412064552307,0.8712737127371274,0.9299131152909621,0.9144469122630839
calce_CS2_33,1,0.9990123510360718,0.8712737127371274,0.9298648991479743,0.8992457139013401
calce_CS2_33,1,0.9988479614257812,0.8712737127371274,0.929846408721848,0.8947413762658042
calce_CS2_33,1,0.9988479614257812,0.8712737127371274,0.929846408721848,0.8947413762658042
calce_CS2_33,1,0.9990123510360718,0.8712737127371274,0.9298648991479743,0.8992457139013401
calce_CS2_33,1,0.9990123510360718,0.8712737127371274,0.9298648991479743,0.8992457139013401
calce_CS2_33,1,0.9990123510360718,0.8712737127371274,0.9298648991479743,0.8992457139013401
calce_CS2_33,1,0.9988479614257812,0.8712737127371274,0.929846408721848,0.8947413762658042
calce_CS2_33,1,0.9990123510360718,0.8712737127371274,0.9298648991479743,0.8992457139013401
calce_CS2_33,1,0.9988479614257812,0.8712737127371274,0.929846408721848,0.8947413762658042
calce_CS2_33,1,0.9988090991973877,0.8712737127371274,0.9298420368674816,0.8937476505530617
calce_CS2_33,1,0.9990123510360718,0.8712737127371274,0.9298648991479743,0.8992457139013401
calce_CS2_33,1,0.9989457726478577,0.8712737127371274,0.9298574110013238,0.8973585086711064
calce_CS2_33,1,0.9987286925315857,0.8712737127371274,0.929832990620591,0.8917663866414504
calce_CS2_33,1,0.9989457726478577,0.8712737127371274,0.9298574110013238,0.8973585086711064
calce_CS2_33,1,0.9988479614257812,0.8712737127371274,0.929846408721848,0.8947413762658042
calce_CS2_33,1,0.9988479614257812,0.8712737127371274,0.929846408721848,0.8947413762658042
calce_CS2_33,1,0.9988090991973877,0.8712737127371274,0.9298420368674816,0.8937476505530617
calce_CS2_33,1,0.9988479614257812,0.8712737127371274,0.929846408721848,0.8947413762658042
calce_CS2_33,1,0.9988479614257812,0.8712737127371274,0.929846408721848,0.8947413762658042
calce_CS2_33,1,0.9990123510360718,0.8712737127371274,0.9298648991479743,0.8992457139013401
calce_CS2_33,1,0.9990123510360718,0.8712737127371274,0.9298648991479743,0.8992457139013401
calce_CS2_33,1,0.9990123510360718,0.8712737127371274,0.9298648991479743,0.8992457139013401
calce_CS2_33,1,0.9990123510360718,0.8712737127371274,0.9298648991479743,0.8992457139013401
calce_CS2_33,1,0.9988479614257812,0.8712737127371274,0.929846408721848,0.8947413762658042
calce_CS2_33,1,0.9988090991973877,0.8712737127371274,0.9298420368674816,0.8937476505530617
calce_CS2_33,1,0.9990123510360718,0.8712737127371274,0.9298648991479743,0.8992457139013401
calce_CS2_33,1,0.9988479614257812,0.8712737127371274,0.929846408721848,0.8947413762658042
calce_CS2_33,1,0.9987286925315857,0.8712737127371274,0.929832990620591,0.8917663866414504
calce_CS2_33,1,0.9987701773643494,0.8712737127371274,0.9298376580553481,0.8927764672771791
calce_CS2_33,1,0.9989457726478577,0.8712737127371274,0.9298574110013238,0.8973585086711064
calce_CS2_33,1,0.9987701773643494,0.8712737127371274,0.9298376580553481,0.8927764672771791
calce_CS2_33,1,0.9987286925315857,0.8712737127371274,0.929832990620591,0.8917663866414504
calce_CS2_33,1,0.9987701773643494,0.8712737127371274,0.9298376580553481,0.8927764672771791
calce_CS2_33,1,0.9989457726478577,0.8712737127371274,0.9298574110013238,0.8973585086711064
calce_CS2_33,1,0.9989457726478577,0.8712737127371274,0.9298574110013238,0.8973585086711064
calce_CS2_33,1,0.9987286925315857,0.8712737127371274,0.929832990620591,0.8917663866414504
calce_CS2_33,1,0.9989457726478577,0.8712737127371274,0.9298574110013238,0.8973585086711064
calce_CS2_33,1,0.9994184970855713,0.8712737127371274,0.9299105628490305,0.913455279224875
calce_CS2_33,1,0.9989457726478577,0.8712737127371274,0.9298574110013238,0.8973585086711064
calce_CS2_33,1,0.9989457726478577,0.8712737127371274,0.9298574110013238,0.8973585086711064
calce_CS2_33,1,0.9989457726478577,0.8712737127371274,0.9298574110013238,0.8973585086711064
calce_CS2_33,1,0.9987701773643494,0.8712737127371274,0.9298376580553481,0.8927764672771791
calce_CS2_33,1,0.9989457726478577,0.8712737127371274,0.9298574110013238,0.8973585086711064
calce_CS2_33,1,0.9989457726478577,0.8712737127371274,0.9298574110013238,0.8973585086711064
calce_CS2_33,1,0.9989457726478577,0.8712737127371274,0.9298574110013238,0.8973585086711064
calce_CS2_33,1,0.9989457726478577,0.8712737127371274,0.9298574110013238,0.8973585086711064
calce_CS2_33,1,0.9990123510360718,0.8712737127371274,0.9298648991479743,0.8992457139013401
calce_CS2_33,1,0.9989457726478577,0.8712737127371274,0.9298574110013238,0.8973585086711064
calce_CS2_33,1,0.9990123510360718,0.8712737127371274,0.9298648991479743,0.8992457139013401
calce_CS2_33,1,0.9990123510360718,0.8712737127371274,0.9298648991479743,0.8992457139013401
calce_CS2_33,1,0.9990123510360718,0.8712737127371274,0.9298648991479743,0.8992457139013401
calce_CS2_33,1,0.9988479614257812,0.8712737127371274,0.929846408721848,0.8947413762658042
calce_CS2_33,1,0.9990123510360718,0.8712737127371274,0.9298648991479743,0.8992457139013401
calce_CS2_33,1,0.9990123510360718,0.8712737127371274,0.9298648991479743,0.8992457139013401
calce_CS2_33,1,0.9990123510360718,0.8712737127371274,0.9298648991479743,0.8992457139013401
calce_CS2_33,1,0.9987286925315857,0.8712737127371274,0.929832990620591,0.8917663866414504
calce_CS2_33,1,0.9989457726478577,0.8712737127371274,0.9298574110013238,0.8973585086711064
calce_CS2_33,1,0.9987701773643494,0.8712737127371274,0.9298376580553481,0.8927764672771791
calce_CS2_33,1,0.9989457726478577,0.8712737127371274,0.9298574110013238,0.8973585086711064
calce_CS2_33,1,0.9987286925315857,0.8712737127371274,0.929832990620591,0.8917663866414504
calce_CS2_33,1,0.9996305704116821,0.9244604316546763,0.9299343956929095,0.9241525619840176
calce_CS2_33,1,0.9989457726478577,0.8712737127371274,0.9298574110013238,0.8973585086711064
calce_CS2_33,1,0.9989457726478577,0.8712737127371274,0.9298574110013238,0.8973585086711064
calce_CS2_33,1,0.9987701773643494,0.8712737127371274,0.9298376580553481,0.8927764672771791
calce_CS2_33,1,0.9989457726478577,0.8712737127371274,0.9298574110013238,0.8973585086711064
calce_CS2_33,1,0.9989457726478577,0.8712737127371274,0.9298574110013238,0.8973585086711064
calce_CS2_33,1,0.9989457726478577,0.8712737127371274,0.9298574110013238,0.8973585086711064
calce_CS2_33,1,0.9987701773643494,0.8712737127371274,0.9298376580553481,0.8927764672771791
calce_CS2_33,1,0.9987286925315857,0.8712737127371274,0.929832990620591,0.8917663866414504
calce_CS2_33,1,0.9987701773643494,0.8712737127371274,0.9298376580553481,0.8927764672771791
calce_CS2_33,1,0.9987286925315857,0.8712737127371274,0.929832990620591,0.8917663866414504
calce_CS2_33,1,0.9989457726478577,0.8712737127371274,0.9298574110013238,0.8973585086711064
calce_CS2_33,1,0.9989457726478577,0.8712737127371274,0.9298574110013238,0.8973585086711064
calce_CS2_33,1,0.9989457726478577,0.8712737127371274,0.9298574110013238,0.8973585086711064
calce_CS2_33,1,0.9987701773643494,0.8712737127371274,0.9298376580553481,0.8927764672771791
calce_CS2_33,1,0.9989457726478577,0.8712737127371274,0.9298574110013238,0.8973585086711064
calce_CS2_33,1,0.9987701773643494,0.8712737127371274,0.9298376580553481,0.8927764672771791
calce_CS2_33,1,0.9989457726478577,0.8712737127371274,0.9298574110013238,0.8973585086711064
calce_CS2_33,1,0.9989457726478577,0.8712737127371274,0.9298574110013238,0.8973585086711064
calce_CS2_33,1,0.9987701773643494,0.8712737127371274,0.9298376580553481,0.8927764672771791
calce_CS2_33,1,0.9987701773643494,0.8712737127371274,0.9298376580553481,0.8927764672771791
calce_CS2_33,1,0.9989457726478577,0.8712737127371274,0.9298574110013238,0.8973585086711064
calce_CS2_33,1,0.9989457726478577,0.8712737127371274,0.9298574110013238,0.8973585086711064
calce_CS2_33,1,0.9987701773643494,0.8712737127371274,0.9298376580553481,0.8927764672771791
calce_CS2_33,1,0.9987286925315857,0.8712737127371274,0.929832990620591,0.8917663866414504
calce_CS2_33,1,0.9989457726478577,0.8712737127371274,0.9298574110013238,0.8973585086711064
calce_CS2_33,1,0.9989457726478577,0.8712737127371274,0.9298574110013238,0.8973585086711064
calce_CS2_33,1,0.9987286925315857,0.8712737127371274,0.929832990620591,0.8917663866414504
calce_CS2_33,1,0.9989457726478577,0.8712737127371274,0.9298574110013238,0.8973585086711064
calce_CS2_33,1,0.9987701773643494,0.8712737127371274,0.9298376580553481,0.8927764672771791
calce_CS2_33,1,0.9987701773643494,0.8712737127371274,0.9298376580553481,0.8927764672771791
calce_CS2_33,1,0.9989457726478577,0.8712737127371274,0.9298574110013238,0.8973585086711064
calce_CS2_33,1,0.9987701773643494,0.8712737127371274,0.9298376580553481,0.8927764672771791
calce_CS2_33,1,0.9989457726478577,0.8712737127371274,0.9298574110013238,0.8973585086711064
calce_CS2_33,1,0.9987286925315857,0.8712737127371274,0.929832990620591,0.8917663866414504
calce_CS2_33,1,0.9987701773643494,0.8712737127371274,0.9298376580553481,0.8927764672771791
calce_CS2_33,1,0.9994773268699646,0.8712737127371274,0.9299171749034244,0.916087193759996
calce_CS2_33,1,0.9994773268699646,0.8712737127371274,0.9299171749034244,0.916087193759996
calce_CS2_33,1,0.9993696808815002,0.8712737127371274,0.929905075812818,0.9114166973084095
calce_CS2_33,1,0.9994773268699646,0.8712737127371274,0.9299171749034244,0.916087193759996
calce_CS2_33,1,0.9994773268699646,0.8712737127371274,0.9299171749034244,0.916087193759996
calce_CS2_33,1,0.9993902444839478,0.8712737127371274,0.9299073872501129,0.9122607084740577
calce_CS2_33,1,0.9994773268699646,0.8712737127371274,0.9299171749034244,0.916087193759996
calce_CS2_33,1,0.9993902444839478,0.8712737127371274,0.9299073872501129,0.9122607084740577
calce_CS2_33,1,0.9993696808815002,0.8712737127371274,0.929905075812818,0.9114166973084095
calce_CS2_33,1,0.9994773268699646,0.8712737127371274,0.9299171749034244,0.916087193759996
calce_CS2_33,1,0.9993902444839478,0.8712737127371274,0.9299073872501129,0.9122607084740577
calce_CS2_33,1,0.9994773268699646,0.8712737127371274,0.9299171749034244,0.916087193759996
calce_CS2_33,1,0.9993902444839478,0.8712737127371274,0.9299073872501129,0.9122607084740577
calce_CS2_33,1,0.9993902444839478,0.8712737127371274,0.9299073872501129,0.9122607084740577
calce_CS2_33,1,0.9993902444839478,0.8712737127371274,0.9299073872501129,0.9122607084740577
calce_CS2_33,1,0.9993902444839478,0.8712737127371274,0.9299073872501129,0.9122607084740577
calce_CS2_33,1,0.9994773268699646,0.8712737127371274,0.9299171749034244,0.916087193759996
calce_CS2_33,1,0.9994773268699646,0.8712737127371274,0.9299171749034244,0.916087193759996
calce_CS2_33,1,0.9994773268699646,0.8712737127371274,0.9299171749034244,0.916087193759996
calce_CS2_33,1,0.9994773268699646,0.8712737127371274,0.9299171749034244,0.916087193759996
calce_CS2_33,1,0.9994773268699646,0.8712737127371274,0.9299171749034244,0.916087193759996
calce_CS2_33,1,0.9994773268699646,0.8712737127371274,0.9299171749034244,0.916087193759996
calce_CS2_33,1,0.9994412064552307,0.8712737127371274,0.9299131152909621,0.9144469122630839
calce_CS2_33,1,0.9994184970855713,0.8712737127371274,0.9299105628490305,0.913455279224875
calce_CS2_33,1,0.9994412064552307,0.8712737127371274,0.9299131152909621,0.9144469122630839
calce_CS2_33,1,0.9994412064552307,0.8712737127371274,0.9299131152909621,0.9144469122630839
calce_CS2_33,1,0.9994412064552307,0.8712737127371274,0.9299131152909621,0.9144469122630839
calce_CS2_33,1,0.9994184970855713,0.8712737127371274,0.9299105628490305,0.913455279224875
calce_CS2_33,1,0.9994412064552307,0.8712737127371274,0.9299131152909621,0.9144469122630839
calce_CS2_33,1,0.999051034450531,0.8712737127371274,0.9298692495758838,0.900386233419906
calce_CS2_33,1,0.9990123510360718,0.8712737127371274,0.9298648991479743,0.8992457139013401
calce_CS2_33,1,0.9988479614257812,0.8712737127371274,0.929846408721848,0.8947413762658042
calce_CS2_33,1,0.9995670914649963,0.9244604316546763,0.9299272627017661,0.9205593345549081
calce_CS2_34,0,0.975193202495575,0.6323353293413176,0.9417070237479745,0.7725829616451381
calce_CS2_34,0,0.9075568914413452,0.6323353293413176,0.9339726323588128,0.6815353790130182
calce_CS2_34,0,0.962846577167511,0.6323353293413176,0.9403615744228595,0.7472806317290392
calce_CS2_34,0,0.9075568914413452,0.6323353293413176,0.9339726323588128,0.6815353790130182
calce_CS2_34,0,0.962846577167511,0.6323353293413176,0.9403615744228595,0.7472806317290392
calce_CS2_34,0,0.975193202495575,0.6323353293413176,0.9417070237479745,0.7725829616451381
calce_CS2_34,0,0.975193202495575,0.6323353293413176,0.9417070237479745,0.7725829616451381
calce_CS2_34,0,0.9622659087181091,0.6323353293413176,0.9402975863140224,0.7462658014229403
calce_CS2_34,0,0.962846577167511,0.6323353293413176,0.9403615744228595,0.7472806317290392
calce_CS2_34,0,0.962846577167511,0.6323353293413176,0.9403615744228595,0.7472806317290392
calce_CS2_34,0,0.975193202495575,0.6323353293413176,0.9417070237479745,0.7725829616451381
calce_CS2_34,0,0.9144073128700256,0.6323353293413176,0.9347974776334109,0.687613893031594
calce_CS2_34,0,0.9784973859786987,0.6323353293413176,0.9420622323769412,0.7810325674025794
calce_CS2_34,0,0.9677408337593079,0.6323353293413176,0.9408983613618922,0.7563737762917251
calce_CS2_34,0,0.9144073128700256,0.6323353293413176,0.9347974776334109,0.687613893031594
calce_CS2_34,0,0.9677408337593079,0.6323353293413176,0.9408983613618922,0.7563737762917251
calce_CS2_34,0,0.9677408337593079,0.6323353293413176,0.9408983613618922,0.7563737762917251
calce_CS2_34,0,0.9144073128700256,0.6323353293413176,0.9347974776334109,0.687613893031594
calce_CS2_34,0,0.9144073128700256,0.6323353293413176,0.9347974776334109,0.687613893031594
calce_CS2_34,0,0.9144073128700256,0.6323353293413176,0.9347974776334109,0.687613893031594
calce_CS2_34,0,0.9782072901725769,0.6323353293413176,0.9420311278157905,0.7802512795134406
calce_CS2_34,0,0.9113266468048096,0.6323353293413176,0.9344277336609317,0.6848358243402167
calce_CS2_34,0,0.9665095806121826,0.6323353293413176,0.9407637491253225,0.753988666404543
calce_CS2_34,0,0.9113266468048096,0.6323353293413176,0.9344277336609317,0.6848358243402167
calce_CS2_34,0,0.9784973859786987,0.6323353293413176,0.9420622323769412,0.7810325674025794
calce_CS2_34,0,0.9670345783233643,0.6323353293413176,0.9408211819372027,0.7549970414930036
calce_CS2_34,0,0.9670345783233643,0.6323353293413176,0.9408211819372027,0.7549970414930036
calce_CS2_34,0,0.9670345783233643,0.6323353293413176,0.9408211819372027,0.7549970414930036
calce_CS2_34,0,0.9677681922912598,0.6323353293413176,0.9409013491970283,0.756427584816206
calce_CS2_34,0,0.9782072901725769,0.6323353293413176,0.9420311278157905,0.7802512795134406
calce_CS2_34,0,0.912638783454895,0.6323353293413176,0.9345854550920073,0.6860098609659181
calce_CS2_34,0,0.9144757986068726,0.6323353293413176,0.9348056752680401,0.6876765195615447
calce_CS2_34,0,0.9677681922912598,0.6323353293413176,0.9409013491970283,0.756427584816206
calce_CS2_34,0,0.9144757986068726,0.6323353293413176,0.9348056752680401,0.6876765195615447
calce_CS2_34,0,0.9670345783233643,0.6323353293413176,0.9408211819372027,0.7549970414930036
calce_CS2_34,0,0.9670345783233643,0.6323353293413176,0.9408211819372027,0.7549970414930036
calce_CS2_34,0,0.9670132398605347,0.6323353293413176,0.9408188486058208,0.7549558096776446
calce_CS2_34,0,0.9670132398605347,0.6323353293413176,0.9408188486058208,0.7549558096776446
calce_CS2_34,0,0.9780240058898926,0.6323353293413176,0.9420114676884412,0.7797618658745834
calce_CS2_34,0,0.3046526312828064,0.6323353293413176,0.812341957224292,0.43170926986607244
calce_CS2_34,0,0.5422306060791016,0.6323353293413176,0.8734587802379173,0.5140965409269106
calce_CS2_34,0,0.7710403203964233,0.6323353293413176,0.9153874791005798,0.5997536544852546
calce_CS2_34,0,0.9122660160064697,0.6323353293413176,0.934540683617757,0.6856749569055054
calce_CS2_34,0,0.9894132018089294,0.6835443037974683,0.9432213207086693,0.8192696568521115
calce_CS2_34,0,0.9699305295944214,0.6323353293413176,0.9411370515575556,0.7607993616864819
calce_CS2_34,0,0.9894132018089294,0.6835443037974683,0.9432213207086693,0.8192696568521115
calce_CS2_34,0,0.9894132018089294,0.6835443037974683,0.9432213207086693,0.8192696568521115
calce_CS2_34,0,0.9960023760795593,0.8783783783783784,0.9439104042990772,0.862714263262041
calce_CS2_34,0,0.9960023760795593,0.8783783783783784,0.9439104042990772,0.862714263262041
calce_CS2_34,0,0.9738522171974182,0.6323353293413176,0.9415622822023264,0.7694058476185389
calce_CS2_34,0,0.9738522171974182,0.6323353293413176,0.9415622822023264,0.7694058476185389
calce_CS2_34,0,0.9923549890518188,0.6835443037974683,0.9435299450355973,0.8349103558320632
calce_CS2_34,0,0.9613180160522461,0.6323353293413176,0.9401929929177054,0.7446353834625341
calce_CS2_34,0,0.9199184775352478,0.6323353293413176,0.9354540973903785,0.692782028618628
calce_CS2_34,0,0.7902634143829346,0.6323353293413176,0.9182661110198654,0.608700097471117
calce_CS2_34,0,0.9506508708000183,0.6323353293413176,0.9390040615661824,0.7281708956998183
calce_CS2_34,0,0.9906918406486511,0.6835443037974683,0.9433556576165003,0.8255932190988644
calce_CS2_34,0,0.9199184775352478,0.6323353293413176,0.9354540973903785,0.692782028618628
calce_CS2_34,0,0.972981333732605,0.6323353293413176,0.9414681014288606,0.767410728912937
calce_CS2_34,0,0.9241493344306946,0.6323353293413176,0.9359539941667107,0.6969394996950191
calce_CS2_34,0,0.9506508708000183,0.6323353293413176,0.9390040615661824,0.7281708956998183
calce_CS2_34,0,0.9733259677886963,0.6323353293413176,0.9415053885230853,0.7681941019582733
calce_CS2_34,0,0.9733259677886963,0.6323353293413176,0.9415053885230853,0.7681941019582733
calce_CS2_34,0,0.9235208630561829,0.6323353293413176,0.9358799658886918,0.6963107446243636
calce_CS2_34,0,0.9235208630561829,0.6323353293413176,0.9358799658886918,0.6963107446243636
calce_CS2_34,0,0.9463004469871521,0.6323353293413176,0.9385128583032797,0.7222586903957298
calce_CS2_34,0,0.973089337348938,0.6323353293413176,0.9414797890936011,0.7676553748076622
calce_CS2_34,0,0.9828042984008789,0.6323353293413176,0.9425221878712196,0.7937382684143394
calce_CS2_34,0,0.8068963289260864,0.6323353293413176,0.9206845725736924,0.6168764297334074
calce_CS2_34,0,0.9283795952796936,0.6323353293413176,0.9364502126817972,0.7012803799546357
calce_CS2_34,0,0.9818372130393982,0.6323353293413176,0.9424192077123221,0.7906842237988475
calce_CS2_34,0,0.9821649789810181,0.6323353293413176,0.9424541292856687,0.7917047086431516
calce_CS2_34,0,0.9283795952796936,0.6323353293413176,0.9364502126817972,0.7012803799546357
calce_CS2_34,0,0.9754575490951538,0.6323353293413176,0.9417355167409927,0.773225171348017
calce_CS2_34,0,0.9368639588356018,0.6323353293413176,0.9374346611550686,0.7106270983156623
calce_CS2_34,0,0.9368639588356018,0.6323353293413176,0.9374346611550686,0.7106270983156623
calce_CS2_34,0,0.9297011494636536,0.6323353293413176,0.9366044976909388,0.7026773453963662
calce_CS2_34,0,0.9841859936714172,0.6323353293413176,0.9426690177743965,0.798344073300195
calce_CS2_34,0,0.9576879143714905,0.6323353293413176,0.9397908476092791,0.7386693882317551
calce_CS2_34,0,0.9576879143714905,0.6323353293413176,0.9397908476092791,0.7386693882317551
calce_CS2_34,0,0.9576879143714905,0.6323353293413176,0.9397908476092791,0.7386693882317551
calce_CS2_34,0,0.9576879143714905,0.6323353293413176,0.9397908476092791,0.7386693882317551
calce_CS2_34,0,0.9890474677085876,0.6835443037974683,0.9431828407576919,0.8175701875674103
calce_CS2_34,0,0.9904962778091431,0.6835443037974683,0.9433351306780379,0.824584231655208
calce_CS2_34,0,0.9768897294998169,0.6323353293413176,0.9418896594241091,0.7768025346760931
calce_CS2_34,0,0.9904962778091431,0.6835443037974683,0.9433351306780379,0.824584231655208
calce_CS2_34,0,0.9913086891174316,0.6835443037974683,0.9434203583388059,0.8288868255053347
calce_CS2_34,0,0.9904962778091431,0.6835443037974683,0.9433351306780379,0.824584231655208
calce_CS2_34,0,0.9904962778091431,0.6835443037974683,0.9433351306780379,0.824584231655208
calce_CS2_34,0,0.9917179346084595,0.6835443037974683,0.9434632454168268,0.8311727193331069
calce_CS2_34,0,0.9783774018287659,0.6323353293413176,0.9420493693741286,0.7807084256894594
calce_CS2_34,0,0.9783774018287659,0.6323353293413176,0.9420493693741286,0.7807084256894594
calce_CS2_34,0,0.9783774018287659,0.6323353293413176,0.9420493693741286,0.7807084256894594
calce_CS2_34,0,0.9899622201919556,0.6835443037974683,0.9432790385570945,0.8219082230948631
calce_CS2_34,0,0.9766321778297424,0.6323353293413176,0.9418619679045331,0.7761465699194305
calce_CS2_34,0,0.9901639819145203,0.6835443037974683,0.9433002357404392,0.8229059593488218
calce_CS2_34,0,0.9773128032684326,0.6323353293413176,0.9419351207386794,0.777892677768498
calce_CS2_34,0,0.9905713796615601,0.6835443037974683,0.9433430144498384,0.8249697998001673
calce_CS2_34,0,0.9769237637519836,0.6323353293413176,0.9418933178033922,0.7768896474759008
calce_CS2_34,0,0.9909020066261292,0.6835443037974683,0.9433777095579234,0.8266959535368967
calce_CS2_34,0,0.9910905361175537,0.6835443037974683,0.9433974843960998,0.8277020052546099
calce_CS2_34,0,0.9910905361175537,0.6835443037974683,0.9433974843960998,0.8277020052546099
calce_CS2_34,1,0.9909374117851257,0.6835443037974683,0.9433814236964518,0.8268836524838842
calce_CS2_34,1,0.9910905361175537,0.6835443037974683,0.9433974843960998,0.8277020052546099
calce_CS2_34,1,0.9908446669578552,0.6835443037974683,0.9433716939184765,0.8263931611381727
calce_CS2_34,1,0.9908446669578552,0.6835443037974683,0.9433716939184765,0.8263931611381727
calce_CS2_34,1,0.9908446669578552,0.6835443037974683,0.9433716939184765,0.8263931611381727
calce_CS2_34,1,0.9791809320449829,0.6323353293413176,0.9421354614123195,0.7829068262834425
calce_CS2_34,1,0.9786946177482605,0.6323353293413176,0.942083370954075,0.7815685018097882
calce_CS2_34,1,0.9899941086769104,0.6835443037974683,0.9432823892721062,0.8220648777476477
calce_CS2_34,1,0.9772832989692688,0.6323353293413176,0.9419319514424317,0.777816136503234
calce_CS2_34,1,0.9770209193229675,0.6323353293413176,0.9419037599738677,0.7771388811736138
calce_CS2_34,1,0.9786946177482605,0.6323353293413176,0.942083370954075,0.7815685018097882
calce_CS2_34,1,0.9786946177482605,0.6323353293413176,0.942083370954075,0.7815685018097882
calce_CS2_34,1,0.990567147731781,0.6835443037974683,0.9433425702329667,0.8249480104248559
calce_CS2_34,1,0.9907543659210205,0.6835443037974683,0.9433622190063176,0.8259192626641159
calce_CS2_34,1,0.9785576462745667,0.6323353293413176,0.9420686916223289,0.7811958999370606
calce_CS2_34,1,0.9907543659210205,0.6835443037974683,0.9433622190063176,0.8259192626641159
calce_CS2_34,1,0.9785576462745667,0.6323353293413176,0.9420686916223289,0.7811958999370606
calce_CS2_34,1,0.9785576462745667,0.6323353293413176,0.9420686916223289,0.7811958999370606
calce_CS2_34,1,0.9913821816444397,0.6835443037974683,0.9434280622756909,0.8292911322690463
calce_CS2_34,1,0.9789391756057739,0.6323353293413176,0.9421095717157238,0.7822384810203211
calce_CS2_34,1,0.9913821816444397,0.6835443037974683,0.9434280622756909,0.8292911322690463
calce_CS2_34,1,0.9913821816444397,0.6835443037974683,0.9434280622756909,0.8292911322690463
calce_CS2_34,1,0.9905411601066589,0.6835443037974683,0.943339842294202,0.8248143704487041
calce_CS2_34,1,0.9895416498184204,0.6835443037974683,0.9432348292859137,0.8198773120016056
calce_CS2_34,1,0.9767546057701111,0.6323353293413176,0.9418751326930085,0.7764576707794867
calce_CS2_34,1,0.9767546057701111,0.6323353293413176,0.9418751326930085,0.7764576707794867
calce_CS2_34,1,0.9770199060440063,0.6323353293413176,0.9419036510768819,0.7771362775251304
calce_CS2_34,1,0.9770199060440063,0.6323353293413176,0.9419036510768819,0.7771362775251304
calce_CS2_34,1,0.9767546057701111,0.6323353293413176,0.9418751326930085,0.7764576707794867
calce_CS2_34,1,0.5814325213432312,0.6323353293413176,0.8817266584941478,0.5273409530078643
calce_CS2_34,1,0.9767546057701111,0.6323353293413176,0.9418751326930085,0.7764576707794867
calce_CS2_34,1,0.9895416498184204,0.6835443037974683,0.9432348292859137,0.8198773120016056
calce_CS2_34,1,0.9767546057701111,0.6323353293413176,0.9418751326930085,0.7764576707794867
calce_CS2_34,1,0.9773598313331604,0.6323353293413176,0.9419401720692714,0.7780148420861618
calce_CS2_34,1,0.9773598313331604,0.6323353293413176,0.9419401720692714,0.7780148420861618
calce_CS2_34,1,0.9773598313331604,0.6323353293413176,0.9419401720692714,0.7780148420861618
calce_CS2_34,1,0.9907466173171997,0.6835443037974683,0.9433614059081358,0.8258787647042546
calce_CS2_34,1,0.9794886112213135,0.6323353293413176,0.9421683950585723,0.7837662999641729
calce_CS2_34,1,0.9794886112213135,0.6323353293413176,0.9421683950585723,0.7837662999641729
calce_CS2_34,1,0.990038275718689,0.6835443037974683,0.9432870298616957,0.8222824905767295
calce_CS2_34,1,0.9773598313331604,0.6323353293413176,0.9419401720692714,0.7780148420861618
calce_CS2_34,1,0.9773598313331604,0.6323353293413176,0.9419401720692714,0.7780148420861618
calce_CS2_34,1,0.9907466173171997,0.6835443037974683,0.9433614059081358,0.8258787647042546
calce_CS2_34,1,0.9907466173171997,0.6835443037974683,0.9433614059081358,0.8258787647042546
calce_CS2_34,1,0.977618396282196,0.6323353293413176,0.9419679374188812,0.7786901054099385
calce_CS2_34,1,0.977618396282196,0.6323353293413176,0.9419679374188812,0.7786901054099385
calce_CS2_34,1,0.977618396282196,0.6323353293413176,0.9419679374188812,0.7786901054099385
calce_CS2_34,1,0.977618396282196,0.6323353293413176,0.9419679374188812,0.7786901054099385
calce_CS2_34,1,0.9916319251060486,0.6835443037974683,0.9434542345468439,0.8306852016976893
calce_CS2_34,1,0.9809045195579529,0.6323353293413176,0.9423197256959899,0.7878573125651865
calce_CS2_34,1,0.9811235070228577,0.6323353293413176,0.9423430976021367,0.7885111439853475
calce_CS2_34,1,0.9809045195579529,0.6323353293413176,0.9423197256959899,0.7878573125651865
calce_CS2_34,1,0.9809045195579529,0.6323353293413176,0.9423197256959899,0.7878573125651865
calce_CS2_34,1,0.9809045195579529,0.6323353293413176,0.9423197256959899,0.7878573125651865
calce_CS2_34,1,0.9909424185752869,0.6835443037974683,0.9433819489096804,0.8269102413834937
calce_CS2_34,1,0.9909424185752869,0.6835443037974683,0.9433819489096804,0.8269102413834937
calce_CS2_34,1,0.9803960919380188,0.6323353293413176,0.9422654283690195,0.7863616976283245
calce_CS2_34,1,0.9909424185752869,0.6835443037974683,0.9433819489096804,0.8269102413834937
calce_CS2_34,1,0.9909424185752869,0.6835443037974683,0.9433819489096804,0.8269102413834937
calce_CS2_34,1,0.9843201041221619,0.6323353293413176,0.9426832506448773,0.7988076844814047
calce_CS2_34,1,0.992031455039978,0.6835443037974683,0.9434960802654373,0.8329834554783071
calce_CS2_34,1,0.9843201041221619,0.6323353293413176,0.9426832506448773,0.7988076844814047
calce_CS2_34,1,0.9848355650901794,0.6323353293413176,0.942737924588531,0.800618977006046
calce_CS2_34,1,0.9848355650901794,0.6323353293413176,0.942737924588531,0.800618977006046
calce_CS2_34,1,0.9848355650901794,0.6323353293413176,0.942737924588531,0.800618977006046
calce_CS2_34,1,0.992031455039978,0.6835443037974683,0.9434960802654373,0.8329834554783071
calce_CS2_34,1,0.992031455039978,0.6835443037974683,0.9434960802654373,0.8329834554783071
calce_CS2_34,1,0.992031455039978,0.6835443037974683,0.9434960802654373,0.8329834554783071
calce_CS2_34,1,0.992031455039978,0.6835443037974683,0.9434960802654373,0.8329834554783071
calce_CS2_34,1,0.9848355650901794,0.6323353293413176,0.942737924588531,0.800618977006046
calce_CS2_34,1,0.9926400184631348,0.6835443037974683,0.9435597636626729,0.8366604998106251
calce_CS2_34,1,0.9848355650901794,0.6323353293413176,0.942737924588531,0.800618977006046
calce_CS2_34,1,0.9848355650901794,0.6323353293413176,0.942737924588531,0.800618977006046
calce_CS2_34,1,0.992031455039978,0.6835443037974683,0.9434960802654373,0.8329834554783071
calce_CS2_34,1,0.9919388890266418,0.6835443037974683,0.9434863877356056,0.8324432264579353
calce_CS2_34,1,0.984660804271698,0.6323353293413176,0.9427193935387571,0.7999995617095206
calce_CS2_34,1,0.9919388890266418,0.6835443037974683,0.9434863877356056,0.8324432264579353
calce_CS2_34,1,0.984660804271698,0.6323353293413176,0.9427193935387571,0.7999995617095206
calce_CS2_34,1,0.9919388890266418,0.6835443037974683,0.9434863877356056,0.8324432264579353
calce_CS2_34,1,0.984660804271698,0.6323353293413176,0.9427193935387571,0.7999995617095206
calce_CS2_34,1,0.984660804271698,0.6323353293413176,0.9427193935387571,0.7999995617095206
calce_CS2_34,1,0.9925544857978821,0.6835443037974683,0.9435508171352841,0.8361299301304875
calce_CS2_34,1,0.9919388890266418,0.6835443037974683,0.9434863877356056,0.8324432264579353
calce_CS2_34,1,0.984660804271698,0.6323353293413176,0.9427193935387571,0.7999995617095206
calce_CS2_34,1,0.9859700798988342,0.6323353293413176,0.9428580878575699,0.8047816679602424
calce_CS2_34,1,0.9859700798988342,0.6323353293413176,0.9428580878575699,0.8047816679602424
calce_CS2_34,1,0.9859700798988342,0.6323353293413176,0.9428580878575699,0.8047816679602424
calce_CS2_34,1,0.9859700798988342,0.6323353293413176,0.9428580878575699,0.8047816679602424
calce_CS2_34,1,0.9859700798988342,0.6323353293413176,0.9428580878575699,0.8047816679602424
calce_CS2_34,1,0.9859700798988342,0.6323353293413176,0.9428580878575699,0.8047816679602424
calce_CS2_34,1,0.9859700798988342,0.6323353293413176,0.9428580878575699,0.8047816679602424
calce_CS2_34,1,0.9859700798988342,0.6323353293413176,0.9428580878575699,0.8047816679602424
calce_CS2_34,1,0.9926124811172485,0.6835443037974683,0.9435568834627865,0.8364891685803177
calce_CS2_34,1,0.9926124811172485,0.6835443037974683,0.9435568834627865,0.8364891685803177
calce_CS2_34,1,0.9926124811172485,0.6835443037974683,0.9435568834627865,0.8364891685803177
calce_CS2_34,1,0.9845752716064453,0.6323353293413176,0.9427103218895768,0.7996984111024689
calce_CS2_34,1,0.9845752716064453,0.6323353293413176,0.9427103218895768,0.7996984111024689
calce_CS2_34,1,0.9845752716064453,0.6323353293413176,0.9427103218895768,0.7996984111024689
calce_CS2_34,1,0.9841394424438477,0.6323353293413176,0.9426640766108952,0.7981838674761101
calce_CS2_34,1,0.9919388890266418,0.6835443037974683,0.9434863877356056,0.8324432264579353
calce_CS2_34,1,0.9919388890266418,0.6835443037974683,0.9434863877356056,0.8324432264579353
calce_CS2_34,1,0.9841394424438477,0.6323353293413176,0.9426640766108952,0.7981838674761101
calce_CS2_34,1,0.984660804271698,0.6323353293413176,0.9427193935387571,0.7999995617095206
calce_CS2_34,1,0.9923291802406311,0.6835443037974683,0.9435272442907451,0.8347543700282094
calce_CS2_34,1,0.9926124811172485,0.6835443037974683,0.9435568834627865,0.8364891685803177
calce_CS2_34,1,0.9859700798988342,0.6323353293413176,0.9428580878575699,0.8047816679602424
calce_CS2_34,1,0.9849200248718262,0.6323353293413176,0.9427468784014831,0.8009203338495336
calce_CS2_34,1,0.9920761585235596,0.6835443037974683,0.9435007605798446,0.8332460799872071
calce_CS2_34,1,0.9849200248718262,0.6323353293413176,0.9427468784014831,0.8009203338495336
calce_CS2_34,1,0.9924598336219788,0.6835443037974683,0.9435409151731675,0.8355482118250037
calce_CS2_34,1,0.9856818318367004,0.6323353293413176,0.9428275802414834,0.8036998379694967
calce_CS2_34,1,0.9856818318367004,0.6323353293413176,0.9428275802414834,0.8036998379694967
calce_CS2_34,1,0.993293285369873,0.6835443037974683,0.9436280499735674,0.8408768756959005
calce_CS2_34,1,0.9927384257316589,0.6835443037974683,0.9435700551958507,0.8372768124720503
calce_CS2_34,1,0.9927384257316589,0.6835443037974683,0.9435700551958507,0.8372768124720503
calce_CS2_34,1,0.9862074851989746,0.6588520904611297,0.9428832028893094,0.8056857735715416
calce_CS2_34,1,0.9934746623039246,0.6835443037974683,0.9436469956109901,0.842103080430138
calce_CS2_34,1,0.9934746623039246,0.6835443037974683,0.9436469956109901,0.842103080430138
calce_CS2_34,1,0.768498420715332,0.6323353293413176,0.9150000158421784,0.5986062697314333
calce_CS2_34,1,0.9840844869613647,0.6323353293413176,0.9426582428659548,0.7979952110558751
calce_CS2_34,1,0.9840844869613647,0.6323353293413176,0.9426582428659548,0.7979952110558751
calce_CS2_34,1,0.9843903183937073,0.6323353293413176,0.9426907010196659,0.7990516483440572
calce_CS2_34,1,0.9864490628242493,0.6835443037974683,0.9429087486648869,0.8066183081938499
calce_CS2_34,1,0.9864490628242493,0.6835443037974683,0.9429087486648869,0.8066183081938499
calce_CS2_34,1,0.9843903183937073,0.6323353293413176,0.9426907010196659,0.7990516483440572
calce_CS2_34,1,0.9843903183937073,0.6323353293413176,0.9426907010196659,0.7990516483440572
calce_CS2_34,1,0.9920392036437988,0.6835443037974683,0.9434968915460475,0.8330288958203911
calce_CS2_34,1,0.9920392036437988,0.6835443037974683,0.9434968915460475,0.8330288958203911
calce_CS2_34,1,0.9846906065940857,0.6323353293413176,0.9427225540751693,0.8001048005219752
calce_CS2_34,1,0.9920392036437988,0.6835443037974683,0.9434968915460475,0.8330288958203911
calce_CS2_34,1,0.9846906065940857,0.6323353293413176,0.9427225540751693,0.8001048005219752
calce_CS2_34,1,0.9924496412277222,0.6835443037974683,0.9435398488065613,0.8354859055443599
calce_CS2_34,1,0.9920392036437988,0.6835443037974683,0.9434968915460475,0.8330288958203911
calce_CS2_34,1,0.9920392036437988,0.6835443037974683,0.9434968915460475,0.8330288958203911
calce_CS2_34,1,0.9846906065940857,0.6323353293413176,0.9427225540751693,0.8001048005219752
calce_CS2_34,1,0.9846906065940857,0.6323353293413176,0.9427225540751693,0.8001048005219752
calce_CS2_34,1,0.9846906065940857,0.6323353293413176,0.9427225540751693,0.8001048005219752
calce_CS2_34,1,0.9920392036437988,0.6835443037974683,0.9434968915460475,0.8330288958203911
calce_CS2_34,1,0.9846906065940857,0.6323353293413176,0.9427225540751693,0.8001048005219752
calce_CS2_34,1,0.9846906065940857,0.6323353293413176,0.9427225540751693,0.8001048005219752
calce_CS2_34,1,0.9920392036437988,0.6835443037974683,0.9434968915460475,0.8330288958203911
calce_CS2_34,1,0.9918598532676697,0.6835443037974683,0.9434781107132987,0.8319857227048525
calce_CS2_34,1,0.9851562976837158,0.6323353293413176,0.9427719193453478,0.8017704277804377
calce_CS2_34,1,0.992135763168335,0.6835443037974683,0.9435070004321128,0.8335980224030431
calce_CS2_34,1,0.9851562976837158,0.6323353293413176,0.9427719193453478,0.8017704277804377
calce_CS2_34,1,0.9862250089645386,0.6835443037974683,0.9428850563119092,0.805752988474907
calce_CS2_34,1,0.9862250089645386,0.6835443037974683,0.9428850563119092,0.805752988474907
calce_CS2_34,1,0.9862250089645386,0.6835443037974683,0.9428850563119092,0.805752988474907
calce_CS2_34,1,0.9880446791648865,0.6835443037974683,0.9430772086973304,0.8131261639475411
calce_CS2_34,1,0.9936747550964355,0.6835443037974683,0.9436678892584076,0.8434864044307189
calce_CS2_34,1,0.9891291856765747,0.6835443037974683,0.9431914406689672,0.8179460513626464
calce_CS2_34,1,0.9862250089645386,0.6835443037974683,0.9428850563119092,0.805752988474907
calce_CS2_34,1,0.9862250089645386,0.6835443037974683,0.9428850563119092,0.805752988474907
calce_CS2_34,1,0.9862250089645386,0.6835443037974683,0.9428850563119092,0.805752988474907
calce_CS2_34,1,0.9862250089645386,0.6835443037974683,0.9428850563119092,0.805752988474907
calce_CS2_34,1,0.9927056431770325,0.6835443037974683,0.9435666269586264,0.8370707921028153
calce_CS2_34,1,0.9930819869041443,0.6835443037974683,0.9436059713450677,0.8394799579630495
calce_CS2_34,1,0.9868985414505005,0.6835443037974683,0.9429562504981617,0.808388414046346
calce_CS2_34,1,0.9868985414505005,0.6835443037974683,0.9429562504981617,0.808388414046346
calce_CS2_34,1,0.9858813285827637,0.6323353293413176,0.9428486962200877,0.8044467407840749
calce_CS2_34,1,0.9858813285827637,0.6323353293413176,0.9428486962200877,0.8044467407840749
calce_CS2_34,1,0.9925224184989929,0.6835443037974683,0.9435474626231998,0.8359322171716136
calce_CS2_34,1,0.9937782287597656,0.6835443037974683,0.9436786910990239,0.8442149081950784
calce_CS2_34,1,0.9873247146606445,0.6835443037974683,0.9430012550704634,0.8101109595236703
calce_CS2_34,1,0.9908061623573303,0.6835443037974683,0.9433676539731327,0.8261906506047997
calce_CS2_34,1,0.9908061623573303,0.6835443037974683,0.9433676539731327,0.8261906506047997
calce_CS2_34,1,0.9908061623573303,0.6835443037974683,0.9433676539731327,0.8261906506047997
calce_CS2_34,1,0.9953045845031738,0.8783783783783784,0.9438378045842545,0.8562141717643179
calce_CS2_34,1,0.9882646799087524,0.6835443037974683,0.9431003989959369,0.8140756391542726
calce_CS2_34,1,0.9914900660514832,0.6835443037974683,0.9434393695939209,0.8298894767436386
calce_CS2_34,1,0.9914900660514832,0.6835443037974683,0.9434393695939209,0.8298894767436386
calce_CS2_34,1,0.9914900660514832,0.6835443037974683,0.9434393695939209,0.8298894767436386
calce_CS2_34,1,0.9914900660514832,0.6835443037974683,0.9434393695939209,0.8298894767436386
calce_CS2_34,1,0.9928724765777588,0.6835443037974683,0.943584071532288,0.8381267384743062
calce_CS2_34,1,0.9928724765777588,0.6835443037974683,0.943584071532288,0.8381267384743062
calce_CS2_34,1,0.6736664175987244,0.6323353293413176,0.8993503568726773,0.5600660662667227
calce_CS2_34,1,0.9928724765777588,0.6835443037974683,0.943584071532288,0.8381267384743062
calce_CS2_34,1,0.9928724765777588,0.6835443037974683,0.943584071532288,0.8381267384743062
calce_CS2_34,1,0.9993956089019775,0.8790983606557377,0.9442621867425339,0.921899591707203
calce_CS2_34,1,0.9994981288909912,0.8790983606557377,0.944272782795559,0.9262449845039133
calce_CS2_34,1,0.9995242357254028,0.9192307692307692,0.9442754807899655,0.9274519926514688
calce_CS2_34,1,0.9994981288909912,0.8790983606557377,0.944272782795559,0.9262449845039133
calce_CS2_34,1,0.9993956089019775,0.8790983606557377,0.9442621867425339,0.921899591707203
calce_CS2_34,1,0.9993956089019775,0.8790983606557377,0.9442621867425339,0.921899591707203
calce_CS2_34,1,0.9993956089019775,0.8790983606557377,0.9442621867425339,0.921899591707203
calce_CS2_34,1,0.9993956089019775,0.8790983606557377,0.9442621867425339,0.921899591707203
calce_CS2_34,1,0.9994981288909912,0.8790983606557377,0.944272782795559,0.9262449845039133
calce_CS2_34,1,0.9993956089019775,0.8790983606557377,0.9442621867425339,0.921899591707203
calce_CS2_34,1,0.9993956089019775,0.8790983606557377,0.9442621867425339,0.921899591707203
calce_CS2_34,1,0.9993956089019775,0.8790983606557377,0.9442621867425339,0.921899591707203
calce_CS2_34,1,0.9993956089019775,0.8790983606557377,0.9442621867425339,0.921899591707203
calce_CS2_34,1,0.9994981288909912,0.8790983606557377,0.944272782795559,0.9262449845039133
calce_CS2_34,1,0.9993956089019775,0.8790983606557377,0.9442621867425339,0.921899591707203
calce_CS2_34,1,0.9993956089019775,0.8790983606557377,0.9442621867425339,0.921899591707203
calce_CS2_34,1,0.9995242357254028,0.9192307692307692,0.9442754807899655,0.9274519926514688
calce_CS2_34,1,0.9994981288909912,0.8790983606557377,0.944272782795559,0.9262449845039133
calce_CS2_34,1,0.9993956089019775,0.8790983606557377,0.9442621867425339,0.921899591707203
calce_CS2_34,1,0.9993956089019775,0.8790983606557377,0.9442621867425339,0.921899591707203
calce_CS2_34,1,0.9993956089019775,0.8790983606557377,0.9442621867425339,0.921899591707203
calce_CS2_34,1,0.9993956089019775,0.8790983606557377,0.9442621867425339,0.921899591707203
calce_CS2_34,1,0.9993956089019775,0.8790983606557377,0.9442621867425339,0.921899591707203
calce_CS2_34,1,0.9993956089019775,0.8790983606557377,0.9442621867425339,0.921899591707203
calce_CS2_34,1,0.9994981288909912,0.8790983606557377,0.944272782795559,0.9262449845039133
calce_CS2_34,1,0.9993956089019775,0.8790983606557377,0.9442621867425339,0.921899591707203
calce_CS2_34,1,0.9993956089019775,0.8790983606557377,0.9442621867425339,0.921899591707203
calce_CS2_34,1,0.9993956089019775,0.8790983606557377,0.9442621867425339,0.921899591707203
calce_CS2_34,1,0.9994981288909912,0.8790983606557377,0.944272782795559,0.9262449845039133
calce_CS2_34,1,0.9978092312812805,0.8783783783783784,0.9440979833295251,0.8848273614871197
calce_CS2_34,1,0.9993956089019775,0.8790983606557377,0.9442621867425339,0.921899591707203
calce_CS2_34,1,0.9992250204086304,0.8790983606557377,0.944244551201242,0.9157204893796931
calce_CS2_34,1,0.9992250204086304,0.8790983606557377,0.944244551201242,0.9157204893796931
calce_CS2_34,1,0.9992250204086304,0.8790983606557377,0.944244551201242,0.9157204893796931
calce_CS2_34,1,0.9994014501571655,0.8790983606557377,0.9442627905220647,0.9221323284111976
calce_CS2_34,1,0.9994014501571655,0.8790983606557377,0.9442627905220647,0.9221323284111976
calce_CS2_34,1,0.9993686079978943,0.8790983606557377,0.9442593957224814,0.9208442951814747
calce_CS2_34,1,0.9991641044616699,0.8790983606557377,0.9442382524018101,0.9137532359200535
calce_CS2_34,1,0.9991641044616699,0.8790983606557377,0.9442382524018101,0.9137532359200535
calce_CS2_34,1,0.9991641044616699,0.8790983606557377,0.9442382524018101,0.9137532359200535
calce_CS2_34,1,0.9993189573287964,0.8790983606557377,0.9442542631061515,0.9189855691951002
calce_CS2_34,1,0.9993956089019775,0.8790983606557377,0.9442621867425339,0.921899591707203
calce_CS2_34,1,0.9994328618049622,0.8790983606557377,0.9442660372717645,0.9234126485979207
calce_CS2_34,1,0.9994530081748962,0.8790983606557377,0.944268119533686,0.9242608154934693
calce_CS2_34,1,0.9992250204086304,0.8790983606557377,0.944244551201242,0.9157204893796931
calce_CS2_34,1,0.9991641044616699,0.8790983606557377,0.9442382524018101,0.9137532359200535
calce_CS2_34,1,0.9992250204086304,0.8790983606557377,0.944244551201242,0.9157204893796931
calce_CS2_34,1,0.9993956089019775,0.8790983606557377,0.9442621867425339,0.921899591707203
calce_CS2_34,1,0.9993956089019775,0.8790983606557377,0.9442621867425339,0.921899591707203
calce_CS2_34,1,0.9994981288909912,0.8790983606557377,0.944272782795559,0.9262449845039133
calce_CS2_34,1,0.9993956089019775,0.8790983606557377,0.9442621867425339,0.921899591707203
calce_CS2_34,1,0.9993956089019775,0.8790983606557377,0.9442621867425339,0.921899591707203
calce_CS2_34,1,0.9993956089019775,0.8790983606557377,0.9442621867425339,0.921899591707203
calce_CS2_34,1,0.9994981288909912,0.8790983606557377,0.944272782795559,0.9262449845039133
calce_CS2_34,1,0.9993956089019775,0.8790983606557377,0.9442621867425339,0.921899591707203
calce_CS2_34,1,0.9994981288909912,0.8790983606557377,0.944272782795559,0.9262449845039133
calce_CS2_34,1,0.9968047142028809,0.8783783783783784,0.9439937721555365,0.87134547753054
calce_CS2_34,1,0.9993956089019775,0.8790983606557377,0.9442621867425339,0.921899591707203
calce_CS2_34,1,0.9993956089019775,0.8790983606557377,0.9442621867425339,0.921899591707203
calce_CS2_34,1,0.9993415474891663,0.8790983606557377,0.9442565984092935,0.9198187324602645
calce_CS2_34,1,0.9993415474891663,0.8790983606557377,0.9442565984092935,0.9198187324602645
calce_CS2_34,1,0.9993415474891663,0.8790983606557377,0.9442565984092935,0.9198187324602645
calce_CS2_34,1,0.9994723200798035,0.8790983606557377,0.9442701154793539,0.9250951347325682
calce_CS2_34,1,0.9994723200798035,0.8790983606557377,0.9442701154793539,0.9250951347325682
calce_CS2_34,1,0.9993415474891663,0.8790983606557377,0.9442565984092935,0.9198187324602645
calce_CS2_34,1,0.9993415474891663,0.8790983606557377,0.9442565984092935,0.9198187324602645
calce_CS2_34,1,0.9993415474891663,0.8790983606557377,0.9442565984092935,0.9198187324602645
calce_CS2_34,1,0.9993956089019775,0.8790983606557377,0.9442621867425339,0.921899591707203
calce_CS2_34,1,0.9993956089019775,0.8790983606557377,0.9442621867425339,0.921899591707203
calce_CS2_34,1,0.9994981288909912,0.8790983606557377,0.944272782795559,0.9262449845039133
calce_CS2_34,1,0.9994981288909912,0.8790983606557377,0.944272782795559,0.9262449845039133
calce_CS2_34,1,0.9993956089019775,0.8790983606557377,0.9442621867425339,0.921899591707203
calce_CS2_34,1,0.9993956089019775,0.8790983606557377,0.9442621867425339,0.921899591707203
calce_CS2_34,1,0.9993956089019775,0.8790983606557377,0.9442621867425339,0.921899591707203
calce_CS2_34,1,0.9994981288909912,0.8790983606557377,0.944272782795559,0.9262449845039133
calce_CS2_34,1,0.9994981288909912,0.8790983606557377,0.944272782795559,0.9262449845039133
calce_CS2_34,1,0.9993956089019775,0.8790983606557377,0.9442621867425339,0.921899591707203
calce_CS2_34,1,0.9995242357254028,0.9192307692307692,0.9442754807899655,0.9274519926514688
calce_CS2_34,1,0.9993956089019775,0.8790983606557377,0.9442621867425339,0.921899591707203
calce_CS2_34,1,0.9993956089019775,0.8790983606557377,0.9442621867425339,0.921899591707203
calce_CS2_34,1,0.9994981288909912,0.8790983606557377,0.944272782795559,0.9262449845039133
calce_CS2_34,1,0.9993956089019775,0.8790983606557377,0.9442621867425339,0.921899591707203
calce_CS2_34,1,0.9993956089019775,0.8790983606557377,0.9442621867425339,0.921899591707203
calce_CS2_34,1,0.9993956089019775,0.8790983606557377,0.9442621867425339,0.921899591707203
calce_CS2_34,1,0.9993956089019775,0.8790983606557377,0.9442621867425339,0.921899591707203
calce_CS2_34,1,0.9994981288909912,0.8790983606557377,0.944272782795559,0.9262449845039133
calce_CS2_34,1,0.9993797540664673,0.8790983606557377,0.944260547881355,0.9212759178857332
calce_CS2_34,1,0.9993797540664673,0.8790983606557377,0.944260547881355,0.9212759178857332
calce_CS2_34,1,0.9993797540664673,0.8790983606557377,0.944260547881355,0.9212759178857332
calce_CS2_34,1,0.9993797540664673,0.8790983606557377,0.944260547881355,0.9212759178857332
calce_CS2_34,1,0.9994848966598511,0.8790983606557377,0.9442714152720031,0.9256503008393852
calce_CS2_34,1,0.9993797540664673,0.8790983606557377,0.944260547881355,0.9212759178857332
calce_CS2_34,1,0.9993797540664673,0.8790983606557377,0.944260547881355,0.9212759178857332
calce_CS2_34,1,0.9993956089019775,0.8790983606557377,0.9442621867425339,0.921899591707203
calce_CS2_34,1,0.9993956089019775,0.8790983606557377,0.9442621867425339,0.921899591707203
calce_CS2_34,1,0.9994981288909912,0.8790983606557377,0.944272782795559,0.9262449845039133
calce_CS2_34,1,0.99951171875,0.8790983606557377,0.9442741872463422,0.9268675339448003
calce_CS2_34,1,0.9994848966598511,0.8790983606557377,0.9442714152720031,0.9256503008393852
calce_CS2_34,1,0.9993797540664673,0.8790983606557377,0.944260547881355,0.9212759178857332
calce_CS2_34,1,0.9994848966598511,0.8790983606557377,0.9442714152720031,0.9256503008393852
calce_CS2_34,1,0.9993242025375366,0.8790983606557377,0.9442548053483322,0.9191772274719497
calce_CS2_34,1,0.9993242025375366,0.8790983606557377,0.9442548053483322,0.9191772274719497
calce_CS2_34,1,0.9993242025375366,0.8790983606557377,0.9442548053483322,0.9191772274719497
calce_CS2_34,1,0.9993427395820618,0.8790983606557377,0.9442567216417307,0.9198632667313728
calce_CS2_34,1,0.9994732737541199,0.8790983606557377,0.9442702140428292,0.9251368986132712
calce_CS2_34,1,0.9994732737541199,0.8790983606557377,0.9442702140428292,0.9251368986132712
calce_CS2_34,1,0.9994732737541199,0.8790983606557377,0.9442702140428292,0.9251368986132712
calce_CS2_34,1,0.9993427395820618,0.8790983606557377,0.9442567216417307,0.9198632667313728
calce_CS2_34,1,0.9993427395820618,0.8790983606557377,0.9442567216417307,0.9198632667313728
calce_CS2_34,1,0.9993820190429688,0.8790983606557377,0.9442607820071568,0.9213643075699567
calce_CS2_34,1,0.9993820190429688,0.8790983606557377,0.9442607820071568,0.9213643075699567
calce_CS2_34,1,0.9993820190429688,0.8790983606557377,0.9442607820071568,0.9213643075699567
calce_CS2_34,1,0.999504804611206,0.8790983606557377,0.944273472705369,0.9265492711345003
calce_CS2_34,1,0.9993820190429688,0.8790983606557377,0.9442607820071568,0.9213643075699567
calce_CS2_34,1,0.999504804611206,0.8790983606557377,0.944273472705369,0.9265492711345003
calce_CS2_34,1,0.999504804611206,0.8790983606557377,0.944273472705369,0.9265492711345003
calce_CS2_34,1,0.9993820190429688,0.8790983606557377,0.9442607820071568,0.9213643075699567
calce_CS2_34,1,0.9993820190429688,0.8790983606557377,0.9442607820071568,0.9213643075699567
calce_CS2_34,1,0.999504804611206,0.8790983606557377,0.944273472705369,0.9265492711345003
calce_CS2_34,1,0.9993820190429688,0.8790983606557377,0.9442607820071568,0.9213643075699567
calce_CS2_34,1,0.9993820190429688,0.8790983606557377,0.9442607820071568,0.9213643075699567
calce_CS2_34,1,0.9993820190429688,0.8790983606557377,0.9442607820071568,0.9213643075699567
calce_CS2_34,1,0.999504804611206,0.8790983606557377,0.944273472705369,0.9265492711345003
calce_CS2_34,1,0.999396800994873,0.8790983606557377,0.9442623099633461,0.9219469573882719
calce_CS2_34,1,0.999504804611206,0.8790983606557377,0.944273472705369,0.9265492711345003
calce_CS2_34,1,0.9993820190429688,0.8790983606557377,0.9442607820071568,0.9213643075699567
calce_CS2_34,1,0.9993621706962585,0.8790983606557377,0.9442587302943134,0.9205975056465651
calce_CS2_34,1,0.9993820190429688,0.8790983606557377,0.9442607820071568,0.9213643075699567
calce_CS2_34,1,0.999504804611206,0.8790983606557377,0.944273472705369,0.9265492711345003
calce_CS2_34,1,0.999504804611206,0.8790983606557377,0.944273472705369,0.9265492711345003
calce_CS2_34,1,0.999504804611206,0.8790983606557377,0.944273472705369,0.9265492711345003
calce_CS2_34,1,0.9993621706962585,0.8790983606557377,0.9442587302943134,0.9205975056465651
calce_CS2_34,1,0.9993820190429688,0.8790983606557377,0.9442607820071568,0.9213643075699567
calce_CS2_34,1,0.9993621706962585,0.8790983606557377,0.9442587302943134,0.9205975056465651
calce_CS2_34,1,0.9992042183876038,0.8790983606557377,0.9442424003166371,0.9150365216347347
calce_CS2_34,1,0.9993820190429688,0.8790983606557377,0.9442607820071568,0.9213643075699567
calce_CS2_34,1,0.999504804611206,0.8790983606557377,0.944273472705369,0.9265492711345003
calce_CS2_34,1,0.9993820190429688,0.8790983606557377,0.9442607820071568,0.9213643075699567
calce_CS2_34,1,0.9992042183876038,0.8790983606557377,0.9442424003166371,0.9150365216347347
calce_CS2_34,1,0.9992865920066833,0.8790983606557377,0.9442509171156249,0.9178258853539911
calce_CS2_34,1,0.99910968542099,0.8790983606557377,0.9442326248258917,0.9120816800670367
calce_CS2_34,1,0.99910968542099,0.8790983606557377,0.9442326248258917,0.9120816800670367
calce_CS2_34,1,0.9993621706962585,0.8790983606557377,0.9442587302943134,0.9205975056465651
calce_CS2_34,1,0.9993242025375366,0.8790983606557377,0.9442548053483322,0.9191772274719497
calce_CS2_34,1,0.9993427395820618,0.8790983606557377,0.9442567216417307,0.9198632667313728
calce_CS2_34,1,0.9994732737541199,0.8790983606557377,0.9442702140428292,0.9251368986132712
calce_CS2_34,1,0.9992042183876038,0.8790983606557377,0.9442424003166371,0.9150365216347347
calce_CS2_34,1,0.9992042183876038,0.8790983606557377,0.9442424003166371,0.9150365216347347
calce_CS2_34,1,0.9992042183876038,0.8790983606557377,0.9442424003166371,0.9150365216347347
calce_CS2_34,1,0.9992042183876038,0.8790983606557377,0.9442424003166371,0.9150365216347347
calce_CS2_34,1,0.999530553817749,0.9192307692307692,0.9442761337107783,0.9277511871366273
calce_CS2_34,1,0.9992865920066833,0.8790983606557377,0.9442509171156249,0.9178258853539911
calce_CS2_34,1,0.99910968542099,0.8790983606557377,0.9442326248258917,0.9120816800670367
calce_CS2_34,1,0.99910968542099,0.8790983606557377,0.9442326248258917,0.9120816800670367
calce_CS2_34,1,0.99910968542099,0.8790983606557377,0.9442326248258917,0.9120816800670367
calce_CS2_34,1,0.9992042183876038,0.8790983606557377,0.9442424003166371,0.9150365216347347
calce_CS2_34,1,0.9992042183876038,0.8790983606557377,0.9442424003166371,0.9150365216347347
calce_CS2_34,1,0.9992865920066833,0.8790983606557377,0.9442509171156249,0.9178258853539911
calce_CS2_34,1,0.9992865920066833,0.8790983606557377,0.9442509171156249,0.9178258853539911
calce_CS2_34,1,0.99910968542099,0.8790983606557377,0.9442326248258917,0.9120816800670367
calce_CS2_34,1,0.99910968542099,0.8790983606557377,0.9442326248258917,0.9120816800670367
calce_CS2_34,1,0.99910968542099,0.8790983606557377,0.9442326248258917,0.9120816800670367
calce_CS2_34,1,0.99910968542099,0.8790983606557377,0.9442326248258917,0.9120816800670367
calce_CS2_34,1,0.999504804611206,0.8790983606557377,0.944273472705369,0.9265492711345003
calce_CS2_34,1,0.9993820190429688,0.8790983606557377,0.9442607820071568,0.9213643075699567
calce_CS2_34,1,0.99910968542099,0.8790983606557377,0.9442326248258917,0.9120816800670367
calce_CS2_34,1,0.99910968542099,0.8790983606557377,0.9442326248258917,0.9120816800670367
calce_CS2_34,1,0.99910968542099,0.8790983606557377,0.9442326248258917,0.9120816800670367
calce_CS2_34,1,0.99910968542099,0.8790983606557377,0.9442326248258917,0.9120816800670367
calce_CS2_34,1,0.99910968542099,0.8790983606557377,0.9442326248258917,0.9120816800670367
calce_CS2_34,1,0.99910968542099,0.8790983606557377,0.9442326248258917,0.9120816800670367
calce_CS2_34,1,0.99910968542099,0.8790983606557377,0.9442326248258917,0.9120816800670367
calce_CS2_34,1,0.99910968542099,0.8790983606557377,0.9442326248258917,0.9120816800670367
calce_CS2_34,1,0.99910968542099,0.8790983606557377,0.9442326248258917,0.9120816800670367
calce_CS2_34,1,0.99910968542099,0.8790983606557377,0.9442326248258917,0.9120816800670367
calce_CS2_34,1,0.9992865920066833,0.8790983606557377,0.9442509171156249,0.9178258853539911
calce_CS2_34,1,0.99910968542099,0.8790983606557377,0.9442326248258917,0.9120816800670367
calce_CS2_34,1,0.99910968542099,0.8790983606557377,0.9442326248258917,0.9120816800670367
calce_CS2_34,1,0.9986065030097961,0.8783783783783784,0.9441805644600791,0.8993415073347064
calce_CS2_34,1,0.99910968542099,0.8790983606557377,0.9442326248258917,0.9120816800670367
calce_CS2_34,1,0.9983111619949341,0.8783783783783784,0.9441499865324338,0.8933858537401703
calce_CS2_34,1,0.99910968542099,0.8790983606557377,0.9442326248258917,0.9120816800670367
calce_CS2_34,1,0.9986065030097961,0.8783783783783784,0.9441805644600791,0.8993415073347064
calce_CS2_34,1,0.9986065030097961,0.8783783783783784,0.9441805644600791,0.8993415073347064
calce_CS2_34,1,0.9973976612091064,0.8783783783783784,0.9440553080741639,0.8788386740176526
calce_CS2_34,1,0.9984153509140015,0.8783783783783784,0.9441607754588378,0.8953925717183872
calce_CS2_34,1,0.9973976612091064,0.8783783783783784,0.9440553080741639,0.8788386740176526
calce_CS2_34,1,0.9973976612091064,0.8783783783783784,0.9440553080741639,0.8788386740176526
calce_CS2_34,1,0.998883068561554,0.8783783783783784,0.9442091842010728,0.9058267552626958
calce_CS2_34,1,0.99910968542099,0.8790983606557377,0.9442326248258917,0.9120816800670367
calce_CS2_34,1,0.9987755417823792,0.8783783783783784,0.9441980586840033,0.9031793176531737
calce_CS2_34,1,0.9973243474960327,0.8783783783783784,0.9440477030394134,0.8778471898328399
calce_CS2_34,1,0.9973976612091064,0.8783783783783784,0.9440553080741639,0.8788386740176526
calce_CS2_34,1,0.9973582625389099,0.8783783783783784,0.9440512212617351,0.8783033039656317
calce_CS2_34,1,0.9978126287460327,0.8783783783783784,0.9440983354814874,0.8848801492001427
calce_CS2_34,1,0.9977795481681824,0.8783783783783784,0.9440949065446621,0.8843687243390214
calce_CS2_34,1,0.9973243474960327,0.8783783783783784,0.9440477030394134,0.8778471898328399
calce_CS2_34,1,0.9973243474960327,0.8783783783783784,0.9440477030394134,0.8778471898328399
calce_CS2_34,1,0.9973243474960327,0.8783783783783784,0.9440477030394134,0.8778471898328399
calce_CS2_34,1,0.9973243474960327,0.8783783783783784,0.9440477030394134,0.8778471898328399
calce_CS2_34,1,0.9973243474960327,0.8783783783783784,0.9440477030394134,0.8778471898328399
calce_CS2_34,1,0.9973243474960327,0.8783783783783784,0.9440477030394134,0.8778471898328399
calce_CS2_34,1,0.9977510571479797,0.8783783783783784,0.9440919531756107,0.8839327606581603
calce_CS2_34,1,0.9973243474960327,0.8783783783783784,0.9440477030394134,0.8778471898328399
calce_CS2_34,1,0.9973243474960327,0.8783783783783784,0.9440477030394134,0.8778471898328399
calce_CS2_34,1,0.9973243474960327,0.8783783783783784,0.9440477030394134,0.8778471898328399
calce_CS2_34,1,0.9977510571479797,0.8783783783783784,0.9440919531756107,0.8839327606581603
calce_CS2_34,1,0.9983111619949341,0.8783783783783784,0.9441499865324338,0.8933858537401703
calce_CS2_34,1,0.9973976612091064,0.8783783783783784,0.9440553080741639,0.8788386740176526
calce_CS2_34,1,0.9977795481681824,0.8783783783783784,0.9440949065446621,0.8843687243390214
calce_CS2_34,1,0.9973976612091064,0.8783783783783784,0.9440553080741639,0.8788386740176526
calce_CS2_34,1,0.9973243474960327,0.8783783783783784,0.9440477030394134,0.8778471898328399
calce_CS2_34,1,0.9977510571479797,0.8783783783783784,0.9440919531756107,0.8839327606581603
calce_CS2_34,1,0.99910968542099,0.8790983606557377,0.9442326248258917,0.9120816800670367
calce_CS2_34,1,0.9973976612091064,0.8783783783783784,0.9440553080741639,0.8788386740176526
calce_CS2_34,1,0.9973976612091064,0.8783783783783784,0.9440553080741639,0.8788386740176526
calce_CS2_34,1,0.9973243474960327,0.8783783783783784,0.9440477030394134,0.8778471898328399
calce_CS2_34,1,0.9973243474960327,0.8783783783783784,0.9440477030394134,0.8778471898328399
calce_CS2_34,1,0.9973243474960327,0.8783783783783784,0.9440477030394134,0.8778471898328399
calce_CS2_34,1,0.9973243474960327,0.8783783783783784,0.9440477030394134,0.8778471898328399
calce_CS2_34,1,0.9973243474960327,0.8783783783783784,0.9440477030394134,0.8778471898328399
calce_CS2_34,1,0.9973243474960327,0.8783783783783784,0.9440477030394134,0.8778471898328399
calce_CS2_34,1,0.9973243474960327,0.8783783783783784,0.9440477030394134,0.8778471898328399
calce_CS2_34,1,0.9973243474960327,0.8783783783783784,0.9440477030394134,0.8778471898328399
calce_CS2_34,1,0.9973243474960327,0.8783783783783784,0.9440477030394134,0.8778471898328399
calce_CS2_34,1,0.9973243474960327,0.8783783783783784,0.9440477030394134,0.8778471898328399
calce_CS2_34,1,0.9977510571479797,0.8783783783783784,0.9440919531756107,0.8839327606581603
calce_CS2_34,1,0.9973243474960327,0.8783783783783784,0.9440477030394134,0.8778471898328399
calce_CS2_34,1,0.9973243474960327,0.8783783783783784,0.9440477030394134,0.8778471898328399
calce_CS2_34,1,0.9973243474960327,0.8783783783783784,0.9440477030394134,0.8778471898328399
calce_CS2_34,1,0.9977510571479797,0.8783783783783784,0.9440919531756107,0.8839327606581603
calce_CS2_34,1,0.9973243474960327,0.8783783783783784,0.9440477030394134,0.8778471898328399
calce_CS2_34,1,0.9973243474960327,0.8783783783783784,0.9440477030394134,0.8778471898328399
calce_CS2_34,1,0.9977510571479797,0.8783783783783784,0.9440919531756107,0.8839327606581603
calce_CS2_34,1,0.9973243474960327,0.8783783783783784,0.9440477030394134,0.8778471898328399
calce_CS2_34,1,0.9973243474960327,0.8783783783783784,0.9440477030394134,0.8778471898328399
calce_CS2_34,1,0.9973243474960327,0.8783783783783784,0.9440477030394134,0.8778471898328399
calce_CS2_34,1,0.9977510571479797,0.8783783783783784,0.9440919531756107,0.8839327606581603
calce_CS2_34,1,0.9973243474960327,0.8783783783783784,0.9440477030394134,0.8778471898328399
calce_CS2_34,1,0.9977510571479797,0.8783783783783784,0.9440919531756107,0.8839327606581603
calce_CS2_34,1,0.9973243474960327,0.8783783783783784,0.9440477030394134,0.8778471898328399
calce_CS2_34,1,0.9977510571479797,0.8783783783783784,0.9440919531756107,0.8839327606581603
calce_CS2_34,1,0.9973243474960327,0.8783783783783784,0.9440477030394134,0.8778471898328399
calce_CS2_34,1,0.9973243474960327,0.8783783783783784,0.9440477030394134,0.8778471898328399
calce_CS2_34,1,0.9973243474960327,0.8783783783783784,0.9440477030394134,0.8778471898328399
calce_CS2_34,1,0.9973243474960327,0.8783783783783784,0.9440477030394134,0.8778471898328399
calce_CS2_34,1,0.9973243474960327,0.8783783783783784,0.9440477030394134,0.8778471898328399
calce_CS2_34,1,0.9973243474960327,0.8783783783783784,0.9440477030394134,0.8778471898328399
calce_CS2_34,1,0.9973243474960327,0.8783783783783784,0.9440477030394134,0.8778471898328399
calce_CS2_34,1,0.9973243474960327,0.8783783783783784,0.9440477030394134,0.8778471898328399
calce_CS2_34,1,0.9973243474960327,0.8783783783783784,0.9440477030394134,0.8778471898328399
calce_CS2_34,1,0.9977510571479797,0.8783783783783784,0.9440919531756107,0.8839327606581603
calce_CS2_34,1,0.9973243474960327,0.8783783783783784,0.9440477030394134,0.8778471898328399
calce_CS2_34,1,0.9973243474960327,0.8783783783783784,0.9440477030394134,0.8778471898328399
calce_CS2_34,1,0.9973243474960327,0.8783783783783784,0.9440477030394134,0.8778471898328399
calce_CS2_34,1,0.9977510571479797,0.8783783783783784,0.9440919531756107,0.8839327606581603
calce_CS2_34,1,0.9973243474960327,0.8783783783783784,0.9440477030394134,0.8778471898328399
calce_CS2_34,1,0.9977510571479797,0.8783783783783784,0.9440919531756107,0.8839327606581603
calce_CS2_34,1,0.9973243474960327,0.8783783783783784,0.9440477030394134,0.8778471898328399
calce_CS2_34,1,0.9977510571479797,0.8783783783783784,0.9440919531756107,0.8839327606581603
calce_CS2_34,1,0.9973243474960327,0.8783783783783784,0.9440477030394134,0.8778471898328399
calce_CS2_34,1,0.9973243474960327,0.8783783783783784,0.9440477030394134,0.8778471898328399
calce_CS2_34,1,0.9973243474960327,0.8783783783783784,0.9440477030394134,0.8778471898328399
calce_CS2_34,1,0.9973243474960327,0.8783783783783784,0.9440477030394134,0.8778471898328399
calce_CS2_34,1,0.9973243474960327,0.8783783783783784,0.9440477030394134,0.8778471898328399
calce_CS2_34,1,0.9973934888839722,0.8783783783783784,0.9440548752934051,0.8787816937367626
calce_CS2_34,1,0.9973934888839722,0.8783783783783784,0.9440548752934051,0.8787816937367626
calce_CS2_34,1,0.9973934888839722,0.8783783783783784,0.9440548752934051,0.8787816937367626
calce_CS2_34,1,0.9973934888839722,0.8783783783783784,0.9440548752934051,0.8787816937367626
calce_CS2_34,1,0.9973934888839722,0.8783783783783784,0.9440548752934051,0.8787816937367626
calce_CS2_34,1,0.9973934888839722,0.8783783783783784,0.9440548752934051,0.8787816937367626
calce_CS2_34,1,0.9974250793457031,0.8783783783783784,0.9440581519836558,0.8792148173047706
calce_CS2_34,1,0.9969649910926819,0.8783783783783784,0.9440104119346501,0.8732608259047833
calce_CS2_34,1,0.9970722198486328,0.8783783783783784,0.9440215417154237,0.8745848797308262
calce_CS2_34,1,0.9969649910926819,0.8783783783783784,0.9440104119346501,0.8732608259047833
calce_CS2_34,1,0.9970790147781372,0.8783783783783784,0.9440222469232353,0.874669996056495
calce_CS2_34,1,0.9973857998847961,0.8783783783783784,0.9440540777320425,0.8786768648287163
calce_CS2_34,1,0.9970790147781372,0.8783783783783784,0.9440222469232353,0.874669996056495
calce_CS2_34,1,0.9991094470024109,0.8790983606557377,0.9442326001693997,0.912074521619086
calce_CS2_34,1,0.9970722198486328,0.8783783783783784,0.9440215417154237,0.8745848797308262
calce_CS2_34,1,0.9969649910926819,0.8783783783783784,0.9440104119346501,0.8732608259047833
calce_CS2_34,1,0.9974250793457031,0.8783783783783784,0.9440581519836558,0.8792148173047706
calce_CS2_34,1,0.9978026747703552,0.8783783783783784,0.944097303732119,0.8847256616839851
calce_CS2_34,1,0.9970790147781372,0.8783783783783784,0.9440222469232353,0.874669996056495
calce_CS2_34,1,0.9970722198486328,0.8783783783783784,0.9440215417154237,0.8745848797308262
calce_CS2_34,1,0.9970722198486328,0.8783783783783784,0.9440215417154237,0.8745848797308262
calce_CS2_34,1,0.997448742389679,0.8783783783783784,0.9440606062918574,0.8795418489870498
calce_CS2_34,1,0.9968047142028809,0.8783783783783784,0.9439937721555365,0.87134547753054
calce_CS2_34,1,0.9975390434265137,0.8783783783783784,0.9440699712978686,0.8808109688732586
calce_CS2_34,1,0.9970722198486328,0.8783783783783784,0.9440215417154237,0.8745848797308262
calce_CS2_34,1,0.9969649910926819,0.8783783783783784,0.9440104119346501,0.8732608259047833
calce_CS2_34,1,0.9968047142028809,0.8783783783783784,0.9439937721555365,0.87134547753054
calce_CS2_34,1,0.9968047142028809,0.8783783783783784,0.9439937721555365,0.87134547753054
calce_CS2_34,1,0.9968047142028809,0.8783783783783784,0.9439937721555365,0.87134547753054
calce_CS2_34,1,0.9976235032081604,0.8783783783783784,0.944078729179778,0.8820297149141803
calce_CS2_34,1,0.9968047142028809,0.8783783783783784,0.9439937721555365,0.87134547753054
calce_CS2_34,1,0.9968047142028809,0.8783783783783784,0.9439937721555365,0.87134547753054
calce_CS2_34,1,0.9969649910926819,0.8783783783783784,0.9440104119346501,0.8732608259047833
calce_CS2_34,1,0.9968047142028809,0.8783783783783784,0.9439937721555365,0.87134547753054
calce_CS2_34,1,0.9968047142028809,0.8783783783783784,0.9439937721555365,0.87134547753054
calce_CS2_34,1,0.9976235032081604,0.8783783783783784,0.944078729179778,0.8820297149141803
calce_CS2_34,1,0.9976643323898315,0.8783783783783784,0.944082962414506,0.8826304398671606
calce_CS2_34,1,0.9976235032081604,0.8783783783783784,0.944078729179778,0.8820297149141803
calce_CS2_34,1,0.9973140358924866,0.8783783783783784,0.9440466333101732,0.8777093659676214
calce_CS2_34,1,0.9976235032081604,0.8783783783783784,0.944078729179778,0.8820297149141803
calce_CS2_34,1,0.9968047142028809,0.8783783783783784,0.9439937721555365,0.87134547753054
calce_CS2_34,1,0.9979459643363953,0.8783783783783784,0.9441121542534071,0.8870015325742635
calce_CS2_34,1,0.9982737302780151,0.8783783783783784,0.9441461099404254,0.8926871504750278
calce_CS2_34,1,0.9982737302780151,0.8783783783783784,0.9441461099404254,0.8926871504750278
calce_CS2_34,1,0.9979459643363953,0.8783783783783784,0.9441121542534071,0.8870015325742635
calce_CS2_34,1,0.9979459643363953,0.8783783783783784,0.9441121542534071,0.8870015325742635
calce_CS2_34,1,0.9995056390762329,0.8790983606557377,0.94427355894353,0.9265875128706903
calce_CS2_34,1,0.9979459643363953,0.8783783783783784,0.9441121542534071,0.8870015325742635
calce_CS2_34,1,0.9979459643363953,0.8783783783783784,0.9441121542534071,0.8870015325742635
calce_CS2_34,1,0.9979459643363953,0.8783783783783784,0.9441121542534071,0.8870015325742635
calce_CS2_34,1,0.9979459643363953,0.8783783783783784,0.9441121542534071,0.8870015325742635
calce_CS2_34,1,0.9982737302780151,0.8783783783783784,0.9441461099404254,0.8926871504750278
calce_CS2_34,1,0.9979459643363953,0.8783783783783784,0.9441121542534071,0.8870015325742635
calce_CS2_34,1,0.9979459643363953,0.8783783783783784,0.9441121542534071,0.8870015325742635
calce_CS2_34,1,0.9995421171188354,0.9192307692307692,0.9442773286604146,0.9283063044931544
calce_CS2_34,1,0.9979459643363953,0.8783783783783784,0.9441121542534071,0.8870015325742635
calce_CS2_34,1,0.9979459643363953,0.8783783783783784,0.9441121542534071,0.8870015325742635
calce_CS2_34,1,0.9979459643363953,0.8783783783783784,0.9441121542534071,0.8870015325742635
calce_CS2_34,1,0.9979459643363953,0.8783783783783784,0.9441121542534071,0.8870015325742635
calce_CS2_34,1,0.9982737302780151,0.8783783783783784,0.9441461099404254,0.8926871504750278
calce_CS2_34,1,0.9979459643363953,0.8783783783783784,0.9441121542534071,0.8870015325742635
calce_CS2_34,1,0.9982737302780151,0.8783783783783784,0.9441461099404254,0.8926871504750278
calce_CS2_34,1,0.9979459643363953,0.8783783783783784,0.9441121542534071,0.8870015325742635
calce_CS2_34,1,0.9979459643363953,0.8783783783783784,0.9441121542534071,0.8870015325742635
calce_CS2_34,1,0.9979459643363953,0.8783783783783784,0.9441121542534071,0.8870015325742635
calce_CS2_34,1,0.9979459643363953,0.8783783783783784,0.9441121542534071,0.8870015325742635
calce_CS2_34,1,0.9979459643363953,0.8783783783783784,0.9441121542534071,0.8870015325742635
calce_CS2_34,1,0.9979459643363953,0.8783783783783784,0.9441121542534071,0.8870015325742635
calce_CS2_34,1,0.9995056390762329,0.8790983606557377,0.94427355894353,0.9265875128706903
calce_CS2_34,1,0.9979459643363953,0.8783783783783784,0.9441121542534071,0.8870015325742635
calce_CS2_34,1,0.9979459643363953,0.8783783783783784,0.9441121542534071,0.8870015325742635
calce_CS2_34,1,0.9979459643363953,0.8783783783783784,0.9441121542534071,0.8870015325742635
calce_CS2_34,1,0.9979459643363953,0.8783783783783784,0.9441121542534071,0.8870015325742635
calce_CS2_34,1,0.9979254007339478,0.8783783783783784,0.9441100232711122,0.8866678420319704
calce_CS2_34,1,0.9979459643363953,0.8783783783783784,0.9441121542534071,0.8870015325742635
calce_CS2_34,1,0.9980779886245728,0.8783783783783784,0.9441258339566805,0.8892049100733143
calce_CS2_34,1,0.9982737302780151,0.8783783783783784,0.9441461099404254,0.8926871504750278
calce_CS2_34,1,0.9979459643363953,0.8783783783783784,0.9441121542534071,0.8870015325742635
calce_CS2_34,1,0.9979459643363953,0.8783783783783784,0.9441121542534071,0.8870015325742635
calce_CS2_34,1,0.9982737302780151,0.8783783783783784,0.9441461099404254,0.8926871504750278
calce_CS2_34,1,0.9979254007339478,0.8783783783783784,0.9441100232711122,0.8866678420319704
calce_CS2_34,1,0.9979254007339478,0.8783783783783784,0.9441100232711122,0.8866678420319704
calce_CS2_34,1,0.99869304895401,0.8783783783783784,0.9441895219499034,0.9012610862098822
calce_CS2_34,1,0.998965859413147,0.8783783783783784,0.944217748933683,0.9079947082766182
calce_CS2_34,1,0.9989542961120605,0.8783783783783784,0.9442165527818627,0.9076844989680042
calce_CS2_34,1,0.9982737302780151,0.8783783783783784,0.9441461099404254,0.8926871504750278
calce_CS2_34,1,0.9989542961120605,0.8783783783783784,0.9442165527818627,0.9076844989680042
calce_CS2_34,1,0.9989542961120605,0.8783783783783784,0.9442165527818627,0.9076844989680042
calce_CS2_34,1,0.9990332126617432,0.8783783783783784,0.9442247157300812,0.9098535289021616
calce_CS2_34,1,0.9990074038505554,0.8783783783783784,0.9442220462491038,0.9091304635896138
calce_CS2_34,1,0.9997608065605164,0.9192307692307692,0.9442999234516203,0.9414379825959022
calce_CS2_34,1,0.9995560050010681,0.9192307692307692,0.944278763800014,0.9289864101274768
calce_CS2_34,1,0.9997188448905945,0.9192307692307692,0.9442955886791551,0.93839738461286
calce_CS2_34,1,0.9997188448905945,0.9192307692307692,0.9442955886791551,0.93839738461286
calce_CS2_34,1,0.9997608065605164,0.9192307692307692,0.9442999234516203,0.9414379825959022
calce_CS2_34,1,0.9997608065605164,0.9192307692307692,0.9442999234516203,0.9414379825959022
calce_CS2_34,1,0.9997188448905945,0.9192307692307692,0.9442955886791551,0.93839738461286
calce_CS2_34,1,0.9997188448905945,0.9192307692307692,0.9442955886791551,0.93839738461286
calce_CS2_34,1,0.9997188448905945,0.9192307692307692,0.9442955886791551,0.93839738461286
calce_CS2_34,1,0.9995560050010681,0.9192307692307692,0.944278763800014,0.9289864101274768
calce_CS2_34,1,0.9995560050010681,0.9192307692307692,0.944278763800014,0.9289864101274768
calce_CS2_34,1,0.9995560050010681,0.9192307692307692,0.944278763800014,0.9289864101274768
calce_CS2_34,1,0.9997188448905945,0.9192307692307692,0.9442955886791551,0.93839738461286
calce_CS2_34,1,0.9997188448905945,0.9192307692307692,0.9442955886791551,0.93839738461286
calce_CS2_34,1,0.9995560050010681,0.9192307692307692,0.944278763800014,0.9289864101274768
calce_CS2_34,1,0.9995560050010681,0.9192307692307692,0.944278763800014,0.9289864101274768
calce_CS2_34,1,0.9992250204086304,0.8790983606557377,0.944244551201242,0.9157204893796931
calce_CS2_34,1,0.9995560050010681,0.9192307692307692,0.944278763800014,0.9289864101274768
calce_CS2_34,1,0.9997188448905945,0.9192307692307692,0.9442955886791551,0.93839738461286
calce_CS2_34,1,0.9995560050010681,0.9192307692307692,0.944278763800014,0.9289864101274768
calce_CS2_34,1,0.9997188448905945,0.9192307692307692,0.9442955886791551,0.93839738461286
calce_CS2_34,1,0.9995560050010681,0.9192307692307692,0.944278763800014,0.9289864101274768
calce_CS2_34,1,0.9995560050010681,0.9192307692307692,0.944278763800014,0.9289864101274768
calce_CS2_34,1,0.9997188448905945,0.9192307692307692,0.9442955886791551,0.93839738461286
calce_CS2_34,1,0.9997188448905945,0.9192307692307692,0.9442955886791551,0.93839738461286
calce_CS2_34,1,0.9995560050010681,0.9192307692307692,0.944278763800014,0.9289864101274768
calce_CS2_34,1,0.9997188448905945,0.9192307692307692,0.9442955886791551,0.93839738461286
calce_CS2_34,1,0.9997608065605164,0.9192307692307692,0.9442999234516203,0.9414379825959022
calce_CS2_34,1,0.9997188448905945,0.9192307692307692,0.9442955886791551,0.93839738461286
calce_CS2_34,1,0.9997608065605164,0.9192307692307692,0.9442999234516203,0.9414379825959022
calce_CS2_34,1,0.9997188448905945,0.9192307692307692,0.9442955886791551,0.93839738461286
calce_CS2_34,1,0.9997608065605164,0.9192307692307692,0.9442999234516203,0.9414379825959022
calce_CS2_34,1,0.9997608065605164,0.9192307692307692,0.9442999234516203,0.9414379825959022
calce_CS2_34,1,0.9997188448905945,0.9192307692307692,0.9442955886791551,0.93839738461286
calce_CS2_34,1,0.9997188448905945,0.9192307692307692,0.9442955886791551,0.93839738461286
calce_CS2_34,1,0.9995560050010681,0.9192307692307692,0.944278763800014,0.9289864101274768
calce_CS2_34,1,0.9995560050010681,0.9192307692307692,0.944278763800014,0.9289864101274768
calce_CS2_34,1,0.9995560050010681,0.9192307692307692,0.944278763800014,0.9289864101274768
calce_CS2_34,1,0.9995560050010681,0.9192307692307692,0.944278763800014,0.9289864101274768
calce_CS2_34,1,0.9995560050010681,0.9192307692307692,0.944278763800014,0.9289864101274768
calce_CS2_34,1,0.9993956089019775,0.8790983606557377,0.9442621867425339,0.921899591707203
calce_CS2_34,1,0.9997608065605164,0.9192307692307692,0.9442999234516203,0.9414379825959022
calce_CS2_34,1,0.9997608065605164,0.9192307692307692,0.9442999234516203,0.9414379825959022
calce_CS2_34,1,0.9995560050010681,0.9192307692307692,0.944278763800014,0.9289864101274768
calce_CS2_34,1,0.9995560050010681,0.9192307692307692,0.944278763800014,0.9289864101274768
calce_CS2_34,1,0.9997188448905945,0.9192307692307692,0.9442955886791551,0.93839738461286
calce_CS2_34,1,0.9997608065605164,0.9192307692307692,0.9442999234516203,0.9414379825959022
calce_CS2_34,1,0.9995560050010681,0.9192307692307692,0.944278763800014,0.9289864101274768
calce_CS2_34,1,0.9997608065605164,0.9192307692307692,0.9442999234516203,0.9414379825959022
calce_CS2_34,1,0.9995560050010681,0.9192307692307692,0.944278763800014,0.9289864101274768
calce_CS2_34,1,0.9997608065605164,0.9192307692307692,0.9442999234516203,0.9414379825959022
calce_CS2_34,1,0.9995560050010681,0.9192307692307692,0.944278763800014,0.9289864101274768
calce_CS2_34,1,0.9997188448905945,0.9192307692307692,0.9442955886791551,0.93839738461286
calce_CS2_34,1,0.9995576739311218,0.9192307692307692,0.9442789362608007,0.9290691569897885
calce_CS2_34,1,0.9997199177742004,0.9192307692307692,0.94429569951536,0.9384709826640374
calce_CS2_34,1,0.9997199177742004,0.9192307692307692,0.94429569951536,0.9384709826640374
calce_CS2_34,1,0.9995576739311218,0.9192307692307692,0.9442789362608007,0.9290691569897885
calce_CS2_34,1,0.9995576739311218,0.9192307692307692,0.9442789362608007,0.9290691569897885
calce_CS2_34,1,0.9997616410255432,0.9192307692307692,0.9443000096512628,0.9415021434605549
calce_CS2_34,1,0.9995576739311218,0.9192307692307692,0.9442789362608007,0.9290691569897885
calce_CS2_34,1,0.9997199177742004,0.9192307692307692,0.94429569951536,0.9384709826640374
calce_CS2_34,1,0.9995576739311218,0.9192307692307692,0.9442789362608007,0.9290691569897885
calce_CS2_34,1,0.9997616410255432,0.9192307692307692,0.9443000096512628,0.9415021434605549
calce_CS2_34,1,0.9997616410255432,0.9192307692307692,0.9443000096512628,0.9415021434605549
calce_CS2_34,1,0.9995576739311218,0.9192307692307692,0.9442789362608007,0.9290691569897885
calce_CS2_34,1,0.9997616410255432,0.9192307692307692,0.9443000096512628,0.9415021434605549
calce_CS2_34,1,0.9997199177742004,0.9192307692307692,0.94429569951536,0.9384709826640374
calce_CS2_34,1,0.9997199177742004,0.9192307692307692,0.94429569951536,0.9384709826640374
calce_CS2_34,1,0.9995576739311218,0.9192307692307692,0.9442789362608007,0.9290691569897885
calce_CS2_34,1,0.9997199177742004,0.9192307692307692,0.94429569951536,0.9384709826640374
calce_CS2_34,1,0.9995576739311218,0.9192307692307692,0.9442789362608007,0.9290691569897885
calce_CS2_34,1,0.9997199177742004,0.9192307692307692,0.94429569951536,0.9384709826640374
calce_CS2_34,1,0.9997199177742004,0.9192307692307692,0.94429569951536,0.9384709826640374
calce_CS2_34,1,0.9997616410255432,0.9192307692307692,0.9443000096512628,0.9415021434605549
calce_CS2_34,1,0.9995576739311218,0.9192307692307692,0.9442789362608007,0.9290691569897885
calce_CS2_34,1,0.9997199177742004,0.9192307692307692,0.94429569951536,0.9384709826640374
calce_CS2_34,1,0.9995576739311218,0.9192307692307692,0.9442789362608007,0.9290691569897885
calce_CS2_34,1,0.9995242357254028,0.9192307692307692,0.9442754807899655,0.9274519926514688
calce_CS2_34,1,0.9997199177742004,0.9192307692307692,0.94429569951536,0.9384709826640374
calce_CS2_34,1,0.9995576739311218,0.9192307692307692,0.9442789362608007,0.9290691569897885
calce_CS2_34,1,0.9995576739311218,0.9192307692307692,0.9442789362608007,0.9290691569897885
calce_CS2_34,1,0.9995576739311218,0.9192307692307692,0.9442789362608007,0.9290691569897885
calce_CS2_34,1,0.9995576739311218,0.9192307692307692,0.9442789362608007,0.9290691569897885
calce_CS2_34,1,0.9997616410255432,0.9192307692307692,0.9443000096512628,0.9415021434605549
calce_CS2_34,1,0.9995576739311218,0.9192307692307692,0.9442789362608007,0.9290691569897885
calce_CS2_34,1,0.9997616410255432,0.9192307692307692,0.9443000096512628,0.9415021434605549
calce_CS2_34,1,0.9995576739311218,0.9192307692307692,0.9442789362608007,0.9290691569897885
calce_CS2_34,1,0.9995576739311218,0.9192307692307692,0.9442789362608007,0.9290691569897885
calce_CS2_34,1,0.9995576739311218,0.9192307692307692,0.9442789362608007,0.9290691569897885
calce_CS2_34,1,0.9995576739311218,0.9192307692307692,0.9442789362608007,0.9290691569897885
calce_CS2_34,1,0.9995576739311218,0.9192307692307692,0.9442789362608007,0.9290691569897885
calce_CS2_34,1,0.9997199177742004,0.9192307692307692,0.94429569951536,0.9384709826640374
calce_CS2_34,1,0.9997616410255432,0.9192307692307692,0.9443000096512628,0.9415021434605549
calce_CS2_34,1,0.9997616410255432,0.9192307692307692,0.9443000096512628,0.9415021434605549
calce_CS2_34,1,0.9995576739311218,0.9192307692307692,0.9442789362608007,0.9290691569897885
calce_CS2_34,1,0.9997616410255432,0.9192307692307692,0.9443000096512628,0.9415021434605549
calce_CS2_34,1,0.9997616410255432,0.9192307692307692,0.9443000096512628,0.9415021434605549
calce_CS2_34,1,0.9997199177742004,0.9192307692307692,0.94429569951536,0.9384709826640374
calce_CS2_34,1,0.9995576739311218,0.9192307692307692,0.9442789362608007,0.9290691569897885
calce_CS2_34,1,0.9997616410255432,0.9192307692307692,0.9443000096512628,0.9415021434605549
calce_CS2_34,1,0.9993956089019775,0.8790983606557377,0.9442621867425339,0.921899591707203
calce_CS2_34,1,0.9995576739311218,0.9192307692307692,0.9442789362608007,0.9290691569897885
calce_CS2_34,1,0.9995576739311218,0.9192307692307692,0.9442789362608007,0.9290691569897885
calce_CS2_34,1,0.9995560050010681,0.9192307692307692,0.944278763800014,0.9289864101274768
calce_CS2_34,1,0.9997188448905945,0.9192307692307692,0.9442955886791551,0.93839738461286
calce_CS2_34,1,0.9997608065605164,0.9192307692307692,0.9442999234516203,0.9414379825959022
calce_CS2_34,1,0.9995560050010681,0.9192307692307692,0.944278763800014,0.9289864101274768
calce_CS2_34,1,0.9997188448905945,0.9192307692307692,0.9442955886791551,0.93839738461286
calce_CS2_34,1,0.9997608065605164,0.9192307692307692,0.9442999234516203,0.9414379825959022
calce_CS2_34,1,0.9995560050010681,0.9192307692307692,0.944278763800014,0.9289864101274768
calce_CS2_34,1,0.9997188448905945,0.9192307692307692,0.9442955886791551,0.93839738461286
calce_CS2_34,1,0.9995560050010681,0.9192307692307692,0.944278763800014,0.9289864101274768
calce_CS2_34,1,0.9995560050010681,0.9192307692307692,0.944278763800014,0.9289864101274768
calce_CS2_34,1,0.9995576739311218,0.9192307692307692,0.9442789362608007,0.9290691569897885
calce_CS2_34,1,0.9997616410255432,0.9192307692307692,0.9443000096512628,0.9415021434605549
calce_CS2_34,1,0.9997199177742004,0.9192307692307692,0.94429569951536,0.9384709826640374
calce_CS2_34,1,0.9995576739311218,0.9192307692307692,0.9442789362608007,0.9290691569897885
calce_CS2_34,1,0.9997616410255432,0.9192307692307692,0.9443000096512628,0.9415021434605549
calce_CS2_34,1,0.9997199177742004,0.9192307692307692,0.94429569951536,0.9384709826640374
calce_CS2_34,1,0.9995576739311218,0.9192307692307692,0.9442789362608007,0.9290691569897885
calce_CS2_34,1,0.9995576739311218,0.9192307692307692,0.9442789362608007,0.9290691569897885
calce_CS2_34,1,0.9995576739311218,0.9192307692307692,0.9442789362608007,0.9290691569897885
calce_CS2_34,1,0.9997616410255432,0.9192307692307692,0.9443000096512628,0.9415021434605549
calce_CS2_34,1,0.9997616410255432,0.9192307692307692,0.9443000096512628,0.9415021434605549
calce_CS2_34,1,0.9995576739311218,0.9192307692307692,0.9442789362608007,0.9290691569897885
calce_CS2_34,1,0.9997616410255432,0.9192307692307692,0.9443000096512628,0.9415021434605549
calce_CS2_34,1,0.9997199177742004,0.9192307692307692,0.94429569951536,0.9384709826640374
calce_CS2_34,1,0.9995576739311218,0.9192307692307692,0.9442789362608007,0.9290691569897885
calce_CS2_34,1,0.9995576739311218,0.9192307692307692,0.9442789362608007,0.9290691569897885
calce_CS2_34,1,0.9997199177742004,0.9192307692307692,0.94429569951536,0.9384709826640374
calce_CS2_34,1,0.9997199177742004,0.9192307692307692,0.94429569951536,0.9384709826640374
calce_CS2_34,1,0.9997616410255432,0.9192307692307692,0.9443000096512628,0.9415021434605549
calce_CS2_34,1,0.9997199177742004,0.9192307692307692,0.94429569951536,0.9384709826640374
calce_CS2_34,1,0.9997616410255432,0.9192307692307692,0.9443000096512628,0.9415021434605549
calce_CS2_34,1,0.9997616410255432,0.9192307692307692,0.9443000096512628,0.9415021434605549
calce_CS2_34,1,0.9997199177742004,0.9192307692307692,0.94429569951536,0.9384709826640374
calce_CS2_34,1,0.9995576739311218,0.9192307692307692,0.9442789362608007,0.9290691569897885
calce_CS2_34,1,0.9997199177742004,0.9192307692307692,0.94429569951536,0.9384709826640374
calce_CS2_34,1,0.9995576739311218,0.9192307692307692,0.9442789362608007,0.9290691569897885
calce_CS2_34,1,0.9993797540664673,0.8790983606557377,0.944260547881355,0.9212759178857332
