cell,y,p_raw,p_iso,p_platt,p_temp
1. BatteryAgingARC-FY08Q4_B0007,1,0.45297581772597395,0.22508591065292097,0.305879467722912,0.4936372374106531
1. BatteryAgingARC-FY08Q4_B0007,1,0.5027699745685134,0.22508591065292097,0.32030645803752655,0.5003737168350302
1. BatteryAgingARC-FY08Q4_B0007,1,0.49055805854168055,0.22508591065292097,0.31673492561279587,0.4987259850829685
1. BatteryAgingARC-FY08Q4_B0007,1,0.6970519302490502,0.2953020134228188,0.3797531921011427,0.528076698216912
1. BatteryAgingARC-FY08Q4_B0007,1,0.693846802043922,0.2953020134228188,0.3787365475877175,0.5275678607361157
1. BatteryAgingARC-FY08Q4_B0007,1,0.4411389304632624,0.22508591065292097,0.30250383678109877,0.4920224013021932
1. BatteryAgingARC-FY08Q4_B0007,1,0.4912488619367616,0.22508591065292097,0.31693638967036053,0.4988192156235802
1. BatteryAgingARC-FY08Q4_B0007,1,0.5107177632753829,0.22508591065292097,0.3226422887968626,0.5014462121228505
1. BatteryAgingARC-FY08Q4_B0007,1,0.5713812260450472,0.22508591065292097,0.3407576502670111,0.5096954715646048
1. BatteryAgingARC-FY08Q4_B0007,1,0.7326063065302072,0.3333333333333333,0.3910998594865747,0.5339426410176392
1. BatteryAgingARC-FY08Q4_B0007,1,0.7310812241201948,0.2953020134228188,0.3906106288981752,0.5336817255390878
1. BatteryAgingARC-FY08Q4_B0007,1,0.7431446428824121,0.5893428046634479,0.39448638551975124,0.5357716363985005
1. BatteryAgingARC-FY08Q4_B0007,1,0.780909517757438,0.6956521739130435,0.4067035834328363,0.5427638731477048
1. BatteryAgingARC-FY08Q4_B0007,1,0.7686270126908051,0.6956521739130435,0.4027166347517557,0.5404057951506929
1. BatteryAgingARC-FY08Q4_B0007,1,0.6626202164110883,0.2953020134228188,0.3688885588304554,0.5227510601450545
1. BatteryAgingARC-FY08Q4_B0007,1,0.7227720042354566,0.2953020134228188,0.387949003132461,0.5322759217386227
1. BatteryAgingARC-FY08Q4_B0007,1,0.8268461149353583,0.6956521739130435,0.4217200611488038,0.5525384301016714
1. BatteryAgingARC-FY08Q4_B0007,1,0.6913239362500593,0.2953020134228188,0.37793706013119854,0.5271693890476694
1. BatteryAgingARC-FY08Q4_B0007,1,0.6841910775521938,0.2953020134228188,0.3756802823133326,0.5260522147824871
1. BatteryAgingARC-FY08Q4_B0007,1,0.7384874901613908,0.5,0.3929885248239409,0.5349576157885301
1. BatteryAgingARC-FY08Q4_B0007,1,0.7441160353732694,0.645662022078438,0.3947990614657339,0.5359426121915595
1. BatteryAgingARC-FY08Q4_B0007,1,0.5619929783093239,0.22508591065292097,0.3379218252348767,0.5084062917863927
1. BatteryAgingARC-FY08Q4_B0007,1,0.7846947289648187,0.6956521739130435,0.4079347858927272,0.5435092042019269
1. BatteryAgingARC-FY08Q4_B0007,1,0.7501621263078236,0.6956521739130435,0.396747129878689,0.5370163345490804
1. BatteryAgingARC-FY08Q4_B0007,1,0.7735935666792855,0.6956521739130435,0.4043272812203575,0.5413485869543624
1. BatteryAgingARC-FY08Q4_B0007,1,0.8626754732183103,0.9575635351110382,0.43353536627396233,0.5616677921983363
1. BatteryAgingARC-FY08Q4_B0007,1,0.7223060378245189,0.2953020134228188,0.3877999400224509,0.5321978516040548
1. BatteryAgingARC-FY08Q4_B0007,1,0.7468878502588072,0.6956521739130435,0.3956917376858177,0.5364327925338408
1. BatteryAgingARC-FY08Q4_B0007,1,0.8134139665506737,0.6956521739130435,0.41731283759705556,0.549498054194161
1. BatteryAgingARC-FY08Q4_B0007,1,0.6791902984994901,0.2953020134228188,0.37410128378307533,0.5252769244432979
1. BatteryAgingARC-FY08Q4_B0007,1,0.7877563322766576,0.6956521739130435,0.40893146977845496,0.5441188908514871
1. BatteryAgingARC-FY08Q4_B0007,1,0.773263227098656,0.6956521739130435,0.4042200881402635,0.5412854386185822
1. BatteryAgingARC-FY08Q4_B0007,1,0.7134390829361192,0.2953020134228188,0.38496742275703866,0.5307269343767024
1. BatteryAgingARC-FY08Q4_B0007,1,0.6691789674455635,0.2953020134228188,0.37094827280704085,0.5237432810977832
1. BatteryAgingARC-FY08Q4_B0007,1,0.6629884770168826,0.2953020134228188,0.36900408187573086,0.5228065212087443
1. BatteryAgingARC-FY08Q4_B0007,1,0.6768511906539305,0.2953020134228188,0.37336362632184006,0.5249164389577515
1. BatteryAgingARC-FY08Q4_B0007,1,0.6686532024489442,0.2953020134228188,0.3707829870072734,0.5236633883397963
1. BatteryAgingARC-FY08Q4_B0007,1,0.652447586978986,0.2953020134228188,0.36570339471575214,0.521230222861273
1. BatteryAgingARC-FY08Q4_B0007,1,0.606807496478176,0.2953020134228188,0.3515603079038904,0.5146312172883732
1. BatteryAgingARC-FY08Q4_B0007,1,0.6354168258703919,0.2953020134228188,0.360397189580504,0.518728546180711
1. BatteryAgingARC-FY08Q4_B0007,1,0.658739321304995,0.2953020134228188,0.3676720412320555,0.5221683400605032
1. BatteryAgingARC-FY08Q4_B0007,1,0.6623678467307438,0.2953020134228188,0.36880939935047297,0.5227130694112576
1. BatteryAgingARC-FY08Q4_B0007,1,0.6603209747698787,0.2953020134228188,0.3681676289477118,0.5224054432538187
1. BatteryAgingARC-FY08Q4_B0007,1,0.600717506159481,0.22508591065292097,0.34969204141374255,0.5137732842424195
1. BatteryAgingARC-FY08Q4_B0007,1,0.5278231457130629,0.22508591065292097,0.32769955239170345,0.5037575904255324
1. BatteryAgingARC-FY08Q4_B0007,1,0.5045890418137298,0.22508591065292097,0.3208402875373925,0.500619150896587
1. BatteryAgingARC-FY08Q4_B0007,1,0.5097659766397444,0.22508591065292097,0.3223620914445008,0.5013177481960817
1. BatteryAgingARC-FY08Q4_B0007,1,0.6386645858281144,0.2953020134228188,0.3614064988377843,0.5192016301483554
1. BatteryAgingARC-FY08Q4_B0007,1,0.667835456104573,0.2953020134228188,0.37052597058271025,0.52353925199957
1. BatteryAgingARC-FY08Q4_B0007,1,0.6525573795091155,0.2953020134228188,0.36573770992732,0.5212465254718512
1. BatteryAgingARC-FY08Q4_B0007,1,0.6148332359952057,0.2953020134228188,0.3540293688104522,0.5157689338261355
1. BatteryAgingARC-FY08Q4_B0007,1,0.5560559728465503,0.22508591065292097,0.336134466081746,0.5075941743426875
1. BatteryAgingARC-FY08Q4_B0007,1,0.5442356304481546,0.22508591065292097,0.33258987598554746,0.5059834403630796
1. BatteryAgingARC-FY08Q4_B0007,1,0.5585525513364878,0.22508591065292097,0.33688550305383796,0.5079354035849567
1. BatteryAgingARC-FY08Q4_B0007,1,0.5157029321165211,0.22508591065292097,0.32411195654067126,0.5021192564689352
1. BatteryAgingARC-FY08Q4_B0007,1,0.5746674136329368,0.22508591065292097,0.34175299277929827,0.5101483163207495
1. BatteryAgingARC-FY08Q4_B0007,1,0.4976261524678271,0.22508591065292097,0.31879948182112194,0.4996797283158251
1. BatteryAgingARC-FY08Q4_B0007,1,0.48147686422448854,0.22508591065292097,0.3140929192231233,0.49749981465038795
1. BatteryAgingARC-FY08Q4_B0007,1,0.48932064493000355,0.22508591065292097,0.3163742214377145,0.49855897207771294
1. BatteryAgingARC-FY08Q4_B0007,1,0.5025786830996797,0.22508591065292097,0.3202503483040183,0.5003479078857737
1. BatteryAgingARC-FY08Q4_B0007,1,0.41557142403367686,0.22508591065292097,0.29528515988294785,0.4885011356733099
1. BatteryAgingARC-FY08Q4_B0007,1,0.4010911942396356,0.22508591065292097,0.2912415473585225,0.48648067692342767
1. BatteryAgingARC-FY08Q4_B0007,1,0.3776502595816468,0.22508591065292097,0.28476534383493274,0.4831576390310733
1. BatteryAgingARC-FY08Q4_B0007,1,0.37750974688120975,0.22508591065292097,0.2847267855731223,0.48313749566982345
1. BatteryAgingARC-FY08Q4_B0007,1,0.363336885574095,0.22508591065292097,0.28085379086454826,0.4810901246511185
1. BatteryAgingARC-FY08Q4_B0007,1,0.31922488239204627,0.22508591065292097,0.2690072420525302,0.4744780623959009
1. BatteryAgingARC-FY08Q4_B0007,1,0.3225633215010071,0.22508591065292097,0.26989267388465293,0.47499345647380736
1. BatteryAgingARC-FY08Q4_B0007,1,0.31619011451266027,0.22508591065292097,0.26820394569261485,0.4740071085613528
1. BatteryAgingARC-FY08Q4_B0007,1,0.3025304394654356,0.22508591065292097,0.2646071276403625,0.47185678124235525
1. BatteryAgingARC-FY08Q4_B0007,1,0.3076946502038309,0.22508591065292097,0.2659633126553051,0.4726758143157413
1. BatteryAgingARC-FY08Q4_B0007,1,0.3118443420076342,0.22508591065292097,0.267056278904736,0.47332852744595183
1. BatteryAgingARC-FY08Q4_B0007,1,0.30139826532510383,0.22508591065292097,0.2643103972247927,0.4716761903319748
1. BatteryAgingARC-FY08Q4_B0007,1,0.3136754904348889,0.22508591065292097,0.2675394826614203,0.47361506606974013
1. BatteryAgingARC-FY08Q4_B0007,1,0.34502697032849466,0.22508591065292097,0.27589810042604823,0.47839418288256963
1. BatteryAgingARC-FY08Q4_B0007,1,0.3476146008512591,0.22508591065292097,0.2765951658821518,0.47877901008885054
1. BatteryAgingARC-FY08Q4_B0007,1,0.3872908170786142,0.22508591065292097,0.28741830852723643,0.48453298738085265
1. BatteryAgingARC-FY08Q4_B0007,1,0.36765546285881107,0.22508591065292097,0.28203051585498345,0.48171735741476074
1. BatteryAgingARC-FY08Q4_B0007,1,0.37777118983244273,0.22508591065292097,0.28479853096891994,0.4831749728119291
1. BatteryAgingARC-FY08Q4_B0007,1,0.3615287878454889,0.22508591065292097,0.28036201041926917,0.48082658783968
1. BatteryAgingARC-FY08Q4_B0007,1,0.4245057963657527,0.22508591065292097,0.29779629031695204,0.48973761099343727
1. BatteryAgingARC-FY08Q4_B0007,1,0.39416450858786395,0.22508591065292097,0.2893188431046145,0.48550601553436173
1. BatteryAgingARC-FY08Q4_B0007,1,0.3881195330714415,0.22508591065292097,0.28764704833066146,0.48465062156951194
1. BatteryAgingARC-FY08Q4_B0007,1,0.36093228791923326,0.22508591065292097,0.28019988510040544,0.48073952308254353
1. BatteryAgingARC-FY08Q4_B0007,1,0.3535129539272171,0.22508591065292097,0.27818814506663464,0.4796513509371709
1. BatteryAgingARC-FY08Q4_B0007,1,0.39164857623363736,0.22508591065292097,0.2886223386601818,0.48515056129671214
1. BatteryAgingARC-FY08Q4_B0007,1,0.44798152420463916,0.22508591065292097,0.3044526299646935,0.49295687005219846
1. BatteryAgingARC-FY08Q4_B0007,1,0.35233829261875127,0.22508591065292097,0.27787045279695965,0.4794781492796186
1. BatteryAgingARC-FY08Q4_B0007,1,0.35297745609194464,0.22508591065292097,0.27804328965893615,0.47957242465008093
1. BatteryAgingARC-FY08Q4_B0007,1,0.4280179652333345,0.22508591065292097,0.29878679519782025,0.49022180031673945
1. BatteryAgingARC-FY08Q4_B0007,1,0.33076354383720113,0.22508591065292097,0.2720753456399735,0.4762479793729126
1. BatteryAgingARC-FY08Q4_B0007,1,0.38860986055149416,0.22508591065292097,0.287782438203709,0.48472017985859367
1. BatteryAgingARC-FY08Q4_B0007,1,0.39762374950039087,0.22508591065292097,0.29027811581469043,0.4859934771356342
1. BatteryAgingARC-FY08Q4_B0007,1,0.39936681276246633,0.22508591065292097,0.2907621915159001,0.4862385634085785
1. BatteryAgingARC-FY08Q4_B0007,1,0.3594280733758953,0.22508591065292097,0.27979130241628,0.48051969509759473
1. BatteryAgingARC-FY08Q4_B0007,1,0.395766614076879,0.22508591065292097,0.28976288494563723,0.4857319566885301
1. BatteryAgingARC-FY08Q4_B0007,1,0.41960791476198867,0.22508591065292097,0.2964181486511194,0.4890606505127155
1. BatteryAgingARC-FY08Q4_B0007,1,0.43771171887643306,0.22508591065292097,0.3015304154644689,0.49155325368600206
1. BatteryAgingARC-FY08Q4_B0007,1,0.4759356259631778,0.22508591065292097,0.31248668178416933,0.49675087334288553
1. BatteryAgingARC-FY08Q4_B0007,1,0.48386291267523157,0.22508591065292097,0.31478593933516064,0.4978221108104509
1. BatteryAgingARC-FY08Q4_B0007,1,0.4744622461604169,0.22508591065292097,0.3120603482989935,0.49655160977436896
1. BatteryAgingARC-FY08Q4_B0007,1,0.5179337162389731,0.22508591065292097,0.32477073679090945,0.5024205594807721
1. BatteryAgingARC-FY08Q4_B0007,1,0.5176698318437382,0.22508591065292097,0.3246927719718548,0.5023849129659922
1. BatteryAgingARC-FY08Q4_B0007,1,0.5176698318437382,0.22508591065292097,0.3246927719718548,0.5023849129659922
1. BatteryAgingARC-FY08Q4_B0007,1,0.4671617640080182,0.22508591065292097,0.3099526000113842,0.49556333601795866
1. BatteryAgingARC-FY08Q4_B0007,1,0.5026891381984651,0.22508591065292097,0.32028274642862276,0.5003628104197563
1. BatteryAgingARC-FY08Q4_B0007,1,0.4883599272414374,0.22508591065292097,0.316094325940183,0.49842929270589464
1. BatteryAgingARC-FY08Q4_B0007,1,0.5892114628242945,0.22508591065292097,0.3461748564017966,0.5121638449293983
1. BatteryAgingARC-FY08Q4_B0007,1,0.6212992210147891,0.2953020134228188,0.3560242660635839,0.5166918538892425
1. BatteryAgingARC-FY08Q4_B0007,1,0.623510869657204,0.2953020134228188,0.35670776077989064,0.5170089031735673
1. BatteryAgingARC-FY08Q4_B0007,1,0.6072422905459589,0.2953020134228188,0.3516938673698389,0.5146926417025682
1. BatteryAgingARC-FY08Q4_B0007,1,0.7641531211631536,0.6956521739130435,0.40126755128285296,0.5395683226528344
1. BatteryAgingARC-FY08Q4_B0007,1,0.748864335510178,0.6956521739130435,0.39632869946084576,0.5367844499018198
1. BatteryAgingARC-FY08Q4_B0007,1,0.767468317676156,0.6956521739130435,0.40234117190733665,0.5401878459102003
1. BatteryAgingARC-FY08Q4_B0007,1,0.7778343897245767,0.6956521739130435,0.4057042087567188,0.542165017837086
1. BatteryAgingARC-FY08Q4_B0007,1,0.7896687380364292,0.6956521739130435,0.4095544209065609,0.5445029234737542
1. BatteryAgingARC-FY08Q4_B0007,1,0.796275239052213,0.6956521739130435,0.41170865947343654,0.5458492693020044
1. BatteryAgingARC-FY08Q4_B0007,1,0.7963840232943933,0.6956521739130435,0.41174416025782756,0.5458717018569325
1. BatteryAgingARC-FY08Q4_B0007,1,0.8012647086715325,0.6956521739130435,0.4133378689824945,0.5468872975528213
1. BatteryAgingARC-FY08Q4_B0007,1,0.7987326573894812,0.6956521739130435,0.41251083981467557,0.5463581643810674
1. BatteryAgingARC-FY08Q4_B0007,1,0.7588347531731036,0.6956521739130435,0.3995471882814612,0.5385866467583943
1. BatteryAgingARC-FY08Q4_B0007,1,0.6354964810104132,0.2953020134228188,0.3604219293672854,0.5187401278481729
1. BatteryAgingARC-FY08Q4_B0007,1,0.7911842598741615,0.6956521739130435,0.4100482965835688,0.5448090424694048
1. BatteryAgingARC-FY08Q4_B0007,1,0.7941647561549133,0.6956521739130435,0.41102010411647694,0.5454157783011905
1. BatteryAgingARC-FY08Q4_B0007,1,0.8147293339465764,0.6956521739130435,0.4177438519011987,0.5497882829328046
2. BatteryAgingARC_25_26_27_28_P1_B0027,0,0.1585093223113887,0.22508591065292097,0.2286046220853032,0.44393103680536733
2. BatteryAgingARC_25_26_27_28_P1_B0027,0,0.09161862540881488,0.22508591065292097,0.21310111602667461,0.4232366304143346
2. BatteryAgingARC_25_26_27_28_P1_B0027,0,0.0820565277622195,0.22508591065292097,0.21094866437181675,0.4192666316307352
2. BatteryAgingARC_25_26_27_28_P1_B0027,0,0.08500092722520527,0.22508591065292097,0.2116097540526293,0.42053076787639937
2. BatteryAgingARC_25_26_27_28_P1_B0027,0,0.0898333507265993,0.22508591065292097,0.2126980336927502,0.42252404469389576
2. BatteryAgingARC_25_26_27_28_P1_B0027,0,0.06877946669983008,0.22508591065292097,0.20798645008939062,0.41301020344557593
2. BatteryAgingARC_25_26_27_28_P1_B0027,0,0.09355793783856603,0.22508591065292097,0.2135396081142529,0.4239970419916997
2. BatteryAgingARC_25_26_27_28_P1_B0027,0,0.0918525115075423,0.22508591065292097,0.2131539644709803,0.4233290812024032
2. BatteryAgingARC_25_26_27_28_P1_B0027,0,0.08111340321096502,0.22508591065292097,0.21073723008113995,0.41885320891745875
2. BatteryAgingARC_25_26_27_28_P1_B0027,0,0.07458153333800438,0.22508591065292097,0.20927714790750798,0.41586646720474496
2. BatteryAgingARC_25_26_27_28_P1_B0027,0,0.0769518037538986,0.22508591065292097,0.20980611775431027,0.4169763204198454
2. BatteryAgingARC_25_26_27_28_P1_B0027,0,0.0758064887622625,0.22508591065292097,0.2095503969203695,0.4164439120236861
2. BatteryAgingARC_25_26_27_28_P1_B0027,0,0.09491195817491221,0.22508591065292097,0.21384615101917137,0.42451982919839787
2. BatteryAgingARC_25_26_27_28_P1_B0027,0,0.06947849721812152,0.22508591065292097,0.20814164129294757,0.41336555568652883
2. BatteryAgingARC_25_26_27_28_P1_B0027,0,0.07982647867081645,0.22508591065292097,0.21044897168469068,0.41828213896549615
2. BatteryAgingARC_25_26_27_28_P1_B0027,0,0.07785934745590971,0.22508591065292097,0.2100089127903172,0.417393200260355
2. BatteryAgingARC_25_26_27_28_P1_B0027,0,0.0827224975264825,0.22508591065292097,0.21109805833881276,0.4195560310137616
2. BatteryAgingARC_25_26_27_28_P1_B0027,0,0.07083138153615316,0.22508591065292097,0.20844223647322985,0.4140442492215888
2. BatteryAgingARC_25_26_27_28_P1_B0027,0,0.0833629991010648,0.22508591065292097,0.2112418122306098,0.4198324219303845
2. BatteryAgingARC_25_26_27_28_P1_B0027,0,0.08431538005344576,0.22508591065292097,0.21145569669417888,0.420239939458985
2. BatteryAgingARC_25_26_27_28_P1_B0027,0,0.08794111104759779,0.22508591065292097,0.212271408394472,0.42175505409760905
2. BatteryAgingARC_25_26_27_28_P1_B0027,0,0.0823553435337311,0.22508591065292097,0.21101568677174376,0.41939673958768325
2. BatteryAgingARC_25_26_27_28_P1_B0027,0,0.06611401313161724,0.22508591065292097,0.20739547798996125,0.41162464148669187
2. BatteryAgingARC_25_26_27_28_P1_B0027,0,0.07964231669670133,0.22508591065292097,0.21040774488238362,0.4181997491655925
2. BatteryAgingARC_25_26_27_28_P1_B0027,0,0.09020328934383738,0.22508591065292097,0.21278151332922784,0.42267271868975764
2. BatteryAgingARC_25_26_27_28_P1_B0027,0,0.06671838951383234,0.22508591065292097,0.20752936876734193,0.4119431724961075
2. BatteryAgingARC_25_26_27_28_P1_B0027,0,0.08434573528077878,0.22508591065292097,0.2114625164368004,0.4202528611625797
2. BatteryAgingARC_25_26_27_28_P1_B0027,0,0.09641857255507245,0.22508591065292097,0.21418761678490084,0.4250939383022262
3. BatteryAgingARC_25-44_B0028,0,0.030687204791110898,0.22508591065292097,0.1996585832149145,0.38560391930035337
3. BatteryAgingARC_25-44_B0028,0,0.03270654601110665,0.22508591065292097,0.20009370580907332,0.3877097096642392
3. BatteryAgingARC_25-44_B0028,0,0.030493296725505575,0.22508591065292097,0.19961683778360004,0.3853949341621941
3. BatteryAgingARC_25-44_B0028,0,0.029500950132687668,0.22508591065292097,0.1994033033460156,0.3843055423890604
3. BatteryAgingARC_25-44_B0028,0,0.031339181806984924,0.22508591065292097,0.19979899191317524,0.38629763411629525
3. BatteryAgingARC_25-44_B0028,0,0.02919955427440249,0.22508591065292097,0.19933848256085024,0.3839678671423027
3. BatteryAgingARC_25-44_B0028,0,0.027519100986603942,0.22508591065292097,0.19897735993618915,0.38202299019510105
3. BatteryAgingARC_25-44_B0028,0,0.03234642774219721,0.22508591065292097,0.20001605636055056,0.3873432515034099
3. BatteryAgingARC_25-44_B0028,0,0.027707086374291267,0.22508591065292097,0.1990177327984971,0.3822460104246661
3. BatteryAgingARC_25-44_B0028,0,0.028771273575291422,0.22508591065292097,0.19924640005408917,0.38348236842745775
3. BatteryAgingARC_25-44_B0028,0,0.02637832215119015,0.22508591065292097,0.19873249149760736,0.3806381066345637
3. BatteryAgingARC_25-44_B0028,0,0.02483024685275208,0.22508591065292097,0.19840055928969186,0.3786658842298325
3. BatteryAgingARC_25-44_B0028,0,0.026871886495709933,0.22508591065292097,0.1988384073757348,0.3812440564659082
3. BatteryAgingARC_25-44_B0028,0,0.026871886495709933,0.22508591065292097,0.1988384073757348,0.3812440564659082
3. BatteryAgingARC_25-44_B0028,0,0.02705740284181284,0.22508591065292097,0.19887822901667038,0.3814691145823209
3. BatteryAgingARC_25-44_B0028,0,0.027285466742623516,0.22508591065292097,0.19892719183312205,0.38174381119855083
3. BatteryAgingARC_25-44_B0028,0,0.08698769725314047,0.22508591065292097,0.21205668820993984,0.42136206182927916
3. BatteryAgingARC_25-44_B0028,0,0.06918158333093326,0.22508591065292097,0.20807571325330257,0.4132150146260489
3. BatteryAgingARC_25-44_B0028,0,0.03703679552355989,0.22508591065292097,0.20102917328791617,0.3918435973463265
3. BatteryAgingARC_25-44_B0028,0,0.027346442352379614,0.22508591065292097,0.19894028416234413,0.3818168892649416
3. BatteryAgingARC_25-44_B0028,0,0.0272850451182356,0.22508591065292097,0.19892710130663388,0.38174330535632617
3. BatteryAgingARC_25-44_B0028,0,0.02749581509874242,0.22508591065292097,0.19897235934862137,0.3819952650130176
3. BatteryAgingARC_25-44_B0028,0,0.024892093694134337,0.22508591065292097,0.198413812241481,0.37874686683712855
3. BatteryAgingARC_25-44_B0028,0,0.031822558578184876,0.22508591065292097,0.19990313895744735,0.38680328881409515
3. BatteryAgingARC_25-44_B0028,0,0.027472528734240213,0.22508591065292097,0.1989673587531552,0.38196751720647615
3. BatteryAgingARC_25-44_B0028,0,0.02757153863523031,0.22508591065292097,0.19898862113906127,0.38208534415124984
3. BatteryAgingARC_25-44_B0028,0,0.03481259607430756,0.22508591065292097,0.20054826932063047,0.38978019267769315
3. BatteryAgingARC_25-44_B0028,0,0.03059064499996815,0.22508591065292097,0.19963779455446964,0.3855000067118134
3. BatteryAgingARC_25-44_B0034,0,0.119502732555293,0.22508591065292097,0.21946907440638982,0.433042963489796
3. BatteryAgingARC_25-44_B0041,1,0.406585774356173,0.22508591065292097,0.2927720697839379,0.48724993266166877
3. BatteryAgingARC_25-44_B0041,1,0.565236616285352,0.22508591065292097,0.3389002981680738,0.5088509791251961
3. BatteryAgingARC_25-44_B0041,1,0.4213798461663002,0.22508591065292097,0.2969162997973908,0.489305798837592
3. BatteryAgingARC_25-44_B0041,1,0.5907921718409076,0.22508591065292097,0.3466570651564274,0.5123841161749256
3. BatteryAgingARC_25-44_B0041,1,0.5783509325246683,0.22508591065292097,0.34287034046197157,0.5106569783693757
3. BatteryAgingARC_25-44_B0041,1,0.7865865384615385,0.6956521739130435,0.4085505626059912,0.5438852025923149
4. BatteryAgingARC_45_46_47_48_B0047,0,0.10305363153875158,0.22508591065292097,0.21569613336207555,0.42753305344415266
4. BatteryAgingARC_45_46_47_48_B0047,0,0.08636619689351464,0.22508591065292097,0.21191680438979438,0.421103833610427
4. BatteryAgingARC_45_46_47_48_B0047,0,0.09585239327844636,0.22508591065292097,0.2140592489024968,0.4248791138323908
4. BatteryAgingARC_45_46_47_48_B0047,0,0.08864226175235865,0.22508591065292097,0.21242941723984776,0.4220416779149106
4. BatteryAgingARC_45_46_47_48_B0047,0,0.09162622035917364,0.22508591065292097,0.21310283201666247,0.42323963580276064
4. BatteryAgingARC_45_46_47_48_B0047,0,0.10786037729443657,0.22508591065292097,0.21679377511616768,0.4292166547194496
4. BatteryAgingARC_45_46_47_48_B0047,0,0.09837058065569301,0.22508591065292097,0.21463061814218123,0.4258262627047389
4. BatteryAgingARC_45_46_47_48_B0047,0,0.13167411513154945,0.22508591065292097,0.22229122408393037,0.4367203876493236
4. BatteryAgingARC_45_46_47_48_B0047,0,0.13433952678003255,0.22508591065292097,0.2229126943752874,0.4374876832735103
4. BatteryAgingARC_45_46_47_48_B0047,0,0.19186782070166516,0.22508591065292097,0.23662710053370759,0.45165207396132184
4. BatteryAgingARC_45_46_47_48_B0047,1,0.3723276230857664,0.22508591065292097,0.2833069504943172,0.4823925483598295
4. BatteryAgingARC_45_46_47_48_B0047,1,0.6647589598602044,0.2953020134228188,0.3695596903373365,0.5230735707886739
4. BatteryAgingARC_45_46_47_48_B0047,1,0.2896169162167623,0.22508591065292097,0.2612353137797383,0.4697737798979474
4. BatteryAgingARC_45_46_47_48_B0047,1,0.3306195644137212,0.22508591065292097,0.27203692711147165,0.4762260880757102
4. BatteryAgingARC_45_46_47_48_B0047,1,0.516326379871872,0.22508591065292097,0.3242959989493475,0.5022034541800554
4. BatteryAgingARC_45_46_47_48_B0047,1,0.7435299568396616,0.6116824672978715,0.3946104016954211,0.5358394061342052
4. BatteryAgingARC_45_46_47_48_B0047,1,0.8718867133312508,1.0,0.4365857335128167,0.5643250230773936
4. BatteryAgingARC_45_46_47_48_B0047,1,0.881338176039276,1.0,0.43972064489792456,0.5672225460113665
6. BatteryAgingARC_53_54_55_56_B0056,0,0.14631903477613284,0.22508591065292097,0.22572113145240247,0.44078913080651894
1. BatteryAgingARC-FY08Q4_B0005,0,0.22702423430199345,0.34285714285714286,0.2493838767123554,0.2849727834140344
1. BatteryAgingARC-FY08Q4_B0005,0,0.2294209861621541,0.34285714285714286,0.251265621584351,0.28705920666672935
1. BatteryAgingARC-FY08Q4_B0005,0,0.22119049158161153,0.34285714285714286,0.24484314299076645,0.27986755132357
1. BatteryAgingARC-FY08Q4_B0005,0,0.22285451274563267,0.34285714285714286,0.2461326290291386,0.28132771356479824
1. BatteryAgingARC-FY08Q4_B0005,0,0.22696330097894418,0.34285714285714286,0.24933615943332726,0.2849196571712157
1. BatteryAgingARC-FY08Q4_B0005,0,0.23042996764561083,0.34285714285714286,0.2520606120726575,0.28793566971241197
1. BatteryAgingARC-FY08Q4_B0005,0,0.25960458882091253,0.34285714285714286,0.27575958147306034,0.31283408620278763
1. BatteryAgingARC-FY08Q4_B0005,0,0.3516146528827646,0.4,0.35878305675742933,0.3871095845801319
1. BatteryAgingARC-FY08Q4_B0005,0,0.34906775533586704,0.4,0.35633538275785687,0.3851180475106408
1. BatteryAgingARC-FY08Q4_B0005,0,0.3296375256098383,0.4,0.33791579297852586,0.36982500898736276
1. BatteryAgingARC-FY08Q4_B0005,0,0.4044355469384569,0.4,0.411041323904203,0.42785956274941517
1. BatteryAgingARC-FY08Q4_B0005,0,0.3622991481917026,0.4,0.36913044251194876,0.395434148705157
1. BatteryAgingARC-FY08Q4_B0005,0,0.3725803396699337,0.4,0.3792022976273634,0.40340152089725373
1. BatteryAgingARC-FY08Q4_B0005,0,0.3785158120407002,0.4,0.3850653121053005,0.4079834856754103
1. BatteryAgingARC-FY08Q4_B0005,0,0.3217460076777748,0.4,0.3305691750066851,0.3635593131794169
1. BatteryAgingARC-FY08Q4_B0005,0,0.34060896922977474,0.4,0.3482604038533605,0.3784826545795054
1. BatteryAgingARC-FY08Q4_B0005,0,0.33430785695245696,0.4,0.3423010539841841,0.3735177538550308
1. BatteryAgingARC-FY08Q4_B0005,0,0.35783558879458566,0.4,0.3647924341641386,0.39196224906367755
1. BatteryAgingARC-FY08Q4_B0005,0,0.4418112408899357,0.4,0.4493510791717079,0.45622285055167916
1. BatteryAgingARC-FY08Q4_B0005,0,0.33800471425510525,0.4,0.34579151067290714,0.37643300962416415
1. BatteryAgingARC-FY08Q4_B0005,0,0.3567690540608869,0.4,0.3637591110850419,0.39113145575314295
1. BatteryAgingARC-FY08Q4_B0005,0,0.36546999376347367,0.4,0.372225046471005,0.39789569749707493
1. BatteryAgingARC-FY08Q4_B0005,0,0.37183213008345256,0.4,0.3784656800464323,0.40282303748389914
1. BatteryAgingARC-FY08Q4_B0005,0,0.34023046206058466,0.4,0.3479010600364136,0.3781849580876636
1. BatteryAgingARC-FY08Q4_B0005,0,0.3838272936789814,0.4,0.3903404532031786,0.4120734742161369
1. BatteryAgingARC-FY08Q4_B0005,0,0.371942197313206,0.4,0.378574006929473,0.40290814952664666
1. BatteryAgingARC-FY08Q4_B0005,0,0.3548910697223713,0.4,0.3619426635911819,0.389667414396647
1. BatteryAgingARC-FY08Q4_B0005,0,0.46121475533858763,0.4,0.4695093472791806,0.4708528040807836
1. BatteryAgingARC-FY08Q4_B0005,0,0.3604728453277774,0.4,0.3673529066654082,0.39401456808384844
1. BatteryAgingARC-FY08Q4_B0005,0,0.37163694250534896,0.4,0.37827360853054387,0.40267209326193354
1. BatteryAgingARC-FY08Q4_B0005,0,0.5772382315260031,0.6896551724137931,0.5898378873704746,0.5581968985739818
1. BatteryAgingARC-FY08Q4_B0005,0,0.6075334597859912,0.7844827586206896,0.6201163061331385,0.5812935128194265
1. BatteryAgingARC-FY08Q4_B0005,0,0.6032647936774944,0.7801305599534833,0.6159003183650711,0.57802449136486
1. BatteryAgingARC-FY08Q4_B0005,0,0.5797105408833716,0.6896551724137931,0.5923379222779201,0.5600734781389107
1. BatteryAgingARC-FY08Q4_B0005,0,0.5853788392862675,0.6896551724137931,0.5980515848061344,0.5643809858628992
1. BatteryAgingARC-FY08Q4_B0005,0,0.5899937890471467,0.75,0.6026839561669226,0.5678935069797927
1. BatteryAgingARC-FY08Q4_B0005,0,0.5848899500251916,0.6896551724137931,0.5975598072380284,0.5640091781103833
1. BatteryAgingARC-FY08Q4_B0005,0,0.5865711232162047,0.7007029481743704,0.5992500838465951,0.5652879693439455
1. BatteryAgingARC-FY08Q4_B0005,0,0.5629075640685074,0.6896551724137931,0.5752587543406383,0.5473431217614542
1. BatteryAgingARC-FY08Q4_B0005,0,0.5814959713304915,0.6896551724137931,0.594140415407283,0.5614295070398708
1. BatteryAgingARC-FY08Q4_B0005,0,0.5866036666225133,0.7015871440243965,0.5992827803248969,0.5653127301439828
1. BatteryAgingARC-FY08Q4_B0005,0,0.6028059948954976,0.7777178735309989,0.6154461306099417,0.5776734490729579
1. BatteryAgingARC-FY08Q4_B0005,0,0.5861260316716073,0.6896551724137931,0.5988028101798818,0.5649493444025501
1. BatteryAgingARC-FY08Q4_B0005,0,0.5876853671585914,0.7309766650813978,0.600369064157048,0.5661358896327034
1. BatteryAgingARC-FY08Q4_B0005,0,0.5440569643037778,0.625,0.555884092257103,0.5331173511659298
1. BatteryAgingARC-FY08Q4_B0005,0,0.523362072043096,0.4090624488086455,0.5344186428090136,0.5175468384741656
1. BatteryAgingARC-FY08Q4_B0005,0,0.49569545775702184,0.4,0.5055356159692382,0.49676792660152586
1. BatteryAgingARC-FY08Q4_B0005,0,0.6143664967624075,0.7844827586206896,0.6268272199095669,0.5865378153344597
1. BatteryAgingARC-FY08Q4_B0005,0,0.6444131106658221,0.7844827586206896,0.655732945765815,0.6097899644584469
1. BatteryAgingARC-FY08Q4_B0005,0,0.6286840978682291,0.7844827586206896,0.6407291346135173,0.5975762069362662
1. BatteryAgingARC-FY08Q4_B0005,0,0.6138238779806924,0.7844827586206896,0.6262960422570618,0.5861208260727672
1. BatteryAgingARC-FY08Q4_B0005,0,0.5934141314430116,0.75,0.6061054245876205,0.5705001513210205
1. BatteryAgingARC-FY08Q4_B0005,0,0.5752664745022512,0.6896551724137931,0.5878406788623287,0.5567011737887259
1. BatteryAgingARC-FY08Q4_B0005,0,0.5811310021121268,0.6896551724137931,0.5937721628405216,0.5611522573398794
1. BatteryAgingARC-FY08Q4_B0005,0,0.5423469490416183,0.625,0.554117181264485,0.5318291952371866
1. BatteryAgingARC-FY08Q4_B0005,0,0.5300446956385382,0.4916716894927434,0.5413679338783661,0.5225707318047942
1. BatteryAgingARC-FY08Q4_B0005,0,0.5020243279313703,0.4,0.5121529984155004,0.5015199575627972
1. BatteryAgingARC-FY08Q4_B0005,0,0.5108050998533578,0.4,0.5213265115072518,0.5081134925277555
1. BatteryAgingARC-FY08Q4_B0005,0,0.5089669712337114,0.4,0.5194071513753378,0.5067331090686816
1. BatteryAgingARC-FY08Q4_B0005,0,0.5024757431635359,0.4,0.5126248568986854,0.5018589028649555
1. BatteryAgingARC-FY08Q4_B0005,0,0.5048731159057362,0.4,0.5151304022323734,0.5036589990768116
1. BatteryAgingARC-FY08Q4_B0005,0,0.44316882085381387,0.4,0.4507568420825414,0.4572481130470722
1. BatteryAgingARC-FY08Q4_B0005,0,0.46297447323684804,0.4,0.47134344665616,0.47217740241231054
1. BatteryAgingARC-FY08Q4_B0005,0,0.46262831232020174,0.4,0.4709825911625802,0.4719168599090542
1. BatteryAgingARC-FY08Q4_B0005,0,0.462929064199901,0.4,0.47129610828459806,0.47214322538118336
1. BatteryAgingARC-FY08Q4_B0005,0,0.4495957308665677,0.4,0.4574221576329517,0.462098131005947
1. BatteryAgingARC-FY08Q4_B0005,0,0.4521184601034529,0.4,0.4600427734799825,0.46400033890116094
1. BatteryAgingARC-FY08Q4_B0005,0,0.43414783196615836,0.4,0.4414314824727418,0.45042978007337964
1. BatteryAgingARC-FY08Q4_B0005,0,0.44025502846377756,0.4,0.4477406299671429,0.4550472261263273
1. BatteryAgingARC-FY08Q4_B0005,0,0.4469216951304442,0.4,0.45464693770006565,0.46008090337540236
1. BatteryAgingARC-FY08Q4_B0005,0,0.4922469990437736,0.4,0.5019289887898128,0.494178504280466
1. BatteryAgingARC-FY08Q4_B0005,0,0.5699343160273556,0.6896551724137931,0.5824253613440887,0.5526602237576252
1. BatteryAgingARC-FY08Q4_B0005,0,0.5838182987113383,0.6896551724137931,0.5964811392250283,0.563194363350588
1. BatteryAgingARC-FY08Q4_B0005,0,0.6485690941145845,0.7844827586206896,0.659647418452241,0.6130340002929425
1. BatteryAgingARC-FY08Q4_B0005,0,0.7035276290337306,0.7844827586206896,0.7092314537590046,0.6567499029931889
1. BatteryAgingARC-FY08Q4_B0005,0,0.7232254418962492,0.7844827586206896,0.7259288814137674,0.672870920435253
1. BatteryAgingARC-FY08Q4_B0005,0,0.7283986020694093,0.7844827586206896,0.7302137772197135,0.6771526283289173
1. BatteryAgingARC-FY08Q4_B0005,0,0.6761188383518288,0.7844827586206896,0.6850296738290752,0.6347421070620629
1. BatteryAgingARC-FY08Q4_B0005,0,0.7365890782598856,0.7844827586206896,0.7369108731859558,0.6839758154888925
1. BatteryAgingARC-FY08Q4_B0005,0,0.7316493954392709,0.7844827586206896,0.7328846741319182,0.6798541419201003
1. BatteryAgingARC-FY08Q4_B0005,0,0.7473484920841263,0.7844827586206896,0.7455444201633143,0.6930262033817548
1. BatteryAgingARC-FY08Q4_B0005,0,0.7399890344121687,0.7844827586206896,0.7396593058211002,0.6868247315624728
1. BatteryAgingARC-FY08Q4_B0005,0,0.7366557010788354,0.7844827586206896,0.7369649081023247,0.6840315455167827
1. BatteryAgingARC-FY08Q4_B0005,0,0.7611712176907377,0.7844827586206896,0.7563587246266174,0.7048105198704926
1. BatteryAgingARC-FY08Q4_B0005,0,0.767004551024071,0.7844827586206896,0.7608279029220205,0.7098407307832474
1. BatteryAgingARC-FY08Q4_B0005,0,0.8012182184958906,0.7844827586206896,0.7858962579259811,0.7401253898672472
1. BatteryAgingARC-FY08Q4_B0005,0,0.8056902626554348,0.7844827586206896,0.7890275846398275,0.744194384186267
1. BatteryAgingARC-FY08Q4_B0005,0,0.7925529407181128,0.7844827586206896,0.7797329908376383,0.7323186152904646
1. BatteryAgingARC-FY08Q4_B0005,0,0.7992196073847795,0.7844827586206896,0.784485940138411,0.7383158690496092
1. BatteryAgingARC-FY08Q4_B0005,0,0.5900516952820699,0.75,0.602741966124802,0.5679376130906846
1. BatteryAgingARC-FY08Q4_B0005,0,0.7345458599041673,0.7844827586206896,0.7352502438567261,0.6822684831350468
1. BatteryAgingARC-FY08Q4_B0005,0,0.74759546011498,0.7844827586206896,0.7457403850806495,0.6932351591721347
1. BatteryAgingARC-FY08Q4_B0005,0,0.7597767732462932,0.7844827586206896,0.7552820338959538,0.7036132326989609
1. BatteryAgingARC-FY08Q4_B0005,0,0.7967159036810758,0.7844827586206896,0.7827097145760218,0.7360566715715745
1. BatteryAgingARC-FY08Q4_B0005,0,0.8057529407181128,0.7844827586206896,0.7890712324846028,0.7442516137166667
1. BatteryAgingARC-FY08Q4_B0005,0,0.832917442882615,0.7844827586206896,0.8073659414692744,0.7696241680219837
1. BatteryAgingARC-FY08Q4_B0005,1,0.842917442882615,0.7844827586206896,0.8137891811651727,0.7792826145074259
1. BatteryAgingARC-FY08Q4_B0005,1,0.8529174428826151,0.7844827586206896,0.8200459809307505,0.7891375374203018
1. BatteryAgingARC-FY08Q4_B0005,1,0.8463841095492817,0.7844827586206896,0.815977001264031,0.7826758075529606
1. BatteryAgingARC-FY08Q4_B0005,1,0.8497174428826151,0.7844827586206896,0.8180618498896781,0.785961457226892
1. BatteryAgingARC-FY08Q4_B0005,1,0.8562507762159484,0.7844827586206896,0.8220947816899585,0.7924694497799838
3. BatteryAgingARC_25-44_B0025,1,0.9485840865630826,0.7844827586206896,0.8717924789585091,0.8992325721023211
3. BatteryAgingARC_25-44_B0025,1,0.9516477470405362,0.7844827586206896,0.8732182800453423,0.9035472937444036
3. BatteryAgingARC_25-44_B0025,1,0.9537906041833933,0.7844827586206896,0.8742074738196808,0.9066160838128611
3. BatteryAgingARC_25-44_B0025,1,0.9273378971995233,0.7844827586206896,0.8615248675848914,0.8712461490119449
3. BatteryAgingARC_25-44_B0025,1,0.9490263772316948,0.7844827586206896,0.8719991586903156,0.8998503949611956
3. BatteryAgingARC_25-44_B0025,1,0.9211580860426405,0.7844827586206896,0.8584114945499164,0.8636231192751359
3. BatteryAgingARC_25-44_B0025,1,0.9454195396248573,0.7844827586206896,0.8703053894132086,0.8948596637864218
3. BatteryAgingARC_25-44_B0025,1,0.9473223174026351,0.7844827586206896,0.8712012972076341,0.8974791365633589
3. BatteryAgingARC_25-44_B0025,1,0.9082196274615173,0.7844827586206896,0.8517038685677032,0.84825756312525
3. BatteryAgingARC_25-44_B0025,1,0.9471767758076669,0.7844827586206896,0.8711329567965116,0.8972777360932032
3. BatteryAgingARC_25-44_B0025,1,0.9454382884870258,0.7844827586206896,0.8703142429785946,0.8948853328784535
3. BatteryAgingARC_25-44_B0025,1,0.9450804827877568,0.7844827586206896,0.8701451916236744,0.8943959388430053
3. BatteryAgingARC_25-44_B0025,1,0.9438295886605598,0.7844827586206896,0.8695527116038917,0.8926928478285895
3. BatteryAgingARC_25-44_B0025,1,0.946423978722716,0.7844827586206896,0.8707789805600324,0.8962387857706278
3. BatteryAgingARC_25-44_B0025,1,0.943429269728007,0.7844827586206896,0.8693626177059259,0.8921503502074937
3. BatteryAgingARC_25-44_B0025,1,0.9469940845428219,0.7844827586206896,0.8710471286809061,0.8970251746524885
3. BatteryAgingARC_25-44_B0025,1,0.9093432897198062,0.7844827586206896,0.8522966550166867,0.8495629589404781
3. BatteryAgingARC_25-44_B0025,1,0.9462800559405724,0.7844827586206896,0.870711211744001,0.8960406794666115
3. BatteryAgingARC_25-44_B0025,1,0.9454895342085615,0.7844827586206896,0.8703384395481676,0.8949555076471525
3. BatteryAgingARC_25-44_B0025,1,0.9485450897641169,0.7844827586206896,0.8717742423439497,0.8991781787699
3. BatteryAgingARC_25-44_B0025,1,0.9504999006298188,0.7844827586206896,0.8726856768364505,0.9019209663472715
3. BatteryAgingARC_25-44_B0025,1,0.9475144407680431,0.7844827586206896,0.8712914632275274,0.897745264927052
3. BatteryAgingARC_25-44_B0025,1,0.9361986327789618,0.7844827586206896,0.865888426450687,0.8825503486472479
3. BatteryAgingARC_25-44_B0025,1,0.9464959222495247,0.7844827586206896,0.8708128452146594,0.8963378771034929
3. BatteryAgingARC_25-44_B0025,1,0.9384580389621916,0.7844827586206896,0.8669823377340615,0.8855111841033604
3. BatteryAgingARC_25-44_B0025,1,0.9454994996906021,0.7844827586206896,0.8703431444797152,0.8949691565735344
3. BatteryAgingARC_25-44_B0025,1,0.9089223221387558,0.7844827586206896,0.852074803961428,0.8490732979066168
3. BatteryAgingARC_25-44_B0025,1,0.8634264508721562,0.7844827586206896,0.8264431270228266,0.7997271550517784
3. BatteryAgingARC_25-44_B0026,1,0.9157862674770537,0.7844827586206896,0.8556578927764062,0.857151769663452
3. BatteryAgingARC_25-44_B0026,1,0.9474820823365995,0.7844827586206896,0.8712762807587053,0.8977004207719188
3. BatteryAgingARC_25-44_B0026,1,0.8418336180744241,0.7844827586206896,0.8131010743876713,0.7782266364356238
3. BatteryAgingARC_25-44_B0026,1,0.9521338426133599,0.7844827586206896,0.8734432547864877,0.9042396472229064
3. BatteryAgingARC_25-44_B0026,1,0.9520170808074441,0.7844827586206896,0.873389246261527,0.9040731420003078
3. BatteryAgingARC_25-44_B0026,1,0.8534795618121509,0.7844827586206896,0.8203927683266062,0.7896977157244216
3. BatteryAgingARC_25-44_B0031,0,0.09923789070123755,0.013157894736842105,0.16293875082794465,0.1602792209266823
3. BatteryAgingARC_25-44_B0031,0,0.16822672738139174,0.34285714285714286,0.20621503587005124,0.2314691794605174
3. BatteryAgingARC_25-44_B0031,0,0.1715600607147251,0.34285714285714286,0.20850717063232133,0.23464128234994924
3. BatteryAgingARC_25-44_B0031,0,0.16822672738139174,0.34285714285714286,0.20621503587005124,0.2314691794605174
3. BatteryAgingARC_25-44_B0031,0,0.1801586412522573,0.34285714285714286,0.2145062946665057,0.24273677740705912
3. BatteryAgingARC_25-44_B0031,0,0.21497882607940047,0.34285714285714286,0.2400700389564112,0.27438822548529074
3. BatteryAgingARC_25-44_B0031,0,0.17162025943032327,0.34285714285714286,0.20854873769938428,0.23469839144265142
3. BatteryAgingARC_25-44_B0031,0,0.18936221726383043,0.34285714285714286,0.22106545163078525,0.25127069998489665
3. BatteryAgingARC_25-44_B0031,0,0.28441370842016683,0.34285714285714286,0.29696348056440797,0.3334143314048838
3. BatteryAgingARC_25-44_B0031,0,0.21550327456117646,0.34285714285714286,0.2404705589888611,0.2748526223319153
3. BatteryAgingARC_25-44_B0031,0,0.34784596124322253,0.4,0.35516383730315726,0.3841616483336399
3. BatteryAgingARC_25-44_B0031,0,0.2541115398983629,0.34285714285714286,0.27119356166089215,0.30820796660652383
3. BatteryAgingARC_25-44_B0031,0,0.2657687076627663,0.34285714285714286,0.2809397183973552,0.3179940609824498
3. BatteryAgingARC_25-44_B0031,0,0.26855604106038117,0.34285714285714286,0.28330147734981026,0.3203168365100394
3. BatteryAgingARC_25-44_B0031,0,0.29625955302063206,0.4,0.307413369224864,0.34307737759073303
3. BatteryAgingARC_25-44_B0031,0,0.3152486088917793,0.4,0.324581646037801,0.3583747493563034
3. BatteryAgingARC_25-44_B0031,0,0.2767433242809294,0.34285714285714286,0.2903076415726126,0.3271032907083559
3. BatteryAgingARC_25-44_B0031,0,0.495121939847945,0.4,0.5049358226663836,0.4963372884128321
3. BatteryAgingARC_25-44_B0031,0,0.27391814423498434,0.34285714285714286,0.2878784771830258,0.3247674903640143
3. BatteryAgingARC_25-44_B0031,0,0.5921081264256777,0.75,0.604800197471434,0.5695044975734032
3. BatteryAgingARC_25-44_B0031,0,0.2708695331238733,0.34285714285714286,0.2852708328317337,0.3222399131432348
3. BatteryAgingARC_25-44_B0031,0,0.6112069821969023,0.7844827586206896,0.6237300657720879,0.5841111141753607
3. BatteryAgingARC_25-44_B0031,0,0.30685112686851274,0.4,0.31692752205827374,0.3516375048442135
3. BatteryAgingARC_25-44_B0031,0,0.6396909292510344,0.7844827586206896,0.6512594037982594,0.6061127990789362
3. BatteryAgingARC_25-44_B0031,0,0.6665396292298866,0.7844827586206896,0.6763191379295109,0.6271515131277237
3. BatteryAgingARC_25-44_B0031,0,0.6511003242585435,0.7844827586206896,0.6620209618110398,0.6150134826759395
3. BatteryAgingARC_25-44_B0031,0,0.30930432308540873,0.4,0.3191535688753781,0.35361007954103924
3. BatteryAgingARC_25-44_B0031,0,0.6411308908983105,0.7844827586206896,0.6526264174506347,0.6072331237734605
3. BatteryAgingARC_25-44_B0031,0,0.30721212661085934,0.4,0.3172545734074138,0.35192801082070724
3. BatteryAgingARC_25-44_B0031,0,0.307878793277526,0.4,0.31785902129372706,0.3524642837888254
3. BatteryAgingARC_25-44_B0031,0,0.31228830646964784,0.4,0.32187240814143847,0.35600452954203077
3. BatteryAgingARC_25-44_B0031,0,0.6678942775338105,0.7844827586206896,0.6775585696996411,0.6282220447831286
3. BatteryAgingARC_25-44_B0031,0,0.7096328509950114,0.7844827586206896,0.7144706040999245,0.6617169979220389
3. BatteryAgingARC_25-44_B0031,0,0.6883451555350901,0.7844827586206896,0.6959604781721752,0.6445033356440041
3. BatteryAgingARC_25-44_B0031,0,0.6462209686116163,0.7844827586206896,0.6574383830150898,0.6112002136517536
3. BatteryAgingARC_25-44_B0031,0,0.7257485777308077,0.7844827586206896,0.7280240632706616,0.6749566380135925
3. BatteryAgingARC_25-44_B0031,0,0.7485935137321349,0.7844827586206896,0.7465313098582342,0.6940801689781789
3. BatteryAgingARC_25-44_B0031,0,0.43201736957405423,0.4,0.4392349056702233,0.4488174938600829
3. BatteryAgingARC_25-44_B0031,0,0.43577709685327193,0.4,0.4431128609515473,0.4516622296386454
3. BatteryAgingARC_25-44_B0031,0,0.44030611214178084,0.4,0.447793476792334,0.4550858228279391
3. BatteryAgingARC_25-44_B0033,0,0.5876825830163258,0.7309010206631766,0.6003662694799758,0.5661337705808598
4. BatteryAgingARC_45_46_47_48_B0048,0,0.2537813243510799,0.34285714285714286,0.27092059220223363,0.3079290044062956
4. BatteryAgingARC_45_46_47_48_B0048,0,0.033511202285083315,0.008620689655172414,0.1288118971228605,0.07418043687253771
4. BatteryAgingARC_45_46_47_48_B0048,0,0.06278881407030266,0.008620689655172414,0.14319346892491297,0.11612694548259211
4. BatteryAgingARC_45_46_47_48_B0048,0,0.06448409304025976,0.013157894736842105,0.14406585369246042,0.11833773187568292
4. BatteryAgingARC_45_46_47_48_B0048,0,0.07388484210393016,0.013157894736842105,0.14898389305068527,0.1302781643909559
4. BatteryAgingARC_45_46_47_48_B0048,0,0.08665702036972042,0.013157894736842105,0.15588664592005236,0.1457473687439342
4. BatteryAgingARC_45_46_47_48_B0048,0,0.0908981540492347,0.013157894736842105,0.15823575043551968,0.15071797321212388
4. BatteryAgingARC_45_46_47_48_B0048,0,0.35187775914201386,0.4,0.35903633498654197,0.3873151572951025
4. BatteryAgingARC_45_46_47_48_B0048,0,0.30839616268800596,0.4,0.31832852909048415,0.35288027250115545
4. BatteryAgingARC_45_46_47_48_B0048,0,0.4609537836223811,0.4,0.46923741346468795,0.47065633532221823
4. BatteryAgingARC_45_46_47_48_B0048,0,0.6737755386249088,0.7844827586206896,0.6829105604567087,0.632880794846473
4. BatteryAgingARC_45_46_47_48_B0048,0,0.7710119891038812,0.7844827586206896,0.7638654350819579,0.7133172414452857
4. BatteryAgingARC_45_46_47_48_B0048,0,0.6456625020665497,0.7844827586206896,0.6569119867498413,0.610764424258722
4. BatteryAgingARC_45_46_47_48_B0048,1,0.6085311119787579,0.7844827586206896,0.621099064952326,0.5820583091958228
4. BatteryAgingARC_45_46_47_48_B0048,1,0.7296229161157677,0.7844827586206896,0.7312216649355369,0.6781690692832165
4. BatteryAgingARC_45_46_47_48_B0048,1,0.8022897668816591,0.7844827586206896,0.7866496248689915,0.7410978174959927
4. BatteryAgingARC_45_46_47_48_B0048,1,0.8660292417498004,0.7844827586206896,0.8279994904355104,0.802389700838287
4. BatteryAgingARC_45_46_47_48_B0048,1,0.9021278829511785,0.7844827586206896,0.8484559204769059,0.8412682563097909
4. BatteryAgingARC_45_46_47_48_B0048,1,0.8959928254799142,0.7844827586206896,0.8451260533092693,0.8343701082287677
4. BatteryAgingARC_45_46_47_48_B0048,1,0.8487945674202986,0.7844827586206896,0.8174864782750013,0.7850494882238871
4. BatteryAgingARC_45_46_47_48_B0048,1,0.8987945496178452,0.7844827586206896,0.8466540738896429,0.8375035063790617
5. BatteryAgingARC_49_50_51_52_B0051,0,0.12510153224003587,0.013157894736842105,0.17824010312332483,0.18840956718359836
5. BatteryAgingARC_49_50_51_52_B0051,0,0.039537806214191666,0.008620689655172414,0.13166793084608489,0.08353106255383955
5. BatteryAgingARC_49_50_51_52_B0051,0,0.06710551256614258,0.013157894736842105,0.14542352458201382,0.1217202101795637
5. BatteryAgingARC_49_50_51_52_B0051,0,0.030916235589247727,0.008620689655172414,0.1275984771873808,0.06999872662779368
5. BatteryAgingARC_49_50_51_52_B0051,0,0.082308906148796,0.013157894736842105,0.1535078845817111,0.14056916572094663
5. BatteryAgingARC_49_50_51_52_B0051,0,0.04028220295521509,0.008620689655172414,0.13202440720151815,0.0846545722819201
5. BatteryAgingARC_49_50_51_52_B0051,0,0.07975904859893845,0.013157894736842105,0.15212678378630767,0.13749155295495558
5. BatteryAgingARC_49_50_51_52_B0051,0,0.07999269205332207,0.013157894736842105,0.15225290849729697,0.13777485946877555
6. BatteryAgingARC_53_54_55_56_B0055,0,0.041976136571518066,0.008620689655172414,0.1328386475886625,0.08718765618395463
1. BatteryAgingARC-FY08Q4_B0018,0,0.5969412596199132,0.5418326693227091,0.5218372845902407,0.5686212977933004
1. BatteryAgingARC-FY08Q4_B0018,0,0.6075052007856564,0.5418326693227091,0.5318597898231532,0.5762130060880458
1. BatteryAgingARC-FY08Q4_B0018,0,0.6269258461676455,0.5418326693227091,0.5502123690740041,0.5902673713285294
1. BatteryAgingARC-FY08Q4_B0018,0,0.49228039733849766,0.5418326693227091,0.42288434366501265,0.4945702556759132
1. BatteryAgingARC-FY08Q4_B0018,0,0.5734817739567506,0.5418326693227091,0.4995289541738025,0.5518725419049081
1. BatteryAgingARC-FY08Q4_B0018,0,0.7105618354419113,0.5418326693227091,0.6271138433687073,0.6528707861701684
1. BatteryAgingARC-FY08Q4_B0018,0,0.31350105707450227,0.45992851233012527,0.27063676358637206,0.36556716661500294
1. BatteryAgingARC-FY08Q4_B0018,0,0.44309711570338645,0.5418326693227091,0.3779778782251919,0.45989000248589895
1. BatteryAgingARC-FY08Q4_B0018,0,0.4391625213313212,0.5418326693227091,0.37446348537207125,0.45710305913317206
1. BatteryAgingARC-FY08Q4_B0018,0,0.6500846929020493,0.5418326693227091,0.5719161873498387,0.6072240703542665
1. BatteryAgingARC-FY08Q4_B0018,0,0.45885946374889175,0.5418326693227091,0.3921825751400873,0.4710310164422045
1. BatteryAgingARC-FY08Q4_B0018,0,0.2720963336624866,0.19117647058823528,0.24067462974438095,0.33356651327675335
1. BatteryAgingARC-FY08Q4_B0018,0,0.09351094054633823,0.10546875,0.13839361949436726,0.16831124739194392
1. BatteryAgingARC-FY08Q4_B0018,0,0.10591896697265916,0.10546875,0.14412164961187085,0.1823784170915505
1. BatteryAgingARC-FY08Q4_B0018,0,0.18140501365601516,0.10546875,0.183297586396645,0.2573405899064421
1. BatteryAgingARC-FY08Q4_B0018,0,0.43429406889720884,0.5418326693227091,0.3701332578697499,0.4536508456751376
1. BatteryAgingARC-FY08Q4_B0018,0,0.2447137745200648,0.19117647058823528,0.2221458435295595,0.311595112925643
1. BatteryAgingARC-FY08Q4_B0018,0,0.09963958545436032,0.10546875,0.14119858448339967,0.17534306506923517
1. BatteryAgingARC-FY08Q4_B0018,0,0.09503104118533508,0.10546875,0.13908494846563474,0.1700713878950506
1. BatteryAgingARC-FY08Q4_B0018,0,0.3952177439365988,0.5418326693227091,0.3361780117986921,0.42574713680330517
1. BatteryAgingARC-FY08Q4_B0018,0,0.08590388470485477,0.10546875,0.13497722989380537,0.15933300760911545
1. BatteryAgingARC-FY08Q4_B0018,0,0.10294089858293619,0.10546875,0.14272912759856346,0.17906227884324727
1. BatteryAgingARC-FY08Q4_B0018,0,0.07814186430831377,0.10546875,0.13156488914299644,0.1498529119326202
1. BatteryAgingARC-FY08Q4_B0018,0,0.0686425645884258,0.10546875,0.12748869918775727,0.13774723035551792
1. BatteryAgingARC-FY08Q4_B0018,0,0.09749842251998082,0.10546875,0.14021325499675494,0.172905660873008
1. BatteryAgingARC-FY08Q4_B0018,0,0.6975817657057031,0.5418326693227091,0.6154906408632366,0.6428739859706337
1. BatteryAgingARC-FY08Q4_B0018,0,0.12752480735422808,0.10546875,0.15456497787497772,0.20545469868764984
1. BatteryAgingARC-FY08Q4_B0018,0,0.16792307916146323,0.10546875,0.1757404524501898,0.24496607308121132
1. BatteryAgingARC-FY08Q4_B0018,0,0.48195414937853237,0.5418326693227091,0.4133226220098615,0.4873047961338924
1. BatteryAgingARC-FY08Q4_B0018,0,0.16634447267909058,0.10546875,0.17487180786535103,0.24349378885299505
1. BatteryAgingARC-FY08Q4_B0018,0,0.13033354632250965,0.10546875,0.15596709534110662,0.20834117676284328
1. BatteryAgingARC-FY08Q4_B0018,0,0.20897545859772584,0.19117647058823528,0.1995310003267117,0.2816628880844314
1. BatteryAgingARC-FY08Q4_B0018,0,0.21855207467025597,0.19117647058823528,0.20541645569687494,0.2898431440014539
1. BatteryAgingARC-FY08Q4_B0018,0,0.39020149616544536,0.5418326693227091,0.33193074411568724,0.42213426313575536
1. BatteryAgingARC-FY08Q4_B0018,0,0.41474967638281784,0.5418326693227091,0.3529646761178524,0.4397427219249818
1. BatteryAgingARC-FY08Q4_B0018,0,0.7759528860462488,0.5418326693227091,0.6832480906220382,0.7055185917588569
1. BatteryAgingARC-FY08Q4_B0018,0,0.2594008124507268,0.19117647058823528,0.23195503646090454,0.32347087684090703
1. BatteryAgingARC-FY08Q4_B0018,0,0.7877032118352493,0.5418326693227091,0.6928467414439725,0.7154856920316066
1. BatteryAgingARC-FY08Q4_B0018,0,0.8168335229267876,0.7303370786516854,0.7159244833731883,0.7410677093038774
1. BatteryAgingARC-FY08Q4_B0018,0,0.7451000541601681,0.5418326693227091,0.6573057232401167,0.680145109144396
1. BatteryAgingARC-FY08Q4_B0018,0,0.33484329229144083,0.5418326693227091,0.2869663135587443,0.3816038306484565
1. BatteryAgingARC-FY08Q4_B0018,0,0.5600711922634011,0.5418326693227091,0.48677157007169924,0.5423539580539818
1. BatteryAgingARC-FY08Q4_B0018,0,0.7123803174862487,0.5418326693227091,0.6287309070271332,0.6542814841219856
1. BatteryAgingARC-FY08Q4_B0018,0,0.6102509148839288,0.5418326693227091,0.5344609014927617,0.5781919849501166
1. BatteryAgingARC-FY08Q4_B0018,0,0.7544794559938085,0.5418326693227091,0.6653013154290521,0.687746700933686
1. BatteryAgingARC-FY08Q4_B0018,0,0.6395143878648867,0.5418326693227091,0.562039133017177,0.599455335828669
1. BatteryAgingARC-FY08Q4_B0018,0,0.46705558380509105,0.5418326693227091,0.3996432253993506,0.47681181146532986
1. BatteryAgingARC-FY08Q4_B0018,0,0.37388843857457627,0.5418326693227091,0.31830886863133584,0.4103247157691439
1. BatteryAgingARC-FY08Q4_B0018,0,0.4194469517305586,0.5418326693227091,0.357058375142359,0.4430932877934813
1. BatteryAgingARC-FY08Q4_B0018,0,0.41489199326007986,0.5418326693227091,0.35308839310253015,0.43984431659872325
1. BatteryAgingARC-FY08Q4_B0018,0,0.397275265410517,0.5418326693227091,0.33792785734074554,0.4272267074815052
1. BatteryAgingARC-FY08Q4_B0018,0,0.7907347402545514,0.6287199243543874,0.6952967238446918,0.7180876896645164
1. BatteryAgingARC-FY08Q4_B0018,0,0.3866001358272298,0.5418326693227091,0.32889819032938133,0.4195352892070339
1. BatteryAgingARC-FY08Q4_B0018,0,0.7983301894341586,0.7303370786516854,0.7013865478818352,0.7246653268617049
1. BatteryAgingARC-FY08Q4_B0018,0,0.6503915879473565,0.5418326693227091,0.5722021396848082,0.6074504105151396
1. BatteryAgingARC-FY08Q4_B0018,0,0.37146539831410647,0.5418326693227091,0.3163110965225321,0.4085620908798914
1. BatteryAgingARC-FY08Q4_B0018,0,0.3986487385975787,0.5418326693227091,0.3390984228385114,0.428213645821173
1. BatteryAgingARC-FY08Q4_B0018,0,0.6811459857217583,0.5418326693227091,0.600583162774647,0.6303847086031504
1. BatteryAgingARC-FY08Q4_B0018,0,0.7657746167949948,0.5418326693227091,0.6748052220240691,0.6970274616743831
1. BatteryAgingARC-FY08Q4_B0018,0,0.6945221948657335,0.5418326693227091,0.6127310319201411,0.6405353400623348
1. BatteryAgingARC-FY08Q4_B0018,0,0.7374884714658936,0.5418326693227091,0.6507505900396464,0.6740415193764845
1. BatteryAgingARC-FY08Q4_B0018,0,0.7898090784376709,0.5418326693227091,0.6945497984318113,0.7172918053650975
1. BatteryAgingARC-FY08Q4_B0018,0,0.7548231072000371,0.5418326693227091,0.6655925047311684,0.688026975620568
1. BatteryAgingARC-FY08Q4_B0018,0,0.7886481042996666,0.5418326693227091,0.6936115491076267,0.7162953157130068
1. BatteryAgingARC-FY08Q4_B0018,0,0.7885670891640205,0.5418326693227091,0.693546016130175,0.7162258495113956
1. BatteryAgingARC-FY08Q4_B0018,0,0.7867682373244959,0.5418326693227091,0.6920889165510994,0.7146857916399465
1. BatteryAgingARC-FY08Q4_B0018,1,0.6480458909613568,0.5418326693227091,0.5700153034690665,0.6057215723303172
1. BatteryAgingARC-FY08Q4_B0018,1,0.8554106557144272,0.7303370786516854,0.7448179552386031,0.7773554435914554
1. BatteryAgingARC-FY08Q4_B0018,1,0.864328571529402,0.7303370786516854,0.7512154129957249,0.7862372203024333
1. BatteryAgingARC-FY08Q4_B0018,1,0.9009199504562795,1.0,0.7763246513966582,0.825291937480789
1. BatteryAgingARC-FY08Q4_B0018,1,0.792640747091611,0.7303370786516854,0.6968314613473464,0.7197303397183414
1. BatteryAgingARC-FY08Q4_B0018,1,0.7844631601185897,0.5418326693227091,0.690216159142648,0.712718873347682
1. BatteryAgingARC-FY08Q4_B0018,1,0.9237672429500022,1.0,0.7910612077217148,0.8525329616525809
1. BatteryAgingARC-FY08Q4_B0018,1,0.8502565186566735,0.7303370786516854,0.7410715728675729,0.7723159981107007
1. BatteryAgingARC-FY08Q4_B0018,1,0.8562924136834407,0.7303370786516854,0.7454552959531268,0.7782242735893453
2. BatteryAgingARC_25_26_27_28_P1_B0025,1,0.9544642119343829,1.0,0.8097165485869153,0.8947331373864379
2. BatteryAgingARC_25_26_27_28_P1_B0025,1,0.9679564968821768,1.0,0.8175032171319424,0.9166026228259748
2. BatteryAgingARC_25_26_27_28_P1_B0025,1,0.959730608936074,1.0,0.8127857436119866,0.902941391664941
2. BatteryAgingARC_25_26_27_28_P1_B0025,1,0.9644482393621765,1.0,0.8155026464683998,0.9106363302131231
2. BatteryAgingARC_25_26_27_28_P1_B0025,1,0.952514370582065,1.0,0.8085704821597568,0.8917843529565168
2. BatteryAgingARC_25_26_27_28_P1_B0025,1,0.9394932130546586,1.0,0.800781906319617,0.8731361707628228
2. BatteryAgingARC_25_26_27_28_P1_B0025,1,0.9518829050648234,1.0,0.8081981954553101,0.8908390636384883
2. BatteryAgingARC_25_26_27_28_P1_B0025,1,0.9579803700997884,1.0,0.8117699729487927,0.9001717994971101
2. BatteryAgingARC_25_26_27_28_P1_B0025,1,0.9490677763114813,1.0,0.8065317915355228,0.8866797998208773
2. BatteryAgingARC_25_26_27_28_P1_B0025,1,0.955702021460117,1.0,0.8104413731861184,0.896629412414317
2. BatteryAgingARC_25_26_27_28_P1_B0025,1,0.9479730012310968,1.0,0.8058807787136031,0.885085584565648
2. BatteryAgingARC_25_26_27_28_P1_B0025,1,0.9557162857243814,1.0,0.81044971357536,0.8966513781517448
2. BatteryAgingARC_25_26_27_28_P1_B0025,1,0.946903595776634,1.0,0.8052432477584884,0.8835403722857444
2. BatteryAgingARC_25_26_27_28_P1_B0025,1,0.9531487181568137,1.0,0.8089439124432599,0.8927386712098262
2. BatteryAgingARC_25_26_27_28_P1_B0025,1,0.9531487181568137,1.0,0.8089439124432599,0.8927386712098262
2. BatteryAgingARC_25_26_27_28_P1_B0025,1,0.9531487181568137,1.0,0.8089439124432599,0.8927386712098262
2. BatteryAgingARC_25_26_27_28_P1_B0025,1,0.9171911803903553,1.0,0.7868941761953133,0.8444062739963383
2. BatteryAgingARC_25_26_27_28_P1_B0025,1,0.9458793895446733,1.0,0.8046311755487591,0.882071349814327
2. BatteryAgingARC_25_26_27_28_P1_B0025,1,0.9490961387917344,1.0,0.8065486353341926,0.8867212704496832
2. BatteryAgingARC_25_26_27_28_P1_B0025,1,0.9490961387917344,1.0,0.8065486353341926,0.8867212704496832
2. BatteryAgingARC_25_26_27_28_P1_B0025,1,0.9535058610139566,1.0,0.809153911794629,0.8932780705906913
2. BatteryAgingARC_25_26_27_28_P1_B0025,1,0.9535058610139566,1.0,0.809153911794629,0.8932780705906913
2. BatteryAgingARC_25_26_27_28_P1_B0025,1,0.9432818253344415,1.0,0.8030723269739378,0.8783916104026458
2. BatteryAgingARC_25_26_27_28_P1_B0025,1,0.9509530582111538,1.0,0.8076489903029508,0.8894554598123698
2. BatteryAgingARC_25_26_27_28_P1_B0025,1,0.94683103440163,1.0,0.8051999325075596,0.883435950181776
2. BatteryAgingARC_25_26_27_28_P1_B0025,1,0.9433270661476619,1.0,0.8030995570123235,0.8784551508800579
2. BatteryAgingARC_25_26_27_28_P1_B0025,1,0.9265817842141665,1.0,0.7928262688296823,0.8560922977227886
2. BatteryAgingARC_25_26_27_28_P1_B0025,1,0.8089359286600378,0.7303370786516854,0.7097717231308202,0.7339978162567621
3. BatteryAgingARC_25-44_B0029,0,0.2524056225764178,0.19117647058823528,0.22724574846090967,0.317842237625098
3. BatteryAgingARC_25-44_B0029,0,0.23351249466695687,0.19117647058823528,0.21486630593099906,0.3023818930180267
3. BatteryAgingARC_25-44_B0029,0,0.24076790592236813,0.19117647058823528,0.21956155223810944,0.3083657086114431
3. BatteryAgingARC_25-44_B0029,0,0.24076790592236813,0.19117647058823528,0.21956155223810944,0.3083657086114431
3. BatteryAgingARC_25-44_B0029,0,0.2405924673258769,0.19117647058823528,0.21944715438750448,0.3082217248647631
3. BatteryAgingARC_25-44_B0029,0,0.20615911559140612,0.19117647058823528,0.19782445088628184,0.27923264982410995
3. BatteryAgingARC_25-44_B0029,1,0.23419740559748187,0.19117647058823528,0.21530640233359422,0.3029493694789824
3. BatteryAgingARC_25-44_B0029,1,0.24725913399254357,0.19117647058823528,0.22382438397115464,0.31366931232553036
3. BatteryAgingARC_25-44_B0029,1,0.2408900126013729,0.19117647058823528,0.21964119935744472,0.30846590216091163
3. BatteryAgingARC_25-44_B0029,1,0.2875459466668472,0.4117647058823529,0.2515840445854372,0.3456612601871555
3. BatteryAgingARC_25-44_B0029,1,0.28392580065921025,0.4117647058823529,0.24899856864067743,0.3428449131465718
3. BatteryAgingARC_25-44_B0029,1,0.36640197523904333,0.5418326693227091,0.3121582279350106,0.40487108432782143
3. BatteryAgingARC_25-44_B0029,1,0.4216982715353397,0.5418326693227091,0.3590278782316737,0.44469727803840714
3. BatteryAgingARC_25-44_B0029,1,0.44003767651408887,0.5418326693227091,0.3752440476385214,0.45772317693492
3. BatteryAgingARC_25-44_B0029,1,0.47970850664137005,0.5418326693227091,0.4112516033021913,0.48572416413509406
3. BatteryAgingARC_25-44_B0029,1,0.35673136368836544,0.5418326693227091,0.3043102940363633,0.3977913443794936
3. BatteryAgingARC_25-44_B0029,1,0.4043826913062235,0.5418326693227091,0.34400644126428476,0.43232778697856655
3. BatteryAgingARC_25-44_B0029,1,0.45387100984742235,0.5418326693227091,0.38766604030823704,0.4675088367043598
3. BatteryAgingARC_25-44_B0029,1,0.4348160905794138,0.5418326693227091,0.37059658354349967,0.4540212213360989
3. BatteryAgingARC_25-44_B0029,1,0.4712421988667755,0.5418326693227091,0.4034724413672339,0.4797621248531186
3. BatteryAgingARC_25-44_B0029,1,0.46625401865148375,0.5418326693227091,0.39891146901480573,0.4762467655632941
3. BatteryAgingARC_25-44_B0029,1,0.42999519311529394,0.5418326693227091,0.36632690294827486,0.4505987613820709
3. BatteryAgingARC_25-44_B0029,1,0.4803167173231308,0.5418326693227091,0.41181221160884873,0.4861522905076729
3. BatteryAgingARC_25-44_B0029,1,0.53362355681297,0.5418326693227091,0.46167826148157454,0.5236669299498626
3. BatteryAgingARC_25-44_B0029,1,0.5717796935473699,0.5418326693227091,0.4979093982180756,0.550662447412095
3. BatteryAgingARC_25-44_B0029,1,0.5359931205691036,0.5418326693227091,0.4639204701512067,0.5253376417657312
3. BatteryAgingARC_25-44_B0029,1,0.5585425265558169,0.5418326693227091,0.4853181441889641,0.5412710651102577
3. BatteryAgingARC_25-44_B0029,1,0.5791435012968321,0.5418326693227091,0.5049160572080655,0.5559023185521195
3. BatteryAgingARC_25-44_B0029,1,0.5419473334262203,0.5418326693227091,0.4695609085865989,0.5295384272832545
3. BatteryAgingARC_25-44_B0029,1,0.5460625910825563,0.5418326693227091,0.47346393794636166,0.5324442602721641
3. BatteryAgingARC_25-44_B0029,1,0.5914575572309138,0.5418326693227091,0.5166271851695357,0.5646934859874023
3. BatteryAgingARC_25-44_B0029,1,0.5997776672530887,0.5418326693227091,0.5245303814719207,0.5706563209461364
3. BatteryAgingARC_25-44_B0029,1,0.6248566889633786,0.5418326693227091,0.5482626143678363,0.5887633422288474
3. BatteryAgingARC_25-44_B0029,1,0.6243011334078232,0.5418326693227091,0.547738862689524,0.5883598034311035
3. BatteryAgingARC_25-44_B0029,1,0.6176344667411565,0.5418326693227091,0.5414459206229825,0.5835264267860683
3. BatteryAgingARC_25-44_B0029,1,0.5917355214920078,0.5418326693227091,0.5168913772913921,0.5648923820182647
3. BatteryAgingARC_25-44_B0029,1,0.5864285202613576,0.5418326693227091,0.5118458588170459,0.5610985454242787
3. BatteryAgingARC_25-44_B0029,1,0.6090208287773151,0.5418326693227091,0.5332958208118121,0.577305089845288
3. BatteryAgingARC_25-44_B0029,1,0.6006874954439817,0.5418326693227091,0.525393945593537,0.571309597677599
3. BatteryAgingARC_25-44_B0029,1,0.5940208287773151,0.5418326693227091,0.5190630843610745,0.5665284291642704
3. BatteryAgingARC_25-44_B0042,0,0.6221885113947506,0.5418326693227091,0.5457462259574959,0.5868263380490488
3. BatteryAgingARC_25-44_B0042,0,0.5655669627135098,0.5418326693227091,0.4919985153070227,0.5462505508406791
3. BatteryAgingARC_25-44_B0042,0,0.5924403492834612,0.5418326693227091,0.5175612407113194,0.5653968129939178
3. BatteryAgingARC_25-44_B0042,0,0.6060868775124332,0.5418326693227091,0.530515474704596,0.5751917129283471
3. BatteryAgingARC_25-44_B0042,0,0.6140728483317373,0.5418326693227091,0.5380784054898483,0.5809508723825004
3. BatteryAgingARC_25-44_B0042,0,0.6058057825297384,0.5418326693227091,0.5302489940569387,0.5749893815771197
3. BatteryAgingARC_25-44_B0042,0,0.5593171929418566,0.5418326693227091,0.48605465256332936,0.5418197815694037
3. BatteryAgingARC_25-44_B0042,0,0.5696191988016718,0.5418326693227091,0.49585372147380957,0.5491273168239161
3. BatteryAgingARC_25-44_B0042,0,0.5640636432461161,0.5418326693227091,0.4905685085386252,0.5451841209629106
3. BatteryAgingARC_25-44_B0042,0,0.5603730008102801,0.5418326693227091,0.48705855104385926,0.5425678042620571
3. BatteryAgingARC_25-44_B0042,0,0.5655969765794495,0.5418326693227091,0.49202706689146314,0.546271846535162
3. BatteryAgingARC_25-44_B0042,0,0.5605634770007563,0.5418326693227091,0.48723967371910304,0.5427027742193464
3. BatteryAgingARC_25-44_B0042,0,0.5583276849172768,0.5418326693227091,0.4851138962373653,0.541118905242017
3. BatteryAgingARC_25-44_B0042,0,0.5639785096804948,0.5418326693227091,0.49048753109705095,0.5451237413138877
3. BatteryAgingARC_25-44_B0042,0,0.5593118430138282,0.5418326693227091,0.4860495659471882,0.5418159917233624
3. BatteryAgingARC_25-44_B0042,0,0.5422409020448479,0.5418326693227091,0.4698392199361746,0.5297456496650255
3. BatteryAgingARC_25-44_B0042,0,0.5458215316306356,0.5418326693227091,0.4732352160763399,0.5322739854235945
3. BatteryAgingARC_25-44_B0042,0,0.5420448236134754,0.5418326693227091,0.4696533299491399,0.5296072418929214
3. BatteryAgingARC_25-44_B0042,0,0.5429600873620725,0.5418326693227091,0.47052110686593046,0.5302533480133801
3. BatteryAgingARC_25-44_B0042,0,0.5570340652360504,0.5418326693227091,0.4838841715307363,0.5402028732259186
3. BatteryAgingARC_25-44_B0042,0,0.5732385623995828,0.5418326693227091,0.49929753320013126,0.5516995927786843
3. BatteryAgingARC_25-44_B0042,0,0.5819782401960073,0.5418326693227091,0.507612945416419,0.5579227331777316
3. BatteryAgingARC_25-44_B0042,0,0.5841398853418706,0.5418326693227091,0.5096691824279969,0.559464712716691
3. BatteryAgingARC_25-44_B0042,0,0.5727509964529816,0.5418326693227091,0.49883360483001404,0.5513529199976834
3. BatteryAgingARC_25-44_B0042,0,0.5286146328166179,0.5418326693227091,0.4569437565269085,0.5201370108977594
3. BatteryAgingARC_25-44_B0042,0,0.5813622172375917,0.5418326693227091,0.5070269113371677,0.5574835099836951
3. BatteryAgingARC_25-44_B0042,0,0.63434451179339,0.5418326693227091,0.5571898497131802,0.5956739687349931
3. BatteryAgingARC_25-44_B0042,0,0.6239464197619646,0.5418326693227091,0.5474043999418163,0.5881022123184309
3. BatteryAgingARC_25-44_B0042,0,0.5582606350834646,0.5418326693227091,0.4850501535975805,0.5410714193324049
3. BatteryAgingARC_25-44_B0042,0,0.5705591869345613,0.5418326693227091,0.49674809224567307,0.5497951031073975
3. BatteryAgingARC_25-44_B0042,0,0.5845028068067527,0.5418326693227091,0.5100143766002702,0.5597237107212909
3. BatteryAgingARC_25-44_B0042,0,0.59709846931418,0.5418326693227091,0.5219865858786741,0.5687340284454631
3. BatteryAgingARC_25-44_B0042,0,0.6214309113819161,0.5418326693227091,0.5450312929404338,0.5862768393131406
3. BatteryAgingARC_25-44_B0042,1,0.6390099569812229,0.5418326693227091,0.5615664889248929,0.5990858717867752
3. BatteryAgingARC_25-44_B0042,1,0.5868835224619072,0.5418326693227091,0.5122785517045882,0.5614235252945529
3. BatteryAgingARC_25-44_B0042,1,0.6170807515663813,0.5418326693227091,0.5409226227692581,0.5831257157721894
3. BatteryAgingARC_25-44_B0042,1,0.65934679434713,0.5418326693227091,0.580524248366025,0.6140756466615548
3. BatteryAgingARC_25-44_B0042,1,0.6758426880678896,0.5418326693227091,0.5957314790835282,0.626391703352565
3. BatteryAgingARC_25-44_B0042,1,0.6689981628962615,0.5418326693227091,0.5894421731786728,0.6212629598437175
3. BatteryAgingARC_25-44_B0042,1,0.6140262548048014,0.5418326693227091,0.5380343275333893,0.5809172082969066
3. BatteryAgingARC_25-44_B0042,1,0.29248022328548645,0.4117647058823529,0.2551366483603293,0.3494833841629064
4. BatteryAgingARC_45_46_47_48_B0045,1,0.3827305873159044,0.5418326693227091,0.3256556272351393,0.41673776688181713
4. BatteryAgingARC_45_46_47_48_B0045,1,0.450673100820918,0.5418326693227091,0.38478072974889255,0.46524918689387657
4. BatteryAgingARC_45_46_47_48_B0045,1,0.5714307572905984,0.5418326693227091,0.4975773842542766,0.5504144466879636
4. BatteryAgingARC_45_46_47_48_B0045,1,0.6118474239572651,0.5418326693227091,0.5359724786826988,0.5793438289629184
4. BatteryAgingARC_45_46_47_48_B0046,0,0.564072185802988,0.5418326693227091,0.49057663408496044,0.5451901797121596
4. BatteryAgingARC_45_46_47_48_B0046,0,0.5583242458433734,0.5418326693227091,0.48511062678197947,0.5411164696089732
4. BatteryAgingARC_45_46_47_48_B0046,0,0.5498609062831346,0.5418326693227091,0.47706926116295234,0.535128282722879
4. BatteryAgingARC_45_46_47_48_B0046,0,0.5608227420663989,0.5418326693227091,0.4874862127018929,0.5428864976863202
4. BatteryAgingARC_45_46_47_48_B0046,0,0.5823028469288567,0.5418326693227091,0.5079217415147083,0.5581542140190384
4. BatteryAgingARC_45_46_47_48_B0046,0,0.6044912642096957,0.5418326693227091,0.5290025920317263,0.574043529330162
4. BatteryAgingARC_45_46_47_48_B0046,0,0.6195728767957331,0.5418326693227091,0.5432771201170372,0.5849300856159745
4. BatteryAgingARC_45_46_47_48_B0046,0,0.6223506545735108,0.5418326693227091,0.5458992130528852,0.5869439710225487
4. BatteryAgingARC_45_46_47_48_B0046,0,0.6347088738396248,0.5418326693227091,0.5575319854889839,0.5959400957485538
4. BatteryAgingARC_45_46_47_48_B0046,0,0.7159617611018373,0.5418326693227091,0.6319072156873452,0.657067455728633
4. BatteryAgingARC_45_46_47_48_B0046,1,0.7615019100893564,0.5418326693227091,0.671226475577157,0.6934998184103243
4. BatteryAgingARC_45_46_47_48_B0046,1,0.7821400663569975,0.5418326693227091,0.6883224296815023,0.7107438849184692
4. BatteryAgingARC_45_46_47_48_B0046,1,0.5166627817708451,0.5418326693227091,0.4456796353523991,0.5117218395047005
4. BatteryAgingARC_45_46_47_48_B0046,1,0.7477281752432515,0.5418326693227091,0.659555359463869,0.6822659018398582
4. BatteryAgingARC_45_46_47_48_B0046,1,0.786608932696379,0.5418326693227091,0.691959691924472,0.7145496223262144
4. BatteryAgingARC_45_46_47_48_B0046,1,0.7997727665594652,0.7303370786516854,0.7025352407127501,0.7259243357807218
4. BatteryAgingARC_45_46_47_48_B0046,1,0.8043722664062708,0.7303370786516854,0.7061806406805905,0.7299600995590947
4. BatteryAgingARC_45_46_47_48_B0046,1,0.7943722664062708,0.7303370786516854,0.6982219061807451,0.7212271774858039
1. BatteryAgingARC-FY08Q4_B0006,1,0.09926815077481835,0.2465116279069767,0.2102309006705439,0.25147851916797387
1. BatteryAgingARC-FY08Q4_B0006,1,0.12265581667720425,0.2465116279069767,0.220965283529475,0.27426337683036134
1. BatteryAgingARC-FY08Q4_B0006,1,0.13041847894269032,0.2465116279069767,0.22461378812367522,0.281233306512956
1. BatteryAgingARC-FY08Q4_B0006,1,0.1327459559988328,0.2465116279069767,0.22571602059954224,0.28327418315419745
1. BatteryAgingARC-FY08Q4_B0006,1,0.22015635044321447,0.28654970760233917,0.2698484274179372,0.3485258968714089
1. BatteryAgingARC-FY08Q4_B0006,1,0.13470051560045126,0.2465116279069767,0.2266446052687348,0.28497154318383766
1. BatteryAgingARC-FY08Q4_B0006,1,0.22825679154365563,0.28654970760233917,0.27420260226418447,0.35377422396358105
1. BatteryAgingARC-FY08Q4_B0006,1,0.15354646009777945,0.2465116279069767,0.23573621548572432,0.3006347621946664
1. BatteryAgingARC-FY08Q4_B0006,1,0.13425224948057324,0.2465116279069767,0.22643140171529458,0.28458357478795315
1. BatteryAgingARC-FY08Q4_B0006,1,0.6321031822584178,0.28654970760233917,0.5306636545766881,0.5665263283228538
1. BatteryAgingARC-FY08Q4_B0006,1,0.17825235078125035,0.28654970760233917,0.24803178356624414,0.3195509181175026
1. BatteryAgingARC-FY08Q4_B0006,1,0.13871501792128285,0.2465116279069767,0.22856029867687314,0.28841214561375333
1. BatteryAgingARC-FY08Q4_B0006,1,0.13740009352943539,0.2465116279069767,0.2279315732238926,0.28729182471654713
1. BatteryAgingARC-FY08Q4_B0006,1,0.17812790257987907,0.28654970760233917,0.24796878408452905,0.31945953318703807
1. BatteryAgingARC-FY08Q4_B0006,1,0.5948604282675632,0.28654970760233917,0.5054287669837007,0.5473493193249372
1. BatteryAgingARC-FY08Q4_B0006,1,0.7804781381286325,0.5833333333333334,0.6284474327456018,0.6518894250359955
1. BatteryAgingARC-FY08Q4_B0006,1,0.1445676218347186,0.2465116279069767,0.2313734821897977,0.29332345010432714
1. BatteryAgingARC-FY08Q4_B0006,1,0.3100615091048901,0.28654970760233917,0.3205270945238382,0.4023742071648755
1. BatteryAgingARC-FY08Q4_B0006,1,0.13007335634769915,0.2465116279069767,0.22445067296588112,0.28092882377247336
1. BatteryAgingARC-FY08Q4_B0006,1,0.26953170833799994,0.28654970760233917,0.2970540662641432,0.3791640291432402
1. BatteryAgingARC-FY08Q4_B0006,1,0.15166727885648268,0.2465116279069767,0.23481845197313753,0.2991258219566372
1. BatteryAgingARC-FY08Q4_B0006,1,0.2924563296238154,0.28654970760233917,0.3102098196715281,0.39246673346026495
1. BatteryAgingARC-FY08Q4_B0006,1,0.19320761028449282,0.28654970760233917,0.2556804221904933,0.33028277887121804
1. BatteryAgingARC-FY08Q4_B0006,1,0.14805433077937624,0.2465116279069767,0.23306091094724252,0.29619354664996383
1. BatteryAgingARC-FY08Q4_B0006,1,0.14911340705926626,0.2465116279069767,0.23357515485708127,0.29705741649321304
1. BatteryAgingARC-FY08Q4_B0006,1,0.7957032032596025,0.5833333333333334,0.6380451089248957,0.6620536465223441
1. BatteryAgingARC-FY08Q4_B0006,1,0.14867814622670253,0.2465116279069767,0.23336371465094602,0.2967028208769057
1. BatteryAgingARC-FY08Q4_B0006,1,0.14236609395284872,0.2465116279069767,0.23031243734572554,0.2914901060799967
1. BatteryAgingARC-FY08Q4_B0006,1,0.06767764255104779,0.2465116279069767,0.19634695549117417,0.21462820090235674
1. BatteryAgingARC-FY08Q4_B0006,1,0.15597541139590618,0.2465116279069767,0.23692614892884523,0.30256922211238807
1. BatteryAgingARC-FY08Q4_B0006,1,0.13756987731927836,0.2465116279069767,0.22801268603530978,0.2874368397162538
1. BatteryAgingARC-FY08Q4_B0006,1,0.13244391555733243,0.2465116279069767,0.2255727659988053,0.28301055469007574
1. BatteryAgingARC-FY08Q4_B0006,1,0.15697503592843615,0.2465116279069767,0.23741706226201278,0.3033602277009076
1. BatteryAgingARC-FY08Q4_B0006,1,0.12426879781260922,0.2465116279069767,0.22171988709774976,0.27573310188326655
1. BatteryAgingARC-FY08Q4_B0006,1,0.1092640468155633,0.2465116279069767,0.2147713426801748,0.26158020737813065
1. BatteryAgingARC-FY08Q4_B0006,1,0.147087502039288,0.2465116279069767,0.23259214724448454,0.29540173476642234
1. BatteryAgingARC-FY08Q4_B0006,1,0.09255454319166614,0.2465116279069767,0.20722114066858496,0.244336658883274
1. BatteryAgingARC-FY08Q4_B0006,1,0.09921752765405877,0.2465116279069767,0.2102080863883281,0.25142580162863554
1. BatteryAgingARC-FY08Q4_B0006,1,0.08603348184947934,0.2465116279069767,0.20432828530585845,0.2370854673541105
1. BatteryAgingARC-FY08Q4_B0006,1,0.08752113941115841,0.2465116279069767,0.2049855830394754,0.2387689441542428
1. BatteryAgingARC-FY08Q4_B0006,1,0.11435805521247255,0.2465116279069767,0.2171124423541861,0.2665107487411578
1. BatteryAgingARC-FY08Q4_B0006,1,0.18085230622349988,0.28654970760233917,0.249350411849818,0.32145193515221265
1. BatteryAgingARC-FY08Q4_B0006,1,0.13841108401972288,0.2465116279069767,0.22841486561226648,0.28815375731082715
1. BatteryAgingARC-FY08Q4_B0006,1,0.10721442272437633,0.2465116279069767,0.21383456735731646,0.2595566802438506
1. BatteryAgingARC-FY08Q4_B0006,1,0.22398771561696904,0.28654970760233917,0.27190243385154034,0.35102058974774886
1. BatteryAgingARC-FY08Q4_B0006,1,0.19419032725951157,0.28654970760233917,0.2561884023504041,0.33097150944250414
1. BatteryAgingARC-FY08Q4_B0006,1,0.22928518125460126,0.28654970760233917,0.2747585023566029,0.3544335579313858
1. BatteryAgingARC-FY08Q4_B0006,1,0.15016880691407714,0.2465116279069767,0.23408839788353883,0.29791470088573085
1. BatteryAgingARC-FY08Q4_B0006,1,0.1746406947743038,0.28654970760233917,0.24620781746709106,0.3168839353638587
1. BatteryAgingARC-FY08Q4_B0006,1,0.16654183798983033,0.2465116279069767,0.24215065906257816,0.3107868157706302
1. BatteryAgingARC-FY08Q4_B0006,1,0.19952708060345142,0.28654970760233917,0.2589585762016699,0.33467868207770796
1. BatteryAgingARC-FY08Q4_B0006,1,0.24460222937853784,0.28654970760233917,0.28312050871366357,0.36408072794004503
1. BatteryAgingARC-FY08Q4_B0006,1,0.2643096273498253,0.28654970760233917,0.29410268910205567,0.3760618646931925
1. BatteryAgingARC-FY08Q4_B0006,1,0.26363098641094407,0.28654970760233917,0.29372039793541277,0.3756566028189981
1. BatteryAgingARC-FY08Q4_B0006,1,0.362344250229008,0.28654970760233917,0.35218860514451567,0.4305666624535149
1. BatteryAgingARC-FY08Q4_B0006,1,0.4383662324156559,0.28654970760233917,0.4005734086046255,0.4693995301548793
1. BatteryAgingARC-FY08Q4_B0006,1,0.4717463740663243,0.28654970760233917,0.42251233337682953,0.4860150162710748
1. BatteryAgingARC-FY08Q4_B0006,1,0.5502925192638677,0.28654970760233917,0.4752052277443812,0.5249374577098552
1. BatteryAgingARC-FY08Q4_B0006,1,0.5203905948662532,0.28654970760233917,0.4550151799467657,0.5100890449438705
1. BatteryAgingARC-FY08Q4_B0006,1,0.5195814851354044,0.28654970760233917,0.4544706106711394,0.5096883902575591
1. BatteryAgingARC-FY08Q4_B0006,1,0.5188519785308978,0.28654970760233917,0.4539797113979099,0.5093271863955267
2. BatteryAgingARC_25_26_27_28_P1_B0028,0,0.023337725700429437,0.21904761904761905,0.17804608265062308,0.13624868197607337
2. BatteryAgingARC_25_26_27_28_P1_B0028,0,0.024657285509897816,0.21904761904761905,0.17857087575551592,0.13956209172220996
2. BatteryAgingARC_25_26_27_28_P1_B0028,0,0.019108537429846237,0.21904761904761905,0.17637226371778855,0.12479072701925881
2. BatteryAgingARC_25_26_27_28_P1_B0028,0,0.014065626443637269,0.07698675286795323,0.17439258543233124,0.10891213532958857
2. BatteryAgingARC_25_26_27_28_P1_B0028,0,0.014065626443637269,0.07698675286795323,0.17439258543233124,0.10891213532958857
2. BatteryAgingARC_25_26_27_28_P1_B0028,0,0.01371912435046217,0.04791306574687728,0.17425720591918945,0.10770394060210933
2. BatteryAgingARC_25_26_27_28_P1_B0028,0,0.01429741096230011,0.09643491987139836,0.174483190708856,0.1097105008651872
2. BatteryAgingARC_25_26_27_28_P1_B0028,0,0.0156347868330639,0.16666666666666666,0.17500670016150824,0.11417321966437737
2. BatteryAgingARC_25_26_27_28_P1_B0028,0,0.01395271020904803,0.06751237640674503,0.17434845957624742,0.10852037387437356
2. BatteryAgingARC_25_26_27_28_P1_B0028,0,0.014022154653492474,0.07333919849481367,0.17437559631019717,0.10876153216664705
2. BatteryAgingARC_25_26_27_28_P1_B0028,0,0.01371912435046217,0.04791306574687728,0.17425720591918945,0.10770394060210933
2. BatteryAgingARC_25_26_27_28_P1_B0028,0,0.014498345129682951,0.11329454995585664,0.17456176652651853,0.11039640772365761
2. BatteryAgingARC_25_26_27_28_P1_B0028,0,0.015498067120230634,0.16666666666666666,0.174953125140189,0.11372769648877151
2. BatteryAgingARC_25_26_27_28_P1_B0028,0,0.014164733786897294,0.08530247720583477,0.17443132225325206,0.10925445211646102
2. BatteryAgingARC_25_26_27_28_P1_B0028,0,0.014164733786897294,0.08530247720583477,0.17443132225325206,0.10925445211646102
2. BatteryAgingARC_25_26_27_28_P1_B0028,0,0.014164733786897294,0.08530247720583477,0.17443132225325206,0.10925445211646102
2. BatteryAgingARC_25_26_27_28_P1_B0028,0,0.033465092019234546,0.21904761904761905,0.1821047939506801,0.1593081382438592
2. BatteryAgingARC_25_26_27_28_P1_B0028,0,0.030970202552593005,0.21904761904761905,0.18109829522712334,0.15407661924958968
2. BatteryAgingARC_25_26_27_28_P1_B0028,0,0.014121407828195232,0.08166715900044695,0.1744143871545298,0.10910497969017181
2. BatteryAgingARC_25_26_27_28_P1_B0028,0,0.014164733786897294,0.08530247720583477,0.17443132225325206,0.10925445211646102
2. BatteryAgingARC_25_26_27_28_P1_B0028,0,0.014164733786897294,0.08530247720583477,0.17443132225325206,0.10925445211646102
2. BatteryAgingARC_25_26_27_28_P1_B0028,0,0.014164733786897294,0.08530247720583477,0.17443132225325206,0.10925445211646102
2. BatteryAgingARC_25_26_27_28_P1_B0028,0,0.014164733786897294,0.08530247720583477,0.17443132225325206,0.10925445211646102
2. BatteryAgingARC_25_26_27_28_P1_B0028,0,0.014164733786897294,0.08530247720583477,0.17443132225325206,0.10925445211646102
2. BatteryAgingARC_25_26_27_28_P1_B0028,0,0.014213042965641257,0.0893559186584044,0.1744502067047579,0.10942079676465773
2. BatteryAgingARC_25_26_27_28_P1_B0028,0,0.014213042965641257,0.0893559186584044,0.1744502067047579,0.10942079676465773
2. BatteryAgingARC_25_26_27_28_P1_B0028,0,0.01675787770700779,0.16666666666666666,0.1754472840920046,0.11774801271903135
2. BatteryAgingARC_25_26_27_28_P1_B0028,0,0.01679954437367446,0.16666666666666666,0.1754636465398721,0.11787784147230435
3. BatteryAgingARC_25-44_B0030,0,0.2980409765162391,0.28654970760233917,0.3134628620120241,0.395636350279818
3. BatteryAgingARC_25-44_B0030,0,0.1509544223305337,0.2465116279069767,0.23447095229011225,0.29855054561040567
3. BatteryAgingARC_25-44_B0030,0,0.30411672252784305,0.28654970760233917,0.3170229152351204,0.39905595061358246
3. BatteryAgingARC_25-44_B0030,0,0.38188657560467554,0.28654970760233917,0.3643839658671516,0.44073859018735156
3. BatteryAgingARC_25-44_B0030,0,0.4301735508607137,0.28654970760233917,0.39524563660538947,0.46529383091399257
3. BatteryAgingARC_25-44_B0030,0,0.3301835758533158,0.28654970760233917,0.332537488658783,0.41342003418421086
3. BatteryAgingARC_25-44_B0030,0,0.5442420324060048,0.28654970760233917,0.47111117949865305,0.5219246142129915
3. BatteryAgingARC_25-44_B0030,0,0.49161157634335645,0.28654970760233917,0.4357212248916516,0.4958509437882013
3. BatteryAgingARC_25-44_B0030,0,0.497066121797902,0.28654970760233917,0.4393649455404022,0.4985489444930464
3. BatteryAgingARC_25-44_B0030,0,0.5103994551312353,0.28654970760233917,0.44829860720426434,0.505143942190153
3. BatteryAgingARC_25-44_B0030,0,0.6469483604889531,0.39364348605453253,0.5406860714491544,0.5743311772968646
3. BatteryAgingARC_25-44_B0030,1,0.6540379127277591,0.3939393939393939,0.5454613510681415,0.5780973288289866
3. BatteryAgingARC_25-44_B0030,1,0.6764659829031977,0.3939393939393939,0.5605090866389368,0.5902001016960482
3. BatteryAgingARC_25-44_B0030,1,0.6212128779729644,0.28654970760233917,0.5232950672330536,0.5608640207673083
3. BatteryAgingARC_25-44_B0030,1,0.7233890598262745,0.3939393939393939,0.5916034144612464,0.616675002516142
3. BatteryAgingARC_25-44_B0030,1,0.5353159716429606,0.28654970760233917,0.46507862816062095,0.5174886351746044
3. BatteryAgingARC_25-44_B0030,1,0.728660248908766,0.3939393939393939,0.5950558344183311,0.6197684861514487
3. BatteryAgingARC_25-44_B0030,1,0.699799316236531,0.3939393939393939,0.5760466180722471,0.6031447464199294
3. BatteryAgingARC_25-44_B0030,1,0.7100557264929412,0.3939393939393939,0.5828308881637094,0.6089675823816556
3. BatteryAgingARC_25-44_B0030,1,0.7912558404517259,0.5833333333333334,0.6352525267600936,0.6590438606549012
3. BatteryAgingARC_25-44_B0030,1,0.6549853394725542,0.3939393939393939,0.5460988917888091,0.5786026599280056
3. BatteryAgingARC_25-44_B0030,1,0.718739937019257,0.3939393939393939,0.5885508920536251,0.6139689426875471
3. BatteryAgingARC_25-44_B0030,1,0.6924087042939944,0.3939393939393939,0.571139990331522,0.5990013812533136
3. BatteryAgingARC_25-44_B0030,1,0.7287399370192571,0.3939393939393939,0.5951079558050046,0.619815464794602
3. BatteryAgingARC_25-44_B0030,1,0.7255995212334925,0.3939393939393939,0.5930523006463481,0.6179689071860204
3. BatteryAgingARC_25-44_B0030,1,0.49358360255730227,0.28654970760233917,0.43703778906960067,0.4968264346425595
3. BatteryAgingARC_25-44_B0030,1,0.7178354849207751,0.3939393939393939,0.5879562461589496,0.6134448625371299
3. BatteryAgingARC_25-44_B0030,1,0.7937292075416914,0.5833333333333334,0.6368067376811456,0.6607134101952205
3. BatteryAgingARC_25-44_B0030,1,0.7302545101590695,0.3939393939393939,0.5960981796017293,0.620709578557142
3. BatteryAgingARC_25-44_B0030,1,0.7240628249413344,0.3939393939393939,0.5920452156924741,0.6170688894400345
3. BatteryAgingARC_25-44_B0030,1,0.7302545101590695,0.3939393939393939,0.5960981796017293,0.620709578557142
3. BatteryAgingARC_25-44_B0030,1,0.7916493960087033,0.5833333333333334,0.6355000183553651,0.6593087997247589
3. BatteryAgingARC_25-44_B0030,1,0.806300768702819,0.6666666666666666,0.6446617780977798,0.669372430759958
3. BatteryAgingARC_25-44_B0030,1,0.8098700902367423,0.6666666666666666,0.6468780669063489,0.6718868318840869
3. BatteryAgingARC_25-44_B0030,1,0.7348092361088997,0.3939393939393939,0.5990713044681927,0.6234126849902245
3. BatteryAgingARC_25-44_B0030,1,0.7527684850130504,0.4231882203656242,0.6107215293646022,0.6342941587192886
3. BatteryAgingARC_25-44_B0030,1,0.7427710861077624,0.3939393939393939,0.6042508588915984,0.6281912930305407
3. BatteryAgingARC_25-44_B0030,1,0.7543652890063132,0.5368443089912155,0.6117514995947942,0.6352800842142394
3. BatteryAgingARC_25-44_B0030,1,0.7525860499394126,0.41020299676568445,0.6106037920148436,0.6341817177535644
3. BatteryAgingARC_25-44_B0030,1,0.7559193832727459,0.5833333333333334,0.6127529636273498,0.6362427024681527
3. BatteryAgingARC_25-44_B0039,0,0.04126223401355193,0.21904761904761905,0.1852783673782347,0.17425140091880367
3. BatteryAgingARC_25-44_B0040,0,0.02715567746947249,0.21904761904761905,0.17956780848845078,0.14555111004880528
3. BatteryAgingARC_25-44_B0040,0,0.0608656256843613,0.2465116279069767,0.19344558604870668,0.2053282227620697
3. BatteryAgingARC_25-44_B0040,0,0.05558914089800801,0.2465116279069767,0.1912207110000819,0.1976670813252484
3. BatteryAgingARC_25-44_B0040,0,0.05552312391854711,0.2465116279069767,0.1911929985407801,0.19756840954337446
3. BatteryAgingARC_25-44_B0040,0,0.07098203947753082,0.2465116279069767,0.1977661601475397,0.21892931284282918
3. BatteryAgingARC_25-44_B0040,0,0.07857514001979361,0.2465116279069767,0.201056562143357,0.2283601054189407
3. BatteryAgingARC_25-44_B0040,0,0.03508619830431116,0.21904761904761905,0.18276111490637936,0.16257960016344988
3. BatteryAgingARC_25-44_B0040,0,0.06632460540690692,0.2465116279069767,0.19576806498496913,0.21282919877330997
3. BatteryAgingARC_25-44_B0040,0,0.059799882800941284,0.2465116279069767,0.1929946259029016,0.20381529191678152
3. BatteryAgingARC_25-44_B0040,0,0.062342808843035516,0.2465116279069767,0.194071967548234,0.20739810972098086
3. BatteryAgingARC_25-44_B0040,0,0.06314429033139532,0.2465116279069767,0.19441246984301125,0.20850837145662257
3. BatteryAgingARC_25-44_B0040,0,0.0854830606855574,0.2465116279069767,0.2040854878436032,0.23645801360294233
3. BatteryAgingARC_25-44_B0040,1,0.843812053621481,0.7857142857142857,0.6676282539969725,0.69726235132592
3. BatteryAgingARC_25-44_B0043,0,0.0316162472926321,0.21904761904761905,0.1813585088702913,0.15545548904227005
3. BatteryAgingARC_25-44_B0043,0,0.020264182195958835,0.21904761904761905,0.1768284107661926,0.12806240767578006
3. BatteryAgingARC_25-44_B0043,0,0.019147454268090926,0.21904761904761905,0.1763876096101794,0.12490281407339943
3. BatteryAgingARC_25-44_B0043,0,0.01985147194486282,0.21904761904761905,0.17666540276449239,0.1269072453779863
3. BatteryAgingARC_25-44_B0043,0,0.02025943548978729,0.21904761904761905,0.17682653529042572,0.1280492029240077
3. BatteryAgingARC_25-44_B0043,0,0.023063630504601775,0.21904761904761905,0.17793722579678553,0.13554623380378023
3. BatteryAgingARC_25-44_B0043,0,0.023248663396862775,0.21904761904761905,0.1780107058533795,0.13602098645179145
3. BatteryAgingARC_25-44_B0043,0,0.023079879733139082,0.21904761904761905,0.17794367772034547,0.13558801812058172
3. BatteryAgingARC_25-44_B0043,0,0.023079879733139082,0.21904761904761905,0.17794367772034547,0.13558801812058172
3. BatteryAgingARC_25-44_B0043,0,0.023137350997506894,0.21904761904761905,0.17796649874849346,0.13573566024923892
3. BatteryAgingARC_25-44_B0043,0,0.023321425626858888,0.21904761904761905,0.17803960762084303,0.13620704894561844
3. BatteryAgingARC_25-44_B0043,0,0.022258565858461945,0.21904761904761905,0.17761779606961445,0.13345323746694424
3. BatteryAgingARC_25-44_B0043,0,0.03427612809285468,0.21904761904761905,0.18243292065976294,0.1609567827432623
3. BatteryAgingARC_25-44_B0043,0,0.030772528882358898,0.21904761904761905,0.1810187344264155,0.15365118944605186
3. BatteryAgingARC_25-44_B0043,0,0.03886052179248722,0.21904761904761905,0.1842962989677721,0.16985035919862915
3. BatteryAgingARC_25-44_B0043,0,0.04161522433913217,0.21904761904761905,0.18542304661739112,0.17488472040982803
3. BatteryAgingARC_25-44_B0043,0,0.049942700820535216,0.2465116279069767,0.18886154114388942,0.1889475850654144
3. BatteryAgingARC_25-44_B0043,0,0.04784545034401629,0.2465116279069767,0.18799098339635936,0.18555261535328654
3. BatteryAgingARC_25-44_B0043,0,0.05609204986192263,0.2465116279069767,0.19143192167309303,0.1984163593739986
3. BatteryAgingARC_25-44_B0043,0,0.02770181314507924,0.21904761904761905,0.17978631102924011,0.14681492854104755
3. BatteryAgingARC_25-44_B0043,0,0.046232455866944834,0.2465116279069767,0.18732353809632746,0.18287792365479058
3. BatteryAgingARC_25-44_B0043,0,0.03937549902622718,0.21904761904761905,0.18450653502708247,0.17080794850568098
3. BatteryAgingARC_25-44_B0043,0,0.04156610559862824,0.21904761904761905,0.18540290922014754,0.17479679407073873
3. BatteryAgingARC_25-44_B0043,0,0.04925193942769961,0.2465116279069767,0.18857446859743013,0.1878393869081993
3. BatteryAgingARC_25-44_B0043,0,0.049566629406255135,0.2465116279069767,0.18870520860145526,0.1883454422593146
3. BatteryAgingARC_25-44_B0043,0,0.04364533462406022,0.21904761904761905,0.1862568168121632,0.17846379845821211
3. BatteryAgingARC_25-44_B0043,0,0.056401721222994985,0.2465116279069767,0.19156206536665016,0.19887564987593429
3. BatteryAgingARC_25-44_B0043,0,0.050492621647030576,0.2465116279069767,0.18909032156810326,0.18982301623553485
3. BatteryAgingARC_25-44_B0043,0,0.059912791807235084,0.2465116279069767,0.19304236449314477,0.20397637159465556
3. BatteryAgingARC_25-44_B0043,0,0.05094178233304924,0.2465116279069767,0.1892773409528715,0.19053364326592376
3. BatteryAgingARC_25-44_B0043,0,0.05095662145291963,0.2465116279069767,0.18928352201367557,0.1905570537479605
3. BatteryAgingARC_25-44_B0043,0,0.0551942390457977,0.2465116279069767,0.191054985684284,0.19707574940242617
3. BatteryAgingARC_25-44_B0043,0,0.06901528366651426,0.2465116279069767,0.1969205295352499,0.21638478122377505
3. BatteryAgingARC_25-44_B0043,1,0.19599972207491873,0.28654970760233917,0.25712543289153866,0.33223460394100474
3. BatteryAgingARC_25-44_B0043,1,0.19581248273946442,0.28654970760233917,0.2570283634566561,0.3321041952607697
3. BatteryAgingARC_25-44_B0043,1,0.1843551525759301,0.28654970760233917,0.2511343504756953,0.3239889367524133
3. BatteryAgingARC_25-44_B0043,1,0.20880742651696213,0.28654970760233917,0.26382194756169725,0.3409987052056578
3. BatteryAgingARC_25-44_B0043,1,0.20591425450590384,0.28654970760233917,0.262299509825459,0.3390450345648219
3. BatteryAgingARC_25-44_B0043,1,0.23182408428876983,0.28654970760233917,0.27613390974917895,0.3560548371089796
3. BatteryAgingARC_25-44_B0043,1,0.3488402421524939,0.28654970760233917,0.3438715419859074,0.4234348218004704
3. BatteryAgingARC_25-44_B0043,1,0.9093162732329398,1.0,0.7058440001961551,0.7577102980914163
5. BatteryAgingARC_49_50_51_52_B0049,0,0.017457155801240788,0.16666666666666666,0.1757220488303744,0.11990185469996265
5. BatteryAgingARC_49_50_51_52_B0049,0,0.05165918707174243,0.2465116279069767,0.18957634454449554,0.19166060322903347
5. BatteryAgingARC_49_50_51_52_B0049,0,0.05499252040507577,0.2465116279069767,0.1909703743703118,0.19677267312630056
5. BatteryAgingARC_49_50_51_52_B0049,0,0.05103276983818234,0.2465116279069767,0.18931524316185047,0.1906771200567822
5. BatteryAgingARC_49_50_51_52_B0049,0,0.23580455691303626,0.28654970760233917,0.27829881367492426,0.3585784625196187
5. BatteryAgingARC_49_50_51_52_B0049,0,0.007563538779964194,0.0,0.17186600542472902,0.08226306410362248
5. BatteryAgingARC_49_50_51_52_B0049,0,0.09063257044435774,0.2465116279069767,0.20636538850208552,0.24223336314941427
5. BatteryAgingARC_49_50_51_52_B0049,0,0.2539081069809886,0.28654970760233917,0.28827535697714074,0.3697945983639132
5. BatteryAgingARC_49_50_51_52_B0049,0,0.006023856240281655,0.0,0.1712719807709072,0.07410156974370073
5. BatteryAgingARC_49_50_51_52_B0049,0,0.060228080794473574,0.2465116279069767,0.19317571809303943,0.20442517131101323
5. BatteryAgingARC_49_50_51_52_B0049,0,0.025619888749440864,0.21904761904761905,0.17895446922075856,0.1419116098744694
5. BatteryAgingARC_49_50_51_52_B0049,0,0.06037622894262172,0.2465116279069767,0.19323840254098448,0.2046355466889155
5. BatteryAgingARC_49_50_51_52_B0049,0,0.10468570224884499,0.2465116279069767,0.21268292599718344,0.2570271747315555
5. BatteryAgingARC_49_50_51_52_B0049,0,0.106936512630565,0.2465116279069767,0.21370777855083176,0.25928048776581203
5. BatteryAgingARC_49_50_51_52_B0049,0,0.17258644137280874,0.28654970760233917,0.2451744121562712,0.31535299003173334
5. BatteryAgingARC_49_50_51_52_B0049,0,0.1838897543206487,0.28654970760233917,0.2508968433156701,0.3236534323868686
5. BatteryAgingARC_49_50_51_52_B0049,0,0.36182496833994415,0.28654970760233917,0.35186707994810523,0.43029406739153303
5. BatteryAgingARC_49_50_51_52_B0049,0,0.2855784045879961,0.28654970760233917,0.30622911650079904,0.38852652859482956
5. BatteryAgingARC_49_50_51_52_B0049,0,0.43842031309181057,0.28654970760233917,0.40060865746427626,0.4694265881637587
5. BatteryAgingARC_49_50_51_52_B0050,1,0.018710597118576137,0.21904761904761905,0.17621540601418653,0.12363662013341112
5. BatteryAgingARC_49_50_51_52_B0050,1,0.876668359856617,0.7857142857142857,0.6871144850279528,0.7251194072070101
2. BatteryAgingARC_25_26_27_28_P1_B0026,1,0.9361702941177001,1.0,0.7678182393218907,0.8332830839255719
2. BatteryAgingARC_25_26_27_28_P1_B0026,1,0.9546008433350643,1.0,0.777884872685834,0.8611535486525802
2. BatteryAgingARC_25_26_27_28_P1_B0026,1,0.8760130574352657,0.7567567567567568,0.732793424326628,0.7634105178093678
2. BatteryAgingARC_25_26_27_28_P1_B0026,1,0.9643288690069416,1.0,0.7830710081573673,0.8781970280566738
2. BatteryAgingARC_25_26_27_28_P1_B0026,1,0.960794543117777,1.0,0.7811969997422816,0.871765695603197
2. BatteryAgingARC_25_26_27_28_P1_B0026,1,0.8969506775979822,0.8888888888888888,0.7453555687985485,0.7852362549802409
3. BatteryAgingARC_25-44_B0027,0,0.11515160290434745,0.23809523809523808,0.20444777100411046,0.22762412111904878
3. BatteryAgingARC_25-44_B0027,0,0.06891937752268781,0.21428571428571427,0.18204039246057677,0.1736691022280964
3. BatteryAgingARC_25-44_B0027,0,0.06162658482235616,0.21428571428571427,0.1786857280561162,0.1636208722411541
3. BatteryAgingARC_25-44_B0027,0,0.06902998992241996,0.21428571428571427,0.18209164878116016,0.17381725651031504
3. BatteryAgingARC_25-44_B0027,0,0.0644569452516798,0.21428571428571427,0.17998190822658622,0.16758846622883572
3. BatteryAgingARC_25-44_B0027,0,0.06641086167655284,0.21428571428571427,0.1808809900676532,0.17027630750521033
3. BatteryAgingARC_25-44_B0027,0,0.07102420475459371,0.21428571428571427,0.1830176664612916,0.17646798565145064
3. BatteryAgingARC_25-44_B0027,0,0.07239996313991257,0.21428571428571427,0.1836586300773056,0.17827475383764024
3. BatteryAgingARC_25-44_B0027,0,0.06491944810787247,0.21428571428571427,0.18019441029391026,0.1682283727950566
3. BatteryAgingARC_25-44_B0027,0,0.0704611302714132,0.21428571428571427,0.18275583203698537,0.17572340073389248
3. BatteryAgingARC_25-44_B0027,0,0.07285649654719221,0.21428571428571427,0.18387171234659966,0.1788704666860916
3. BatteryAgingARC_25-44_B0027,0,0.06319726218459953,0.21428571428571427,0.17940412483448828,0.16583374244562815
3. BatteryAgingARC_25-44_B0027,0,0.08671229516245926,0.23809523809523808,0.1904300423272119,0.1961264919648715
3. BatteryAgingARC_25-44_B0027,0,0.06836674219865756,0.21428571428571427,0.1817844765870284,0.17292709363944558
3. BatteryAgingARC_25-44_B0027,0,0.07990568147644261,0.23142690028659282,0.18718617536235105,0.18783935175578112
3. BatteryAgingARC_25-44_B0027,0,0.0759202537586205,0.21428571428571427,0.18530664565225996,0.18282026605857532
3. BatteryAgingARC_25-44_B0027,0,0.07408574963277896,0.21428571428571427,0.1844464055535219,0.1804651389007798
3. BatteryAgingARC_25-44_B0027,0,0.06732088043680334,0.21428571428571427,0.18130092217202048,0.17151449052849324
3. BatteryAgingARC_25-44_B0027,0,0.07649445269599081,0.21428571428571427,0.1855765365029926,0.18355148320294554
3. BatteryAgingARC_25-44_B0027,0,0.08122407335781488,0.23809523809523808,0.18781115074867902,0.1894716437477356
3. BatteryAgingARC_25-44_B0027,0,0.09086031560864939,0.23809523809523808,0.19242787884375734,0.20101581488374495
3. BatteryAgingARC_25-44_B0027,0,0.07813905190962205,0.21478144521804454,0.18635122713346045,0.1856305571981865
3. BatteryAgingARC_25-44_B0027,0,0.07608253951433751,0.21428571428571427,0.1853828941071457,0.1830272129980153
3. BatteryAgingARC_25-44_B0027,0,0.07734288551933544,0.21428571428571427,0.18597588097087653,0.18462685447824786
3. BatteryAgingARC_25-44_B0027,0,0.08099936895491096,0.23809523809523808,0.187704517746752,0.18919439282281034
3. BatteryAgingARC_25-44_B0027,0,0.07211796694126078,0.21428571428571427,0.1835271068973807,0.1779058372252956
3. BatteryAgingARC_25-44_B0027,0,0.0818046869828559,0.23809523809523808,0.18808689533171283,0.19018623840370244
3. BatteryAgingARC_25-44_B0027,0,0.08234820134017372,0.23809523809523808,0.18834530254440618,0.1908528481864569
3. BatteryAgingARC_25-44_B0032,0,0.1127293898187392,0.23809523809523808,0.20322458792446,0.2251066358281845
3. BatteryAgingARC_25-44_B0032,0,0.07491665621123059,0.21428571428571427,0.18483565284164521,0.18153546948522098
3. BatteryAgingARC_25-44_B0032,0,0.07491665621123059,0.21428571428571427,0.18483565284164521,0.18153546948522098
3. BatteryAgingARC_25-44_B0032,0,0.07491665621123059,0.21428571428571427,0.18483565284164521,0.18153546948522098
3. BatteryAgingARC_25-44_B0032,0,0.07491665621123059,0.21428571428571427,0.18483565284164521,0.18153546948522098
3. BatteryAgingARC_25-44_B0032,0,0.0759282116037471,0.21428571428571427,0.18531038400691474,0.18283041913116485
3. BatteryAgingARC_25-44_B0032,0,0.10531904981037478,0.23809523809523808,0.19951636529432026,0.21723131647866345
3. BatteryAgingARC_25-44_B0032,0,0.11087460536593037,0.23809523809523808,0.20229163948838125,0.22316049900300844
3. BatteryAgingARC_25-44_B0032,0,0.11081111330243831,0.23809523809523808,0.20225975991948875,0.22309359160487385
3. BatteryAgingARC_25-44_B0032,0,0.08513425586740883,0.23809523809523808,0.18967417846330228,0.19423542400146473
3. BatteryAgingARC_25-44_B0032,0,0.09451481700614198,0.23809523809523808,0.1942012141759786,0.20523062230411787
3. BatteryAgingARC_25-44_B0032,0,0.06767225354664945,0.21428571428571427,0.18146326780707212,0.1719903062576896
3. BatteryAgingARC_25-44_B0032,0,0.09100327041968637,0.23809523809523808,0.19249701479889214,0.20118228193347018
3. BatteryAgingARC_25-44_B0032,0,0.12837203922552048,0.23809523809523808,0.2112201932069638,0.24092072878809256
3. BatteryAgingARC_25-44_B0032,0,0.18941998116488432,0.3820598006644519,0.24459990298738718,0.29503781242383714
3. BatteryAgingARC_25-44_B0032,0,0.15675575607742617,0.23809523809523808,0.22631014852140732,0.26734836525059136
3. BatteryAgingARC_25-44_B0032,0,0.16713681596288935,0.3333333333333333,0.23201609407253845,0.27642276814937394
3. BatteryAgingARC_25-44_B0032,0,0.1945909991972672,0.3820598006644519,0.24758518149579592,0.2992086628936409
3. BatteryAgingARC_25-44_B0032,0,0.2130043740418557,0.3820598006644519,0.25841243186796264,0.3136648936382628
3. BatteryAgingARC_25-44_B0032,0,0.228714821055571,0.3820598006644519,0.26789078749265566,0.3255631903591544
3. BatteryAgingARC_25-44_B0032,0,0.216337707375189,0.3820598006644519,0.26040510827996344,0.3162208660793196
3. BatteryAgingARC_25-44_B0032,0,0.2271787227452792,0.3820598006644519,0.26695437598978294,0.3244159407870264
3. BatteryAgingARC_25-44_B0032,0,0.24113972901525207,0.3820598006644519,0.2755411784145125,0.3347241122212621
3. BatteryAgingARC_25-44_B0032,0,0.24113972901525207,0.3820598006644519,0.2755411784145125,0.3347241122212621
3. BatteryAgingARC_25-44_B0032,0,0.23736162539843875,0.3820598006644519,0.2732006115696239,0.33196025061164053
3. BatteryAgingARC_25-44_B0032,0,0.2405841734596965,0.3820598006644519,0.27519622886405803,0.3343188506587276
3. BatteryAgingARC_25-44_B0032,0,0.23684559491995832,0.3820598006644519,0.2728818912051034,0.33158130748218806
3. BatteryAgingARC_25-44_B0032,0,0.23673806803823788,0.3820598006644519,0.2728155076987703,0.33150230175148465
3. BatteryAgingARC_25-44_B0032,0,0.25601819313635243,0.3820598006644519,0.2848783023836209,0.3454367344957278
3. BatteryAgingARC_25-44_B0032,0,0.2526848598030191,0.3820598006644519,0.2827699524819981,0.3430595459089766
3. BatteryAgingARC_25-44_B0032,0,0.23340473470490453,0.3820598006644519,0.27076263126826583,0.32904548668082917
3. BatteryAgingARC_25-44_B0032,0,0.2457014510549044,0.3820598006644519,0.2783837022010606,0.3380370479544054
3. BatteryAgingARC_25-44_B0032,0,0.25611811772157106,0.3820598006644519,0.28494165100875674,0.34550780077749693
3. BatteryAgingARC_25-44_B0032,0,0.2656108713447595,0.3820598006644519,0.2909981545016247,0.35220885955084597
3. BatteryAgingARC_25-44_B0032,0,0.2697378554717436,0.3820598006644519,0.2936547662215982,0.3550922737110984
3. BatteryAgingARC_25-44_B0032,0,0.23472322458687847,0.3820598006644519,0.27157347832331524,0.33001905164245887
3. BatteryAgingARC_25-44_B0032,0,0.2547232245868785,0.3820598006644519,0.28405810548094784,0.34451472965549956
3. BatteryAgingARC_25-44_B0032,0,0.26138989125354517,0.3820598006644519,0.2882957485452371,0.34924130369488876
3. BatteryAgingARC_25-44_B0032,0,0.2714974181352656,0.3820598006644519,0.29479172606599724,0.35631634666697376
3. BatteryAgingARC_25-44_B0032,0,0.2680565579202118,0.3820598006644519,0.292570775544489,0.3539197135179416
3. BatteryAgingARC_25-44_B0036,0,0.18436235133904252,0.3820598006644519,0.24170372148413607,0.2909070731766971
3. BatteryAgingARC_25-44_B0038,0,0.3024276129914939,0.3820598006644519,0.3151871757962447,0.3773640007627536
3. BatteryAgingARC_25-44_B0038,0,0.20592286514482402,0.3820598006644519,0.25421218514300103,0.3081748337890429
3. BatteryAgingARC_25-44_B0038,0,0.21292081164277052,0.3820598006644519,0.2583626058791906,0.3136005909881148
3. BatteryAgingARC_25-44_B0038,0,0.21664190007814468,0.3820598006644519,0.2605874504550702,0.3164532454439711
3. BatteryAgingARC_25-44_B0038,0,0.2589974556337003,0.3820598006644519,0.2867706827000636,0.3475507738267198
3. BatteryAgingARC_25-44_B0038,0,0.253774375262521,0.3820598006644519,0.2834580359739233,0.34383794349087266
3. BatteryAgingARC_25-44_B0038,0,0.27664133913587285,0.3820598006644519,0.29813016151426563,0.3598772025647106
3. BatteryAgingARC_25-44_B0038,0,0.30721192175897644,0.3820598006644519,0.3184093171845965,0.38054770885271283
3. BatteryAgingARC_25-44_B0038,0,0.34593620219084625,0.3820598006644519,0.3451123688517436,0.4057334167334169
3. BatteryAgingARC_25-44_B0044,0,0.11036193538946369,0.23809523809523808,0.20203433336202187,0.22261970075388496
3. BatteryAgingARC_25-44_B0044,0,0.08067643037993975,0.23809523809523808,0.18755134946278243,0.18879525264822963
3. BatteryAgingARC_25-44_B0044,0,0.08490765173110602,0.23809523809523808,0.1895658264092505,0.19396241657473523
3. BatteryAgingARC_25-44_B0044,0,0.08159986395993153,0.23809523809523808,0.18798958544143526,0.18993444511278587
3. BatteryAgingARC_25-44_B0044,0,0.08760278327132122,0.23809523809523808,0.19085759227137583,0.19718593535223405
3. BatteryAgingARC_25-44_B0044,0,0.09457768873680725,0.23809523809523808,0.19423183073725342,0.20530240556274218
3. BatteryAgingARC_25-44_B0044,0,0.09478413438290953,0.23809523809523808,0.19433238905584446,0.20553794361601022
3. BatteryAgingARC_25-44_B0044,0,0.07615033336130175,0.21428571428571427,0.18541475359205659,0.18311359755257506
3. BatteryAgingARC_25-44_B0044,0,0.05171849215275195,0.21428571428571427,0.17420580487474943,0.14895233993397927
3. BatteryAgingARC_25-44_B0044,0,0.06631688750226963,0.21428571428571427,0.18083766847775956,0.17014795761645157
3. BatteryAgingARC_25-44_B0044,0,0.0648441481405675,0.21428571428571427,0.18015979955283823,0.16812434716463925
3. BatteryAgingARC_25-44_B0044,0,0.06949623496511995,0.21428571428571427,0.18230782386708813,0.17444042884706182
3. BatteryAgingARC_25-44_B0044,0,0.07097423176569137,0.21428571428571427,0.1829944168304116,0.17640202468037908
3. BatteryAgingARC_25-44_B0044,0,0.06649656323539127,0.21428571428571427,0.18092050507581062,0.17039327861755413
3. BatteryAgingARC_25-44_B0044,0,0.0740988287186276,0.21428571428571427,0.18445252767770798,0.1804820336596254
3. BatteryAgingARC_25-44_B0044,0,0.07525067437887753,0.21428571428571427,0.18499230620453552,0.18196403908699768
3. BatteryAgingARC_25-44_B0044,0,0.07595801899991944,0.21428571428571427,0.18532438713681307,0.18286844431704327
3. BatteryAgingARC_25-44_B0044,0,0.0851410963114526,0.23809523809523808,0.18967744999790345,0.1942436594844079
3. BatteryAgingARC_25-44_B0044,0,0.08025892639803268,0.23475522818337008,0.18735347174652964,0.18827803156307885
3. BatteryAgingARC_25-44_B0044,0,0.09465522023951722,0.23809523809523808,0.19426959119176693,0.2053908932830052
3. BatteryAgingARC_25-44_B0044,0,0.12873909035250472,0.23809523809523808,0.21141054521637387,0.2412799128424739
3. BatteryAgingARC_25-44_B0044,0,0.13669429299652602,0.23809523809523808,0.2155669384344752,0.24894356548359067
3. BatteryAgingARC_25-44_B0044,0,0.14290715701774367,0.23809523809523808,0.21885399703707958,0.2547768216301247
3. BatteryAgingARC_25-44_B0044,0,0.13289609505176792,0.23809523809523808,0.2135751208548519,0.24531290843653167
3. BatteryAgingARC_25-44_B0044,0,0.1340116033311756,0.23809523809523808,0.21415871204597242,0.2463844690966908
3. BatteryAgingARC_25-44_B0044,0,0.1340477646136002,0.23809523809523808,0.21417764964191496,0.24641913178734906
3. BatteryAgingARC_25-44_B0044,0,0.1319946672952064,0.23809523809523808,0.21310437529237714,0.24444373912698125
3. BatteryAgingARC_25-44_B0044,0,0.13380732377842658,0.23809523809523808,0.21405175410469013,0.2461885683780098
3. BatteryAgingARC_25-44_B0044,0,0.13354069993266804,0.23809523809523808,0.21391221203834176,0.24593265793560454
3. BatteryAgingARC_25-44_B0044,0,0.21902741048871047,0.3820598006644519,0.26202026041419046,0.31827061144068264
3. BatteryAgingARC_25-44_B0044,0,0.2709495342545091,0.3820598006644519,0.29443743054557503,0.35593553503392134
3. BatteryAgingARC_25-44_B0044,0,0.25964309818342995,0.3820598006644519,0.2871817741885888,0.34800761190768675
3. BatteryAgingARC_25-44_B0044,0,0.29052036621543936,0.3820598006644519,0.30724507946320856,0.3693608337690912
3. BatteryAgingARC_25-44_B0044,1,0.3913039757649255,0.3820598006644519,0.3776762516503007,0.43420207607999517
3. BatteryAgingARC_25-44_B0044,1,0.41445672504744935,0.3820598006644519,0.3947523994695536,0.4484214622485423
3. BatteryAgingARC_25-44_B0044,1,0.42428301119047435,0.3820598006644519,0.4020808073883089,0.4544091858440609
3. BatteryAgingARC_25-44_B0044,1,0.42208572839597464,0.3820598006644519,0.40043815411350897,0.4530723898307147
3. BatteryAgingARC_25-44_B0044,1,0.42572714980122556,0.3820598006644519,0.4031616229552293,0.45528714358517114
3. BatteryAgingARC_25-44_B0044,1,0.4504021483147999,0.3820598006644519,0.4217660301644035,0.4702204703309336
3. BatteryAgingARC_25-44_B0044,1,0.45444827550106626,0.3820598006644519,0.42483953172812,0.47265890036236335
3. BatteryAgingARC_25-44_B0044,1,0.8842113997113997,0.7567567567567568,0.737758847597724,0.7717182452633821
6. BatteryAgingARC_53_54_55_56_B0053,0,0.1707440277749321,0.3443874370662799,0.23402214562454243,0.27951239398159816
6. BatteryAgingARC_53_54_55_56_B0053,0,0.16187458859104484,0.23809523809523808,0.2291112348363252,0.27185785037446586
6. BatteryAgingARC_53_54_55_56_B0053,0,0.17843478494392415,0.3820598006644519,0.2383392353542804,0.28599787014490474
6. BatteryAgingARC_53_54_55_56_B0053,0,0.08312772300290967,0.23809523809523808,0.1887163923065448,0.19180503782346825
6. BatteryAgingARC_53_54_55_56_B0053,0,0.19352372273214166,0.3820598006644519,0.24696703547281113,0.29835204296061985
6. BatteryAgingARC_53_54_55_56_B0053,0,0.21977513555208233,0.3820598006644519,0.2624704112464375,0.31883845514834225
6. BatteryAgingARC_53_54_55_56_B0053,0,0.22531553896350573,0.3820598006644519,0.2658213689503692,0.3230198774793078
6. BatteryAgingARC_53_54_55_56_B0053,0,0.23573012437809113,0.3820598006644519,0.2721937277896411,0.33076096789030096
6. BatteryAgingARC_53_54_55_56_B0053,0,0.21864887229683902,0.3820598006644519,0.2617925600587147,0.3179828131235671
6. BatteryAgingARC_53_54_55_56_B0053,0,0.22198220563017235,0.3820598006644519,0.26380202942508346,0.32050963240775887
6. BatteryAgingARC_53_54_55_56_B0053,0,0.20508653537750413,0.3820598006644519,0.25371911611968545,0.30752088875492356
6. BatteryAgingARC_53_54_55_56_B0053,0,0.09342314649973331,0.23809523809523808,0.19367018880407916,0.2039803462722054
6. BatteryAgingARC_53_54_55_56_B0053,0,0.1834860474259132,0.3820598006644519,0.24120429975428154,0.2901860250897336
6. BatteryAgingARC_53_54_55_56_B0053,0,0.1789954703701188,0.3820598006644519,0.23865609800810733,0.28646547393980265
6. BatteryAgingARC_53_54_55_56_B0053,0,0.07661183516548675,0.21428571428571427,0.18563174716108702,0.18370062195794218
6. BatteryAgingARC_53_54_55_56_B0053,0,0.18642060994078938,0.3820598006644519,0.2428795289878689,0.29259440613233284
6. BatteryAgingARC_53_54_55_56_B0053,0,0.08371858056111144,0.23809523809523808,0.18899804252268984,0.19252376357922646
6. BatteryAgingARC_53_54_55_56_B0053,0,0.17678752080770024,0.3820598006644519,0.23740998273785985,0.28462005736251944
6. BatteryAgingARC_53_54_55_56_B0053,0,0.18330949882967826,0.3820598006644519,0.24110376669731653,0.2900405612457452
6. BatteryAgingARC_53_54_55_56_B0053,0,0.1271171137592025,0.23809523809523808,0.21057033949868215,0.23968883117715817
6. BatteryAgingARC_53_54_55_56_B0053,0,0.17999957141532044,0.3820598006644519,0.23922427247151998,0.2873011623506469
6. BatteryAgingARC_53_54_55_56_B0053,0,0.0821514675230639,0.23809523809523808,0.18825173640313572,0.1906118160881058
6. BatteryAgingARC_53_54_55_56_B0053,0,0.20884761226336132,0.3820598006644519,0.2559414678064688,0.3104524015409239
6. BatteryAgingARC_53_54_55_56_B0053,0,0.08046892784052422,0.23673389402309908,0.18745298270125602,0.18853835990855572
6. BatteryAgingARC_53_54_55_56_B0053,0,0.09661354507943554,0.23809523809523808,0.1952252091225836,0.20761392899501124
6. BatteryAgingARC_53_54_55_56_B0053,0,0.07615896875493909,0.21428571428571427,0.18541881206919128,0.18312459818184823
6. BatteryAgingARC_53_54_55_56_B0053,0,0.19159070337423934,0.3820598006644519,0.2458501108861648,0.29679499940132886
6. BatteryAgingARC_53_54_55_56_B0053,0,0.08348096584029271,0.23809523809523808,0.18888473750526313,0.1922350362282485
6. BatteryAgingARC_53_54_55_56_B0053,0,0.20088824216834564,0.3820598006644519,0.25125351089294246,0.30421974415655073
6. BatteryAgingARC_53_54_55_56_B0053,0,0.20227711295621853,0.3820598006644519,0.2520674121039242,0.305315256205829
6. BatteryAgingARC_53_54_55_56_B0053,0,0.09601548570497713,0.23809523809523808,0.19493299267981587,0.20693746377094574
6. BatteryAgingARC_53_54_55_56_B0053,0,0.21549656496571734,0.3820598006644519,0.25990133296350515,0.31557754448844816
6. BatteryAgingARC_53_54_55_56_B0053,0,0.2566443920006237,0.3820598006644519,0.28527542993075167,0.3458819006823866
6. BatteryAgingARC_53_54_55_56_B0053,0,0.20681166403998177,0.3820598006644519,0.2547368798226135,0.3088684935284654
6. BatteryAgingARC_53_54_55_56_B0053,0,0.472378136325558,0.3820598006644519,0.43852624628477715,0.48343943315686133
6. BatteryAgingARC_53_54_55_56_B0053,0,0.45453460442581656,0.3820598006644519,0.4249051727770792,0.4727109011242835
6. BatteryAgingARC_53_54_55_56_B0053,0,0.4758686289018323,0.3820598006644519,0.44120229510472553,0.48553438041325664
6. BatteryAgingARC_53_54_55_56_B0053,0,0.5454387479036533,0.3820598006644519,0.4950493324989434,0.5272730476995563
6. BatteryAgingARC_53_54_55_56_B0053,0,0.5522837174397571,0.3924925125380119,0.500374028175447,0.5313995730323174
6. BatteryAgingARC_53_54_55_56_B0053,0,0.5468673193322247,0.3820598006644519,0.49616056439125344,0.5281336882454778
6. BatteryAgingARC_53_54_55_56_B0053,0,0.5438514463163517,0.3820598006644519,0.4938146882352415,0.5263171184347236
6. BatteryAgingARC_53_54_55_56_B0053,0,0.5535996314343189,0.5,0.5013977040403225,0.53219372386713
6. BatteryAgingARC_53_54_55_56_B0053,0,0.477886743797589,0.3820598006644519,0.4427510892131549,0.48674520407351035
6. BatteryAgingARC_53_54_55_56_B0053,0,0.44742641280528866,0.3820598006644519,0.4195094623130339,0.4684255158381357
6. BatteryAgingARC_53_54_55_56_B0053,0,0.5350624224746963,0.3820598006644519,0.4869801350563067,0.521029926057189
6. BatteryAgingARC_53_54_55_56_B0053,0,0.4492652448412276,0.3820598006644519,0.42090349934290433,0.469534859975525
6. BatteryAgingARC_53_54_55_56_B0053,0,0.501306567218841,0.3820598006644519,0.4607983659254893,0.5007828365729684
6. BatteryAgingARC_53_54_55_56_B0053,0,0.5299823504998874,0.3820598006644519,0.4830318059783864,0.5179778803795622
6. BatteryAgingARC_53_54_55_56_B0053,0,0.4645467411227239,0.3820598006644519,0.4325353873808945,0.47873515336819134
6. BatteryAgingARC_53_54_55_56_B0053,0,0.5288943313066051,0.3820598006644519,0.4821864352398768,0.5173245364139972
6. BatteryAgingARC_53_54_55_56_B0053,0,0.5187661261784,0.3820598006644519,0.4743225404955876,0.5112471925822739
6. BatteryAgingARC_53_54_55_56_B0053,0,0.5278924034099404,0.3820598006644519,0.48140804590843694,0.5167229828758663
6. BatteryAgingARC_53_54_55_56_B0053,0,0.47418616419964704,0.3820598006644519,0.43991196703333024,0.48452470878255394
6. BatteryAgingARC_53_54_55_56_B0053,0,0.47108520266118553,0.3820598006644519,0.4375358938431721,0.48266317493849714
6. BatteryAgingARC_53_54_55_56_B0053,0,0.5331048576223946,0.3820598006644519,0.4854584587907272,0.5198535355767585
6. BatteryAgingARC_53_54_55_56_B0054,0,0.14391620308127334,0.23809523809523808,0.21939124817248182,0.2557123660621755
6. BatteryAgingARC_53_54_55_56_B0054,0,0.44087278575584976,0.3820598006644519,0.4145516761908098,0.4644671372627949
6. BatteryAgingARC_53_54_55_56_B0054,0,0.4971760146193295,0.3820598006644519,0.45760651934712837,0.49830798534618104
6. BatteryAgingARC_53_54_55_56_B0054,0,0.5044638540543814,0.3820598006644519,0.4632403140507575,0.5026745831179806
6. BatteryAgingARC_53_54_55_56_B0054,0,0.47787045906377396,0.3820598006644519,0.4427385870622847,0.48673543474361647
6. BatteryAgingARC_53_54_55_56_B0054,0,0.5015749651654926,0.3820598006644519,0.46100588211187415,0.5009436492282311
6. BatteryAgingARC_53_54_55_56_B0054,0,0.48501965052903123,0.3820598006644519,0.44823393736239436,0.49102273625169196
6. BatteryAgingARC_53_54_55_56_B0054,0,0.48501965052903123,0.3820598006644519,0.44823393736239436,0.49102273625169196
6. BatteryAgingARC_53_54_55_56_B0054,0,0.5049212881071392,0.3820598006644519,0.46359425747239874,0.5029486722076305
6. BatteryAgingARC_53_54_55_56_B0054,0,0.502000761591289,0.3820598006644519,0.46133512116476244,0.5011987691091424
6. BatteryAgingARC_53_54_55_56_B0054,0,0.4949537923971073,0.3820598006644519,0.45589073938269475,0.4969764769660681
6. BatteryAgingARC_53_54_55_56_B0054,0,0.480671396511924,0.3820598006644519,0.4448899826247022,0.48841548281973274
6. BatteryAgingARC_53_54_55_56_B0054,0,0.43122795584801055,0.3820598006644519,0.4072870467575689,0.45862691243415515
6. BatteryAgingARC_53_54_55_56_B0054,0,0.5067468996226484,0.3820598006644519,0.4650072014927673,0.5040425915351402
6. BatteryAgingARC_53_54_55_56_B0054,0,0.4988790771152308,0.3820598006644519,0.4589221387713485,0.4993283934580339
6. BatteryAgingARC_53_54_55_56_B0054,0,0.4894797454527413,0.3820598006644519,0.4516687688412306,0.4936961473765957
6. BatteryAgingARC_53_54_55_56_B0054,0,0.4890757002089128,0.3820598006644519,0.45135740866694257,0.49345399051578775
6. BatteryAgingARC_53_54_55_56_B0054,0,0.4849716697078235,0.3820598006644519,0.4481970123623491,0.49099397172799497
6. BatteryAgingARC_53_54_55_56_B0054,0,0.4341909188109735,0.3820598006644519,0.40951464064563264,0.46042308754319655
6. BatteryAgingARC_53_54_55_56_B0054,0,0.4927794039126164,0.3820598006644519,0.45421290441073264,0.49567355565619353
6. BatteryAgingARC_53_54_55_56_B0054,0,0.43443874016173606,0.3820598006644519,0.40970112570148065,0.46057323528994476
6. BatteryAgingARC_53_54_55_56_B0054,0,0.49611273724594973,0.3820598006644519,0.4567854338264679,0.4976708995364163
6. BatteryAgingARC_53_54_55_56_B0054,0,0.4509936896269021,0.3820598006644519,0.4222150020713184,0.47057712030635185
6. BatteryAgingARC_53_54_55_56_B0054,0,0.44191181828187287,0.3820598006644519,0.4153365728301839,0.4650952190593756
6. BatteryAgingARC_53_54_55_56_B0054,0,0.47112161943130254,0.3820598006644519,0.4375637813354338,0.4826850410391782
