cell,y,p_raw
calce_CX2_36,0,0.21920068722993266
calce_CX2_36,0,0.22158663003774595
calce_CX2_36,0,0.2239910929897017
calce_CX2_36,0,0.2264140580353852
calce_CX2_36,0,0.22885550325047624
calce_CX2_36,0,0.23131540278440002
calce_CX2_36,0,0.2337937268090379
calce_CX2_36,0,0.23629044146854766
calce_CX2_36,0,0.2388055088303623
calce_CX2_36,0,0.2413388868374177
calce_CX2_36,0,0.2438905292616791
calce_CX2_36,0,0.24646038565901657
calce_CX2_36,0,0.24904840132550152
calce_CX2_36,0,0.2516545172551699
calce_CX2_36,0,0.25427867009932914
calce_CX2_36,0,0.25692079212745345
calce_CX2_36,0,0.2595808111897408
calce_CX2_36,0,0.2622586506813788
calce_CX2_36,0,0.264954229508591
calce_CX2_36,0,0.2676674620565104
calce_CX2_36,0,0.2703982581589503
calce_CX2_36,0,0.27314652307011783
calce_CX2_36,0,0.2759121574383407
calce_CX2_36,0,0.2786950572818465
calce_CX2_36,0,0.2814951139666687
calce_CX2_36,0,0.284312214186715
calce_CX2_36,0,0.2871462399460668
calce_CX2_36,0,0.2899970685435482
calce_CX2_36,0,0.2928645725596266
calce_CX2_36,0,0.29574861984568346
calce_CX2_36,0,0.29864907351571307
calce_CX2_36,0,0.30156579194048466
calce_CX2_36,0,0.30449862874422473
calce_CX2_36,0,0.30744743280384634
calce_CX2_36,0,0.310412048250784
calce_CX2_36,0,0.3133923144754566
calce_CX2_36,0,0.31638806613440834
calce_CX2_36,0,0.31939913316015056
calce_CX2_36,0,0.3224253407737489
calce_CX2_36,0,0.3254665095001732
calce_CX2_36,0,0.3285224551864507
calce_CX2_36,0,0.3315929890226349
calce_CX2_36,0,0.3346779175656275
calce_CX2_36,0,0.3377770427658547
calce_CX2_36,0,0.34089016199683697
calce_CX2_36,0,0.34401706808764654
calce_CX2_36,0,0.3471575493582817
calce_CX2_36,0,0.350311389657951
calce_CX2_36,0,0.3534783684062888
calce_CX2_36,0,0.3566582606374909
calce_CX2_36,0,0.35985083704738235
calce_CX2_36,0,0.363055864043403
calce_CX2_36,0,0.3662731037975179
calce_CX2_36,1,0.3695023143020246
calce_CX2_36,1,0.3727432494282666
calce_CX2_36,1,0.37599565898821624
calce_CX2_36,1,0.3792592887989243
calce_CX2_36,1,0.38253388074980077
calce_CX2_36,1,0.3858191728727123
calce_CX2_36,1,0.3891148994148564
calce_CX2_36,1,0.39242079091438936
calce_CX2_36,1,0.39573657427876796
calce_CX2_36,1,0.3990619728657618
calce_CX2_36,1,0.4023967065671033
calce_CX2_36,1,0.4057404918947228
calce_CX2_36,1,0.4090930420695213
calce_CX2_36,1,0.4124540671126307
calce_CX2_36,1,0.4158232739391052
calce_CX2_36,1,0.4192003664539852
calce_CX2_36,1,0.42258504565067373
calce_CX2_36,1,0.42597700971156016
calce_CX2_36,1,0.42937595411082646
calce_CX2_36,1,0.43278157171935916
calce_CX2_36,1,0.43619355291170453
calce_CX2_36,1,0.4396115856749828
calce_CX2_36,1,0.4430353557196879
calce_CX2_36,1,0.4464645465922892
calce_CX2_36,1,0.4498988397895563
calce_CX2_36,1,0.4533379148745163
calce_CX2_36,1,0.45678144959395983
calce_CX2_36,1,0.4602291199974046
calce_CX2_36,1,0.4636806005574265
calce_CX2_36,1,0.4671355642912596
calce_CX2_36,1,0.47059368288357634
calce_CX2_36,1,0.4740546268103476
calce_CX2_36,1,0.4775180654636828
calce_CX2_36,1,0.4809836672775535
calce_CX2_36,1,0.4844510998542968
calce_CX2_36,1,0.4879200300917978
calce_CX2_36,1,0.4913901243112473
calce_CX2_36,1,0.49486104838537043
calce_CX2_36,1,0.49833246786702606
calce_CX2_36,1,0.5018040481180606
calce_CX2_36,1,0.5052754544383263
calce_CX2_36,1,0.5087463521947455
calce_CX2_36,1,0.5122164069503217
calce_CX2_36,1,0.5156852845929892
calce_CX2_36,1,0.5191526514641975
calce_CX2_36,1,0.5226181744871239
calce_CX2_36,1,0.5260815212944105
calce_CX2_36,1,0.5295423603553219
calce_CX2_36,1,0.5330003611022209
calce_CX2_36,1,0.5364551940562572
calce_CX2_36,1,0.5399065309521723
calce_CX2_36,1,0.5433540448621191
calce_CX2_36,1,0.5467974103183957
calce_CX2_36,1,0.5502363034349999
calce_CX2_36,1,0.5536704020279064
calce_CX2_36,1,0.5570993857339757
calce_CX2_36,1,0.5605229361283997
calce_CX2_36,1,0.563940736840598
calce_CX2_36,1,0.5673524736684762
calce_CX2_36,1,0.5707578346909569
calce_CX2_36,1,0.5741565103787083
calce_CX2_36,1,0.5775481937029827
calce_CX2_36,1,0.5809325802424911
calce_CX2_36,1,0.5843093682882362
calce_CX2_36,1,0.5876782589462329
calce_CX2_36,1,0.5910389562380447
calce_CX2_36,1,0.5943911671990703
calce_CX2_36,1,0.5977346019745154
calce_CX2_36,1,0.6010689739129916
calce_CX2_36,1,0.6043939996576762
calce_CX2_36,1,0.6077093992349886
calce_CX2_36,1,0.6110148961407246
calce_CX2_36,1,0.6143102174236013
calce_CX2_36,1,0.6175950937661684
calce_CX2_36,1,0.6208692595630422
calce_CX2_36,1,0.6241324529964251
calce_CX2_36,1,0.6273844161088727
calce_CX2_36,1,0.6306248948732809
calce_CX2_36,1,0.6338536392600549
calce_CX2_36,1,0.637070403301446
calce_CX2_36,1,0.6402749451530253
calce_CX2_36,1,0.6434670271522773
calce_CX2_36,1,0.6466464158743003
calce_CX2_36,1,0.649812882184596
calce_CX2_36,1,0.6529662012889451
calce_CX2_36,1,0.6561061527803562
calce_CX2_36,1,0.6592325206830891
calce_CX2_36,1,0.6623450934937535
calce_CX2_36,1,0.6654436642194798
calce_CX2_36,1,0.6685280304131764
calce_CX2_36,1,0.6715979942058774
calce_CX2_36,1,0.6746533623361927
calce_CX2_36,1,0.6776939461768771
calce_CX2_36,1,0.6807195617585362
calce_CX2_36,1,0.683730029790486
calce_CX2_36,1,0.6867251756787935
calce_CX2_36,1,0.6897048295415197
calce_CX2_36,1,0.6926688262211963
calce_CX2_36,1,0.6956170052945617
calce_CX2_36,1,0.6985492110795951
calce_CX2_36,1,0.7014652926398772
calce_CX2_36,1,0.7043651037863186
calce_CX2_36,1,0.7072485030762922
calce_CX2_36,1,0.710115353810212
calce_CX2_36,1,0.7129655240256006
calce_CX2_36,1,0.7157988864886887
calce_CX2_36,1,0.7186153186835937
calce_CX2_36,1,0.7214147027991272
calce_CX2_36,1,0.7241969257132742
calce_CX2_36,1,0.7269618789754018
calce_CX2_36,1,0.729709458786245
calce_CX2_36,1,0.7324395659757237
calce_CX2_36,1,0.7351521059786452
calce_CX2_36,1,0.737846988808346
calce_CX2_36,1,0.7405241290283315
calce_CX2_36,1,0.743183445721969
calce_CX2_36,1,0.7458248624602888
calce_CX2_36,1,0.7484483072679599
calce_CX2_36,1,0.751053712587487
calce_CX2_36,1,0.7536410152417005
calce_CX2_36,1,0.7562101563945904
calce_CX2_36,1,0.7587610815105476
calce_CX2_36,1,0.7612937403120724
calce_CX2_36,1,0.7638080867360109
calce_CX2_36,1,0.7663040788883788
calce_CX2_36,1,0.768781678997833
calce_CX2_36,1,0.7712408533678519
calce_CX2_36,1,0.7736815723276858
calce_CX2_36,1,0.7761038101821328
calce_CX2_36,1,0.7785075451602063
calce_CX2_36,1,0.7808927593627465
calce_CX2_36,1,0.7832594387090415
calce_CX2_36,1,0.785607572882511
calce_CX2_36,1,0.7879371552755126
calce_CX2_36,1,0.7902481829333281
calce_CX2_36,1,0.7925406564973868
calce_CX2_36,1,0.7948145801477797
calce_CX2_36,1,0.7970699615451223
calce_CX2_36,1,0.7993068117718177
calce_CX2_36,1,0.8015251452727771
calce_CX2_36,1,0.8037249797956458
calce_CX2_36,1,0.8059063363305913
calce_CX2_36,1,0.8080692390497003
calce_CX2_36,1,0.8102137152460374
calce_CX2_36,1,0.8123397952724132
calce_CX2_36,1,0.814447512479908
calce_CX2_36,1,0.8165369031562026
calce_CX2_36,1,0.8186080064637561
calce_CX2_36,1,0.8206608643778796
calce_CX2_36,1,0.8226955216247488
calce_CX2_36,1,0.8247120256193956
calce_CX2_36,1,0.8267104264037213
calce_CX2_36,1,0.8286907765845741
calce_CX2_36,1,0.8306531312719245
calce_CX2_36,1,0.8325975480171826
calce_CX2_36,1,0.834524086751687
calce_CX2_36,1,0.8364328097254089
calce_CX2_36,1,0.8383237814458973
calce_CX2_36,1,0.8401970686175052
calce_CX2_36,1,0.8420527400809256
calce_CX2_36,1,0.8438908667530662
calce_CX2_36,1,0.8457115215672982
calce_CX2_36,1,0.8475147794141008
calce_CX2_36,1,0.8493007170821341
calce_CX2_36,1,0.8510694131997636
calce_CX2_36,1,0.8528209481770608
calce_CX2_36,1,0.8545554041483079
calce_CX2_36,1,0.8562728649150226
calce_CX2_36,1,0.8579734158895317
calce_CX2_36,1,0.8596571440391092
calce_CX2_36,1,0.8613241378306995
calce_CX2_36,1,0.8629744871762453
calce_CX2_36,1,0.8646082833786366
calce_CX2_36,1,0.8662256190782969
calce_CX2_36,1,0.8678265882004231
calce_CX2_36,1,0.8694112859028911
calce_CX2_36,1,0.8709798085248439
calce_CX2_36,1,0.8725322535359706
calce_CX2_36,1,0.8740687194864918
calce_CX2_36,1,0.8755893059578591
calce_CX2_36,1,0.8770941135141787
calce_CX2_36,1,0.8785832436543698
calce_CX2_36,1,0.8800567987650635
calce_CX2_36,1,0.8815148820742504
calce_CX2_36,1,0.8829575976056844
calce_CX2_36,1,0.884385050134044
calce_CX2_36,1,0.8857973451408631
calce_CX2_36,1,0.8871945887712265
calce_CX2_36,1,0.8885768877912422
calce_CX2_36,1,0.8899443495462868
calce_CX2_36,1,0.8912970819200275
calce_CX2_36,1,0.892635193294225
calce_CX2_36,1,0.8939587925093139
calce_CX2_36,1,0.8952679888257631
calce_CX2_36,1,0.896562891886216
calce_CX2_36,1,0.8978436116784059
calce_CX2_36,1,0.899110258498851
calce_CX2_36,1,0.9003629429173213
calce_CX2_36,1,0.9016017757420783
calce_CX2_36,1,0.9028268679858824
calce_CX2_36,1,0.9040383308327651
calce_CX2_36,1,0.9052362756055629
calce_CX2_36,1,0.906420813734208
calce_CX2_36,1,0.9075920567247691
calce_CX2_36,1,0.9087501161292411
calce_CX2_36,1,0.9098951035160735
calce_CX2_36,1,0.9110271304414364
calce_CX2_36,1,0.912146308421213
calce_CX2_36,1,0.9132527489037168
calce_CX2_36,1,0.9143465632431235
calce_CX2_36,1,0.915427862673611
calce_CX2_36,1,0.9164967582842016
calce_CX2_36,1,0.9175533609942987
calce_CX2_36,1,0.9185977815299068
calce_CX2_36,1,0.9196301304005317
calce_CX2_36,1,0.9206505178767508
calce_CX2_36,1,0.9216590539684432
calce_CX2_36,1,0.9226558484036734
calce_CX2_36,1,0.9236410106082197
calce_CX2_36,1,0.9246146496857371
calce_CX2_36,1,0.9255768743985481
calce_CX2_36,1,0.9265277931490488
calce_CX2_36,1,0.9274675139617251
calce_CX2_36,1,0.9283961444657669
calce_CX2_36,1,0.9293137918782723
calce_CX2_36,1,0.9302205629880321
calce_CX2_36,1,0.9311165641398845
calce_CX2_36,1,0.9320019012196327
calce_CX2_36,1,0.9328766796395112
calce_CX2_36,1,0.9337410043241985
calce_CX2_36,1,0.9345949796973585
calce_CX2_36,1,0.935438709668707
calce_CX2_36,1,0.9362722976215921
calce_CX2_36,1,0.9370958464010757
calce_CX2_36,1,0.9379094583025128
calce_CX2_36,1,0.9387132350606124
calce_CX2_36,1,0.9395072778389757
calce_CX2_36,1,0.9402916872200989
calce_CX2_36,1,0.9410665631958322
calce_CX2_36,1,0.9418320051582856
calce_CX2_36,1,0.9425881118911726
calce_CX2_36,1,0.9433349815615814
calce_CX2_36,1,0.9440727117121656
calce_CX2_36,1,0.9448013992537433
calce_CX2_36,1,0.9455211404582985
calce_CX2_36,1,0.9462320309523723
calce_CX2_36,1,0.9469341657108384
calce_CX2_36,1,0.9476276390510504
calce_CX2_36,1,0.9483125446273563
calce_CX2_36,1,0.9489889754259659
calce_CX2_36,1,0.9496570237601701
calce_CX2_36,1,0.9503167812658957
calce_CX2_36,1,0.9509683388975926
calce_CX2_36,1,0.9516117869244427
calce_CX2_36,1,0.9522472149268839
calce_CX2_36,1,0.952874711793439
calce_CX2_36,1,0.9534943657178437
calce_CX2_36,1,0.9541062641964649
calce_CX2_36,1,0.9547104940259998
calce_CX2_36,1,0.9553071413014509
calce_CX2_36,1,0.9558962914143698
calce_CX2_36,1,0.9564780290513574
calce_CX2_36,1,0.9570524381928193
calce_CX2_36,1,0.9576196021119655
calce_CX2_36,1,0.9581796033740475
calce_CX2_36,1,0.9587325238358282
calce_CX2_36,1,0.9592784446452746
calce_CX2_36,1,0.9598174462414688
calce_CX2_36,1,0.9603496083547302
calce_CX2_36,1,0.9608750100069413
calce_CX2_36,1,0.9613937295120719
calce_CX2_36,1,0.9619058444768959
calce_CX2_36,1,0.962411431801892
calce_CX2_36,1,0.9629105676823257
calce_CX2_36,1,0.9634033276095031
calce_CX2_36,1,0.9638897863721947
calce_CX2_36,1,0.9643700180582195
calce_CX2_36,1,0.9648440960561863
calce_CX2_36,1,0.9653120930573861
calce_CX2_36,1,0.9657740810578304
calce_CX2_36,1,0.9662301313604287
calce_CX2_36,1,0.9666803145773033
calce_CX2_36,1,0.9671247006322329
calce_CX2_36,1,0.9675633587632223
calce_CX2_36,1,0.9679963575251915
calce_CX2_36,1,0.9684237647927825
calce_CX2_36,1,0.9688456477632753
calce_CX2_36,1,0.9692620729596128
calce_CX2_36,1,0.9696731062335254
calce_CX2_36,1,0.9700788127687572
calce_CX2_36,1,0.9704792570843817
calce_CX2_36,1,0.9708745030382111
calce_CX2_36,1,0.9712646138302896
calce_CX2_36,1,0.9716496520064682
calce_CX2_36,1,0.9720296794620593
calce_CX2_36,1,0.9724047574455634
calce_CX2_36,1,0.9727749465624685
calce_CX2_36,1,0.9731403067791156
calce_CX2_36,1,0.9735008974266287
calce_CX2_36,1,0.9738567772049044
calce_CX2_36,1,0.9742080041866596
calce_CX2_36,1,0.9745546358215328
calce_CX2_36,1,0.9748967289402362
calce_CX2_36,1,0.9752343397587554
calce_CX2_36,1,0.9755675238825955
calce_CX2_36,1,0.9758963363110674
calce_CX2_36,1,0.9762208314416153
calce_CX2_36,1,0.9765410630741796
calce_CX2_36,1,0.9768570844155946
calce_CX2_36,1,0.9771689480840169
calce_CX2_36,1,0.9774767061133841
calce_CX2_36,1,0.977780409957899
calce_CX2_36,1,0.9780801104965398
calce_CX2_36,1,0.9783758580375893
calce_CX2_36,1,0.9786677023231882
calce_CX2_36,1,0.9789556925339021
calce_CX2_36,1,0.9792398772933072
calce_CX2_36,1,0.9795203046725885
calce_CX2_36,1,0.9797970221951494
calce_CX2_36,1,0.9800700768412325
calce_CX2_36,1,0.9803395150525471
calce_CX2_36,1,0.980605382736904
calce_CX2_36,1,0.9808677252728553
calce_CX2_36,1,0.9811265875143356
calce_CX2_36,1,0.9813820137953062
calce_CX2_36,1,0.9816340479343987
calce_CX2_36,1,0.9818827332395577
calce_CX2_36,1,0.9821281125126781
calce_CX2_36,1,0.9823702280542411
calce_CX2_36,1,0.9826091216679435
calce_CX2_36,1,0.9828448346653176
calce_CX2_36,1,0.9830774078703474
calce_CX2_36,1,0.9833068816240708
calce_CX2_36,1,0.9835332957891747
calce_CX2_36,1,0.9837566897545762
calce_CX2_36,1,0.9839771024399918
calce_CX2_36,1,0.9841945723004939
calce_CX2_36,1,0.9844091373310498
calce_CX2_36,1,0.9846208350710487
calce_CX2_36,1,0.9848297026088085
calce_CX2_36,1,0.9850357765860678
calce_CX2_36,1,0.985239093202458
calce_CX2_36,1,0.9854396882199569
calce_CX2_36,1,0.985637596967323
calce_CX2_36,1,0.9858328543445078
calce_CX2_36,1,0.9860254948270486
calce_CX2_36,1,0.9862155524704371
calce_CX2_36,1,0.9864030609144676
calce_CX2_36,1,0.9865880533875608
calce_CX2_36,1,0.9867705627110644
calce_CX2_36,1,0.9869506213035287
calce_CX2_36,1,0.9871282611849579
calce_CX2_36,1,0.9873035139810358
calce_CX2_36,1,0.987476410927326
calce_CX2_36,1,0.9876469828734458
calce_CX2_36,1,0.9878152602872128
calce_CX2_36,1,0.9879812732587655
calce_CX2_36,1,0.9881450515046557
calce_CX2_36,1,0.9883066243719129
calce_CX2_36,1,0.9884660208420817
calce_CX2_36,1,0.9886232695352303
calce_CX2_36,1,0.988778398713929
calce_CX2_36,1,0.9889314362872019
calce_CX2_36,1,0.9890824098144481
calce_CX2_36,1,0.989231346509333
calce_CX2_36,1,0.9893782732436522
calce_CX2_36,1,0.9895232165511624
calce_CX2_36,1,0.9896662026313848
calce_CX2_36,1,0.9898072573533772
calce_CX2_36,1,0.989946406259476
calce_CX2_36,1,0.9900836745690081
calce_CX2_36,1,0.9902190871819707
calce_CX2_36,1,0.9903526686826837
calce_CX2_36,1,0.9904844433434071
calce_CX2_36,1,0.9906144351279315
calce_CX2_36,1,0.9907426676951343
calce_CX2_36,1,0.990869164402509
calce_CX2_36,1,0.9909939483096591
calce_CX2_36,1,0.9911170421817638
calce_CX2_36,1,0.9912384684930121
calce_CX2_36,1,0.9913582494300066
calce_CX2_36,1,0.9914764068951347
calce_CX2_36,1,0.9915929625099092
calce_CX2_36,1,0.9917079376182804
calce_CX2_36,1,0.9918213532899134
calce_CX2_36,1,0.9919332303234378
calce_CX2_36,1,0.992043589249665
calce_CX2_36,1,0.9921524503347751
calce_CX2_36,1,0.992259833583473
calce_CX2_36,1,0.9923657587421153
calce_CX2_36,1,0.9924702453018036
calce_CX2_36,1,0.9925733125014512
calce_CX2_36,1,0.9926749793308167
calce_CX2_36,1,0.9927752645335092
calce_CX2_36,1,0.9928741866099616
calce_CX2_36,1,0.9929717638203761
calce_CX2_36,1,0.9930680141876382
calce_CX2_36,1,0.9931629555002018
calce_CX2_36,1,0.9932566053149448
calce_CX2_36,1,0.9933489809599948
calce_CX2_36,1,0.9934400995375262
calce_CX2_36,1,0.9935299779265279
calce_CX2_36,1,0.9936186327855411
calce_CX2_36,1,0.9937060805553705
calce_CX2_36,1,0.9937923374617648
calce_CX2_36,1,0.99387741951807
calce_CX2_36,1,0.9939613425278533
calce_CX2_36,1,0.9940441220875004
calce_CX2_36,1,0.9941257735887832
calce_CX2_36,1,0.9942063122214013
calce_CX2_36,1,0.9942857529754942
calce_CX2_36,1,0.9943641106441283
calce_CX2_36,1,0.9944413998257546
calce_CX2_36,1,0.9945176349266405
calce_CX2_36,1,0.9945928301632747
calce_CX2_36,1,0.994666999564745
calce_CX2_36,1,0.9947401569750906
calce_CX2_36,1,0.9948123160556271
calce_CX2_36,1,0.9948834902872457
calce_CX2_36,1,0.9949536929726873
calce_CX2_36,1,0.9950229372387907
calce_CX2_36,1,0.995091236038714
calce_CX2_36,1,0.9951586021541335
calce_CX2_36,1,0.9952250481974143
calce_CX2_36,1,0.9952905866137591
calce_CX2_36,1,0.9953552296833307
calce_CX2_36,1,0.9954189895233503
calce_CX2_36,1,0.9954818780901714
calce_CX2_36,1,0.9955439071813312
calce_CX2_36,1,0.995605088437576
calce_CX2_36,1,0.9956654333448651
calce_CX2_36,1,0.9957249532363494
calce_CX2_36,1,0.995783659294329
calce_CX2_36,1,0.9958415625521853
calce_CX2_36,1,0.9958986738962934
calce_CX2_36,1,0.9959550040679089
calce_CX2_36,1,0.9960105636650348
calce_CX2_36,1,0.9960653631442651
calce_CX2_36,1,0.9961194128226064
calce_CX2_36,1,0.9961727228792786
calce_CX2_36,1,0.9962253033574937
calce_CX2_36,1,0.9962771641662127
calce_CX2_36,1,0.9963283150818827
calce_CX2_36,1,0.9963787657501528
calce_CX2_36,1,0.996428525687568
calce_CX2_36,1,0.9964776042832443
calce_CX2_36,1,0.9965260108005226
calce_CX2_36,1,0.996573754378604
calce_CX2_36,1,0.9966208440341624
calce_CX2_36,1,0.9966672886629411
calce_CX2_36,1,0.9967130970413263
calce_CX2_36,1,0.9967582778279048
calce_CX2_36,1,0.9968028395649997
calce_CX2_36,1,0.9968467906801898
calce_CX2_36,1,0.9968901394878075
calce_CX2_36,1,0.9969328941904217
calce_CX2_36,1,0.9969750628802999
calce_CX2_36,1,0.9970166535408522
calce_CX2_36,1,0.9970576740480593
calce_CX2_36,1,0.9970981321718819
calce_CX2_36,1,0.9971380355776512
calce_CX2_36,1,0.9971773918274441
calce_CX2_36,1,0.997216208381441
calce_CX2_36,1,0.9972544925992656
calce_CX2_36,1,0.997292251741309
calce_CX2_36,1,0.9973294929700357
calce_CX2_36,1,0.9973662233512769
calce_CX2_36,1,0.9974024498555017
calce_CX2_36,1,0.9974381793590793
calce_CX2_36,1,0.9974734186455183
calce_CX2_36,1,0.9975081744066964
calce_CX2_36,1,0.9975424532440706
calce_CX2_36,1,0.9975762616698742
calce_CX2_36,1,0.997609606108298
calce_CX2_36,1,0.9976424928966552
calce_CX2_36,1,0.9976749282865351
calce_CX2_36,1,0.9977069184449384
calce_CX2_36,1,0.9977384694553997
calce_CX2_36,1,0.9977695873190958
calce_CX2_36,1,0.9978002779559401
calce_CX2_36,1,0.9978305472056621
calce_CX2_36,1,0.9978604008288733
calce_CX2_36,1,0.9978898445081211
calce_CX2_36,1,0.9979188838489261
calce_CX2_36,1,0.9979475243808096
calce_CX2_36,1,0.9979757715583053
calce_CX2_36,1,0.9980036307619593
calce_CX2_36,1,0.9980311072993163
calce_CX2_36,1,0.9980582064058948
calce_CX2_36,1,0.9980849332461476
calce_CX2_36,1,0.9981112929144113
calce_CX2_36,1,0.9981372904358433
calce_CX2_36,1,0.9981629307673467
calce_CX2_36,1,0.9981882187984831
calce_CX2_36,1,0.9982131593523726
calce_CX2_36,1,0.9982377571865849
calce_CX2_36,1,0.9982620169940157
calce_CX2_36,1,0.9982859434037541
calce_CX2_36,1,0.9983095409819366
calce_CX2_36,1,0.9983328142325922
calce_CX2_36,1,0.9983557675984748
calce_CX2_36,1,0.9983784054618858
calce_CX2_36,1,0.9984007321454855
calce_CX2_36,1,0.9984227519130936
calce_CX2_36,1,0.9984444689704801
calce_CX2_36,1,0.9984658874661447
calce_CX2_36,1,0.9984870114920884
calce_CX2_36,1,0.9985078450845708
calce_CX2_36,1,0.998528392224862
calce_CX2_36,1,0.9985486568399817
calce_CX2_36,1,0.9985686428034302
calce_CX2_36,1,0.9985883539359082
calce_CX2_36,1,0.9986077940060283
calce_CX2_36,1,0.9986269667310183
calce_CX2_36,1,0.9986458757774117
calce_CX2_36,1,0.9986645247617331
calce_CX2_36,1,0.9986829172511714
calce_CX2_36,1,0.9987010567642465
calce_CX2_36,1,0.9987189467714658
calce_CX2_36,1,0.9987365906959723
calce_CX2_36,1,0.9987539919141843
calce_CX2_36,1,0.998771153756427
calce_CX2_36,1,0.9987880795075548
calce_CX2_36,1,0.9988047724075657
calce_CX2_36,1,0.9988212356522093
calce_CX2_36,1,0.9988374723935831
calce_CX2_36,1,0.9988534857407253
calce_CX2_36,1,0.998869278760195
calce_CX2_36,1,0.9988848544766493
calce_CX2_36,1,0.9989002158734097
calce_CX2_36,1,0.9989153658930215
calce_CX2_36,1,0.9989303074378072
calce_CX2_36,1,0.9989450433704102
calce_CX2_36,1,0.9989595765143335
calce_CX2_36,1,0.9989739096544706
calce_CX2_36,1,0.9989880455376273
calce_CX2_36,1,0.9990019868730404
calce_CX2_36,1,0.9990157363328858
calce_CX2_36,1,0.9990292965527817
calce_CX2_36,1,0.9990426701322855
calce_CX2_36,1,0.9990558596353827
calce_CX2_36,1,0.9990688675909692
calce_CX2_36,1,0.9990816964933293
calce_CX2_36,1,0.9990943488026052
calce_CX2_36,1,0.9991068269452604
calce_CX2_36,1,0.9991191333145376
calce_CX2_36,1,0.9991312702709109
calce_CX2_36,1,0.9991432401425306
calce_CX2_36,1,0.9991550452256628
calce_CX2_36,1,0.9991666877851233
calce_CX2_36,1,0.9991781700547053
calce_CX2_36,1,0.9991894942376013
calce_CX2_36,1,0.9992006625068194
calce_CX2_36,1,0.999211677005595
calce_CX2_36,1,0.9992225398477949
calce_CX2_36,1,0.999233253118318
calce_CX2_36,1,0.9992438188734897
calce_CX2_36,1,0.9992542391414503
calce_CX2_36,1,0.9992645159225398
calce_CX2_36,1,0.9992746511896773
calce_CX2_36,1,0.9992846468887322
calce_CX2_36,1,0.999294504938896
calce_CX2_36,1,0.9993042272330435
calce_CX2_36,1,0.9993138156380927
calce_CX2_36,1,0.9993232719953589
calce_CX2_36,1,0.9993325981209035
calce_CX2_36,1,0.999341795805878
calce_CX2_36,1,0.9993508668168651
calce_CX2_36,1,0.9993598128962131
calce_CX2_36,1,0.9993686357623663
calce_CX2_36,1,0.999377337110192
calce_CX2_36,1,0.9993859186113018
calce_CX2_36,1,0.9993943819143692
calce_CX2_36,1,0.9994027286454437
calce_CX2_36,1,0.9994109604082579
calce_CX2_36,1,0.9994190787845343
calce_CX2_36,1,0.999427085334284
calce_CX2_36,1,0.9994349815961056
calce_CX2_36,1,0.9994427690874753
calce_CX2_36,1,0.9994504493050378
calce_CX2_36,1,0.9994580237248889
calce_CX2_36,1,0.9994654938028583
calce_CX2_36,1,0.9994728609747856
calce_CX2_36,1,0.9994801266567934
calce_CX2_36,1,0.9994872922455577
calce_CX2_36,1,0.9994943591185731
calce_CX2_36,1,0.9995013286344154
calce_CX2_36,1,0.9995082021330014
calce_CX2_36,1,0.9995149809358419
calce_CX2_36,1,0.9995216663462956
calce_CX2_36,1,0.9995282596498161
calce_CX2_36,1,0.9995347621141983
calce_CX2_36,1,0.999541174989819
calce_CX2_36,1,0.9995474995098751
calce_CX2_36,1,0.9995537368906198
calce_CX2_36,1,0.999559888331594
calce_CX2_36,1,0.9995659550158551
calce_CX2_36,1,0.9995719381102025
calce_CX2_36,1,0.9995778387654009
calce_CX2_36,1,0.9995836581163995
calce_CX2_36,1,0.9995893972825481
calce_CX2_36,1,0.9995950573678122
calce_CX2_36,1,0.999600639460982
calce_CX2_36,1,0.9996061446358816
calce_CX2_36,1,0.9996115739515741
calce_CX2_36,1,0.9996169284525623
calce_CX2_36,1,0.9996222091689907
calce_CX2_36,1,0.99962741711684
calce_CX2_36,1,0.9996325532981225
calce_CX2_36,1,0.9996376187010736
calce_CX2_36,1,0.9996426143003396
calce_CX2_36,1,0.9996475410571656
calce_CX2_36,1,0.9996523999195779
calce_CX2_36,1,0.9996571918225662
calce_CX2_36,1,0.9996619176882611
calce_CX2_36,1,0.9996665784261121
calce_CX2_36,1,0.9996711749330609
calce_CX2_36,1,0.9996757080937119
calce_CX2_36,1,0.9996801787805032
calce_CX2_36,1,0.9996845878538719
calce_CX2_36,1,0.9996889361624204
calce_CX2_36,1,0.999693224543077
calce_CX2_36,1,0.9996974538212574
calce_CX2_36,1,0.9997016248110224
calce_CX2_36,1,0.9997057383152331
calce_CX2_36,1,0.9997097951257056
calce_CX2_36,1,0.9997137960233617
calce_CX2_36,1,0.9997177417783786
calce_CX2_36,1,0.9997216331503376
calce_CX2_36,1,0.9997254708883675
calce_CX2_36,1,0.9997292557312898
calce_CX2_36,1,0.999732988407759
calce_CX2_36,1,0.9997366696364038
calce_CX2_36,1,0.9997403001259626
calce_CX2_36,1,0.9997438805754213
calce_CX2_36,1,0.9997474116741462
calce_CX2_36,1,0.9997508941020157
calce_CX2_36,1,0.9997543285295523
calce_CX2_36,1,0.999757715618049
calce_CX2_36,1,0.9997610560196981
calce_CX2_36,1,0.9997643503777146
calce_CX2_36,1,0.9997675993264599
calce_CX2_36,1,0.9997708034915646
calce_CX2_36,1,0.9997739634900464
calce_CX2_36,1,0.9997770799304307
calce_CX2_36,1,0.9997801534128654
calce_CX2_36,1,0.9997831845292371
calce_CX2_36,1,0.9997861738632843
calce_CX2_36,1,0.999789121990709
calce_CX2_36,1,0.9997920294792882
calce_CX2_36,1,0.9997948968889816
calce_CX2_36,1,0.99979772477204
calce_CX2_36,1,0.9998005136731105
calce_CX2_36,1,0.9998032641293416
calce_CX2_36,1,0.9998059766704858
calce_CX2_36,1,0.9998086518190018
calce_CX2_36,1,0.9998112900901543
calce_CX2_36,1,0.9998138919921133
calce_CX2_36,1,0.9998164580260513
calce_CX2_36,1,0.9998189886862399
calce_CX2_36,1,0.9998214844601439
calce_CX2_36,1,0.9998239458285156
calce_CX2_36,1,0.9998263732654876
calce_CX2_36,1,0.9998287672386623
calce_CX2_36,1,0.999831128209203
calce_CX2_36,1,0.9998334566319219
calce_CX2_36,1,0.9998357529553678
calce_CX2_36,1,0.9998380176219115
calce_CX2_36,1,0.999840251067832
calce_CX2_36,1,0.9998424537233992
calce_CX2_36,1,0.9998446260129566
calce_CX2_36,1,0.999846768355004
calce_CX2_36,1,0.9998488811622763
calce_CX2_36,1,0.9998509648418237
calce_CX2_36,1,0.9998530197950902
calce_CX2_36,1,0.9998550464179895
calce_CX2_36,1,0.9998570451009826
calce_CX2_36,1,0.9998590162291519
calce_CX2_36,1,0.9998609601822751
calce_CX2_36,1,0.9998628773348986
calce_CX2_36,1,0.9998647680564096
calce_CX2_36,1,0.9998666327111067
calce_CX2_36,1,0.9998684716582699
calce_CX2_36,1,0.9998702852522303
calce_CX2_36,1,0.9998720738424369
calce_CX2_36,1,0.9998738377735257
calce_CX2_36,1,0.9998755773853839
calce_CX2_36,1,0.9998772930132169
calce_CX2_36,1,0.9998789849876117
calce_CX2_36,1,0.9998806536346011
calce_CX2_36,1,0.9998822992757257
calce_CX2_36,1,0.9998839222280961
calce_CX2_36,1,0.9998855228044545
calce_CX2_36,1,0.9998871013132339
calce_CX2_36,1,0.9998886580586176
calce_CX2_36,1,0.9998901933405977
calce_CX2_36,1,0.9998917074550336
calce_CX2_36,1,0.9998932006937079
calce_CX2_36,1,0.999894673344383
calce_CX2_36,1,0.9998961256908554
calce_CX2_36,1,0.9998975580130125
calce_CX2_36,1,0.9998989705868846
calce_CX2_36,1,0.9999003636846984
calce_CX2_36,1,0.9999017375749294
calce_CX2_36,1,0.9999030925223542
calce_CX2_36,1,0.9999044287881002
calce_CX2_36,1,0.9999057466296971
calce_CX2_36,1,0.9999070463011255
calce_CX2_36,1,0.9999083280528661
calce_CX2_36,1,0.9999095921319483
calce_CX2_36,1,0.9999108387819968
calce_CX2_36,1,0.9999120682432796
calce_CX2_36,1,0.999913280752753
calce_CX2_36,1,0.9999144765441088
calce_CX2_36,1,0.9999156558478173
calce_CX2_36,1,0.9999168188911732
calce_CX2_36,1,0.9999179658983389
calce_CX2_36,1,0.9999190970903873
calce_CX2_36,1,0.9999202126853446
calce_CX2_36,1,0.9999213128982327
calce_CX2_36,1,0.9999223979411096
calce_CX2_36,1,0.9999234680231108
calce_CX2_36,1,0.99992452335049
calce_CX2_36,1,0.9999255641266579
calce_CX2_36,1,0.9999265905522216
calce_CX2_36,1,0.9999276028250239
calce_CX2_36,1,0.9999286011401809
calce_CX2_36,1,0.9999295856901184
calce_CX2_36,1,0.9999305566646117
calce_CX2_36,1,0.9999315142508193
calce_CX2_36,1,0.9999324586333204
calce_CX2_36,1,0.9999333899941505
calce_CX2_36,1,0.999934308512836
calce_CX2_36,1,0.9999352143664285
calce_CX2_36,1,0.9999361077295394
calce_CX2_36,1,0.999936988774374
calce_CX2_36,1,0.999937857670763
calce_CX2_36,1,0.999938714586197
calce_CX2_36,1,0.9999395596858576
calce_CX2_36,1,0.9999403931326498
calce_CX2_36,1,0.9999412150872331
calce_CX2_36,1,0.9999420257080524
calce_CX2_36,1,0.9999428251513685
calce_CX2_36,1,0.9999436135712887
calce_CX2_36,1,0.9999443911197958
calce_CX2_36,1,0.9999451579467777
calce_CX2_36,1,0.9999459142000559
calce_CX2_36,1,0.9999466600254148
calce_CX2_36,1,0.9999473955666286
calce_CX2_36,1,0.9999481209654904
calce_CX2_36,1,0.999948836361838
calce_CX2_36,1,0.9999495418935821
calce_CX2_36,1,0.9999502376967321
calce_CX2_36,1,0.9999509239054224
calce_CX2_36,1,0.9999516006519387
calce_CX2_36,1,0.9999522680667429
calce_CX2_36,1,0.9999529262784985
calce_CX2_36,1,0.9999535754140955
calce_CX2_36,1,0.9999542155986743
calce_CX2_36,1,0.9999548469556507
calce_CX2_36,1,0.9999554696067391
calce_CX2_36,1,0.9999560836719753
calce_CX2_36,1,0.9999566892697415
calce_CX2_36,1,0.9999572865167866
calce_CX2_36,1,0.9999578755282514
calce_CX2_36,1,0.9999584564176887
calce_CX2_36,1,0.9999590292970858
calce_CX2_36,1,0.999959594276886
calce_CX2_36,1,0.9999601514660109
calce_CX2_36,1,0.9999607009718794
calce_CX2_36,1,0.9999612429004304
calce_CX2_36,1,0.9999617773561421
calce_CX2_36,1,0.999962304442052
calce_CX2_36,1,0.9999628242597772
calce_CX2_36,1,0.9999633369095345
calce_CX2_36,1,0.9999638424901582
calce_CX2_36,1,0.9999643410991206
calce_CX2_36,1,0.9999648328325497
calce_CX2_36,1,0.999965317785249
calce_CX2_36,1,0.9999657960507142
calce_CX2_36,1,0.9999662677211526
calce_CX2_36,1,0.9999667328874999
calce_CX2_36,1,0.9999671916394384
calce_CX2_36,1,0.9999676440654136
calce_CX2_36,1,0.9999680902526517
calce_CX2_36,1,0.9999685302871766
calce_CX2_36,1,0.9999689642538261
calce_CX2_36,1,0.9999693922362682
calce_CX2_36,1,0.9999698143170174
calce_CX2_36,1,0.9999702305774507
calce_CX2_36,1,0.9999706410978231
calce_CX2_36,1,0.9999710459572827
calce_CX2_36,1,0.9999714452338873
calce_CX2_36,1,0.9999718390046176
calce_CX2_36,1,0.9999722273453934
calce_CX2_36,1,0.9999726103310875
calce_CX2_36,1,0.9999729880355408
calce_CX2_36,1,0.9999733605315758
calce_CX2_36,1,0.999973727891011
calce_CX2_36,1,0.9999740901846748
calce_CX2_36,1,0.9999744474824189
calce_CX2_36,1,0.9999747998531322
calce_CX2_36,1,0.9999751473647533
calce_CX2_36,1,0.9999754900842849
calce_CX2_36,1,0.9999758280778048
calce_CX2_36,1,0.9999761614104807
calce_CX2_36,1,0.9999764901465814
calce_CX2_36,1,0.9999768143494894
calce_CX2_36,1,0.9999771340817134
calce_CX2_36,1,0.9999774494049005
calce_CX2_36,1,0.9999777603798479
calce_CX2_36,1,0.9999780670665135
calce_CX2_36,1,0.99997836952403
calce_CX2_36,1,0.9999786678107137
calce_CX2_36,1,0.999978961984077
calce_CX2_36,1,0.9999792521008398
calce_CX2_36,1,0.9999795382169394
calce_CX2_36,1,0.9999798203875424
calce_CX2_36,1,0.9999800986670542
calce_CX2_36,1,0.99998037310913
calce_CX2_36,1,0.9999806437666857
calce_CX2_36,1,0.9999809106919072
calce_CX2_36,1,0.9999811739362614
calce_CX2_36,1,0.9999814335505045
calce_CX2_36,1,0.9999816895846941
calce_CX2_36,1,0.9999819420881964
calce_CX2_36,1,0.9999821911096979
calce_CX2_36,1,0.9999824366972132
calce_CX2_36,1,0.999982678898095
calce_CX2_36,1,0.9999829177590434
calce_CX2_36,1,0.9999831533261139
calce_CX2_36,1,0.9999833856447278
calce_CX2_36,1,0.9999836147596791
calce_CX2_36,1,0.9999838407151451
calce_CX2_36,1,0.9999840635546936
calce_CX2_36,1,0.9999842833212914
calce_CX2_36,1,0.9999845000573132
calce_CX2_36,1,0.9999847138045495
calce_CX2_36,1,0.9999849246042137
calce_CX2_36,1,0.9999851324969523
calce_CX2_36,1,0.9999853375228502
calce_CX2_36,1,0.9999855397214401
calce_CX2_36,1,0.9999857391317093
calce_CX2_36,1,0.9999859357921078
calce_CX2_36,1,0.9999861297405555
calce_CX2_36,1,0.9999863210144488
calce_CX2_36,1,0.9999865096506693
calce_CX2_36,1,0.9999866956855893
calce_CX2_36,1,0.99998687915508
calce_CX2_36,1,0.9999870600945179
calce_CX2_36,1,0.9999872385387917
calce_CX2_36,1,0.9999874145223088
calce_CX2_36,1,0.9999875880790023
calce_CX2_36,1,0.9999877592423377
calce_CX2_36,1,0.9999879280453186
calce_CX2_36,1,0.9999880945204935
calce_CX2_36,1,0.9999882586999624
calce_CX2_36,1,0.9999884206153827
calce_CX2_36,1,0.999988580297975
calce_CX2_36,1,0.9999887377785294
calce_CX2_36,1,0.9999888930874115
calce_CX2_36,1,0.9999890462545684
calce_CX2_36,1,0.999989197309534
calce_CX2_36,1,0.9999893462814348
calce_CX2_36,1,0.9999894931989962
calce_CX2_36,1,0.9999896380905471
calce_CX2_36,1,0.9999897809840257
calce_CX2_36,1,0.9999899219069852
calce_CX2_36,1,0.999990060886599
calce_CX2_36,1,0.999990197949665
calce_CX2_36,1,0.9999903331226128
calce_CX2_36,1,0.9999904664315062
calce_CX2_36,1,0.9999905979020508
calce_CX2_36,1,0.9999907275595972
calce_CX2_36,1,0.999990855429146
calce_CX2_36,1,0.999990981535354
calce_CX2_36,1,0.9999911059025376
calce_CX2_36,1,0.999991228554677
calce_CX2_36,1,0.9999913495154235
calce_CX2_36,1,0.9999914688081007
calce_CX2_36,1,0.9999915864557113
calce_CX2_36,1,0.9999917024809406
calce_CX2_36,1,0.9999918169061615
calce_CX2_36,1,0.9999919297534376
calce_CX2_36,1,0.9999920410445288
calce_CX2_36,1,0.9999921508008952
calce_CX2_36,1,0.9999922590437001
calce_CX2_36,1,0.9999923657938159
calce_CX2_36,1,0.9999924710718263
calce_CX2_36,1,0.9999925748980321
calce_CX2_36,1,0.9999926772924534
calce_CX2_36,1,0.9999927782748347
calce_CX2_36,1,0.9999928778646479
calce_CX2_36,1,0.9999929760810965
calce_CX2_36,1,0.9999930729431193
calce_CX2_36,1,0.999993168469394
calce_CX2_36,1,0.9999932626783402
calce_CX2_36,1,0.9999933555881244
calce_CX2_36,1,0.9999934472166616
calce_CX2_36,1,0.9999935375816208
calce_CX2_36,1,0.9999936267004265
calce_CX2_36,1,0.9999937145902631
calce_CX2_36,1,0.9999938012680781
calce_CX2_36,1,0.9999938867505859
calce_CX2_36,1,0.9999939710542695
calce_CX2_36,1,0.9999940541953849
calce_CX2_36,1,0.999994136189964
calce_CX2_36,1,0.9999942170538177
calce_CX2_36,1,0.999994296802539
calce_CX2_36,1,0.9999943754515054
calce_CX2_36,1,0.9999944530158829
calce_CX2_36,1,0.9999945295106277
calce_CX2_36,1,0.9999946049504906
calce_CX2_36,1,0.9999946793500182
calce_CX2_36,1,0.999994752723557
calce_CX2_36,1,0.9999948250852553
calce_CX2_36,1,0.9999948964490667
calce_CX2_36,1,0.9999949668287521
calce_CX2_36,1,0.999995036237883
calce_CX2_36,1,0.999995104689843
calce_CX2_36,1,0.999995172197832
calce_CX2_36,1,0.9999952387748672
calce_CX2_36,1,0.9999953044337869
calce_CX2_36,1,0.9999953691872517
calce_CX2_36,1,0.9999954330477481
calce_CX2_36,1,0.9999954960275906
calce_CX2_36,1,0.999995558138923
calce_CX2_36,1,0.9999956193937225
calce_CX2_36,1,0.999995679803801
calce_CX2_36,1,0.9999957393808069
calce_CX2_36,1,0.999995798136229
calce_CX2_36,1,0.9999958560813963
calce_CX2_36,1,0.9999959132274829
calce_CX2_36,1,0.9999959695855083
calce_CX2_36,1,0.9999960251663398
calce_CX2_36,1,0.9999960799806951
calce_CX2_36,1,0.9999961340391442
calce_CX2_36,1,0.9999961873521108
calce_CX2_36,1,0.9999962399298757
calce_CX2_36,1,0.9999962917825772
calce_CX2_36,1,0.9999963429202142
calce_CX2_36,1,0.9999963933526476
calce_CX2_36,1,0.9999964430896022
calce_CX2_36,1,0.9999964921406689
calce_CX2_36,1,0.9999965405153061
calce_CX2_36,1,0.9999965882228419
calce_CX2_36,1,0.9999966352724761
calce_CX2_36,1,0.9999966816732809
calce_CX2_36,1,0.999996727434204
calce_CX2_36,1,0.9999967725640695
calce_CX2_36,1,0.99999681707158
calce_CX2_36,1,0.9999968609653175
calce_CX2_36,1,0.9999969042537464
calce_CX2_36,1,0.9999969469452139
calce_CX2_36,1,0.9999969890479523
calce_CX2_36,1,0.9999970305700804
calce_CX2_36,1,0.9999970715196049
calce_CX2_36,1,0.999997111904422
calce_CX2_36,1,0.9999971517323194
calce_CX2_36,1,0.999997191010977
calce_CX2_36,1,0.9999972297479689
calce_CX2_36,1,0.9999972679507648
calce_CX2_36,1,0.9999973056267316
calce_CX2_36,1,0.9999973427831343
calce_CX2_36,1,0.999997379427138
calce_CX2_36,1,0.9999974155658085
calce_CX2_36,1,0.9999974512061145
calce_CX2_36,1,0.9999974863549287
calce_CX2_36,1,0.9999975210190291
calce_CX2_36,1,0.9999975552050997
calce_CX2_36,1,0.9999975889197328
calce_CX2_36,1,0.9999976221694298
calce_CX2_36,1,0.9999976549606019
calce_CX2_36,1,0.9999976872995726
calce_CX2_36,1,0.9999977191925777
calce_CX2_36,1,0.9999977506457675
calce_CX2_36,1,0.9999977816652069
calce_CX2_36,1,0.9999978122568777
calce_CX2_36,1,0.9999978424266787
calce_CX2_36,1,0.9999978721804273
calce_CX2_36,1,0.9999979015238618
calce_CX2_36,1,0.9999979304626399
calce_CX2_36,1,0.9999979590023421
calce_CX2_36,1,0.999997987148472
calce_CX2_36,1,0.9999980149064569
calce_CX2_36,1,0.9999980422816492
calce_CX2_36,1,0.9999980692793282
calce_CX2_36,1,0.9999980959046995
calce_CX2_36,1,0.9999981221628975
calce_CX2_36,1,0.9999981480589857
calce_CX2_36,1,0.9999981735979577
calce_CX2_36,1,0.9999981987847381
calce_CX2_36,1,0.9999982236241838
calce_CX2_36,1,0.9999982481210847
calce_CX2_36,1,0.9999982722801647
calce_CX2_36,1,0.999998296106082
calce_CX2_36,1,0.9999983196034317
calce_CX2_36,1,0.9999983427767442
calce_CX2_36,1,0.9999983656304885
calce_CX2_36,1,0.9999983881690714
calce_CX2_36,1,0.9999984103968391
calce_CX2_36,1,0.9999984323180777
calce_CX2_36,1,0.9999984539370146
calce_CX2_36,1,0.9999984752578184
calce_CX2_36,1,0.9999984962846008
calce_CX2_36,1,0.999998517021416
calce_CX2_36,1,0.9999985374722629
calce_CX2_36,1,0.9999985576410851
calce_CX2_36,1,0.9999985775317718
calce_CX2_36,1,0.9999985971481589
calce_CX2_36,1,0.9999986164940288
calce_CX2_36,1,0.9999986355731116
calce_CX2_36,1,0.9999986543890872
calce_CX2_36,1,0.9999986729455834
calce_CX2_36,1,0.9999986912461789
calce_CX2_36,1,0.9999987092944022
calce_CX2_36,1,0.9999987270937338
calce_CX2_36,1,0.9999987446476061
calce_CX2_36,1,0.999998761959404
calce_CX2_36,1,0.9999987790324656
calce_CX2_36,1,0.9999987958700833
calce_CX2_36,1,0.9999988124755042
calce_CX2_36,1,0.9999988288519299
calce_CX2_36,1,0.9999988450025188
calce_CX2_36,1,0.9999988609303848
calce_CX2_36,1,0.9999988766385998
calce_CX2_36,1,0.9999988921301924
calce_CX2_36,1,0.9999989074081501
calce_CX2_36,1,0.9999989224754193
calce_CX2_36,1,0.9999989373349049
calce_CX2_36,1,0.9999989519894729
calce_CX2_36,1,0.9999989664419486
calce_CX2_36,1,0.9999989806951193
calce_CX2_36,1,0.9999989947517334
calce_CX2_36,1,0.9999990086145015
calce_CX2_36,1,0.9999990222860966
calce_CX2_36,1,0.9999990357691553
calce_CX2_36,1,0.9999990490662777
calce_CX2_36,1,0.9999990621800274
calce_CX2_36,1,0.9999990751129336
calce_CX2_36,1,0.9999990878674903
calce_CX2_36,1,0.9999991004461567
calce_CX2_36,1,0.9999991128513585
calce_CX2_36,1,0.9999991250854877
calce_CX2_36,1,0.9999991371509036
calce_CX2_36,1,0.9999991490499329
calce_CX2_36,1,0.9999991607848702
calce_CX2_36,1,0.999999172357978
calce_CX2_36,1,0.9999991837714882
calce_CX2_36,1,0.9999991950276017
calce_CX2_36,1,0.9999992061284891
calce_CX2_36,1,0.9999992170762911
calce_CX2_36,1,0.9999992278731187
calce_CX2_36,1,0.9999992385210538
calce_CX2_36,1,0.9999992490221496
calce_CX2_36,1,0.9999992593784316
calce_CX2_36,1,0.9999992695918961
calce_CX2_36,1,0.9999992796645134
calce_CX2_36,1,0.999999289598225
calce_CX2_36,1,0.9999992993949472
calce_CX2_36,1,0.9999993090565686
calce_CX2_36,1,0.9999993185849527
calce_CX2_36,1,0.9999993279819366
calce_CX2_36,1,0.9999993372493323
calce_CX2_36,1,0.9999993463889272
calce_CX2_36,1,0.9999993554024836
calce_CX2_36,1,0.9999993642917393
calce_CX2_36,1,0.9999993730584089
calce_CX2_36,1,0.9999993817041827
calce_CX2_36,1,0.9999993902307279
calce_CX2_36,1,0.9999993986396886
calce_CX2_36,1,0.9999994069326865
calce_CX2_36,1,0.9999994151113208
calce_CX2_36,1,0.9999994231771686
calce_CX2_36,1,0.9999994311317851
calce_CX2_36,1,0.9999994389767045
calce_CX2_36,1,0.9999994467134391
calce_CX2_36,1,0.9999994543434814
calce_CX2_36,1,0.9999994618683024
calce_CX2_36,1,0.9999994692893531
calce_CX2_36,1,0.9999994766080645
calce_CX2_36,1,0.9999994838258481
calce_CX2_36,1,0.9999994909440957
calce_CX2_36,1,0.9999994979641798
calce_CX2_36,1,0.9999995048874541
calce_CX2_36,1,0.9999995117152538
calce_CX2_36,1,0.9999995184488956
calce_CX2_36,1,0.9999995250896775
calce_CX2_36,1,0.9999995316388808
calce_CX2_36,1,0.9999995380977678
calce_CX2_36,1,0.9999995444675843
calce_CX2_36,1,0.9999995507495585
calce_CX2_36,1,0.9999995569449016
calce_CX2_36,1,0.9999995630548086
calce_CX2_36,1,0.9999995690804578
calce_CX2_36,1,0.9999995750230107
calce_CX2_36,1,0.9999995808836135
calce_CX2_36,1,0.9999995866633963
calce_CX2_36,1,0.9999995923634736
calce_CX2_36,1,0.9999995979849445
calce_CX2_36,1,0.9999996035288932
calce_CX2_36,1,0.9999996089963886
calce_CX2_36,1,0.999999614388485
calce_CX2_36,1,0.9999996197062223
calce_CX2_36,1,0.9999996249506261
calce_CX2_36,1,0.9999996301227072
calce_CX2_36,1,0.9999996352234636
calce_CX2_36,1,0.9999996402538782
calce_CX2_36,1,0.9999996452149216
calce_CX2_36,1,0.9999996501075502
calce_CX2_36,1,0.9999996549327076
calce_CX2_36,1,0.999999659691324
calce_CX2_36,1,0.9999996643843173
calce_CX2_36,1,0.9999996690125922
calce_CX2_36,1,0.9999996735770416
calce_CX2_36,1,0.9999996780785451
calce_CX2_36,1,0.9999996825179713
calce_CX2_36,1,0.9999996868961759
calce_CX2_36,1,0.9999996912140036
calce_CX2_36,1,0.9999996954722864
calce_CX2_36,1,0.9999996996718461
calce_CX2_36,1,0.999999703813492
calce_CX2_36,1,0.9999997078980231
calce_CX2_36,1,0.9999997119262268
calce_CX2_36,1,0.9999997158988799
calce_CX2_36,1,0.9999997198167486
calce_CX2_36,1,0.9999997236805884
calce_CX2_36,1,0.9999997274911442
calce_CX2_36,1,0.999999731249151
calce_CX2_36,1,0.9999997349553335
calce_CX2_36,1,0.9999997386104059
calce_CX2_36,1,0.9999997422150738
calce_CX2_36,1,0.9999997457700316
calce_CX2_36,1,0.9999997492759651
calce_CX2_36,1,0.9999997527335506
calce_CX2_36,1,0.9999997561434546
calce_CX2_36,1,0.9999997595063345
calce_CX2_36,1,0.9999997628228391
calce_CX2_36,1,0.9999997660936076
calce_CX2_36,1,0.9999997693192709
calce_CX2_36,1,0.9999997725004512
calce_CX2_36,1,0.9999997756377615
calce_CX2_36,1,0.9999997787318075
calce_CX2_36,1,0.9999997817831848
calce_CX2_36,1,0.9999997847924827
calce_CX2_36,1,0.9999997877602813
calce_CX2_36,1,0.9999997906871526
calce_CX2_36,1,0.9999997935736611
calce_CX2_36,1,0.9999997964203634
calce_CX2_36,1,0.9999997992278088
calce_CX2_36,1,0.9999998019965383
calce_CX2_36,1,0.9999998047270858
calce_CX2_36,1,0.9999998074199781
calce_CX2_36,1,0.9999998100757342
calce_CX2_36,1,0.9999998126948666
calce_CX2_36,1,0.9999998152778798
calce_CX2_36,1,0.9999998178252726
calce_CX2_36,1,0.9999998203375356
calce_CX2_36,1,0.9999998228151535
calce_CX2_36,1,0.9999998252586041
calce_CX2_36,1,0.9999998276683583
calce_CX2_36,1,0.9999998300448814
calce_CX2_36,1,0.9999998323886311
calce_CX2_36,1,0.9999998347000594
calce_CX2_36,1,0.9999998369796123
calce_CX2_36,1,0.9999998392277295
calce_CX2_36,1,0.9999998414448439
calce_CX2_36,1,0.9999998436313835
calce_CX2_36,1,0.9999998457877699
calce_CX2_36,1,0.9999998479144188
calce_CX2_36,1,0.9999998500117405
calce_CX2_36,1,0.9999998520801391
calce_CX2_36,1,0.9999998541200139
calce_CX2_36,1,0.9999998561317578
calce_CX2_36,1,0.9999998581157589
calce_CX2_36,1,0.9999998600724
calce_CX2_36,1,0.9999998620020583
calce_CX2_36,1,0.9999998639051056
calce_CX2_36,1,0.9999998657819091
calce_CX2_36,1,0.999999867632831
calce_CX2_36,1,0.9999998694582276
calce_CX2_36,1,0.9999998712584514
calce_CX2_36,1,0.9999998730338494
calce_CX2_36,1,0.9999998747847639
calce_CX2_36,1,0.9999998765115327
calce_CX2_36,1,0.9999998782144888
calce_CX2_36,1,0.9999998798939602
calce_CX2_36,1,0.9999998815502709
calce_CX2_36,1,0.9999998831837408
calce_CX2_36,1,0.9999998847946843
calce_CX2_36,1,0.9999998863834121
calce_CX2_36,1,0.9999998879502306
calce_CX2_36,1,0.9999998894954425
calce_CX2_36,1,0.9999998910193449
calce_CX2_36,1,0.9999998925222322
calce_CX2_36,1,0.999999894004394
calce_CX2_36,1,0.9999998954661165
calce_CX2_36,1,0.9999998969076811
calce_CX2_36,1,0.9999998983293658
calce_CX2_36,1,0.9999998997314451
calce_CX2_36,1,0.9999999011141889
calce_CX2_36,1,0.9999999024778643
calce_CX2_36,1,0.999999903822734
calce_CX2_36,1,0.9999999051490575
calce_CX2_36,1,0.9999999064570905
calce_CX2_36,1,0.999999907747085
calce_CX2_36,1,0.99999990901929
calce_CX2_36,1,0.9999999102739509
calce_CX2_36,1,0.9999999115113093
calce_CX2_36,1,0.9999999127316043
calce_CX2_36,1,0.9999999139350707
calce_CX2_36,1,0.9999999151219409
calce_CX2_36,1,0.9999999162924437
calce_CX2_36,1,0.9999999174468047
calce_CX2_36,1,0.9999999185852468
calce_CX2_36,1,0.9999999197079892
calce_CX2_36,1,0.9999999208152486
calce_CX2_36,1,0.9999999219072383
calce_CX2_36,1,0.9999999229841691
calce_CX2_36,1,0.9999999240462487
calce_CX2_36,1,0.9999999250936816
calce_CX2_36,1,0.9999999261266702
calce_CX2_36,1,0.9999999271454134
calce_CX2_36,1,0.9999999281501075
calce_CX2_36,1,0.9999999291409466
calce_CX2_36,1,0.9999999301181217
calce_CX2_36,1,0.9999999310818212
calce_CX2_36,1,0.9999999320322308
calce_CX2_36,1,0.9999999329695337
calce_CX2_36,1,0.9999999338939111
calce_CX2_36,1,0.9999999348055408
calce_CX2_36,1,0.9999999357045989
calce_CX2_36,1,0.9999999365912584
calce_CX2_36,1,0.9999999374656906
calce_CX2_36,1,0.9999999383280642
calce_CX2_36,1,0.9999999391785451
calce_CX2_36,1,0.9999999400172976
calce_CX2_36,1,0.9999999408444835
calce_CX2_36,1,0.999999941660262
calce_CX2_36,1,0.9999999424647907
calce_CX2_36,1,0.9999999432582244
calce_CX2_36,1,0.9999999440407166
calce_CX2_36,1,0.9999999448124178
calce_CX2_36,1,0.9999999455734768
calce_CX2_36,1,0.9999999463240408
calce_CX2_36,1,0.9999999470642539
calce_CX2_36,1,0.9999999477942595
calce_CX2_36,1,0.9999999485141977
calce_CX2_36,1,0.9999999492242077
calce_CX2_36,1,0.9999999499244266
calce_CX2_36,1,0.999999950614989
calce_CX2_36,1,0.9999999512960281
calce_CX2_36,1,0.9999999519676758
calce_CX2_36,1,0.9999999526300609
calce_CX2_36,1,0.9999999532833117
calce_CX2_36,1,0.9999999539275538
calce_CX2_36,1,0.9999999545629116
calce_CX2_36,1,0.9999999551895074
calce_CX2_36,1,0.9999999558074621
calce_CX2_36,1,0.9999999564168952
calce_CX2_36,1,0.999999957017924
calce_CX2_36,1,0.9999999576106642
calce_CX2_36,1,0.9999999581952304
calce_CX2_36,1,0.9999999587717351
calce_CX2_36,1,0.9999999593402896
calce_CX2_36,1,0.9999999599010034
calce_CX2_36,1,0.9999999604539849
calce_CX2_36,1,0.9999999609993404
calce_CX2_36,1,0.9999999615371752
calce_CX2_36,1,0.9999999620675933
calce_CX2_36,1,0.9999999625906967
calce_CX2_36,1,0.9999999631065859
calce_CX2_36,1,0.9999999636153611
calce_CX2_36,1,0.9999999641171202
calce_CX2_36,1,0.9999999646119596
calce_CX2_36,1,0.999999965099975
calce_CX2_36,1,0.9999999655812605
calce_CX2_36,1,0.9999999660559089
calce_CX2_36,1,0.9999999665240116
calce_CX2_36,1,0.9999999669856592
calce_CX2_36,1,0.9999999674409403
calce_CX2_36,1,0.9999999678899428
calce_CX2_36,1,0.9999999683327535
calce_CX2_36,1,0.9999999687694577
calce_CX2_36,1,0.9999999692001397
calce_CX2_36,1,0.9999999696248822
calce_CX2_36,1,0.9999999700437674
calce_CX2_36,1,0.999999970456876
calce_CX2_36,1,0.9999999708642877
calce_CX2_36,1,0.9999999712660809
calce_CX2_36,1,0.9999999716623332
calce_CX2_36,1,0.9999999720531213
calce_CX2_36,1,0.9999999724385201
calce_CX2_36,1,0.9999999728186041
calce_CX2_36,1,0.9999999731934466
calce_CX2_36,1,0.9999999735631198
calce_CX2_36,1,0.999999973927695
calce_CX2_36,1,0.9999999742872427
calce_CX2_36,1,0.9999999746418322
calce_CX2_36,1,0.9999999749915316
calce_CX2_36,1,0.9999999753364085
calce_CX2_36,1,0.9999999756765293
calce_CX2_36,1,0.9999999760119599
calce_CX2_36,1,0.9999999763427646
calce_CX2_36,1,0.9999999766690076
calce_CX2_36,1,0.9999999769907514
calce_CX2_36,1,0.9999999773080585
calce_CX2_36,1,0.9999999776209895
calce_CX2_36,1,0.9999999779296049
calce_CX2_36,1,0.9999999782339648
calce_CX2_36,1,0.9999999785341271
calce_CX2_36,1,0.9999999788301503
calce_CX2_36,1,0.999999979122091
calce_CX2_36,1,0.9999999794100061
calce_CX2_36,1,0.9999999796939503
calce_CX2_36,1,0.9999999799739789
calce_CX2_36,1,0.999999980250146
calce_CX2_36,1,0.9999999805225045
calce_CX2_36,1,0.999999980791107
calce_CX2_36,1,0.9999999810560055
calce_CX2_36,1,0.9999999813172508
calce_CX2_36,1,0.9999999815748936
calce_CX2_36,1,0.9999999818289832
calce_CX2_36,1,0.999999982079569
calce_CX2_36,1,0.9999999823266988
calce_CX2_36,1,0.999999982570421
calce_CX2_36,1,0.9999999828107818
calce_CX2_36,1,0.9999999830478282
calce_CX2_36,1,0.9999999832816054
calce_CX2_36,1,0.9999999835121589
calce_CX2_36,1,0.999999983739533
calce_CX2_36,1,0.9999999839637714
calce_CX2_36,1,0.9999999841849174
calce_CX2_36,1,0.9999999844030139
calce_CX2_36,1,0.9999999846181027
calce_CX2_36,1,0.9999999848302252
calce_CX2_36,1,0.9999999850394226
calce_CX2_36,1,0.9999999852457351
calce_CX2_36,1,0.9999999854492023
calce_CX2_36,1,0.9999999856498638
calce_CX2_36,1,0.999999985847758
calce_CX2_36,1,0.9999999860429232
calce_CX2_36,1,0.999999986235397
calce_CX2_36,1,0.9999999864252165
calce_CX2_36,1,0.9999999866124181
calce_CX2_36,1,0.9999999867970384
calce_CX2_36,1,0.9999999869791125
calce_CX2_36,1,0.9999999871586759
calce_CX2_36,1,0.9999999873357629
calce_CX2_36,1,0.9999999875104079
calce_CX2_36,1,0.9999999876826443
calce_CX2_36,1,0.9999999878525058
calce_CX2_36,1,0.9999999880200247
calce_CX2_36,1,0.9999999881852334
calce_CX2_36,1,0.9999999883481637
calce_CX2_36,1,0.9999999885088474
calce_CX2_36,1,0.9999999886673149
calce_CX2_36,1,0.9999999888235974
calce_CX2_36,1,0.9999999889777244
calce_CX2_36,1,0.9999999891297261
calce_CX2_36,1,0.9999999892796315
calce_CX2_36,1,0.9999999894274699
calce_CX2_36,1,0.9999999895732693
calce_CX2_36,1,0.9999999897170581
calce_CX2_36,1,0.9999999898588642
calce_CX2_36,1,0.9999999899987145
calce_CX2_36,1,0.9999999901366362
calce_CX2_36,1,0.9999999902726561
calce_CX2_36,1,0.9999999904068001
calce_CX2_36,1,0.9999999905390943
calce_CX2_36,1,0.9999999906695639
calce_CX2_36,1,0.9999999907982345
calce_CX2_36,1,0.9999999909251306
calce_CX2_36,1,0.9999999910502767
calce_CX2_36,1,0.9999999911736971
calce_CX2_36,1,0.9999999912954153
calce_CX2_36,1,0.999999991415455
calce_CX2_36,1,0.9999999915338394
calce_CX2_36,1,0.9999999916505912
calce_CX2_36,1,0.9999999917657331
calce_CX2_36,1,0.9999999918792869
calce_CX2_36,1,0.9999999919912749
calce_CX2_36,1,0.9999999921017183
calce_CX2_36,1,0.999999992210639
calce_CX2_36,1,0.9999999923180573
calce_CX2_36,1,0.9999999924239945
calce_CX2_36,1,0.9999999925284707
calce_CX2_36,1,0.999999992631506
calce_CX2_36,1,0.9999999927331205
calce_CX2_36,1,0.9999999928333336
calce_CX2_36,1,0.999999992932165
calce_CX2_36,1,0.9999999930296333
calce_CX2_36,1,0.9999999931257575
calce_CX2_36,1,0.9999999932205561
calce_CX2_36,1,0.9999999933140473
calce_CX2_36,1,0.9999999934062493
calce_CX2_36,1,0.9999999934971797
calce_CX2_36,1,0.9999999935868564
calce_CX2_36,1,0.9999999936752961
calce_CX2_36,1,0.9999999937625164
calce_CX2_36,1,0.9999999938485338
calce_CX2_36,1,0.999999993933365
calce_CX2_36,1,0.9999999940170263
calce_CX2_36,1,0.9999999940995341
calce_CX2_36,1,0.9999999941809039
calce_CX2_36,1,0.9999999942611515
calce_CX2_36,1,0.9999999943402926
calce_CX2_36,1,0.9999999944183422
calce_CX2_36,1,0.9999999944953157
calce_CX2_36,1,0.9999999945712275
calce_CX2_36,1,0.9999999946460925
calce_CX2_36,1,0.999999994719925
calce_CX2_36,1,0.9999999947927394
calce_CX2_36,1,0.9999999948645497
calce_CX2_36,1,0.9999999949353695
calce_CX2_36,1,0.999999995005213
calce_CX2_36,1,0.999999995074093
calce_CX2_36,1,0.9999999951420233
calce_CX2_36,1,0.9999999952090168
calce_CX2_36,1,0.9999999952750864
calce_CX2_36,1,0.9999999953402448
calce_CX2_36,1,0.9999999954045047
calce_CX2_36,1,0.9999999954678784
calce_CX2_36,1,0.9999999955303782
calce_CX2_36,1,0.9999999955920162
calce_CX2_36,1,0.9999999956528041
calce_CX2_36,1,0.9999999957127537
calce_CX2_36,1,0.9999999957718766
calce_CX2_36,1,0.9999999958301842
calce_CX2_36,1,0.9999999958876875
calce_CX2_36,1,0.9999999959443979
calce_CX2_36,1,0.9999999960003263
calce_CX2_36,1,0.9999999960554835
calce_CX2_36,1,0.99999999610988
calce_CX2_36,1,0.9999999961635264
calce_CX2_36,1,0.9999999962164328
calce_CX2_36,1,0.9999999962686097
calce_CX2_36,1,0.9999999963200672
calce_CX2_36,1,0.999999996370815
calce_CX2_36,1,0.9999999964208628
calce_CX2_36,1,0.9999999964702206
calce_CX2_36,1,0.9999999965188977
calce_CX2_36,1,0.9999999965669035
calce_CX2_36,1,0.9999999966142474
calce_CX2_36,1,0.9999999966609383
calce_CX2_36,1,0.9999999967069853
calce_CX2_36,1,0.9999999967523974
calce_CX2_36,1,0.9999999967971831
calce_CX2_36,1,0.9999999968413511
calce_CX2_36,1,0.9999999968849103
calce_CX2_36,1,0.9999999969278686
calce_CX2_36,1,0.9999999969702345
calce_CX2_36,1,0.9999999970120161
calce_CX2_36,1,0.9999999970532216
calce_CX2_36,1,0.9999999970938589
calce_CX2_36,1,0.999999997133936
calce_CX2_36,1,0.9999999971734601
calce_CX2_36,1,0.9999999972124392
calce_CX2_36,1,0.9999999972508808
calce_CX2_36,1,0.9999999972887923
calce_CX2_36,1,0.9999999973261808
calce_CX2_36,1,0.999999997363054
calce_CX2_36,1,0.9999999973994185
calce_CX2_36,1,0.9999999974352816
calce_CX2_36,1,0.9999999974706502
calce_CX2_36,1,0.9999999975055309
calce_CX2_36,1,0.9999999975399305
calce_CX2_36,1,0.999999997573856
calce_CX2_36,1,0.9999999976073135
calce_CX2_36,1,0.9999999976403096
calce_CX2_36,1,0.9999999976728506
calce_CX2_36,1,0.999999997704943
calce_CX2_36,1,0.9999999977365928
calce_CX2_36,1,0.999999997767806
calce_CX2_36,1,0.999999997798589
calce_CX2_36,1,0.9999999978289473
calce_CX2_36,1,0.9999999978588869
calce_CX2_36,1,0.9999999978884138
calce_CX2_36,1,0.9999999979175334
calce_CX2_36,1,0.9999999979462515
calce_CX2_36,1,0.9999999979745735
calce_CX2_36,1,0.9999999980025049
calce_CX2_36,1,0.9999999980300514
calce_CX2_36,1,0.9999999980572176
calce_CX2_36,1,0.9999999980840093
calce_CX2_36,1,0.9999999981104317
calce_CX2_36,1,0.9999999981364895
calce_CX2_36,1,0.9999999981621881
calce_CX2_36,1,0.9999999981875323
calce_CX2_36,1,0.9999999982125269
calce_CX2_36,1,0.999999998237177
calce_CX2_36,1,0.9999999982614871
calce_CX2_36,1,0.9999999982854617
calce_CX2_36,1,0.9999999983091059
calce_CX2_36,1,0.9999999983324241
calce_CX2_36,1,0.9999999983554206
calce_CX2_36,1,0.9999999983781
calce_CX2_36,1,0.9999999984004668
calce_CX2_36,1,0.999999998422525
calce_CX2_36,1,0.9999999984442789
calce_CX2_36,1,0.9999999984657331
calce_CX2_36,1,0.9999999984868913
calce_CX2_36,1,0.9999999985077574
calce_CX2_36,1,0.9999999985283361
calce_CX2_36,1,0.999999998548631
calce_CX2_36,1,0.9999999985686461
calce_CX2_36,1,0.999999998588385
calce_CX2_36,1,0.9999999986078516
calce_CX2_36,1,0.99999999862705
calce_CX2_36,1,0.9999999986459835
calce_CX2_36,1,0.9999999986646559
calce_CX2_36,1,0.999999998683071
calce_CX2_36,1,0.9999999987012318
calce_CX2_36,1,0.9999999987191424
calce_CX2_36,1,0.999999998736806
calce_CX2_36,1,0.9999999987542258
calce_CX2_36,1,0.9999999987714057
calce_CX2_36,1,0.9999999987883486
calce_CX2_36,1,0.9999999988050576
calce_CX2_36,1,0.9999999988215365
calce_CX2_36,1,0.9999999988377879
calce_CX2_36,1,0.9999999988538153
calce_CX2_36,1,0.9999999988696215
calce_CX2_36,1,0.99999999888521
calce_CX2_36,1,0.9999999989005834
calce_CX2_36,1,0.9999999989157449
calce_CX2_36,1,0.9999999989306971
calce_CX2_36,1,0.9999999989454431
calce_CX2_36,1,0.9999999989599859
calce_CX2_36,1,0.9999999989743282
calce_CX2_36,1,0.9999999989884727
calce_CX2_36,1,0.999999999002422
calce_CX2_36,1,0.999999999016179
calce_CX2_36,1,0.9999999990297463
calce_CX2_36,1,0.9999999990431265
calce_CX2_36,1,0.9999999990563222
calce_CX2_36,1,0.9999999990693358
calce_CX2_36,1,0.9999999990821702
calce_CX2_36,1,0.9999999990948274
calce_CX2_36,1,0.9999999991073101
calce_CX2_36,1,0.9999999991196207
calce_CX2_36,1,0.9999999991317614
calce_CX2_36,1,0.9999999991437347
calce_CX2_36,1,0.999999999155543
calce_CX2_36,1,0.9999999991671884
calce_CX2_36,1,0.9999999991786732
calce_CX2_36,1,0.9999999991899997
calce_CX2_36,1,0.9999999992011699
calce_CX2_36,1,0.9999999992121862
calce_CX2_36,1,0.9999999992230504
calce_CX2_36,1,0.9999999992337647
calce_CX2_36,1,0.9999999992443316
calce_CX2_36,1,0.9999999992547526
calce_CX2_36,1,0.9999999992650297
calce_CX2_36,1,0.9999999992751654
calce_CX2_36,1,0.9999999992851611
calce_CX2_36,1,0.999999999295019
calce_CX2_36,1,0.999999999304741
calce_CX2_36,1,0.9999999993143289
calce_CX2_36,1,0.9999999993237845
calce_CX2_36,1,0.9999999993331099
calce_CX2_36,1,0.9999999993423065
calce_CX2_36,1,0.9999999993513764
calce_CX2_36,1,0.9999999993603212
calce_CX2_36,1,0.9999999993691426
calce_CX2_36,1,0.9999999993778423
calce_CX2_36,1,0.9999999993864221
calce_CX2_36,1,0.9999999993948836
calce_CX2_36,1,0.9999999994032285
calce_CX2_36,1,0.9999999994114581
calce_CX2_36,1,0.9999999994195743
calce_CX2_36,1,0.9999999994275788
calce_CX2_36,1,0.9999999994354727
calce_CX2_36,1,0.9999999994432578
calce_CX2_36,1,0.9999999994509354
calce_CX2_36,1,0.9999999994585071
calce_CX2_36,1,0.9999999994659745
calce_CX2_36,1,0.9999999994733391
calce_CX2_36,1,0.9999999994806019
calce_CX2_36,1,0.9999999994877646
calce_CX2_36,1,0.9999999994948285
calce_CX2_36,1,0.999999999501795
calce_CX2_36,1,0.9999999995086655
calce_CX2_36,1,0.9999999995154412
calce_CX2_36,1,0.9999999995221236
calce_CX2_36,1,0.9999999995287137
calce_CX2_36,1,0.9999999995352129
calce_CX2_36,1,0.9999999995416224
calce_CX2_36,1,0.9999999995479436
calce_CX2_36,1,0.9999999995541777
calce_CX2_36,1,0.9999999995603257
calce_CX2_36,1,0.9999999995663891
calce_CX2_36,1,0.9999999995723687
calce_CX2_36,1,0.999999999578266
calce_CX2_36,1,0.9999999995840818
calce_CX2_36,1,0.9999999995898174
calce_CX2_36,1,0.999999999595474
calce_CX2_36,1,0.9999999996010527
calce_CX2_36,1,0.9999999996065543
calce_CX2_36,1,0.9999999996119802
calce_CX2_36,1,0.999999999617331
calce_CX2_36,1,0.9999999996226081
calce_CX2_36,1,0.9999999996278126
calce_CX2_36,1,0.9999999996329452
calce_CX2_36,1,0.9999999996380071
calce_CX2_36,1,0.9999999996429991
calce_CX2_36,1,0.9999999996479223
calce_CX2_36,1,0.9999999996527775
calce_CX2_36,1,0.9999999996575659
calce_CX2_36,1,0.9999999996622881
calce_CX2_36,1,0.9999999996669453
calce_CX2_36,1,0.9999999996715383
calce_CX2_36,1,0.999999999676068
calce_CX2_36,1,0.9999999996805351
calce_CX2_36,1,0.9999999996849407
calce_CX2_36,1,0.9999999996892854
calce_CX2_36,1,0.9999999996935702
calce_CX2_36,1,0.9999999996977962
calce_CX2_36,1,0.9999999997019637
calce_CX2_36,1,0.9999999997060736
calce_CX2_36,1,0.999999999710127
calce_CX2_36,1,0.9999999997141245
calce_CX2_36,1,0.9999999997180669
calce_CX2_36,1,0.9999999997219549
calce_CX2_36,1,0.9999999997257891
calce_CX2_36,1,0.9999999997295705
calce_CX2_36,1,0.9999999997333
calce_CX2_36,1,0.999999999736978
calce_CX2_36,1,0.999999999740605
calce_CX2_36,1,0.9999999997441822
calce_CX2_36,1,0.99999999974771
calce_CX2_36,1,0.9999999997511893
calce_CX2_36,1,0.9999999997546205
calce_CX2_36,1,0.9999999997580042
calce_CX2_36,1,0.9999999997613416
calce_CX2_36,1,0.9999999997646327
calce_CX2_36,1,0.9999999997678786
calce_CX2_36,1,0.9999999997710796
calce_CX2_36,1,0.9999999997742366
calce_CX2_36,1,0.9999999997773499
calce_CX2_36,1,0.9999999997804203
calce_CX2_36,1,0.9999999997834483
calce_CX2_36,1,0.9999999997864348
calce_CX2_36,1,0.9999999997893798
calce_CX2_36,1,0.9999999997922844
calce_CX2_36,1,0.999999999795149
calce_CX2_36,1,0.9999999997979738
calce_CX2_36,1,0.9999999998007598
calce_CX2_36,1,0.9999999998035074
calce_CX2_36,1,0.9999999998062172
calce_CX2_36,1,0.9999999998088895
calce_CX2_36,1,0.999999999811525
calce_CX2_36,1,0.9999999998141242
calce_CX2_36,1,0.9999999998166875
calce_CX2_36,1,0.9999999998192155
calce_CX2_36,1,0.9999999998217086
calce_CX2_36,1,0.9999999998241673
calce_CX2_36,1,0.999999999826592
calce_CX2_36,1,0.9999999998289835
calce_CX2_36,1,0.9999999998313418
calce_CX2_36,1,0.9999999998336677
calce_CX2_36,1,0.9999999998359614
calce_CX2_36,1,0.9999999998382236
calce_CX2_36,1,0.9999999998404545
calce_CX2_36,1,0.9999999998426548
calce_CX2_36,1,0.9999999998448246
calce_CX2_36,1,0.9999999998469646
calce_CX2_36,1,0.999999999849075
calce_CX2_36,1,0.9999999998511564
calce_CX2_36,1,0.999999999853209
calce_CX2_36,1,0.9999999998552331
calce_CX2_36,1,0.9999999998572295
calce_CX2_36,1,0.9999999998591984
calce_CX2_36,1,0.9999999998611402
calce_CX2_36,1,0.9999999998630551
calce_CX2_36,1,0.9999999998649436
calce_CX2_36,1,0.9999999998668061
calce_CX2_36,1,0.9999999998686429
calce_CX2_36,1,0.9999999998704545
calce_CX2_36,1,0.9999999998722409
calce_CX2_36,1,0.9999999998740028
calce_CX2_36,1,0.9999999998757403
calce_CX2_36,1,0.9999999998774538
calce_CX2_36,1,0.9999999998791438
calce_CX2_36,1,0.9999999998808105
calce_CX2_36,1,0.9999999998824542
calce_CX2_36,1,0.9999999998840752
calce_CX2_36,1,0.9999999998856739
calce_CX2_36,1,0.9999999998872504
calce_CX2_36,1,0.9999999998888054
calce_CX2_36,1,0.9999999998903386
calce_CX2_36,1,0.999999999891851
calce_CX2_36,1,0.9999999998933424
calce_CX2_36,1,0.9999999998948133
calce_CX2_36,1,0.9999999998962639
calce_CX2_36,1,0.9999999998976943
calce_CX2_36,1,0.9999999998991052
calce_CX2_36,1,0.9999999999004967
calce_CX2_36,1,0.9999999999018687
calce_CX2_36,1,0.9999999999032221
calce_CX2_36,1,0.9999999999045566
calce_CX2_36,1,0.9999999999058728
calce_CX2_36,1,0.9999999999071709
calce_CX2_36,1,0.999999999908451
calce_CX2_36,1,0.9999999999097136
calce_CX2_36,1,0.9999999999109586
calce_CX2_36,1,0.9999999999121867
calce_CX2_36,1,0.9999999999133975
calce_CX2_36,1,0.9999999999145919
calce_CX2_36,1,0.9999999999157696
calce_CX2_36,1,0.9999999999169313
calce_CX2_36,1,0.9999999999180769
calce_CX2_36,1,0.9999999999192066
calce_CX2_36,1,0.9999999999203206
calce_CX2_36,1,0.9999999999214195
calce_CX2_36,1,0.9999999999225031
calce_CX2_36,1,0.9999999999235718
calce_CX2_36,1,0.9999999999246258
calce_CX2_36,1,0.9999999999256652
calce_CX2_36,1,0.9999999999266904
calce_CX2_36,1,0.9999999999277014
calce_CX2_36,1,0.9999999999286984
calce_CX2_36,1,0.9999999999296816
calce_CX2_36,1,0.9999999999306515
calce_CX2_36,1,0.9999999999316078
calce_CX2_36,1,0.9999999999325508
calce_CX2_36,1,0.999999999933481
calce_CX2_36,1,0.9999999999343985
calce_CX2_36,1,0.9999999999353031
calce_CX2_36,1,0.9999999999361953
calce_CX2_36,1,0.9999999999370752
calce_CX2_36,1,0.999999999937943
calce_CX2_36,1,0.9999999999387987
calce_CX2_36,1,0.9999999999396427
calce_CX2_36,1,0.999999999940475
calce_CX2_36,1,0.9999999999412958
calce_CX2_36,1,0.9999999999421054
calce_CX2_36,1,0.9999999999429039
calce_CX2_36,1,0.9999999999436913
calce_CX2_36,1,0.9999999999444678
calce_CX2_36,1,0.9999999999452336
calce_CX2_36,1,0.9999999999459888
calce_CX2_36,1,0.9999999999467337
calce_CX2_36,1,0.9999999999474682
calce_CX2_36,1,0.9999999999481926
calce_CX2_36,1,0.9999999999489071
calce_CX2_36,1,0.9999999999496116
calce_CX2_36,1,0.9999999999503066
calce_CX2_36,1,0.9999999999509919
calce_CX2_36,1,0.9999999999516678
calce_CX2_36,1,0.9999999999523341
calce_CX2_36,1,0.9999999999529916
calce_CX2_36,1,0.9999999999536398
calce_CX2_36,1,0.9999999999542792
calce_CX2_36,1,0.9999999999549096
calce_CX2_36,1,0.9999999999555316
calce_CX2_36,1,0.9999999999561446
calce_CX2_36,1,0.9999999999567495
calce_CX2_36,1,0.9999999999573459
calce_CX2_36,1,0.9999999999579341
calce_CX2_36,1,0.9999999999585143
calce_CX2_36,1,0.9999999999590863
calce_CX2_36,1,0.9999999999596505
calce_CX2_36,1,0.9999999999602069
calce_CX2_36,1,0.9999999999607558
calce_CX2_36,1,0.999999999961297
calce_CX2_36,1,0.9999999999618308
calce_CX2_36,1,0.999999999962357
calce_CX2_36,1,0.9999999999628761
calce_CX2_36,1,0.9999999999633882
calce_CX2_36,1,0.9999999999638931
calce_CX2_36,1,0.9999999999643909
calce_CX2_36,1,0.9999999999648821
calce_CX2_36,1,0.9999999999653664
calce_CX2_36,1,0.999999999965844
calce_CX2_36,1,0.999999999966315
calce_CX2_36,1,0.9999999999667795
calce_CX2_36,1,0.9999999999672375
calce_CX2_36,1,0.9999999999676894
calce_CX2_36,1,0.999999999968135
calce_CX2_36,1,0.9999999999685745
calce_CX2_36,1,0.9999999999690077
calce_CX2_36,1,0.9999999999694351
calce_CX2_36,1,0.9999999999698568
calce_CX2_36,1,0.9999999999702724
calce_CX2_36,1,0.9999999999706823
calce_CX2_36,1,0.9999999999710867
calce_CX2_36,1,0.9999999999714853
calce_CX2_36,1,0.9999999999718785
calce_CX2_36,1,0.9999999999722664
calce_CX2_36,1,0.9999999999726488
calce_CX2_36,1,0.999999999973026
calce_CX2_36,1,0.999999999973398
calce_CX2_36,1,0.9999999999737648
calce_CX2_36,1,0.9999999999741267
calce_CX2_36,1,0.9999999999744835
calce_CX2_36,1,0.9999999999748352
calce_CX2_36,1,0.9999999999751823
calce_CX2_36,1,0.9999999999755247
calce_CX2_36,1,0.9999999999758622
calce_CX2_36,1,0.999999999976195
calce_CX2_36,1,0.9999999999765232
calce_CX2_36,1,0.999999999976847
calce_CX2_36,1,0.9999999999771663
calce_CX2_36,1,0.9999999999774811
calce_CX2_36,1,0.9999999999777918
calce_CX2_36,1,0.999999999978098
calce_CX2_36,1,0.9999999999784002
calce_CX2_36,1,0.9999999999786979
calce_CX2_36,1,0.9999999999789917
calce_CX2_36,1,0.9999999999792815
calce_CX2_36,1,0.9999999999795672
calce_CX2_36,1,0.999999999979849
calce_CX2_36,1,0.9999999999801268
calce_CX2_36,1,0.9999999999804008
calce_CX2_36,1,0.9999999999806712
calce_CX2_36,1,0.9999999999809377
calce_CX2_36,1,0.9999999999812006
calce_CX2_36,1,0.9999999999814597
calce_CX2_36,1,0.9999999999817155
calce_CX2_36,1,0.9999999999819678
calce_CX2_36,1,0.9999999999822162
calce_CX2_36,1,0.9999999999824616
calce_CX2_36,1,0.9999999999827034
calce_CX2_36,1,0.9999999999829419
calce_CX2_36,1,0.9999999999831772
calce_CX2_36,1,0.9999999999834093
calce_CX2_36,1,0.999999999983638
calce_CX2_36,1,0.9999999999838636
calce_CX2_36,1,0.9999999999840861
calce_CX2_36,1,0.9999999999843057
calce_CX2_36,1,0.9999999999845219
calce_CX2_36,1,0.9999999999847355
calce_CX2_36,1,0.999999999984946
calce_CX2_36,1,0.9999999999851537
calce_CX2_36,1,0.9999999999853584
calce_CX2_36,1,0.9999999999855602
calce_CX2_36,1,0.9999999999857594
calce_CX2_36,1,0.9999999999859557
calce_CX2_36,1,0.9999999999861495
calce_CX2_36,1,0.9999999999863405
calce_CX2_36,1,0.9999999999865288
calce_CX2_36,1,0.9999999999867146
calce_CX2_36,1,0.9999999999868978
calce_CX2_36,1,0.9999999999870786
calce_CX2_36,1,0.9999999999872566
calce_CX2_36,1,0.9999999999874325
calce_CX2_36,1,0.9999999999876057
calce_CX2_36,1,0.9999999999877767
calce_CX2_36,1,0.9999999999879452
calce_CX2_36,1,0.9999999999881115
calce_CX2_36,1,0.9999999999882754
calce_CX2_36,1,0.999999999988437
calce_CX2_36,1,0.9999999999885965
calce_CX2_36,1,0.9999999999887539
calce_CX2_36,1,0.9999999999889089
calce_CX2_36,1,0.9999999999890619
calce_CX2_36,1,0.9999999999892126
calce_CX2_36,1,0.9999999999893614
calce_CX2_36,1,0.9999999999895082
calce_CX2_36,1,0.9999999999896529
calce_CX2_36,1,0.9999999999897955
calce_CX2_36,1,0.9999999999899363
calce_CX2_36,1,0.999999999990075
calce_CX2_36,1,0.9999999999902118
calce_CX2_36,1,0.9999999999903468
calce_CX2_36,1,0.9999999999904801
calce_CX2_36,1,0.9999999999906113
calce_CX2_36,1,0.9999999999907407
calce_CX2_36,1,0.9999999999908684
calce_CX2_36,1,0.9999999999909943
calce_CX2_36,1,0.9999999999911187
calce_CX2_36,1,0.999999999991241
calce_CX2_36,1,0.9999999999913618
calce_CX2_36,1,0.999999999991481
calce_CX2_36,1,0.9999999999915985
calce_CX2_36,1,0.9999999999917144
calce_CX2_36,1,0.9999999999918285
calce_CX2_36,1,0.9999999999919413
calce_CX2_36,1,0.9999999999920524
calce_CX2_36,1,0.999999999992162
calce_CX2_36,1,0.9999999999922702
calce_CX2_36,1,0.9999999999923768
calce_CX2_36,1,0.9999999999924818
calce_CX2_36,1,0.9999999999925855
calce_CX2_36,1,0.9999999999926876
calce_CX2_36,1,0.9999999999927887
calce_CX2_36,1,0.9999999999928881
calce_CX2_36,1,0.999999999992986
calce_CX2_36,1,0.9999999999930829
calce_CX2_36,1,0.9999999999931781
calce_CX2_36,1,0.9999999999932723
calce_CX2_36,1,0.9999999999933651
calce_CX2_36,1,0.9999999999934566
calce_CX2_36,1,0.9999999999935467
calce_CX2_36,1,0.9999999999936358
calce_CX2_36,1,0.9999999999937235
calce_CX2_36,1,0.9999999999938101
calce_CX2_36,1,0.9999999999938955
calce_CX2_36,1,0.9999999999939797
calce_CX2_36,1,0.9999999999940627
calce_CX2_36,1,0.9999999999941445
calce_CX2_36,1,0.9999999999942253
calce_CX2_36,1,0.999999999994305
calce_CX2_36,1,0.9999999999943834
calce_CX2_36,1,0.9999999999944609
calce_CX2_36,1,0.9999999999945373
calce_CX2_36,1,0.9999999999946128
calce_CX2_38,0,0.3062582501509493
calce_CX2_38,0,0.30901810960001275
calce_CX2_38,0,0.3117916619326936
calce_CX2_38,0,0.3145787747541129
calce_CX2_38,0,0.3173793120839573
calce_CX2_38,0,0.3201931343642714
calce_CX2_38,0,0.32302009846906776
calce_CX2_38,0,0.32586005771577
calce_CX2_38,0,0.3287128618785086
calce_CX2_38,0,0.33157835720328105
calce_CX2_38,0,0.33445638642499
calce_CX2_38,0,0.33734678878637564
calce_CX2_38,0,0.34024940005885285
calce_CX2_38,0,0.3431640525652512
calce_CX2_38,0,0.34609057520448433
calce_CX2_38,0,0.34902879347813764
calce_CX2_38,0,0.3519785295189857
calce_CX2_38,0,0.3549396021214444
calce_CX2_38,0,0.35791182677394967
calce_CX2_38,0,0.360895015693273
calce_CX2_38,0,0.36388897786076
calce_CX2_38,0,0.3668935190604942
calce_CX2_38,0,0.3699084419193782
calce_CX2_38,0,0.37293354594912137
calce_CX2_38,0,0.37596862759012617
calce_CX2_38,0,0.3790134802572611
calce_CX2_38,0,0.38206789438750377
calce_CX2_38,0,0.38513165748943917
calce_CX2_38,0,0.3882045541946007
calce_CX2_38,0,0.3912863663106203
calce_CX2_38,0,0.3943768728761857
calce_CX2_38,0,0.3974758502177604
calce_CX2_38,0,0.4005830720080588
calce_CX2_38,0,0.4036983093262384
calce_CX2_38,0,0.40682133071978205
calce_CX2_38,0,0.40995190226804223
calce_CX2_38,0,0.4130897876474123
calce_CX2_38,0,0.41623474819808853
calce_CX2_38,0,0.4193865429923918
calce_CX2_38,0,0.4225449289046031
calce_CX2_38,0,0.4257096606822814
calce_CX2_38,0,0.42888049101901604
calce_CX2_38,0,0.43205717062857263
calce_CX2_38,0,0.4352394483203893
calce_CX2_38,0,0.43842707107637463
calce_CX2_38,0,0.44161978412895947
calce_CX2_38,0,0.44481733104035637
calce_CX2_38,0,0.4480194537829717
calce_CX2_38,0,0.45122589282092124
calce_CX2_38,0,0.45443638719259655
calce_CX2_38,0,0.4576506745942233
calce_CX2_38,0,0.46086849146436004
calce_CX2_38,0,0.46408957306928195
calce_CX2_38,0,0.46731365358918125
calce_CX2_38,0,0.47054046620514217
calce_CX2_38,0,0.47376974318681325
calce_CX2_38,0,0.47700121598072787
calce_CX2_38,0,0.48023461529921035
calce_CX2_38,0,0.4834696712097958
calce_CX2_38,0,0.4867061132251148
calce_CX2_38,0,0.48994367039317055
calce_CX2_38,0,0.4931820713879443
calce_CX2_38,0,0.4964210446002711
calce_CX2_38,0,0.4996603182289145
calce_CX2_38,0,0.5028996203717794
calce_CX2_38,0,0.5061386791171976
calce_CX2_38,0,0.509377222635218
calce_CX2_38,0,0.5126149792688405
calce_CX2_38,0,0.5158516776251264
calce_CX2_38,0,0.5190870466661183
calce_CX2_38,0,0.522320815799511
calce_CX2_38,0,0.525552714969001
calce_CX2_38,0,0.5287824747442575
calce_CX2_38,0,0.5320098264104485
calce_CX2_38,0,0.5352345020572563
calce_CX2_38,0,0.5384562346673277
calce_CX2_38,0,0.5416747582040877
calce_CX2_38,0,0.5448898076988634
calce_CX2_38,0,0.5481011193372554
calce_CX2_38,0,0.5513084305446945
calce_CX2_38,0,0.5545114800711312
calce_CX2_38,0,0.5577100080747991
calce_CX2_38,0,0.5609037562049887
calce_CX2_38,0,0.5640924676837926
calce_CX2_38,0,0.5672758873867509
calce_CX2_38,0,0.5704537619223558
calce_CX2_38,0,0.5736258397103643
calce_CX2_38,0,0.5767918710588593
calce_CX2_38,0,0.5799516082400247
calce_CX2_38,0,0.5831048055645786
calce_CX2_38,0,0.5862512194548204
calce_CX2_38,0,0.5893906085162534
calce_CX2_38,0,0.592522733607735
calce_CX2_38,0,0.5956473579101182
calce_CX2_38,0,0.5987642469933453
calce_CX2_38,0,0.6018731688819542
calce_CX2_38,0,0.6049738941189666
calce_CX2_38,0,0.6080661958281233
calce_CX2_38,0,0.6111498497744318
calce_CX2_38,0,0.6142246344230033
calce_CX2_38,0,0.6172903309961454
calce_CX2_38,0,0.6203467235286871
calce_CX2_38,0,0.6233935989215147
calce_CX2_38,0,0.6264307469932898
calce_CX2_38,0,0.6294579605303376
calce_CX2_38,0,0.6324750353346802
calce_CX2_38,0,0.6354817702702023
calce_CX2_38,0,0.6384779673069354
calce_CX2_38,0,0.6414634315634435
calce_CX2_38,0,0.644437971347305
calce_CX2_38,0,0.6474013981936804
calce_CX2_38,0,0.6503535269019535
calce_CX2_38,0,0.6532941755704512
calce_CX2_38,0,0.6562231656292297
calce_CX2_38,0,0.6591403218709279
calce_CX2_38,0,0.6620454724796936
calce_CX2_38,0,0.6649384490581737
calce_CX2_38,0,0.6678190866525849
calce_CX2_38,0,0.6706872237758601
calce_CX2_38,0,0.6735427024288828
calce_CX2_38,0,0.6763853681198165
calce_CX2_38,0,0.6792150698815417
calce_CX2_38,0,0.6820316602872072
calce_CX2_38,0,0.684834995463917
calce_CX2_38,0,0.6876249351045588
calce_CX2_38,0,0.6904013424777978
calce_CX2_38,0,0.6931640844362505
calce_CX2_38,0,0.695913031422856
calce_CX2_38,0,0.6986480574754673
calce_CX2_38,0,0.7013690402296867
calce_CX2_38,0,0.7040758609199598
calce_CX2_38,0,0.7067684043789635
calce_CX2_38,0,0.7094465590353026
calce_CX2_38,0,0.7121102169095476
calce_CX2_38,0,0.7147592736086412
calce_CX2_38,0,0.717393628318695
calce_CX2_38,0,0.7200131837962136
calce_CX2_38,0,0.7226178463577737
calce_CX2_38,0,0.7252075258681814
calce_CX2_38,0,0.7277821357271559
calce_CX2_38,0,0.7303415928545506
calce_CX2_38,0,0.7328858176741642
calce_CX2_38,0,0.7354147340961633
calce_CX2_38,0,0.7379282694981533
calce_CX2_38,0,0.7404263547049343
calce_CX2_38,0,0.7429089239669769
calce_CX2_38,0,0.7453759149376487
calce_CX2_38,0,0.747827268649235
calce_CX2_38,0,0.7502629294877834
calce_CX2_38,0,0.7526828451668114
calce_CX2_38,0,0.7550869666999157
calce_CX2_38,0,0.7574752483723145
calce_CX2_38,0,0.7598476477113658
calce_CX2_38,0,0.7622041254560963
calce_CX2_38,0,0.764544645525776
calce_CX2_38,0,0.7668691749875804
calce_CX2_38,0,0.769177684023373
calce_CX2_38,0,0.7714701458956478
calce_CX2_38,0,0.7737465369126681
calce_CX2_38,0,0.7760068363928383
calce_CX2_38,0,0.7782510266283448
calce_CX2_38,1,0.780479092848106
calce_CX2_38,1,0.7826910231800603
calce_CX2_38,1,0.7848868086128379
calce_CX2_38,1,0.787066442956841
calce_CX2_38,1,0.7892299228047793
calce_CX2_38,1,0.7913772474916868
calce_CX2_38,1,0.7935084190544567
calce_CX2_38,1,0.7956234421909327
calce_CX2_38,1,0.7977223242185855
calce_CX2_38,1,0.7998050750328085
calce_CX2_38,1,0.8018717070648694
calce_CX2_38,1,0.8039222352395436
calce_CX2_38,1,0.8059566769324678
calce_CX2_38,1,0.80797505192724
calce_CX2_38,1,0.8099773823722985
calce_CX2_38,1,0.8119636927376114
calce_CX2_38,1,0.813934009771202
calce_CX2_38,1,0.815888362455544
calce_CX2_38,1,0.8178267819638512
calce_CX2_38,1,0.81974930161629
calce_CX2_38,1,0.8216559568361437
calce_CX2_38,1,0.8235467851059523
calce_CX2_38,1,0.8254218259236541
calce_CX2_38,1,0.8272811207587569
calce_CX2_38,1,0.8291247130085593
calce_CX2_38,1,0.8309526479544471
calce_CX2_38,1,0.8327649727182905
calce_CX2_38,1,0.8345617362189608
calce_CX2_38,1,0.8363429891289895
calce_CX2_38,1,0.8381087838313919
calce_CX2_38,1,0.8398591743766749
calce_CX2_38,1,0.8415942164400486
calce_CX2_38,1,0.8433139672788594
calce_CX2_38,1,0.8450184856902657
calce_CX2_38,1,0.8467078319691727
calce_CX2_38,1,0.8483820678664401
calce_CX2_38,1,0.8500412565473862
calce_CX2_38,1,0.8516854625505954
calce_CX2_38,1,0.8533147517470517
calce_CX2_38,1,0.8549291912996083
calce_CX2_38,1,0.8565288496228067
calce_CX2_38,1,0.8581137963430624
calce_CX2_38,1,0.8596841022592243
calce_CX2_38,1,0.8612398393035254
calce_CX2_38,1,0.86278108050293
calce_CX2_38,1,0.8643078999408934
calce_CX2_38,1,0.8658203727195407
calce_CX2_38,1,0.8673185749222764
calce_CX2_38,1,0.8688025835768314
calce_CX2_38,1,0.8702724766187576
calce_CX2_38,1,0.8717283328553787
calce_CX2_38,1,0.8731702319302006
calce_CX2_38,1,0.8745982542877926
calce_CX2_38,1,0.8760124811391431
calce_CX2_38,1,0.8774129944274962
calce_CX2_38,1,0.8787998767946738
calce_CX2_38,1,0.8801732115478895
calce_CX2_38,1,0.8815330826270561
calce_CX2_38,1,0.8828795745725944
calce_CX2_38,1,0.8842127724937403
calce_CX2_38,1,0.8855327620373622
calce_CX2_38,1,0.8868396293572809
calce_CX2_38,1,0.8881334610841024
calce_CX2_38,1,0.8894143442955621
calce_CX2_38,1,0.8906823664873801
calce_CX2_38,1,0.8919376155446308
calce_CX2_38,1,0.8931801797136283
calce_CX2_38,1,0.8944101475743238
calce_CX2_38,1,0.8956276080132194
calce_CX2_38,1,0.8968326501967938
calce_CX2_38,1,0.8980253635454434
calce_CX2_38,1,0.8992058377079333
calce_CX2_38,1,0.9003741625363608
calce_CX2_38,1,0.9015304280616258
calce_CX2_38,1,0.9026747244694103
calce_CX2_38,1,0.9038071420766617
calce_CX2_38,1,0.9049277713085785
calce_CX2_38,1,0.9060367026760963
calce_CX2_38,1,0.9071340267538699
calce_CX2_38,1,0.9082198341587493
calce_CX2_38,1,0.9092942155287475
calce_CX2_38,1,0.9103572615024917
calce_CX2_38,1,0.9114090626991617
calce_CX2_38,1,0.912449709698904
calce_CX2_38,1,0.9134792930237238
calce_CX2_38,1,0.9144979031188448
calce_CX2_38,1,0.915505630334538
calce_CX2_38,1,0.9165025649084118
calce_CX2_38,1,0.9174887969481579
calce_CX2_38,1,0.9184644164147516
calce_CX2_38,1,0.9194295131060979
calce_CX2_38,1,0.9203841766411207
calce_CX2_38,1,0.9213284964442902
calce_CX2_38,1,0.92226256173058
calce_CX2_38,1,0.9231864614908536
calce_CX2_38,1,0.9241002844776702
calce_CX2_38,1,0.9250041191915077
calce_CX2_38,1,0.9258980538673943
calce_CX2_38,1,0.9267821764619473
calce_CX2_38,1,0.9276565746408078
calce_CX2_38,1,0.9285213357664718
calce_CX2_38,1,0.9293765468865061
calce_CX2_38,1,0.9302222947221481
calce_CX2_38,1,0.9310586656572796
calce_CX2_38,1,0.9318857457277726
calce_CX2_38,1,0.9327036206111973
calce_CX2_38,1,0.9335123756168899
calce_CX2_38,1,0.9343120956763721
calce_CX2_38,1,0.9351028653341167
calce_CX2_38,1,0.9358847687386551
calce_CX2_38,1,0.9366578896340179
calce_CX2_38,1,0.9374223113515043
calce_CX2_38,1,0.9381781168017765
calce_CX2_38,1,0.9389253884672685
calce_CX2_38,1,0.9396642083949063
calce_CX2_38,1,0.9403946581891356
calce_CX2_38,1,0.9411168190052461
calce_CX2_38,1,0.9418307715429913
calce_CX2_38,1,0.9425365960404951
calce_CX2_38,1,0.9432343722684421
calce_CX2_38,1,0.9439241795245413
calce_CX2_38,1,0.9446060966282652
calce_CX2_38,1,0.9452802019158489
calce_CX2_38,1,0.9459465732355534
calce_CX2_38,1,0.94660528794318
calce_CX2_38,1,0.9472564228978338
calce_CX2_38,1,0.9479000544579326
calce_CX2_38,1,0.9485362584774497
calce_CX2_38,1,0.9491651103023936
calce_CX2_38,1,0.9497866847675106
calce_CX2_38,1,0.9504010561932126
calce_CX2_38,1,0.9510082983827205
calce_CX2_38,1,0.951608484619419
calce_CX2_38,1,0.9522016876644187
calce_CX2_38,1,0.9527879797543194
calce_CX2_38,1,0.9533674325991707
calce_CX2_38,1,0.9539401173806239
calce_CX2_38,1,0.9545061047502721
calce_CX2_38,1,0.9550654648281705
calce_CX2_38,1,0.9556182672015378
calce_CX2_38,1,0.9561645809236267
calce_CX2_38,1,0.9567044745127666
calce_CX2_38,1,0.9572380159515683
calce_CX2_38,1,0.9577652726862891
calce_CX2_38,1,0.9582863116263525
calce_CX2_38,1,0.9588011991440205
calce_CX2_38,1,0.9593100010742116
calce_CX2_38,1,0.9598127827144612
calce_CX2_38,1,0.9603096088250227
calce_CX2_38,1,0.9608005436291002
calce_CX2_38,1,0.9612856508132156
calce_CX2_38,1,0.9617649935276985
calce_CX2_38,1,0.9622386343873035
calce_CX2_38,1,0.9627066354719426
calce_CX2_38,1,0.9631690583275371
calce_CX2_38,1,0.9636259639669782
calce_CX2_38,1,0.9640774128711986
calce_CX2_38,1,0.9645234649903488
calce_CX2_38,1,0.9649641797450725
calce_CX2_38,1,0.9653996160278848
calce_CX2_38,1,0.9658298322046412
calce_CX2_38,1,0.9662548861161008
calce_CX2_38,1,0.9666748350795775
calce_CX2_38,1,0.9670897358906767
calce_CX2_38,1,0.9674996448251152
calce_CX2_38,1,0.9679046176406194
calce_CX2_38,1,0.9683047095789016
calce_CX2_38,1,0.9686999753677091
calce_CX2_38,1,0.9690904692229454
calce_CX2_38,1,0.9694762448508585
calce_CX2_38,1,0.9698573554502957
calce_CX2_38,1,0.970233853715022
calce_CX2_38,1,0.9706057918360977
calce_CX2_38,1,0.9709732215043151
calce_CX2_38,1,0.9713361939126894
calce_CX2_38,1,0.971694759759006
calce_CX2_38,1,0.9720489692484144
calce_CX2_38,1,0.9723988720960745
calce_CX2_38,1,0.9727445175298466
calce_CX2_38,1,0.9730859542930275
calce_CX2_38,1,0.9734232306471279
calce_CX2_38,1,0.9737563943746899
calce_CX2_38,1,0.9740854927821427
calce_CX2_38,1,0.9744105727026946
calce_CX2_38,1,0.9747316804992582
calce_CX2_38,1,0.97504886206741
calce_CX2_38,1,0.9753621628383777
calce_CX2_38,1,0.975671627782059
calce_CX2_38,1,0.9759773014100646
calce_CX2_38,1,0.9762792277787896
calce_CX2_38,1,0.9765774504925057
calce_CX2_38,1,0.9768720127064774
calce_CX2_38,1,0.9771629571300978
calce_CX2_38,1,0.9774503260300437
calce_CX2_38,1,0.977734161233448
calce_CX2_38,1,0.9780145041310885
calce_CX2_38,1,0.9782913956805915
calce_CX2_38,1,0.978564876409648
calce_CX2_38,1,0.978834986419243
calce_CX2_38,1,0.9791017653868951
calce_CX2_38,1,0.9793652525699045
calce_CX2_38,1,0.9796254868086121
calce_CX2_38,1,0.9798825065296628
calce_CX2_38,1,0.980136349749276
calce_CX2_38,1,0.9803870540765224
calce_CX2_38,1,0.980634656716601
calce_CX2_38,1,0.9808791944741242
calce_CX2_38,1,0.9811207037563988
calce_CX2_38,1,0.9813592205767129
calce_CX2_38,1,0.9815947805576196
calce_CX2_38,1,0.9818274189342203
calce_CX2_38,1,0.9820571705574482
calce_CX2_38,1,0.9822840698973448
calce_CX2_38,1,0.9825081510463373
calce_CX2_38,1,0.9827294477225087
calce_CX2_38,1,0.9829479932728639
calce_CX2_38,1,0.9831638206765901
calce_CX2_38,1,0.9833769625483092
calce_CX2_38,1,0.9835874511413251
calce_CX2_38,1,0.983795318350861
calce_CX2_38,1,0.9840005957172885
calce_CX2_38,1,0.9842033144293495
calce_CX2_38,1,0.9844035053273644
calce_CX2_38,1,0.9846011989064339
calce_CX2_38,1,0.9847964253196269
calce_CX2_38,1,0.9849892143811578
calce_CX2_38,1,0.9851795955695535
calce_CX2_38,1,0.9853675980308041
calce_CX2_38,1,0.9855532505815047
calce_CX2_38,1,0.9857365817119802
calce_CX2_38,1,0.9859176195893998
calce_CX2_38,1,0.9860963920608734
calce_CX2_38,1,0.986272926656536
calce_CX2_38,1,0.9864472505926165
calce_CX2_38,1,0.98661939077449
calce_CX2_38,1,0.9867893737997152
calce_CX2_38,1,0.9869572259610563
calce_CX2_38,1,0.9871229732494858
calce_CX2_38,1,0.9872866413571748
calce_CX2_38,1,0.9874482556804615
calce_CX2_38,1,0.9876078413228059
calce_CX2_38,1,0.987765423097726
calce_CX2_38,1,0.987921025531715
calce_CX2_38,1,0.9880746728671421
calce_CX2_38,1,0.9882263890651342
calce_CX2_38,1,0.9883761978084386
calce_CX2_38,1,0.9885241225042682
calce_CX2_38,1,0.988670186287128
calce_CX2_38,1,0.9888144120216201
calce_CX2_38,1,0.988956822305233
calce_CX2_38,1,0.9890974394711092
calce_CX2_38,1,0.9892362855907935
calce_CX2_38,1,0.9893733824769635
calce_CX2_38,1,0.9895087516861379
calce_CX2_38,1,0.9896424145213669
calce_CX2_38,1,0.989774392034902
calce_CX2_38,1,0.9899047050308449
calce_CX2_38,1,0.9900333740677786
calce_CX2_38,1,0.9901604194613757
calce_CX2_38,1,0.9902858612869889
calce_CX2_38,1,0.9904097193822187
calce_CX2_38,1,0.9905320133494631
calce_CX2_38,1,0.9906527625584459
calce_CX2_38,1,0.9907719861487244
calce_CX2_38,1,0.9908897030321773
calce_CX2_38,1,0.991005931895471
calce_CX2_38,1,0.9911206912025073
calce_CX2_38,1,0.9912339991968493
calce_CX2_38,1,0.9913458739041267
calce_CX2_38,1,0.9914563331344218
calce_CX2_38,1,0.9915653944846341
calce_CX2_38,1,0.9916730753408247
calce_CX2_38,1,0.99177939288054
calce_CX2_38,1,0.9918843640751167
calce_CX2_38,1,0.9919880056919637
calce_CX2_38,1,0.9920903342968257
calce_CX2_38,1,0.992191366256027
calce_CX2_38,1,0.9922911177386924
calce_CX2_38,1,0.9923896047189511
calce_CX2_38,1,0.9924868429781184
calce_CX2_38,1,0.9925828481068584
calce_CX2_38,1,0.992677635507326
calce_CX2_38,1,0.9927712203952898
calce_CX2_38,1,0.9928636178022344
calce_CX2_38,1,0.992954842577444
calce_CX2_38,1,0.9930449093900646
calce_CX2_38,1,0.9931338327311479
calce_CX2_38,1,0.9932216269156764
calce_CX2_38,1,0.993308306084567
calce_CX2_38,1,0.9933938842066562
calce_CX2_38,1,0.9934783750806672
calce_CX2_38,1,0.9935617923371562
calce_CX2_38,1,0.9936441494404403
calce_CX2_38,1,0.9937254596905063
calce_CX2_38,1,0.9938057362249014
calce_CX2_38,1,0.9938849920206042
calce_CX2_38,1,0.9939632398958769
calce_CX2_38,1,0.9940404925120998
calce_CX2_38,1,0.9941167623755879
calce_CX2_38,1,0.9941920618393865
calce_CX2_38,1,0.9942664031050521
calce_CX2_38,1,0.9943397982244128
calce_CX2_38,1,0.9944122591013109
calce_CX2_38,1,0.9944837974933293
calce_CX2_38,1,0.9945544250134981
calce_CX2_38,1,0.9946241531319852
calce_CX2_38,1,0.9946929931777677
calce_CX2_38,1,0.9947609563402886
calce_CX2_38,1,0.9948280536710925
calce_CX2_38,1,0.9948942960854484
calce_CX2_38,1,0.9949596943639515
calce_CX2_38,1,0.9950242591541103
calce_CX2_38,1,0.9950880009719181
calce_CX2_38,1,0.9951509302034043
calce_CX2_38,1,0.9952130571061721
calce_CX2_38,1,0.9952743918109191
calce_CX2_38,1,0.9953349443229415
calce_CX2_38,1,0.9953947245236214
calce_CX2_38,1,0.9954537421718999
calce_CX2_38,1,0.9955120069057325
calce_CX2_38,1,0.9955695282435297
calce_CX2_38,1,0.995626315585582
calce_CX2_38,1,0.9956823782154692
calce_CX2_38,1,0.9957377253014544
calce_CX2_38,1,0.9957923658978622
calce_CX2_38,1,0.995846308946443
calce_CX2_38,1,0.9958995632777217
calce_CX2_38,1,0.9959521376123305
calce_CX2_38,1,0.9960040405623294
calce_CX2_38,1,0.9960552806325099
calce_CX2_38,1,0.9961058662216851
calce_CX2_38,1,0.9961558056239657
calce_CX2_38,1,0.996205107030021
calce_CX2_38,1,0.9962537785283272
calce_CX2_38,1,0.9963018281064
calce_CX2_38,1,0.9963492636520151
calce_CX2_38,1,0.9963960929544139
calce_CX2_38,1,0.9964423237054952
calce_CX2_38,1,0.9964879635009952
calce_CX2_38,1,0.9965330198416533
calce_CX2_38,1,0.9965775001343634
calce_CX2_38,1,0.9966214116933141
calce_CX2_38,1,0.9966647617411153
calce_CX2_38,1,0.9967075574099115
calce_CX2_38,1,0.9967498057424832
calce_CX2_38,1,0.9967915136933345
calce_CX2_38,1,0.99683268812977
calce_CX2_38,1,0.9968733358329576
calce_CX2_38,1,0.9969134634989805
calce_CX2_38,1,0.9969530777398761
calce_CX2_38,1,0.9969921850846637
calce_CX2_38,1,0.9970307919803596
calce_CX2_38,1,0.9970689047929814
calce_CX2_38,1,0.9971065298085395
calce_CX2_38,1,0.9971436732340182
calce_CX2_38,1,0.9971803411983449
calce_CX2_38,1,0.9972165397533482
calce_CX2_38,1,0.9972522748747042
calce_CX2_38,1,0.9972875524628734
calce_CX2_38,1,0.9973223783440242
calce_CX2_38,1,0.9973567582709482
calce_CX2_38,1,0.9973906979239631
calce_CX2_38,1,0.9974242029118054
calce_CX2_38,1,0.9974572787725126
calce_CX2_38,1,0.997489930974296
calce_CX2_38,1,0.9975221649164009
calce_CX2_38,1,0.9975539859299596
calce_CX2_38,1,0.9975853992788322
calce_CX2_38,1,0.9976164101604381
calce_CX2_38,1,0.9976470237065779
calce_CX2_38,1,0.9976772449842453
calce_CX2_38,1,0.9977070789964295
calce_CX2_38,1,0.997736530682908
calce_CX2_38,1,0.9977656049210305
calce_CX2_38,1,0.9977943065264918
calce_CX2_38,1,0.9978226402540977
calce_CX2_38,1,0.9978506107985211
calce_CX2_38,1,0.9978782227950477
calce_CX2_38,1,0.9979054808203139
calce_CX2_38,1,0.9979323893930371
calce_CX2_38,1,0.9979589529747342
calce_CX2_38,1,0.9979851759704351
calce_CX2_38,1,0.9980110627293837
calce_CX2_38,1,0.9980366175457346
calce_CX2_38,1,0.9980618446592383
calce_CX2_38,1,0.9980867482559194
calce_CX2_38,1,0.9981113324687466
calce_CX2_38,1,0.998135601378295
calce_CX2_38,1,0.9981595590133988
calce_CX2_38,1,0.9981832093517985
calce_CX2_38,1,0.9982065563207779
calce_CX2_38,1,0.998229603797796
calce_CX2_38,1,0.9982523556111084
calce_CX2_38,1,0.9982748155403826
calce_CX2_38,1,0.9982969873173074
calce_CX2_38,1,0.9983188746261915
calce_CX2_38,1,0.998340481104557
calce_CX2_38,1,0.9983618103437266
calce_CX2_38,1,0.9983828658894007
calce_CX2_38,1,0.99840365124223
calce_CX2_38,1,0.9984241698583802
calce_CX2_38,1,0.99844442515009
calce_CX2_38,1,0.998464420486222
calce_CX2_38,1,0.9984841591928068
calce_CX2_38,1,0.9985036445535813
calce_CX2_38,1,0.9985228798105193
calce_CX2_38,1,0.998541868164357
calce_CX2_38,1,0.9985606127751097
calce_CX2_38,1,0.9985791167625848
calce_CX2_38,1,0.9985973832068877
calce_CX2_38,1,0.9986154151489203
calce_CX2_38,1,0.9986332155908738
calce_CX2_38,1,0.998650787496718
calce_CX2_38,1,0.9986681337926799
calce_CX2_38,1,0.9986852573677212
calce_CX2_38,1,0.9987021610740063
calce_CX2_38,1,0.9987188477273663
calce_CX2_38,1,0.9987353201077578
calce_CX2_38,1,0.9987515809597133
calce_CX2_38,1,0.9987676329927904
calce_CX2_38,1,0.9987834788820107
calce_CX2_38,1,0.9987991212682967
calce_CX2_38,1,0.9988145627589026
calce_CX2_38,1,0.9988298059278381
calce_CX2_38,1,0.9988448533162888
calce_CX2_38,1,0.9988597074330317
calce_CX2_38,1,0.9988743707548426
calce_CX2_38,1,0.9988888457269024
calce_CX2_38,1,0.9989031347631956
calce_CX2_38,1,0.9989172402469046
calce_CX2_38,1,0.9989311645308001
calce_CX2_38,1,0.9989449099376241
calce_CX2_38,1,0.9989584787604722
calce_CX2_38,1,0.9989718732631659
calce_CX2_38,1,0.9989850956806262
calce_CX2_38,1,0.998998148219237
calce_CX2_38,1,0.9990110330572078
calce_CX2_38,1,0.9990237523449302
calce_CX2_38,1,0.99903630820533
calce_CX2_38,1,0.9990487027342159
calce_CX2_38,1,0.9990609380006227
calce_CX2_38,1,0.9990730160471507
calce_CX2_38,1,0.9990849388903009
calce_CX2_38,1,0.9990967085208066
calce_CX2_38,1,0.9991083269039592
calce_CX2_38,1,0.9991197959799314
calce_CX2_38,1,0.9991311176640966
calce_CX2_38,1,0.9991422938473421
calce_CX2_38,1,0.9991533263963815
calce_CX2_38,1,0.999164217154061
calce_CX2_38,1,0.9991749679396622
calce_CX2_38,1,0.9991855805492014
calce_CX2_38,1,0.999196056755726
calce_CX2_38,1,0.9992063983096048
calce_CX2_38,1,0.9992166069388176
calce_CX2_38,1,0.9992266843492397
calce_CX2_38,1,0.9992366322249211
calce_CX2_38,1,0.9992464522283664
calce_CX2_38,1,0.9992561460008069
calce_CX2_38,1,0.9992657151624724
calce_CX2_38,1,0.9992751613128572
calce_CX2_38,1,0.9992844860309854
calce_CX2_38,1,0.9992936908756692
calce_CX2_38,1,0.9993027773857688
calce_CX2_38,1,0.9993117470804437
calce_CX2_38,1,0.999320601459405
calce_CX2_38,1,0.9993293420031635
calce_CX2_38,1,0.999337970173272
calce_CX2_38,1,0.9993464874125689
calce_CX2_38,1,0.999354895145416
calce_CX2_38,1,0.9993631947779329
calce_CX2_38,1,0.9993713876982304
calce_CX2_38,1,0.99937947527664
calce_CX2_38,1,0.9993874588659396
calce_CX2_38,1,0.9993953398015785
calce_CX2_38,1,0.9994031194018969
calce_CX2_38,1,0.9994107989683452
calce_CX2_38,1,0.9994183797856985
calce_CX2_38,1,0.9994258631222698
calce_CX2_38,1,0.9994332502301194
calce_CX2_38,1,0.9994405423452632
calce_CX2_38,1,0.9994477406878763
calce_CX2_38,1,0.9994548464624955
calce_CX2_38,1,0.9994618608582186
calce_CX2_38,1,0.9994687850489022
calce_CX2_38,1,0.9994756201933556
calce_CX2_38,1,0.9994823674355323
calce_CX2_38,1,0.9994890279047213
calce_CX2_38,1,0.9994956027157325
calce_CX2_38,1,0.9995020929690823
calce_CX2_38,1,0.9995084997511772
calce_CX2_38,1,0.9995148241344921
calce_CX2_38,1,0.999521067177749
calce_CX2_38,1,0.9995272299260937
calce_CX2_38,1,0.9995333134112672
calce_CX2_38,1,0.9995393186517789
calce_CX2_38,1,0.9995452466530749
calce_CX2_38,1,0.9995510984077041
calce_CX2_38,1,0.9995568748954845
calce_CX2_38,1,0.9995625770836652
calce_CX2_38,1,0.9995682059270867
calce_CX2_38,1,0.9995737623683402
calce_CX2_38,1,0.9995792473379237
calce_CX2_38,1,0.9995846617543971
calce_CX2_38,1,0.9995900065245342
calce_CX2_38,1,0.9995952825434741
calce_CX2_38,1,0.9996004906948697
calce_CX2_38,1,0.9996056318510342
calce_CX2_38,1,0.9996107068730873
calce_CX2_38,1,0.9996157166110966
calce_CX2_38,1,0.9996206619042212
calce_CX2_38,1,0.999625543580849
calce_CX2_38,1,0.9996303624587366
calce_CX2_38,1,0.9996351193451435
calce_CX2_38,1,0.9996398150369679
calce_CX2_38,1,0.9996444503208788
calce_CX2_38,1,0.9996490259734458
calce_CX2_38,1,0.9996535427612708
calce_CX2_38,1,0.9996580014411135
calce_CX2_38,1,0.9996624027600178
calce_CX2_38,1,0.9996667474554373
calce_CX2_38,1,0.9996710362553567
calce_CX2_38,1,0.999675269878414
calce_CX2_38,1,0.9996794490340194
calce_CX2_38,1,0.9996835744224745
calce_CX2_38,1,0.9996876467350879
calce_CX2_38,1,0.999691666654291
calce_CX2_38,1,0.9996956348537517
calce_CX2_38,1,0.9996995519984865
calce_CX2_38,1,0.9997034187449713
calce_CX2_38,1,0.9997072357412509
calce_CX2_38,1,0.999711003627047
calce_CX2_38,1,0.999714723033865
calce_CX2_38,1,0.9997183945850988
calce_CX2_38,1,0.9997220188961353
calce_CX2_38,1,0.9997255965744571
calce_CX2_38,1,0.9997291282197431
calce_CX2_38,1,0.9997326144239691
calce_CX2_38,1,0.9997360557715063
calce_CX2_38,1,0.9997394528392186
calce_CX2_38,1,0.9997428061965598
calce_CX2_38,1,0.9997461164056672
calce_CX2_38,1,0.9997493840214564
calce_CX2_38,1,0.9997526095917137
calce_CX2_38,1,0.9997557936571869
calce_CX2_38,1,0.9997589367516765
calce_CX2_38,1,0.999762039402124
calce_CX2_38,1,0.9997651021287006
calce_CX2_38,1,0.9997681254448934
calce_CX2_38,1,0.9997711098575912
calce_CX2_38,1,0.9997740558671693
calce_CX2_38,1,0.9997769639675735
calce_CX2_38,1,0.9997798346464013
calce_CX2_38,1,0.9997826683849849
calce_CX2_38,1,0.9997854656584699
calce_CX2_38,1,0.9997882269358966
calce_CX2_38,1,0.9997909526802767
calce_CX2_38,1,0.9997936433486712
calce_CX2_38,1,0.9997962993922668
calce_CX2_38,1,0.9997989212564518
calce_CX2_38,1,0.9998015093808891
calce_CX2_38,1,0.9998040641995914
calce_CX2_38,1,0.999806586140992
calce_CX2_38,1,0.9998090756280184
calce_CX2_38,1,0.9998115330781603
calce_CX2_38,1,0.9998139589035421
calce_CX2_38,1,0.9998163535109901
calce_CX2_38,1,0.9998187173021011
calce_CX2_38,1,0.9998210506733091
calce_CX2_38,1,0.9998233540159525
calce_CX2_38,1,0.999825627716338
calce_CX2_38,1,0.9998278721558068
calce_CX2_38,1,0.9998300877107974
calce_CX2_38,1,0.9998322747529086
calce_CX2_38,1,0.9998344336489616
calce_CX2_38,1,0.9998365647610624
calce_CX2_38,1,0.9998386684466606
calce_CX2_38,1,0.9998407450586102
calce_CX2_38,1,0.999842794945229
calce_CX2_38,1,0.9998448184503556
calce_CX2_38,1,0.9998468159134082
calce_CX2_38,1,0.9998487876694405
calce_CX2_38,1,0.9998507340491984
calce_CX2_38,1,0.9998526553791744
calce_CX2_38,1,0.9998545519816635
calce_CX2_38,1,0.9998564241748158
calce_CX2_38,1,0.9998582722726905
calce_CX2_38,1,0.9998600965853086
calce_CX2_38,1,0.9998618974187042
calce_CX2_38,1,0.9998636750749761
calce_CX2_38,1,0.9998654298523381
calce_CX2_38,1,0.9998671620451691
calce_CX2_38,1,0.9998688719440624
calce_CX2_38,1,0.9998705598358738
calce_CX2_38,1,0.9998722260037706
calce_CX2_38,1,0.9998738707272784
calce_CX2_38,1,0.9998754942823272
calce_CX2_38,1,0.9998770969412991
calce_CX2_38,1,0.9998786789730726
calce_CX2_38,1,0.9998802406430686
calce_CX2_38,1,0.9998817822132937
calce_CX2_38,1,0.9998833039423851
calce_CX2_38,1,0.9998848060856536
calce_CX2_38,1,0.999886288895126
calce_CX2_38,1,0.9998877526195873
calce_CX2_38,1,0.9998891975046236
calce_CX2_38,1,0.9998906237926609
calce_CX2_38,1,0.9998920317230078
calce_CX2_38,1,0.9998934215318946
calce_CX2_38,1,0.9998947934525134
calce_CX2_38,1,0.9998961477150559
calce_CX2_38,1,0.9998974845467538
calce_CX2_38,1,0.999898804171915
calce_CX2_38,1,0.9999001068119632
calce_CX2_38,1,0.9999013926854725
calce_CX2_38,1,0.9999026620082065
calce_CX2_38,1,0.999903914993153
calce_CX2_38,1,0.9999051518505592
calce_CX2_38,1,0.9999063727879689
calce_CX2_38,1,0.9999075780102551
calce_CX2_38,1,0.9999087677196555
calce_CX2_38,1,0.9999099421158067
calce_CX2_38,1,0.9999111013957768
calce_CX2_38,1,0.999912245754098
calce_CX2_38,1,0.9999133753828007
calce_CX2_38,1,0.9999144904714447
calce_CX2_38,1,0.9999155912071516
calce_CX2_38,1,0.9999166777746344
calce_CX2_38,1,0.9999177503562309
calce_CX2_38,1,0.9999188091319329
calce_CX2_38,1,0.999919854279416
calce_CX2_38,1,0.9999208859740706
calce_CX2_38,1,0.99992190438903
calce_CX2_38,1,0.9999229096952004
calce_CX2_38,1,0.9999239020612893
calce_CX2_38,1,0.9999248816538332
calce_CX2_38,1,0.9999258486372263
calce_CX2_38,1,0.9999268031737475
calce_CX2_38,1,0.9999277454235878
calce_CX2_38,1,0.999928675544877
calce_CX2_38,1,0.999929593693711
calce_CX2_38,1,0.9999305000241763
calce_CX2_38,1,0.9999313946883779
calce_CX2_38,1,0.9999322778364629
calce_CX2_38,1,0.9999331496166466
calce_CX2_38,1,0.9999340101752379
calce_CX2_38,1,0.9999348596566621
calce_CX2_38,1,0.9999356982034874
calce_CX2_38,1,0.9999365259564464
calce_CX2_38,1,0.9999373430544619
calce_CX2_38,1,0.9999381496346681
calce_CX2_38,1,0.9999389458324355
calce_CX2_38,1,0.9999397317813924
calce_CX2_38,1,0.9999405076134475
calce_CX2_38,1,0.9999412734588126
calce_CX2_38,1,0.9999420294460232
calce_CX2_38,1,0.9999427757019618
calce_CX2_38,1,0.9999435123518775
calce_CX2_38,1,0.9999442395194081
calce_CX2_38,1,0.9999449573266
calce_CX2_38,1,0.9999456658939296
calce_CX2_38,1,0.9999463653403227
calce_CX2_38,1,0.9999470557831747
calce_CX2_38,1,0.9999477373383705
calce_CX2_38,1,0.9999484101203037
calce_CX2_38,1,0.9999490742418957
calce_CX2_38,1,0.999949729814615
calce_CX2_38,1,0.9999503769484956
calce_CX2_38,1,0.9999510157521552
calce_CX2_38,1,0.9999516463328143
calce_CX2_38,1,0.9999522687963132
calce_CX2_38,1,0.9999528832471303
calce_CX2_38,1,0.9999534897883993
calce_CX2_38,1,0.999954088521927
calce_CX2_38,1,0.9999546795482098
calce_CX2_38,1,0.9999552629664511
calce_CX2_38,1,0.9999558388745772
calce_CX2_38,1,0.9999564073692542
calce_CX2_38,1,0.9999569685459048
calce_CX2_38,1,0.9999575224987228
calce_CX2_38,1,0.9999580693206909
calce_CX2_38,1,0.9999586091035938
calce_CX2_38,1,0.9999591419380363
calce_CX2_38,1,0.999959667913456
calce_CX2_38,1,0.9999601871181403
calce_CX2_38,1,0.9999606996392402
calce_CX2_38,1,0.9999612055627847
calce_CX2_38,1,0.9999617049736963
calce_CX2_38,1,0.9999621979558039
calce_CX2_38,1,0.9999626845918579
calce_CX2_38,1,0.9999631649635435
calce_CX2_38,1,0.9999636391514951
calce_CX2_38,1,0.9999641072353087
calce_CX2_38,1,0.9999645692935563
calce_CX2_38,1,0.9999650254037985
calce_CX2_38,1,0.9999654756425979
calce_CX2_38,1,0.9999659200855312
calce_CX2_38,1,0.9999663588072033
calce_CX2_38,1,0.9999667918812579
calce_CX2_38,1,0.999967219380392
calce_CX2_38,1,0.9999676413763656
calce_CX2_38,1,0.9999680579400163
calce_CX2_38,1,0.9999684691412695
calce_CX2_38,1,0.9999688750491506
calce_CX2_38,1,0.9999692757317967
calce_CX2_38,1,0.9999696712564681
calce_CX2_38,1,0.9999700616895588
calce_CX2_38,1,0.9999704470966092
calce_CX2_38,1,0.9999708275423155
calce_CX2_38,1,0.9999712030905413
calce_CX2_38,1,0.9999715738043284
calce_CX2_38,1,0.9999719397459068
calce_CX2_38,1,0.9999723009767063
calce_CX2_38,1,0.9999726575573652
calce_CX2_38,1,0.9999730095477419
calce_CX2_38,1,0.9999733570069242
calce_CX2_38,1,0.9999736999932393
calce_CX2_38,1,0.9999740385642638
calce_CX2_38,1,0.999974372776833
calce_CX2_38,1,0.999974702687051
calce_CX2_38,1,0.9999750283502996
calce_CX2_38,1,0.9999753498212475
calce_CX2_38,1,0.9999756671538605
calce_CX2_38,1,0.999975980401409
calce_CX2_38,1,0.9999762896164781
calce_CX2_38,1,0.999976594850976
calce_CX2_38,1,0.999976896156143
calce_CX2_38,1,0.9999771935825594
calce_CX2_38,1,0.9999774871801549
calce_CX2_38,1,0.9999777769982164
calce_CX2_38,1,0.999978063085396
calce_CX2_38,1,0.9999783454897204
calce_CX2_38,1,0.9999786242585975
calce_CX2_38,1,0.9999788994388249
calce_CX2_38,1,0.9999791710765985
calce_CX2_38,1,0.999979439217519
calce_CX2_38,1,0.9999797039066003
calce_CX2_38,1,0.9999799651882769
calce_CX2_38,1,0.9999802231064113
calce_CX2_38,1,0.9999804777043019
calce_CX2_38,1,0.9999807290246887
calce_CX2_38,1,0.999980977109763
calce_CX2_38,1,0.9999812220011716
calce_CX2_38,1,0.999981463740026
calce_CX2_38,1,0.9999817023669086
calce_CX2_38,1,0.9999819379218793
calce_CX2_38,1,0.9999821704444819
calce_CX2_38,1,0.9999823999737519
calce_CX2_38,1,0.9999826265482219
calce_CX2_38,1,0.9999828502059287
calce_CX2_38,1,0.9999830709844192
calce_CX2_38,1,0.9999832889207576
calce_CX2_38,1,0.9999835040515301
calce_CX2_38,1,0.999983716412853
calce_CX2_38,1,0.9999839260403768
calce_CX2_38,1,0.9999841329692936
calce_CX2_38,1,0.9999843372343428
calce_CX2_38,1,0.9999845388698155
calce_CX2_38,1,0.9999847379095625
calce_CX2_38,1,0.9999849343869988
calce_CX2_38,1,0.9999851283351084
calce_CX2_38,1,0.9999853197864517
calce_CX2_38,1,0.9999855087731693
calce_CX2_38,1,0.9999856953269884
calce_CX2_38,1,0.9999858794792281
calce_CX2_38,1,0.9999860612608035
calce_CX2_38,1,0.9999862407022325
calce_CX2_38,1,0.9999864178336397
calce_CX2_38,1,0.9999865926847625
calce_CX2_38,1,0.9999867652849549
calce_CX2_38,1,0.9999869356631933
calce_CX2_38,1,0.9999871038480813
calce_CX2_38,1,0.9999872698678538
calce_CX2_38,1,0.9999874337503827
calce_CX2_38,1,0.9999875955231807
calce_CX2_38,1,0.9999877552134072
calce_CX2_38,1,0.9999879128478709
calce_CX2_38,1,0.9999880684530361
calce_CX2_38,1,0.9999882220550261
calce_CX2_38,1,0.9999883736796283
calce_CX2_38,1,0.9999885233522977
calce_CX2_38,1,0.9999886710981619
calce_CX2_38,1,0.999988816942025
calce_CX2_38,1,0.999988960908372
calce_CX2_38,1,0.9999891030213721
calce_CX2_38,1,0.9999892433048844
calce_CX2_38,1,0.9999893817824593
calce_CX2_38,1,0.999989518477346
calce_CX2_38,1,0.999989653412493
calce_CX2_38,1,0.9999897866105538
calce_CX2_38,1,0.9999899180938903
calce_CX2_38,1,0.9999900478845766
calce_CX2_38,1,0.9999901760044027
calce_CX2_38,1,0.9999903024748779
calce_CX2_38,1,0.9999904273172346
calce_CX2_38,1,0.9999905505524321
calce_CX2_38,1,0.9999906722011598
calce_CX2_38,1,0.9999907922838407
calce_CX2_38,1,0.9999909108206351
calce_CX2_38,1,0.9999910278314434
calce_CX2_38,1,0.9999911433359104
calce_CX2_38,1,0.9999912573534274
calce_CX2_38,1,0.9999913699031363
calce_CX2_38,1,0.999991481003933
calce_CX2_38,1,0.9999915906744695
calce_CX2_38,1,0.9999916989331582
calce_CX2_38,1,0.9999918057981741
calce_CX2_38,1,0.9999919112874586
calce_CX2_38,1,0.9999920154187215
calce_CX2_38,1,0.9999921182094457
calce_CX2_38,1,0.9999922196768881
calce_CX2_38,1,0.9999923198380839
calce_CX2_38,1,0.9999924187098487
calce_CX2_38,1,0.9999925163087819
calce_CX2_38,1,0.9999926126512692
calce_CX2_38,1,0.9999927077534851
calce_CX2_38,1,0.9999928016313963
calce_CX2_38,1,0.9999928943007635
calce_CX2_38,1,0.9999929857771451
calce_CX2_38,1,0.9999930760758987
calce_CX2_38,1,0.9999931652121843
calce_CX2_38,1,0.999993253200967
calce_CX2_38,1,0.9999933400570189
calce_CX2_38,1,0.999993425794922
calce_CX2_38,1,0.9999935104290711
calce_CX2_38,1,0.9999935939736748
calce_CX2_38,1,0.9999936764427598
calce_CX2_38,1,0.9999937578501713
calce_CX2_38,1,0.9999938382095768
calce_CX2_38,1,0.9999939175344676
calce_CX2_38,1,0.999993995838162
calce_CX2_38,1,0.9999940731338055
calce_CX2_38,1,0.999994149434376
calce_CX2_38,1,0.9999942247526831
calce_CX2_38,1,0.9999942991013717
calce_CX2_38,1,0.9999943724929247
calce_CX2_38,1,0.9999944449396634
calce_CX2_38,1,0.9999945164537508
calce_CX2_38,1,0.9999945870471937
calce_CX2_38,1,0.9999946567318436
calce_CX2_38,1,0.9999947255194
calce_CX2_38,1,0.9999947934214116
calce_CX2_38,1,0.9999948604492783
calce_CX2_38,1,0.9999949266142538
calce_CX2_38,1,0.9999949919274463
calce_CX2_38,1,0.9999950563998212
calce_CX2_38,1,0.9999951200422026
calce_CX2_38,1,0.9999951828652757
calce_CX2_38,1,0.9999952448795877
calce_CX2_38,1,0.9999953060955502
calce_CX2_38,1,0.999995366523441
calce_CX2_38,1,0.999995426173405
calce_CX2_38,1,0.9999954850554571
calce_CX2_38,1,0.999995543179483
calce_CX2_38,1,0.9999956005552411
calce_CX2_38,1,0.999995657192364
calce_CX2_38,1,0.9999957131003613
calce_CX2_38,1,0.9999957682886187
calce_CX2_38,1,0.9999958227664019
calce_CX2_38,1,0.9999958765428575
calce_CX2_38,1,0.9999959296270139
calce_CX2_38,1,0.9999959820277835
calce_CX2_38,1,0.9999960337539637
calce_CX2_38,1,0.9999960848142392
calce_CX2_38,1,0.9999961352171823
calce_CX2_38,1,0.9999961849712552
calce_CX2_38,1,0.9999962340848116
calce_CX2_38,1,0.9999962825660966
calce_CX2_38,1,0.9999963304232502
calce_CX2_38,1,0.9999963776643072
calce_CX2_38,1,0.9999964242971985
calce_CX2_38,1,0.9999964703297538
calce_CX2_38,1,0.9999965157697016
calce_CX2_38,1,0.9999965606246707
calce_CX2_38,1,0.999996604902192
calce_CX2_38,1,0.9999966486096992
calce_CX2_38,1,0.9999966917545304
calce_CX2_38,1,0.9999967343439293
calce_CX2_38,1,0.9999967763850461
calce_CX2_38,1,0.9999968178849399
calce_CX2_38,1,0.9999968588505773
calce_CX2_38,1,0.9999968992888365
calce_CX2_38,1,0.9999969392065067
calce_CX2_38,1,0.9999969786102897
calce_CX2_38,1,0.9999970175068014
calce_CX2_38,1,0.9999970559025717
calce_CX2_38,1,0.9999970938040473
calce_CX2_38,1,0.9999971312175914
calce_CX2_38,1,0.9999971681494855
calce_CX2_38,1,0.9999972046059303
calce_CX2_38,1,0.9999972405930462
calce_CX2_38,1,0.9999972761168755
calce_CX2_38,1,0.9999973111833822
calce_CX2_38,1,0.9999973457984537
calce_CX2_38,1,0.9999973799679017
calce_CX2_38,1,0.9999974136974629
calce_CX2_38,1,0.9999974469928004
calce_CX2_38,1,0.9999974798595037
calce_CX2_38,1,0.9999975123030915
calce_CX2_38,1,0.9999975443290106
calce_CX2_38,1,0.9999975759426379
calce_CX2_38,1,0.9999976071492812
calce_CX2_38,1,0.9999976379541797
calce_CX2_38,1,0.9999976683625054
calce_CX2_38,1,0.9999976983793636
calce_CX2_38,1,0.9999977280097939
calce_CX2_38,1,0.9999977572587712
calce_CX2_38,1,0.9999977861312057
calce_CX2_38,1,0.9999978146319456
calce_CX2_38,1,0.9999978427657753
calce_CX2_38,1,0.9999978705374186
calce_CX2_38,1,0.9999978979515382
calce_CX2_38,1,0.9999979250127368
calce_CX2_38,1,0.9999979517255574
calce_CX2_38,1,0.999997978094485
calce_CX2_38,1,0.9999980041239471
calce_CX2_38,1,0.9999980298183136
calce_CX2_38,1,0.9999980551818985
calce_CX2_38,1,0.99999808021896
calce_CX2_38,1,0.9999981049337018
calce_CX2_38,1,0.9999981293302733
calce_CX2_38,1,0.9999981534127707
calce_CX2_38,1,0.9999981771852366
calce_CX2_38,1,0.9999982006516632
calce_CX2_38,1,0.9999982238159897
calce_CX2_38,1,0.9999982466821055
calce_CX2_38,1,0.9999982692538495
calce_CX2_38,1,0.9999982915350113
calce_CX2_38,1,0.999998313529332
calce_CX2_38,1,0.9999983352405043
calce_CX2_38,1,0.9999983566721731
calce_CX2_38,1,0.9999983778279367
calce_CX2_38,1,0.9999983987113472
calce_CX2_38,1,0.9999984193259107
calce_CX2_38,1,0.9999984396750882
calce_CX2_38,1,0.9999984597622962
calce_CX2_38,1,0.999998479590907
calce_CX2_38,1,0.9999984991642502
calce_CX2_38,1,0.9999985184856117
calce_CX2_38,1,0.9999985375582354
calce_CX2_38,1,0.9999985563853236
calce_CX2_38,1,0.9999985749700372
calce_CX2_38,1,0.9999985933154963
calce_CX2_38,1,0.9999986114247813
calce_CX2_38,1,0.9999986293009325
calce_CX2_38,1,0.9999986469469511
calce_CX2_38,1,0.9999986643657996
calce_CX2_38,1,0.9999986815604031
calce_CX2_38,1,0.9999986985336479
calce_CX2_38,1,0.9999987152883838
calce_CX2_38,1,0.9999987318274242
calce_CX2_38,1,0.9999987481535452
calce_CX2_38,1,0.9999987642694885
calce_CX2_38,1,0.9999987801779595
calce_CX2_38,1,0.9999987958816294
calce_CX2_38,1,0.9999988113831345
calce_CX2_38,1,0.9999988266850777
calce_CX2_38,1,0.9999988417900277
calce_CX2_38,1,0.9999988567005209
calce_CX2_38,1,0.9999988714190602
calce_CX2_38,1,0.9999988859481174
calce_CX2_38,1,0.9999989002901314
calce_CX2_38,1,0.9999989144475101
calce_CX2_38,1,0.9999989284226308
calce_CX2_38,1,0.9999989422178395
calce_CX2_38,1,0.9999989558354525
calce_CX2_38,1,0.9999989692777561
calce_CX2_38,1,0.999998982547007
calce_CX2_38,1,0.9999989956454334
calce_CX2_38,1,0.999999008575234
calce_CX2_38,1,0.99999902133858
calce_CX2_38,1,0.9999990339376141
calce_CX2_38,1,0.9999990463744516
calce_CX2_38,1,0.9999990586511807
calce_CX2_38,1,0.9999990707698624
calce_CX2_38,1,0.9999990827325316
calce_CX2_38,1,0.9999990945411966
calce_CX2_38,1,0.9999991061978399
calce_CX2_38,1,0.999999117704419
calce_CX2_38,1,0.9999991290628651
calce_CX2_38,1,0.9999991402750857
calce_CX2_38,1,0.9999991513429632
calce_CX2_38,1,0.9999991622683561
calce_CX2_38,1,0.999999173053098
calce_CX2_38,1,0.9999991836990003
calce_CX2_38,1,0.9999991942078501
calce_CX2_38,1,0.9999992045814116
calce_CX2_38,1,0.9999992148214268
calce_CX2_38,1,0.9999992249296147
calce_CX2_38,1,0.9999992349076724
calce_CX2_38,1,0.9999992447572752
calce_CX2_38,1,0.9999992544800769
calce_CX2_38,1,0.99999926407771
calce_CX2_38,1,0.9999992735517854
calce_CX2_38,1,0.9999992829038944
calce_CX2_38,1,0.9999992921356066
calce_CX2_38,1,0.9999993012484722
calce_CX2_38,1,0.9999993102440211
calce_CX2_38,1,0.9999993191237639
calce_CX2_38,1,0.9999993278891911
calce_CX2_38,1,0.9999993365417744
calce_CX2_38,1,0.9999993450829668
calce_CX2_38,1,0.9999993535142021
calce_CX2_38,1,0.9999993618368959
calce_CX2_38,1,0.9999993700524454
calce_CX2_38,1,0.9999993781622302
calce_CX2_38,1,0.9999993861676115
calce_CX2_38,1,0.999999394069934
calce_CX2_38,1,0.9999994018705238
calce_CX2_38,1,0.999999409570691
calce_CX2_38,1,0.9999994171717281
calce_CX2_38,1,0.9999994246749114
calce_CX2_38,1,0.999999432081501
calce_CX2_38,1,0.9999994393927399
calce_CX2_38,1,0.9999994466098556
calce_CX2_38,1,0.9999994537340604
calce_CX2_38,1,0.9999994607665498
calce_CX2_38,1,0.9999994677085049
calce_CX2_38,1,0.9999994745610911
calce_CX2_38,1,0.9999994813254586
calce_CX2_38,1,0.9999994880027435
calce_CX2_38,1,0.999999494594067
calce_CX2_38,1,0.9999995011005354
calce_CX2_38,1,0.9999995075232412
calce_CX2_38,1,0.9999995138632626
calce_CX2_38,1,0.9999995201216643
calce_CX2_38,1,0.9999995262994971
calce_CX2_38,1,0.9999995323977978
calce_CX2_38,1,0.9999995384175907
calce_CX2_38,1,0.9999995443598864
calce_CX2_38,1,0.9999995502256824
calce_CX2_38,1,0.9999995560159638
calce_CX2_38,1,0.9999995617317023
calce_CX2_38,1,0.9999995673738582
calce_CX2_38,1,0.9999995729433783
calce_CX2_38,1,0.9999995784411978
calce_CX2_38,1,0.9999995838682398
calce_CX2_38,1,0.9999995892254154
calce_CX2_38,1,0.9999995945136243
calce_CX2_38,1,0.999999599733754
calce_CX2_38,1,0.999999604886681
calce_CX2_38,1,0.9999996099732706
calce_CX2_38,1,0.999999614994377
calce_CX2_38,1,0.9999996199508426
calce_CX2_38,1,0.9999996248435001
calce_CX2_38,1,0.9999996296731707
calce_CX2_38,1,0.9999996344406656
calce_CX2_38,1,0.9999996391467848
calce_CX2_38,1,0.9999996437923185
calce_CX2_38,1,0.9999996483780471
calce_CX2_38,1,0.9999996529047398
calce_CX2_38,1,0.9999996573731572
calce_CX2_38,1,0.9999996617840494
calce_CX2_38,1,0.9999996661381569
calce_CX2_38,1,0.9999996704362106
calce_CX2_38,1,0.9999996746789325
calce_CX2_38,1,0.9999996788670346
calce_CX2_38,1,0.99999968300122
calce_CX2_38,1,0.999999687082183
calce_CX2_38,1,0.9999996911106087
calce_CX2_38,1,0.9999996950871733
calce_CX2_38,1,0.999999699012545
calce_CX2_38,1,0.9999997028873823
calce_CX2_38,1,0.999999706712336
calce_CX2_38,1,0.9999997104880479
calce_CX2_38,1,0.9999997142151524
calce_CX2_38,1,0.9999997178942753
calce_CX2_38,1,0.9999997215260339
calce_CX2_38,1,0.9999997251110383
calce_CX2_38,1,0.9999997286498902
calce_CX2_38,1,0.9999997321431837
calce_CX2_38,1,0.9999997355915056
calce_CX2_38,1,0.9999997389954345
calce_CX2_38,1,0.9999997423555422
calce_CX2_38,1,0.9999997456723927
calce_CX2_38,1,0.9999997489465429
calce_CX2_38,1,0.9999997521785425
calce_CX2_38,1,0.9999997553689343
calce_CX2_38,1,0.9999997585182535
calce_CX2_38,1,0.9999997616270295
calce_CX2_38,1,0.9999997646957838
calce_CX2_38,1,0.9999997677250314
calce_CX2_38,1,0.9999997707152817
calce_CX2_38,1,0.999999773667036
calce_CX2_38,1,0.9999997765807902
calce_CX2_38,1,0.9999997794570334
calce_CX2_38,1,0.9999997822962489
calce_CX2_38,1,0.9999997850989126
calce_CX2_38,1,0.9999997878654957
calce_CX2_38,1,0.9999997905964627
calce_CX2_38,1,0.9999997932922716
calce_CX2_38,1,0.9999997959533756
calce_CX2_38,1,0.999999798580221
calce_CX2_38,1,0.9999998011732492
calce_CX2_38,1,0.9999998037328953
calce_CX2_38,1,0.9999998062595892
calce_CX2_38,1,0.999999808753755
calce_CX2_38,1,0.9999998112158118
calce_CX2_38,1,0.9999998136461724
calce_CX2_38,1,0.9999998160452453
calce_CX2_38,1,0.9999998184134332
calce_CX2_38,1,0.9999998207511335
calce_CX2_38,1,0.9999998230587388
calce_CX2_38,1,0.9999998253366368
calce_CX2_38,1,0.9999998275852096
calce_CX2_38,1,0.9999998298048348
calce_CX2_38,1,0.9999998319958849
calce_CX2_38,1,0.9999998341587284
calce_CX2_38,1,0.9999998362937276
calce_CX2_38,1,0.9999998384012415
calce_CX2_38,1,0.9999998404816238
calce_CX2_38,1,0.9999998425352238
calce_CX2_38,1,0.9999998445623863
calce_CX2_38,1,0.9999998465634516
calce_CX2_38,1,0.9999998485387557
calce_CX2_38,1,0.9999998504886302
calce_CX2_38,1,0.9999998524134024
calce_CX2_38,1,0.9999998543133958
calce_CX2_38,1,0.999999856188929
calce_CX2_38,1,0.9999998580403171
calce_CX2_38,1,0.9999998598678709
calce_CX2_38,1,0.999999861671897
calce_CX2_38,1,0.9999998634526988
calce_CX2_38,1,0.999999865210575
calce_CX2_38,1,0.9999998669458204
calce_CX2_38,1,0.9999998686587271
calce_CX2_38,1,0.9999998703495822
calce_CX2_38,1,0.9999998720186696
calce_CX2_38,1,0.9999998736662694
calce_CX2_38,1,0.9999998752926587
calce_CX2_38,1,0.99999987689811
calce_CX2_38,1,0.9999998784828933
calce_CX2_38,1,0.9999998800472745
calce_CX2_38,1,0.9999998815915161
calce_CX2_38,1,0.9999998831158775
calce_CX2_38,1,0.9999998846206148
calce_CX2_38,1,0.9999998861059806
calce_CX2_38,1,0.9999998875722238
calce_CX2_38,1,0.9999998890195912
calce_CX2_38,1,0.9999998904483256
calce_CX2_38,1,0.9999998918586667
calce_CX2_38,1,0.9999998932508515
calce_CX2_38,1,0.9999998946251136
calce_CX2_38,1,0.9999998959816837
calce_CX2_38,1,0.9999998973207899
calce_CX2_38,1,0.9999998986426567
calce_CX2_38,1,0.9999998999475059
calce_CX2_38,1,0.9999999012355569
calce_CX2_38,1,0.9999999025070261
calce_CX2_38,1,0.9999999037621264
calce_CX2_38,1,0.999999905001069
calce_CX2_38,1,0.9999999062240618
calce_CX2_38,1,0.9999999074313101
calce_CX2_38,1,0.9999999086230164
calce_CX2_38,1,0.9999999097993811
calce_CX2_38,1,0.9999999109606016
calce_CX2_38,1,0.9999999121068728
calce_CX2_38,1,0.9999999132383872
calce_CX2_38,1,0.9999999143553346
calce_CX2_38,1,0.9999999154579029
calce_CX2_38,1,0.9999999165462771
calce_CX2_38,1,0.9999999176206397
calce_CX2_38,1,0.9999999186811712
calce_CX2_38,1,0.9999999197280496
calce_CX2_38,1,0.999999920761451
calce_CX2_38,1,0.9999999217815484
calce_CX2_38,1,0.9999999227885135
calce_CX2_38,1,0.999999923782515
calce_CX2_38,1,0.9999999247637202
calce_CX2_38,1,0.9999999257322933
calce_CX2_38,1,0.9999999266883974
calce_CX2_38,1,0.999999927632193
calce_CX2_38,1,0.9999999285638383
calce_CX2_38,1,0.9999999294834897
calce_CX2_38,1,0.9999999303913019
calce_CX2_38,1,0.9999999312874271
calce_CX2_38,1,0.9999999321720158
calce_CX2_38,1,0.9999999330452165
calce_CX2_38,1,0.9999999339071758
calce_CX2_38,1,0.9999999347580384
calce_CX2_38,1,0.9999999355979473
calce_CX2_38,1,0.9999999364270435
calce_CX2_38,1,0.9999999372454661
calce_CX2_38,1,0.9999999380533525
calce_CX2_38,1,0.9999999388508383
calce_CX2_38,1,0.9999999396380576
calce_CX2_38,1,0.9999999404151423
calce_CX2_38,1,0.999999941182223
calce_CX2_38,1,0.9999999419394285
calce_CX2_38,1,0.999999942686886
calce_CX2_38,1,0.999999943424721
calce_CX2_38,1,0.9999999441530572
calce_CX2_38,1,0.9999999448720168
calce_CX2_38,1,0.9999999455817209
calce_CX2_38,1,0.9999999462822884
calce_CX2_38,1,0.9999999469738369
calce_CX2_38,1,0.9999999476564828
calce_CX2_38,1,0.9999999483303401
calce_CX2_38,1,0.9999999489955226
calce_CX2_38,1,0.9999999496521418
calce_CX2_38,1,0.9999999503003076
calce_CX2_38,1,0.9999999509401292
calce_CX2_38,1,0.9999999515717138
calce_CX2_38,1,0.9999999521951678
calce_CX2_38,1,0.9999999528105954
calce_CX2_38,1,0.9999999534181001
calce_CX2_38,1,0.9999999540177839
calce_CX2_38,1,0.9999999546097477
calce_CX2_38,1,0.9999999551940906
calce_CX2_38,1,0.9999999557709107
calce_CX2_38,1,0.9999999563403051
calce_CX2_38,1,0.9999999569023693
calce_CX2_38,1,0.9999999574571976
calce_CX2_38,1,0.9999999580048831
calce_CX2_38,1,0.9999999585455178
calce_CX2_38,1,0.9999999590791927
calce_CX2_38,1,0.9999999596059971
calce_CX2_38,1,0.9999999601260194
calce_CX2_38,1,0.9999999606393473
calce_CX2_38,1,0.9999999611460666
calce_CX2_38,1,0.9999999616462626
calce_CX2_38,1,0.9999999621400192
calce_CX2_38,1,0.9999999626274193
calce_CX2_38,1,0.9999999631085446
calce_CX2_38,1,0.999999963583476
calce_CX2_38,1,0.9999999640522934
calce_CX2_38,1,0.9999999645150753
calce_CX2_38,1,0.9999999649718995
calce_CX2_38,1,0.9999999654228428
calce_CX2_38,1,0.9999999658679803
calce_CX2_38,1,0.9999999663073875
calce_CX2_38,1,0.9999999667411381
calce_CX2_38,1,0.9999999671693045
calce_CX2_38,1,0.9999999675919587
calce_CX2_38,1,0.9999999680091719
calce_CX2_38,1,0.9999999684210138
calce_CX2_38,1,0.9999999688275539
calce_CX2_38,1,0.9999999692288605
calce_CX2_38,1,0.9999999696250004
calce_CX2_38,1,0.9999999700160407
calce_CX2_38,1,0.9999999704020468
calce_CX2_38,1,0.9999999707830836
calce_CX2_38,1,0.9999999711592148
calce_CX2_38,1,0.999999971530504
calce_CX2_38,1,0.9999999718970133
calce_CX2_38,1,0.9999999722588043
calce_CX2_38,1,0.9999999726159375
calce_CX2_38,1,0.9999999729684733
calce_CX2_38,1,0.9999999733164704
calce_CX2_38,1,0.9999999736599876
calce_CX2_38,1,0.9999999739990824
calce_CX2_38,1,0.9999999743338119
calce_CX2_38,1,0.9999999746642321
calce_CX2_38,1,0.9999999749903985
calce_CX2_38,1,0.999999975312366
calce_CX2_38,1,0.9999999756301884
calce_CX2_38,1,0.9999999759439194
calce_CX2_38,1,0.9999999762536115
calce_CX2_38,1,0.9999999765593167
calce_CX2_38,1,0.9999999768610862
calce_CX2_38,1,0.9999999771589708
calce_CX2_38,1,0.9999999774530207
calce_CX2_38,1,0.9999999777432849
calce_CX2_38,1,0.9999999780298123
calce_CX2_38,1,0.9999999783126512
calce_CX2_38,1,0.9999999785918487
calce_CX2_38,1,0.9999999788674521
calce_CX2_38,1,0.9999999791395073
calce_CX2_38,1,0.9999999794080601
calce_CX2_38,1,0.9999999796731556
calce_CX2_38,1,0.9999999799348385
calce_CX2_38,1,0.9999999801931525
calce_CX2_38,1,0.9999999804481409
calce_CX2_38,1,0.9999999806998466
calce_CX2_38,1,0.9999999809483121
calce_CX2_38,1,0.9999999811935788
calce_CX2_38,1,0.999999981435688
calce_CX2_38,1,0.9999999816746804
calce_CX2_38,1,0.9999999819105961
calce_CX2_38,1,0.9999999821434745
calce_CX2_38,1,0.9999999823733551
calce_CX2_38,1,0.9999999826002762
calce_CX2_38,1,0.9999999828242759
calce_CX2_38,1,0.999999983045392
calce_CX2_38,1,0.9999999832636616
calce_CX2_38,1,0.9999999834791209
calce_CX2_38,1,0.9999999836918065
calce_CX2_38,1,0.9999999839017544
calce_CX2_38,1,0.9999999841089993
calce_CX2_38,1,0.9999999843135761
calce_CX2_38,1,0.9999999845155192
calce_CX2_38,1,0.9999999847148626
calce_CX2_38,1,0.9999999849116397
calce_CX2_38,1,0.9999999851058834
calce_CX2_38,1,0.9999999852976267
calce_CX2_38,1,0.9999999854869015
calce_CX2_38,1,0.9999999856737396
calce_CX2_38,1,0.9999999858581723
calce_CX2_38,1,0.9999999860402307
calce_CX2_38,1,0.9999999862199453
calce_CX2_38,1,0.9999999863973463
calce_CX2_38,1,0.9999999865724636
calce_CX2_38,1,0.9999999867453264
calce_CX2_38,1,0.9999999869159637
calce_CX2_38,1,0.9999999870844045
calce_CX2_38,1,0.9999999872506765
calce_CX2_38,1,0.9999999874148081
calce_CX2_38,1,0.9999999875768267
calce_CX2_38,1,0.9999999877367597
calce_CX2_38,1,0.9999999878946336
calce_CX2_38,1,0.9999999880504752
calce_CX2_38,1,0.9999999882043104
calce_CX2_38,1,0.9999999883561651
calce_CX2_38,1,0.999999988506065
calce_CX2_38,1,0.9999999886540353
calce_CX2_38,1,0.9999999888001004
calce_CX2_38,1,0.9999999889442851
calce_CX2_38,1,0.9999999890866137
calce_CX2_38,1,0.99999998922711
calce_CX2_38,1,0.9999999893657975
calce_CX2_38,1,0.9999999895026995
calce_CX2_38,1,0.9999999896378392
calce_CX2_38,1,0.9999999897712392
calce_CX2_38,1,0.9999999899029216
calce_CX2_38,1,0.999999990032909
calce_CX2_38,1,0.9999999901612228
calce_CX2_38,1,0.9999999902878848
calce_CX2_38,1,0.9999999904129163
calce_CX2_38,1,0.999999990536338
calce_CX2_38,1,0.9999999906581708
calce_CX2_38,1,0.9999999907784353
calce_CX2_38,1,0.9999999908971514
calce_CX2_38,1,0.9999999910143392
calce_CX2_38,1,0.9999999911300185
calce_CX2_38,1,0.9999999912442085
calce_CX2_38,1,0.9999999913569283
calce_CX2_38,1,0.9999999914681971
calce_CX2_38,1,0.9999999915780334
calce_CX2_38,1,0.9999999916864558
calce_CX2_38,1,0.9999999917934822
calce_CX2_38,1,0.999999991899131
calce_CX2_38,1,0.9999999920034196
calce_CX2_38,1,0.9999999921063655
calce_CX2_38,1,0.9999999922079862
calce_CX2_38,1,0.9999999923082988
calce_CX2_38,1,0.9999999924073198
calce_CX2_38,1,0.9999999925050661
calce_CX2_38,1,0.9999999926015539
calce_CX2_38,1,0.9999999926967997
calce_CX2_38,1,0.9999999927908192
calce_CX2_38,1,0.9999999928836285
calce_CX2_38,1,0.999999992975243
calce_CX2_38,1,0.999999993065678
calce_CX2_38,1,0.9999999931549486
calce_CX2_38,1,0.9999999932430701
calce_CX2_38,1,0.9999999933300572
calce_CX2_38,1,0.9999999934159245
calce_CX2_38,1,0.9999999935006862
calce_CX2_38,1,0.9999999935843569
calce_CX2_38,1,0.9999999936669501
calce_CX2_38,1,0.9999999937484803
calce_CX2_38,1,0.9999999938289608
calce_CX2_38,1,0.9999999939084052
calce_CX2_38,1,0.9999999939868269
calce_CX2_38,1,0.999999994064239
calce_CX2_38,1,0.9999999941406545
calce_CX2_38,1,0.9999999942160864
calce_CX2_38,1,0.9999999942905471
calce_CX2_38,1,0.9999999943640492
calce_CX2_38,1,0.9999999944366049
calce_CX2_38,1,0.9999999945082267
calce_CX2_38,1,0.9999999945789264
calce_CX2_38,1,0.9999999946487161
calce_CX2_38,1,0.9999999947176073
calce_CX2_38,1,0.9999999947856113
calce_CX2_38,1,0.9999999948527403
calce_CX2_38,1,0.9999999949190048
calce_CX2_38,1,0.9999999949844163
calce_CX2_38,1,0.9999999950489855
calce_CX2_38,1,0.9999999951127236
calce_CX2_38,1,0.9999999951756413
calce_CX2_38,1,0.999999995237749
calce_CX2_38,1,0.999999995299057
calce_CX2_38,1,0.9999999953595757
calce_CX2_38,1,0.9999999954193155
calce_CX2_38,1,0.9999999954782861
calce_CX2_38,1,0.9999999955364975
calce_CX2_38,1,0.9999999955939596
calce_CX2_38,1,0.9999999956506818
calce_CX2_38,1,0.9999999957066739
calce_CX2_38,1,0.999999995761945
calce_CX2_38,1,0.9999999958165047
calce_CX2_38,1,0.999999995870362
calce_CX2_38,1,0.999999995923526
calce_CX2_38,1,0.9999999959760055
calce_CX2_38,1,0.9999999960278094
calce_CX2_38,1,0.9999999960789465
calce_CX2_38,1,0.999999996129425
calce_CX2_38,1,0.9999999961792538
calce_CX2_38,1,0.9999999962284414
calce_CX2_38,1,0.9999999962769954
calce_CX2_38,1,0.9999999963249244
calce_CX2_38,1,0.9999999963722364
calce_CX2_38,1,0.9999999964189394
calce_CX2_38,1,0.999999996465041
calce_CX2_38,1,0.9999999965105493
calce_CX2_38,1,0.9999999965554716
calce_CX2_38,1,0.9999999965998156
calce_CX2_38,1,0.9999999966435889
calce_CX2_38,1,0.9999999966867983
calce_CX2_38,1,0.9999999967294517
calce_CX2_38,1,0.999999996771556
calce_CX2_38,1,0.9999999968131181
calce_CX2_38,1,0.9999999968541453
calce_CX2_38,1,0.9999999968946442
calce_CX2_38,1,0.9999999969346218
calce_CX2_38,1,0.9999999969740847
calce_CX2_38,1,0.9999999970130395
calce_CX2_38,1,0.999999997051493
calce_CX2_38,1,0.9999999970894513
calce_CX2_38,1,0.9999999971269211
calce_CX2_38,1,0.9999999971639084
calce_CX2_38,1,0.9999999972004194
calce_CX2_38,1,0.9999999972364606
calce_CX2_38,1,0.9999999972720377
calce_CX2_38,1,0.9999999973071569
calce_CX2_38,1,0.9999999973418239
calce_CX2_38,1,0.9999999973760445
calce_CX2_38,1,0.9999999974098248
calce_CX2_38,1,0.9999999974431699
calce_CX2_38,1,0.999999997476086
calce_CX2_38,1,0.9999999975085783
calce_CX2_38,1,0.9999999975406522
calce_CX2_38,1,0.9999999975723133
calce_CX2_38,1,0.9999999976035667
calce_CX2_38,1,0.9999999976344178
calce_CX2_38,1,0.9999999976648717
calce_CX2_38,1,0.9999999976949336
calce_CX2_38,1,0.9999999977246083
calce_CX2_38,1,0.9999999977539014
calce_CX2_38,1,0.9999999977828169
calce_CX2_38,1,0.9999999978113605
calce_CX2_38,1,0.9999999978395364
calce_CX2_38,1,0.9999999978673497
calce_CX2_38,1,0.9999999978948049
calce_CX2_38,1,0.9999999979219067
calce_CX2_38,1,0.9999999979486596
calce_CX2_38,1,0.999999997975068
calce_CX2_38,1,0.9999999980011365
calce_CX2_38,1,0.9999999980268695
calce_CX2_38,1,0.9999999980522709
calce_CX2_38,1,0.9999999980773455
calce_CX2_38,1,0.9999999981020973
calce_CX2_38,1,0.9999999981265304
calce_CX2_38,1,0.9999999981506491
calce_CX2_38,1,0.9999999981744572
calce_CX2_38,1,0.9999999981979588
calce_CX2_38,1,0.9999999982211578
calce_CX2_38,1,0.9999999982440582
calce_CX2_38,1,0.9999999982666636
calce_CX2_38,1,0.9999999982889782
calce_CX2_38,1,0.9999999983110055
calce_CX2_38,1,0.9999999983327492
calce_CX2_38,1,0.9999999983542129
calce_CX2_38,1,0.9999999983754004
calce_CX2_38,1,0.9999999983963153
calce_CX2_38,1,0.9999999984169605
calce_CX2_38,1,0.9999999984373402
calce_CX2_38,1,0.9999999984574575
calce_CX2_38,1,0.9999999984773158
calce_CX2_38,1,0.9999999984969186
calce_CX2_38,1,0.9999999985162689
calce_CX2_38,1,0.99999999853537
calce_CX2_38,1,0.9999999985542254
calce_CX2_38,1,0.9999999985728378
calce_CX2_38,1,0.9999999985912107
calce_CX2_38,1,0.9999999986093473
calce_CX2_38,1,0.9999999986272501
calce_CX2_38,1,0.9999999986449226
calce_CX2_38,1,0.9999999986623676
calce_CX2_38,1,0.9999999986795878
calce_CX2_38,1,0.9999999986965864
calce_CX2_38,1,0.9999999987133663
calce_CX2_38,1,0.9999999987299302
calce_CX2_38,1,0.9999999987462806
calce_CX2_38,1,0.9999999987624208
calce_CX2_38,1,0.999999998778353
calce_CX2_38,1,0.9999999987940802
calce_CX2_38,1,0.9999999988096049
calce_CX2_38,1,0.9999999988249297
calce_CX2_38,1,0.9999999988400574
calce_CX2_38,1,0.9999999988549901
calce_CX2_38,1,0.9999999988697308
calce_CX2_38,1,0.9999999988842816
calce_CX2_38,1,0.999999998898645
calce_CX2_38,1,0.9999999989128237
calce_CX2_38,1,0.9999999989268196
calce_CX2_38,1,0.9999999989406356
calce_CX2_38,1,0.9999999989542736
calce_CX2_38,1,0.999999998967736
calce_CX2_38,1,0.9999999989810251
calce_CX2_38,1,0.999999998994143
calce_CX2_38,1,0.9999999990070922
calce_CX2_38,1,0.9999999990198747
calce_CX2_38,1,0.9999999990324926
calce_CX2_38,1,0.999999999044948
calce_CX2_38,1,0.9999999990572432
calce_CX2_38,1,0.99999999906938
calce_CX2_38,1,0.9999999990813606
calce_CX2_38,1,0.9999999990931869
calce_CX2_38,1,0.9999999991048609
calce_CX2_38,1,0.9999999991163848
calce_CX2_38,1,0.9999999991277602
calce_CX2_38,1,0.9999999991389892
calce_CX2_38,1,0.9999999991500736
calce_CX2_38,1,0.9999999991610153
calce_CX2_38,1,0.9999999991718163
calce_CX2_38,1,0.9999999991824782
calce_CX2_38,1,0.9999999991930026
calce_CX2_38,1,0.9999999992033919
calce_CX2_38,1,0.999999999213647
calce_CX2_38,1,0.9999999992237705
calce_CX2_38,1,0.9999999992337634
calce_CX2_38,1,0.9999999992436277
calce_CX2_38,1,0.999999999253365
calce_CX2_38,1,0.9999999992629771
calce_CX2_38,1,0.9999999992724653
calce_CX2_38,1,0.9999999992818314
calce_CX2_38,1,0.9999999992910771
calce_CX2_38,1,0.9999999993002036
calce_CX2_38,1,0.9999999993092126
calce_CX2_38,1,0.9999999993181055
calce_CX2_38,1,0.999999999326884
calce_CX2_38,1,0.9999999993355495
calce_CX2_38,1,0.9999999993441036
calce_CX2_38,1,0.9999999993525475
calce_CX2_38,1,0.9999999993608826
calce_CX2_38,1,0.9999999993691104
calce_CX2_38,1,0.9999999993772324
calce_CX2_38,1,0.9999999993852497
calce_CX2_38,1,0.9999999993931639
calce_CX2_38,1,0.9999999994009761
calce_CX2_38,1,0.9999999994086877
calce_CX2_38,1,0.9999999994163002
calce_CX2_38,1,0.9999999994238147
calce_CX2_38,1,0.9999999994312323
calce_CX2_38,1,0.9999999994385544
calce_CX2_38,1,0.9999999994457824
calce_CX2_38,1,0.9999999994529172
calce_CX2_38,1,0.9999999994599602
calce_CX2_38,1,0.9999999994669126
calce_CX2_38,1,0.9999999994737754
calce_CX2_38,1,0.99999999948055
calce_CX2_38,1,0.9999999994872371
calce_CX2_38,1,0.9999999994938382
calce_CX2_38,1,0.9999999995003546
calce_CX2_38,1,0.9999999995067868
calce_CX2_38,1,0.9999999995131363
calce_CX2_38,1,0.9999999995194042
calce_CX2_38,1,0.9999999995255913
calce_CX2_38,1,0.9999999995316986
calce_CX2_38,1,0.9999999995377273
calce_CX2_38,1,0.9999999995436786
calce_CX2_38,1,0.9999999995495532
calce_CX2_38,1,0.9999999995553521
calce_CX2_38,1,0.9999999995610764
calce_CX2_38,1,0.999999999566727
calce_CX2_38,1,0.9999999995723048
calce_CX2_38,1,0.9999999995778108
calce_CX2_38,1,0.999999999583246
calce_CX2_38,1,0.9999999995886113
calce_CX2_38,1,0.9999999995939073
calce_CX2_38,1,0.9999999995991353
calce_CX2_38,1,0.9999999996042959
calce_CX2_38,1,0.99999999960939
calce_CX2_38,1,0.9999999996144187
calce_CX2_38,1,0.9999999996193827
calce_CX2_38,1,0.9999999996242825
calce_CX2_38,1,0.9999999996291196
calce_CX2_38,1,0.9999999996338942
calce_CX2_38,1,0.9999999996386073
calce_CX2_38,1,0.9999999996432598
calce_CX2_38,1,0.9999999996478524
calce_CX2_38,1,0.9999999996523858
calce_CX2_38,1,0.9999999996568609
calce_CX2_38,1,0.9999999996612783
calce_CX2_38,1,0.999999999665639
calce_CX2_38,1,0.9999999996699436
calce_CX2_38,1,0.9999999996741926
calce_CX2_38,1,0.9999999996783868
calce_CX2_38,1,0.9999999996825273
calce_CX2_38,1,0.9999999996866142
calce_CX2_38,1,0.9999999996906488
calce_CX2_38,1,0.9999999996946314
calce_CX2_38,1,0.9999999996985625
calce_CX2_38,1,0.9999999997024431
calce_CX2_38,1,0.9999999997062738
calce_CX2_38,1,0.9999999997100553
calce_CX2_38,1,0.9999999997137878
calce_CX2_38,1,0.9999999997174724
calce_CX2_38,1,0.9999999997211098
calce_CX2_38,1,0.9999999997247
calce_CX2_38,1,0.9999999997282443
calce_CX2_38,1,0.9999999997317428
calce_CX2_38,1,0.9999999997351963
calce_CX2_38,1,0.9999999997386053
calce_CX2_38,1,0.9999999997419704
calce_CX2_38,1,0.9999999997452922
calce_CX2_38,1,0.9999999997485711
calce_CX2_38,1,0.9999999997518081
calce_CX2_38,1,0.9999999997550031
calce_CX2_38,1,0.9999999997581572
calce_CX2_38,1,0.9999999997612707
calce_CX2_38,1,0.9999999997643441
calce_CX2_38,1,0.9999999997673779
calce_CX2_38,1,0.9999999997703726
calce_CX2_38,1,0.9999999997733287
calce_CX2_38,1,0.9999999997762468
calce_CX2_38,1,0.9999999997791273
calce_CX2_38,1,0.9999999997819708
calce_CX2_38,1,0.9999999997847777
calce_CX2_38,1,0.9999999997875484
calce_CX2_38,1,0.9999999997902833
calce_CX2_38,1,0.9999999997929832
calce_CX2_38,1,0.9999999997956484
calce_CX2_38,1,0.9999999997982791
calce_CX2_38,1,0.999999999800876
calce_CX2_38,1,0.9999999998034395
calce_CX2_38,1,0.9999999998059699
calce_CX2_38,1,0.9999999998084679
calce_CX2_38,1,0.9999999998109337
calce_CX2_38,1,0.9999999998133675
calce_CX2_38,1,0.9999999998157703
calce_CX2_38,1,0.9999999998181419
calce_CX2_38,1,0.9999999998204832
calce_CX2_38,1,0.9999999998227942
calce_CX2_38,1,0.9999999998250755
calce_CX2_38,1,0.9999999998273275
calce_CX2_38,1,0.9999999998295503
calce_CX2_38,1,0.9999999998317448
calce_CX2_38,1,0.9999999998339109
calce_CX2_38,1,0.9999999998360489
calce_CX2_38,1,0.9999999998381597
calce_CX2_38,1,0.9999999998402431
calce_CX2_38,1,0.9999999998422999
calce_CX2_38,1,0.9999999998443301
calce_CX2_38,1,0.999999999846334
calce_CX2_38,1,0.9999999998483122
calce_CX2_38,1,0.9999999998502651
calce_CX2_38,1,0.9999999998521927
calce_CX2_38,1,0.9999999998540956
calce_CX2_38,1,0.9999999998559739
calce_CX2_38,1,0.9999999998578282
calce_CX2_38,1,0.9999999998596585
calce_CX2_38,1,0.999999999861465
calce_CX2_38,1,0.9999999998632485
calce_CX2_38,1,0.9999999998650091
calce_CX2_38,1,0.9999999998667468
calce_CX2_38,1,0.9999999998684623
calce_CX2_38,1,0.9999999998701559
calce_CX2_38,1,0.9999999998718274
calce_CX2_38,1,0.9999999998734774
calce_CX2_38,1,0.9999999998751061
calce_CX2_38,1,0.9999999998767142
calce_CX2_38,1,0.9999999998783011
calce_CX2_38,1,0.9999999998798679
calce_CX2_38,1,0.9999999998814144
calce_CX2_38,1,0.9999999998829412
calce_CX2_38,1,0.9999999998844482
calce_CX2_38,1,0.9999999998859357
calce_CX2_38,1,0.9999999998874041
calce_CX2_38,1,0.9999999998888536
calce_CX2_38,1,0.9999999998902847
calce_CX2_38,1,0.9999999998916971
calce_CX2_38,1,0.9999999998930913
calce_CX2_38,1,0.9999999998944675
calce_CX2_38,1,0.9999999998958262
calce_CX2_38,1,0.9999999998971674
calce_CX2_38,1,0.9999999998984912
calce_CX2_38,1,0.9999999998997979
calce_CX2_38,1,0.999999999901088
calce_CX2_38,1,0.9999999999023612
calce_CX2_38,1,0.9999999999036182
calce_CX2_38,1,0.999999999904859
calce_CX2_38,1,0.9999999999060838
calce_CX2_38,1,0.9999999999072928
calce_CX2_38,1,0.9999999999084863
calce_CX2_38,1,0.9999999999096645
calce_CX2_38,1,0.9999999999108276
calce_CX2_38,1,0.9999999999119755
calce_CX2_38,1,0.9999999999131086
calce_CX2_38,1,0.9999999999142273
calce_CX2_38,1,0.9999999999153315
calce_CX2_38,1,0.9999999999164215
calce_CX2_38,1,0.9999999999174976
calce_CX2_38,1,0.9999999999185596
calce_CX2_38,1,0.9999999999196081
calce_CX2_38,1,0.999999999920643
calce_CX2_38,1,0.9999999999216647
calce_CX2_38,1,0.9999999999226732
calce_CX2_38,1,0.9999999999236686
calce_CX2_38,1,0.9999999999246512
calce_CX2_38,1,0.9999999999256213
calce_CX2_38,1,0.9999999999265787
calce_CX2_38,1,0.999999999927524
calce_CX2_38,1,0.999999999928457
calce_CX2_38,1,0.999999999929378
calce_CX2_38,1,0.9999999999302873
calce_CX2_38,1,0.9999999999311846
calce_CX2_38,1,0.9999999999320706
calce_CX2_38,1,0.9999999999329452
calce_CX2_38,1,0.9999999999338083
calce_CX2_38,1,0.9999999999346605
calce_CX2_38,1,0.9999999999355016
calce_CX2_38,1,0.999999999936332
calce_CX2_38,1,0.9999999999371516
calce_CX2_38,1,0.9999999999379607
calce_CX2_38,1,0.9999999999387594
calce_CX2_38,1,0.9999999999395479
calce_CX2_38,1,0.9999999999403262
calce_CX2_38,1,0.9999999999410942
calce_CX2_38,1,0.9999999999418527
calce_CX2_38,1,0.9999999999426012
calce_CX2_38,1,0.9999999999433402
calce_CX2_38,1,0.9999999999440696
calce_CX2_38,1,0.9999999999447895
calce_CX2_38,1,0.9999999999455003
calce_CX2_38,1,0.9999999999462019
calce_CX2_38,1,0.9999999999468945
calce_CX2_38,1,0.9999999999475782
calce_CX2_38,1,0.9999999999482532
calce_CX2_38,1,0.9999999999489193
calce_CX2_38,1,0.9999999999495768
calce_CX2_38,1,0.999999999950226
calce_CX2_38,1,0.9999999999508669
calce_CX2_38,1,0.9999999999514992
calce_CX2_38,1,0.9999999999521236
calce_CX2_38,1,0.99999999995274
calce_CX2_38,1,0.9999999999533484
calce_CX2_38,1,0.9999999999539491
calce_CX2_38,1,0.9999999999545419
calce_CX2_38,1,0.999999999955127
calce_CX2_38,1,0.9999999999557048
calce_CX2_38,1,0.999999999956275
calce_CX2_38,1,0.9999999999568379
calce_CX2_38,1,0.9999999999573936
calce_CX2_38,1,0.9999999999579421
calce_CX2_38,1,0.9999999999584837
calce_CX2_38,1,0.9999999999590181
calce_CX2_38,1,0.9999999999595457
calce_CX2_38,1,0.9999999999600664
calce_CX2_38,1,0.9999999999605804
calce_CX2_38,1,0.999999999961088
calce_CX2_38,1,0.999999999961589
calce_CX2_38,1,0.9999999999620834
calce_CX2_38,1,0.9999999999625715
calce_CX2_38,1,0.9999999999630533
calce_CX2_38,1,0.999999999963529
calce_CX2_38,1,0.9999999999639986
calce_CX2_38,1,0.999999999964462
calce_CX2_38,1,0.9999999999649196
calce_CX2_38,1,0.9999999999653713
calce_CX2_38,1,0.9999999999658169
calce_CX2_38,1,0.999999999966257
calce_CX2_38,1,0.9999999999666913
calce_CX2_38,1,0.9999999999671203
calce_CX2_38,1,0.9999999999675435
calce_CX2_38,1,0.9999999999679614
calce_CX2_38,1,0.9999999999683737
calce_CX2_38,1,0.999999999968781
calce_CX2_38,1,0.9999999999691829
calce_CX2_38,1,0.9999999999695797
calce_CX2_38,1,0.9999999999699711
calce_CX2_38,1,0.9999999999703577
calce_CX2_38,1,0.9999999999707394
calce_CX2_38,1,0.999999999971116
calce_CX2_38,1,0.9999999999714879
calce_CX2_38,1,0.999999999971855
calce_CX2_38,1,0.9999999999722173
calce_CX2_38,1,0.999999999972575
calce_CX2_38,1,0.9999999999729281
calce_CX2_38,1,0.9999999999732765
calce_CX2_38,1,0.9999999999736207
calce_CX2_38,1,0.9999999999739602
calce_CX2_38,1,0.9999999999742955
calce_CX2_38,1,0.9999999999746263
calce_CX2_38,1,0.9999999999749529
calce_CX2_38,1,0.9999999999752756
calce_CX2_38,1,0.9999999999755937
calce_CX2_38,1,0.9999999999759079
calce_CX2_38,1,0.9999999999762181
calce_CX2_37,0,0.2656810746649483
calce_CX2_37,0,0.26820324653066796
calce_CX2_37,0,0.2707405340592643
calce_CX2_37,0,0.2732928608970389
calce_CX2_37,0,0.2758601472693617
calce_CX2_37,0,0.2784423099641173
calce_CX2_37,0,0.28103926231650406
calce_CX2_37,0,0.28365091419522376
calce_CX2_37,0,0.2862771719900858
calce_CX2_37,0,0.2889179386010652
calce_CX2_37,0,0.2915731134288404
calce_CX2_37,0,0.29424259236683703
calce_CX2_37,0,0.29692626779481285
calce_CX2_37,0,0.2996240285740083
calce_CX2_37,0,0.30233576004388757
calce_CX2_37,0,0.30506134402049817
calce_CX2_37,0,0.3078006587964753
calce_CX2_37,0,0.3105535791427134
calce_CX2_37,0,0.3133199763117245
calce_CX2_37,0,0.31609971804271075
calce_CX2_37,0,0.31889266856836807
calce_CX2_37,0,0.3216986886234416
calce_CX2_37,0,0.3245176354550473
calce_CX2_37,0,0.32734936283478216
calce_CX2_37,0,0.3301937210726356
calce_CX2_37,0,0.33305055703271247
calce_CX2_37,0,0.33591971415078614
calce_CX2_37,0,0.33880103245368914
calce_CX2_37,0,0.3416943485805529
calce_CX2_37,0,0.34459949580589955
calce_CX2_37,0,0.3475163040645993
calce_CX2_37,0,0.3504445999786956
calce_CX2_37,0,0.3533842068860953
calce_CX2_37,0,0.3563349448711368
calce_CX2_37,0,0.3592966307970238
calce_CX2_37,0,0.36226907834013405
calce_CX2_37,0,0.3652520980261883
calce_CX2_37,0,0.368245497268284
calce_CX2_37,0,0.37124908040678206
calce_CX2_37,0,0.374262648751034
calce_CX2_37,0,0.3772860006229476
calce_CX2_37,0,0.38031893140237016
calce_CX2_37,0,0.3833612335742821
calce_CX2_37,0,0.3864126967777759
calce_CX2_37,0,0.38947310785681194
calce_CX2_37,0,0.39254225091272704
calce_CX2_37,0,0.3956199073584702
calce_CX2_37,0,0.39870585597455027
calce_CX2_37,0,0.40179987296666353
calce_CX2_37,0,0.4049017320249792
calce_CX2_37,0,0.40801120438504745
calce_CX2_37,0,0.4111280588903072
calce_CX2_37,0,0.4142520620561576
calce_CX2_37,0,0.4173829781355552
calce_CX2_37,0,0.4205205691861113
calce_CX2_37,0,0.42366459513863935
calce_CX2_37,0,0.4268148138671272
calce_CX2_37,0,0.4299709812600792
calce_CX2_37,0,0.4331328512931989
calce_CX2_37,0,0.4363001761033598
calce_CX2_37,0,0.4394727060638257
calce_CX2_37,0,0.44265018986066534
calce_CX2_37,0,0.4458323745703235
calce_CX2_37,0,0.4490190057382936
calce_CX2_37,0,0.45220982745883936
calce_CX2_37,0,0.4554045824557194
calce_CX2_37,0,0.4586030121638577
calce_CX2_37,0,0.46180485681190797
calce_CX2_37,0,0.4650098555056533
calce_CX2_37,0,0.4682177463121893
calce_CX2_37,0,0.47142826634483376
calce_CX2_37,0,0.4746411518486974
calce_CX2_37,0,0.477856138286867
calce_CX2_37,0,0.4810729604271372
calce_CX2_37,0,0.4842913524292273
calce_CX2_37,0,0.48751104793242656
calce_CX2_37,0,0.4907317801436081
calce_CX2_37,0,0.4939532819255463
calce_CX2_37,0,0.4971752858854741
calce_CX2_37,0,0.5003975244638248
calce_CX2_37,0,0.5036197300230881
calce_CX2_37,0,0.5068416349367255
calce_CX2_37,0,0.5100629716780711
calce_CX2_37,0,0.5132834729091684
calce_CX2_37,0,0.516502871569472
calce_CX2_37,0,0.5197209009643512
calce_CX2_37,0,0.5229372948533385
calce_CX2_37,0,0.5261517875380569
calce_CX2_37,0,0.5293641139497679
calce_CX2_37,0,0.532574009736472
calce_CX2_37,0,0.5357812113495112
calce_CX2_37,0,0.538985456129607
calce_CX2_37,1,0.542186482392273
calce_CX2_37,1,0.5453840295125516
calce_CX2_37,1,0.5485778380090064
calce_CX2_37,1,0.5517676496269251
calce_CX2_37,1,0.5549532074206651
calce_CX2_37,1,0.558134255835096
calce_CX2_37,1,0.5613105407860836
calce_CX2_37,1,0.5644818097399551
calce_CX2_37,1,0.5676478117919062
calce_CX2_37,1,0.5708082977432893
calce_CX2_37,1,0.573963020177742
calce_CX2_37,1,0.5771117335360991
calce_CX2_37,1,0.5802541941900511
calce_CX2_37,1,0.5833901605145009
calce_CX2_37,1,0.5865193929585716
calce_CX2_37,1,0.5896416541152294
calce_CX2_37,1,0.5927567087894791
calce_CX2_37,1,0.5958643240650924
calce_CX2_37,1,0.5989642693698343
calce_CX2_37,1,0.6020563165391498
calce_CX2_37,1,0.6051402398782798
calce_CX2_37,1,0.6082158162227745
calce_CX2_37,1,0.6112828249973689
calce_CX2_37,1,0.6143410482731997
calce_CX2_37,1,0.6173902708233336
calce_CX2_37,1,0.6204302801765781
calce_CX2_37,1,0.6234608666695602
calce_CX2_37,1,0.6264818234970435
calce_CX2_37,1,0.6294929467604723
calce_CX2_37,1,0.6324940355147158
calce_CX2_37,1,0.6354848918130065
calce_CX2_37,1,0.6384653207500525
calce_CX2_37,1,0.641435130503312
calce_CX2_37,1,0.6443941323724234
calce_CX2_37,1,0.6473421408167779
calce_CX2_37,1,0.650278973491234
calce_CX2_37,1,0.6532044512799594
calce_CX2_37,1,0.6561183983284069
calce_CX2_37,1,0.6590206420734188
calce_CX2_37,1,0.661911013271457
calce_CX2_37,1,0.6647893460249658
calce_CX2_37,1,0.6676554778068686
calce_CX2_37,1,0.6705092494832049
calce_CX2_37,1,0.6733505053339092
calce_CX2_37,1,0.6761790930717485
calce_CX2_37,1,0.6789948638594243
calce_CX2_37,1,0.6817976723248457
calce_CX2_37,1,0.6845873765745958
calce_CX2_37,1,0.6873638382055978
calce_CX2_37,1,0.6901269223150023
calce_CX2_37,1,0.6928764975083055
calce_CX2_37,1,0.6956124359057253
calce_CX2_37,1,0.6983346131468493
calce_CX2_37,1,0.7010429083935743
calce_CX2_37,1,0.7037372043313644
calce_CX2_37,1,0.7064173871688472
calce_CX2_37,1,0.7090833466357719
calce_CX2_37,1,0.7117349759793563
calce_CX2_37,1,0.7143721719590463
calce_CX2_37,1,0.7169948348397207
calce_CX2_37,1,0.7196028683833583
calce_CX2_37,1,0.7221961798392098
calce_CX2_37,1,0.7247746799324918
calce_CX2_37,1,0.7273382828516427
calce_CX2_37,1,0.729886906234163
calce_CX2_37,1,0.7324204711510788
calce_CX2_37,1,0.7349389020900582
calce_CX2_37,1,0.7374421269372105
calce_CX2_37,1,0.739930076957605
calce_CX2_37,1,0.7424026867745437
calce_CX2_37,1,0.7448598943476188
calce_CX2_37,1,0.7473016409495911
calce_CX2_37,1,0.7497278711421244
calce_CX2_37,1,0.7521385327504125
calce_CX2_37,1,0.7545335768367296
calce_CX2_37,1,0.7569129576729439
calce_CX2_37,1,0.7592766327120289
calce_CX2_37,1,0.7616245625586079
calce_CX2_37,1,0.7639567109385658
calce_CX2_37,1,0.7662730446677681
calce_CX2_37,1,0.7685735336199185
calce_CX2_37,1,0.7708581506935953
calce_CX2_37,1,0.7731268717784968
calce_CX2_37,1,0.7753796757209371
calce_CX2_37,1,0.777616544288625
calce_CX2_37,1,0.779837462134758
calce_CX2_37,1,0.7820424167614745
calce_CX2_37,1,0.784231398482689
calce_CX2_37,1,0.7864044003863553
calce_CX2_37,1,0.7885614182961809
calce_CX2_37,1,0.7907024507328354
calce_CX2_37,1,0.7928274988746826
calce_CX2_37,1,0.7949365665180679
calce_CX2_37,1,0.7970296600371961
calce_CX2_37,1,0.7991067883436317
calce_CX2_37,1,0.8011679628454527
calce_CX2_37,1,0.803213197406088
calce_CX2_37,1,0.8052425083028706
calce_CX2_37,1,0.8072559141853392
calce_CX2_37,1,0.8092534360333106
calce_CX2_37,1,0.8112350971147622
calce_CX2_37,1,0.8132009229435431
calce_CX2_37,1,0.8151509412369512
calce_CX2_37,1,0.8170851818731942
calce_CX2_37,1,0.8190036768487705
calce_CX2_37,1,0.8209064602357908
calce_CX2_37,1,0.822793568139266
calce_CX2_37,1,0.8246650386543896
calce_CX2_37,1,0.8265209118238361
calce_CX2_37,1,0.8283612295951022
calce_CX2_37,1,0.8301860357779078
calce_CX2_37,1,0.8319953760016885
calce_CX2_37,1,0.8337892976731933
calce_CX2_37,1,0.8355678499342123
calce_CX2_37,1,0.8373310836194545
calce_CX2_37,1,0.839079051214597
calce_CX2_37,1,0.8408118068145211
calce_CX2_37,1,0.8425294060817572
calce_CX2_37,1,0.8442319062051563
calce_CX2_37,1,0.8459193658588028
calce_CX2_37,1,0.8475918451611887
calce_CX2_37,1,0.8492494056346617
calce_CX2_37,1,0.8508921101651672
calce_CX2_37,1,0.8525200229622923
calce_CX2_37,1,0.8541332095196345
calce_CX2_37,1,0.8557317365754984
calce_CX2_37,1,0.8573156720739453
calce_CX2_37,1,0.8588850851261963
calce_CX2_37,1,0.8604400459724078
calce_CX2_37,1,0.8619806259438305
calce_CX2_37,1,0.8635068974253569
calce_CX2_37,1,0.8650189338184749
calce_CX2_37,1,0.8665168095046305
calce_CX2_37,1,0.8680005998090112
calce_CX2_37,1,0.8694703809647608
calce_CX2_37,1,0.8709262300776263
calce_CX2_37,1,0.8723682250910538
calce_CX2_37,1,0.8737964447517319
calce_CX2_37,1,0.8752109685755931
calce_CX2_37,1,0.8766118768142769
calce_CX2_37,1,0.8779992504220641
calce_CX2_37,1,0.8793731710232795
calce_CX2_37,1,0.8807337208801763
calce_CX2_37,1,0.8820809828612981
calce_CX2_37,1,0.8834150404103281
calce_CX2_37,1,0.8847359775154251
calce_CX2_37,1,0.8860438786790495
calce_CX2_37,1,0.8873388288882831
calce_CX2_37,1,0.888620913585642
calce_CX2_37,1,0.8898902186403874
calce_CX2_37,1,0.8911468303203313
calce_CX2_37,1,0.8923908352641424
calce_CX2_37,1,0.8936223204541482
calce_CX2_37,1,0.8948413731896373
calce_CX2_37,1,0.8960480810606589
calce_CX2_37,1,0.8972425319223194
calce_CX2_37,1,0.8984248138695774
calce_CX2_37,1,0.8995950152125332
calce_CX2_37,1,0.9007532244522116
calce_CX2_37,1,0.90189953025684
calce_CX2_37,1,0.9030340214386137
calce_CX2_37,1,0.9041567869309526
calce_CX2_37,1,0.9052679157662411
calce_CX2_37,1,0.9063674970540542
calce_CX2_37,1,0.9074556199598606
calce_CX2_37,1,0.9085323736842068
calce_CX2_37,1,0.9095978474423719
calce_CX2_37,1,0.9106521304444956
calce_CX2_37,1,0.9116953118761707
calce_CX2_37,1,0.9127274808795013
calce_CX2_37,1,0.9137487265346181
calce_CX2_37,1,0.9147591378416496
calce_CX2_37,1,0.9157588037031433
calce_CX2_37,1,0.9167478129069346
calce_CX2_37,1,0.9177262541094554
calce_CX2_37,1,0.9186942158194815
calce_CX2_37,1,0.9196517863823118
calce_CX2_37,1,0.9205990539643749
calce_CX2_37,1,0.9215361065382571
calce_CX2_37,1,0.9224630318681497
calce_CX2_37,1,0.9233799174957074
calce_CX2_37,1,0.9242868507263133
calce_CX2_37,1,0.9251839186157471
calce_CX2_37,1,0.9260712079572481
calce_CX2_37,1,0.9269488052689691
calce_CX2_37,1,0.9278167967818174
calce_CX2_37,1,0.9286752684276747
calce_CX2_37,1,0.9295243058279901
calce_CX2_37,1,0.9303639942827443
calce_CX2_37,1,0.9311944187597754
calce_CX2_37,1,0.9320156638844623
calce_CX2_37,1,0.932827813929761
calce_CX2_37,1,0.9336309528065849
calce_CX2_37,1,0.9344251640545282
calce_CX2_37,1,0.9352105308329232
calce_CX2_37,1,0.9359871359122244
calce_CX2_37,1,0.9367550616657198
calce_CX2_37,1,0.9375143900615569
calce_CX2_37,1,0.9382652026550826
calce_CX2_37,1,0.939007580581488
calce_CX2_37,1,0.9397416045487548
calce_CX2_37,1,0.9404673548308967
calce_CX2_37,1,0.9411849112614901
calce_CX2_37,1,0.9418943532274883
calce_CX2_37,1,0.9425957596633149
calce_CX2_37,1,0.9432892090452296
calce_CX2_37,1,0.9439747793859611
calce_CX2_37,1,0.9446525482296019
calce_CX2_37,1,0.9453225926467602
calce_CX2_37,1,0.9459849892299623
calce_CX2_37,1,0.9466398140893012
calce_CX2_37,1,0.9472871428483253
calce_CX2_37,1,0.9479270506401628
calce_CX2_37,1,0.9485596121038757
calce_CX2_37,1,0.9491849013810395
calce_CX2_37,1,0.9498029921125426
calce_CX2_37,1,0.9504139574355992
calce_CX2_37,1,0.9510178699809754
calce_CX2_37,1,0.9516148018704155
calce_CX2_37,1,0.9522048247142733
calce_CX2_37,1,0.9527880096093355
calce_CX2_37,1,0.9533644271368366
calce_CX2_37,1,0.9539341473606606
calce_CX2_37,1,0.9544972398257223
calce_CX2_37,1,0.9550537735565265
calce_CX2_37,1,0.9556038170558998
calce_CX2_37,1,0.9561474383038876
calce_CX2_37,1,0.9566847047568191
calce_CX2_37,1,0.9572156833465266
calce_CX2_37,1,0.9577404404797226
calce_CX2_37,1,0.9582590420375265
calce_CX2_37,1,0.9587715533751385
calce_CX2_37,1,0.9592780393216552
calce_CX2_37,1,0.9597785641800243
calce_CX2_37,1,0.9602731917271332
calce_CX2_37,1,0.9607619852140298
calce_CX2_37,1,0.9612450073662683
calce_CX2_37,1,0.9617223203843792
calce_CX2_37,1,0.9621939859444594
calce_CX2_37,1,0.9626600651988769
calce_CX2_37,1,0.9631206187770889
calce_CX2_37,1,0.9635757067865681
calce_CX2_37,1,0.964025388813835
calce_CX2_37,1,0.9644697239255919
calce_CX2_37,1,0.9649087706699567
calce_CX2_37,1,0.9653425870777904
calce_CX2_37,1,0.9657712306641195
calce_CX2_37,1,0.9661947584296453
calce_CX2_37,1,0.9666132268623421
calce_CX2_37,1,0.9670266919391356
calce_CX2_37,1,0.9674352091276647
calce_CX2_37,1,0.9678388333881193
calce_CX2_37,1,0.9682376191751527
calce_CX2_37,1,0.9686316204398664
calce_CX2_37,1,0.969020890631865
calce_CX2_37,1,0.9694054827013753
calce_CX2_37,1,0.9697854491014325
calce_CX2_37,1,0.970160841790126
calce_CX2_37,1,0.970531712232905
calce_CX2_37,1,0.9708981114049406
calce_CX2_37,1,0.9712600897935424
calce_CX2_37,1,0.9716176974006261
calce_CX2_37,1,0.9719709837452334
calce_CX2_37,1,0.9723199978660969
calce_CX2_37,1,0.9726647883242513
calce_CX2_37,1,0.9730054032056884
calce_CX2_37,1,0.9733418901240528
calce_CX2_37,1,0.9736742962233775
calce_CX2_37,1,0.9740026681808556
calce_CX2_37,1,0.9743270522096491
calce_CX2_37,1,0.9746474940617305
calce_CX2_37,1,0.9749640390307549
calce_CX2_37,1,0.9752767319549649
calce_CX2_37,1,0.9755856172201207
calce_CX2_37,1,0.9758907387624595
calce_CX2_37,1,0.9761921400716774
calce_CX2_37,1,0.9764898641939374
calce_CX2_37,1,0.976783953734896
calce_CX2_37,1,0.9770744508627529
calce_CX2_37,1,0.9773613973113181
calce_CX2_37,1,0.9776448343830972
calce_CX2_37,1,0.9779248029523916
calce_CX2_37,1,0.9782013434684143
calce_CX2_37,1,0.9784744959584187
calce_CX2_37,1,0.9787443000308402
calce_CX2_37,1,0.9790107948784472
calce_CX2_37,1,0.9792740192815024
calce_CX2_37,1,0.9795340116109336
calce_CX2_37,1,0.9797908098315101
calce_CX2_37,1,0.9800444515050264
calce_CX2_37,1,0.9802949737934906
calce_CX2_37,1,0.9805424134623166
calce_CX2_37,1,0.980786806883521
calce_CX2_37,1,0.9810281900389196
calce_CX2_37,1,0.9812665985233268
calce_CX2_37,1,0.9815020675477549
calce_CX2_37,1,0.9817346319426132
calce_CX2_37,1,0.9819643261609035
calce_CX2_37,1,0.9821911842814165
calce_CX2_37,1,0.9824152400119223
calce_CX2_37,1,0.9826365266923579
calce_CX2_37,1,0.9828550772980115
calce_CX2_37,1,0.9830709244426983
calce_CX2_37,1,0.9832841003819327
calce_CX2_37,1,0.9834946370160931
calce_CX2_37,1,0.9837025658935787
calce_CX2_37,1,0.9839079182139585
calce_CX2_37,1,0.9841107248311123
calce_CX2_37,1,0.984311016256361
calce_CX2_37,1,0.9845088226615878
calce_CX2_37,1,0.9847041738823505
calce_CX2_37,1,0.9848970994209795
calce_CX2_37,1,0.9850876284496671
calce_CX2_37,1,0.9852757898135448
calce_CX2_37,1,0.9854616120337465
calce_CX2_37,1,0.9856451233104602
calce_CX2_37,1,0.9858263515259663
calce_CX2_37,1,0.9860053242476622
calce_CX2_37,1,0.9861820687310723
calce_CX2_37,1,0.9863566119228446
calce_CX2_37,1,0.986528980463731
calce_CX2_37,1,0.9866992006915548
calce_CX2_37,1,0.9868672986441595
calce_CX2_37,1,0.9870333000623449
calce_CX2_37,1,0.9871972303927861
calce_CX2_37,1,0.9873591147909342
calce_CX2_37,1,0.9875189781239043
calce_CX2_37,1,0.9876768449733423
calce_CX2_37,1,0.9878327396382779
calce_CX2_37,1,0.9879866861379588
calce_CX2_37,1,0.9881387082146669
calce_CX2_37,1,0.9882888293365181
calce_CX2_37,1,0.9884370727002422
calce_CX2_37,1,0.9885834612339474
calce_CX2_37,1,0.9887280175998633
calce_CX2_37,1,0.9888707641970677
calce_CX2_37,1,0.9890117231641941
calce_CX2_37,1,0.9891509163821193
calce_CX2_37,1,0.9892883654766347
calce_CX2_37,1,0.9894240918210959
calce_CX2_37,1,0.9895581165390542
calce_CX2_37,1,0.9896904605068697
calce_CX2_37,1,0.9898211443563035
calce_CX2_37,1,0.9899501884770917
calce_CX2_37,1,0.9900776130194993
calce_CX2_37,1,0.990203437896855
calce_CX2_37,1,0.9903276827880662
calce_CX2_37,1,0.9904503671401138
calce_CX2_37,1,0.9905715101705279
calce_CX2_37,1,0.9906911308698444
calce_CX2_37,1,0.9908092480040398
calce_CX2_37,1,0.9909258801169486
calce_CX2_37,1,0.9910410455326594
calce_CX2_37,1,0.9911547623578917
calce_CX2_37,1,0.9912670484843522
calce_CX2_37,1,0.9913779215910727
calce_CX2_37,1,0.9914873991467265
calce_CX2_37,1,0.9915954984119268
calce_CX2_37,1,0.9917022364415035
calce_CX2_37,1,0.9918076300867616
calce_CX2_37,1,0.9919116959977189
calce_CX2_37,1,0.9920144506253257
calce_CX2_37,1,0.9921159102236619
calce_CX2_37,1,0.9922160908521177
calce_CX2_37,1,0.9923150083775532
calce_CX2_37,1,0.9924126784764374
calce_CX2_37,1,0.9925091166369707
calce_CX2_37,1,0.9926043381611844
calce_CX2_37,1,0.9926983581670243
calce_CX2_37,1,0.9927911915904122
calce_CX2_37,1,0.9928828531872907
calce_CX2_37,1,0.9929733575356463
calce_CX2_37,1,0.993062719037516
calce_CX2_37,1,0.9931509519209727
calce_CX2_37,1,0.9932380702420933
calce_CX2_37,1,0.9933240878869076
calce_CX2_37,1,0.9934090185733275
calce_CX2_37,1,0.9934928758530592
calce_CX2_37,1,0.9935756731134954
calce_CX2_37,1,0.9936574235795902
calce_CX2_37,1,0.9937381403157147
calce_CX2_37,1,0.9938178362274956
calce_CX2_37,1,0.9938965240636335
calce_CX2_37,1,0.9939742164177053
calce_CX2_37,1,0.9940509257299486
calce_CX2_37,1,0.9941266642890262
calce_CX2_37,1,0.9942014442337743
calce_CX2_37,1,0.9942752775549343
calce_CX2_37,1,0.9943481760968642
calce_CX2_37,1,0.9944201515592351
calce_CX2_37,1,0.9944912154987091
calce_CX2_37,1,0.9945613793306004
calce_CX2_37,1,0.9946306543305194
calce_CX2_37,1,0.9946990516359998
calce_CX2_37,1,0.9947665822481089
calce_CX2_37,1,0.994833257033041
calce_CX2_37,1,0.9948990867236946
calce_CX2_37,1,0.9949640819212324
calce_CX2_37,1,0.9950282530966261
calce_CX2_37,1,0.9950916105921839
calce_CX2_37,1,0.9951541646230622
calce_CX2_37,1,0.9952159252787619
calce_CX2_37,1,0.9952769025246077
calce_CX2_37,1,0.9953371062032128
calce_CX2_37,1,0.9953965460359273
calce_CX2_37,1,0.9954552316242712
calce_CX2_37,1,0.9955131724513518
calce_CX2_37,1,0.9955703778832675
calce_CX2_37,1,0.9956268571704932
calce_CX2_37,1,0.9956826194492536
calce_CX2_37,1,0.9957376737428818
calce_CX2_37,1,0.9957920289631592
calce_CX2_37,1,0.9958456939116462
calce_CX2_37,1,0.9958986772809948
calce_CX2_37,1,0.9959509876562469
calce_CX2_37,1,0.996002633516121
calce_CX2_37,1,0.9960536232342813
calce_CX2_37,1,0.9961039650805956
calce_CX2_37,1,0.9961536672223779
calce_CX2_37,1,0.9962027377256168
calce_CX2_37,1,0.9962511845561925
calce_CX2_37,1,0.9962990155810774
calce_CX2_37,1,0.996346238569525
calce_CX2_37,1,0.9963928611942456
calce_CX2_37,1,0.9964388910325686
calce_CX2_37,1,0.9964843355675904
calce_CX2_37,1,0.9965292021893124
calce_CX2_37,1,0.996573498195763
calce_CX2_37,1,0.9966172307941091
calce_CX2_37,1,0.9966604071017536
calce_CX2_37,1,0.9967030341474225
calce_CX2_37,1,0.9967451188722367
calce_CX2_37,1,0.996786668130775
calce_CX2_37,1,0.9968276886921217
calce_CX2_37,1,0.9968681872409052
calce_CX2_37,1,0.9969081703783225
calce_CX2_37,1,0.9969476446231528
calce_CX2_37,1,0.9969866164127611
calce_CX2_37,1,0.997025092104087
calce_CX2_37,1,0.997063077974624
calce_CX2_37,1,0.9971005802233892
calce_CX2_37,1,0.9971376049718783
calce_CX2_37,1,0.9971741582650114
calce_CX2_37,1,0.9972102460720693
calce_CX2_37,1,0.9972458742876158
calce_CX2_37,1,0.997281048732412
calce_CX2_37,1,0.9973157751543184
calce_CX2_37,1,0.9973500592291873
calce_CX2_37,1,0.9973839065617451
calce_CX2_37,1,0.9974173226864628
calce_CX2_37,1,0.9974503130684179
calce_CX2_37,1,0.9974828831041457
calce_CX2_37,1,0.9975150381224802
calce_CX2_37,1,0.9975467833853866
calce_CX2_37,1,0.9975781240887815
calce_CX2_37,1,0.9976090653633461
calce_CX2_37,1,0.9976396122753282
calce_CX2_37,1,0.9976697698273352
calce_CX2_37,1,0.9976995429591181
calce_CX2_37,1,0.9977289365483458
calce_CX2_37,1,0.9977579554113702
calce_CX2_37,1,0.9977866043039829
calce_CX2_37,1,0.997814887922162
calce_CX2_37,1,0.9978428109028107
calce_CX2_37,1,0.9978703778244868
calce_CX2_37,1,0.9978975932081245
calce_CX2_37,1,0.997924461517746
calce_CX2_37,1,0.9979509871611654
calce_CX2_37,1,0.9979771744906843
calce_CX2_37,1,0.9980030278037803
calce_CX2_37,1,0.9980285513437841
calce_CX2_37,1,0.9980537493005517
calce_CX2_37,1,0.9980786258111272
calce_CX2_37,1,0.9981031849603967
calce_CX2_37,1,0.9981274307817378
calce_CX2_37,1,0.9981513672576561
calce_CX2_37,1,0.9981749983204186
calce_CX2_37,1,0.9981983278526779
calce_CX2_37,1,0.9982213596880879
calce_CX2_37,1,0.9982440976119132
calce_CX2_37,1,0.9982665453616316
calce_CX2_37,1,0.9982887066275279
calce_CX2_37,1,0.9983105850532816
calce_CX2_37,1,0.9983321842365473
calce_CX2_37,1,0.9983535077295278
calce_CX2_37,1,0.9983745590395406
calce_CX2_37,1,0.9983953416295771
calce_CX2_37,1,0.9984158589188556
calce_CX2_37,1,0.9984361142833674
calce_CX2_37,1,0.9984561110564164
calce_CX2_37,1,0.9984758525291505
calce_CX2_37,1,0.99849534195109
calce_CX2_37,1,0.9985145825306463
calce_CX2_37,1,0.9985335774356361
calce_CX2_37,1,0.9985523297937882
calce_CX2_37,1,0.998570842693245
calce_CX2_37,1,0.9985891191830585
calce_CX2_37,1,0.9986071622736771
calce_CX2_37,1,0.9986249749374312
calce_CX2_37,1,0.9986425601090088
calce_CX2_37,1,0.9986599206859275
calce_CX2_37,1,0.9986770595289995
calce_CX2_37,1,0.9986939794627926
calce_CX2_37,1,0.9987106832760829
calce_CX2_37,1,0.9987271737223046
calce_CX2_37,1,0.9987434535199933
calce_CX2_37,1,0.9987595253532227
calce_CX2_37,1,0.9987753918720379
calce_CX2_37,1,0.9987910556928822
calce_CX2_37,1,0.9988065193990187
calce_CX2_37,1,0.9988217855409471
calce_CX2_37,1,0.9988368566368158
calce_CX2_37,1,0.9988517351728267
calce_CX2_37,1,0.998866423603638
calce_CX2_37,1,0.9988809243527612
calce_CX2_37,1,0.9988952398129506
calce_CX2_37,1,0.9989093723465919
calce_CX2_37,1,0.998923324286084
calce_CX2_37,1,0.9989370979342147
calce_CX2_37,1,0.9989506955645355
calce_CX2_37,1,0.9989641194217282
calce_CX2_37,1,0.998977371721969
calce_CX2_37,1,0.9989904546532864
calce_CX2_37,1,0.9990033703759177
calce_CX2_37,1,0.9990161210226569
calce_CX2_37,1,0.9990287086992021
calce_CX2_37,1,0.9990411354844964
calce_CX2_37,1,0.9990534034310649
calce_CX2_37,1,0.9990655145653486
calce_CX2_37,1,0.9990774708880323
calce_CX2_37,1,0.9990892743743706
calce_CX2_37,1,0.9991009269745078
calce_CX2_37,1,0.999112430613795
calce_CX2_37,1,0.9991237871931036
calce_CX2_37,1,0.9991349985891333
calce_CX2_37,1,0.9991460666547184
calce_CX2_37,1,0.9991569932191281
calce_CX2_37,1,0.9991677800883647
calce_CX2_37,1,0.9991784290454581
calce_CX2_37,1,0.9991889418507546
calce_CX2_37,1,0.9991993202422047
calce_CX2_37,1,0.9992095659356457
calce_CX2_37,1,0.9992196806250818
calce_CX2_37,1,0.9992296659829594
calce_CX2_37,1,0.9992395236604398
calce_CX2_37,1,0.9992492552876692
calce_CX2_37,1,0.9992588624740433
calce_CX2_37,1,0.999268346808471
calce_CX2_37,1,0.999277709859633
calce_CX2_37,1,0.999286953176238
calce_CX2_37,1,0.9992960782872754
calce_CX2_37,1,0.9993050867022647
calce_CX2_37,1,0.9993139799115026
calce_CX2_37,1,0.9993227593863061
calce_CX2_37,1,0.9993314265792528
calce_CX2_37,1,0.9993399829244182
calce_CX2_37,1,0.9993484298376109
calce_CX2_37,1,0.9993567687166024
calce_CX2_37,1,0.9993650009413574
calce_CX2_37,1,0.9993731278742585
calce_CX2_37,1,0.9993811508603296
calce_CX2_37,1,0.9993890712274556
calce_CX2_37,1,0.9993968902865992
calce_CX2_37,1,0.999404609332017
calce_CX2_37,1,0.9994122296414698
calce_CX2_37,1,0.999419752476433
calce_CX2_37,1,0.9994271790823017
calce_CX2_37,1,0.9994345106885971
calce_CX2_37,1,0.9994417485091651
calce_CX2_37,1,0.9994488937423778
calce_CX2_37,1,0.9994559475713274
calce_CX2_37,1,0.9994629111640229
calce_CX2_37,1,0.9994697856735791
calce_CX2_37,1,0.9994765722384071
calce_CX2_37,1,0.9994832719824004
calce_CX2_37,1,0.9994898860151195
calce_CX2_37,1,0.9994964154319742
calce_CX2_37,1,0.9995028613144029
calce_CX2_37,1,0.9995092247300499
calce_CX2_37,1,0.9995155067329413
calce_CX2_37,1,0.9995217083636577
calce_CX2_37,1,0.9995278306495045
calce_CX2_37,1,0.9995338746046816
calce_CX2_37,1,0.9995398412304497
calce_CX2_37,1,0.9995457315152939
calce_CX2_37,1,0.9995515464350873
calce_CX2_37,1,0.9995572869532504
calce_CX2_37,1,0.9995629540209101
calce_CX2_37,1,0.9995685485770557
calce_CX2_37,1,0.9995740715486928
calce_CX2_37,1,0.9995795238509972
calce_CX2_37,1,0.9995849063874633
calce_CX2_37,1,0.9995902200500543
calce_CX2_37,1,0.9995954657193478
calce_CX2_37,1,0.9996006442646821
calce_CX2_37,1,0.9996057565442976
calce_CX2_37,1,0.9996108034054785
calce_CX2_37,1,0.9996157856846928
calce_CX2_37,1,0.9996207042077294
calce_CX2_37,1,0.9996255597898345
calce_CX2_37,1,0.999630353235845
calce_CX2_37,1,0.9996350853403216
calce_CX2_37,1,0.9996397568876795
calce_CX2_37,1,0.9996443686523179
calce_CX2_37,1,0.9996489213987466
calce_CX2_37,1,0.9996534158817127
calce_CX2_37,1,0.9996578528463252
calce_CX2_37,1,0.9996622330281766
calce_CX2_37,1,0.9996665571534651
calce_CX2_37,1,0.999670825939114
calce_CX2_37,1,0.9996750400928894
calce_CX2_37,1,0.999679200313518
calce_CX2_37,1,0.9996833072908005
calce_CX2_37,1,0.9996873617057268
calce_CX2_37,1,0.9996913642305878
calce_CX2_37,1,0.9996953155290862
calce_CX2_37,1,0.9996992162564461
calce_CX2_37,1,0.9997030670595204
calce_CX2_37,1,0.9997068685768983
calce_CX2_37,1,0.9997106214390101
calce_CX2_37,1,0.9997143262682322
calce_CX2_37,1,0.9997179836789877
calce_CX2_37,1,0.99972159427785
calce_CX2_37,1,0.9997251586636415
calce_CX2_37,1,0.9997286774275331
calce_CX2_37,1,0.9997321511531414
calce_CX2_37,1,0.999735580416625
calce_CX2_37,1,0.9997389657867799
calce_CX2_37,1,0.999742307825133
calce_CX2_37,1,0.9997456070860352
calce_CX2_37,1,0.9997488641167526
calce_CX2_37,1,0.9997520794575572
calce_CX2_37,1,0.9997552536418155
calce_CX2_37,1,0.9997583871960776
calce_CX2_37,1,0.9997614806401629
calce_CX2_37,1,0.9997645344872469
calce_CX2_37,1,0.9997675492439456
calce_CX2_37,1,0.9997705254103995
calce_CX2_37,1,0.9997734634803556
calce_CX2_37,1,0.9997763639412491
calce_CX2_37,1,0.9997792272742849
calce_CX2_37,1,0.9997820539545159
calce_CX2_37,1,0.9997848444509224
calce_CX2_37,1,0.9997875992264881
calce_CX2_37,1,0.9997903187382793
calce_CX2_37,1,0.9997930034375172
calce_CX2_37,1,0.9997956537696556
calce_CX2_37,1,0.9997982701744521
calce_CX2_37,1,0.9998008530860418
calce_CX2_37,1,0.9998034029330098
calce_CX2_37,1,0.9998059201384603
calce_CX2_37,1,0.999808405120088
calce_CX2_37,1,0.9998108582902467
calce_CX2_37,1,0.9998132800560177
calce_CX2_37,1,0.9998156708192764
calce_CX2_37,1,0.9998180309767595
calce_CX2_37,1,0.9998203609201309
calce_CX2_37,1,0.9998226610360451
calce_CX2_37,1,0.9998249317062126
calce_CX2_37,1,0.9998271733074623
calce_CX2_37,1,0.9998293862118038
calce_CX2_37,1,0.9998315707864899
calce_CX2_37,1,0.9998337273940758
calce_CX2_37,1,0.9998358563924802
calce_CX2_37,1,0.999837958135044
calce_CX2_37,1,0.9998400329705897
calce_CX2_37,1,0.9998420812434774
calce_CX2_37,1,0.9998441032936637
calce_CX2_37,1,0.9998460994567564
calce_CX2_37,1,0.9998480700640715
calce_CX2_37,1,0.999850015442686
calce_CX2_37,1,0.9998519359154948
calce_CX2_37,1,0.9998538318012612
calce_CX2_37,1,0.9998557034146722
calce_CX2_37,1,0.9998575510663888
calce_CX2_37,1,0.9998593750630986
calce_CX2_37,1,0.9998611757075656
calce_CX2_37,1,0.9998629532986811
calce_CX2_37,1,0.9998647081315133
calce_CX2_37,1,0.9998664404973547
calce_CX2_37,1,0.9998681506837727
calce_CX2_37,1,0.9998698389746551
calce_CX2_37,1,0.9998715056502581
calce_CX2_37,1,0.9998731509872527
calce_CX2_37,1,0.9998747752587701
calce_CX2_37,1,0.9998763787344477
calce_CX2_37,1,0.9998779616804724
calce_CX2_37,1,0.9998795243596266
calce_CX2_37,1,0.9998810670313298
calce_CX2_37,1,0.9998825899516834
calce_CX2_37,1,0.999884093373511
calce_CX2_37,1,0.9998855775464024
calce_CX2_37,1,0.9998870427167539
calce_CX2_37,1,0.9998884891278085
calce_CX2_37,1,0.9998899170196975
calce_CX2_37,1,0.9998913266294803
calce_CX2_37,1,0.9998927181911821
calce_CX2_37,1,0.9998940919358339
calce_CX2_37,1,0.9998954480915107
calce_CX2_37,1,0.9998967868833694
calce_CX2_37,1,0.9998981085336857
calce_CX2_37,1,0.9998994132618904
calce_CX2_37,1,0.9999007012846075
calce_CX2_37,1,0.9999019728156887
calce_CX2_37,1,0.999903228066249
calce_CX2_37,1,0.9999044672447019
calce_CX2_37,1,0.999905690556794
calce_CX2_37,1,0.9999068982056393
calce_CX2_37,1,0.9999080903917522
calce_CX2_37,1,0.9999092673130814
calce_CX2_37,1,0.9999104291650424
calce_CX2_37,1,0.9999115761405496
calce_CX2_37,1,0.9999127084300492
calce_CX2_37,1,0.9999138262215501
calce_CX2_37,1,0.9999149297006545
calce_CX2_37,1,0.9999160190505901
calce_CX2_37,1,0.9999170944522396
calce_CX2_37,1,0.9999181560841702
calce_CX2_37,1,0.9999192041226646
calce_CX2_37,1,0.9999202387417487
calce_CX2_37,1,0.999921260113222
calce_CX2_37,1,0.9999222684066845
calce_CX2_37,1,0.999923263789566
calce_CX2_37,1,0.9999242464271534
calce_CX2_37,1,0.999925216482618
calce_CX2_37,1,0.999926174117043
calce_CX2_37,1,0.9999271194894501
calce_CX2_37,1,0.9999280527568247
calce_CX2_37,1,0.9999289740741445
calce_CX2_37,1,0.9999298835944019
calce_CX2_37,1,0.9999307814686329
calce_CX2_37,1,0.999931667845939
calce_CX2_37,1,0.9999325428735137
calce_CX2_37,1,0.9999334066966671
calce_CX2_37,1,0.9999342594588483
calce_CX2_37,1,0.9999351013016713
calce_CX2_37,1,0.999935932364937
calce_CX2_37,1,0.9999367527866568
calce_CX2_37,1,0.9999375627030763
calce_CX2_37,1,0.9999383622486959
calce_CX2_37,1,0.9999391515562958
calce_CX2_37,1,0.9999399307569553
calce_CX2_37,1,0.9999406999800768
calce_CX2_37,1,0.9999414593534061
calce_CX2_37,1,0.9999422090030535
calce_CX2_37,1,0.9999429490535151
calce_CX2_37,1,0.9999436796276941
calce_CX2_37,1,0.9999444008469193
calce_CX2_37,1,0.9999451128309675
calce_CX2_37,1,0.9999458156980815
calce_CX2_37,1,0.9999465095649908
calce_CX2_37,1,0.9999471945469307
calce_CX2_37,1,0.9999478707576616
calce_CX2_37,1,0.9999485383094868
calce_CX2_37,1,0.9999491973132731
calce_CX2_37,1,0.9999498478784676
calce_CX2_37,1,0.9999504901131158
calce_CX2_37,1,0.9999511241238811
calce_CX2_37,1,0.999951750016061
calce_CX2_37,1,0.9999523678936045
calce_CX2_37,1,0.999952977859131
calce_CX2_37,1,0.9999535800139452
calce_CX2_37,1,0.9999541744580556
calce_CX2_37,1,0.9999547612901899
calce_CX2_37,1,0.9999553406078127
calce_CX2_37,1,0.99995591250714
calce_CX2_37,1,0.9999564770831566
calce_CX2_37,1,0.9999570344296315
calce_CX2_37,1,0.9999575846391321
calce_CX2_37,1,0.9999581278030424
calce_CX2_37,1,0.9999586640115753
calce_CX2_37,1,0.9999591933537895
calce_CX2_37,1,0.9999597159176028
calce_CX2_37,1,0.9999602317898083
calce_CX2_37,1,0.9999607410560872
calce_CX2_37,1,0.9999612438010245
calce_CX2_37,1,0.9999617401081217
calce_CX2_37,1,0.9999622300598113
calce_CX2_37,1,0.9999627137374714
calce_CX2_37,1,0.9999631912214367
calce_CX2_37,1,0.9999636625910149
calce_CX2_37,1,0.9999641279244975
calce_CX2_37,1,0.9999645872991737
calce_CX2_37,1,0.9999650407913434
calce_CX2_37,1,0.9999654884763296
calce_CX2_37,1,0.9999659304284911
calce_CX2_37,1,0.9999663667212343
calce_CX2_37,1,0.9999667974270263
calce_CX2_37,1,0.999967222617406
calce_CX2_37,1,0.9999676423629967
calce_CX2_37,1,0.999968056733517
calce_CX2_37,1,0.9999684657977935
calce_CX2_37,1,0.9999688696237711
calce_CX2_37,1,0.9999692682785254
calce_CX2_37,1,0.9999696618282725
calce_CX2_37,1,0.9999700503383813
calce_CX2_37,1,0.9999704338733831
calce_CX2_37,1,0.9999708124969839
calce_CX2_37,1,0.9999711862720734
calce_CX2_37,1,0.9999715552607361
calce_CX2_37,1,0.9999719195242618
calce_CX2_37,1,0.9999722791231557
calce_CX2_37,1,0.9999726341171482
calce_CX2_37,1,0.9999729845652044
calce_CX2_37,1,0.9999733305255357
calce_CX2_37,1,0.9999736720556068
calce_CX2_37,1,0.9999740092121477
calce_CX2_37,1,0.9999743420511612
calce_CX2_37,1,0.9999746706279337
calce_CX2_37,1,0.9999749949970436
calce_CX2_37,1,0.9999753152123699
calce_CX2_37,1,0.9999756313271025
calce_CX2_37,1,0.9999759433937503
calce_CX2_37,1,0.9999762514641495
calce_CX2_37,1,0.9999765555894721
calce_CX2_37,1,0.9999768558202359
calce_CX2_37,1,0.9999771522063113
calce_CX2_37,1,0.9999774447969306
calce_CX2_37,1,0.999977733640695
calce_CX2_37,1,0.9999780187855838
calce_CX2_37,1,0.9999783002789623
calce_CX2_37,1,0.999978578167589
calce_CX2_37,1,0.9999788524976235
calce_CX2_37,1,0.9999791233146347
calce_CX2_37,1,0.9999793906636077
calce_CX2_37,1,0.9999796545889523
calce_CX2_37,1,0.9999799151345088
calce_CX2_37,1,0.9999801723435564
calce_CX2_37,1,0.9999804262588208
calce_CX2_37,1,0.9999806769224796
calce_CX2_37,1,0.9999809243761709
calce_CX2_37,1,0.9999811686609997
calce_CX2_37,1,0.9999814098175446
calce_CX2_37,1,0.9999816478858644
calce_CX2_37,1,0.9999818829055055
calce_CX2_37,1,0.9999821149155071
calce_CX2_37,1,0.9999823439544092
calce_CX2_37,1,0.999982570060258
calce_CX2_37,1,0.999982793270613
calce_CX2_37,1,0.9999830136225522
calce_CX2_37,1,0.9999832311526785
calce_CX2_37,1,0.9999834458971274
calce_CX2_37,1,0.9999836578915707
calce_CX2_37,1,0.9999838671712237
calce_CX2_37,1,0.9999840737708504
calce_CX2_37,1,0.9999842777247705
calce_CX2_37,1,0.9999844790668637
calce_CX2_37,1,0.9999846778305757
calce_CX2_37,1,0.9999848740489241
calce_CX2_37,1,0.999985067754504
calce_CX2_37,1,0.9999852589794931
calce_CX2_37,1,0.9999854477556566
calce_CX2_37,1,0.999985634114353
calce_CX2_37,1,0.99998581808654
calce_CX2_37,1,0.9999859997027781
calce_CX2_37,1,0.9999861789932368
calce_CX2_37,1,0.9999863559876992
calce_CX2_37,1,0.9999865307155672
calce_CX2_37,1,0.9999867032058661
calce_CX2_37,1,0.9999868734872491
calce_CX2_37,1,0.9999870415880032
calce_CX2_37,1,0.9999872075360531
calce_CX2_37,1,0.9999873713589654
calce_CX2_37,1,0.999987533083954
calce_CX2_37,1,0.9999876927378848
calce_CX2_37,1,0.9999878503472784
calce_CX2_37,1,0.9999880059383174
calce_CX2_37,1,0.9999881595368479
calce_CX2_37,1,0.9999883111683857
calce_CX2_37,1,0.9999884608581194
calce_CX2_37,1,0.9999886086309157
calce_CX2_37,1,0.999988754511322
calce_CX2_37,1,0.9999888985235722
calce_CX2_37,1,0.9999890406915896
calce_CX2_37,1,0.9999891810389906
calce_CX2_37,1,0.9999893195890902
calce_CX2_37,1,0.9999894563649042
calce_CX2_37,1,0.9999895913891536
calce_CX2_37,1,0.9999897246842687
calce_CX2_37,1,0.9999898562723927
calce_CX2_37,1,0.9999899861753848
calce_CX2_37,1,0.9999901144148245
calce_CX2_37,1,0.9999902410120157
calce_CX2_37,1,0.9999903659879879
calce_CX2_37,1,0.9999904893635029
calce_CX2_37,1,0.9999906111590554
calce_CX2_37,1,0.9999907313948787
calce_CX2_37,1,0.9999908500909463
calce_CX2_37,1,0.9999909672669764
calce_CX2_37,1,0.9999910829424341
calce_CX2_37,1,0.9999911971365358
calce_CX2_37,1,0.9999913098682515
calce_CX2_37,1,0.9999914211563085
calce_CX2_37,1,0.9999915310191941
calce_CX2_37,1,0.9999916394751591
calce_CX2_37,1,0.9999917465422203
calce_CX2_37,1,0.999991852238164
calce_CX2_37,1,0.9999919565805486
calce_CX2_37,1,0.9999920595867078
calce_CX2_37,1,0.9999921612737531
calce_CX2_37,1,0.9999922616585771
calce_CX2_37,1,0.999992360757856
calce_CX2_37,1,0.9999924585880525
calce_CX2_37,1,0.9999925551654186
calce_CX2_37,1,0.9999926505059977
calce_CX2_37,1,0.9999927446256284
calce_CX2_37,1,0.9999928375399458
calce_CX2_37,1,0.9999929292643855
calce_CX2_37,1,0.9999930198141848
calce_CX2_37,1,0.9999931092043863
calce_CX2_37,1,0.9999931974498397
calce_CX2_37,1,0.999993284565205
calce_CX2_37,1,0.9999933705649537
calce_CX2_37,1,0.9999934554633727
calce_CX2_37,1,0.9999935392745656
calce_CX2_37,1,0.9999936220124555
calce_CX2_37,1,0.9999937036907868
calce_CX2_37,1,0.9999937843231288
calce_CX2_37,1,0.999993863922876
calce_CX2_37,1,0.9999939425032525
calce_CX2_37,1,0.9999940200773118
calce_CX2_37,1,0.999994096657941
calce_CX2_37,1,0.9999941722578619
calce_CX2_37,1,0.9999942468896342
calce_CX2_37,1,0.9999943205656554
calce_CX2_37,1,0.999994393298165
calce_CX2_37,1,0.9999944650992458
calce_CX2_37,1,0.999994535980826
calce_CX2_37,1,0.9999946059546803
calce_CX2_37,1,0.9999946750324337
calce_CX2_37,1,0.999994743225561
calce_CX2_37,1,0.9999948105453916
calce_CX2_37,1,0.9999948770031086
calce_CX2_37,1,0.9999949426097523
calce_CX2_37,1,0.9999950073762217
calce_CX2_37,1,0.9999950713132764
calce_CX2_37,1,0.9999951344315375
calce_CX2_37,1,0.999995196741491
calce_CX2_37,1,0.9999952582534879
calce_CX2_37,1,0.9999953189777471
calce_CX2_37,1,0.9999953789243565
calce_CX2_37,1,0.9999954381032746
calce_CX2_37,1,0.9999954965243327
calce_CX2_37,1,0.9999955541972363
calce_CX2_37,1,0.9999956111315657
calce_CX2_37,1,0.9999956673367796
calce_CX2_37,1,0.9999957228222153
calce_CX2_37,1,0.9999957775970901
calce_CX2_37,1,0.9999958316705035
calce_CX2_37,1,0.999995885051439
calce_CX2_37,1,0.9999959377487642
calce_CX2_37,1,0.9999959897712336
calce_CX2_37,1,0.9999960411274894
calce_CX2_37,1,0.9999960918260634
calce_CX2_37,1,0.999996141875378
calce_CX2_37,1,0.9999961912837474
calce_CX2_37,1,0.9999962400593801
calce_CX2_37,1,0.9999962882103788
calce_CX2_37,1,0.9999963357447428
calce_CX2_37,1,0.9999963826703686
calce_CX2_37,1,0.9999964289950521
calce_CX2_37,1,0.9999964747264889
calce_CX2_37,1,0.9999965198722761
calce_CX2_37,1,0.9999965644399139
calce_CX2_37,1,0.999996608436806
calce_CX2_37,1,0.999996651870262
calce_CX2_37,1,0.9999966947474964
calce_CX2_37,1,0.9999967370756332
calce_CX2_37,1,0.9999967788617038
calce_CX2_37,1,0.9999968201126499
calce_CX2_37,1,0.9999968608353249
calce_CX2_37,1,0.9999969010364935
calce_CX2_37,1,0.9999969407228344
calce_CX2_37,1,0.9999969799009406
calce_CX2_37,1,0.9999970185773206
calce_CX2_37,1,0.9999970567583997
calce_CX2_37,1,0.9999970944505204
calce_CX2_37,1,0.9999971316599452
calce_CX2_37,1,0.999997168392855
calce_CX2_37,1,0.9999972046553525
calce_CX2_37,1,0.9999972404534615
calce_CX2_37,1,0.9999972757931296
calce_CX2_37,1,0.9999973106802271
calce_CX2_37,1,0.9999973451205502
calce_CX2_37,1,0.9999973791198203
calce_CX2_37,1,0.9999974126836855
calce_CX2_37,1,0.9999974458177217
calce_CX2_37,1,0.9999974785274335
calce_CX2_37,1,0.9999975108182547
calce_CX2_37,1,0.9999975426955502
calce_CX2_37,1,0.9999975741646151
calce_CX2_37,1,0.9999976052306776
calce_CX2_37,1,0.9999976358988986
calce_CX2_37,1,0.999997666174373
calce_CX2_37,1,0.9999976960621303
calce_CX2_37,1,0.9999977255671358
calce_CX2_37,1,0.9999977546942912
calce_CX2_37,1,0.9999977834484352
calce_CX2_37,1,0.9999978118343446
calce_CX2_37,1,0.9999978398567355
calce_CX2_37,1,0.9999978675202625
calce_CX2_37,1,0.9999978948295221
calce_CX2_37,1,0.9999979217890507
calce_CX2_37,1,0.999997948403327
calce_CX2_37,1,0.9999979746767728
calce_CX2_37,1,0.9999980006137522
calce_CX2_37,1,0.9999980262185746
calce_CX2_37,1,0.9999980514954937
calce_CX2_37,1,0.9999980764487085
calce_CX2_37,1,0.9999981010823643
calce_CX2_37,1,0.9999981254005539
calce_CX2_37,1,0.999998149407317
calce_CX2_37,1,0.9999981731066416
calce_CX2_37,1,0.9999981965024655
calce_CX2_37,1,0.9999982195986746
calce_CX2_37,1,0.9999982423991064
calce_CX2_37,1,0.9999982649075484
calce_CX2_37,1,0.9999982871277401
calce_CX2_37,1,0.9999983090633728
calce_CX2_37,1,0.999998330718091
calce_CX2_37,1,0.9999983520954914
calce_CX2_37,1,0.9999983731991261
calce_CX2_37,1,0.9999983940325009
calce_CX2_37,1,0.9999984145990766
calce_CX2_37,1,0.9999984349022698
calce_CX2_37,1,0.9999984549454541
calce_CX2_37,1,0.9999984747319587
calce_CX2_37,1,0.9999984942650707
calce_CX2_37,1,0.9999985135480354
calce_CX2_37,1,0.9999985325840558
calce_CX2_37,1,0.999998551376295
calce_CX2_37,1,0.9999985699278745
calce_CX2_37,1,0.9999985882418763
calce_CX2_37,1,0.999998606321343
calce_CX2_37,1,0.9999986241692782
calce_CX2_37,1,0.9999986417886466
calce_CX2_37,1,0.9999986591823756
calce_CX2_37,1,0.9999986763533547
calce_CX2_37,1,0.9999986933044366
calce_CX2_37,1,0.9999987100384371
calce_CX2_37,1,0.9999987265581366
calce_CX2_37,1,0.9999987428662792
calce_CX2_37,1,0.9999987589655744
calce_CX2_37,1,0.9999987748586967
calce_CX2_37,1,0.9999987905482861
calce_CX2_37,1,0.9999988060369494
calce_CX2_37,1,0.9999988213272598
calce_CX2_37,1,0.9999988364217572
calce_CX2_37,1,0.9999988513229495
calce_CX2_37,1,0.9999988660333121
calce_CX2_37,1,0.9999988805552887
calce_CX2_37,1,0.9999988948912921
calce_CX2_37,1,0.9999989090437038
calce_CX2_37,1,0.9999989230148748
calce_CX2_37,1,0.9999989368071265
calce_CX2_37,1,0.9999989504227496
calce_CX2_37,1,0.9999989638640066
calce_CX2_37,1,0.9999989771331304
calce_CX2_37,1,0.999998990232325
calce_CX2_37,1,0.9999990031637671
calce_CX2_37,1,0.9999990159296047
calce_CX2_37,1,0.9999990285319585
calce_CX2_37,1,0.9999990409729222
calce_CX2_37,1,0.9999990532545627
calce_CX2_37,1,0.9999990653789206
calce_CX2_37,1,0.9999990773480094
calce_CX2_37,1,0.9999990891638183
calce_CX2_37,1,0.9999991008283096
calce_CX2_37,1,0.9999991123434216
calce_CX2_37,1,0.999999123711067
calce_CX2_37,1,0.9999991349331345
calce_CX2_37,1,0.9999991460114884
calce_CX2_37,1,0.9999991569479691
calce_CX2_37,1,0.9999991677443932
calce_CX2_37,1,0.9999991784025548
calce_CX2_37,1,0.9999991889242242
calce_CX2_37,1,0.9999991993111496
calce_CX2_37,1,0.9999992095650563
calce_CX2_37,1,0.9999992196876479
calce_CX2_37,1,0.9999992296806061
calce_CX2_37,1,0.9999992395455911
calce_CX2_37,1,0.9999992492842416
calce_CX2_37,1,0.9999992588981755
calce_CX2_37,1,0.9999992683889901
calce_CX2_37,1,0.999999277758262
calce_CX2_37,1,0.9999992870075479
calce_CX2_37,1,0.9999992961383841
calce_CX2_37,1,0.9999993051522876
calce_CX2_37,1,0.9999993140507559
calce_CX2_37,1,0.9999993228352673
calce_CX2_37,1,0.9999993315072814
calce_CX2_37,1,0.9999993400682384
calce_CX2_37,1,0.999999348519561
calce_CX2_37,1,0.9999993568626528
calce_CX2_37,1,0.9999993650989
calce_CX2_37,1,0.999999373229671
calce_CX2_37,1,0.9999993812563166
calce_CX2_37,1,0.9999993891801703
calce_CX2_37,1,0.9999993970025479
calce_CX2_37,1,0.9999994047247498
calce_CX2_37,1,0.9999994123480583
calce_CX2_37,1,0.99999941987374
calce_CX2_37,1,0.9999994273030453
calce_CX2_37,1,0.9999994346372082
calce_CX2_37,1,0.9999994418774472
calce_CX2_37,1,0.9999994490249653
calce_CX2_37,1,0.9999994560809496
calce_CX2_37,1,0.9999994630465726
calce_CX2_37,1,0.9999994699229914
calce_CX2_37,1,0.999999476711348
calce_CX2_37,1,0.999999483412771
calce_CX2_37,1,0.999999490028373
calce_CX2_37,1,0.9999994965592532
calce_CX2_37,1,0.9999995030064966
calce_CX2_37,1,0.9999995093711744
calce_CX2_37,1,0.9999995156543439
calce_CX2_37,1,0.9999995218570489
calce_CX2_37,1,0.9999995279803199
calce_CX2_37,1,0.9999995340251742
calce_CX2_37,1,0.9999995399926158
calce_CX2_37,1,0.999999545883636
calce_CX2_37,1,0.9999995516992142
calce_CX2_37,1,0.9999995574403158
calce_CX2_37,1,0.9999995631078947
calce_CX2_37,1,0.9999995687028927
calce_CX2_37,1,0.9999995742262392
calce_CX2_37,1,0.9999995796788518
calce_CX2_37,1,0.9999995850616362
calce_CX2_37,1,0.9999995903754867
calce_CX2_37,1,0.9999995956212863
calce_CX2_37,1,0.999999600799906
calce_CX2_37,1,0.9999996059122068
calce_CX2_37,1,0.9999996109590376
calce_CX2_37,1,0.9999996159412369
calce_CX2_37,1,0.9999996208596321
calce_CX2_37,1,0.999999625715041
calce_CX2_37,1,0.9999996305082695
calce_CX2_37,1,0.9999996352401141
calce_CX2_37,1,0.9999996399113613
calce_CX2_37,1,0.9999996445227868
calce_CX2_37,1,0.9999996490751565
calce_CX2_37,1,0.9999996535692272
calce_CX2_37,1,0.999999658005745
calce_CX2_37,1,0.9999996623854474
calce_CX2_37,1,0.9999996667090617
calce_CX2_37,1,0.9999996709773061
calce_CX2_37,1,0.99999967519089
calce_CX2_37,1,0.999999679350513
calce_CX2_37,1,0.9999996834568666
calce_CX2_37,1,0.9999996875106327
calce_CX2_37,1,0.9999996915124848
calce_CX2_37,1,0.9999996954630878
calce_CX2_37,1,0.999999699363098
calce_CX2_37,1,0.999999703213163
calce_CX2_37,1,0.9999997070139229
calce_CX2_37,1,0.999999710766009
calce_CX2_37,1,0.9999997144700443
calce_CX2_37,1,0.9999997181266447
calce_CX2_37,1,0.999999721736417
calce_CX2_37,1,0.9999997252999615
calce_CX2_37,1,0.9999997288178699
calce_CX2_37,1,0.9999997322907268
calce_CX2_37,1,0.9999997357191089
calce_CX2_37,1,0.9999997391035859
calce_CX2_37,1,0.9999997424447201
calce_CX2_37,1,0.9999997457430665
calce_CX2_37,1,0.9999997489991731
calce_CX2_37,1,0.999999752213581
calce_CX2_37,1,0.999999755386824
calce_CX2_37,1,0.999999758519429
calce_CX2_37,1,0.9999997616119172
calce_CX2_37,1,0.9999997646648014
calce_CX2_37,1,0.9999997676785897
calce_CX2_37,1,0.999999770653782
calce_CX2_37,1,0.9999997735908732
calce_CX2_37,1,0.9999997764903508
calce_CX2_37,1,0.9999997793526966
calce_CX2_37,1,0.999999782178386
calce_CX2_37,1,0.999999784967889
calce_CX2_37,1,0.9999997877216684
calce_CX2_37,1,0.9999997904401821
calce_CX2_37,1,0.9999997931238812
calce_CS2_36,1,0.16024215538816458
calce_CS2_36,1,0.162340048437381
calce_CS2_36,1,0.1644600282045909
calce_CS2_36,1,0.1666021863566276
calce_CS2_36,1,0.16876661109857227
calce_CS2_36,1,0.1709533870679084
calce_CS2_36,1,0.17316259522817143
calce_CS2_36,1,0.17539431276217166
calce_CS2_36,1,0.17764861296486337
calce_CS2_36,1,0.17992556513594038
calce_CS2_36,1,0.18222523447223957
calce_CS2_36,1,0.18454768196003882
calce_CS2_36,1,0.18689296426733293
calce_CS2_36,1,0.18926113363618266
calce_CS2_36,1,0.19165223777522689
calce_CS2_36,1,0.19406631975245442
calce_CS2_36,1,0.19650341788833375
calce_CS2_36,1,0.19896356564940343
calce_CS2_36,1,0.20144679154242212
calce_CS2_36,1,0.20395311900919044
calce_CS2_36,1,0.20648256632214868
calce_CS2_36,1,0.2090351464808624
calce_CS2_36,1,0.21161086710950902
calce_CS2_36,1,0.2142097303554829
calce_CS2_36,1,0.2168317327892281
calce_CS2_36,1,0.21947686530542979
calce_CS2_36,1,0.22214511302567552
calce_CS2_36,1,0.2248364552027133
calce_CS2_36,1,0.22755086512643002
calce_CS2_36,1,0.2302883100316747
calce_CS2_36,1,0.23304875100805633
calce_CS2_36,1,0.23583214291183865
calce_CS2_36,1,0.23863843428006756
calce_CS2_36,1,0.24146756724705576
calce_CS2_36,1,0.24431947746335686
calce_CS2_36,1,0.24719409401735878
calce_CS2_36,1,0.2500913393596298
calce_CS2_36,1,0.2530111292301424
calce_CS2_36,1,0.25595337258851253
calce_CS2_36,1,0.25891797154737967
calce_CS2_36,1,0.2619048213090595
calce_CS2_36,1,0.2649138101055964
calce_CS2_36,1,0.2679448191423466
calce_CS2_36,1,0.27099772254521287
calce_CS2_36,1,0.2740723873116621
calce_CS2_36,1,0.2771686732656444
calce_CS2_36,1,0.28028643301653605
calce_CS2_36,1,0.283425511922225
calce_CS2_36,1,0.2865857480564572
calce_CS2_36,1,0.28976697218055175
calce_CS2_36,1,0.2929690077196019
calce_CS2_36,1,0.296191670743265
calce_CS2_36,1,0.2994347699512462
calce_CS2_36,1,0.3026981066635743
calce_CS2_36,1,0.30598147481576987
calce_CS2_36,1,0.30928466095898904
calce_CS2_36,1,0.31260744426523934
calce_CS2_36,1,0.31594959653774235
calce_CS2_36,1,0.3193108822265238
calce_CS2_36,1,0.32269105844930185
calce_CS2_36,1,0.3260898750177395
calce_CS2_36,1,0.329507074469124
calce_CS2_36,1,0.332942392103522
calce_CS2_36,1,0.33639555602646654
calce_CS2_36,1,0.33986628719721235
calce_CS2_36,1,0.34335429948259666
calce_CS2_36,1,0.34685929971653406
calce_CS2_36,1,0.35038098776516896
calce_CS2_36,1,0.3539190565976949
calce_CS2_36,1,0.3574731923628556
calce_CS2_36,1,0.3610430744711224
calce_CS2_36,1,0.36462837568254225
calce_CS2_36,1,0.368228762200241
calce_CS2_36,1,0.3718438937695615
calce_CS2_36,1,0.37547342378279897
calce_CS2_36,1,0.3791169993895048
calce_CS2_36,1,0.38277426161230493
calce_CS2_36,1,0.38644484546818114
calce_CS2_36,1,0.3901283800951529
calce_CS2_36,1,0.3938244888842901
calce_CS2_36,1,0.3975327896169747
calce_CS2_36,1,0.40125289460732966
calce_CS2_36,1,0.40498441084971903
calce_CS2_36,1,0.40872694017121625
calce_CS2_36,1,0.4124800793889315
calce_CS2_36,1,0.41624342047208107
calce_CS2_36,1,0.4200165507086751
calce_CS2_36,1,0.4237990528766877
calce_CS2_36,1,0.427590505419571
calce_CS2_36,1,0.4313904826259719
calce_CS2_36,1,0.4351985548134893
calce_CS2_36,1,0.43901428851631763
calce_CS2_36,1,0.44283724667660995
calce_CS2_36,1,0.4466669888393821
calce_CS2_36,1,0.45050307135078754
calce_CS2_36,1,0.45434504755957145
calce_CS2_36,1,0.45819246802151875
calce_CS2_36,1,0.4620448807066979
calce_CS2_36,1,0.46590183120930434
calce_CS2_36,1,0.4697628629598939
calce_CS2_36,1,0.47362751743980497
calce_CS2_36,1,0.4774953343975516
calce_CS2_36,1,0.48136585206697496
calce_CS2_36,1,0.4852386073869337
calce_CS2_36,1,0.48911313622231295
calce_CS2_36,1,0.492988973586126
calce_CS2_36,1,0.49686565386248593
calce_CS2_36,1,0.5007427110302207
calce_CS2_36,1,0.5046196788868996
calce_CS2_36,1,0.5084960912730465
calce_CS2_36,1,0.512371482296309
calce_CS2_36,1,0.5162453865553557
calce_CS2_36,1,0.5201173393632683
calce_CS2_36,1,0.5239868769702095
calce_CS2_36,1,0.5278535367851316
calce_CS2_36,1,0.5317168575963068
calce_CS2_36,1,0.5355763797904534
calce_CS2_36,1,0.5394316455702408
calce_CS2_36,1,0.5432821991699507
calce_CS2_36,1,0.5471275870690864
calce_CS2_36,1,0.5509673582037151
calce_CS2_36,1,0.5548010641753401
calce_CS2_36,1,0.5586282594570947
calce_CS2_36,1,0.5624485015970686
calce_CS2_36,1,0.5662613514185633
calce_CS2_36,1,0.5700663732170982
calce_CS2_36,1,0.5738631349539802
calce_CS2_36,1,0.5776512084462597
calce_CS2_36,1,0.5814301695529058
calce_CS2_36,1,0.5851995983570344
calce_CS2_36,1,0.5889590793440306
calce_CS2_36,1,0.592708201575417
calce_CS2_36,1,0.5964465588583232
calce_CS2_36,1,0.6001737499104177
calce_CS2_36,1,0.6038893785201759
calce_CS2_36,1,0.6075930537023584
calce_CS2_36,1,0.6112843898485906
calce_CS2_36,1,0.614963006872928
calce_CS2_36,1,0.6186285303523187
calce_CS2_36,1,0.6222805916618632
calce_CS2_36,1,0.6259188281047935
calce_CS2_36,1,0.6295428830370932
calce_CS2_36,1,0.6331524059866946
calce_CS2_36,1,0.6367470527671875
calce_CS2_36,1,0.640326485585996
calce_CS2_36,1,0.6438903731469743
calce_CS2_36,1,0.6474383907473882
calce_CS2_36,1,0.6509702203692537
calce_CS2_36,1,0.6544855507650156
calce_CS2_36,1,0.6579840775375481
calce_CS2_36,1,0.6614655032144793
calce_CS2_36,1,0.6649295373168405
calce_CS2_36,1,0.6683758964220455
calce_CS2_36,1,0.671804304221226
calce_CS2_36,1,0.6752144915709413
calce_CS2_36,1,0.678606196539294
calce_CS2_36,1,0.6819791644464932
calce_CS2_36,1,0.6853331478999061
calce_CS2_36,1,0.6886679068236508
calce_CS2_36,1,0.6919832084827866
calce_CS2_36,1,0.6952788275021631
calce_CS2_36,1,0.6985545458800013
calce_CS2_36,1,0.7018101529962717
calce_CS2_36,1,0.7050454456159587
calce_CS2_36,1,0.7082602278872882
calce_CS2_36,1,0.7114543113350085
calce_CS2_36,1,0.71462751484882
calce_CS2_36,1,0.7177796646670492
calce_CS2_36,1,0.7209105943556655
calce_CS2_36,1,0.7240201447827526
calce_CS2_36,1,0.7271081640885366
calce_CS2_36,1,0.730174507651086
calce_CS2_36,1,0.7332190380477956
calce_CS2_36,1,0.7362416250127755
calce_CS2_36,1,0.7392421453902582
calce_CS2_36,1,0.7422204830841544
calce_CS2_36,1,0.7451765290038731
calce_CS2_36,1,0.7481101810065373
calce_CS2_36,1,0.7510213438357176
calce_CS2_36,1,0.7539099290568189
calce_CS2_36,1,0.7567758549892374
calce_CS2_36,1,0.7596190466354321
calce_CS2_36,1,0.7624394356070302
calce_CS2_36,1,0.7652369600481027
calce_CS2_36,1,0.7680115645557386
calce_CS2_36,1,0.7707632000980503
calce_CS2_36,1,0.7734918239297403
calce_CS2_36,1,0.7761973995053555
calce_CS2_36,1,0.7788798963903664
calce_CS2_36,1,0.7815392901701921
calce_CS2_36,1,0.7841755623573011
calce_CS2_36,1,0.7867887002965168
calce_CS2_36,1,0.7893786970686499
calce_CS2_36,1,0.79194555139258
calce_CS2_36,1,0.7944892675259134
calce_CS2_36,1,0.7970098551643323
calce_CS2_36,1,0.7995073293397565
calce_CS2_36,1,0.8019817103174335
calce_CS2_36,1,0.804433023492071
calce_CS2_36,1,0.8068612992831237
calce_CS2_36,1,0.8092665730293447
calce_CS2_36,1,0.8116488848827104
calce_CS2_36,1,0.8140082797018203
calce_CS2_36,1,0.8163448069448797
calce_CS2_36,1,0.8186585205623595
calce_CS2_36,1,0.8209494788894346
calce_CS2_36,1,0.823217744538294
calce_CS2_36,1,0.8254633842904154
calce_CS2_36,1,0.8276864689888929
calce_CS2_36,1,0.8298870734309043
calce_CS2_36,1,0.8320652762604014
calce_CS2_36,1,0.8342211598611071
calce_CS2_36,1,0.8363548102498909
calce_CS2_36,1,0.8384663169706045
calce_CS2_36,1,0.8405557729884467
calce_CS2_36,1,0.8426232745849291
calce_CS2_36,1,0.8446689212535019
calce_CS2_36,1,0.8466928155959178
calce_CS2_36,1,0.8486950632193785
calce_CS2_36,1,0.8506757726345351
calce_CS2_36,1,0.8526350551543909
calce_CS2_36,1,0.8545730247941595
calce_CS2_36,1,0.8564897981721327
calce_CS2_36,1,0.8583854944115995
calce_CS2_36,1,0.8602602350438647
calce_CS2_36,1,0.8621141439124091
calce_CS2_36,1,0.8639473470782266
calce_CS2_36,1,0.8657599727263823
calce_CS2_36,1,0.867552151073819
calce_CS2_36,1,0.8693240142784475
calce_CS2_36,1,0.8710756963495515
calce_CS2_36,1,0.8728073330595317
calce_CS2_36,1,0.8745190618570148
calce_CS2_36,1,0.8762110217813532
calce_CS2_36,1,0.877883353378532
calce_CS2_36,1,0.8795361986185035
calce_CS2_36,1,0.8811697008139684
calce_CS2_36,1,0.8827840045406141
calce_CS2_36,1,0.8843792555588255
calce_CS2_36,1,0.8859556007368782
calce_CS2_36,1,0.8875131879756243
calce_CS2_36,1,0.8890521661346754
calce_CS2_36,1,0.8905726849600931
calce_CS2_36,1,0.8920748950135862
calce_CS2_36,1,0.8935589476032193
calce_CS2_36,1,0.8950249947156341
calce_CS2_36,1,0.896473188949784
calce_CS2_36,1,0.8979036834521746
calce_CS2_36,1,0.8993166318536159
calce_CS2_36,1,0.9007121882074728
calce_CS2_36,1,0.9020905069294154
calce_CS2_36,1,0.9034517427386567
calce_CS2_36,1,0.9047960506006746
calce_CS2_36,1,0.9061235856714053
calce_CS2_36,1,0.9074345032429009
calce_CS2_36,1,0.9087289586904392
calce_CS2_36,1,0.9100071074210739
calce_CS2_36,1,0.9112691048236131
calce_CS2_36,1,0.9125151062200124
calce_CS2_36,1,0.9137452668181677
calce_CS2_36,1,0.9149597416660957
calce_CS2_36,1,0.9161586856074826
calce_CS2_36,1,0.9173422532385885
calce_CS2_36,1,0.9185105988664881
calce_CS2_36,1,0.919663876468633
calce_CS2_36,1,0.9208022396537161
calce_CS2_36,1,0.9219258416238207
calce_CS2_36,1,0.9230348351378368
calce_CS2_36,1,0.9241293724761233
calce_CS2_36,1,0.9252096054063995
calce_CS2_36,1,0.9262756851508452
calce_CS2_36,1,0.9273277623543902
calce_CS2_36,1,0.9283659870541712
calce_CS2_36,1,0.9293905086501401
calce_CS2_36,1,0.930401475876799
calce_CS2_36,1,0.9313990367760447
calce_CS2_36,1,0.9323833386710987
calce_CS2_36,1,0.9333545281415069
calce_CS2_36,1,0.9343127509991832
calce_CS2_36,1,0.9352581522654786
calce_CS2_36,1,0.936190876149256
calce_CS2_36,1,0.9371110660259487
calce_CS2_36,1,0.9380188644175793
calce_CS2_36,1,0.9389144129737248
calce_CS2_36,1,0.9397978524534
calce_CS2_36,1,0.940669322707844
calce_CS2_36,1,0.9415289626641854
calce_CS2_36,1,0.9423769103099696
calce_CS2_36,1,0.9432133026785241
calce_CS2_36,1,0.9440382758351454
calce_CS2_36,1,0.9448519648640841
calce_CS2_36,1,0.9456545038563114
calce_CS2_36,1,0.946446025898045
calce_CS2_36,1,0.9472266630600179
calce_CS2_36,1,0.9479965463874661
calce_CS2_36,1,0.9487558058908221
calce_CS2_36,1,0.9495045705370915
calce_CS2_36,1,0.9502429682418948
calce_CS2_36,1,0.9509711258621566
calce_CS2_36,1,0.9516891691894241
calce_CS2_36,1,0.9523972229437987
calce_CS2_36,1,0.9530954107684577
calce_CS2_36,1,0.9537838552247556
calce_CS2_36,1,0.9544626777878849
calce_CS2_36,1,0.9551319988430769
calce_CS2_36,1,0.9557919376823323
calce_CS2_36,1,0.9564426125016591
calce_CS2_36,1,0.9570841403988051
calce_CS2_36,1,0.9577166373714698
calce_CS2_36,1,0.958340218315978
calce_CS2_36,1,0.958954997026402
calce_CS2_36,1,0.9595610861941153
calce_CS2_36,1,0.9601585974077678
calce_CS2_36,1,0.9607476411536615
calce_CS2_36,1,0.9613283268165193
calce_CS2_36,1,0.9619007626806275
calce_CS2_36,1,0.9624650559313446
calce_CS2_36,1,0.9630213126569565
calce_CS2_36,1,0.963569637850872
calce_CS2_36,1,0.9641101354141396
calce_CS2_36,1,0.9646429081582791
calce_CS2_36,1,0.9651680578084114
calce_CS2_36,1,0.9656856850066774
calce_CS2_36,1,0.9661958893159344
calce_CS2_36,1,0.9666987692237163
calce_CS2_36,1,0.9671944221464503
calce_CS2_36,1,0.9676829444339162
calce_CS2_36,1,0.9681644313739399
calce_CS2_36,1,0.9686389771973107
calce_CS2_36,1,0.9691066750829109
calce_CS2_36,1,0.9695676171630494
calce_CS2_36,1,0.9700218945289906
calce_CS2_36,1,0.9704695972366677
calce_CS2_36,1,0.9709108143125716
calce_CS2_36,1,0.9713456337598095
calce_CS2_36,1,0.9717741425643192
calce_CS2_36,1,0.9721964267012377
calce_CS2_36,1,0.9726125711414102
calce_CS2_36,1,0.9730226598580357
calce_CS2_36,1,0.9734267758334386
calce_CS2_36,1,0.9738250010659615
calce_CS2_36,1,0.9742174165769709
calce_CS2_36,1,0.9746041024179689
calce_CS2_36,1,0.9749851376778035
calce_CS2_36,1,0.9753606004899732
calce_CS2_36,1,0.9757305680400166
calce_CS2_36,1,0.9760951165729832
calce_CS2_36,1,0.976454321400979
calce_CS2_36,1,0.9768082569107793
calce_CS2_36,1,0.9771569965715068
calce_CS2_36,1,0.977500612942365
calce_CS2_36,1,0.9778391776804256
calce_CS2_36,1,0.9781727615484639
calce_CS2_36,1,0.9785014344228342
calce_CS2_36,1,0.9788252653013864
calce_CS2_36,1,0.9791443223114124
calce_CS2_36,1,0.9794586727176243
calce_CS2_36,1,0.9797683829301556
calce_CS2_36,1,0.980073518512583
calce_CS2_36,1,0.9803741441899657
calce_CS2_36,1,0.9806703238568953
calce_CS2_36,1,0.9809621205855579
calce_CS2_36,1,0.9812495966337981
calce_CS2_36,1,0.9815328134531882
calce_CS2_36,1,0.9818118316970939
calce_CS2_36,1,0.9820867112287375
calce_CS2_36,1,0.9823575111292516
calce_CS2_36,1,0.9826242897057241
calce_CS2_36,1,0.9828871044992298
calce_CS2_36,1,0.9831460122928449
calce_CS2_36,1,0.9834010691196451
calce_CS2_36,1,0.9836523302706809
calce_CS2_36,1,0.9838998503029307
calce_CS2_36,1,0.9841436830472284
calce_CS2_36,1,0.9843838816161617
calce_CS2_36,1,0.9846204984119434
calce_CS2_36,1,0.9848535851342484
calce_CS2_36,1,0.9850831927880177
calce_CS2_36,1,0.9853093716912278
calce_CS2_36,1,0.9855321714826217
calce_CS2_36,1,0.9857516411294017
calce_CS2_36,1,0.9859678289348818
calce_CS2_36,1,0.9861807825460971
calce_CS2_36,1,0.9863905489613717
calce_CS2_36,1,0.9865971745378406
calce_CS2_36,1,0.9868007049989264
calce_CS2_36,1,0.9870011854417678
calce_CS2_36,1,0.9871986603446016
calce_CS2_36,1,0.9873931735740934
calce_CS2_36,1,0.9875847683926199
calce_CS2_36,1,0.9877734874654984
calce_CS2_36,1,0.9879593728681649
calce_CS2_36,1,0.9881424660933003
calce_CS2_36,1,0.9883228080578994
calce_CS2_36,1,0.9885004391102898
calce_CS2_36,1,0.9886753990370931
calce_CS2_36,1,0.9888477270701306
calce_CS2_36,1,0.9890174618932729
calce_CS2_36,1,0.9891846416492338
calce_CS2_36,1,0.9893493039463047
calce_CS2_36,1,0.9895114858650329
calce_CS2_36,1,0.9896712239648418
calce_CS2_36,1,0.9898285542905909
calce_CS2_36,1,0.9899835123790796
calce_CS2_36,1,0.9901361332654901
calce_CS2_36,1,0.9902864514897701
calce_CS2_36,1,0.9904345011029597
calce_CS2_36,1,0.9905803156734538
calce_CS2_36,1,0.9907239282932087
calce_CS2_36,1,0.9908653715838859
calce_CS2_36,1,0.9910046777029374
calce_CS2_36,1,0.9911418783496312
calce_CS2_36,1,0.9912770047710144
calce_CS2_36,1,0.9914100877678198
calce_CS2_36,1,0.9915411577003077
calce_CS2_36,1,0.9916702444940529
calce_CS2_36,1,0.9917973776456679
calce_CS2_36,1,0.9919225862284669
calce_CS2_36,1,0.9920458988980717
calce_CS2_36,1,0.992167343897956
calce_CS2_36,1,0.9922869490649315
calce_CS2_36,1,0.992404741834574
calce_CS2_36,1,0.9925207492465905
calce_CS2_36,1,0.992634997950128
calce_CS2_36,1,0.9927475142090229
calce_CS2_36,1,0.9928583239069916
calce_CS2_36,1,0.9929674525527652
calce_CS2_36,1,0.9930749252851626
calce_CS2_36,1,0.9931807668781094
calce_CS2_36,1,0.9932850017455979
calce_CS2_36,1,0.9933876539465893
calce_CS2_36,1,0.9934887471898615
calce_CS2_36,1,0.9935883048387981
calce_CS2_36,1,0.9936863499161234
calce_CS2_36,1,0.9937829051085795
calce_CS2_36,1,0.9938779927715503
calce_CS2_36,1,0.9939716349336297
calce_CS2_36,1,0.9940638533011343
calce_CS2_36,1,0.9941546692625629
calce_CS2_36,1,0.9942441038930027
calce_CS2_36,1,0.9943321779584805
calce_CS2_36,1,0.9944189119202614
calce_CS2_36,1,0.9945043259390973
calce_CS2_36,1,0.9945884398794183
calce_CS2_36,1,0.9946712733134772
calce_CS2_36,1,0.9947528455254401
calce_CS2_36,1,0.9948331755154266
calce_CS2_36,1,0.994912282003499
calce_CS2_36,1,0.9949901834336026
calce_CS2_36,1,0.9950668979774556
calce_CS2_36,1,0.9951424435383903
calce_CS2_36,1,0.9952168377551438
calce_CS2_36,1,0.9952900980056039
calce_CS2_36,1,0.9953622414105033
calce_CS2_36,1,0.9954332848370697
calce_CS2_36,1,0.9955032449026261
calce_CS2_36,1,0.995572137978147
calce_CS2_36,1,0.9956399801917667
calce_CS2_36,1,0.995706787432244
calce_CS2_36,1,0.9957725753523787
calce_CS2_36,1,0.9958373593723882
calce_CS2_36,1,0.9959011546832335
calce_CS2_36,1,0.9959639762499078
calce_CS2_36,1,0.9960258388146778
calce_CS2_36,1,0.9960867569002829
calce_CS2_36,1,0.9961467448130928
calce_CS2_36,1,0.9962058166462228
calce_CS2_36,1,0.996263986282607
calce_CS2_36,1,0.996321267398031
calce_CS2_36,1,0.9963776734641241
calce_CS2_36,1,0.9964332177513112
calce_CS2_36,1,0.9964879133317234
calce_CS2_36,1,0.9965417730820734
calce_CS2_36,1,0.9965948096864868
calce_CS2_36,1,0.9966470356392996
calce_CS2_36,1,0.9966984632478137
calce_CS2_36,1,0.9967491046350196
calce_CS2_36,1,0.9967989717422765
calce_CS2_36,1,0.9968480763319599
calce_CS2_36,1,0.9968964299900722
calce_CS2_36,1,0.996944044128815
calce_CS2_36,1,0.9969909299891297
calce_CS2_36,1,0.9970370986431999
calce_CS2_36,1,0.997082560996921
calce_CS2_36,1,0.9971273277923359
calce_CS2_36,1,0.9971714096100354
calce_CS2_36,1,0.9972148168715261
calce_CS2_36,1,0.9972575598415663
calce_CS2_36,1,0.9972996486304676
calce_CS2_36,1,0.9973410931963658
calce_CS2_36,1,0.997381903347459
calce_CS2_36,1,0.9974220887442159
calce_CS2_36,1,0.9974616589015505
calce_CS2_36,1,0.9975006231909694
calce_CS2_36,1,0.9975389908426868
calce_CS2_36,1,0.9975767709477105
calce_CS2_36,1,0.9976139724598969
calce_CS2_36,1,0.9976506041979811
calce_CS2_36,1,0.9976866748475725
calce_CS2_36,1,0.997722192963127
calce_CS2_36,1,0.9977571669698887
calce_CS2_36,1,0.9977916051658045
calce_CS2_36,1,0.997825515723412
calce_CS2_36,1,0.9978589066916999
calce_CS2_36,1,0.9978917859979421
calce_CS2_36,1,0.9979241614495057
calce_CS2_36,1,0.9979560407356324
calce_CS2_36,1,0.9979874314291957
calce_CS2_36,1,0.9980183409884325
calce_CS2_36,1,0.9980487767586484
calce_CS2_36,1,0.9980787459739008
calce_CS2_36,1,0.998108255758656
calce_CS2_36,1,0.9981373131294238
calce_CS2_36,1,0.9981659249963668
calce_CS2_36,1,0.9981940981648884
calce_CS2_36,1,0.9982218393371969
calce_CS2_36,1,0.9982491551138465
calce_CS2_36,1,0.998276051995257
calce_CS2_36,1,0.998302536383211
calce_CS2_36,1,0.9983286145823294
calce_CS2_36,1,0.998354292801525
calce_CS2_36,1,0.9983795771554365
calce_CS2_36,1,0.9984044736658395
calce_CS2_36,1,0.9984289882630389
calce_CS2_36,1,0.9984531267872399
calce_CS2_36,1,0.9984768949898986
calce_CS2_36,1,0.9985002985350547
calce_CS2_36,1,0.9985233430006433
calce_CS2_36,1,0.9985460338797865
calce_CS2_36,1,0.9985683765820695
calce_CS2_36,1,0.9985903764347948
calce_CS2_36,1,0.998612038684218
calce_CS2_36,1,0.9986333684967694
calce_CS2_36,1,0.998654370960252
calce_CS2_36,1,0.998675051085027
calce_CS2_36,1,0.9986954138051775
calce_CS2_36,1,0.9987154639796593
calce_CS2_36,1,0.9987352063934309
calce_CS2_36,1,0.9987546457585703
calce_CS2_36,1,0.9987737867153718
calce_CS2_36,1,0.9987926338334299
calce_CS2_36,1,0.9988111916127049
calce_CS2_36,1,0.9988294644845743
calce_CS2_36,1,0.9988474568128671
calce_CS2_36,1,0.998865172894885
calce_CS2_36,1,0.9988826169624051
calce_CS2_36,1,0.9988997931826715
calce_CS2_36,1,0.9989167056593704
calce_CS2_36,1,0.9989333584335894
calce_CS2_36,1,0.998949755484766
calce_CS2_36,1,0.9989659007316181
calce_CS2_36,1,0.9989817980330635
calce_CS2_36,1,0.9989974511891254
calce_CS2_36,1,0.9990128639418226
calce_CS2_36,1,0.9990280399760483
calce_CS2_36,1,0.9990429829204357
calce_CS2_36,1,0.9990576963482085
calce_CS2_36,1,0.9990721837780231
calce_CS2_36,1,0.9990864486747932
calce_CS2_36,1,0.9991004944505056
calce_CS2_36,1,0.9991143244650224
calce_CS2_36,1,0.9991279420268716
calce_CS2_36,1,0.999141350394026
calce_CS2_36,1,0.9991545527746696
calce_CS2_36,1,0.9991675523279542
calce_CS2_36,1,0.999180352164743
calce_CS2_36,1,0.9991929553483431
calce_CS2_36,1,0.9992053648952297
calce_CS2_36,1,0.999217583775755
calce_CS2_36,1,0.9992296149148508
calce_CS2_36,1,0.9992414611927177
calce_CS2_36,1,0.999253125445505
calce_CS2_36,1,0.9992646104659808
calce_CS2_36,1,0.999275919004191
calce_CS2_36,1,0.9992870537681093
calce_CS2_36,1,0.9992980174242765
calce_CS2_36,1,0.9993088125984322
calce_CS2_36,1,0.9993194418761342
calce_CS2_36,1,0.9993299078033703
calce_CS2_36,1,0.9993402128871607
calce_CS2_36,1,0.9993503595961519
calce_CS2_36,1,0.9993603503611993
calce_CS2_36,1,0.9993701875759445
calce_CS2_36,1,0.9993798735973808
calce_CS2_36,1,0.9993894107464121
calce_CS2_36,1,0.9993988013084026
calce_CS2_36,1,0.9994080475337179
calce_CS2_36,1,0.9994171516382595
calce_CS2_36,1,0.9994261158039885
calce_CS2_36,1,0.9994349421794447
calce_CS2_36,1,0.999443632880255
calce_CS2_36,1,0.9994521899896358
calce_CS2_36,1,0.9994606155588871
calce_CS2_36,1,0.9994689116078791
calce_CS2_36,1,0.9994770801255326
calce_CS2_36,1,0.9994851230702902
calce_CS2_36,1,0.9994930423705819
calce_CS2_36,1,0.9995008399252826
calce_CS2_36,1,0.9995085176041641
calce_CS2_36,1,0.999516077248339
calce_CS2_36,1,0.9995235206706975
calce_CS2_36,1,0.9995308496563393
calce_CS2_36,1,0.999538065962998
calce_CS2_36,1,0.9995451713214583
calce_CS2_36,1,0.9995521674359679
calce_CS2_36,1,0.9995590559846437
calce_CS2_36,1,0.9995658386198696
calce_CS2_36,1,0.999572516968691
calce_CS2_36,1,0.9995790926332014
calce_CS2_36,1,0.9995855671909236
calce_CS2_36,1,0.999591942195186
calce_CS2_36,1,0.9995982191754909
calce_CS2_36,1,0.9996043996378807
calce_CS2_36,1,0.9996104850652956
calce_CS2_36,1,0.9996164769179264
calce_CS2_36,1,0.9996223766335637
calce_CS2_36,1,0.9996281856279388
calce_CS2_36,1,0.9996339052950627
calce_CS2_36,1,0.9996395370075574
calce_CS2_36,1,0.9996450821169834
calce_CS2_36,1,0.999650541954162
calce_CS2_36,1,0.9996559178294927
calce_CS2_36,1,0.9996612110332652
calce_CS2_36,1,0.9996664228359681
calce_CS2_36,1,0.9996715544885906
calce_CS2_36,1,0.9996766072229223
calce_CS2_36,1,0.9996815822518467
calce_CS2_36,1,0.9996864807696296
calce_CS2_36,1,0.9996913039522065
calce_CS2_36,1,0.9996960529574601
calce_CS2_36,1,0.9997007289254999
calce_CS2_36,1,0.9997053329789315
calce_CS2_36,1,0.9997098662231275
calce_CS2_36,1,0.999714329746489
calce_CS2_36,1,0.999718724620707
calce_CS2_36,1,0.9997230519010174
calce_CS2_36,1,0.9997273126264546
calce_CS2_36,1,0.9997315078200979
calce_CS2_36,1,0.9997356384893167
calce_CS2_36,1,0.9997397056260123
calce_CS2_36,1,0.9997437102068525
calce_CS2_36,1,0.9997476531935079
calce_CS2_36,1,0.9997515355328792
calce_CS2_36,1,0.9997553581573254
calce_CS2_36,1,0.9997591219848854
calce_CS2_36,1,0.9997628279194983
calce_CS2_36,1,0.99976647685122
calce_CS2_36,1,0.999770069656434
calce_CS2_36,1,0.9997736071980636
calce_CS2_36,1,0.9997770903257763
calce_CS2_36,1,0.9997805198761879
calce_CS2_36,1,0.9997838966730629
calce_CS2_36,1,0.9997872215275108
calce_CS2_36,1,0.9997904952381803
calce_CS2_36,1,0.9997937185914517
calce_CS2_36,1,0.9997968923616227
calce_CS2_36,1,0.9998000173110961
calce_CS2_36,1,0.9998030941905608
calce_CS2_36,1,0.9998061237391715
calce_CS2_36,1,0.9998091066847267
calce_CS2_36,1,0.9998120437438415
calce_CS2_36,1,0.9998149356221209
calce_CS2_36,1,0.9998177830143268
calce_CS2_36,1,0.9998205866045455
calce_CS2_36,1,0.9998233470663517
calce_CS2_36,1,0.9998260650629689
calce_CS2_36,1,0.9998287412474289
calce_CS2_36,1,0.9998313762627282
calce_CS2_36,1,0.9998339707419818
calce_CS2_36,1,0.9998365253085747
calce_CS2_36,1,0.9998390405763116
calce_CS2_36,1,0.9998415171495635
calce_CS2_36,1,0.9998439556234133
calce_CS2_36,1,0.9998463565837972
calce_CS2_36,1,0.9998487206076463
calce_CS2_36,1,0.9998510482630238
calce_CS2_36,1,0.9998533401092619
calce_CS2_36,1,0.9998555966970959
calce_CS2_36,1,0.999857818568795
calce_CS2_36,1,0.9998600062582936
calce_CS2_36,1,0.9998621602913189
calce_CS2_36,1,0.9998642811855166
calce_CS2_36,1,0.9998663694505754
calce_CS2_36,1,0.9998684255883485
calce_CS2_36,1,0.999870450092975
calce_CS2_36,1,0.9998724434509976
calce_CS2_36,1,0.9998744061414788
calce_CS2_36,1,0.9998763386361172
calce_CS2_36,1,0.9998782413993597
calce_CS2_36,1,0.9998801148885126
calce_CS2_36,1,0.9998819595538515
calce_CS2_36,1,0.9998837758387298
calce_CS2_36,1,0.9998855641796845
calce_CS2_36,1,0.9998873250065411
calce_CS2_36,1,0.9998890587425167
calce_CS2_36,1,0.9998907658043211
calce_CS2_36,1,0.9998924466022575
calce_CS2_36,1,0.9998941015403202
calce_CS2_36,1,0.999895731016292
calce_CS2_36,1,0.9998973354218395
calce_CS2_36,1,0.9998989151426069
calce_CS2_36,1,0.9999004705583088
calce_CS2_36,1,0.999902002042821
calce_CS2_36,1,0.9999035099642705
calce_CS2_36,1,0.9999049946851237
calce_CS2_36,1,0.9999064565622731
calce_CS2_36,1,0.9999078959471237
calce_CS2_36,1,0.999909313185676
calce_CS2_36,1,0.9999107086186111
calce_CS2_36,1,0.9999120825813701
calce_CS2_36,1,0.9999134354042362
calce_CS2_36,1,0.9999147674124135
calce_CS2_36,1,0.9999160789261052
calce_CS2_36,1,0.99991737026059
calce_CS2_36,1,0.999918641726298
calce_CS2_36,1,0.9999198936288857
calce_CS2_36,1,0.9999211262693088
calce_CS2_36,1,0.9999223399438945
calce_CS2_36,1,0.9999235349444128
calce_CS2_36,1,0.9999247115581468
calce_CS2_36,1,0.9999258700679606
calce_CS2_36,1,0.9999270107523689
calce_CS2_36,1,0.9999281338856022
calce_CS2_36,1,0.9999292397376739
calce_CS2_36,1,0.9999303285744441
calce_CS2_36,1,0.9999314006576844
calce_CS2_36,1,0.9999324562451398
calce_CS2_36,1,0.9999334955905917
calce_CS2_36,1,0.9999345189439177
calce_CS2_36,1,0.9999355265511524
calce_CS2_36,1,0.9999365186545461
calce_CS2_36,1,0.9999374954926229
calce_CS2_36,1,0.9999384573002386
calce_CS2_36,1,0.9999394043086364
calce_CS2_36,1,0.9999403367455024
calce_CS2_36,1,0.999941254835021
calce_CS2_36,1,0.9999421587979286
calce_CS2_36,1,0.9999430488515653
calce_CS2_36,1,0.9999439252099291
calce_CS2_36,1,0.9999447880837259
calce_CS2_36,1,0.9999456376804207
calce_CS2_36,1,0.9999464742042871
calce_CS2_36,1,0.9999472978564565
calce_CS2_36,1,0.9999481088349668
calce_CS2_36,1,0.9999489073348095
calce_CS2_36,1,0.9999496935479761
calce_CS2_36,1,0.9999504676635059
calce_CS2_36,1,0.9999512298675292
calce_CS2_36,1,0.9999519803433136
calce_CS2_36,1,0.9999527192713074
calce_CS2_36,1,0.9999534468291833
calce_CS2_36,1,0.9999541631918807
calce_CS2_36,1,0.9999548685316478
calce_CS2_36,1,0.9999555630180835
calce_CS2_36,1,0.999956246818177
calce_CS2_36,1,0.9999569200963494
calce_CS2_36,1,0.9999575830144918
calce_CS2_36,1,0.9999582357320054
calce_CS2_36,1,0.9999588784058391
calce_CS2_36,1,0.9999595111905267
calce_CS2_36,1,0.9999601342382259
calce_CS2_36,1,0.9999607476987525
calce_CS2_36,1,0.9999613517196184
calce_CS2_36,1,0.9999619464460656
calce_CS2_36,1,0.9999625320211017
calce_CS2_36,1,0.9999631085855349
calce_CS2_36,1,0.9999636762780063
calce_CS2_36,1,0.9999642352350249
calce_CS2_36,1,0.999964785590999
calce_CS2_36,1,0.9999653274782694
calce_CS2_36,1,0.9999658610271411
calce_CS2_36,1,0.9999663863659138
calce_CS2_36,1,0.9999669036209141
calce_CS2_36,1,0.9999674129165245
calce_CS2_36,1,0.9999679143752142
calce_CS2_36,1,0.9999684081175685
calce_CS2_36,1,0.9999688942623167
calce_CS2_36,1,0.9999693729263625
calce_CS2_36,1,0.9999698442248103
calce_CS2_36,1,0.9999703082709936
calce_CS2_36,1,0.9999707651765031
calce_CS2_36,1,0.9999712150512113
calce_CS2_36,1,0.9999716580033019
calce_CS2_36,1,0.9999720941392927
calce_CS2_36,1,0.9999725235640632
calce_CS2_36,1,0.9999729463808797
calce_CS2_36,1,0.9999733626914198
calce_CS2_36,1,0.9999737725957957
calce_CS2_36,1,0.9999741761925801
calce_CS2_36,1,0.999974573578829
calce_CS2_36,1,0.9999749648501055
calce_CS2_36,1,0.9999753501005016
calce_CS2_36,1,0.9999757294226621
calce_CS2_36,1,0.9999761029078066
calce_CS2_36,1,0.9999764706457506
calce_CS2_36,1,0.9999768327249281
calce_CS2_36,1,0.9999771892324126
calce_CS2_36,1,0.9999775402539376
calce_CS2_36,1,0.9999778858739178
calce_CS2_36,1,0.9999782261754685
calce_CS2_36,1,0.9999785612404272
calce_CS2_36,1,0.9999788911493711
calce_CS2_36,1,0.9999792159816385
calce_CS2_36,1,0.9999795358153467
calce_CS2_36,1,0.9999798507274106
calce_CS2_36,1,0.9999801607935624
calce_CS2_36,1,0.9999804660883691
calce_CS2_36,1,0.9999807666852493
calce_CS2_36,1,0.9999810626564931
calce_CS2_36,1,0.9999813540732782
calce_CS2_36,1,0.9999816410056861
calce_CS2_36,1,0.9999819235227213
calce_CS2_36,1,0.999982201692326
calce_CS2_36,1,0.9999824755813967
calce_CS2_36,1,0.9999827452558011
calce_CS2_36,1,0.9999830107803931
calce_CS2_36,1,0.9999832722190288
calce_CS2_36,1,0.999983529634582
calce_CS2_36,1,0.9999837830889586
calce_CS2_36,1,0.9999840326431125
calce_CS2_36,1,0.9999842783570593
calce_CS2_36,1,0.9999845202898913
calce_CS2_36,1,0.9999847584997916
calce_CS2_36,1,0.9999849930440479
calce_CS2_36,1,0.9999852239790668
calce_CS2_36,1,0.9999854513603863
calce_CS2_36,1,0.9999856752426906
calce_CS2_36,1,0.999985895679822
calce_CS2_36,1,0.9999861127247944
calce_CS2_36,1,0.9999863264298061
calce_CS2_36,1,0.9999865368462518
calce_CS2_36,1,0.9999867440247363
calce_CS2_36,1,0.9999869480150848
calce_CS2_36,1,0.9999871488663562
calce_CS2_36,1,0.9999873466268547
calce_CS2_36,1,0.9999875413441408
calce_CS2_36,1,0.9999877330650436
calce_CS2_36,1,0.9999879218356716
calce_CS2_36,1,0.9999881077014232
calce_CS2_36,1,0.9999882907069993
calce_CS2_36,1,0.9999884708964121
calce_CS2_36,1,0.9999886483129967
calce_CS2_36,1,0.9999888229994218
calce_CS2_36,1,0.9999889949976991
calce_CS2_36,1,0.9999891643491942
calce_CS2_36,1,0.999989331094636
calce_CS2_36,1,0.9999894952741266
calce_CS2_36,1,0.9999896569271515
calce_CS2_36,1,0.9999898160925875
calce_CS2_36,1,0.9999899728087149
calce_CS2_36,1,0.9999901271132233
calce_CS2_36,1,0.9999902790432234
calce_CS2_36,1,0.9999904286352544
calce_CS2_36,1,0.9999905759252934
calce_CS2_36,1,0.9999907209487637
calce_CS2_36,1,0.999990863740544
calce_CS2_36,1,0.9999910043349759
calce_CS2_36,1,0.9999911427658725
calce_CS2_36,1,0.9999912790665269
calce_CS2_36,1,0.9999914132697194
calce_CS2_36,1,0.9999915454077267
calce_CS2_36,1,0.9999916755123281
calce_CS2_36,1,0.999991803614814
calce_CS2_36,1,0.9999919297459939
calce_CS2_36,1,0.9999920539362024
calce_CS2_36,1,0.999992176215308
calce_CS2_36,1,0.9999922966127189
calce_CS2_36,1,0.9999924151573917
calce_CS2_36,1,0.9999925318778363
calce_CS2_36,1,0.9999926468021246
calce_CS2_36,1,0.9999927599578967
calce_CS2_36,1,0.9999928713723668
calce_CS2_36,1,0.9999929810723307
calce_CS2_36,1,0.999993089084172
calce_CS2_36,1,0.9999931954338676
calce_CS2_36,1,0.9999933001469956
calce_CS2_36,1,0.9999934032487399
calce_CS2_36,1,0.9999935047638969
calce_CS2_36,1,0.999993604716882
calce_CS2_36,1,0.999993703131734
calce_CS2_36,1,0.9999938000321226
calce_CS2_36,1,0.9999938954413526
calce_CS2_36,1,0.9999939893823708
calce_CS2_36,1,0.9999940818777708
calce_CS2_36,1,0.9999941729497978
calce_CS2_36,1,0.9999942626203555
calce_CS2_36,1,0.9999943509110104
calce_CS2_36,1,0.9999944378429971
calce_CS2_36,1,0.999994523437223
calce_CS2_36,1,0.9999946077142742
calce_CS2_36,1,0.99999469069442
calce_CS2_36,1,0.9999947723976179
calce_CS2_36,1,0.999994852843518
calce_CS2_36,1,0.9999949320514682
calce_CS2_36,1,0.9999950100405184
calce_CS2_36,1,0.9999950868294258
calce_CS2_36,1,0.999995162436659
calce_CS2_36,1,0.9999952368804015
calce_CS2_36,1,0.9999953101785582
calce_CS2_36,1,0.9999953823487578
calce_CS2_36,1,0.9999954534083576
calce_CS2_36,1,0.9999955233744483
calce_CS2_36,1,0.9999955922638573
calce_CS2_36,1,0.9999956600931527
calce_CS2_36,1,0.9999957268786488
calce_CS2_36,1,0.9999957926364075
calce_CS2_36,1,0.9999958573822445
calce_CS2_36,1,0.9999959211317314
calce_CS2_36,1,0.9999959839002008
calce_CS2_36,1,0.9999960457027489
calce_CS2_36,1,0.9999961065542402
calce_CS2_36,1,0.9999961664693098
calce_CS2_36,1,0.9999962254623677
calce_CS2_36,1,0.9999962835476024
calce_CS2_36,1,0.9999963407389841
calce_CS2_36,1,0.9999963970502678
calce_CS2_36,1,0.9999964524949967
calce_CS2_36,1,0.9999965070865062
calce_CS2_36,1,0.999996560837926
calce_CS2_36,1,0.9999966137621836
calce_CS2_36,1,0.9999966658720083
calce_CS2_36,1,0.9999967171799324
calce_CS2_36,1,0.9999967676982967
calce_CS2_36,1,0.9999968174392507
calce_CS2_36,1,0.9999968664147584
calce_CS2_36,1,0.9999969146365981
calce_CS2_36,1,0.9999969621163683
calce_CS2_36,1,0.9999970088654883
calce_CS2_36,1,0.9999970548952012
calce_CS2_36,1,0.9999971002165783
calce_CS2_36,1,0.9999971448405196
calce_CS2_36,1,0.9999971887777579
calce_CS2_36,1,0.9999972320388602
calce_CS2_36,1,0.9999972746342314
calce_CS2_36,1,0.9999973165741164
calce_CS2_36,1,0.9999973578686019
calce_CS2_36,1,0.99999739852762
calce_CS2_36,1,0.9999974385609494
calce_CS2_36,1,0.9999974779782187
calce_CS2_36,1,0.9999975167889081
calce_CS2_36,1,0.9999975550023522
calce_CS2_36,1,0.9999975926277417
calce_CS2_36,1,0.9999976296741259
calce_CS2_36,1,0.9999976661504147
calce_CS2_36,1,0.9999977020653813
calce_CS2_36,1,0.9999977374276638
calce_CS2_36,1,0.9999977722457671
calce_CS2_36,1,0.9999978065280654
calce_CS2_36,1,0.9999978402828037
calce_CS2_36,1,0.9999978735181008
calce_CS2_36,1,0.9999979062419502
calce_CS2_36,1,0.9999979384622222
calce_CS2_36,1,0.9999979701866663
calce_CS2_36,1,0.9999980014229124
calce_CS2_36,1,0.9999980321784733
calce_CS2_36,1,0.9999980624607463
calce_CS2_36,1,0.9999980922770143
calce_CS2_36,1,0.9999981216344487
calce_CS2_36,1,0.9999981505401104
calce_CS2_36,1,0.9999981790009513
calce_CS2_36,1,0.9999982070238169
calce_CS2_36,1,0.999998234615447
calce_CS2_36,1,0.9999982617824774
calce_CS2_36,1,0.9999982885314426
calce_CS2_36,1,0.9999983148687756
calce_CS2_36,1,0.9999983408008113
calce_CS2_36,1,0.9999983663337862
calce_CS2_36,1,0.9999983914738418
calce_CS2_36,1,0.9999984162270242
calce_CS2_36,1,0.9999984405992871
calce_CS2_36,1,0.9999984645964923
calce_CS2_36,1,0.9999984882244115
calce_CS2_36,1,0.9999985114887272
calce_CS2_35,0,0.25593551360999583
calce_CS2_35,0,0.2596705158540479
calce_CS2_35,0,0.2634407264617758
calce_CS2_35,0,0.267245917197811
calce_CS2_35,0,0.27108584212111864
calce_CS2_35,0,0.2749602374259488
calce_CS2_35,0,0.2788688212981916
calce_CS2_35,0,0.2828112937877527
calce_CS2_35,0,0.2867873366975305
calce_CS2_35,0,0.2907966134895797
calce_CS2_35,0,0.2948387692090181
calce_CS2_35,0,0.29891343042620244
calce_CS2_35,0,0.30302020519770745
calce_CS2_35,0,0.3071586830465843
calce_CS2_35,0,0.31132843496236035
calce_CS2_35,0,0.31552901342123135
calce_CS2_35,0,0.3197599524268323
calce_CS2_35,0,0.3240207675719732
calce_CS2_35,0,0.32831095612167366
calce_CS2_35,0,0.3326299971177948
calce_CS2_35,0,0.33697735150554303
calce_CS2_35,0,0.3413524622820602
calce_CS2_35,0,0.34575475466729333
calce_CS2_35,0,0.35018363629728316
calce_CS2_35,0,0.35463849743996606
calce_CS2_35,0,0.3591187112335493
calce_CS2_35,0,0.36362363394746294
calce_CS2_35,0,0.3681526052658444
calce_CS2_35,0,0.3727049485934787
calce_CS2_35,0,0.3772799713840406
calce_CS2_35,0,0.3818769654904682
calce_CS2_35,0,0.3864952075372207
calce_CS2_35,0,0.3911339593141352
calce_CS2_35,0,0.39579246819154845
calce_CS2_35,0,0.4004699675562949
calce_CS2_35,0,0.40516567726813774
calce_CS2_35,0,0.40987880413615707
calce_CS2_35,0,0.41460854241454564
calce_CS2_35,0,0.4193540743172379
calce_CS2_35,0,0.4241145705507393
calce_CS2_35,0,0.42888919086446414
calce_CS2_35,0,0.43367708461788196
calce_CS2_35,0,0.4384773913636891
calce_CS2_35,0,0.4432892414461949
calce_CS2_35,0,0.44811175661409086
calce_CS2_35,0,0.45294405064669635
calce_CS2_35,0,0.4577852299927731
calce_CS2_35,0,0.46263439442094567
calce_CS2_35,0,0.46749063768073684
calce_CS2_35,0,0.4723530481732102
calce_CS2_35,0,0.4772207096301716
calce_CS2_35,0,0.48209270180086006
calce_CS2_35,0,0.48696810114505273
calce_CS2_35,0,0.4918459815314639
calce_CS2_35,0,0.4967254149403346
calce_CS2_35,0,0.5016054721690724
calce_CS2_35,0,0.5064852235398021
calce_CS2_35,0,0.5113637396076897
calce_CS2_35,0,0.5162400918688889
calce_CS2_35,0,0.5211133534669609
calce_CS2_35,0,0.5259825998966356
calce_CS2_35,0,0.5308469097037709
calce_CS2_35,0,0.5357053651803915
calce_CS2_35,0,0.5405570530537005
calce_CS2_35,0,0.5454010651679604
calce_CS2_35,0,0.5502364991581818
calce_CS2_35,0,0.5550624591145635
calce_CS2_35,0,0.5598780562366524
calce_CS2_35,0,0.5646824094762399
calce_CS2_35,0,0.5694746461680104
calce_CS2_35,0,0.57425390264702
calce_CS2_35,0,0.5790193248521053
calce_CS2_35,0,0.5837700689143457
calce_CS2_35,0,0.5885053017297805
calce_CS2_35,0,0.5932242015155843
calce_CS2_35,0,0.5979259583489567
calce_CS2_35,0,0.6026097746880542
calce_CS2_35,0,0.607274865874294
calce_CS2_35,0,0.6119204606154429
calce_CS2_35,0,0.6165458014489337
calce_CS2_35,0,0.6211501451849009
calce_CS2_35,0,0.62573276332849
calce_CS2_35,0,0.6302929424810295
calce_CS2_35,0,0.6348299847197091
calce_CS2_35,0,0.6393432079554688
calce_CS2_35,0,0.6438319462688333
calce_CS2_35,0,0.6482955502234982
calce_CS2_35,0,0.6527333871575093
calce_CS2_35,0,0.657144841451926
calce_CS2_35,0,0.6615293147769205
calce_CS2_35,0,0.6658862263152989
calce_CS2_35,0,0.6702150129634786
calce_CS2_35,0,0.6745151295100141
calce_CS2_35,0,0.678786048791787
calce_CS2_35,0,0.6830272618280415
calce_CS2_35,0,0.6872382779324714
calce_CS2_35,0,0.6914186248036059
calce_CS2_35,0,0.6955678485937955
calce_CS2_35,0,0.6996855139571152
calce_CS2_35,0,0.7037712040765465
calce_CS2_35,0,0.7078245206708422
calce_CS2_35,0,0.7118450839814813
calce_CS2_35,0,0.7158325327401895
calce_CS2_35,0,0.7197865241174926
calce_CS2_35,0,0.7237067336528078
calce_CS2_35,0,0.7275928551666181
calce_CS2_35,0,0.7314446006552616
calce_CS2_35,0,0.7352617001689199
calce_CS2_35,0,0.7390439016733865
calce_CS2_35,0,0.742790970896216
calce_CS2_35,0,0.7465026911578736
calce_CS2_35,0,0.7501788631885096
calce_CS2_35,0,0.7538193049309908
calce_CS2_35,0,0.7574238513308402
calce_CS2_35,0,0.7609923541137232
calce_CS2_35,0,0.764524681551141
calce_CS2_35,0,0.7680207182149836
calce_CS2_35,0,0.7714803647215921
calce_CS2_35,0,0.7749035374659918
calce_CS2_35,0,0.7782901683469434
calce_CS2_35,0,0.781640204483456
calce_CS2_35,0,0.7849536079234106
calce_CS2_35,0,0.7882303553449216
calce_CS2_35,0,0.7914704377510655
calce_CS2_35,0,0.7946738601585976
calce_CS2_35,0,0.7978406412812544
calce_CS2_35,0,0.8009708132082471
calce_CS2_35,0,0.8040644210785242
calce_CS2_35,0,0.8071215227513713
calce_CS2_35,0,0.8101421884739131
calce_CS2_35,0,0.8131265005460445
calce_CS2_35,0,0.8160745529833348
calce_CS2_35,0,0.8189864511784022
calce_CS2_35,0,0.8218623115612553
calce_CS2_35,0,0.8247022612590837
calce_CS2_35,0,0.8275064377559581
calce_CS2_35,0,0.8302749885528717
calce_CS2_35,0,0.833008070828566
calce_CS2_35,0,0.8357058511015328
calce_CS2_35,0,0.838368504893593
calce_CS2_35,0,0.8409962163954172
calce_CS2_35,0,0.8435891781343458
calce_CS2_35,0,0.8461475906448418
calce_CS2_35,0,0.8486716621418993
calce_CS2_35,0,0.8511616081976986
calce_CS2_35,0,0.8536176514218032
calce_CS2_35,0,0.856040021145152
calce_CS2_35,0,0.8584289531081046
calce_CS2_35,0,0.8607846891527654
calce_CS2_35,0,0.8631074769198042
calce_CS2_35,0,0.86539756954997
calce_CS2_35,0,0.8676552253904859
calce_CS2_35,0,0.869880707706484
calce_CS2_35,0,0.8720742843976428
calce_CS2_35,0,0.874236227720157
calce_CS2_35,0,0.8763668140141674
calce_CS2_35,0,0.8784663234367605
calce_CS2_35,0,0.8805350397006309
calce_CS2_35,0,0.8825732498184949
calce_CS2_35,0,0.8845812438533246
calce_CS2_35,0,0.8865593146744579
calce_CS2_35,0,0.8885077577196404
calce_CS2_35,0,0.890426870763027
calce_CS2_35,0,0.8923169536891745
calce_CS2_35,0,0.8941783082730448
calce_CS2_35,0,0.8960112379660133
calce_CS2_35,0,0.8978160476878949
calce_CS2_35,0,0.8995930436249657
calce_CS2_35,0,0.9013425330339657
calce_CS2_35,0,0.9030648240520549
calce_CS2_35,0,0.9047602255126874
calce_CS2_35,0,0.9064290467673641
calce_CS2_35,0,0.908071597513216
calce_CS2_35,0,0.9096881876263613
calce_CS2_35,0,0.9112791270009825
calce_CS2_35,0,0.9128447253940563
calce_CS2_35,0,0.9143852922756646
calce_CS2_35,0,0.915901136684819
calce_CS2_35,0,0.9173925670907139
calce_CS2_35,0,0.9188598912593334
calce_CS2_35,0,0.920303416125322
calce_CS2_35,0,0.9217234476690329
calce_CS2_35,0,0.9231202907986656
calce_CS2_35,0,0.9244942492373935
calce_CS2_35,0,0.9258456254153924
calce_CS2_35,0,0.9271747203666701
calce_CS2_35,0,0.9284818336305954
calce_CS2_35,0,0.929767263158031
calce_CS2_35,0,0.9310313052219658
calce_CS2_35,0,0.932274254332544
calce_CS2_35,0,0.9334964031563896
calce_CS2_35,0,0.9346980424401211
calce_CS2_35,0,0.9358794609379519
calce_CS2_35,0,0.9370409453432773
calce_CS2_35,0,0.9381827802241341
calce_CS2_35,0,0.9393052479624397
calce_CS2_35,0,0.9404086286969014
calce_CS2_35,0,0.9414932002694925
calce_CS2_35,0,0.942559238175396
calce_CS2_35,0,0.9436070155163119
calce_CS2_35,0,0.944636802957028
calce_CS2_35,0,0.9456488686851556
calce_CS2_35,0,0.9466434783739291
calce_CS2_35,0,0.9476208951479744
calce_CS2_35,0,0.9485813795519484
calce_CS2_35,0,0.9495251895219545
calce_CS2_35,0,0.9504525803596435
calce_CS2_35,0,0.9513638047089022
calce_CS2_35,0,0.9522591125350445
calce_CS2_35,0,0.9531387511064148
calce_CS2_35,0,0.9540029649783126
calce_CS2_35,0,0.9548519959791588
calce_CS2_35,0,0.9556860831988141
calce_CS2_35,0,0.9565054629789691
calce_CS2_35,0,0.957310368905528
calce_CS2_35,0,0.9581010318029022
calce_CS2_35,0,0.9588776797301402
calce_CS2_35,0,0.9596405379788174
calce_CS2_35,0,0.960389829072613
calce_CS2_35,0,0.9611257727684988
calce_CS2_35,0,0.9618485860594753
calce_CS2_35,0,0.9625584831787829
calce_CS2_35,0,0.9632556756055226
calce_CS2_35,0,0.9639403720716216
calce_CS2_35,0,0.9646127785700821
calce_CS2_35,0,0.9652730983644496
calce_CS2_35,0,0.9659215319994437
calce_CS2_35,0,0.9665582773126912
calce_CS2_35,0,0.9671835294475087
calce_CS2_35,0,0.9677974808666763
calce_CS2_35,0,0.9684003213671529
calce_CS2_35,0,0.9689922380956807
calce_CS2_35,0,0.969573415565228
calce_CS2_35,0,0.9701440356722262
calce_CS2_35,0,0.9707042777145505
calce_CS2_35,0,0.9712543184102
calce_CS2_35,0,0.9717943319166391
calce_CS2_35,0,0.9723244898507489
calce_CS2_35,0,0.9728449613093567
calce_CS2_35,0,0.973355912890301
calce_CS2_35,0,0.973857508713993
calce_CS2_35,0,0.9743499104454413
calce_CS2_35,0,0.9748332773167028
calce_CS2_35,0,0.9753077661497263
calce_CS2_35,0,0.9757735313795577
calce_CS2_35,0,0.9762307250778733
calce_CS2_35,0,0.9766794969768143
calce_CS2_35,0,0.9771199944930893
calce_CS2_35,0,0.9775523627523232
calce_CS2_35,0,0.9779767446136186
calce_CS2_35,0,0.9783932806943109
calce_CS2_35,0,0.9788021093948888
calce_CS2_35,0,0.9792033669240575
calce_CS2_35,0,0.9795971873239231
calce_CS2_35,0,0.9799837024952749
calce_CS2_35,0,0.9803630422229481
calce_CS2_35,0,0.9807353342012436
calce_CS2_35,0,0.9811007040593901
calce_CS2_35,0,0.9814592753870256
calce_CS2_35,0,0.981811169759688
calce_CS2_35,0,0.9821565067642909
calce_CS2_35,0,0.9824954040245767
calce_CS2_35,0,0.9828279772265254
calce_CS2_35,0,0.9831543401437106
calce_CS2_35,0,0.9834746046625868
calce_CS2_35,0,0.9837888808076943
calce_CS2_35,0,0.984097276766773
calce_CS2_35,0,0.9843998989157716
calce_CS2_35,0,0.9846968518437414
calce_CS2_35,0,0.9849882383776056
calce_CS2_35,0,0.9852741596067944
calce_CS2_35,0,0.9855547149077363
calce_CS2_35,0,0.9858300019681974
calce_CS2_35,0,0.9861001168114615
calce_CS2_35,0,0.9863651538203426
calce_CS2_35,0,0.9866252057610236
calce_CS2_35,0,0.9868803638067131
calce_CS2_35,0,0.9871307175611171
calce_CS2_35,0,0.9873763550817174
calce_CS2_35,0,0.9876173629028523
calce_CS2_35,0,0.9878538260585946
calce_CS2_35,0,0.9880858281054236
calce_CS2_35,0,0.9883134511446855
calce_CS2_35,0,0.9885367758448372
calce_CS2_35,0,0.9887558814634752
calce_CS2_35,0,0.9889708458691399
calce_CS2_35,0,0.9891817455628966
calce_CS2_35,0,0.9893886556996911
calce_CS2_35,0,0.989591650109473
calce_CS2_35,0,0.9897908013180909
calce_CS2_35,1,0.9899861805679536
calce_CS2_35,1,0.9901778578384555
calce_CS2_35,1,0.9903659018661688
calce_CS2_35,1,0.9905503801647972
calce_CS2_35,1,0.9907313590448931
calce_CS2_35,1,0.990908903633335
calce_CS2_35,1,0.9910830778925671
calce_CS2_35,1,0.9912539446396015
calce_CS2_35,1,0.9914215655647776
calce_CS2_35,1,0.9915860012502867
calce_CS2_35,1,0.9917473111884536
calce_CS2_35,1,0.9919055537997834
calce_CS2_35,1,0.9920607864507675
calce_CS2_35,1,0.992213065471454
calce_CS2_35,1,0.9923624461727811
calce_CS2_35,1,0.9925089828636738
calce_CS2_35,1,0.9926527288679069
calce_CS2_35,1,0.9927937365407347
calce_CS2_35,1,0.9929320572852861
calce_CS2_35,1,0.9930677415687319
calce_CS2_35,1,0.9932008389382189
calce_CS2_35,1,0.9933313980365771
calce_CS2_35,1,0.9934594666178009
calce_CS2_35,1,0.9935850915623035
calce_CS2_35,1,0.9937083188919483
calce_CS2_35,1,0.9938291937848591
calce_CS2_35,1,0.9939477605900093
calce_CS2_35,1,0.994064062841593
calce_CS2_35,1,0.9941781432731803
calce_CS2_35,1,0.9942900438316583
calce_CS2_35,1,0.9943998056909584
calce_CS2_35,1,0.9945074692655748
calce_CS2_35,1,0.9946130742238737
calce_CS2_35,1,0.9947166595011966
calce_CS2_35,1,0.9948182633127592
calce_CS2_35,1,0.9949179231663489
calce_CS2_35,1,0.9950156758748209
calce_CS2_35,1,0.9951115575683993
calce_CS2_35,1,0.9952056037067807
calce_CS2_35,1,0.9952978490910441
calce_CS2_35,1,0.9953883278753726
calce_CS2_35,1,0.995477073578583
calce_CS2_35,1,0.9955641190954712
calce_CS2_35,1,0.995649496707973
calce_CS2_35,1,0.995733238096142
calce_CS2_35,1,0.9958153743489486
calce_CS2_35,1,0.9958959359749013
calce_CS2_35,1,0.9959749529124929
calce_CS2_35,1,0.9960524545404744
calce_CS2_35,1,0.9961284696879558
calce_CS2_35,1,0.9962030266443433
calce_CS2_35,1,0.9962761531691049
calce_CS2_35,1,0.9963478765013762
calce_CS2_35,1,0.9964182233694028
calce_CS2_35,1,0.9964872199998229
calce_CS2_35,1,0.9965548921267946
calce_CS2_35,1,0.9966212650009667
calce_CS2_35,1,0.996686363398296
calce_CS2_35,1,0.9967502116287174
calce_CS2_35,1,0.9968128335446604
calce_CS2_35,1,0.996874252549425
calce_CS2_35,1,0.9969344916054089
calce_CS2_35,1,0.9969935732421955
calce_CS2_35,1,0.9970515195645
calce_CS2_35,1,0.99710835225998
calce_CS2_35,1,0.9971640926069083
calce_CS2_35,1,0.9972187614817123
calce_CS2_35,1,0.9972723793663841
calce_CS2_35,1,0.9973249663557566
calce_CS2_35,1,0.9973765421646568
calce_CS2_35,1,0.9974271261349298
calce_CS2_35,1,0.9974767372423411
calce_CS2_35,1,0.997525394103356
calce_CS2_35,1,0.9975731149817998
calce_CS2_35,1,0.9976199177954003
calce_CS2_35,1,0.9976658201222136
calce_CS2_35,1,0.9977108392069356
calce_CS2_35,1,0.9977549919671019
calce_CS2_35,1,0.9977982949991764
calce_CS2_35,1,0.997840764584531
calce_CS2_35,1,0.9978824166953195
calce_CS2_35,1,0.997923267000245
calce_CS2_35,1,0.9979633308702235
calce_CS2_35,1,0.9980026233839471
calce_CS2_35,1,0.9980411593333455
calce_CS2_35,1,0.9980789532289508
calce_CS2_35,1,0.9981160193051624
calce_CS2_35,1,0.9981523715254207
calce_CS2_35,1,0.9981880235872836
calce_CS2_35,1,0.9982229889274129
calce_CS2_35,1,0.9982572807264687
calce_CS2_35,1,0.9982909119139172
calce_CS2_35,1,0.9983238951727478
calce_CS2_35,1,0.9983562429441074
calce_CS2_35,1,0.9983879674318471
calce_CS2_35,1,0.9984190806069883
calce_CS2_35,1,0.9984495942121056
calce_CS2_35,1,0.9984795197656303
calce_CS2_35,1,0.9985088685660745
calce_CS2_35,1,0.9985376516961779
calce_CS2_35,1,0.9985658800269775
calce_CS2_35,1,0.9985935642218052
calce_CS2_35,1,0.9986207147402073
calce_CS2_35,1,0.998647341841797
calce_CS2_35,1,0.9986734555900307
calce_CS2_35,1,0.9986990658559193
calce_CS2_35,1,0.9987241823216666
calce_CS2_35,1,0.9987488144842441
calce_CS2_35,1,0.9987729716588976
calce_CS2_35,1,0.9987966629825881
calce_CS2_35,1,0.9988198974173713
calce_CS2_35,1,0.9988426837537128
calce_CS2_35,1,0.9988650306137409
calce_CS2_35,1,0.998886946454442
calce_CS2_35,1,0.998908439570792
calce_CS2_35,1,0.9989295180988345
calce_CS2_35,1,0.9989501900186966
calce_CS2_35,1,0.9989704631575531
calce_CS2_35,1,0.9989903451925318
calce_CS2_35,1,0.9990098436535662
calce_CS2_35,1,0.9990289659261953
calce_CS2_35,1,0.999047719254309
calce_CS2_35,1,0.999066110742845
calce_CS2_35,1,0.9990841473604333
calce_CS2_35,1,0.9991018359419903
calce_CS2_35,1,0.9991191831912672
calce_CS2_35,1,0.9991361956833481
calce_CS2_35,1,0.9991528798671017
calce_CS2_35,1,0.9991692420675882
calce_CS2_35,1,0.9991852884884188
calce_CS2_35,1,0.9992010252140734
calce_CS2_35,1,0.9992164582121715
calce_CS2_35,1,0.9992315933357049
calce_CS2_35,1,0.999246436325223
calce_CS2_35,1,0.9992609928109806
calce_CS2_35,1,0.9992752683150448
calce_CS2_35,1,0.9992892682533604
calce_CS2_35,1,0.9993029979377788
calce_CS2_35,1,0.9993164625780451
calce_CS2_35,1,0.9993296672837526
calce_CS2_35,1,0.9993426170662548
calce_CS2_35,1,0.9993553168405466
calce_CS2_35,1,0.9993677714271048
calce_CS2_35,1,0.9993799855536986
calce_CS2_35,1,0.9993919638571617
calce_CS2_35,1,0.9994037108851342
calce_CS2_35,1,0.9994152310977685
calce_CS2_35,1,0.9994265288694058
calce_CS2_35,1,0.9994376084902178
calce_CS2_35,1,0.9994484741678202
calce_CS2_35,1,0.9994591300288536
calce_CS2_35,1,0.9994695801205346
calce_CS2_35,1,0.9994798284121781
calce_CS2_35,1,0.9994898787966909
calce_CS2_35,1,0.9994997350920357
calce_CS2_35,1,0.9995094010426685
calce_CS2_35,1,0.9995188803209474
calce_CS2_35,1,0.9995281765285166
calce_CS2_35,1,0.9995372931976615
calce_CS2_35,1,0.9995462337926402
calce_CS2_35,1,0.9995550017109885
calce_CS2_35,1,0.9995636002848003
calce_CS2_35,1,0.9995720327819836
calce_CS2_35,1,0.9995803024074924
calce_CS2_35,1,0.9995884123045361
calce_CS2_35,1,0.9995963655557643
calce_CS2_35,1,0.9996041651844294
calce_CS2_35,1,0.9996118141555291
calce_CS2_35,1,0.9996193153769231
calce_CS2_35,1,0.9996266717004327
calce_CS2_35,1,0.999633885922916
calce_CS2_35,1,0.9996409607873253
calce_CS2_35,1,0.9996478989837418
calce_CS2_35,1,0.9996547031503928
calce_CS2_35,1,0.9996613758746483
calce_CS2_35,1,0.9996679196939976
calce_CS2_35,1,0.9996743370970099
calce_CS2_35,1,0.999680630524274
calce_CS2_35,1,0.999686802369321
calce_CS2_35,1,0.9996928549795294
calce_CS2_35,1,0.9996987906570128
calce_CS2_35,1,0.9997046116594914
calce_CS2_35,1,0.9997103202011443
calce_CS2_35,1,0.9997159184534491
calce_CS2_35,1,0.9997214085460019
calce_CS2_35,1,0.9997267925673244
calce_CS2_35,1,0.999732072565654
calce_CS2_35,1,0.9997372505497192
calce_CS2_35,1,0.9997423284894993
calce_CS2_35,1,0.9997473083169717
calce_CS2_35,1,0.9997521919268426
calce_CS2_35,1,0.9997569811772643
calce_CS2_35,1,0.9997616778905399
calce_CS2_35,1,0.9997662838538129
calce_CS2_35,1,0.999770800819745
calce_CS2_35,1,0.9997752305071792
calce_CS2_35,1,0.9997795746017915
calce_CS2_35,1,0.9997838347567305
calce_CS2_35,1,0.9997880125932433
calce_CS2_35,1,0.9997921097012896
calce_CS2_35,1,0.9997961276401457
calce_CS2_35,1,0.9998000679389945
calce_CS2_35,1,0.9998039320975058
calce_CS2_35,1,0.9998077215864055
calce_CS2_35,1,0.9998114378480322
calce_CS2_35,1,0.9998150822968854
calce_CS2_35,1,0.9998186563201616
calce_CS2_35,1,0.99982216127828
calce_CS2_35,1,0.9998255985053998
calce_CS2_35,1,0.9998289693099253
calce_CS2_35,1,0.9998322749750028
calce_CS2_35,1,0.9998355167590078
calce_CS2_35,1,0.9998386958960221
calce_CS2_35,1,0.9998418135963025
calce_CS2_35,1,0.99984487104674
calce_CS2_35,1,0.9998478694113104
calce_CS2_35,1,0.9998508098315158
calce_CS2_35,1,0.9998536934268193
calce_CS2_35,1,0.9998565212950683
calce_CS2_35,1,0.9998592945129122
calce_CS2_35,1,0.9998620141362116
calce_CS2_35,1,0.9998646812004386
calce_CS2_35,1,0.9998672967210704
calce_CS2_35,1,0.9998698616939748
calce_CS2_35,1,0.9998723770957888
calce_CS2_35,1,0.999874843884289
calce_CS2_35,1,0.9998772629987561
calce_CS2_35,1,0.9998796353603318
calce_CS2_35,1,0.9998819618723674
calce_CS2_35,1,0.9998842434207689
calce_CS2_35,1,0.9998864808743323
calce_CS2_35,1,0.9998886750850745
calce_CS2_35,1,0.9998908268885565
calce_CS2_35,1,0.999892937104201
calce_CS2_35,1,0.9998950065356049
calce_CS2_35,1,0.9998970359708428
calce_CS2_35,1,0.9998990261827682
calce_CS2_35,1,0.9999009779293064
calce_CS2_35,1,0.9999028919537429
calce_CS2_35,1,0.9999047689850059
calce_CS2_35,1,0.9999066097379438
calce_CS2_35,1,0.999908414913596
calce_CS2_35,1,0.9999101851994603
calce_CS2_35,1,0.9999119212697541
calce_CS2_35,1,0.9999136237856704
calce_CS2_35,1,0.9999152933956299
calce_CS2_35,1,0.9999169307355271
calce_CS2_35,1,0.9999185364289717
calce_CS2_35,1,0.9999201110875268
calce_CS2_35,1,0.9999216553109406
calce_CS2_35,1,0.9999231696873752
calce_CS2_35,1,0.999924654793629
calce_CS2_35,1,0.9999261111953586
calce_CS2_35,1,0.9999275394472904
calce_CS2_35,1,0.9999289400934355
calce_CS2_35,1,0.9999303136672928
calce_CS2_35,1,0.9999316606920556
calce_CS2_35,1,0.9999329816808077
calce_CS2_35,1,0.9999342771367202
calce_CS2_35,1,0.9999355475532424
calce_CS2_35,1,0.9999367934142895
calce_CS2_35,1,0.9999380151944276
calce_CS2_35,1,0.9999392133590521
calce_CS2_35,1,0.9999403883645676
calce_CS2_35,1,0.9999415406585592
calce_CS2_35,1,0.999942670679964
calce_CS2_35,1,0.9999437788592382
calce_CS2_35,1,0.9999448656185201
calce_CS2_35,1,0.9999459313717914
calce_CS2_35,1,0.9999469765250346
calce_CS2_35,1,0.9999480014763875
calce_CS2_35,1,0.9999490066162945
calce_CS2_35,1,0.9999499923276556
calce_CS2_35,1,0.9999509589859716
calce_CS2_35,1,0.9999519069594878
calce_CS2_35,1,0.9999528366093329
calce_CS2_35,1,0.9999537482896577
calce_CS2_35,1,0.9999546423477698
calce_CS2_35,1,0.9999555191242648
calce_CS2_35,1,0.9999563789531565
calce_CS2_35,1,0.9999572221620046
calce_CS2_35,1,0.9999580490720388
calce_CS2_35,1,0.9999588599982807
calce_CS2_35,1,0.9999596552496646
calce_CS2_35,1,0.9999604351291544
calce_CS2_35,1,0.9999611999338598
calce_CS2_35,1,0.9999619499551485
calce_CS2_35,1,0.9999626854787571
calce_CS2_35,1,0.9999634067849006
calce_CS2_35,1,0.9999641141483789
calce_CS2_35,1,0.9999648078386808
calce_CS2_35,1,0.9999654881200875
calce_CS2_35,1,0.9999661552517726
calce_CS2_35,1,0.9999668094879005
calce_CS2_35,1,0.9999674510777242
calce_CS2_35,1,0.9999680802656797
calce_CS2_35,1,0.9999686972914786
calce_CS2_35,1,0.9999693023901999
calce_CS2_35,1,0.9999698957923793
calce_CS2_35,1,0.9999704777240971
calce_CS2_35,1,0.9999710484070647
calce_CS2_35,1,0.9999716080587078
calce_CS2_35,1,0.9999721568922503
calce_CS2_35,1,0.9999726951167957
calce_CS2_35,1,0.9999732229374051
calce_CS2_35,1,0.9999737405551771
calce_CS2_35,1,0.9999742481673239
calce_CS2_35,1,0.9999747459672454
calce_CS2_35,1,0.9999752341446043
calce_CS2_35,1,0.9999757128853973
calce_CS2_35,1,0.9999761823720263
calce_CS2_35,1,0.999976642783368
calce_CS2_35,1,0.999977094294841
calce_CS2_35,1,0.9999775370784754
calce_CS2_35,1,0.9999779713029743
calce_CS2_35,1,0.9999783971337813
calce_CS2_35,1,0.9999788147331422
calce_CS2_35,1,0.9999792242601666
calce_CS2_35,1,0.9999796258708894
calce_CS2_35,1,0.999980019718329
calce_CS2_35,1,0.9999804059525466
calce_CS2_35,1,0.9999807847207031
calce_CS2_35,1,0.9999811561671149
calce_CS2_35,1,0.9999815204333092
calce_CS2_35,1,0.9999818776580772
calce_CS2_35,1,0.9999822279775282
calce_CS2_35,1,0.9999825715251407
calce_CS2_35,1,0.9999829084318123
calce_CS2_35,1,0.9999832388259118
calce_CS2_35,1,0.9999835628333259
calce_CS2_35,1,0.9999838805775085
calce_CS2_35,1,0.9999841921795275
calce_CS2_35,1,0.9999844977581102
calce_CS2_35,1,0.9999847974296895
calce_CS2_35,1,0.9999850913084476
calce_CS2_35,1,0.9999853795063595
calce_CS2_35,1,0.9999856621332361
calce_CS2_35,1,0.9999859392967662
calce_CS2_35,1,0.9999862111025559
calce_CS2_35,1,0.999986477654171
calce_CS2_35,1,0.9999867390531757
calce_CS2_35,1,0.99998699539917
calce_CS2_35,1,0.9999872467898295
calce_CS2_35,1,0.999987493320942
calce_CS2_35,1,0.9999877350864427
calce_CS2_35,1,0.9999879721784524
calce_CS2_35,1,0.9999882046873104
calce_CS2_35,1,0.9999884327016103
calce_CS2_35,1,0.9999886563082332
calce_CS2_35,1,0.9999888755923801
calce_CS2_35,1,0.9999890906376061
calce_CS2_35,1,0.9999893015258509
calce_CS2_35,1,0.9999895083374704
calce_CS2_35,1,0.9999897111512666
calce_CS2_35,1,0.9999899100445192
calce_CS2_35,1,0.9999901050930136
calce_CS2_35,1,0.9999902963710707
calce_CS2_35,1,0.9999904839515743
calce_CS2_35,1,0.999990667906
calce_CS2_35,1,0.9999908483044411
calce_CS2_35,1,0.9999910252156362
calce_CS2_35,1,0.9999911987069957
calce_CS2_35,1,0.9999913688446265
calce_CS2_35,1,0.9999915356933577
calce_CS2_35,1,0.9999916993167653
calce_CS2_35,1,0.9999918597771967
calce_CS2_35,1,0.9999920171357939
calce_CS2_35,1,0.9999921714525167
calce_CS2_35,1,0.9999923227861663
calce_CS2_35,1,0.999992471194407
calce_CS2_35,1,0.9999926167337891
calce_CS2_35,1,0.9999927594597688
calce_CS2_35,1,0.9999928994267312
calce_CS2_35,1,0.9999930366880094
calce_CS2_35,1,0.9999931712959061
calce_CS2_35,1,0.9999933033017127
calce_CS2_35,1,0.9999934327557295
calce_CS2_35,1,0.9999935597072841
calce_CS2_35,1,0.9999936842047507
calce_CS2_35,1,0.9999938062955682
calce_CS2_35,1,0.9999939260262591
calce_CS2_35,1,0.9999940434424462
calce_CS2_35,1,0.9999941585888703
calce_CS2_35,1,0.9999942715094075
calce_CS2_35,1,0.9999943822470859
calce_CS2_35,1,0.9999944908441017
calce_CS2_35,1,0.9999945973418354
calce_CS2_35,1,0.9999947017808677
calce_CS2_35,1,0.9999948042009946
calce_CS2_35,1,0.9999949046412433
calce_CS2_35,1,0.9999950031398861
calce_CS2_35,1,0.9999950997344561
calce_CS2_35,1,0.9999951944617602
calce_CS2_35,1,0.9999952873578943
calce_CS2_35,1,0.999995378458256
calce_CS2_35,1,0.9999954677975595
calce_CS2_35,1,0.999995555409847
calce_CS2_35,1,0.9999956413285036
calce_CS2_35,1,0.9999957255862679
calce_CS2_35,1,0.9999958082152468
calce_CS2_35,1,0.999995889246926
calce_CS2_35,1,0.9999959687121823
calce_CS2_35,1,0.9999960466412963
calce_CS2_35,1,0.9999961230639629
calce_CS2_35,1,0.9999961980093032
calce_CS2_35,1,0.9999962715058746
calce_CS2_35,1,0.9999963435816835
calce_CS2_35,1,0.9999964142641944
calce_CS2_35,1,0.9999964835803408
calce_CS2_35,1,0.9999965515565359
calce_CS2_35,1,0.999996618218682
calce_CS2_35,1,0.9999966835921811
calce_CS2_35,1,0.9999967477019435
calce_CS2_35,1,0.9999968105723986
calce_CS2_35,1,0.9999968722275033
calce_CS2_35,1,0.9999969326907515
calce_CS2_35,1,0.9999969919851827
calce_CS2_35,1,0.9999970501333912
calce_CS2_35,1,0.999997107157535
calce_CS2_35,1,0.9999971630793426
calce_CS2_35,1,0.9999972179201237
calce_CS2_35,1,0.9999972717007752
calce_CS2_35,1,0.9999973244417907
calce_CS2_35,1,0.9999973761632672
calce_CS2_35,1,0.9999974268849134
calce_CS2_35,1,0.999997476626057
calce_CS2_35,1,0.9999975254056518
calce_CS2_35,1,0.9999975732422858
calce_CS2_35,1,0.9999976201541871
calce_CS2_35,1,0.9999976661592319
calce_CS2_35,1,0.9999977112749503
calce_CS2_35,1,0.9999977555185342
calce_CS2_35,1,0.9999977989068423
calce_CS2_35,1,0.9999978414564085
calce_CS2_35,1,0.9999978831834463
calce_CS2_35,1,0.9999979241038558
calce_CS2_35,1,0.9999979642332301
calce_CS2_35,1,0.9999980035868605
calce_CS2_35,1,0.9999980421797431
calce_CS2_35,1,0.9999980800265841
calce_CS2_35,1,0.9999981171418049
calce_CS2_35,1,0.9999981535395482
calce_CS2_35,1,0.9999981892336844
calce_CS2_35,1,0.9999982242378141
calce_CS2_35,1,0.9999982585652764
calce_CS2_35,1,0.9999982922291514
calce_CS2_35,1,0.9999983252422675
calce_CS2_35,1,0.9999983576172042
calce_CS2_35,1,0.9999983893662983
calce_CS2_35,1,0.9999984205016478
calce_CS2_35,1,0.9999984510351173
calce_CS2_35,1,0.9999984809783414
calce_CS2_35,1,0.9999985103427305
calce_CS2_35,1,0.9999985391394739
calce_CS2_35,1,0.9999985673795446
calce_CS2_35,1,0.9999985950737041
calce_CS2_35,1,0.999998622232505
calce_CS2_35,1,0.9999986488662967
calce_CS2_35,1,0.9999986749852279
calce_CS2_35,1,0.9999987005992514
calce_CS2_35,1,0.999998725718128
calce_CS2_35,1,0.9999987503514289
calce_CS2_35,1,0.9999987745085409
calce_CS2_35,1,0.9999987981986694
calce_CS2_35,1,0.9999988214308416
calce_CS2_35,1,0.9999988442139103
calce_CS2_35,1,0.9999988665565573
calce_CS2_35,1,0.9999988884672959
calce_CS2_35,1,0.9999989099544759
calce_CS2_35,1,0.999998931026285
calce_CS2_35,1,0.9999989516907526
calce_CS2_35,1,0.9999989719557533
calce_CS2_35,1,0.999998991829009
calce_CS2_35,1,0.9999990113180923
calce_CS2_35,1,0.9999990304304304
calce_CS2_35,1,0.9999990491733056
calce_CS2_35,1,0.99999906755386
calce_CS2_35,1,0.9999990855790981
calce_CS2_35,1,0.9999991032558883
calce_CS2_35,1,0.9999991205909664
calce_CS2_35,1,0.999999137590938
calce_CS2_35,1,0.9999991542622814
calce_CS2_35,1,0.9999991706113489
calce_CS2_35,1,0.9999991866443708
calce_CS2_35,1,0.9999992023674565
calce_CS2_35,1,0.9999992177865972
calce_CS2_35,1,0.9999992329076688
calce_CS2_35,1,0.9999992477364331
calce_CS2_35,1,0.999999262278541
calce_CS2_35,1,0.9999992765395334
calce_CS2_35,1,0.9999992905248452
calce_CS2_35,1,0.9999993042398048
calce_CS2_35,1,0.999999317689639
calce_CS2_35,1,0.9999993308794729
calce_CS2_35,1,0.9999993438143324
calce_CS2_35,1,0.9999993564991467
calce_CS2_35,1,0.9999993689387493
calce_CS2_35,1,0.9999993811378802
calce_CS2_35,1,0.9999993931011883
calce_CS2_35,1,0.9999994048332322
calce_CS2_35,1,0.9999994163384824
calce_CS2_35,1,0.9999994276213232
calce_CS2_35,1,0.999999438686054
calce_CS2_35,1,0.9999994495368912
calce_CS2_35,1,0.9999994601779695
calce_CS2_35,1,0.9999994706133435
calce_CS2_35,1,0.9999994808469901
calce_CS2_35,1,0.9999994908828088
calce_CS2_35,1,0.9999995007246237
calce_CS2_35,1,0.9999995103761853
calce_CS2_35,1,0.9999995198411712
calce_CS2_35,1,0.9999995291231883
calce_CS2_35,1,0.9999995382257735
calce_CS2_35,1,0.9999995471523956
calce_CS2_35,1,0.9999995559064556
calce_CS2_35,1,0.99999956449129
calce_CS2_35,1,0.9999995729101699
calce_CS2_35,1,0.9999995811663032
calce_CS2_35,1,0.9999995892628362
calce_CS2_35,1,0.999999597202854
calce_CS2_35,1,0.9999996049893821
calce_CS2_35,1,0.9999996126253881
calce_CS2_35,1,0.9999996201137813
calce_CS2_35,1,0.9999996274574152
calce_CS2_35,1,0.9999996346590885
calce_CS2_35,1,0.9999996417215453
calce_CS2_35,1,0.9999996486474767
calce_CS2_35,1,0.9999996554395222
calce_CS2_35,1,0.9999996621002696
calce_CS2_35,1,0.9999996686322571
calce_CS2_35,1,0.9999996750379739
calce_CS2_35,1,0.9999996813198612
calce_CS2_35,1,0.9999996874803121
calce_CS2_35,1,0.9999996935216746
calce_CS2_35,1,0.9999996994462508
calce_CS2_35,1,0.9999997052562981
calce_CS2_35,1,0.9999997109540307
calce_CS2_35,1,0.9999997165416197
calce_CS2_35,1,0.999999722021194
calce_CS2_35,1,0.9999997273948419
calce_CS2_35,1,0.9999997326646113
calce_CS2_35,1,0.99999973783251
calce_CS2_35,1,0.9999997429005073
calce_CS2_35,1,0.9999997478705344
calce_CS2_35,1,0.9999997527444854
calce_CS2_35,1,0.9999997575242172
calce_CS2_35,1,0.9999997622115512
calce_CS2_35,1,0.9999997668082741
calce_CS2_35,1,0.9999997713161367
calce_CS2_35,1,0.9999997757368574
calce_CS2_35,1,0.9999997800721205
calce_CS2_35,1,0.9999997843235781
calce_CS2_35,1,0.9999997884928499
calce_CS2_35,1,0.9999997925815252
calce_CS2_35,1,0.9999997965911617
calce_CS2_35,1,0.9999998005232873
calce_CS2_35,1,0.9999998043794004
calce_CS2_35,1,0.9999998081609703
calce_CS2_35,1,0.9999998118694385
calce_CS2_35,1,0.9999998155062176
calce_CS2_35,1,0.9999998190726936
calce_CS2_35,1,0.9999998225702256
calce_CS2_35,1,0.9999998260001463
calce_CS2_35,1,0.9999998293637626
calce_CS2_35,1,0.9999998326623565
calce_CS2_35,1,0.9999998358971848
calce_CS2_35,1,0.9999998390694799
calce_CS2_35,1,0.9999998421804512
calce_CS2_35,1,0.9999998452312839
calce_CS2_35,1,0.9999998482231404
calce_CS2_35,1,0.9999998511571611
calce_CS2_35,1,0.9999998540344635
calce_CS2_35,1,0.9999998568561445
calce_CS2_35,1,0.9999998596232792
calce_CS2_35,1,0.9999998623369221
calce_CS2_35,1,0.999999864998107
calce_CS2_35,1,0.9999998676078483
calce_CS2_35,1,0.9999998701671402
calce_CS2_35,1,0.9999998726769581
calce_CS2_35,1,0.9999998751382584
calce_CS2_35,1,0.999999877551979
calce_CS2_35,1,0.9999998799190395
calce_CS2_35,1,0.9999998822403421
calce_CS2_35,1,0.9999998845167712
calce_CS2_35,1,0.9999998867491944
calce_CS2_35,1,0.9999998889384621
calce_CS2_35,1,0.999999891085409
calce_CS2_35,1,0.999999893190853
calce_CS2_35,1,0.9999998952555961
calce_CS2_35,1,0.9999998972804255
calce_CS2_35,1,0.9999998992661127
calce_CS2_35,1,0.9999999012134142
calce_CS2_35,1,0.9999999031230721
calce_CS2_35,1,0.999999904995814
calce_CS2_35,1,0.999999906832354
calce_CS2_35,1,0.9999999086333914
calce_CS2_35,1,0.9999999103996127
calce_CS2_35,1,0.9999999121316909
calce_CS2_35,1,0.9999999138302861
calce_CS2_35,1,0.9999999154960455
calce_CS2_35,1,0.9999999171296037
calce_CS2_35,1,0.9999999187315834
calce_CS2_35,1,0.9999999203025952
calce_CS2_35,1,0.9999999218432375
calce_CS2_35,1,0.9999999233540974
calce_CS2_35,1,0.9999999248357504
calce_CS2_35,1,0.9999999262887617
calce_CS2_35,1,0.9999999277136843
calce_CS2_35,1,0.9999999291110618
calce_CS2_35,1,0.9999999304814262
calce_CS2_35,1,0.9999999318253001
calce_CS2_35,1,0.999999933143195
calce_CS2_35,1,0.999999934435614
calce_CS2_35,1,0.9999999357030486
calce_CS2_35,1,0.9999999369459824
calce_CS2_35,1,0.999999938164889
calce_CS2_35,1,0.9999999393602325
calce_CS2_35,1,0.9999999405324689
calce_CS2_35,1,0.9999999416820445
calce_CS2_35,1,0.9999999428093974
calce_CS2_35,1,0.9999999439149574
calce_CS2_35,1,0.9999999449991456
calce_CS2_35,1,0.9999999460623752
calce_CS2_35,1,0.9999999471050512
calce_CS2_35,1,0.9999999481275714
calce_CS2_35,1,0.999999949130325
calce_CS2_35,1,0.999999950113694
calce_CS2_35,1,0.9999999510780537
calce_CS2_35,1,0.9999999520237709
calce_CS2_35,1,0.9999999529512065
calce_CS2_35,1,0.9999999538607137
calce_CS2_35,1,0.999999954752639
calce_CS2_35,1,0.9999999556273225
calce_CS2_35,1,0.9999999564850971
calce_CS2_35,1,0.9999999573262901
calce_CS2_35,1,0.999999958151222
calce_CS2_35,1,0.9999999589602068
calce_CS2_35,1,0.9999999597535533
calce_CS2_35,1,0.999999960531563
calce_CS2_35,1,0.9999999612945333
calce_CS2_35,1,0.9999999620427543
calce_CS2_35,1,0.9999999627765115
calce_CS2_33,0,0.1638582474028364
calce_CS2_33,0,0.1659769618754567
calce_CS2_33,0,0.16811756347916978
calce_CS2_33,1,0.1702801358755029
calce_CS2_33,1,0.17246475919893334
calce_CS2_33,1,0.17467150995443054
calce_CS2_33,1,0.17690046091463285
calce_CS2_33,1,0.17915168101674606
calce_CS2_33,1,0.18142523525922954
calce_CS2_33,1,0.18372118459835488
calce_CS2_33,1,0.1860395858447171
calce_CS2_33,1,0.18838049155978376
calce_CS2_33,1,0.19074394995256666
calce_CS2_33,1,0.19313000477651204
calce_CS2_33,1,0.1955386952266902
calce_CS2_33,1,0.1979700558373926
calce_CS2_33,1,0.20042411638022364
calce_CS2_33,1,0.20290090176278744
calce_CS2_33,1,0.20540043192807958
calce_CS2_33,1,0.20792272175467377
calce_CS2_33,1,0.21046778095782392
calce_CS2_33,1,0.21303561399157853
calce_CS2_33,1,0.2156262199520235
calce_CS2_33,1,0.21823959248176125
calce_CS2_33,1,0.22087571967574685
calce_CS2_33,1,0.2235345839885831
calce_CS2_33,1,0.2262161621434089
calce_CS2_33,1,0.2289204250424802
calce_CS2_33,1,0.23164733767958032
calce_CS2_33,1,0.23439685905436697
calce_CS2_33,1,0.2371689420887843
calce_CS2_33,1,0.23996353354565844
calce_CS2_33,1,0.24278057394960625
calce_CS2_33,1,0.2456199975103675
calce_CS2_33,1,0.24848173204869972
calce_CS2_33,1,0.25136569892494887
calce_CS2_33,1,0.2542718129704191
calce_CS2_33,1,0.2571999824216768
calce_CS2_33,1,0.2601501088578928
calce_CS2_33,1,0.2631220871413652
calce_CS2_33,1,0.2661158053613283
calce_CS2_33,1,0.26913114478117683
calce_CS2_33,1,0.2721679797892196
calce_CS2_33,1,0.2752261778530867
calce_CS2_33,1,0.2783055994778933
calce_CS2_33,1,0.28140609816829176
calce_CS2_33,1,0.28452752039450235
calce_CS2_33,1,0.28766970556245247
calce_CS2_33,1,0.290832485988114
calce_CS2_33,1,0.2940156868761521
calce_CS2_33,1,0.29721912630297903
calce_CS2_33,1,0.3004426152043193
calce_CS2_33,1,0.30368595736736487
calce_CS2_33,1,0.30694894942762346
calce_CS2_33,1,0.3102313808705379
calce_CS2_33,1,0.3135330340379562
calce_CS2_33,1,0.31685368413953763
calce_CS2_33,1,0.32019309926915
calce_CS2_33,1,0.3235510404263439
calce_CS2_33,1,0.32692726154294877
calce_CS2_33,1,0.3303215095148565
calce_CS2_33,1,0.3337335242390362
calce_CS2_33,1,0.33716303865583375
calce_CS2_33,1,0.34060977879657806
calce_CS2_33,1,0.3440734638365483
calce_CS2_33,1,0.3475538061533031
calce_CS2_33,1,0.35105051139041393
calce_CS2_33,1,0.3545632785265978
calce_CS2_33,1,0.3580917999502649
calce_CS2_33,1,0.36163576153947335
calce_CS2_33,1,0.3651948427472915
calce_CS2_33,1,0.36876871669253986
calce_CS2_33,1,0.37235705025590077
calce_CS2_33,1,0.375959504181361
calce_CS2_33,1,0.37957573318294724
calce_CS2_33,1,0.3832053860567195
calce_CS2_33,1,0.3868481057979521
calce_CS2_33,1,0.3905035297234636
calce_CS2_33,1,0.3941712895990109
calce_CS2_33,1,0.3978510117716831
calce_CS2_33,1,0.4015423173072045
calce_CS2_33,1,0.4052448221320698
calce_CS2_33,1,0.40895813718039375
calce_CS2_33,1,0.41268186854539735
calce_CS2_33,1,0.4164156176353907
calce_CS2_33,1,0.4201589813341602
calce_CS2_33,1,0.42391155216561477
calce_CS2_33,1,0.42767291846256916
calce_CS2_33,1,0.43144266453952324
calce_CS2_33,1,0.43522037086929005
calce_CS2_33,1,0.4390056142633238
calce_CS2_33,1,0.442797968055588
calce_CS2_33,1,0.4465970022898022
calce_CS2_33,1,0.4504022839098938
calce_CS2_33,1,0.4542133769534922
calce_CS2_33,1,0.45802984274826614
calce_CS2_33,1,0.4618512401109431
calce_CS2_33,1,0.46567712554880314
calce_CS2_33,1,0.46950705346346533
calce_CS2_33,1,0.4733405763567656
calce_CS2_33,1,0.47717724503852743
calce_CS2_33,1,0.4810166088360188
calce_CS2_33,1,0.48485821580489846
calce_CS2_33,1,0.4887016129414237
calce_CS2_33,1,0.492546346395733
calce_CS2_33,1,0.49639196168596894
calce_CS2_33,1,0.5002380039130404
calce_CS2_33,1,0.504084017975803
calce_CS2_33,1,0.5079295487864425
calce_CS2_33,1,0.5117741414858447
calce_CS2_33,1,0.5156173416587362
calce_CS2_33,1,0.519458695548379
calce_CS2_33,1,0.5232977502706003
calce_CS2_33,1,0.5271340540269553
calce_CS2_33,1,0.5309671563167884
calce_CS2_33,1,0.5347966081480074
calce_CS2_33,1,0.538621962246343
calce_CS2_33,1,0.5424427732628957
calce_CS2_33,1,0.5462585979797658
calce_CS2_33,1,0.550068995513567
calce_CS2_33,1,0.5538735275166237
calce_CS2_33,1,0.5576717583756692
calce_CS2_33,1,0.5614632554078407
calce_CS2_33,1,0.5652475890538069
calce_CS2_33,1,0.569024333067832
calce_CS2_33,1,0.5727930647046131
calce_CS2_33,1,0.5765533649027219
calce_CS2_33,1,0.5803048184644769
calce_CS2_33,1,0.5840470142321099
calce_CS2_33,1,0.5877795452600548
calce_CS2_33,1,0.5915020089832269
calce_CS2_33,1,0.5952140073811495
calce_CS2_33,1,0.5989151471378026
calce_CS2_33,1,0.6026050397970553
calce_CS2_33,1,0.606283301913583
calce_CS2_33,1,0.6099495551991422
calce_CS2_33,1,0.6136034266641094
calce_CS2_33,1,0.617244548754183
calce_CS2_33,1,0.6208725594821627
calce_CS2_33,1,0.6244871025547192
calce_CS2_33,1,0.6280878274940929
calce_CS2_33,1,0.6316743897546335
calce_CS2_33,1,0.635246450834147
calce_CS2_33,1,0.6388036783799789
calce_CS2_33,1,0.6423457462897951
calce_CS2_33,1,0.6458723348070333
calce_CS2_33,1,0.6493831306109774
calce_CS2_33,1,0.6528778269014524
calce_CS2_33,1,0.656356123478109
calce_CS2_33,1,0.6598177268143034
calce_CS2_33,1,0.663262350125558
calce_CS2_33,1,0.6666897134326284
calce_CS2_33,1,0.6700995436191651
calce_CS2_33,1,0.6734915744840181
calce_CS2_33,1,0.6768655467881822
calce_CS2_33,1,0.6802212082964423
calce_CS2_33,1,0.683558313813737
calce_CS2_33,1,0.6868766252162978
calce_CS2_33,1,0.6901759114776077
calce_CS2_33,1,0.6934559486892445
calce_CS2_33,1,0.6967165200766562
calce_CS2_33,1,0.699957416009951
calce_CS2_33,1,0.7031784340097664
calce_CS2_33,1,0.7063793787482884
calce_CS2_33,1,0.7095600620455187
calce_CS2_33,1,0.7127203028608549
calce_CS2_33,1,0.7158599272800923
calce_CS2_33,1,0.7189787684979276
calce_CS2_33,1,0.7220766667960686
calce_CS2_33,1,0.7251534695170458
calce_CS2_33,1,0.7282090310338383
calce_CS2_33,1,0.7312432127154044
calce_CS2_33,1,0.734255882888249
calce_CS2_33,1,0.7372469167941134
calce_CS2_33,1,0.7402161965439263
calce_CS2_33,1,0.743163611068113
calce_CS2_33,1,0.746089056063391
calce_CS2_33,1,0.7489924339361651
calce_CS2_33,1,0.7518736537426504
calce_CS2_33,1,0.7547326311258329
calce_CS2_33,1,0.7575692882494008
calce_CS2_33,1,0.7603835537287646
calce_CS2_33,1,0.7631753625592868
calce_CS2_33,1,0.7659446560418559
calce_CS2_33,1,0.7686913817059091
calce_CS2_33,1,0.7714154932300501
calce_CS2_33,1,0.7741169503603665
calce_CS2_33,1,0.7767957188265809
calce_CS2_33,1,0.7794517702561501
calce_CS2_33,1,0.782085082086444
calce_CS2_33,1,0.7846956374751095
calce_CS2_33,1,0.7872834252087563
calce_CS2_33,1,0.7898484396100639
calce_CS2_33,1,0.792390680443445
calce_CS2_33,1,0.794910152819364
calce_CS2_33,1,0.7974068670974356
calce_CS2_33,1,0.7998808387884064
calce_CS2_33,1,0.8023320884551397
calce_CS2_33,1,0.8047606416126966
calce_CS2_33,1,0.8071665286276347
calce_CS2_33,1,0.809549784616618
calce_CS2_33,1,0.8119104493444389
calce_CS2_33,1,0.8142485671215627
calce_CS2_33,1,0.8165641867012731
calce_CS2_33,1,0.818857361176531
calce_CS2_33,1,0.8211281478766265
calce_CS2_33,1,0.8233766082637181
calce_CS2_33,1,0.825602807829346
calce_CS2_33,1,0.8278068159910015
calce_CS2_33,1,0.829988705988835
calce_CS2_33,1,0.8321485547825858
calce_CS2_33,1,0.8342864429487993
calce_CS2_33,1,0.8364024545784183
calce_CS2_33,1,0.8384966771748096
calce_CS2_33,1,0.8405692015522978
calce_CS2_33,1,0.8426201217352717
calce_CS2_33,1,0.844649534857929
calce_CS2_33,1,0.8466575410647108
calce_CS2_33,1,0.8486442434114951
calce_CS2_33,1,0.850609747767595
calce_CS2_33,1,0.8525541627186193
calce_CS2_33,1,0.854477599470244
calce_CS2_33,1,0.8563801717529393
calce_CS2_33,1,0.8582619957277012
calce_CS2_33,1,0.860123189892828
calce_CS2_33,1,0.8619638749917802
calce_CS2_33,1,0.8637841739221633
calce_CS2_33,1,0.8655842116458681
calce_CS2_33,1,0.8673641151003993
calce_CS2_33,1,0.869124013111428
calce_CS2_33,1,0.8708640363065882
calce_CS2_33,1,0.8725843170305522
calce_CS2_33,1,0.874284989261403
calce_CS2_33,1,0.8759661885283266
calce_CS2_33,1,0.8776280518306467
calce_CS2_33,1,0.8792707175582165
calce_CS2_33,1,0.880894325413184
calce_CS2_33,1,0.8824990163331486
calce_CS2_33,1,0.8840849324157158
calce_CS2_33,1,0.8856522168444645
calce_CS2_33,1,0.8872010138163334
calce_CS2_33,1,0.8887314684704376
calce_CS2_33,1,0.8902437268183144
calce_CS2_33,1,0.8917379356756094
calce_CS2_33,1,0.8932142425952008
calce_CS2_33,1,0.8946727958017651
calce_CS2_33,1,0.8961137441277848
calce_CS2_33,1,0.8975372369509936
calce_CS2_33,1,0.89894342413326
calce_CS2_33,1,0.9003324559609037
calce_CS2_33,1,0.9017044830864385
calce_CS2_33,1,0.9030596564717384
calce_CS2_33,1,0.9043981273326179
calce_CS2_33,1,0.9057200470848181
calce_CS2_33,1,0.9070255672913909
calce_CS2_33,1,0.9083148396114699
calce_CS2_33,1,0.9095880157504169
calce_CS2_33,1,0.9108452474113355
calce_CS2_33,1,0.9120866862479352
calce_CS2_33,1,0.9133124838187343
calce_CS2_33,1,0.914522791542589
calce_CS2_33,1,0.9157177606555352
calce_CS2_33,1,0.9168975421689227
calce_CS2_33,1,0.9180622868288322
calce_CS2_33,1,0.9192121450767573
calce_CS2_33,1,0.9203472670115322
calce_CS2_33,1,0.9214678023524927
calce_CS2_33,1,0.9225739004038492
calce_CS2_33,1,0.9236657100202568
calce_CS2_33,1,0.9247433795735626
calce_CS2_33,1,0.9258070569207131
calce_CS2_33,1,0.9268568893728034
calce_CS2_33,1,0.9278930236652475
calce_CS2_33,1,0.9289156059290533
calce_CS2_33,1,0.9299247816631803
calce_CS2_33,1,0.9309206957079634
calce_CS2_33,1,0.9319034922195838
calce_CS2_33,1,0.9328733146455612
calce_CS2_33,1,0.9338303057012575
calce_CS2_33,1,0.9347746073473647
calce_CS2_33,1,0.93570636076836
calce_CS2_33,1,0.93662570635191
calce_CS2_33,1,0.9375327836691998
calce_CS2_33,1,0.9384277314561738
calce_CS2_33,1,0.9393106875956625
calce_CS2_33,1,0.9401817891003803
calce_CS2_33,1,0.941041172096771
calce_CS2_33,1,0.941888971809686
calce_CS2_33,1,0.9427253225478717
calce_CS2_33,1,0.9435503576902513
calce_CS2_33,1,0.9443642096729764
calce_CS2_33,1,0.9451670099772373
calce_CS2_33,1,0.9459588891178058
calce_CS2_33,1,0.9467399766322957
calce_CS2_33,1,0.9475104010711246
calce_CS2_33,1,0.9482702899881547
calce_CS2_33,1,0.9490197699319967
calce_CS2_33,1,0.9497589664379602
calce_CS2_33,1,0.9504880040206317
calce_CS2_33,1,0.9512070061670628
calce_CS2_33,1,0.9519160953305534
calce_CS2_33,1,0.9526153929250107
calce_CS2_33,1,0.9533050193198694
calce_CS2_33,1,0.9539850938355563
calce_CS2_33,1,0.9546557347394814
calce_CS2_33,1,0.9553170592425447
calce_CS2_33,1,0.9559691834961367
calce_CS2_33,1,0.9566122225896214
calce_CS2_33,1,0.9572462905482874
calce_CS2_33,1,0.9578715003317482
calce_CS2_33,1,0.9584879638327825
calce_CS2_33,1,0.9590957918765955
calce_CS2_33,1,0.9596950942204914
calce_CS2_33,1,0.9602859795539381
calce_CS2_33,1,0.960868555499019
calce_CS2_33,1,0.9614429286112479
calce_CS2_33,1,0.9620092043807447
calce_CS2_33,1,0.962567487233751
calce_CS2_33,1,0.9631178805344797
calce_CS2_33,1,0.9636604865872802
calce_CS2_33,1,0.9641954066391131
calce_CS2_33,1,0.9647227408823198
calce_CS2_33,1,0.965242588457675
calce_CS2_33,1,0.9657550474577131
calce_CS2_33,1,0.9662602149303179
calce_CS2_33,1,0.9667581868825612
calce_CS2_33,1,0.9672490582847849
calce_CS2_33,1,0.9677329230749141
calce_CS2_33,1,0.96820987416299
calce_CS2_33,1,0.9686800034359164
calce_CS2_33,1,0.969143401762408
calce_CS2_33,1,0.9696001589981308
calce_CS2_33,1,0.9700503639910302
calce_CS2_33,1,0.9704941045868299
calce_CS2_33,1,0.9709314676347035
calce_CS2_33,1,0.9713625389931007
calce_CS2_33,1,0.9717874035357279
calce_CS2_33,1,0.9722061451576703
calce_CS2_33,1,0.972618846781651
calce_CS2_33,1,0.9730255903644163
calce_CS2_33,1,0.9734264569032466
calce_CS2_33,1,0.9738215264425764
calce_CS2_33,1,0.9742108780807267
calce_CS2_33,1,0.974594589976735
calce_CS2_33,1,0.9749727393572825
calce_CS2_33,1,0.9753454025237075
calce_CS2_33,1,0.975712654859104
calce_CS2_33,1,0.9760745708354949
calce_CS2_33,1,0.9764312240210776
calce_CS2_33,1,0.9767826870875349
calce_CS2_33,1,0.9771290318174064
calce_CS2_33,1,0.9774703291115147
calce_CS2_33,1,0.9778066489964433
calce_CS2_33,1,0.9781380606320587
calce_CS2_33,1,0.9784646323190738
calce_CS2_33,1,0.978786431506649
calce_CS2_33,1,0.9791035248000228
calce_CS2_33,1,0.9794159779681736
calce_CS2_33,1,0.9797238559515027
calce_CS2_33,1,0.9800272228695386
calce_CS2_33,1,0.9803261420286575
calce_CS2_33,1,0.9806206759298173
calce_CS2_33,1,0.9809108862762973
calce_CS2_33,1,0.9811968339814483
calce_CS2_33,1,0.9814785791764422
calce_CS2_33,1,0.9817561812180214
calce_CS2_33,1,0.9820296986962457
calce_CS2_33,1,0.9822991894422307
calce_CS2_33,1,0.9825647105358798
calce_CS2_33,1,0.9828263183136005
calce_CS2_33,1,0.9830840683760098
calce_CS2_33,1,0.98333801559562
calce_CS2_33,1,0.9835882141245059
calce_CS2_33,1,0.9838347174019517
calce_CS2_33,1,0.9840775781620706
calce_CS2_33,1,0.9843168484414032
calce_CS2_33,1,0.9845525795864835
calce_CS2_33,1,0.9847848222613786
calce_CS2_33,1,0.9850136264551941
calce_CS2_33,1,0.9852390414895486
calce_CS2_33,1,0.9854611160260108
calce_CS2_33,1,0.9856798980735019
calce_CS2_33,1,0.9858954349956593
calce_CS2_33,1,0.9861077735181606
calce_CS2_33,1,0.9863169597360059
calce_CS2_33,1,0.9865230391207609
calce_CS2_33,1,0.9867260565277531
calce_CS2_33,1,0.9869260562032257
calce_CS2_33,1,0.9871230817914451
calce_CS2_33,1,0.9873171763417623
calce_CS2_33,1,0.9875083823156262
calce_CS2_33,1,0.9876967415935479
calce_CS2_33,1,0.9878822954820179
calce_CS2_33,1,0.9880650847203696
calce_CS2_33,1,0.9882451494875953
calce_CS2_33,1,0.9884225294091092
calce_CS2_33,1,0.9885972635634567
calce_CS2_33,1,0.9887693904889732
calce_CS2_33,1,0.9889389481903886
calce_CS2_33,1,0.9891059741453774
calce_CS2_33,1,0.9892705053110544
calce_CS2_33,1,0.9894325781304174
calce_CS2_33,1,0.9895922285387304
calce_CS2_33,1,0.9897494919698572
calce_CS2_33,1,0.9899044033625335
calce_CS2_33,1,0.990056997166586
calce_CS2_33,1,0.9902073073490949
calce_CS2_33,1,0.990355367400498
calce_CS2_33,1,0.99050121034064
calce_CS2_33,1,0.9906448687247633
calce_CS2_33,1,0.9907863746494432
calce_CS2_33,1,0.990925759758464
calce_CS2_33,1,0.9910630552486401
calce_CS2_33,1,0.9911982918755775
calce_CS2_33,1,0.99133149995938
calce_CS2_33,1,0.9914627093902963
calce_CS2_33,1,0.9915919496343124
calce_CS2_33,1,0.9917192497386836
calce_CS2_33,1,0.9918446383374114
calce_CS2_33,1,0.9919681436566635
calce_CS2_33,1,0.9920897935201353
calce_CS2_33,1,0.9922096153543568
calce_CS2_33,1,0.9923276361939405
calce_CS2_33,1,0.9924438826867753
calce_CS2_33,1,0.9925583810991621
calce_CS2_33,1,0.9926711573208941
calce_CS2_33,1,0.9927822368702822
calce_CS2_33,1,0.9928916448991223
calce_CS2_33,1,0.9929994061976105
calce_CS2_33,1,0.9931055451992006
calce_CS2_33,1,0.9932100859854079
calce_CS2_33,1,0.9933130522905583
calce_CS2_33,1,0.993414467506483
calce_CS2_33,1,0.9935143546871593
calce_CS2_33,1,0.9936127365532982
calce_CS2_33,1,0.9937096354968774
calce_CS2_33,1,0.9938050735856234
calce_CS2_33,1,0.9938990725674386
calce_CS2_33,1,0.9939916538747782
calce_CS2_33,1,0.9940828386289737
calce_CS2_33,1,0.9941726476445056
calce_CS2_33,1,0.9942611014332245
calce_CS2_33,1,0.9943482202085219
calce_CS2_33,1,0.9944340238894497
calce_CS2_33,1,0.9945185321047905
calce_CS2_33,1,0.9946017641970779
calce_CS2_33,1,0.994683739226567
calce_CS2_33,1,0.9947644759751579
calce_CS2_33,1,0.9948439929502673
calce_CS2_33,1,0.9949223083886564
calce_CS2_33,1,0.9949994402602065
calce_CS2_33,1,0.9950754062716526
calce_CS2_33,1,0.9951502238702646
calce_CS2_33,1,0.9952239102474866
calce_CS2_33,1,0.9952964823425278
calce_CS2_33,1,0.995367956845909
calce_CS2_33,1,0.9954383502029627
calce_CS2_33,1,0.9955076786172903
calce_CS2_33,1,0.9955759580541734
calce_CS2_33,1,0.9956432042439421
calce_CS2_33,1,0.9957094326852995
calce_CS2_33,1,0.9957746586486044
calce_CS2_33,1,0.9958388971791085
calce_CS2_33,1,0.9959021631001551
calce_CS2_33,1,0.9959644710163337
calce_CS2_33,1,0.9960258353165944
calce_CS2_33,1,0.9960862701773208
calce_CS2_33,1,0.9961457895653625
calce_CS2_33,1,0.9962044072410287
calce_CS2_33,1,0.9962621367610405
calce_CS2_33,1,0.9963189914814458
calce_CS2_33,1,0.9963749845604938
calce_CS2_33,1,0.9964301289614728
calce_CS2_33,1,0.996484437455509
calce_CS2_33,1,0.9965379226243285
calce_CS2_33,1,0.9965905968629809
calce_CS2_33,1,0.9966424723825293
calce_CS2_33,1,0.9966935612127003
calce_CS2_33,1,0.9967438752045004
calce_CS2_33,1,0.9967934260327977
calce_CS2_33,1,0.996842225198866
calce_CS2_33,1,0.9968902840328973
calce_CS2_33,1,0.9969376136964769
calce_CS2_33,1,0.9969842251850282
calce_CS2_33,1,0.9970301293302214
calce_CS2_33,1,0.9970753368023504
calce_CS2_33,1,0.9971198581126769
calce_CS2_33,1,0.9971637036157419
calce_CS2_33,1,0.9972068835116463
calce_CS2_33,1,0.9972494078482994
calce_CS2_33,1,0.9972912865236357
calce_CS2_33,1,0.9973325292878028
calce_CS2_33,1,0.9973731457453168
calce_CS2_33,1,0.9974131453571895
calce_CS2_33,1,0.9974525374430255
calce_CS2_33,1,0.9974913311830901
calce_CS2_33,1,0.997529535620347
calce_CS2_33,1,0.9975671596624704
calce_CS2_33,1,0.9976042120838265
calce_CS2_33,1,0.9976407015274279
calce_CS2_33,1,0.997676636506861
calce_CS2_33,1,0.9977120254081859
calce_CS2_33,1,0.9977468764918102
calce_CS2_33,1,0.9977811978943353
calce_CS2_33,1,0.9978149976303772
calce_CS2_33,1,0.9978482835943622
calce_CS2_33,1,0.9978810635622962
calce_CS2_33,1,0.9979133451935097
calce_CS2_33,1,0.997945136032377
calce_CS2_33,1,0.9979764435100128
calce_CS2_33,1,0.9980072749459428
calce_CS2_33,1,0.9980376375497516
calce_CS2_33,1,0.9980675384227066
calce_CS2_33,1,0.9980969845593596
calce_CS2_33,1,0.9981259828491242
calce_CS2_33,1,0.9981545400778319
calce_CS2_33,1,0.9981826629292648
calce_CS2_33,1,0.9982103579866679
calce_CS2_33,1,0.9982376317342376
calce_CS2_33,1,0.9982644905585907
calce_CS2_33,1,0.9982909407502115
calce_CS2_33,1,0.998316988504878
calce_CS2_33,1,0.9983426399250682
calce_CS2_33,1,0.9983679010213443
calce_CS2_33,1,0.9983927777137204
calce_CS2_33,1,0.9984172758330062
calce_CS2_33,1,0.998441401122135
calce_CS2_33,1,0.9984651592374699
calce_CS2_33,1,0.9984885557500934
calce_CS2_33,1,0.9985115961470752
calce_CS2_33,1,0.9985342858327246
calce_CS2_33,1,0.998556630129824
calce_CS2_33,1,0.9985786342808427
calce_CS2_33,1,0.9986003034491354
calce_CS2_33,1,0.9986216427201221
calce_CS2_33,1,0.9986426571024506
calce_CS2_33,1,0.9986633515291432
calce_CS2_33,1,0.9986837308587247
calce_CS2_33,1,0.998703799876337
calce_CS2_33,1,0.998723563294833
calce_CS2_33,1,0.9987430257558605
calce_CS2_33,1,0.9987621918309234
calce_CS2_33,1,0.9987810660224332
calce_CS2_33,1,0.9987996527647419
calce_CS2_33,1,0.9988179564251606
calce_CS2_33,1,0.998835981304963
calce_CS2_33,1,0.9988537316403749
calce_CS2_33,1,0.9988712116035483
calce_CS2_33,1,0.9988884253035208
calce_CS2_33,1,0.9989053767871635
calce_CS2_33,1,0.9989220700401109
calce_CS2_33,1,0.9989385089876802
calce_CS2_33,1,0.9989546974957769
calce_CS2_33,1,0.9989706393717848
calce_CS2_33,1,0.9989863383654456
calce_CS2_33,1,0.9990017981697238
calce_CS2_33,1,0.999017022421659
calce_CS2_33,1,0.9990320147032069
calce_CS2_33,1,0.9990467785420661
calce_CS2_33,1,0.9990613174124936
calce_CS2_33,1,0.9990756347361085
calce_CS2_33,1,0.9990897338826831
calce_CS2_33,1,0.9991036181709233
calce_CS2_33,1,0.9991172908692356
calce_CS2_33,1,0.9991307551964852
calce_CS2_33,1,0.9991440143227406
calce_CS2_33,1,0.9991570713700089
calce_CS2_33,1,0.9991699294129585
calce_CS2_33,1,0.9991825914796333
calce_CS2_33,1,0.9991950605521538
calce_CS2_33,1,0.9992073395674096
calce_CS2_33,1,0.9992194314177403
calce_CS2_33,1,0.9992313389516083
calce_CS2_33,1,0.9992430649742589
calce_CS2_33,1,0.9992546122483725
calce_CS2_33,1,0.9992659834947066
calce_CS2_33,1,0.9992771813927277
calce_CS2_33,1,0.9992882085812347
calce_CS2_33,1,0.9992990676589725
calce_CS2_33,1,0.999309761185236
calce_CS2_33,1,0.9993202916804664
calce_CS2_33,1,0.9993306616268369
calce_CS2_33,1,0.9993408734688314
calce_CS2_33,1,0.9993509296138127
calce_CS2_33,1,0.9993608324325844
calce_CS2_33,1,0.9993705842599422
calce_CS2_33,1,0.9993801873952182
calce_CS2_33,1,0.9993896441028175
calce_CS2_33,1,0.9993989566127452
calce_CS2_33,1,0.9994081271211271
calce_CS2_33,1,0.9994171577907217
calce_CS2_33,1,0.9994260507514241
calce_CS2_33,1,0.9994348081007646
calce_CS2_33,1,0.9994434319043963
calce_CS2_33,1,0.9994519241965791
calce_CS2_33,1,0.9994602869806534
calce_CS2_33,1,0.9994685222295088
calce_CS2_33,1,0.9994766318860446
calce_CS2_33,1,0.9994846178636235
calce_CS2_33,1,0.9994924820465192
calce_CS2_33,1,0.9995002262903571
calce_CS2_33,1,0.9995078524225468
calce_CS2_33,1,0.9995153622427108
calce_CS2_33,1,0.9995227575231046
calce_CS2_33,1,0.9995300400090317
calce_CS2_33,1,0.9995372114192511
calce_CS2_33,1,0.9995442734463809
calce_CS2_33,1,0.9995512277572929
calce_CS2_33,1,0.9995580759935037
calce_CS2_33,1,0.9995648197715586
calce_CS2_33,1,0.9995714606834109
calce_CS2_33,1,0.9995780002967933
calce_CS2_33,1,0.9995844401555865
calce_CS2_33,1,0.9995907817801799
calce_CS2_33,1,0.9995970266678287
calce_CS2_33,1,0.999603176293004
calce_CS2_33,1,0.9996092321077388
calce_CS2_33,1,0.999615195541968
calce_CS2_33,1,0.9996210680038646
calce_CS2_33,1,0.9996268508801684
calce_CS2_33,1,0.9996325455365125
calce_CS2_33,1,0.9996381533177434
calce_CS2_33,1,0.9996436755482353
calce_CS2_33,1,0.9996491135322026
calce_CS2_33,1,0.9996544685540046
calce_CS2_33,1,0.9996597418784479
calce_CS2_33,1,0.9996649347510816
calce_CS2_33,1,0.999670048398492
calce_CS2_33,1,0.9996750840285885
calce_CS2_33,1,0.9996800428308888
calce_CS2_33,1,0.999684925976797
calce_CS2_33,1,0.9996897346198791
calce_CS2_33,1,0.9996944698961344
calce_CS2_33,1,0.9996991329242622
calce_CS2_33,1,0.9997037248059235
calce_CS2_33,1,0.9997082466260022
calce_CS2_33,1,0.9997126994528571
calce_CS2_33,1,0.9997170843385754
calce_CS2_33,1,0.9997214023192191
calce_CS2_33,1,0.9997256544150683
calce_CS2_33,1,0.9997298416308613
calce_CS2_33,1,0.9997339649560306
calce_CS2_33,1,0.9997380253649364
calce_CS2_33,1,0.9997420238170942
calce_CS2_33,1,0.9997459612574022
calce_CS2_33,1,0.9997498386163622
calce_CS2_33,1,0.999753656810299
calce_CS2_33,1,0.9997574167415764
calce_CS2_33,1,0.9997611192988087
calce_CS2_33,1,0.9997647653570699
calce_CS2_33,1,0.9997683557781004
calce_CS2_33,1,0.9997718914105089
calce_CS2_33,1,0.999775373089973
calce_CS2_33,1,0.9997788016394346
calce_CS2_33,1,0.999782177869295
calce_CS2_33,1,0.9997855025776051
calce_CS2_33,1,0.999788776550253
calce_CS2_33,1,0.9997920005611493
calce_CS2_33,1,0.9997951753724098
calce_CS2_33,1,0.9997983017345344
calce_CS2_33,1,0.9998013803865835
calce_CS2_33,1,0.9998044120563535
calce_CS2_33,1,0.9998073974605461
calce_CS2_33,1,0.9998103373049396
calce_CS2_33,1,0.9998132322845529
calce_CS2_33,1,0.9998160830838109
calce_CS2_33,1,0.9998188903767046
calce_CS2_33,1,0.9998216548269508
calce_CS2_33,1,0.999824377088148
calce_CS2_33,1,0.9998270578039304
calce_CS2_33,1,0.9998296976081202
calce_CS2_33,1,0.9998322971248759
calce_CS2_33,1,0.9998348569688404
calce_CS2_33,1,0.9998373777452857
calce_CS2_33,1,0.999839860050255
calce_CS2_33,1,0.9998423044707041
calce_CS2_33,1,0.999844711584639
calce_CS2_33,1,0.9998470819612527
calce_CS2_33,1,0.9998494161610592
calce_CS2_33,1,0.9998517147360253
calce_CS2_33,1,0.999853978229702
calce_CS2_33,1,0.9998562071773511
calce_CS2_33,1,0.9998584021060726
calce_CS2_33,1,0.9998605635349287
calce_CS2_33,1,0.9998626919750656
calce_CS2_33,1,0.9998647879298354
calce_CS2_33,1,0.9998668518949131
calce_CS2_33,1,0.9998688843584157
calce_CS2_33,1,0.999870885801015
calce_CS2_33,1,0.9998728566960533
calce_CS2_33,1,0.9998747975096526
calce_CS2_33,1,0.9998767087008275
calce_CS2_33,1,0.9998785907215906
calce_CS2_33,1,0.9998804440170609
calce_CS2_33,1,0.9998822690255692
calce_CS2_33,1,0.99988406617876
calce_CS2_33,1,0.9998858359016941
calce_CS2_33,1,0.9998875786129495
calce_CS2_33,1,0.9998892947247197
calce_CS2_33,1,0.9998909846429105
calce_CS2_33,1,0.9998926487672367
calce_CS2_33,1,0.9998942874913158
calce_CS2_33,1,0.9998959012027616
calce_CS2_33,1,0.9998974902832752
calce_CS2_33,1,0.9998990551087347
calce_CS2_33,1,0.9999005960492848
calce_CS2_33,1,0.9999021134694239
calce_CS2_33,1,0.9999036077280903
calce_CS2_33,1,0.9999050791787463
calce_CS2_33,1,0.9999065281694623
calce_CS2_33,1,0.9999079550429992
calce_CS2_33,1,0.9999093601368884
calce_CS2_33,1,0.9999107437835123
calce_CS2_33,1,0.9999121063101827
calce_CS2_33,1,0.9999134480392181
calce_CS2_33,1,0.9999147692880191
calce_CS2_33,1,0.9999160703691446
calce_CS2_33,1,0.9999173515903845
calce_CS2_33,1,0.9999186132548336
calce_CS2_33,1,0.9999198556609614
calce_CS2_33,1,0.999921079102685
calce_CS2_33,1,0.9999222838694363
calce_CS2_33,1,0.9999234702462313
calce_CS2_33,1,0.999924638513738
calce_CS2_33,1,0.9999257889483417
calce_CS2_33,1,0.9999269218222108
calce_CS2_33,1,0.9999280374033613
calce_CS2_33,1,0.9999291359557198
calce_CS2_33,1,0.9999302177391852
calce_CS2_33,1,0.9999312830096921
calce_CS2_33,1,0.9999323320192689
calce_CS2_33,1,0.999933365016099
calce_CS2_33,1,0.9999343822445786
calce_CS2_33,1,0.9999353839453754
calce_CS2_33,1,0.9999363703554839
calce_CS2_33,1,0.9999373417082829
calce_CS2_33,1,0.99993829823359
calce_CS2_33,1,0.9999392401577158
calce_CS2_33,1,0.9999401677035181
calce_CS2_33,1,0.9999410810904533
calce_CS2_33,1,0.9999419805346298
calce_CS2_33,1,0.9999428662488576
calce_CS2_33,1,0.9999437384426995
calce_CS2_33,1,0.9999445973225207
calce_CS2_33,1,0.999945443091537
calce_CS2_33,1,0.9999462759498632
calce_CS2_33,1,0.9999470960945605
calce_CS2_33,1,0.9999479037196826
calce_CS2_33,1,0.9999486990163223
calce_CS2_33,1,0.9999494821726558
calce_CS2_33,1,0.9999502533739879
calce_CS2_33,1,0.9999510128027956
calce_CS2_33,1,0.9999517606387711
calce_CS2_33,1,0.999952497058864
calce_CS2_33,1,0.9999532222373245
calce_CS2_33,1,0.9999539363457421
calce_CS2_33,1,0.9999546395530895
calce_CS2_33,1,0.9999553320257588
calce_CS2_33,1,0.9999560139276041
calce_CS2_33,1,0.9999566854199784
calce_CS2_33,1,0.9999573466617722
calce_CS2_33,1,0.9999579978094513
calce_CS2_33,1,0.9999586390170931
calce_CS2_33,1,0.9999592704364244
calce_CS2_33,1,0.9999598922168554
calce_CS2_33,1,0.9999605045055169
calce_CS2_33,1,0.9999611074472938
calce_CS2_33,1,0.9999617011848595
calce_CS2_33,1,0.9999622858587106
calce_CS2_33,1,0.9999628616071993
calce_CS2_33,1,0.9999634285665654
calce_CS2_33,1,0.9999639868709705
calce_CS2_33,1,0.9999645366525279
calce_CS2_33,1,0.9999650780413349
calce_CS2_33,1,0.9999656111655031
calce_CS2_33,1,0.9999661361511885
calce_CS2_33,1,0.9999666531226223
calce_CS2_33,1,0.9999671622021388
calce_CS2_33,1,0.9999676635102059
calce_CS2_33,1,0.9999681571654526
calce_CS2_33,1,0.9999686432846967
calce_CS2_33,1,0.9999691219829742
calce_CS2_33,1,0.999969593373564
calce_CS2_33,1,0.9999700575680172
calce_CS2_33,1,0.9999705146761814
calce_CS2_33,1,0.9999709648062283
calce_CS2_33,1,0.9999714080646781
calce_CS2_33,1,0.9999718445564253
calce_CS2_33,1,0.9999722743847632
calce_CS2_33,1,0.9999726976514092
calce_CS2_33,1,0.999973114456527
calce_CS2_33,1,0.9999735248987525
calce_CS2_33,1,0.9999739290752155
calce_CS2_33,1,0.9999743270815635
calce_CS2_33,1,0.9999747190119841
calce_CS2_33,1,0.9999751049592269
calce_CS2_33,1,0.9999754850146265
calce_CS2_33,1,0.9999758592681228
calce_CS2_33,1,0.999976227808283
calce_CS2_33,1,0.9999765907223225
calce_CS2_33,1,0.9999769480961256
calce_CS2_33,1,0.9999773000142654
calce_CS2_33,1,0.9999776465600243
calce_CS2_33,1,0.9999779878154135
calce_CS2_33,1,0.9999783238611918
calce_CS2_33,1,0.9999786547768866
calce_CS2_33,1,0.9999789806408099
calce_CS2_33,1,0.9999793015300793
calce_CS2_33,1,0.9999796175206348
calce_CS2_33,1,0.9999799286872576
calce_CS2_33,1,0.9999802351035874
calce_CS2_33,1,0.9999805368421391
calce_CS2_33,1,0.999980833974322
calce_CS2_33,1,0.9999811265704541
calce_CS2_33,1,0.9999814146997811
calce_CS2_33,1,0.999981698430491
calce_CS2_33,1,0.9999819778297311
calce_CS2_33,1,0.999982252963624
calce_CS2_33,1,0.9999825238972826
calce_CS2_33,1,0.9999827906948262
calce_CS2_33,1,0.9999830534193951
calce_CS2_33,1,0.9999833121331659
calce_CS2_33,1,0.9999835668973664
calce_CS2_33,1,0.9999838177722893
calce_CS2_33,1,0.9999840648173067
calce_CS2_33,1,0.9999843080908857
calce_CS2_33,1,0.9999845476505991
calce_CS2_33,1,0.9999847835531425
calce_CS2_33,1,0.9999850158543451
calce_CS2_33,1,0.9999852446091839
calce_CS2_33,1,0.9999854698717975
calce_CS2_33,1,0.999985691695497
calce_CS2_33,1,0.9999859101327806
calce_CS2_33,1,0.9999861252353444
calce_CS2_33,1,0.9999863370540956
calce_CS2_33,1,0.9999865456391648
calce_CS2_33,1,0.9999867510399166
calce_CS2_33,1,0.9999869533049626
calce_CS2_33,1,0.999987152482172
calce_CS2_33,1,0.9999873486186834
calce_CS2_33,1,0.9999875417609161
calce_CS2_33,1,0.9999877319545801
calce_CS2_33,1,0.9999879192446883
calce_CS2_33,1,0.9999881036755661
calce_CS2_33,1,0.9999882852908626
calce_CS2_33,1,0.9999884641335604
calce_CS2_33,1,0.9999886402459854
calce_CS2_33,1,0.9999888136698186
calce_CS2_33,1,0.9999889844461037
calce_CS2_33,1,0.9999891526152582
calce_CS2_33,1,0.9999893182170828
calce_CS2_33,1,0.9999894812907701
calce_CS2_33,1,0.9999896418749149
calce_CS2_33,1,0.999989800007523
calce_CS2_33,1,0.9999899557260192
calce_CS2_33,1,0.9999901090672578
calce_CS2_33,1,0.9999902600675303
calce_CS2_33,1,0.9999904087625738
calce_CS2_33,1,0.9999905551875803
calce_CS2_33,1,0.9999906993772045
calce_CS2_33,1,0.9999908413655718
calce_CS2_33,1,0.9999909811862872
calce_CS2_33,1,0.999991118872442
calce_CS2_33,1,0.9999912544566226
calce_CS2_33,1,0.9999913879709187
calce_CS2_33,1,0.999991519446929
calce_CS2_34,0,0.28213148397982396
calce_CS2_34,0,0.28471331684703466
calce_CS2_34,0,0.2873093204584755
calce_CS2_34,0,0.2899194003126473
calce_CS2_34,0,0.2925434585934168
calce_CS2_34,0,0.29518139416314154
calce_CS2_34,0,0.29783310255721973
calce_CS2_34,0,0.3004984759800925
calce_CS2_34,0,0.3031774033027168
calce_CS2_34,0,0.30586977006154004
calce_CS2_34,0,0.3085754584589922
calce_CS2_34,0,0.31129434736551953
calce_CS2_34,0,0.3140263123231817
calce_CS2_34,0,0.3167712255508257
calce_CS2_34,0,0.3195289559508648
calce_CS2_34,0,0.32229936911766655
calce_CS2_34,0,0.3250823273475806
calce_CS2_34,0,0.3278776896506097
calce_CS2_34,0,0.3306853117637399
calce_CS2_34,0,0.3335050461659488
calce_CS2_34,0,0.33633674209489295
calce_CS2_34,0,0.33918024556529264
calce_CS2_34,0,0.3420353993890178
calce_CS2_34,0,0.34490204319688234
calce_CS2_34,0,0.347780013462157
calce_CS2_34,0,0.3506691435257956
calce_CS2_34,0,0.3535692636233882
calce_CS2_34,0,0.3564802009138352
calce_CS2_34,0,0.35940177950974367
calce_CS2_34,0,0.362333820509547
calce_CS2_34,0,0.365276142031338
calce_CS2_34,0,0.3682285592484183
calce_CS2_34,0,0.37119088442655157
calce_CS2_34,0,0.37416292696291703
calce_CS2_34,0,0.37714449342674694
calce_CS2_34,0,0.3801353876016442
calce_CS2_34,0,0.38313541052956346
calce_CS2_34,0,0.386144360556439
calce_CS2_34,0,0.38916203337944943
calce_CS2_34,0,0.39218822209589205
calce_CS2_34,0,0.39522271725365715
calce_CS2_34,0,0.398265306903277
calce_CS2_34,0,0.4013157766515195
calce_CS2_34,0,0.4043739097165203
calce_CS2_34,0,0.40743948698440574
calce_CS2_34,0,0.41051228706739545
calce_CS2_34,0,0.41359208636335015
calce_CS2_34,0,0.416678659116727
calce_CS2_34,0,0.4197717774809281
calce_CS2_34,0,0.42287121158198515
calce_CS2_34,0,0.42597672958356814
calce_CS2_34,0,0.4290880977532623
calce_CS2_34,0,0.43220508053009005
calce_CS2_34,0,0.4353274405932295
calce_CS2_34,0,0.43845493893189225
calce_CS2_34,0,0.4415873349163205
calce_CS2_34,0,0.4447243863698541
calce_CS2_34,0,0.44786584964203013
calce_CS2_34,0,0.45101147968266614
calce_CS2_34,0,0.4541610301168789
calce_CS2_34,0,0.45731425332099684
calce_CS2_34,0,0.46047090049930645
calce_CS2_34,0,0.4636307217615983
calce_CS2_34,0,0.4667934662014442
calce_CS2_34,0,0.4699588819751723
calce_CS2_34,0,0.4731267163814742
calce_CS2_34,0,0.4762967159415936
calce_CS2_34,0,0.47946862648005184
calce_CS2_34,0,0.4826421932058417
calce_CS2_34,0,0.48581716079404497
calce_CS2_34,0,0.48899327346781957
calce_CS2_34,0,0.49217027508068767
calce_CS2_34,0,0.4953479091990858
calce_CS2_34,0,0.4985259191851045
calce_CS2_34,0,0.5017040482793742
calce_CS2_34,0,0.5048820396840309
calce_CS2_34,0,0.5080596366457097
calce_CS2_34,0,0.5112365825385086
calce_CS2_34,0,0.5144126209468611
calce_CS2_34,0,0.5175874957482695
calce_CS2_34,0,0.5207609511958329
calce_CS2_34,0,0.5239327320005204
calce_CS2_34,0,0.5271025834131305
calce_CS2_34,0,0.5302702513058785
calce_CS2_34,0,0.5334354822535617
calce_CS2_34,0,0.5365980236142446
calce_CS2_34,0,0.5397576236094093
calce_CS2_34,0,0.5429140314035208
calce_CS2_34,0,0.5460669971829464
calce_CS2_34,0,0.5492162722341903
calce_CS2_34,0,0.5523616090213742
calce_CS2_34,0,0.5555027612629347
calce_CS2_34,0,0.5586394840074657
calce_CS2_34,0,0.5617715337086732
calce_CS2_34,0,0.5648986682993907
calce_CS2_34,0,0.5680206472646006
calce_CS2_34,0,0.5711372317134321
calce_CS2_34,0,0.5742481844500736
calce_CS2_34,0,0.5773532700435693
calce_CS2_34,0,0.5804522548964548
calce_CS2_34,0,0.5835449073121856
calce_CS2_34,0,0.5866309975613283
calce_CS2_34,0,0.5897102979464703
calce_CS2_34,0,0.5927825828658154
calce_CS2_34,0,0.5958476288754242
calce_CS2_34,0,0.5989052147500749
calce_CS2_34,0,0.6019551215427057
calce_CS2_34,0,0.6049971326424091
calce_CS2_34,0,0.6080310338309539
calce_CS2_34,0,0.6110566133377989
calce_CS2_34,0,0.6140736618935814
calce_CS2_34,0,0.6170819727820513
calce_CS2_34,1,0.6200813418904286
calce_CS2_34,1,0.6230715677581656
calce_CS2_34,1,0.6260524516240897
calce_CS2_34,1,0.6290237974719166
calce_CS2_34,1,0.6319854120741075
calce_CS2_34,1,0.6349371050340678
calce_CS2_34,1,0.6378786888266638
calce_CS2_34,1,0.6408099788370516
calce_CS2_34,1,0.6437307933978094
calce_CS2_34,1,0.6466409538243598
calce_CS2_34,1,0.6495402844486821
calce_CS2_34,1,0.6524286126513063
calce_CS2_34,1,0.6553057688915844
calce_CS2_34,1,0.6581715867362409
calce_CS2_34,1,0.6610259028861989
calce_CS2_34,1,0.6638685572016849
calce_CS2_34,1,0.6666993927256162
calce_CS2_34,1,0.6695182557052701
calce_CS2_34,1,0.6723249956122492
calce_CS2_34,1,0.6751194651607386
calce_CS2_34,1,0.6779015203240776
calce_CS2_34,1,0.6806710203496401
calce_CS2_34,1,0.6834278277720474
calce_CS2_34,1,0.6861718084247218
calce_CS2_34,1,0.68890283144979
calce_CS2_34,1,0.6916207693063586
calce_CS2_34,1,0.6943254977771739
calce_CS2_34,1,0.6970168959736817
calce_CS2_34,1,0.6996948463395123
calce_CS2_34,1,0.7023592346523991
calce_CS2_34,1,0.7050099500245628
calce_CS2_34,1,0.7076468849015737
calce_CS2_34,1,0.7102699350597208
calce_CS2_34,1,0.7128789996019054
calce_CS2_34,1,0.7154739809520886
calce_CS2_34,1,0.7180547848483135
calce_CS2_34,1,0.7206213203343301
calce_CS2_34,1,0.7231734997498481
calce_CS2_34,1,0.7257112387194458
calce_CS2_34,1,0.7282344561401615
calce_CS2_34,1,0.7307430741677985
calce_CS2_34,1,0.7332370182019673
calce_CS2_34,1,0.7357162168699025
calce_CS2_34,1,0.7381806020090736
calce_CS2_34,1,0.7406301086486335
calce_CS2_34,1,0.7430646749897211
calce_CS2_34,1,0.7454842423846593
calce_CS2_34,1,0.7478887553150796
calce_CS2_34,1,0.750278161368995
calce_CS2_34,1,0.7526524112168669
calce_CS2_34,1,0.7550114585866863
calce_CS2_34,1,0.75735526023811
calce_CS2_34,1,0.7596837759356804
calce_CS2_34,1,0.7619969684211595
calce_CS2_34,1,0.764294803385015
calce_CS2_34,1,0.766577249437085
calce_CS2_34,1,0.7688442780764609
calce_CS2_34,1,0.7710958636606118
calce_CS2_34,1,0.7733319833737925
calce_CS2_34,1,0.7755526171947607
calce_CS2_34,1,0.7777577478638373
calce_CS2_34,1,0.7799473608493431
calce_CS2_34,1,0.7821214443134425
calce_CS2_34,1,0.784279989077425
calce_CS2_34,1,0.7864229885864583
calce_CS2_34,1,0.7885504388738399
calce_CS2_34,1,0.7906623385247841
calce_CS2_34,1,0.7927586886397658
calce_CS2_34,1,0.7948394927974619
calce_CS2_34,1,0.7969047570173107
calce_CS2_34,1,0.7989544897217211
calce_CS2_34,1,0.8009887016979684
calce_CS2_34,1,0.8030074060597873
calce_CS2_34,1,0.8050106182087129
calce_CS2_34,1,0.8069983557951752
calce_CS2_34,1,0.8089706386793907
calce_CS2_34,1,0.8109274888920696
calce_CS2_34,1,0.8128689305949636
calce_CS2_34,1,0.8147949900412865
calce_CS2_34,1,0.8167056955360265
calce_CS2_34,1,0.8186010773961756
calce_CS2_34,1,0.8204811679109054
calce_CS2_34,1,0.822346001301703
calce_CS2_34,1,0.8241956136825
calce_CS2_34,1,0.8260300430198098
calce_CS2_34,1,0.8278493290928983
calce_CS2_34,1,0.8296535134540081
calce_CS2_34,1,0.8314426393886556
calce_CS2_34,1,0.8332167518760252
calce_CS2_34,1,0.8349758975494739
calce_CS2_34,1,0.8367201246571706
calce_CS2_34,1,0.838449483022884
calce_CS2_34,1,0.8401640240069411
calce_CS2_34,1,0.8418638004673697
calce_CS2_34,1,0.8435488667212424
calce_CS2_34,1,0.8452192785062403
calce_CS2_34,1,0.8468750929424473
calce_CS2_34,1,0.8485163684943953
calce_CS2_34,1,0.8501431649333689
calce_CS2_34,1,0.8517555432999876
calce_CS2_34,1,0.8533535658670768
calce_CS2_34,1,0.8549372961028389
calce_CS2_34,1,0.8565067986343401
calce_CS2_34,1,0.8580621392113199
calce_CS2_34,1,0.859603384670338
calce_CS2_34,1,0.8611306028992668
calce_CS2_34,1,0.8626438628021394
calce_CS2_34,1,0.8641432342643642
calce_CS2_34,1,0.8656287881183126
calce_CS2_34,1,0.8671005961092899
calce_CS2_34,1,0.868558730861897
calce_CS2_34,1,0.8700032658467888
calce_CS2_34,1,0.871434275347838
calce_CS2_34,1,0.8728518344297101
calce_CS2_34,1,0.8742560189058557
calce_CS2_34,1,0.8756469053069245
calce_CS2_34,1,0.8770245708496074
calce_CS2_34,1,0.8783890934059123
calce_CS2_34,1,0.8797405514728742
calce_CS2_34,1,0.8810790241427088
calce_CS2_34,1,0.8824045910734062
calce_CS2_34,1,0.8837173324597748
calce_CS2_34,1,0.885017329004935
calce_CS2_34,1,0.886304661892262
calce_CS2_34,1,0.8875794127577847
calce_CS2_34,1,0.888841663663041
calce_CS2_34,1,0.8900914970683871
calce_CS2_34,1,0.8913289958067684
calce_CS2_34,1,0.8925542430579447
calce_CS2_34,1,0.8937673223231785
calce_CS2_34,1,0.8949683174003774
calce_CS2_34,1,0.8961573123596999
calce_CS2_34,1,0.8973343915196158
calce_CS2_34,1,0.8984996394234245
calce_CS2_34,1,0.899653140816231
calce_CS2_34,1,0.9007949806223751
calce_CS2_34,1,0.9019252439233137
calce_CS2_34,1,0.9030440159359567
calce_CS2_34,1,0.9041513819914503
calce_CS2_34,1,0.9052474275144076
calce_CS2_34,1,0.9063322380025864
calce_CS2_34,1,0.9074058990070072
calce_CS2_34,1,0.9084684961125097
calce_CS2_34,1,0.90952011491875
calce_CS2_34,1,0.9105608410216254
calce_CS2_34,1,0.9115907599951348
calce_CS2_34,1,0.912609957373662
calce_CS2_34,1,0.913618518634683
calce_CS2_34,1,0.9146165291818932
calce_CS2_34,1,0.9156040743287489
calce_CS2_34,1,0.9165812392824215
calce_CS2_34,1,0.9175481091281579
calce_CS2_34,1,0.9185047688140434
calce_CS2_34,1,0.9194513031361656
calce_CS2_34,1,0.9203877967241703
calce_CS2_34,1,0.9213143340272077
calce_CS2_34,1,0.9222309993002663
calce_CS2_34,1,0.9231378765908821
calce_CS2_34,1,0.9240350497262294
calce_CS2_34,1,0.9249226023005793
calce_CS2_34,1,0.9258006176631242
calce_CS2_34,1,0.9266691789061657
calce_CS2_34,1,0.9275283688536574
calce_CS2_34,1,0.9283782700500984
calce_CS2_34,1,0.9292189647497748
calce_CS2_34,1,0.9300505349063409
calce_CS2_34,1,0.9308730621627375
calce_CS2_34,1,0.9316866278414409
calce_CS2_34,1,0.932491312935037
calce_CS2_34,1,0.9332871980971177
calce_CS2_34,1,0.9340743636334917
calce_CS2_34,1,0.9348528894937053
calce_CS2_34,1,0.9356228552628696
calce_CS2_34,1,0.9363843401537871
calce_CS2_34,1,0.9371374229993731
calce_CS2_34,1,0.937882182245367
calce_CS2_34,1,0.9386186959433277
calce_CS2_34,1,0.9393470417439093
calce_CS2_34,1,0.9400672968904101
calce_CS2_34,1,0.9407795382125916
calce_CS2_34,1,0.9414838421207612
calce_CS2_34,1,0.9421802846001137
calce_CS2_34,1,0.9428689412053273
calce_CS2_34,1,0.9435498870554088
calce_CS2_34,1,0.9442231968287819
calce_CS2_34,1,0.9448889447586162
calce_CS2_34,1,0.9455472046283889
calce_CS2_34,1,0.9461980497676763
calce_CS2_34,1,0.9468415530481709
calce_CS2_34,1,0.9474777868799168
calce_CS2_34,1,0.948106823207761
calce_CS2_34,1,0.9487287335080151
calce_CS2_34,1,0.9493435887853223
calce_CS2_34,1,0.9499514595697262
calce_CS2_34,1,0.9505524159139344
calce_CS2_34,1,0.9511465273907773
calce_CS2_34,1,0.9517338630908514
calce_CS2_34,1,0.9523144916203476
calce_CS2_34,1,0.9528884810990578
calce_CS2_34,1,0.9534558991585564
calce_CS2_34,1,0.9540168129405514
calce_CS2_34,1,0.9545712890954028
calce_CS2_34,1,0.9551193937808016
calce_CS2_34,1,0.9556611926606087
calce_CS2_34,1,0.9561967509038455
calce_CS2_34,1,0.9567261331838355
calce_CS2_34,1,0.9572494036774931
calce_CS2_34,1,0.9577666260647523
calce_CS2_34,1,0.9582778635281355
calce_CS2_34,1,0.9587831787524563
calce_CS2_34,1,0.9592826339246536
calce_CS2_34,1,0.9597762907337531
calce_CS2_34,1,0.9602642103709519
calce_CS2_34,1,0.9607464535298241
calce_CS2_34,1,0.9612230804066438
calce_CS2_34,1,0.9616941507008201
calce_CS2_34,1,0.9621597236154429
calce_CS2_34,1,0.9626198578579365
calce_CS2_34,1,0.9630746116408155
calce_CS2_34,1,0.9635240426825418
calce_CS2_34,1,0.9639682082084784
calce_CS2_34,1,0.9644071649519389
calce_CS2_34,1,0.9648409691553267
calce_CS2_34,1,0.9652696765713641
calce_CS2_34,1,0.9656933424644049
calce_CS2_34,1,0.9661120216118325
calce_CS2_34,1,0.9665257683055348
calce_CS2_34,1,0.9669346363534596
calce_CS2_34,1,0.9673386790812408
calce_CS2_34,1,0.9677379493339004
calce_CS2_34,1,0.9681324994776169
calce_CS2_34,1,0.968522381401562
calce_CS2_34,1,0.9689076465198011
calce_CS2_34,1,0.9692883457732564
calce_CS2_34,1,0.9696645296317294
calce_CS2_34,1,0.9700362480959803
calce_CS2_34,1,0.970403550699863
calce_CS2_34,1,0.9707664865125128
calce_CS2_34,1,0.9711251041405854
calce_CS2_34,1,0.971479451730543
calce_CS2_34,1,0.9718295769709889
calce_CS2_34,1,0.9721755270950458
calce_CS2_34,1,0.9725173488827759
calce_CS2_34,1,0.9728550886636425
calce_CS2_34,1,0.973188792319011
calce_CS2_34,1,0.9735185052846859
calce_CS2_34,1,0.9738442725534819
calce_CS2_34,1,0.9741661386778317
calce_CS2_34,1,0.9744841477724223
calce_CS2_34,1,0.9747983435168625
calce_CS2_34,1,0.975108769158379
calce_CS2_34,1,0.9754154675145398
calce_CS2_34,1,0.9757184809760017
calce_CS2_34,1,0.9760178515092814
calce_CS2_34,1,0.9763136206595515
calce_CS2_34,1,0.9766058295534539
calce_CS2_34,1,0.976894518901935
calce_CS2_34,1,0.9771797290030988
calce_CS2_34,1,0.9774614997450756
calce_CS2_34,1,0.9777398706089072
calce_CS2_34,1,0.9780148806714473
calce_CS2_34,1,0.9782865686082725
calce_CS2_34,1,0.9785549726966069
calce_CS2_34,1,0.9788201308182581
calce_CS2_34,1,0.9790820804625611
calce_CS2_34,1,0.9793408587293307
calce_CS2_34,1,0.9795965023318244
calce_CS2_34,1,0.9798490475997067
calce_CS2_34,1,0.9800985304820241
calce_CS2_34,1,0.9803449865501811
calce_CS2_34,1,0.9805884510009206
calce_CS2_34,1,0.9808289586593077
calce_CS2_34,1,0.9810665439817146
calce_CS2_34,1,0.9813012410588058
calce_CS2_34,1,0.9815330836185258
calce_CS2_34,1,0.9817621050290828
calce_CS2_34,1,0.9819883383019328
calce_CS2_34,1,0.9822118160947616
calce_CS2_34,1,0.9824325707144634
calce_CS2_34,1,0.9826506341201149
calce_CS2_34,1,0.9828660379259463
calce_CS2_34,1,0.9830788134043069
calce_CS2_34,1,0.9832889914886241
calce_CS2_34,1,0.9834966027763583
calce_CS2_34,1,0.9837016775319474
calce_CS2_34,1,0.9839042456897479
calce_CS2_34,1,0.9841043368569652
calce_CS2_34,1,0.9843019803165758
calce_CS2_34,1,0.9844972050302419
calce_CS2_34,1,0.984690039641214
calce_CS2_34,1,0.9848805124772264
calce_CS2_34,1,0.9850686515533789
calce_CS2_34,1,0.9852544845750112
calce_CS2_34,1,0.9854380389405626
calce_CS2_34,1,0.9856193417444217
calce_CS2_34,1,0.9857984197797645
calce_CS2_34,1,0.9859752995413781
calce_CS2_34,1,0.9861500072284731
calce_CS2_34,1,0.9863225687474819
calce_CS2_34,1,0.9864930097148439
calce_CS2_34,1,0.9866613554597766
calce_CS2_34,1,0.986827631027033
calce_CS2_34,1,0.9869918611796429
calce_CS2_34,1,0.987154070401642
calce_CS2_34,1,0.987314282900784
calce_CS2_34,1,0.9874725226112387
calce_CS2_34,1,0.9876288131962729
calce_CS2_34,1,0.9877831780509178
calce_CS2_34,1,0.9879356403046184
calce_CS2_34,1,0.9880862228238697
calce_CS2_34,1,0.9882349482148317
calce_CS2_34,1,0.9883818388259334
calce_CS2_34,1,0.9885269167504566
calce_CS2_34,1,0.9886702038291036
calce_CS2_34,1,0.988811721652549
calce_CS2_34,1,0.9889514915639729
calce_CS2_34,1,0.9890895346615775
calce_CS2_34,1,0.9892258718010875
calce_CS2_34,1,0.9893605235982302
calce_CS2_34,1,0.9894935104312015
calce_CS2_34,1,0.9896248524431115
calce_CS2_34,1,0.9897545695444135
calce_CS2_34,1,0.9898826814153153
calce_CS2_34,1,0.9900092075081716
calce_CS2_34,1,0.99013416704986
calce_CS2_34,1,0.9902575790441379
calce_CS2_34,1,0.990379462273981
calce_CS2_34,1,0.9904998353039048
calce_CS2_34,1,0.9906187164822678
calce_CS2_34,1,0.9907361239435544
calce_CS2_34,1,0.9908520756106431
calce_CS2_34,1,0.9909665891970542
calce_CS2_34,1,0.9910796822091789
calce_CS2_34,1,0.9911913719484922
calce_CS2_34,1,0.9913016755137454
calce_CS2_34,1,0.991410609803142
calce_CS2_34,1,0.9915181915164938
calce_CS2_34,1,0.991624437157361
calce_CS2_34,1,0.9917293630351716
calce_CS2_34,1,0.991832985267324
calce_CS2_34,1,0.9919353197812717
calce_CS2_34,1,0.9920363823165896
calce_CS2_34,1,0.9921361884270208
calce_CS2_34,1,0.9922347534825077
calce_CS2_34,1,0.9923320926712044
calce_CS2_34,1,0.9924282210014692
calce_CS2_34,1,0.9925231533038428
calce_CS2_34,1,0.9926169042330042
calce_CS2_34,1,0.9927094882697137
calce_CS2_34,1,0.9928009197227343
calce_CS2_34,1,0.9928912127307365
calce_CS2_34,1,0.9929803812641872
calce_CS2_34,1,0.993068439127219
calce_CS2_34,1,0.993155399959482
calce_CS2_34,1,0.9932412772379807
calce_CS2_34,1,0.9933260842788906
calce_CS2_34,1,0.9934098342393586
calce_CS2_34,1,0.9934925401192878
calce_CS2_34,1,0.9935742147631029
calce_CS2_34,1,0.9936548708615
calce_CS2_34,1,0.993734520953179
calce_CS2_34,1,0.9938131774265596
calce_CS2_34,1,0.9938908525214806
calce_CS2_34,1,0.9939675583308816
calce_CS2_34,1,0.9940433068024694
calce_CS2_34,1,0.9941181097403674
calce_CS2_34,1,0.9941919788067487
calce_CS2_34,1,0.9942649255234537
calce_CS2_34,1,0.9943369612735893
calce_CS2_34,1,0.9944080973031153
calce_CS2_34,1,0.9944783447224126
calce_CS2_34,1,0.994547714507836
calce_CS2_34,1,0.9946162175032515
calce_CS2_34,1,0.9946838644215582
calce_CS2_34,1,0.9947506658461951
calce_CS2_34,1,0.99481663223263
calce_CS2_34,1,0.9948817739098366
calce_CS2_34,1,0.9949461010817543
calce_CS2_34,1,0.9950096238287334
calce_CS2_34,1,0.9950723521089646
calce_CS2_34,1,0.9951342957598956
calce_CS2_34,1,0.9951954644996307
calce_CS2_34,1,0.9952558679283172
calce_CS2_34,1,0.9953155155295167
calce_CS2_34,1,0.9953744166715619
calce_CS2_34,1,0.9954325806088997
calce_CS2_34,1,0.9954900164834194
calce_CS2_34,1,0.9955467333257677
calce_CS2_34,1,0.9956027400566475
calce_CS2_34,1,0.995658045488107
calce_CS2_34,1,0.9957126583248106
calce_CS2_34,1,0.9957665871652983
calce_CS2_34,1,0.9958198405032328
calce_CS2_34,1,0.9958724267286301
calce_CS2_34,1,0.9959243541290792
calce_CS2_34,1,0.9959756308909489
calce_CS2_34,1,0.9960262651005782
calce_CS2_34,1,0.9960762647454585
calce_CS2_34,1,0.9961256377153993
calce_CS2_34,1,0.9961743918036827
calce_CS2_34,1,0.9962225347082049
calce_CS2_34,1,0.9962700740326054
calce_CS2_34,1,0.9963170172873838
calce_CS2_34,1,0.9963633718910039
calce_CS2_34,1,0.9964091451709862
calce_CS2_34,1,0.9964543443649887
calce_CS2_34,1,0.9964989766218735
calce_CS2_34,1,0.9965430490027646
calce_CS2_34,1,0.9965865684820918
calce_CS2_34,1,0.9966295419486245
calce_CS2_34,1,0.9966719762064926
calce_CS2_34,1,0.9967138779761961
calce_CS2_34,1,0.9967552538956056
calce_CS2_34,1,0.9967961105209476
calce_CS2_34,1,0.9968364543277831
calce_CS2_34,1,0.996876291711972
calce_CS2_34,1,0.9969156289906279
calce_CS2_34,1,0.9969544724030621
calce_CS2_34,1,0.9969928281117166
calce_CS2_34,1,0.9970307022030876
calce_CS2_34,1,0.9970681006886365
calce_CS2_34,1,0.9971050295056922
calce_CS2_34,1,0.9971414945183432
calce_CS2_34,1,0.9971775015183182
calce_CS2_34,1,0.9972130562258581
calce_CS2_34,1,0.9972481642905768
calce_CS2_34,1,0.9972828312923142
calce_CS2_34,1,0.9973170627419757
calce_CS2_34,1,0.9973508640823664
calce_CS2_34,1,0.9973842406890127
calce_CS2_34,1,0.9974171978709759
calce_CS2_34,1,0.9974497408716558
calce_CS2_34,1,0.9974818748695852
calce_CS2_34,1,0.9975136049792152
calce_CS2_34,1,0.9975449362516914
calce_CS2_34,1,0.9975758736756218
calce_CS2_34,1,0.9976064221778348
calce_CS2_34,1,0.9976365866241282
calce_CS2_34,1,0.997666371820011
calce_CS2_34,1,0.9976957825114354
calce_CS2_34,1,0.9977248233855205
calce_CS2_34,1,0.9977534990712675
calce_CS2_34,1,0.9977818141402671
calce_CS2_34,1,0.9978097731073978
calce_CS2_34,1,0.9978373804315165
calce_CS2_34,1,0.9978646405161413
calce_CS2_34,1,0.9978915577101256
calce_CS2_34,1,0.9979181363083253
calce_CS2_34,1,0.9979443805522563
calce_CS2_34,1,0.997970294630747
calce_CS2_34,1,0.9979958826805808
calce_CS2_34,1,0.9980211487871317
calce_CS2_34,1,0.9980460969849932
calce_CS2_34,1,0.9980707312585987
calce_CS2_34,1,0.9980950555428355
calce_CS2_34,1,0.9981190737236507
calce_CS2_34,1,0.99814278963865
calce_CS2_34,1,0.9981662070776908
calce_CS2_34,1,0.9981893297834655
calce_CS2_34,1,0.9982121614520821
calce_CS2_34,1,0.9982347057336327
calce_CS2_34,1,0.9982569662327595
calce_CS2_34,1,0.9982789465092121
calce_CS2_34,1,0.9983006500783986
calce_CS2_34,1,0.9983220804119308
calce_CS2_34,1,0.9983432409381605
calce_CS2_34,1,0.9983641350427125
calce_CS2_34,1,0.9983847660690098
calce_CS2_34,1,0.9984051373187921
calce_CS2_34,1,0.9984252520526288
calce_CS2_34,1,0.9984451134904256
calce_CS2_34,1,0.9984647248119252
calce_CS2_34,1,0.9984840891572014
calce_CS2_34,1,0.9985032096271486
calce_CS2_34,1,0.9985220892839636
calce_CS2_34,1,0.9985407311516239
calce_CS2_34,1,0.9985591382163573
calce_CS2_34,1,0.9985773134271092
calce_CS2_34,1,0.9985952596960009
calce_CS2_34,1,0.9986129798987856
calce_CS2_34,1,0.9986304768752964
calce_CS2_34,1,0.9986477534298902
calce_CS2_34,1,0.9986648123318861
calce_CS2_34,1,0.9986816563159975
calce_CS2_34,1,0.9986982880827616
calce_CS2_34,1,0.9987147102989595
calce_CS2_34,1,0.9987309255980359
calce_CS2_34,1,0.9987469365805098
calce_CS2_34,1,0.9987627458143833
calce_CS2_34,1,0.9987783558355428
calce_CS2_34,1,0.9987937691481568
calce_CS2_34,1,0.9988089882250696
calce_CS2_34,1,0.998824015508189
calce_CS2_34,1,0.998838853408868
calce_CS2_34,1,0.9988535043082861
calce_CS2_34,1,0.998867970557821
calce_CS2_34,1,0.9988822544794191
calce_CS2_34,1,0.9988963583659608
calce_CS2_34,1,0.9989102844816202
calce_CS2_34,1,0.998924035062222
calce_CS2_34,1,0.9989376123155932
calce_CS2_34,1,0.99895101842191
calce_CS2_34,1,0.998964255534042
calce_CS2_34,1,0.9989773257778906
calce_CS2_34,1,0.9989902312527242
calce_CS2_34,1,0.9990029740315094
calce_CS2_34,1,0.9990155561612376
calce_CS2_34,1,0.9990279796632475
calce_CS2_34,1,0.9990402465335445
calce_CS2_34,1,0.9990523587431158
calce_CS2_34,1,0.9990643182382409
calce_CS2_34,1,0.9990761269407997
calce_CS2_34,1,0.9990877867485753
calce_CS2_34,1,0.9990992995355545
calce_CS2_34,1,0.9991106671522241
calce_CS2_34,1,0.999121891425862
calce_CS2_34,1,0.9991329741608284
calce_CS2_34,1,0.9991439171388498
calce_CS2_34,1,0.9991547221193008
calce_CS2_34,1,0.9991653908394836
calce_CS2_34,1,0.9991759250149017
calce_CS2_34,1,0.9991863263395327
calce_CS2_34,1,0.999196596486096
calce_CS2_34,1,0.9992067371063182
calce_CS2_34,1,0.9992167498311944
calce_CS2_34,1,0.999226636271247
calce_CS2_34,1,0.9992363980167811
calce_CS2_34,1,0.9992460366381367
calce_CS2_34,1,0.9992555536859373
calce_CS2_34,1,0.9992649506913375
calce_CS2_34,1,0.9992742291662634
calce_CS2_34,1,0.9992833906036552
calce_CS2_34,1,0.9992924364777027
calce_CS2_34,1,0.9993013682440798
calce_CS2_34,1,0.9993101873401758
calce_CS2_34,1,0.9993188951853244
calce_CS2_34,1,0.9993274931810274
calce_CS2_34,1,0.9993359827111797
calce_CS2_34,1,0.999344365142288
calce_CS2_34,1,0.9993526418236883
calce_CS2_34,1,0.999360814087761
calce_CS2_34,1,0.999368883250142
calce_CS2_34,1,0.9993768506099329
calce_CS2_34,1,0.999384717449907
calce_CS2_34,1,0.9993924850367144
calce_CS2_34,1,0.9994001546210829
calce_CS2_34,1,0.9994077274380171
calce_CS2_34,1,0.9994152047069956
calce_CS2_34,1,0.9994225876321654
calce_CS2_34,1,0.9994298774025328
calce_CS2_34,1,0.9994370751921542
calce_CS2_34,1,0.9994441821603217
calce_CS2_34,1,0.9994511994517493
calce_CS2_34,1,0.9994581281967548
calce_CS2_34,1,0.99946496951144
calce_CS2_34,1,0.9994717244978685
calce_CS2_34,1,0.9994783942442425
calce_CS2_34,1,0.999484979825075
calce_CS2_34,1,0.9994914823013623
calce_CS2_34,1,0.9994979027207535
calce_CS2_34,1,0.9995042421177162
calce_CS2_34,1,0.9995105015137036
calce_CS2_34,1,0.9995166819173165
calce_CS2_34,1,0.9995227843244646
calce_CS2_34,1,0.9995288097185253
calce_CS2_34,1,0.9995347590705016
calce_CS2_34,1,0.9995406333391759
calce_CS2_34,1,0.9995464334712649
calce_CS2_34,1,0.9995521604015692
calce_CS2_34,1,0.9995578150531245
calce_CS2_34,1,0.9995633983373468
calce_CS2_34,1,0.9995689111541808
calce_CS2_34,1,0.9995743543922418
calce_CS2_34,1,0.999579728928959
calce_CS2_34,1,0.9995850356307149
calce_CS2_34,1,0.9995902753529846
calce_CS2_34,1,0.9995954489404724
calce_CS2_34,1,0.9996005572272473
calce_CS2_34,1,0.9996056010368756
calce_CS2_34,1,0.9996105811825537
calce_CS2_34,1,0.9996154984672379
calce_CS2_34,1,0.9996203536837724
calce_CS2_34,1,0.9996251476150176
calce_CS2_34,1,0.9996298810339739
calce_CS2_34,1,0.9996345547039063
calce_CS2_34,1,0.9996391693784671
calce_CS2_34,1,0.9996437258018153
calce_CS2_34,1,0.999648224708737
calce_CS2_34,1,0.9996526668247627
calce_CS2_34,1,0.999657052866284
calce_CS2_34,1,0.999661383540667
calce_CS2_34,1,0.9996656595463675
calce_CS2_34,1,0.9996698815730417
calce_CS2_34,1,0.9996740503016573
calce_CS2_34,1,0.9996781664046028
calce_CS2_34,1,0.9996822305457943
calce_CS2_34,1,0.9996862433807837
calce_CS2_34,1,0.999690205556862
calce_CS2_34,1,0.9996941177131644
calce_CS2_34,1,0.9996979804807723
calce_CS2_34,1,0.9997017944828149
calce_CS2_34,1,0.999705560334568
calce_CS2_34,1,0.9997092786435545
calce_CS2_34,1,0.9997129500096409
calce_CS2_34,1,0.9997165750251334
calce_CS2_34,1,0.9997201542748729
calce_CS2_34,1,0.9997236883363301
calce_CS2_34,1,0.9997271777796961
calce_CS2_34,1,0.9997306231679763
calce_CS2_34,1,0.9997340250570789
calce_CS2_34,1,0.9997373839959048
calce_CS2_34,1,0.9997407005264362
calce_CS2_34,1,0.999743975183823
calce_CS2_34,1,0.9997472084964691
calce_CS2_34,1,0.9997504009861168
calce_CS2_34,1,0.9997535531679316
calce_CS2_34,1,0.9997566655505836
calce_CS2_34,1,0.9997597386363305
calce_CS2_34,1,0.9997627729210973
calce_CS2_34,1,0.9997657688945565
calce_CS2_34,1,0.9997687270402068
calce_CS2_34,1,0.9997716478354507
calce_CS2_34,1,0.999774531751671
calce_CS2_34,1,0.9997773792543068
calce_CS2_34,1,0.9997801908029287
calce_CS2_34,1,0.9997829668513115
calce_CS2_34,1,0.9997857078475085
calce_CS2_34,1,0.9997884142339225
calce_CS2_34,1,0.999791086447378
calce_CS2_34,1,0.9997937249191897
calce_CS2_34,1,0.999796330075234
calce_CS2_34,1,0.999798902336016
calce_CS2_34,1,0.999801442116737
calce_CS2_34,1,0.9998039498273631
calce_CS2_34,1,0.9998064258726888
calce_CS2_34,1,0.9998088706524033
calce_CS2_34,1,0.9998112845611551
calce_CS2_34,1,0.9998136679886144
calce_CS2_34,1,0.9998160213195371
calce_CS2_34,1,0.9998183449338257
calce_CS2_34,1,0.9998206392065907
calce_CS2_34,1,0.9998229045082113
calce_CS2_34,1,0.9998251412043944
calce_CS2_34,1,0.9998273496562338
calce_CS2_34,1,0.9998295302202682
calce_CS2_34,1,0.9998316832485394
calce_CS2_34,1,0.999833809088647
calce_CS2_34,1,0.9998359080838065
calce_CS2_34,1,0.9998379805729032
calce_CS2_34,1,0.9998400268905471
calce_CS2_34,1,0.9998420473671269
calce_CS2_34,1,0.9998440423288636
calce_CS2_34,1,0.9998460120978615
calce_CS2_34,1,0.999847956992162
calce_CS2_34,1,0.9998498773257937
calce_CS2_34,1,0.9998517734088225
calce_CS2_34,1,0.9998536455474032
calce_CS2_34,1,0.999855494043827
calce_CS2_34,1,0.9998573191965713
calce_CS2_34,1,0.9998591213003476
calce_CS2_34,1,0.9998609006461484
calce_CS2_34,1,0.9998626575212947
calce_CS2_34,1,0.9998643922094822
