cell,y,p_raw,p_iso,p_platt,p_temp
1. BatteryAgingARC-FY08Q4_B0007,1,0.7827365398406982,0.3333333333333333,0.4105758602149026,0.5555253697182319
1. BatteryAgingARC-FY08Q4_B0007,1,0.8687101006507874,0.3333333333333333,0.44015680931971435,0.5814679838382848
1. BatteryAgingARC-FY08Q4_B0007,1,0.8359068632125854,0.3333333333333333,0.428808029395542,0.5703542554539452
1. BatteryAgingARC-FY08Q4_B0007,1,0.942612886428833,0.3333333333333333,0.46593710890508794,0.6194029881466929
1. BatteryAgingARC-FY08Q4_B0007,1,0.942612886428833,0.3333333333333333,0.46593710890508794,0.6194029881466929
1. BatteryAgingARC-FY08Q4_B0007,1,0.3428458273410797,0.24555160142348753,0.27269404593189306,0.47172643040897466
1. BatteryAgingARC-FY08Q4_B0007,1,0.8426364660263062,0.3333333333333333,0.4311305453643391,0.5724804364534205
1. BatteryAgingARC-FY08Q4_B0007,1,0.8656888604164124,0.3333333333333333,0.4391087585423607,0.5803566028709441
1. BatteryAgingARC-FY08Q4_B0007,1,0.9279640913009644,0.3333333333333333,0.46080807427080406,0.6093855501662783
1. BatteryAgingARC-FY08Q4_B0007,1,0.9554232954978943,0.375,0.47042841126593543,0.6302569535486336
1. BatteryAgingARC-FY08Q4_B0007,1,0.9633572697639465,0.59375,0.4732124959182549,0.6385007547063623
1. BatteryAgingARC-FY08Q4_B0007,1,0.9710528254508972,0.8387096774193549,0.47591451201015356,0.6482300079282867
1. BatteryAgingARC-FY08Q4_B0007,1,0.9838939309120178,0.8662753059062656,0.48042626465208293,0.6716307091690661
1. BatteryAgingARC-FY08Q4_B0007,1,0.9843083024024963,0.8753696609385835,0.4805719122049503,0.6726463064578436
1. BatteryAgingARC-FY08Q4_B0007,1,0.928417444229126,0.3333333333333333,0.46096668960918447,0.609667238792245
1. BatteryAgingARC-FY08Q4_B0007,1,0.9833391904830933,0.8541002250251115,0.48023128399365067,0.6703081864227354
1. BatteryAgingARC-FY08Q4_B0007,1,0.9877516031265259,0.8780487804878049,0.4817823243548979,0.6821985242211143
1. BatteryAgingARC-FY08Q4_B0007,1,0.9652073979377747,0.59375,0.4738619642719351,0.6406559009799593
1. BatteryAgingARC-FY08Q4_B0007,1,0.977375864982605,0.8387096774193549,0.47813568149042035,0.6581998056283977
1. BatteryAgingARC-FY08Q4_B0007,1,0.9753506779670715,0.8387096774193549,0.47742417155848416,0.6547542169626798
1. BatteryAgingARC-FY08Q4_B0007,1,0.9791803956031799,0.8387096774193549,0.47876974294826086,0.6615181517538987
1. BatteryAgingARC-FY08Q4_B0007,1,0.9417361617088318,0.3333333333333333,0.4656299245570477,0.6187426459865661
1. BatteryAgingARC-FY08Q4_B0007,1,0.9888247847557068,0.8780487804878049,0.4821596207307079,0.6856884234948942
1. BatteryAgingARC-FY08Q4_B0007,1,0.9820919632911682,0.8387096774193549,0.47979292955169844,0.6674772099880942
1. BatteryAgingARC-FY08Q4_B0007,1,0.9875044226646423,0.8780487804878049,0.4816954265288773,0.6814348549670015
1. BatteryAgingARC-FY08Q4_B0007,1,0.9937333464622498,0.8780487804878049,0.48388556701746344,0.7071443819707035
1. BatteryAgingARC-FY08Q4_B0007,1,0.9764299392700195,0.8387096774193549,0.47780333773480843,0.6565565614852295
1. BatteryAgingARC-FY08Q4_B0007,1,0.9834678173065186,0.8569232425969961,0.48027649332965544,0.670611178736818
1. BatteryAgingARC-FY08Q4_B0007,1,0.9917278289794922,0.8780487804878049,0.4831803390628205,0.696965656929508
1. BatteryAgingARC-FY08Q4_B0007,1,0.9763931035995483,0.8387096774193549,0.47779039619967906,0.6564938066753611
1. BatteryAgingARC-FY08Q4_B0007,1,0.9768810868263245,0.8387096774193549,0.47796184254086865,0.6573325652913689
1. BatteryAgingARC-FY08Q4_B0007,1,0.9899370670318604,0.8780487804878049,0.48255068510865784,0.6896485911746443
1. BatteryAgingARC-FY08Q4_B0007,1,0.9752488732337952,0.8387096774193549,0.4773884068466034,0.6545879712213999
1. BatteryAgingARC-FY08Q4_B0007,1,0.9842616319656372,0.8743453686499896,0.48055550783437373,0.6725306914295701
1. BatteryAgingARC-FY08Q4_B0007,1,0.9786898493766785,0.8387096774193549,0.4785973719036701,0.6605906426223392
1. BatteryAgingARC-FY08Q4_B0007,1,0.9844787120819092,0.8780487804878049,0.4806318105111995,0.6730711690718851
1. BatteryAgingARC-FY08Q4_B0007,1,0.9829006791114807,0.8444760636366243,0.4800771598858984,0.6692912090333012
1. BatteryAgingARC-FY08Q4_B0007,1,0.9688445925712585,0.59375,0.475139019645849,0.6452168703086384
1. BatteryAgingARC-FY08Q4_B0007,1,0.9454910159111023,0.3333333333333333,0.4669457202284124,0.6216361939234468
1. BatteryAgingARC-FY08Q4_B0007,1,0.9596524238586426,0.59375,0.4719122227745047,0.6344679457045013
1. BatteryAgingARC-FY08Q4_B0007,1,0.9719003438949585,0.8387096774193549,0.4762121765614162,0.6494427142054966
1. BatteryAgingARC-FY08Q4_B0007,1,0.9629448056221008,0.59375,0.4730677169277391,0.6380338522977287
1. BatteryAgingARC-FY08Q4_B0007,1,0.9745721220970154,0.8387096774193549,0.4771506653695371,0.6534985627193225
1. BatteryAgingARC-FY08Q4_B0007,1,0.9655122756958008,0.59375,0.47396899700218875,0.6410210436114969
1. BatteryAgingARC-FY08Q4_B0007,1,0.8470167517662048,0.3333333333333333,0.43264390252897467,0.5739028944331487
1. BatteryAgingARC-FY08Q4_B0007,1,0.7959395051002502,0.3333333333333333,0.4150823390994892,0.5589350403258331
1. BatteryAgingARC-FY08Q4_B0007,1,0.8037046194076538,0.3333333333333333,0.41773945431519705,0.5610147022717155
1. BatteryAgingARC-FY08Q4_B0007,1,0.9474316239356995,0.3333333333333333,0.467625939701802,0.6232024744531329
1. BatteryAgingARC-FY08Q4_B0007,1,0.966928243637085,0.59375,0.47446612879640815,0.6427565426875064
1. BatteryAgingARC-FY08Q4_B0007,1,0.9309415221214294,0.3333333333333333,0.46184993655223877,0.6112649638925031
1. BatteryAgingARC-FY08Q4_B0007,1,0.9250264763832092,0.3333333333333333,0.4597804798174791,0.6075972101041808
1. BatteryAgingARC-FY08Q4_B0007,1,0.9118462800979614,0.3333333333333333,0.4551743028753706,0.6002594778155002
1. BatteryAgingARC-FY08Q4_B0007,1,0.9017701745033264,0.3333333333333333,0.4516580583227756,0.5952665435168002
1. BatteryAgingARC-FY08Q4_B0007,1,0.9055073857307434,0.3333333333333333,0.4529616837193595,0.5970647282011232
1. BatteryAgingARC-FY08Q4_B0007,1,0.6965968608856201,0.24555160142348753,0.3815725549316112,0.5360931961021048
1. BatteryAgingARC-FY08Q4_B0007,1,0.7790920734405518,0.3333333333333333,0.40933452373316825,0.5546099311458824
1. BatteryAgingARC-FY08Q4_B0007,1,0.7228228449821472,0.24555160142348753,0.390324126766677,0.5416001795528601
1. BatteryAgingARC-FY08Q4_B0007,1,0.7379361391067505,0.24555160142348753,0.3954000657687984,0.5449144300420543
1. BatteryAgingARC-FY08Q4_B0007,1,0.7464389801025391,0.24555160142348753,0.3982658426619029,0.5468313776819901
1. BatteryAgingARC-FY08Q4_B0007,1,0.6248506903648376,0.24555160142348753,0.35803458028566215,0.5221794395183
1. BatteryAgingARC-FY08Q4_B0007,1,0.5294592380523682,0.24555160142348753,0.3277837799837234,0.5051318557572486
1. BatteryAgingARC-FY08Q4_B0007,1,0.507220447063446,0.24555160142348753,0.32092145993184895,0.501256487740848
1. BatteryAgingARC-FY08Q4_B0007,1,0.4462529718875885,0.24555160142348753,0.3025068312212286,0.49061250979762616
1. BatteryAgingARC-FY08Q4_B0007,1,0.4527283012866974,0.24555160142348753,0.30443413953054915,0.49175053659587553
1. BatteryAgingARC-FY08Q4_B0007,1,0.40868639945983887,0.24555160142348753,0.29146356722645606,0.48393612167591754
1. BatteryAgingARC-FY08Q4_B0007,1,0.13760246336460114,0.24555160142348753,0.2192571512716531,0.4208312486143701
1. BatteryAgingARC-FY08Q4_B0007,1,0.1664227396249771,0.24555160142348753,0.22628318837282305,0.43036599390926555
1. BatteryAgingARC-FY08Q4_B0007,1,0.16830642521381378,0.24555160142348753,0.22674790942512218,0.4309427119105858
1. BatteryAgingARC-FY08Q4_B0007,1,0.09907159954309464,0.19063545150501673,0.21011107470825657,0.4051303902950808
1. BatteryAgingARC-FY08Q4_B0007,1,0.1415438950061798,0.24555160142348753,0.22020868966206422,0.4222238802303469
1. BatteryAgingARC-FY08Q4_B0007,1,0.144781693816185,0.24555160142348753,0.22099257174926454,0.42334475989393255
1. BatteryAgingARC-FY08Q4_B0007,1,0.09357975423336029,0.19063545150501673,0.20883053494901044,0.402486790527106
1. BatteryAgingARC-FY08Q4_B0007,1,0.2856508791446686,0.24555160142348753,0.25701657485896995,0.46021071355600945
1. BatteryAgingARC-FY08Q4_B0007,1,0.36122021079063416,0.24555160142348753,0.277855562389665,0.4752212896861195
1. BatteryAgingARC-FY08Q4_B0007,1,0.3358447253704071,0.24555160142348753,0.27074322215393265,0.47037246427747104
1. BatteryAgingARC-FY08Q4_B0007,1,0.41005194187164307,0.24555160142348753,0.2918608137866982,0.48418155723110695
1. BatteryAgingARC-FY08Q4_B0007,1,0.34272298216819763,0.24555160142348753,0.2726597400756667,0.471702785262925
1. BatteryAgingARC-FY08Q4_B0007,1,0.4054301381111145,0.24555160142348753,0.2905175820289823,0.48334985894335464
1. BatteryAgingARC-FY08Q4_B0007,1,0.2070048600435257,0.24555160142348753,0.23644403862399546,0.4418386185196771
1. BatteryAgingARC-FY08Q4_B0007,1,0.4063946306705475,0.24555160142348753,0.2907975903212223,0.48352365675104453
1. BatteryAgingARC-FY08Q4_B0007,1,0.36637622117996216,0.24555160142348753,0.27931468062518866,0.4761881015814413
1. BatteryAgingARC-FY08Q4_B0007,1,0.446377694606781,0.24555160142348753,0.3025438882183332,0.490634457719691
1. BatteryAgingARC-FY08Q4_B0007,1,0.3781965970993042,0.24555160142348753,0.28267742052397854,0.4783840759982519
1. BatteryAgingARC-FY08Q4_B0007,1,0.23110534250736237,0.24555160142348753,0.2426254719110887,0.4478974489678615
1. BatteryAgingARC-FY08Q4_B0007,1,0.4539925754070282,0.24555160142348753,0.3048112411666954,0.49197240048591834
1. BatteryAgingARC-FY08Q4_B0007,1,0.6378850340843201,0.24555160142348753,0.36226400278967136,0.5246105234385546
1. BatteryAgingARC-FY08Q4_B0007,1,0.18923819065093994,0.24555160142348753,0.23195727591138263,0.43704254268716464
1. BatteryAgingARC-FY08Q4_B0007,1,0.37064212560653687,0.24555160142348753,0.2805254454314619,0.4769838043177591
1. BatteryAgingARC-FY08Q4_B0007,1,0.6789257526397705,0.24555160142348753,0.37571840447945254,0.5325296728781747
1. BatteryAgingARC-FY08Q4_B0007,1,0.2872677743434906,0.24555160142348753,0.25745158232481624,0.46055266987972765
1. BatteryAgingARC-FY08Q4_B0007,1,0.4148653745651245,0.24555160142348753,0.2932636120018062,0.48504480061151245
1. BatteryAgingARC-FY08Q4_B0007,1,0.446377694606781,0.24555160142348753,0.3025438882183332,0.490634457719691
1. BatteryAgingARC-FY08Q4_B0007,1,0.446377694606781,0.24555160142348753,0.3025438882183332,0.490634457719691
1. BatteryAgingARC-FY08Q4_B0007,1,0.3895876705646515,0.24555160142348753,0.2859411329852467,0.48047573872098387
1. BatteryAgingARC-FY08Q4_B0007,1,0.48253440856933594,0.24555160142348753,0.3133936938483464,0.4969596781037442
1. BatteryAgingARC-FY08Q4_B0007,1,0.5948235988616943,0.24555160142348753,0.3483758293523134,0.5166958846018004
1. BatteryAgingARC-FY08Q4_B0007,1,0.7614508867263794,0.2857142857142857,0.4033423704847172,0.5503191945202286
1. BatteryAgingARC-FY08Q4_B0007,1,0.8265971541404724,0.3333333333333333,0.4256002519846629,0.5675213929833468
1. BatteryAgingARC-FY08Q4_B0007,1,0.8190640807151794,0.3333333333333333,0.4230092002078863,0.565312879353941
1. BatteryAgingARC-FY08Q4_B0007,1,0.7398538589477539,0.24555160142348753,0.3960457896708748,0.5453433153494579
1. BatteryAgingARC-FY08Q4_B0007,1,0.8697502613067627,0.3333333333333333,0.4405177590180183,0.5818554404324252
1. BatteryAgingARC-FY08Q4_B0007,1,0.8697502613067627,0.3333333333333333,0.4405177590180183,0.5818554404324252
1. BatteryAgingARC-FY08Q4_B0007,1,0.8697502613067627,0.3333333333333333,0.4405177590180183,0.5818554404324252
1. BatteryAgingARC-FY08Q4_B0007,1,0.7074254155158997,0.24555160142348753,0.38517707401082407,0.5383327132505238
1. BatteryAgingARC-FY08Q4_B0007,1,0.8621682524681091,0.3333333333333333,0.43788816546372733,0.5790868622973111
1. BatteryAgingARC-FY08Q4_B0007,1,0.7651150822639465,0.2857142857142857,0.4045846742729119,0.5511923201560265
1. BatteryAgingARC-FY08Q4_B0007,1,0.944233775138855,0.3333333333333333,0.4665050992099464,0.6206479780994391
1. BatteryAgingARC-FY08Q4_B0007,1,0.9313862919807434,0.3333333333333333,0.46200559920988693,0.611551833206356
1. BatteryAgingARC-FY08Q4_B0007,1,0.9480555653572083,0.3333333333333333,0.4678446685515083,0.6237171137734147
1. BatteryAgingARC-FY08Q4_B0007,1,0.9269121885299683,0.3333333333333333,0.4604400739346257,0.608737925164935
1. BatteryAgingARC-FY08Q4_B0007,1,0.9442583322525024,0.3333333333333333,0.466513705162288,0.620667088285717
1. BatteryAgingARC-FY08Q4_B0007,1,0.9470460414886475,0.3333333333333333,0.4674907761682143,0.6228871780110703
1. BatteryAgingARC-FY08Q4_B0007,1,0.9592815041542053,0.59375,0.47178206344239715,0.6340829636141756
1. BatteryAgingARC-FY08Q4_B0007,1,0.9734668135643005,0.8387096774193549,0.47676239474897736,0.6517753012854725
1. BatteryAgingARC-FY08Q4_B0007,1,0.9727098345756531,0.8387096774193549,0.4764965008242368,0.6506327602124268
1. BatteryAgingARC-FY08Q4_B0007,1,0.9742555022239685,0.8387096774193549,0.4770394409166287,0.6529980025534218
1. BatteryAgingARC-FY08Q4_B0007,1,0.9934950470924377,0.8780487804878049,0.48380176708670847,0.7057890270628661
1. BatteryAgingARC-FY08Q4_B0007,1,0.9932945370674133,0.8780487804878049,0.4837312567949726,0.7046835900351178
1. BatteryAgingARC-FY08Q4_B0007,1,0.9920793175697327,0.8780487804878049,0.48330393311320213,0.6985719730050349
1. BatteryAgingARC-FY08Q4_B0007,1,0.9740288257598877,0.8387096774193549,0.47695981381421393,0.652643101483574
1. BatteryAgingARC-FY08Q4_B0007,1,0.8886675238609314,0.3333333333333333,0.44709290517202044,0.5893904720357239
1. BatteryAgingARC-FY08Q4_B0007,1,0.9742092490196228,0.8387096774193549,0.477023192956488,0.6529253526540727
1. BatteryAgingARC-FY08Q4_B0007,1,0.9934950470924377,0.8780487804878049,0.48380176708670847,0.7057890270628661
1. BatteryAgingARC-FY08Q4_B0007,1,0.9917729496955872,0.8780487804878049,0.48319620476048775,0.6971682978873991
2. BatteryAgingARC_25_26_27_28_P1_B0027,0,0.01838524639606476,0.19063545150501673,0.19187529661520153,0.3335580561910538
2. BatteryAgingARC_25_26_27_28_P1_B0027,0,0.015795551240444183,0.19063545150501673,0.19131049964361108,0.3276105358867609
2. BatteryAgingARC_25_26_27_28_P1_B0027,0,0.00834664423018694,0.19063545150501673,0.18969301652505477,0.30336658869475186
2. BatteryAgingARC_25_26_27_28_P1_B0027,0,0.014205561019480228,0.19063545150501673,0.19096436164040662,0.32349541901123163
2. BatteryAgingARC_25_26_27_28_P1_B0027,0,0.013752587139606476,0.19063545150501673,0.19086583765478668,0.32224512969528135
2. BatteryAgingARC_25_26_27_28_P1_B0027,0,0.008400858379900455,0.19063545150501673,0.18970475085535743,0.3036067372632155
2. BatteryAgingARC_25_26_27_28_P1_B0027,0,0.015106708742678165,0.19063545150501673,0.1911604811019779,0.32587695125415184
2. BatteryAgingARC_25_26_27_28_P1_B0027,0,0.013945412822067738,0.19063545150501673,0.19090777341447723,0.3227819430927524
2. BatteryAgingARC_25_26_27_28_P1_B0027,0,0.014327862299978733,0.19063545150501673,0.19099096941426408,0.3238266797891007
2. BatteryAgingARC_25_26_27_28_P1_B0027,0,0.016484417021274567,0.19063545150501673,0.1914606131235258,0.3292757506521792
2. BatteryAgingARC_25_26_27_28_P1_B0027,0,0.020898109301924706,0.19063545150501673,0.19242455157381982,0.3386316270761552
2. BatteryAgingARC_25_26_27_28_P1_B0027,0,0.022778380662202835,0.19063545150501673,0.1928363191266691,0.342072411406573
2. BatteryAgingARC_25_26_27_28_P1_B0027,0,0.034910645335912704,0.19063545150501673,0.19550933216386276,0.359484691494058
2. BatteryAgingARC_25_26_27_28_P1_B0027,0,0.019937945529818535,0.19063545150501673,0.1922145402445095,0.33676302272901315
2. BatteryAgingARC_25_26_27_28_P1_B0027,0,0.03616674616932869,0.19063545150501673,0.19578767579914086,0.3609544450274767
2. BatteryAgingARC_25_26_27_28_P1_B0027,0,0.034414857625961304,0.19063545150501673,0.19539955136694087,0.35889124979199655
2. BatteryAgingARC_25_26_27_28_P1_B0027,0,0.026996836066246033,0.19063545150501673,0.19376257333307983,0.3489280002451512
2. BatteryAgingARC_25_26_27_28_P1_B0027,0,0.027442079037427902,0.19063545150501673,0.19386053309985563,0.3495930185332336
2. BatteryAgingARC_25_26_27_28_P1_B0027,0,0.035441868007183075,0.19063545150501673,0.19562701102520497,0.3601120672618611
2. BatteryAgingARC_25_26_27_28_P1_B0027,0,0.035441868007183075,0.19063545150501673,0.19562701102520497,0.3601120672618611
2. BatteryAgingARC_25_26_27_28_P1_B0027,0,0.036245450377464294,0.19063545150501673,0.19580512610791764,0.36104497763217464
2. BatteryAgingARC_25_26_27_28_P1_B0027,0,0.034560028463602066,0.19063545150501673,0.1954316912803042,0.3590658187482815
2. BatteryAgingARC_25_26_27_28_P1_B0027,0,0.03780125081539154,0.19063545150501673,0.19615031994453364,0.3627987648771016
2. BatteryAgingARC_25_26_27_28_P1_B0027,0,0.037169449031353,0.19063545150501673,0.19601008322387595,0.36209464393142105
2. BatteryAgingARC_25_26_27_28_P1_B0027,0,0.030647151172161102,0.19063545150501673,0.19456680438795332,0.3541073661240988
2. BatteryAgingARC_25_26_27_28_P1_B0027,0,0.02212047204375267,0.19063545150501673,0.19269216506906495,0.3408992605396897
2. BatteryAgingARC_25_26_27_28_P1_B0027,0,0.038986414670944214,0.19063545150501673,0.19641358722213614,0.3640911501821841
2. BatteryAgingARC_25_26_27_28_P1_B0027,0,0.02580735646188259,0.19063545150501673,0.1935010553903513,0.34710070036826646
3. BatteryAgingARC_25-44_B0028,0,0.0064176837913692,0.19063545150501673,0.18927586625012846,0.2937200104489465
3. BatteryAgingARC_25-44_B0028,0,0.006029148586094379,0.19063545150501673,0.18919192811177057,0.29145669283967124
3. BatteryAgingARC_25-44_B0028,0,0.0062862285412848,0.19063545150501673,0.1892474638039274,0.29296872746249747
3. BatteryAgingARC_25-44_B0028,0,0.0062862285412848,0.19063545150501673,0.1892474638039274,0.29296872746249747
3. BatteryAgingARC_25-44_B0028,0,0.00615578331053257,0.19063545150501673,0.18921928281396297,0.2922087724527115
3. BatteryAgingARC_25-44_B0028,0,0.005697016604244709,0.19063545150501673,0.18912019780665257,0.28941279858556007
3. BatteryAgingARC_25-44_B0028,0,0.00535187404602766,0.19063545150501673,0.18904567971297584,0.2871691594246448
3. BatteryAgingARC_25-44_B0028,0,0.005697016604244709,0.19063545150501673,0.18912019780665257,0.28941279858556007
3. BatteryAgingARC_25-44_B0028,0,0.005697016604244709,0.19063545150501673,0.18912019780665257,0.28941279858556007
3. BatteryAgingARC_25-44_B0028,0,0.005897276569157839,0.19063545150501673,0.18916344531075444,0.2906578859548354
3. BatteryAgingARC_25-44_B0028,0,0.006118354853242636,0.19063545150501673,0.18921119747814732,0.2919879807819651
3. BatteryAgingARC_25-44_B0028,0,0.008038539439439774,0.19063545150501673,0.18962633963244047,0.30197383996137184
3. BatteryAgingARC_25-44_B0028,0,0.011025065556168556,0.19063545150501673,0.19027340971848136,0.31379882119213637
3. BatteryAgingARC_25-44_B0028,0,0.010890111327171326,0.19063545150501673,0.19024413370866328,0.31333242571857434
3. BatteryAgingARC_25-44_B0028,0,0.010659086517989635,0.19063545150501673,0.19019402483058476,0.31252148464056145
3. BatteryAgingARC_25-44_B0028,0,0.010890111327171326,0.19063545150501673,0.19024413370866328,0.31333242571857434
3. BatteryAgingARC_25-44_B0028,0,0.020974701270461082,0.19063545150501673,0.19244131163786796,0.338777257485303
3. BatteryAgingARC_25-44_B0028,0,0.013437076471745968,0.19063545150501673,0.1907972355271392,0.3213515949530525
3. BatteryAgingARC_25-44_B0028,0,0.010890111327171326,0.19063545150501673,0.19024413370866328,0.31333242571857434
3. BatteryAgingARC_25-44_B0028,0,0.010890111327171326,0.19063545150501673,0.19024413370866328,0.31333242571857434
3. BatteryAgingARC_25-44_B0028,0,0.010492576286196709,0.19063545150501673,0.19015791531439047,0.31192687629967797
3. BatteryAgingARC_25-44_B0028,0,0.013792510144412518,0.19063545150501673,0.19087451953829754,0.32235684058041286
3. BatteryAgingARC_25-44_B0028,0,0.00968517828732729,0.19063545150501673,0.189982896853782,0.30891404187646354
3. BatteryAgingARC_25-44_B0028,0,0.00968517828732729,0.19063545150501673,0.189982896853782,0.30891404187646354
3. BatteryAgingARC_25-44_B0028,0,0.00996790174394846,0.19063545150501673,0.1900441683632711,0.30999456261525393
3. BatteryAgingARC_25-44_B0028,0,0.00996790174394846,0.19063545150501673,0.1900441683632711,0.30999456261525393
3. BatteryAgingARC_25-44_B0028,0,0.013546980917453766,0.19063545150501673,0.1908211301358336,0.3216650255384784
3. BatteryAgingARC_25-44_B0028,0,0.010932562872767448,0.19063545150501673,0.19025334247324927,0.31347970887952037
3. BatteryAgingARC_25-44_B0034,0,0.05089430510997772,0.19063545150501673,0.19907357436999604,0.37540402267965756
3. BatteryAgingARC_25-44_B0041,1,0.1946612149477005,0.24555160142348753,0.23332046811826346,0.4385400487744803
3. BatteryAgingARC_25-44_B0041,1,0.4501549005508423,0.24555160142348753,0.3036673691176108,0.49129861401337693
3. BatteryAgingARC_25-44_B0041,1,0.16964079439640045,0.24555160142348753,0.2270775174288702,0.43134825229809387
3. BatteryAgingARC_25-44_B0041,1,0.41574016213417053,0.24555160142348753,0.293518978096786,0.48520137730398627
3. BatteryAgingARC_25-44_B0041,1,0.3983442187309265,0.24555160142348753,0.2884653128615365,0.48206899585715784
3. BatteryAgingARC_25-44_B0041,1,0.9125640392303467,0.3333333333333333,0.45542495311865516,0.6006336172818288
4. BatteryAgingARC_45_46_47_48_B0047,0,0.017151787877082825,0.19063545150501673,0.1916061282749869,0.3308288540265452
4. BatteryAgingARC_45_46_47_48_B0047,0,0.031210005283355713,0.19063545150501673,0.1946910364460914,0.35485511989331564
4. BatteryAgingARC_45_46_47_48_B0047,0,0.032359492033720016,0.19063545150501673,0.19494493573223817,0.35634462066059747
4. BatteryAgingARC_45_46_47_48_B0047,0,0.03166612610220909,0.19063545150501673,0.19479175465292672,0.3554520745888737
4. BatteryAgingARC_45_46_47_48_B0047,0,0.05125683173537254,0.19063545150501673,0.19915497866158993,0.3757092547549785
4. BatteryAgingARC_45_46_47_48_B0047,0,0.08606884628534317,0.19063545150501673,0.20708852337556583,0.3986463411996737
4. BatteryAgingARC_45_46_47_48_B0047,0,0.09734268486499786,0.19063545150501673,0.2097073211392033,0.40431197269031244
4. BatteryAgingARC_45_46_47_48_B0047,0,0.1895441710948944,0.24555160142348753,0.23203404239481215,0.43712787162314043
4. BatteryAgingARC_45_46_47_48_B0047,0,0.17318344116210938,0.24555160142348753,0.22795424193455543,0.4324132011070543
4. BatteryAgingARC_45_46_47_48_B0047,0,0.2886122465133667,0.24555160142348753,0.25781366349577023,0.4608361656342172
4. BatteryAgingARC_45_46_47_48_B0047,1,0.6099618673324585,0.24555160142348753,0.35323033812192783,0.5194420021618716
4. BatteryAgingARC_45_46_47_48_B0047,1,0.8283405303955078,0.3333333333333333,0.426200486269372,0.5680428569597553
4. BatteryAgingARC_45_46_47_48_B0047,1,0.4262893497943878,0.24555160142348753,0.29660867750219727,0.4870826123507223
4. BatteryAgingARC_45_46_47_48_B0047,1,0.7117610573768616,0.24555160142348753,0.38662385077723727,0.5392424728723417
4. BatteryAgingARC_45_46_47_48_B0047,1,0.9069562554359436,0.3333333333333333,0.4534672574721765,0.5977783015161756
4. BatteryAgingARC_45_46_47_48_B0047,1,0.9492959976196289,0.3333333333333333,0.46827955100308605,0.6247569887565589
4. BatteryAgingARC_45_46_47_48_B0047,1,0.9681800007820129,0.59375,0.4749056500542783,0.6443483164893853
4. BatteryAgingARC_45_46_47_48_B0047,1,0.943548858165741,0.3333333333333333,0.46626508056495347,0.6201179958371006
6. BatteryAgingARC_53_54_55_56_B0056,0,0.0009562214836478233,0.19063545150501673,0.18809860443129778,0.22976904571890386
1. BatteryAgingARC-FY08Q4_B0005,0,0.043393444269895554,0.16129032258064516,0.20282158520863475,0.2219018798299391
1. BatteryAgingARC-FY08Q4_B0005,0,0.045319922268390656,0.16129032258064516,0.2037464541729173,0.22510158160533586
1. BatteryAgingARC-FY08Q4_B0005,0,0.05185664817690849,0.16129032258064516,0.20690799065915308,0.2352785517783973
1. BatteryAgingARC-FY08Q4_B0005,0,0.05185664817690849,0.16129032258064516,0.20690799065915308,0.2352785517783973
1. BatteryAgingARC-FY08Q4_B0005,0,0.05185664817690849,0.16129032258064516,0.20690799065915308,0.2352785517783973
1. BatteryAgingARC-FY08Q4_B0005,0,0.05491934344172478,0.16129032258064516,0.20840170912779582,0.239731218431159
1. BatteryAgingARC-FY08Q4_B0005,0,0.08006338775157928,0.25,0.22096457239219117,0.27084964100798103
1. BatteryAgingARC-FY08Q4_B0005,0,0.1252245455980301,0.2638888888888889,0.24486552396523695,0.3124976263779154
1. BatteryAgingARC-FY08Q4_B0005,0,0.1348969042301178,0.2638888888888889,0.2502056668271834,0.319998343433446
1. BatteryAgingARC-FY08Q4_B0005,0,0.1348969042301178,0.2638888888888889,0.2502056668271834,0.319998343433446
1. BatteryAgingARC-FY08Q4_B0005,0,0.3564610779285431,0.525,0.3915619372373085,0.4403792170449647
1. BatteryAgingARC-FY08Q4_B0005,0,0.23590430617332458,0.4,0.31043041500531365,0.3830288444271552
1. BatteryAgingARC-FY08Q4_B0005,0,0.28195491433143616,0.4,0.3403794213705594,0.4063276364612945
1. BatteryAgingARC-FY08Q4_B0005,0,0.31373879313468933,0.5,0.36183939399262743,0.4212905126782185
1. BatteryAgingARC-FY08Q4_B0005,0,0.29651668667793274,0.4,0.35013642424393815,0.4132777144867608
1. BatteryAgingARC-FY08Q4_B0005,0,0.25352373719215393,0.4,0.32171968437104537,0.39221003846054003
1. BatteryAgingARC-FY08Q4_B0005,0,0.1547638177871704,0.28,0.2614152227597569,0.3343383745179387
1. BatteryAgingARC-FY08Q4_B0005,0,0.29626819491386414,0.4,0.3499688398700275,0.4131605245406758
1. BatteryAgingARC-FY08Q4_B0005,0,0.3717329800128937,0.525,0.40239827675084217,0.4469837320218973
1. BatteryAgingARC-FY08Q4_B0005,0,0.27461379766464233,0.4,0.33551079277666923,0.4027560717363182
1. BatteryAgingARC-FY08Q4_B0005,0,0.32503750920295715,0.525,0.36960827372223054,0.4264393823769691
1. BatteryAgingARC-FY08Q4_B0005,0,0.3118824362754822,0.4621686699815982,0.36056973773940104,0.42043673221658695
1. BatteryAgingARC-FY08Q4_B0005,0,0.3184628486633301,0.5,0.36507909364002167,0.42345305937104427
1. BatteryAgingARC-FY08Q4_B0005,0,0.28586649894714355,0.4,0.34298749507525417,0.4082115769960799
1. BatteryAgingARC-FY08Q4_B0005,0,0.3657810688018799,0.525,0.39816305702177796,0.444421412333527
1. BatteryAgingARC-FY08Q4_B0005,0,0.2873465120792389,0.4,0.3439767905941557,0.4089210554931186
1. BatteryAgingARC-FY08Q4_B0005,0,0.2506008446216583,0.4,0.319831968312464,0.3907119432173103
1. BatteryAgingARC-FY08Q4_B0005,0,0.4051685333251953,0.525,0.4264446297580812,0.46114151256089564
1. BatteryAgingARC-FY08Q4_B0005,0,0.23484134674072266,0.4,0.3097563382405682,0.3824628589789731
1. BatteryAgingARC-FY08Q4_B0005,0,0.20452791452407837,0.28,0.2908799334879307,0.3656495795327492
1. BatteryAgingARC-FY08Q4_B0005,0,0.7933386564254761,0.65,0.701457607602268,0.6331205777673138
1. BatteryAgingARC-FY08Q4_B0005,0,0.7232486605644226,0.65,0.6562182829792108,0.5961990295419989
1. BatteryAgingARC-FY08Q4_B0005,0,0.6572516560554504,0.65,0.610843004453031,0.5656407880835429
1. BatteryAgingARC-FY08Q4_B0005,0,0.5432944893836975,0.631578947368421,0.5282357672265586,0.5175979359579649
1. BatteryAgingARC-FY08Q4_B0005,0,0.48234817385673523,0.5909090909090909,0.4831077451264785,0.4928375755611071
1. BatteryAgingARC-FY08Q4_B0005,0,0.663716733455658,0.65,0.6153887315659737,0.5685117821929274
1. BatteryAgingARC-FY08Q4_B0005,0,0.6582111120223999,0.65,0.6115188575484783,0.5660654756843866
1. BatteryAgingARC-FY08Q4_B0005,0,0.6183772683143616,0.65,0.5831273950599565,0.5487890567563508
1. BatteryAgingARC-FY08Q4_B0005,0,0.5821576118469238,0.631578947368421,0.556819029387725,0.5335790404244787
1. BatteryAgingARC-FY08Q4_B0005,0,0.7122648358345032,0.65,0.6488363400157786,0.5908929344096857
1. BatteryAgingARC-FY08Q4_B0005,0,0.7594637274742126,0.65,0.6800139444479619,0.6145214927128843
1. BatteryAgingARC-FY08Q4_B0005,0,0.7393303513526917,0.65,0.6668908533991222,0.6041663220217456
1. BatteryAgingARC-FY08Q4_B0005,0,0.7511304020881653,0.65,0.6746152283425862,0.6101798959627219
1. BatteryAgingARC-FY08Q4_B0005,0,0.7111881375312805,0.65,0.6481088036070348,0.590378268046896
1. BatteryAgingARC-FY08Q4_B0005,0,0.5549853444099426,0.631578947368421,0.5368623922438434,0.5223787723969059
1. BatteryAgingARC-FY08Q4_B0005,0,0.4928000569343567,0.5909090909090909,0.4908477485300469,0.49707938884808117
1. BatteryAgingARC-FY08Q4_B0005,0,0.46433117985725403,0.5909090909090909,0.4697865984130991,0.4855114445656132
1. BatteryAgingARC-FY08Q4_B0005,0,0.6104304790496826,0.65,0.5773902000058851,0.5454177115718782
1. BatteryAgingARC-FY08Q4_B0005,0,0.7521800994873047,0.65,0.6752978675515672,0.6107223005482288
1. BatteryAgingARC-FY08Q4_B0005,0,0.6902456283569336,0.65,0.6338242784537705,0.5805448506934855
1. BatteryAgingARC-FY08Q4_B0005,0,0.7303056120872498,0.65,0.6609218307407732,0.5996646913001441
1. BatteryAgingARC-FY08Q4_B0005,0,0.7213401794433594,0.65,0.6549409274843314,0.5952695726467556
1. BatteryAgingARC-FY08Q4_B0005,0,0.7267536520957947,0.65,0.6585583045530129,0.5979145680276433
1. BatteryAgingARC-FY08Q4_B0005,0,0.6890667676925659,0.65,0.6330128811100995,0.5800007164857537
1. BatteryAgingARC-FY08Q4_B0005,0,0.44972148537635803,0.5909090909090909,0.45901533123343474,0.4795482757326885
1. BatteryAgingARC-FY08Q4_B0005,0,0.6024327278137207,0.65,0.571595058996989,0.542045613237067
1. BatteryAgingARC-FY08Q4_B0005,0,0.45689940452575684,0.5909090909090909,0.4643032306600206,0.4824812050637075
1. BatteryAgingARC-FY08Q4_B0005,0,0.44219550490379333,0.5909090909090909,0.45348093392235683,0.47646542735629716
1. BatteryAgingARC-FY08Q4_B0005,0,0.4238368272781372,0.5364803142208451,0.44003128928547774,0.468904534678011
1. BatteryAgingARC-FY08Q4_B0005,0,0.41219109296798706,0.525,0.43154372594776186,0.4640718688827066
1. BatteryAgingARC-FY08Q4_B0005,0,0.4288739562034607,0.5909090909090909,0.44371360773885943,0.4709854739464197
1. BatteryAgingARC-FY08Q4_B0005,0,0.273784875869751,0.4,0.3349632194731868,0.4023497481448499
1. BatteryAgingARC-FY08Q4_B0005,0,0.27257853746414185,0.4,0.3341671238270786,0.4017572896272235
1. BatteryAgingARC-FY08Q4_B0005,0,0.2794426381587982,0.4,0.33870941962217116,0.4051107365315289
1. BatteryAgingARC-FY08Q4_B0005,0,0.2794426381587982,0.4,0.33870941962217116,0.4051107365315289
1. BatteryAgingARC-FY08Q4_B0005,0,0.2433706372976303,0.4,0.3151877937135828,0.38696444026074395
1. BatteryAgingARC-FY08Q4_B0005,0,0.23420444130897522,0.4,0.30935283085476295,0.38212303334854775
1. BatteryAgingARC-FY08Q4_B0005,0,0.35873308777809143,0.525,0.3931675938916669,0.44136811934925185
1. BatteryAgingARC-FY08Q4_B0005,0,0.2694091498851776,0.4,0.3320800634018322,0.40019424919629504
1. BatteryAgingARC-FY08Q4_B0005,0,0.2659837007522583,0.4,0.32983177951153053,0.3984941256356772
1. BatteryAgingARC-FY08Q4_B0005,0,0.27381807565689087,0.4,0.3349851422282236,0.4023660342585143
1. BatteryAgingARC-FY08Q4_B0005,0,0.3109476566314697,0.40076543596570224,0.35993113075371147,0.4200059356196099
1. BatteryAgingARC-FY08Q4_B0005,0,0.33237871527671814,0.525,0.3746927526016526,0.42974338289885905
1. BatteryAgingARC-FY08Q4_B0005,0,0.4511900246143341,0.5909090909090909,0.4600964776131143,0.48014887475917867
1. BatteryAgingARC-FY08Q4_B0005,0,0.5973880290985107,0.6371509405438093,0.5679294573491828,0.5399285843988164
1. BatteryAgingARC-FY08Q4_B0005,0,0.6152112483978271,0.65,0.5808442884888733,0.5474433143562926
1. BatteryAgingARC-FY08Q4_B0005,0,0.6031547784805298,0.65,0.5721190862715524,0.5423492387186618
1. BatteryAgingARC-FY08Q4_B0005,0,0.4511900246143341,0.5909090909090909,0.4600964776131143,0.48014887475917867
1. BatteryAgingARC-FY08Q4_B0005,0,0.6152112483978271,0.65,0.5808442884888733,0.5474433143562926
1. BatteryAgingARC-FY08Q4_B0005,0,0.5859761238098145,0.631578947368421,0.5596103869336566,0.5351654395771209
1. BatteryAgingARC-FY08Q4_B0005,0,0.6413806080818176,0.65,0.599603164044689,0.5586813123888623
1. BatteryAgingARC-FY08Q4_B0005,0,0.6351319551467896,0.65,0.5951482382695221,0.5559729298213406
1. BatteryAgingARC-FY08Q4_B0005,0,0.6413806080818176,0.65,0.599603164044689,0.5586813123888623
1. BatteryAgingARC-FY08Q4_B0005,0,0.6941894292831421,0.65,0.636533219515952,0.5823721482770421
1. BatteryAgingARC-FY08Q4_B0005,0,0.7293474078178406,0.65,0.6602850113539337,0.5991913948594455
1. BatteryAgingARC-FY08Q4_B0005,0,0.8058338761329651,0.65,0.709155706853969,0.6404375860734088
1. BatteryAgingARC-FY08Q4_B0005,0,0.8010441660881042,0.65,0.7062186955411287,0.637599714598509
1. BatteryAgingARC-FY08Q4_B0005,0,0.8058338761329651,0.65,0.709155706853969,0.6404375860734088
1. BatteryAgingARC-FY08Q4_B0005,0,0.8584122657775879,0.6923076923076923,0.7402254810400161,0.6750234779782585
1. BatteryAgingARC-FY08Q4_B0005,0,0.3809567987918854,0.525,0.4089903507502431,0.4509274331940734
1. BatteryAgingARC-FY08Q4_B0005,0,0.6031547784805298,0.65,0.5721190862715524,0.5423492387186618
1. BatteryAgingARC-FY08Q4_B0005,0,0.6818316578865051,0.65,0.6280166507414456,0.5766813392883139
1. BatteryAgingARC-FY08Q4_B0005,0,0.7941784262657166,0.65,0.7019786340192252,0.6336037537278015
1. BatteryAgingARC-FY08Q4_B0005,0,0.8058338761329651,0.65,0.709155706853969,0.6404375860734088
1. BatteryAgingARC-FY08Q4_B0005,0,0.8584122657775879,0.6923076923076923,0.7402254810400161,0.6750234779782585
1. BatteryAgingARC-FY08Q4_B0005,0,0.8584122657775879,0.6923076923076923,0.7402254810400161,0.6750234779782585
1. BatteryAgingARC-FY08Q4_B0005,1,0.8584122657775879,0.6923076923076923,0.7402254810400161,0.6750234779782585
1. BatteryAgingARC-FY08Q4_B0005,1,0.8580015301704407,0.6923076923076923,0.739991295588506,0.6747230710228221
1. BatteryAgingARC-FY08Q4_B0005,1,0.8580015301704407,0.6923076923076923,0.739991295588506,0.6747230710228221
1. BatteryAgingARC-FY08Q4_B0005,1,0.8580015301704407,0.6923076923076923,0.739991295588506,0.6747230710228221
1. BatteryAgingARC-FY08Q4_B0005,1,0.8580015301704407,0.6923076923076923,0.739991295588506,0.6747230710228221
3. BatteryAgingARC_25-44_B0025,1,0.9798194766044617,0.7718120805369127,0.8032952000393698,0.828478392443848
3. BatteryAgingARC_25-44_B0025,1,0.9805201888084412,0.7718120805369127,0.8036231942234618,0.8305465657551565
3. BatteryAgingARC_25-44_B0025,1,0.9805201888084412,0.7718120805369127,0.8036231942234618,0.8305465657551565
3. BatteryAgingARC_25-44_B0025,1,0.9763715863227844,0.7718120805369127,0.8016752632502255,0.818982997351552
3. BatteryAgingARC_25-44_B0025,1,0.9805201888084412,0.7718120805369127,0.8036231942234618,0.8305465657551565
3. BatteryAgingARC_25-44_B0025,1,0.9731753468513489,0.7718120805369127,0.8001646110729463,0.8110244778280634
3. BatteryAgingARC_25-44_B0025,1,0.9809151887893677,0.7718120805369127,0.8038079063064589,0.8317356856000333
3. BatteryAgingARC_25-44_B0025,1,0.9842724800109863,0.7718120805369127,0.8053725596622492,0.842618866694293
3. BatteryAgingARC_25-44_B0025,1,0.9813030362129211,0.7718120805369127,0.803989145853161,0.8329203063762215
3. BatteryAgingARC_25-44_B0025,1,0.9939072728157043,0.8985427533715294,0.8098102072107021,0.8875994486146125
3. BatteryAgingARC_25-44_B0025,1,0.9933725595474243,0.7718120805369127,0.8095659684283475,0.8841275689438655
3. BatteryAgingARC_25-44_B0025,1,0.9949865341186523,1.0,0.8103024466960637,0.8952920598730989
3. BatteryAgingARC_25-44_B0025,1,0.9938997030258179,0.8966959610077893,0.8098067512620013,0.8875488837805099
3. BatteryAgingARC_25-44_B0025,1,0.9951083064079285,1.0,0.8103579244277729,0.8962279782282496
3. BatteryAgingARC_25-44_B0025,1,0.9951083064079285,1.0,0.8103579244277729,0.8962279782282496
3. BatteryAgingARC_25-44_B0025,1,0.9951083064079285,1.0,0.8103579244277729,0.8962279782282496
3. BatteryAgingARC_25-44_B0025,1,0.9836814403533936,0.7718120805369127,0.8050977956730522,0.8405916554351176
3. BatteryAgingARC_25-44_B0025,1,0.9942639470100403,0.985560119549653,0.809972990515755,0.8900318118067059
3. BatteryAgingARC_25-44_B0025,1,0.9944658875465393,1.0,0.8100651073023961,0.8914545950384464
3. BatteryAgingARC_25-44_B0025,1,0.9944658875465393,1.0,0.8100651073023961,0.8914545950384464
3. BatteryAgingARC_25-44_B0025,1,0.9944658875465393,1.0,0.8100651073023961,0.8914545950384464
3. BatteryAgingARC_25-44_B0025,1,0.9944658875465393,1.0,0.8100651073023961,0.8914545950384464
3. BatteryAgingARC_25-44_B0025,1,0.9936176538467407,0.8278847683682704,0.8096779489082065,0.8856944117999468
3. BatteryAgingARC_25-44_B0025,1,0.9943912625312805,1.0,0.8100310704890923,0.8909247974001455
3. BatteryAgingARC_25-44_B0025,1,0.9943912625312805,1.0,0.8100310704890923,0.8909247974001455
3. BatteryAgingARC_25-44_B0025,1,0.9949931502342224,1.0,0.8103054612239872,0.8953425149204565
3. BatteryAgingARC_25-44_B0025,1,0.9924055933952332,0.7718120805369127,0.8091236823235907,0.8783047552320834
3. BatteryAgingARC_25-44_B0025,1,0.9697812795639038,0.7718120805369127,0.7985510254809502,0.8032825243254434
3. BatteryAgingARC_25-44_B0026,1,0.9763715863227844,0.7718120805369127,0.8016752632502255,0.818982997351552
3. BatteryAgingARC_25-44_B0026,1,0.9802610278129578,0.7718120805369127,0.8035019325455309,0.8297756070440362
3. BatteryAgingARC_25-44_B0026,1,0.9028021097183228,0.7718120805369127,0.7647179297533456,0.7117765209646378
3. BatteryAgingARC_25-44_B0026,1,0.9822392463684082,0.7718120805369127,0.8044261113510524,0.8358530227692849
3. BatteryAgingARC_25-44_B0026,1,0.9822392463684082,0.7718120805369127,0.8044261113510524,0.8358530227692849
3. BatteryAgingARC_25-44_B0026,1,0.8989996314048767,0.7718120805369127,0.7626838874188523,0.7082190468341584
3. BatteryAgingARC_25-44_B0031,0,0.015147927217185497,0.16129032258064516,0.18962054595082348,0.15534058970794695
3. BatteryAgingARC_25-44_B0031,0,0.012635712511837482,0.16129032258064516,0.18847888821860131,0.14580360862930591
3. BatteryAgingARC_25-44_B0031,0,0.017131729051470757,0.16129032258064516,0.19052580780631176,0.16211478755729677
3. BatteryAgingARC_25-44_B0031,0,0.016794070601463318,0.16129032258064516,0.19037149218408694,0.16100217898211674
3. BatteryAgingARC_25-44_B0031,0,0.017897630110383034,0.16129032258064516,0.19087619202333836,0.16458244596008606
3. BatteryAgingARC_25-44_B0031,0,0.02288208156824112,0.16129032258064516,0.1931685068641575,0.17904942719452382
3. BatteryAgingARC_25-44_B0031,0,0.028560234233736992,0.16129032258064516,0.1958052910315349,0.19301662249241147
3. BatteryAgingARC_25-44_B0031,0,0.03900790959596634,0.16129032258064516,0.20072785071685456,0.21421736001770872
3. BatteryAgingARC_25-44_B0031,0,0.08146703988313675,0.25,0.22168162862458823,0.2723668501425856
3. BatteryAgingARC_25-44_B0031,0,0.05658543109893799,0.16129032258064516,0.2092176129303233,0.24207889317223538
3. BatteryAgingARC_25-44_B0031,0,0.105322927236557,0.2638888888888889,0.23412220740277523,0.2957129569496063
3. BatteryAgingARC_25-44_B0031,0,0.21701110899448395,0.4,0.2985711137531715,0.37274007488083905
3. BatteryAgingARC_25-44_B0031,0,0.22825245559215546,0.4,0.30559607786799137,0.3789214438006029
3. BatteryAgingARC_25-44_B0031,0,0.2326570749282837,0.4,0.30837371717920753,0.3812952250284801
3. BatteryAgingARC_25-44_B0031,0,0.27920398116111755,0.4,0.3385509834992155,0.4049948491385868
3. BatteryAgingARC_25-44_B0031,0,0.3140868544578552,0.5,0.3620776662444568,0.4214503402533715
3. BatteryAgingARC_25-44_B0031,0,0.29800790548324585,0.4,0.3511428875216704,0.41397999708759486
3. BatteryAgingARC_25-44_B0031,0,0.4334849417209625,0.5909090909090909,0.44708984071866686,0.47288590670802105
3. BatteryAgingARC_25-44_B0031,0,0.2931958734989166,0.4,0.34789991744262616,0.4117076821112717
3. BatteryAgingARC_25-44_B0031,0,0.4601028859615326,0.5909090909090909,0.4666658671601065,0.4837881302704188
3. BatteryAgingARC_25-44_B0031,0,0.2890169322490692,0.4,0.3450949888639836,0.4097196492564258
3. BatteryAgingARC_25-44_B0031,0,0.4701246917247772,0.5909090909090909,0.4740663438237565,0.48786989951918386
3. BatteryAgingARC_25-44_B0031,0,0.309129536151886,0.4,0.3586904786909225,0.4191663568916902
3. BatteryAgingARC_25-44_B0031,0,0.548607349395752,0.631578947368421,0.5321585036976645,0.5197682788298432
3. BatteryAgingARC_25-44_B0031,0,0.6528371572494507,0.65,0.6077279186700236,0.5636928059822884
3. BatteryAgingARC_25-44_B0031,0,0.5448689460754395,0.631578947368421,0.5293986488607926,0.5182407440340253
3. BatteryAgingARC_25-44_B0031,0,0.3219192922115326,0.5,0.36745726426144415,0.4250263493358914
3. BatteryAgingARC_25-44_B0031,0,0.6539835929870605,0.65,0.6085377543654079,0.5641977531525464
3. BatteryAgingARC_25-44_B0031,0,0.3707331120967865,0.525,0.40168576070724454,0.44655427906057166
3. BatteryAgingARC_25-44_B0031,0,0.4550834596157074,0.5909090909090909,0.4629646365702385,0.4817398197891838
3. BatteryAgingARC_25-44_B0031,0,0.3795556426048279,0.525,0.40798679981435004,0.45033039403900615
3. BatteryAgingARC_25-44_B0031,0,0.7812260985374451,0.65,0.6938847628693372,0.62627840572944
3. BatteryAgingARC_25-44_B0031,0,0.8517228364944458,0.6666666666666666,0.7363944205683989,0.6702014466006646
3. BatteryAgingARC_25-44_B0031,0,0.8057615756988525,0.65,0.7091115017403451,0.6403944299243497
3. BatteryAgingARC_25-44_B0031,0,0.7925047874450684,0.65,0.7009397249770167,0.6326419677712518
3. BatteryAgingARC_25-44_B0031,0,0.9493251442909241,0.7718120805369127,0.7886198669070654,0.7664901621659456
3. BatteryAgingARC_25-44_B0031,0,0.9628809094429016,0.7718120805369127,0.795240514152625,0.7892844462743579
3. BatteryAgingARC_25-44_B0031,0,0.8661123514175415,0.6923076923076923,0.7445903640592814,0.6807669171876611
3. BatteryAgingARC_25-44_B0031,0,0.8661123514175415,0.6923076923076923,0.7445903640592814,0.6807669171876611
3. BatteryAgingARC_25-44_B0031,0,0.8712910413742065,0.6923076923076923,0.7474987264928091,0.6847563332276736
3. BatteryAgingARC_25-44_B0033,0,0.20668262243270874,0.4,0.29219913430366556,0.36689164997685425
4. BatteryAgingARC_45_46_47_48_B0048,0,0.00410161167383194,0.02127659574468085,0.18464006367267394,0.09728396722140539
4. BatteryAgingARC_45_46_47_48_B0048,0,0.00826206710189581,0.16129032258064516,0.1865039223869247,0.1254258834531955
4. BatteryAgingARC_45_46_47_48_B0048,0,0.008541818708181381,0.16129032258064516,0.18662976823870034,0.12692769394726933
4. BatteryAgingARC_45_46_47_48_B0048,0,0.008343033492565155,0.16129032258064516,0.1865403382728239,0.12586408070199642
4. BatteryAgingARC_45_46_47_48_B0048,0,0.012969586066901684,0.16129032258064516,0.18863031002638014,0.14714327116142795
4. BatteryAgingARC_45_46_47_48_B0048,0,0.013747206889092922,0.16129032258064516,0.18898334664245414,0.15017279468422773
4. BatteryAgingARC_45_46_47_48_B0048,0,0.014842451550066471,0.16129032258064516,0.18948144235464195,0.1542430232517241
4. BatteryAgingARC_45_46_47_48_B0048,0,0.016333524137735367,0.16129032258064516,0.19016116880648362,0.1594589971400883
4. BatteryAgingARC_45_46_47_48_B0048,0,0.052622195333242416,0.16129032258064516,0.207280615269282,0.2364088882965477
4. BatteryAgingARC_45_46_47_48_B0048,0,0.10727662593126297,0.2638888888888889,0.23516221777013627,0.297453249123345
4. BatteryAgingARC_45_46_47_48_B0048,0,0.5018908977508545,0.5909090909090909,0.4975835511581844,0.5007669894156542
4. BatteryAgingARC_45_46_47_48_B0048,0,0.686589777469635,0.65,0.6313055409751938,0.5788604380740322
4. BatteryAgingARC_45_46_47_48_B0048,0,0.5201146006584167,0.5909090909090909,0.5110864673824601,0.5081625691788471
4. BatteryAgingARC_45_46_47_48_B0048,1,0.3329935669898987,0.525,0.3751198709308617,0.43001870367531947
4. BatteryAgingARC_45_46_47_48_B0048,1,0.5724355578422546,0.631578947368421,0.549696327011223,0.5295550089220974
4. BatteryAgingARC_45_46_47_48_B0048,1,0.7265192866325378,0.65,0.6584020753514714,0.5977995056669643
4. BatteryAgingARC_45_46_47_48_B0048,1,0.8804965019226074,0.75,0.7526141268785134,0.6921266562945296
4. BatteryAgingARC_45_46_47_48_B0048,1,0.9143597483634949,0.7718120805369127,0.7708260309584204,0.7232292168556232
4. BatteryAgingARC_45_46_47_48_B0048,1,0.9135807156562805,0.7718120805369127,0.770417844267441,0.722424056085937
4. BatteryAgingARC_45_46_47_48_B0048,1,0.8664381504058838,0.6923076923076923,0.7447739806020341,0.6810147840981514
4. BatteryAgingARC_45_46_47_48_B0048,1,0.9168316721916199,0.7718120805369127,0.7721178563674287,0.7258189134959906
5. BatteryAgingARC_49_50_51_52_B0051,0,0.000595145218539983,0.02127659574468085,0.183080403876107,0.046878632006076136
5. BatteryAgingARC_49_50_51_52_B0051,0,0.0006571881240233779,0.02127659574468085,0.18310791121683292,0.0487101290625761
5. BatteryAgingARC_49_50_51_52_B0051,0,0.0007402223418466747,0.02127659574468085,0.1831447302823636,0.05099737950141153
5. BatteryAgingARC_49_50_51_52_B0051,0,0.0005429534940049052,0.02127659574468085,0.18305726663775074,0.045242087996353916
5. BatteryAgingARC_49_50_51_52_B0051,0,0.002236028667539358,0.02127659574468085,0.18380898516760968,0.07765710087719044
5. BatteryAgingARC_49_50_51_52_B0051,0,0.0006413338705897331,0.02127659574468085,0.18310088177051786,0.04825289347588325
5. BatteryAgingARC_49_50_51_52_B0051,0,0.002236028667539358,0.02127659574468085,0.18380898516760968,0.07765710087719044
5. BatteryAgingARC_49_50_51_52_B0051,0,0.0008636279380880296,0.02127659574468085,0.18319946145127755,0.05411323606925219
6. BatteryAgingARC_53_54_55_56_B0055,0,0.0004887773538939655,0.02127659574468085,0.18303325208329993,0.04343474090475806
1. BatteryAgingARC-FY08Q4_B0018,0,0.7820950746536255,0.3819444444444444,0.641140284258773,0.6490836329842998
1. BatteryAgingARC-FY08Q4_B0018,0,0.8541008830070496,0.3819444444444444,0.6935199971570437,0.700662609299764
1. BatteryAgingARC-FY08Q4_B0018,0,0.8388266563415527,0.3819444444444444,0.6827633197119517,0.6886582005793689
1. BatteryAgingARC-FY08Q4_B0018,0,0.6992360949516296,0.3819444444444444,0.5764916548632986,0.6001339407804158
1. BatteryAgingARC-FY08Q4_B0018,0,0.7385318279266357,0.3819444444444444,0.6076273038941836,0.6223934380568283
1. BatteryAgingARC-FY08Q4_B0018,0,0.9153193235397339,0.6266666666666667,0.7344923807919347,0.7587045102313369
1. BatteryAgingARC-FY08Q4_B0018,0,0.014880150556564331,0.07894736842105263,0.1259170108288281,0.11734606070060148
1. BatteryAgingARC-FY08Q4_B0018,0,0.48644474148750305,0.3819444444444444,0.40372755112598646,0.4934751349991583
1. BatteryAgingARC-FY08Q4_B0018,0,0.46053391695022583,0.3819444444444444,0.3834353057135955,0.48097605224854745
1. BatteryAgingARC-FY08Q4_B0018,0,0.9147812128067017,0.6266666666666667,0.7341478470194142,0.7580940689283223
1. BatteryAgingARC-FY08Q4_B0018,0,0.5918534398078918,0.3819444444444444,0.4889957815522475,0.5445944023068532
1. BatteryAgingARC-FY08Q4_B0018,0,0.23042693734169006,0.3333333333333333,0.2261526618986118,0.358850834163656
1. BatteryAgingARC-FY08Q4_B0018,0,0.0028998178895562887,0.015151515151515152,0.12165292598338245,0.056750286030569135
1. BatteryAgingARC-FY08Q4_B0018,0,0.09152185916900635,0.2430939226519337,0.1562990148983971,0.2488808319870891
1. BatteryAgingARC-FY08Q4_B0018,0,0.19648981094360352,0.2430939226519337,0.20725688200722078,0.33675249205424335
1. BatteryAgingARC-FY08Q4_B0018,0,0.6303576231002808,0.3819444444444444,0.5205734285417045,0.5638678083610389
1. BatteryAgingARC-FY08Q4_B0018,0,0.2689801752567291,0.375,0.24905864394560762,0.3819764608444719
1. BatteryAgingARC-FY08Q4_B0018,0,0.004208662081509829,0.015151515151515152,0.12211265134158217,0.0671842112144302
1. BatteryAgingARC-FY08Q4_B0018,0,0.1399967074394226,0.2430939226519337,0.17844169511186403,0.2944966280545802
1. BatteryAgingARC-FY08Q4_B0018,0,0.32982417941093445,0.3819444444444444,0.2882375008162762,0.4155166501877218
1. BatteryAgingARC-FY08Q4_B0018,0,0.05792422965168953,0.2430939226519337,0.14230341229628407,0.20714574525283938
1. BatteryAgingARC-FY08Q4_B0018,0,0.07645700126886368,0.2430939226519337,0.1498895595416512,0.23164248913786276
1. BatteryAgingARC-FY08Q4_B0018,0,0.06622685492038727,0.2430939226519337,0.14566161558102322,0.21866017966429707
1. BatteryAgingARC-FY08Q4_B0018,0,0.04603121057152748,0.2430939226519337,0.13760575324653837,0.18864232859725538
1. BatteryAgingARC-FY08Q4_B0018,0,0.090110644698143,0.2430939226519337,0.15568925006796483,0.24734632320208158
1. BatteryAgingARC-FY08Q4_B0018,0,0.8538639545440674,0.3819444444444444,0.6933547021283498,0.7004707889127773
1. BatteryAgingARC-FY08Q4_B0018,0,0.08342793583869934,0.2430939226519337,0.1528280702553792,0.23986474726715237
1. BatteryAgingARC-FY08Q4_B0018,0,0.16312140226364136,0.2430939226519337,0.1898400718469473,0.3128233484843067
1. BatteryAgingARC-FY08Q4_B0018,0,0.6461582779884338,0.3819444444444444,0.5334985610584009,0.5719505274048895
1. BatteryAgingARC-FY08Q4_B0018,0,0.13634303212165833,0.2430939226519337,0.17669062195544938,0.2914378049108093
1. BatteryAgingARC-FY08Q4_B0018,0,0.06306341290473938,0.2430939226519337,0.14437439665083343,0.2143881779711969
1. BatteryAgingARC-FY08Q4_B0018,0,0.2554304003715515,0.375,0.2408349744495677,0.3740498495028459
1. BatteryAgingARC-FY08Q4_B0018,0,0.23460978269577026,0.3333333333333333,0.22856408674235715,0.36145038456381295
1. BatteryAgingARC-FY08Q4_B0018,0,0.4784911870956421,0.3819444444444444,0.3974600286243453,0.4896437058589687
1. BatteryAgingARC-FY08Q4_B0018,0,0.47813156247138977,0.3819444444444444,0.3971774155635506,0.4894703814110679
1. BatteryAgingARC-FY08Q4_B0018,0,0.9190481901168823,0.6266666666666667,0.7368719993483218,0.7630039242969765
1. BatteryAgingARC-FY08Q4_B0018,0,0.01077387947589159,0.07894736842105263,0.12444126899730087,0.1019989192212371
1. BatteryAgingARC-FY08Q4_B0018,0,0.9634609818458557,1.0,0.7641429227639127,0.828461615467073
1. BatteryAgingARC-FY08Q4_B0018,0,0.9743563532829285,1.0,0.7705263393506145,0.8520263225503335
1. BatteryAgingARC-FY08Q4_B0018,0,0.8407663106918335,0.3819444444444444,0.6841404898091087,0.6901439171806054
1. BatteryAgingARC-FY08Q4_B0018,0,0.15910513699054718,0.2430939226519337,0.18782115218926218,0.3097572376902822
1. BatteryAgingARC-FY08Q4_B0018,0,0.775879979133606,0.3819444444444444,0.6364339948177001,0.6451160595235912
1. BatteryAgingARC-FY08Q4_B0018,0,0.9391326308250427,0.6266666666666667,0.7494511660346026,0.7886586275108506
1. BatteryAgingARC-FY08Q4_B0018,0,0.7184928059577942,0.3819444444444444,0.5918418901887452,0.6108631254554556
1. BatteryAgingARC-FY08Q4_B0018,0,0.8809517025947571,0.6266666666666667,0.7119241153124684,0.7237688361503402
1. BatteryAgingARC-FY08Q4_B0018,0,0.8399112224578857,0.3819444444444444,0.6835337667989516,0.6894876320193214
1. BatteryAgingARC-FY08Q4_B0018,0,0.6506593823432922,0.3819444444444444,0.5371730645855535,0.5742752490418429
1. BatteryAgingARC-FY08Q4_B0018,0,0.2697991728782654,0.375,0.24956168002470625,0.3824493313497688
1. BatteryAgingARC-FY08Q4_B0018,0,0.2797487676143646,0.375,0.2557268001149076,0.3881408579058782
1. BatteryAgingARC-FY08Q4_B0018,0,0.31457510590553284,0.375,0.2780802264344792,0.407378085234813
1. BatteryAgingARC-FY08Q4_B0018,0,0.3409258723258972,0.3819444444444444,0.2957694293983244,0.42134994175626095
1. BatteryAgingARC-FY08Q4_B0018,0,0.8894861936569214,0.6266666666666667,0.7176341121920137,0.731780409221272
1. BatteryAgingARC-FY08Q4_B0018,0,0.2987118363380432,0.375,0.2677506591006928,0.3987374847207683
1. BatteryAgingARC-FY08Q4_B0018,0,0.9575830101966858,0.9090909090909091,0.7606485266585132,0.8175788350280196
1. BatteryAgingARC-FY08Q4_B0018,0,0.8500655889511108,0.3819444444444444,0.6906979745315417,0.6974208032846834
1. BatteryAgingARC-FY08Q4_B0018,0,0.1657552272081375,0.2430939226519337,0.19117305548848498,0.3148099474404057
1. BatteryAgingARC-FY08Q4_B0018,0,0.32445427775382996,0.3819444444444444,0.28463553921157503,0.4126681071328615
1. BatteryAgingARC-FY08Q4_B0018,0,0.954414963722229,0.6266666666666667,0.758750499753655,0.8121084266869131
1. BatteryAgingARC-FY08Q4_B0018,0,0.9549972414970398,0.6266666666666667,0.759100120261228,0.8130952758105789
1. BatteryAgingARC-FY08Q4_B0018,0,0.8857231736183167,0.6266666666666667,0.7151249356842454,0.728202104049492
1. BatteryAgingARC-FY08Q4_B0018,0,0.9163185954093933,0.6266666666666667,0.7351314233797439,0.7598446721388044
1. BatteryAgingARC-FY08Q4_B0018,0,0.9679628610610962,1.0,0.7667952921674057,0.8375738066477745
1. BatteryAgingARC-FY08Q4_B0018,0,0.9637075662612915,1.0,0.7642887411799888,0.8289417043193688
1. BatteryAgingARC-FY08Q4_B0018,0,0.9726244807243347,1.0,0.769519826170313,0.8479064791673788
1. BatteryAgingARC-FY08Q4_B0018,0,0.9664433002471924,1.0,0.7659023399150836,0.8344124176769094
1. BatteryAgingARC-FY08Q4_B0018,0,0.9672114849090576,1.0,0.7663540511877034,0.8359990290093767
1. BatteryAgingARC-FY08Q4_B0018,1,0.5034911036491394,0.3819444444444444,0.41726423906061433,0.5016801579588419
1. BatteryAgingARC-FY08Q4_B0018,1,0.9826169610023499,1.0,0.7752846035256215,0.8745455049879013
1. BatteryAgingARC-FY08Q4_B0018,1,0.9847418069839478,1.0,0.7764971625231006,0.8813782486051732
1. BatteryAgingARC-FY08Q4_B0018,1,0.9877289533615112,1.0,0.7781939069879992,0.8920505039614631
1. BatteryAgingARC-FY08Q4_B0018,1,0.965340256690979,1.0,0.7652526636716064,0.8321738540896901
1. BatteryAgingARC-FY08Q4_B0018,1,0.9766536355018616,1.0,0.7718566830205591,0.8577693317290327
1. BatteryAgingARC-FY08Q4_B0018,1,0.9915524125099182,1.0,0.7803522217780462,0.9083292481057503
1. BatteryAgingARC-FY08Q4_B0018,1,0.9831156134605408,1.0,0.7755695821863966,0.876100802238147
1. BatteryAgingARC-FY08Q4_B0018,1,0.9799565076828003,1.0,0.7737598204470886,0.8666802879603352
2. BatteryAgingARC_25_26_27_28_P1_B0025,1,0.9742637872695923,1.0,0.7704726208758502,0.8518017878797508
2. BatteryAgingARC_25_26_27_28_P1_B0025,1,0.9749107956886292,1.0,0.7708479119353654,0.853381951671699
2. BatteryAgingARC_25_26_27_28_P1_B0025,1,0.9749107956886292,1.0,0.7708479119353654,0.853381951671699
2. BatteryAgingARC_25_26_27_28_P1_B0025,1,0.9903050661087036,1.0,0.7796497663868005,0.9026056065410465
2. BatteryAgingARC_25_26_27_28_P1_B0025,1,0.9725062251091003,1.0,0.7694509868341907,0.8476312039567278
2. BatteryAgingARC_25_26_27_28_P1_B0025,1,0.9736132621765137,1.0,0.7700948551631372,0.8502379126248706
2. BatteryAgingARC_25_26_27_28_P1_B0025,1,0.9725243449211121,1.0,0.7694615357311129,0.8476733349494919
2. BatteryAgingARC_25_26_27_28_P1_B0025,1,0.9725243449211121,1.0,0.7694615357311129,0.8476733349494919
2. BatteryAgingARC_25_26_27_28_P1_B0025,1,0.9896037578582764,1.0,0.7792541105900557,0.8995797920226453
2. BatteryAgingARC_25_26_27_28_P1_B0025,1,0.9906195402145386,1.0,0.779827017384024,0.9040050475991134
2. BatteryAgingARC_25_26_27_28_P1_B0025,1,0.9861634373664856,1.0,0.7773058207913972,0.8862816217231101
2. BatteryAgingARC_25_26_27_28_P1_B0025,1,0.9957073926925659,1.0,0.7826805207484256,0.9322151049840064
2. BatteryAgingARC_25_26_27_28_P1_B0025,1,0.9954741597175598,1.0,0.7825502991018245,0.9305809907838549
2. BatteryAgingARC_25_26_27_28_P1_B0025,1,0.9960311055183411,1.0,0.7828611669084492,0.9345705619437017
2. BatteryAgingARC_25_26_27_28_P1_B0025,1,0.9961695075035095,1.0,0.7829383682521938,0.9356114075638406
2. BatteryAgingARC_25_26_27_28_P1_B0025,1,0.9960682392120361,1.0,0.7828818822224864,0.934847745430571
2. BatteryAgingARC_25_26_27_28_P1_B0025,1,0.9873673915863037,1.0,0.777989025257829,0.890680183300588
2. BatteryAgingARC_25_26_27_28_P1_B0025,1,0.9882828593254089,1.0,0.7785075197594687,0.8941980632047236
2. BatteryAgingARC_25_26_27_28_P1_B0025,1,0.9891741275787354,1.0,0.779011475470666,0.8977863464213052
2. BatteryAgingARC_25_26_27_28_P1_B0025,1,0.9896859526634216,1.0,0.7793005086126813,0.8999279560998555
2. BatteryAgingARC_25_26_27_28_P1_B0025,1,0.9896859526634216,1.0,0.7793005086126813,0.8999279560998555
2. BatteryAgingARC_25_26_27_28_P1_B0025,1,0.9899510741233826,1.0,0.7794501189876283,0.9010624587568601
2. BatteryAgingARC_25_26_27_28_P1_B0025,1,0.9901105761528015,1.0,0.7795400923448461,0.9017536697389061
2. BatteryAgingARC_25_26_27_28_P1_B0025,1,0.9906100630760193,1.0,0.7798216771609057,0.9039624665583071
2. BatteryAgingARC_25_26_27_28_P1_B0025,1,0.9904394149780273,1.0,0.7797255036526772,0.9032000978694407
2. BatteryAgingARC_25_26_27_28_P1_B0025,1,0.9966337084770203,1.0,0.7831971570884775,0.9392696050899247
2. BatteryAgingARC_25_26_27_28_P1_B0025,1,0.9966337084770203,1.0,0.7831971570884775,0.9392696050899247
2. BatteryAgingARC_25_26_27_28_P1_B0025,1,0.9606794714927673,0.9515127446024984,0.7624937517307459,0.8231830691312378
3. BatteryAgingARC_25-44_B0029,0,0.2340528815984726,0.3333333333333333,0.22824198988052688,0.36110568373365226
3. BatteryAgingARC_25-44_B0029,0,0.2743231952190399,0.375,0.2523525754522815,0.3850492312958287
3. BatteryAgingARC_25-44_B0029,0,0.2979770004749298,0.375,0.2672781038589745,0.39833252916916484
3. BatteryAgingARC_25-44_B0029,0,0.2979770004749298,0.375,0.2672781038589745,0.39833252916916484
3. BatteryAgingARC_25-44_B0029,0,0.2979770004749298,0.375,0.2672781038589745,0.39833252916916484
3. BatteryAgingARC_25-44_B0029,0,0.2979770004749298,0.375,0.2672781038589745,0.39833252916916484
3. BatteryAgingARC_25-44_B0029,1,0.2979770004749298,0.375,0.2672781038589745,0.39833252916916484
3. BatteryAgingARC_25-44_B0029,1,0.287977010011673,0.375,0.26090024047117416,0.39277726775537397
3. BatteryAgingARC_25-44_B0029,1,0.31294122338294983,0.375,0.2770050532148233,0.40649671314025665
3. BatteryAgingARC_25-44_B0029,1,0.359605997800827,0.3819444444444444,0.30869644204383523,0.4310117742414426
3. BatteryAgingARC_25-44_B0029,1,0.31294122338294983,0.375,0.2770050532148233,0.40649671314025665
3. BatteryAgingARC_25-44_B0029,1,0.4264127314090729,0.3819444444444444,0.3573298559392334,0.4643865486059636
3. BatteryAgingARC_25-44_B0029,1,0.5758791565895081,0.3819444444444444,0.475906457919591,0.5367357514965945
3. BatteryAgingARC_25-44_B0029,1,0.6013065576553345,0.3819444444444444,0.49674993172672743,0.5492786417498295
3. BatteryAgingARC_25-44_B0029,1,0.611293375492096,0.3819444444444444,0.5049434846585971,0.5542586439078077
3. BatteryAgingARC_25-44_B0029,1,0.6070913672447205,0.3819444444444444,0.5014960720164218,0.5521591356856077
3. BatteryAgingARC_25-44_B0029,1,0.6130421161651611,0.3819444444444444,0.5063780672046062,0.5551342423557952
3. BatteryAgingARC_25-44_B0029,1,0.6435534358024597,0.3819444444444444,0.5313703951191534,0.5706098633943275
3. BatteryAgingARC_25-44_B0029,1,0.681036114692688,0.3819444444444444,0.5618462604823699,0.5902636911373281
3. BatteryAgingARC_25-44_B0029,1,0.681036114692688,0.3819444444444444,0.5618462604823699,0.5902636911373281
3. BatteryAgingARC_25-44_B0029,1,0.6776154637336731,0.3819444444444444,0.5590808096908776,0.5884347637610994
3. BatteryAgingARC_25-44_B0029,1,0.7182169556617737,0.3819444444444444,0.591623184662244,0.610707137154935
3. BatteryAgingARC_25-44_B0029,1,0.8424379825592041,0.3819444444444444,0.6853248035732424,0.6914329992443856
3. BatteryAgingARC_25-44_B0029,1,0.9146111011505127,0.6266666666666667,0.7340388710757167,0.7579016012093902
3. BatteryAgingARC_25-44_B0029,1,0.9261184930801392,0.6266666666666667,0.7413461787463987,0.7715159774198005
3. BatteryAgingARC_25-44_B0029,1,0.8813976049423218,0.6266666666666667,0.7122241432638402,0.7241784025712158
3. BatteryAgingARC_25-44_B0029,1,0.9095205664634705,0.6266666666666667,0.7307646502858343,0.7522512068659614
3. BatteryAgingARC_25-44_B0029,1,0.9233511090278625,0.6266666666666667,0.7396008571124744,0.7681249194373992
3. BatteryAgingARC_25-44_B0029,1,0.9233511090278625,0.6266666666666667,0.7396008571124744,0.7681249194373992
3. BatteryAgingARC_25-44_B0029,1,0.9233511090278625,0.6266666666666667,0.7396008571124744,0.7681249194373992
3. BatteryAgingARC_25-44_B0029,1,0.9228742122650146,0.6266666666666667,0.7392993203807585,0.7675484711776408
3. BatteryAgingARC_25-44_B0029,1,0.9228742122650146,0.6266666666666667,0.7392993203807585,0.7675484711776408
3. BatteryAgingARC_25-44_B0029,1,0.9215132594108582,0.6266666666666667,0.7384375623363236,0.7659158114163073
3. BatteryAgingARC_25-44_B0029,1,0.9228175282478333,0.6266666666666667,0.7392634646552171,0.7674801056815034
3. BatteryAgingARC_25-44_B0029,1,0.9190141558647156,0.6266666666666667,0.7368503421180965,0.7629641187915567
3. BatteryAgingARC_25-44_B0029,1,0.857502281665802,0.3819444444444444,0.6958875140996068,0.703437413048926
3. BatteryAgingARC_25-44_B0029,1,0.9312541484832764,0.6266666666666667,0.7445648651788892,0.7780304761183143
3. BatteryAgingARC_25-44_B0029,1,0.9249639511108398,0.6266666666666667,0.7406189641685058,0.7700915567795973
3. BatteryAgingARC_25-44_B0029,1,0.9228019118309021,0.6266666666666667,0.7392535858608429,0.7674612766462869
3. BatteryAgingARC_25-44_B0029,1,0.8699460625648499,0.6068221887380393,0.7044602896617387,0.71394677783242
3. BatteryAgingARC_25-44_B0042,0,0.9353649020195007,0.6266666666666667,0.7471221764705746,0.783472668297044
3. BatteryAgingARC_25-44_B0042,0,0.7915723323822021,0.3819444444444444,0.648264538101382,0.6552530033984003
3. BatteryAgingARC_25-44_B0042,0,0.9767589569091797,1.0,0.7719175436379383,0.8580409220857923
3. BatteryAgingARC_25-44_B0042,0,0.9484084248542786,0.6266666666666667,0.7551237925647287,0.8023679496040674
3. BatteryAgingARC_25-44_B0042,0,0.9610861539840698,1.0,0.7627353705214966,0.8239397141661406
3. BatteryAgingARC_25-44_B0042,0,0.9548279047012329,0.6266666666666667,0.7589984800403282,0.8128074473376685
3. BatteryAgingARC_25-44_B0042,0,0.9624348282814026,1.0,0.7635354342903625,0.8264855046245013
3. BatteryAgingARC_25-44_B0042,0,0.9520615935325623,0.6266666666666667,0.7573339287062031,0.808199802754777
3. BatteryAgingARC_25-44_B0042,0,0.9370408654212952,0.6266666666666667,0.7481599246893466,0.7857549507735325
3. BatteryAgingARC_25-44_B0042,0,0.9268861413002014,0.6266666666666667,0.7418289640942913,0.7724709438813182
3. BatteryAgingARC_25-44_B0042,0,0.9440495371818542,0.6266666666666667,0.7524689610057831,0.7957448999890708
3. BatteryAgingARC_25-44_B0042,0,0.9404571652412415,0.6266666666666667,0.750266515355731,0.7905304047297551
3. BatteryAgingARC_25-44_B0042,0,0.9347588419914246,0.6266666666666667,0.7467462114156345,0.7826566724823626
3. BatteryAgingARC_25-44_B0042,0,0.9456064105033875,0.6266666666666667,0.7534194056250686,0.798071318079379
3. BatteryAgingARC_25-44_B0042,0,0.9452665448188782,0.6266666666666667,0.7532121330537305,0.7975598649587439
3. BatteryAgingARC_25-44_B0042,0,0.9441866874694824,0.6266666666666667,0.7525527875789179,0.7959481672977511
3. BatteryAgingARC_25-44_B0042,0,0.8837709426879883,0.6266666666666667,0.7138179189623816,0.7263745918812144
3. BatteryAgingARC_25-44_B0042,0,0.9441866874694824,0.6266666666666667,0.7525527875789179,0.7959481672977511
3. BatteryAgingARC_25-44_B0042,0,0.930038332939148,0.6266666666666667,0.7438052556806128,0.7764608782973281
3. BatteryAgingARC_25-44_B0042,0,0.9409344792366028,0.6266666666666667,0.7505599033159983,0.791211446163033
3. BatteryAgingARC_25-44_B0042,0,0.8495395183563232,0.3819444444444444,0.6903290190512603,0.6970020582254833
3. BatteryAgingARC_25-44_B0042,0,0.9760419130325317,1.0,0.7715029693144863,0.8562068074003787
3. BatteryAgingARC_25-44_B0042,0,0.9677020907402039,1.0,0.7666422221439045,0.8370246521578905
3. BatteryAgingARC_25-44_B0042,0,0.9474995732307434,0.6266666666666667,0.7545718370125521,0.8009583212106388
3. BatteryAgingARC_25-44_B0042,0,0.9461750388145447,0.6266666666666667,0.7537659308105994,0.798931615449487
3. BatteryAgingARC_25-44_B0042,0,0.9574073553085327,0.9090909090909091,0.7605435575006686,0.8172688367238036
3. BatteryAgingARC_25-44_B0042,0,0.9867849946022034,1.0,0.777658721279317,0.8885220405015617
3. BatteryAgingARC_25-44_B0042,0,0.9867462515830994,1.0,0.7776367358966166,0.8883805405389231
3. BatteryAgingARC_25-44_B0042,0,0.9515374898910522,0.6266666666666667,0.7570176849906926,0.8073460939421104
3. BatteryAgingARC_25-44_B0042,0,0.9576958417892456,0.9090909090909091,0.760715936766565,0.8177783930884905
3. BatteryAgingARC_25-44_B0042,0,0.9577853679656982,0.9090909090909091,0.7607694140266787,0.8179369734977886
3. BatteryAgingARC_25-44_B0042,0,0.9763534069061279,1.0,0.7716831313185621,0.856999306271938
3. BatteryAgingARC_25-44_B0042,0,0.9763961434364319,1.0,0.771707841492836,0.8571085431268687
3. BatteryAgingARC_25-44_B0042,1,0.9614236950874329,1.0,0.7629357822888523,0.8245715425359761
3. BatteryAgingARC_25-44_B0042,1,0.9410666823387146,0.6266666666666667,0.7506411231591765,0.791400698139556
3. BatteryAgingARC_25-44_B0042,1,0.971788763999939,1.0,0.7690330274243798,0.8459768290889389
3. BatteryAgingARC_25-44_B0042,1,0.9725192785263062,1.0,0.7694585862380601,0.8476615531462469
3. BatteryAgingARC_25-44_B0042,1,0.9905644655227661,1.0,0.7797959823350827,0.903757953985766
3. BatteryAgingARC_25-44_B0042,1,0.9843905568122864,1.0,0.7762970409319179,0.8802101826309673
3. BatteryAgingARC_25-44_B0042,1,0.948785662651062,0.6266666666666667,0.7553526467344088,0.8029577036421831
3. BatteryAgingARC_25-44_B0042,1,0.26336735486984253,0.375,0.2456294678455222,0.3787170178267335
4. BatteryAgingARC_45_46_47_48_B0045,1,0.16201941668987274,0.2430939226519337,0.18928447048784372,0.3119865518779219
4. BatteryAgingARC_45_46_47_48_B0045,1,0.20823167264461517,0.3333333333333333,0.21365964127541753,0.3446178144983773
4. BatteryAgingARC_45_46_47_48_B0045,1,0.40762147307395935,0.3819444444444444,0.34329562636009836,0.4551461073974907
4. BatteryAgingARC_45_46_47_48_B0045,1,0.475579172372818,0.3819444444444444,0.3951735860404274,0.4882399838301663
4. BatteryAgingARC_45_46_47_48_B0046,0,0.7022926211357117,0.3819444444444444,0.5789388154498247,0.6018161638633253
4. BatteryAgingARC_45_46_47_48_B0046,0,0.5982974767684937,0.3819444444444444,0.49428131229017397,0.5477845982181921
4. BatteryAgingARC_45_46_47_48_B0046,0,0.7360354065895081,0.3819444444444444,0.6056722860623631,0.62093457816313
4. BatteryAgingARC_45_46_47_48_B0046,0,0.6171699166297913,0.3819444444444444,0.5097638567417297,0.5572055104255876
4. BatteryAgingARC_45_46_47_48_B0046,0,0.5489699244499207,0.3819444444444444,0.45394085165343834,0.5236255690425156
4. BatteryAgingARC_45_46_47_48_B0046,0,0.6202744841575623,0.3819444444444444,0.5123097759077028,0.5587676020680507
4. BatteryAgingARC_45_46_47_48_B0046,0,0.6185580492019653,0.3819444444444444,0.510902273643246,0.5579035008043126
4. BatteryAgingARC_45_46_47_48_B0046,0,0.7230917811393738,0.3819444444444444,0.5954827291015093,0.6134742385997114
4. BatteryAgingARC_45_46_47_48_B0046,0,0.7625798583030701,0.3819444444444444,0.6262754152228477,0.6368165447353253
4. BatteryAgingARC_45_46_47_48_B0046,0,0.8351519703865051,0.3819444444444444,0.6801454809414823,0.6858722070928237
4. BatteryAgingARC_45_46_47_48_B0046,1,0.9127195477485657,0.6266666666666667,0.7328251973395048,0.7557776793921414
4. BatteryAgingARC_45_46_47_48_B0046,1,0.9396509528160095,0.6266666666666667,0.7497704426443605,0.7893879671930748
4. BatteryAgingARC_45_46_47_48_B0046,1,0.5091007351875305,0.3819444444444444,0.42174738607298745,0.504380213518902
4. BatteryAgingARC_45_46_47_48_B0046,1,0.910123884677887,0.6266666666666667,0.7311540302576297,0.7529101687127467
4. BatteryAgingARC_45_46_47_48_B0046,1,0.9712669253349304,1.0,0.7687286956788347,0.8447900706627536
4. BatteryAgingARC_45_46_47_48_B0046,1,0.932983934879303,0.6266666666666667,0.745643037148016,0.7802944680175483
4. BatteryAgingARC_45_46_47_48_B0046,1,0.9766148924827576,1.0,0.7718342922528848,0.8576696180367341
4. BatteryAgingARC_45_46_47_48_B0046,1,0.9742447733879089,1.0,0.7704615855308207,0.8517557290770378
1. BatteryAgingARC-FY08Q4_B0006,1,0.0025427069049328566,0.0,0.18274823025792417,0.07043385165279342
1. BatteryAgingARC-FY08Q4_B0006,1,0.0038648631889373064,0.0,0.1832586119648684,0.08328078398113767
1. BatteryAgingARC-FY08Q4_B0006,1,0.002415811875835061,0.0,0.18269930404400406,0.0689959426837986
1. BatteryAgingARC-FY08Q4_B0006,1,0.0025025918148458004,0.0,0.18273276220520082,0.06998423466082118
1. BatteryAgingARC-FY08Q4_B0006,1,0.028255732730031013,0.30303030303030304,0.1928728109694085,0.1782255598944658
1. BatteryAgingARC-FY08Q4_B0006,1,0.002395275514572859,0.0,0.1826913869091346,0.06875883220608806
1. BatteryAgingARC-FY08Q4_B0006,1,0.030101178213953972,0.30303030303030304,0.19361562906341986,0.18238653327756277
1. BatteryAgingARC-FY08Q4_B0006,1,0.0038364632055163383,0.0,0.18324763733077826,0.08303690684656297
1. BatteryAgingARC-FY08Q4_B0006,1,0.0023574805818498135,0.0,0.1826768169823208,0.06831911838558792
1. BatteryAgingARC-FY08Q4_B0006,1,0.2896563708782196,0.5364963503649635,0.3193958051240272,0.4043073601416759
1. BatteryAgingARC-FY08Q4_B0006,1,0.004951734095811844,0.0,0.18367899570608162,0.09186683034191545
1. BatteryAgingARC-FY08Q4_B0006,1,0.002407661871984601,0.0,0.1826961620397511,0.06890199481657573
1. BatteryAgingARC-FY08Q4_B0006,1,0.0030019916594028473,0.0,0.18292539917614345,0.07529168265012127
1. BatteryAgingARC-FY08Q4_B0006,1,0.0056843324564397335,0.013157894736842105,0.1839627740787102,0.09699017044103984
1. BatteryAgingARC-FY08Q4_B0006,1,0.48273801803588867,0.5364963503649635,0.4358456840440162,0.49253998294499696
1. BatteryAgingARC-FY08Q4_B0006,1,0.9572263360023499,0.7894736842105263,0.724525914162386,0.7929473945300707
1. BatteryAgingARC-FY08Q4_B0006,1,0.012759457342326641,0.013157894736842105,0.18672087051264344,0.13253584166179744
1. BatteryAgingARC-FY08Q4_B0006,1,0.2365010678768158,0.5364963503649635,0.29032842682681737,0.3760576677404878
1. BatteryAgingARC-FY08Q4_B0006,1,0.011210819706320763,0.013157894736842105,0.18611445380823646,0.126165174554994
1. BatteryAgingARC-FY08Q4_B0006,1,0.13556189835071564,0.41904761904761906,0.23968622317063382,0.309941785155836
1. BatteryAgingARC-FY08Q4_B0006,1,0.010908854193985462,0.013157894736842105,0.18599638706393803,0.12485597613631023
1. BatteryAgingARC-FY08Q4_B0006,1,0.13417042791843414,0.41904761904761906,0.23903213457338468,0.3088409060834583
1. BatteryAgingARC-FY08Q4_B0006,1,0.008872713893651962,0.013157894736842105,0.18520177651981443,0.115334825729502
1. BatteryAgingARC-FY08Q4_B0006,1,0.0034791347570717335,0.0,0.18310959809552518,0.07986557316687336
1. BatteryAgingARC-FY08Q4_B0006,1,0.002764724427834153,0.0,0.18283385679267675,0.07284531158617581
1. BatteryAgingARC-FY08Q4_B0006,1,0.978567361831665,1.0,0.735386036704197,0.8390048895240716
1. BatteryAgingARC-FY08Q4_B0006,1,0.007893492467701435,0.013157894736842105,0.18482056722358098,0.11023741562370952
1. BatteryAgingARC-FY08Q4_B0006,1,0.008099907077848911,0.013157894736842105,0.18490087359128432,0.11134494417509157
1. BatteryAgingARC-FY08Q4_B0006,1,0.004517553374171257,0.0,0.18351097218573406,0.0885971581330571
1. BatteryAgingARC-FY08Q4_B0006,1,0.1393718123435974,0.41904761904761906,0.24148341392476785,0.31291879651106286
1. BatteryAgingARC-FY08Q4_B0006,1,0.006769084371626377,0.013157894736842105,0.18438358570232627,0.10384647289994704
1. BatteryAgingARC-FY08Q4_B0006,1,0.015367202460765839,0.013157894736842105,0.1877454510150779,0.14218763174903973
1. BatteryAgingARC-FY08Q4_B0006,1,0.016121454536914825,0.013157894736842105,0.18804260065581732,0.14477223313823157
1. BatteryAgingARC-FY08Q4_B0006,1,0.007592010777443647,0.013157894736842105,0.18470332312500087,0.10858531397455258
1. BatteryAgingARC-FY08Q4_B0006,1,0.017081715166568756,0.013157894736842105,0.18842143339975773,0.1479477945531073
1. BatteryAgingARC-FY08Q4_B0006,1,0.039966750890016556,0.30303030303030304,0.19762352841665243,0.2020755083397528
1. BatteryAgingARC-FY08Q4_B0006,1,0.012651177123188972,0.013157894736842105,0.18667842061258702,0.13210767011950572
1. BatteryAgingARC-FY08Q4_B0006,1,0.01716565154492855,0.013157894736842105,0.18845457500313464,0.14821960607321613
1. BatteryAgingARC-FY08Q4_B0006,1,0.01459724921733141,0.013157894736842105,0.18744248816367368,0.1394599516308838
1. BatteryAgingARC-FY08Q4_B0006,1,0.0162214208394289,0.013157894736842105,0.18808201108650738,0.14510865287698413
1. BatteryAgingARC-FY08Q4_B0006,1,0.029379980638623238,0.30303030303030304,0.19332507828379056,0.18078182513632599
1. BatteryAgingARC-FY08Q4_B0006,1,0.09587325155735016,0.41904761904761906,0.22151297261991645,0.274992335677507
1. BatteryAgingARC-FY08Q4_B0006,1,0.060623280704021454,0.41904761904761906,0.20621689602797716,0.23433726077883732
1. BatteryAgingARC-FY08Q4_B0006,1,0.015597596764564514,0.013157894736842105,0.18783618021213733,0.14298598511075017
1. BatteryAgingARC-FY08Q4_B0006,1,0.09212889522314072,0.41904761904761906,0.21985036495417953,0.27122117256646505
1. BatteryAgingARC-FY08Q4_B0006,1,0.11065752804279327,0.41904761904761906,0.22816527122008723,0.2889769097300852
1. BatteryAgingARC-FY08Q4_B0006,1,0.18807552754878998,0.5364963503649635,0.2652577849701596,0.34708802388170157
1. BatteryAgingARC-FY08Q4_B0006,1,0.01446824986487627,0.013157894736842105,0.18739176602451005,0.1389935927349061
1. BatteryAgingARC-FY08Q4_B0006,1,0.03793836385011673,0.30303030303030304,0.1967944176029161,0.19832655556523904
1. BatteryAgingARC-FY08Q4_B0006,1,0.041308436542749405,0.41904761904761906,0.19817339256777858,0.20448365146225836
1. BatteryAgingARC-FY08Q4_B0006,1,0.11658019572496414,0.41904761904761906,0.2308693842430089,0.29422620628267787
1. BatteryAgingARC-FY08Q4_B0006,1,0.13633671402931213,0.41904761904761906,0.24005097165615977,0.3105515927110694
1. BatteryAgingARC-FY08Q4_B0006,1,0.20379270613193512,0.5364963503649635,0.2732415446637794,0.3569229536648397
1. BatteryAgingARC-FY08Q4_B0006,1,0.2741909325122833,0.5364963503649635,0.3107791003305764,0.39638277238232017
1. BatteryAgingARC-FY08Q4_B0006,1,0.4418788254261017,0.5364963503649635,0.41010474321957785,0.4747975600672372
1. BatteryAgingARC-FY08Q4_B0006,1,0.6165377497673035,0.5364963503649635,0.5218393248794951,0.551110671186917
1. BatteryAgingARC-FY08Q4_B0006,1,0.6600868701934814,0.5364963503649635,0.5497970561363584,0.5711946258399536
1. BatteryAgingARC-FY08Q4_B0006,1,0.6730253100395203,0.5364963503649635,0.558051039437483,0.5773437964124469
1. BatteryAgingARC-FY08Q4_B0006,1,0.6239224076271057,0.5364963503649635,0.5265946496318559,0.5544591464513948
1. BatteryAgingARC-FY08Q4_B0006,1,0.6239224076271057,0.5364963503649635,0.5265946496318559,0.5544591464513948
1. BatteryAgingARC-FY08Q4_B0006,1,0.6199358105659485,0.5364963503649635,0.5240280383347959,0.5526489385453515
2. BatteryAgingARC_25_26_27_28_P1_B0028,0,0.0019530393183231354,0.0,0.18252096157149747,0.06331138125474108
2. BatteryAgingARC_25_26_27_28_P1_B0028,0,0.0020219781436026096,0.0,0.1825475205205343,0.06420777163302543
2. BatteryAgingARC_25_26_27_28_P1_B0028,0,0.0019530393183231354,0.0,0.18252096157149747,0.06331138125474108
2. BatteryAgingARC_25_26_27_28_P1_B0028,0,0.0017784914234653115,0.0,0.18245372974004334,0.060950388847900154
2. BatteryAgingARC_25_26_27_28_P1_B0028,0,0.0017784914234653115,0.0,0.18245372974004334,0.060950388847900154
2. BatteryAgingARC_25_26_27_28_P1_B0028,0,0.0020219781436026096,0.0,0.1825475205205343,0.06420777163302543
2. BatteryAgingARC_25_26_27_28_P1_B0028,0,0.0020219781436026096,0.0,0.1825475205205343,0.06420777163302543
2. BatteryAgingARC_25_26_27_28_P1_B0028,0,0.0017784914234653115,0.0,0.18245372974004334,0.060950388847900154
2. BatteryAgingARC_25_26_27_28_P1_B0028,0,0.0019530393183231354,0.0,0.18252096157149747,0.06331138125474108
2. BatteryAgingARC_25_26_27_28_P1_B0028,0,0.0022486194502562284,0.0,0.18263485611510683,0.06702750207274867
2. BatteryAgingARC_25_26_27_28_P1_B0028,0,0.0034145310055464506,0.0,0.18308464969098018,0.07927047737970769
2. BatteryAgingARC_25_26_27_28_P1_B0028,0,0.004215293563902378,0.0,0.18339407108149397,0.08620054241117031
2. BatteryAgingARC_25_26_27_28_P1_B0028,0,0.005575650837272406,0.013157894736842105,0.18392065386182385,0.09625806328812088
2. BatteryAgingARC_25_26_27_28_P1_B0028,0,0.005078986287117004,0.0,0.18372826359604627,0.09279012388385192
2. BatteryAgingARC_25_26_27_28_P1_B0028,0,0.005484138149768114,0.013157894736842105,0.18388519336167958,0.09563445446131223
2. BatteryAgingARC_25_26_27_28_P1_B0028,0,0.005484138149768114,0.013157894736842105,0.18388519336167958,0.09563445446131223
2. BatteryAgingARC_25_26_27_28_P1_B0028,0,0.0075049493461847305,0.013157894736842105,0.1846694762563431,0.10810028481497404
2. BatteryAgingARC_25_26_27_28_P1_B0028,0,0.007114425767213106,0.013157894736842105,0.18451771144812376,0.10587836121110053
2. BatteryAgingARC_25_26_27_28_P1_B0028,0,0.006048261653631926,0.013157894736842105,0.18410387143128465,0.0993779537218521
2. BatteryAgingARC_25_26_27_28_P1_B0028,0,0.006034517660737038,0.013157894736842105,0.18409854128731323,0.0992894875375362
2. BatteryAgingARC_25_26_27_28_P1_B0028,0,0.0062317876145243645,0.013157894736842105,0.18417505723558705,0.10054701229985334
2. BatteryAgingARC_25_26_27_28_P1_B0028,0,0.0062317876145243645,0.013157894736842105,0.18417505723558705,0.10054701229985334
2. BatteryAgingARC_25_26_27_28_P1_B0028,0,0.0063472590409219265,0.013157894736842105,0.18421985705945235,0.10127119823291865
2. BatteryAgingARC_25_26_27_28_P1_B0028,0,0.00613175705075264,0.013157894736842105,0.18413625487235416,0.09991261963879756
2. BatteryAgingARC_25_26_27_28_P1_B0028,0,0.0063135093078017235,0.013157894736842105,0.18420676219352816,0.10106042218853159
2. BatteryAgingARC_25_26_27_28_P1_B0028,0,0.006198647897690535,0.013157894736842105,0.1841622014700693,0.10033757434562615
2. BatteryAgingARC_25_26_27_28_P1_B0028,0,0.00581722054630518,0.013157894736842105,0.18401428581181734,0.09787318907678542
2. BatteryAgingARC_25_26_27_28_P1_B0028,0,0.006609977222979069,0.013157894736842105,0.18432181611652035,0.10288766367409032
3. BatteryAgingARC_25-44_B0030,0,0.1625327616930008,0.41904761904761906,0.2526052517367348,0.3299732847044059
3. BatteryAgingARC_25-44_B0030,0,0.03554527088999748,0.30303030303030304,0.1958196121927743,0.19372135114307606
3. BatteryAgingARC_25-44_B0030,0,0.04106130450963974,0.41904761904761906,0.19807202376957786,0.20404418368527774
3. BatteryAgingARC_25-44_B0030,0,0.05710209161043167,0.41904761904761906,0.2047327140118607,0.22944487025043367
3. BatteryAgingARC_25-44_B0030,0,0.051908813416957855,0.41904761904761906,0.20255824829187483,0.22183307154156012
3. BatteryAgingARC_25-44_B0030,0,0.04639986902475357,0.41904761904761906,0.20027049264163388,0.21315886199271333
3. BatteryAgingARC_25-44_B0030,0,0.12046068161725998,0.41904761904761906,0.23265321895369806,0.2975696784818206
3. BatteryAgingARC_25-44_B0030,0,0.04276087507605553,0.41904761904761906,0.19876994412969848,0.20703044793078268
3. BatteryAgingARC_25-44_B0030,0,0.04519506171345711,0.41904761904761906,0.19977274902787115,0.21116785747908726
3. BatteryAgingARC_25-44_B0030,0,0.04643447324633598,0.41904761904761906,0.20028480245247993,0.21321551634671013
3. BatteryAgingARC_25-44_B0030,0,0.22256645560264587,0.5364963503649635,0.28297203766162865,0.3681027229037585
3. BatteryAgingARC_25-44_B0030,1,0.3012051284313202,0.5364963503649635,0.3259121624236123,0.41009387292991384
3. BatteryAgingARC_25-44_B0030,1,0.46659141778945923,0.5364963503649635,0.425624006790942,0.4855491499239861
3. BatteryAgingARC_25-44_B0030,1,0.5079634189605713,0.5364963503649635,0.4519212443609563,0.5034406317384499
3. BatteryAgingARC_25-44_B0030,1,0.6067138910293579,0.5364963503649635,0.5155072914133809,0.5466864602290892
3. BatteryAgingARC_25-44_B0030,1,0.4735579788684845,0.5364963503649635,0.4300269551527882,0.4885677144479497
3. BatteryAgingARC_25-44_B0030,1,0.5508956909179688,0.5364963503649635,0.479495045240683,0.522050312110505
3. BatteryAgingARC_25-44_B0030,1,0.5921739339828491,0.5364963503649635,0.5061269176768541,0.5401950340578081
3. BatteryAgingARC_25-44_B0030,1,0.638498067855835,0.5364963503649635,0.5359656359015694,0.5611321009025999
3. BatteryAgingARC_25-44_B0030,1,0.8269779682159424,0.5364963503649635,0.652657373018368,0.662810056389395
3. BatteryAgingARC_25-44_B0030,1,0.610673189163208,0.5364963503649635,0.5180599970362583,0.5484655737618108
3. BatteryAgingARC_25-44_B0030,1,0.6502527594566345,0.5364963503649635,0.5435048198784439,0.5665822978564405
3. BatteryAgingARC_25-44_B0030,1,0.6559557318687439,0.5364963503649635,0.5471556195935706,0.5692509188255896
3. BatteryAgingARC_25-44_B0030,1,0.6715314388275146,0.5364963503649635,0.5570995827996245,0.5766288259759403
3. BatteryAgingARC_25-44_B0030,1,0.6634517312049866,0.5364963503649635,0.5519464717048199,0.5727846399308658
3. BatteryAgingARC_25-44_B0030,1,0.2984905540943146,0.5364963503649635,0.3243742891626476,0.40874314969398307
3. BatteryAgingARC_25-44_B0030,1,0.6769295930862427,0.5364963503649635,0.5605356749443705,0.5792188454956743
3. BatteryAgingARC_25-44_B0030,1,0.8160746693611145,0.5364963503649635,0.6462485849412004,0.6555908830198643
3. BatteryAgingARC_25-44_B0030,1,0.6714000701904297,0.5364963503649635,0.5570158930793596,0.5765660169390322
3. BatteryAgingARC_25-44_B0030,1,0.6778518557548523,0.5364963503649635,0.5611221530503877,0.5796631529838737
3. BatteryAgingARC_25-44_B0030,1,0.6927869915962219,0.5364963503649635,0.5705947111711404,0.5869363110918597
3. BatteryAgingARC_25-44_B0030,1,0.8568973541259766,0.5364963503649635,0.6699565046197623,0.6842168379957183
3. BatteryAgingARC_25-44_B0030,1,0.8758814334869385,0.5364963503649635,0.6807026172437731,0.6993435328896652
3. BatteryAgingARC_25-44_B0030,1,0.8769632577896118,0.5364963503649635,0.6813093859570243,0.7002501033054415
3. BatteryAgingARC_25-44_B0030,1,0.7197188138961792,0.5364963503649635,0.5875417277548344,0.6004711260185794
3. BatteryAgingARC_25-44_B0030,1,0.8167935609817505,0.5364963503649635,0.6466727904534663,0.6560586471328692
3. BatteryAgingARC_25-44_B0030,1,0.8168179988861084,0.5364963503649635,0.6466872067831483,0.6560745679159293
3. BatteryAgingARC_25-44_B0030,1,0.8253835439682007,0.5364963503649635,0.6517235755104781,0.6617371930175532
3. BatteryAgingARC_25-44_B0030,1,0.8253835439682007,0.5364963503649635,0.6517235755104781,0.6617371930175532
3. BatteryAgingARC_25-44_B0030,1,0.8200743198394775,0.5364963503649635,0.6486057699773418,0.6582077258710771
3. BatteryAgingARC_25-44_B0039,0,0.0027284640818834305,0.0,0.18281986996817903,0.07245997533444475
3. BatteryAgingARC_25-44_B0040,0,0.0005196519778110087,0.0,0.18196942340665243,0.0367243599161995
3. BatteryAgingARC_25-44_B0040,0,0.0016931075369939208,0.0,0.18242084884005078,0.05974303464889108
3. BatteryAgingARC_25-44_B0040,0,0.00147421529982239,0.0,0.18233657558259134,0.05646541259745791
3. BatteryAgingARC_25-44_B0040,0,0.0016931075369939208,0.0,0.18242084884005078,0.05974303464889108
3. BatteryAgingARC_25-44_B0040,0,0.0017203367315232754,0.0,0.182431334164265,0.060132067292471794
3. BatteryAgingARC_25-44_B0040,0,0.0013769036158919334,0.0,0.18229912041165583,0.05491183994688467
3. BatteryAgingARC_25-44_B0040,0,0.0004633319622371346,0.0,0.18194777909739007,0.03501001304247176
3. BatteryAgingARC_25-44_B0040,0,0.0016931075369939208,0.0,0.18242084884005078,0.05974303464889108
3. BatteryAgingARC_25-44_B0040,0,0.0016931075369939208,0.0,0.18242084884005078,0.05974303464889108
3. BatteryAgingARC_25-44_B0040,0,0.0017285310896113515,0.0,0.1824344897110348,0.060248397730191174
3. BatteryAgingARC_25-44_B0040,0,0.003200991777703166,0.0,0.18300220477790682,0.07725131070078702
3. BatteryAgingARC_25-44_B0040,0,0.00255709164775908,0.0,0.18275377714546742,0.07059399739740926
3. BatteryAgingARC_25-44_B0040,1,0.9994530081748962,1.0,0.7457452666613822,0.9624834828708965
3. BatteryAgingARC_25-44_B0043,0,0.000608130416367203,0.0,0.18200343054196413,0.039205866598994984
3. BatteryAgingARC_25-44_B0043,0,0.00048554743989370763,0.0,0.1819563164743464,0.035700373887025946
3. BatteryAgingARC_25-44_B0043,0,0.00042431490146555007,0.0,0.181932785649494,0.033747957869387515
3. BatteryAgingARC_25-44_B0043,0,0.0004089130670763552,0.0,0.18192686730820323,0.033230729046849185
3. BatteryAgingARC_25-44_B0043,0,0.00044298844295553863,0.0,0.1819399613846345,0.03436025307992862
3. BatteryAgingARC_25-44_B0043,0,0.00035231784568168223,0.0,0.18190512119514488,0.031223359933964932
3. BatteryAgingARC_25-44_B0043,0,0.0004583098634611815,0.0,0.18194584915502918,0.03485122040207049
3. BatteryAgingARC_25-44_B0043,0,0.0003858805284835398,0.0,0.1819180170558052,0.03243509973135078
3. BatteryAgingARC_25-44_B0043,0,0.0003932048857677728,0.0,0.18192083140360907,0.03269110651033562
3. BatteryAgingARC_25-44_B0043,0,0.0005409226287156343,0.0,0.1819775984377585,0.03734275172214515
3. BatteryAgingARC_25-44_B0043,0,0.0005165656912140548,0.0,0.18196823726597203,0.03663338174693642
3. BatteryAgingARC_25-44_B0043,0,0.000616794335655868,0.0,0.18200676082876377,0.03943687225416424
3. BatteryAgingARC_25-44_B0043,0,0.0008691260009072721,0.0,0.18210377430060365,0.04545354972303337
3. BatteryAgingARC_25-44_B0043,0,0.000745304161682725,0.0,0.1820561637333116,0.04265581816221437
3. BatteryAgingARC_25-44_B0043,0,0.0012501165037974715,0.0,0.18225032914723097,0.05278305815885129
3. BatteryAgingARC_25-44_B0043,0,0.0009778253734111786,0.0,0.18214557812607482,0.0477164206887005
3. BatteryAgingARC_25-44_B0043,0,0.0010269313352182508,0.0,0.18216446584252663,0.048688571657164996
3. BatteryAgingARC_25-44_B0043,0,0.0031504295766353607,0.0,0.1829826875426019,0.07676084705034039
3. BatteryAgingARC_25-44_B0043,0,0.0031504295766353607,0.0,0.1829826875426019,0.07676084705034039
3. BatteryAgingARC_25-44_B0043,0,0.0013629962923005223,0.0,0.1822937679848605,0.05468436361428745
3. BatteryAgingARC_25-44_B0043,0,0.001316230627708137,0.0,0.1822757704645406,0.05390882548662523
3. BatteryAgingARC_25-44_B0043,0,0.0031826833728700876,0.0,0.18299513746535512,0.07707428310943294
3. BatteryAgingARC_25-44_B0043,0,0.002725614933297038,0.0,0.18281877099176486,0.07242956191699074
3. BatteryAgingARC_25-44_B0043,0,0.004091828130185604,0.0,0.18334633657175123,0.08519008861187877
3. BatteryAgingARC_25-44_B0043,0,0.0070693157613277435,0.013157894736842105,0.18450018707017227,0.10561663737034759
3. BatteryAgingARC_25-44_B0043,0,0.003875392721965909,0.0,0.18326268103242305,0.08337091443131077
3. BatteryAgingARC_25-44_B0043,0,0.006451359950006008,0.013157894736842105,0.1842602526577268,0.10191680368146905
3. BatteryAgingARC_25-44_B0043,0,0.006939584389328957,0.013157894736842105,0.18444979608095524,0.10485784942109616
3. BatteryAgingARC_25-44_B0043,0,0.007742784917354584,0.013157894736842105,0.18476195093016481,0.10941679098787375
3. BatteryAgingARC_25-44_B0043,0,0.011198055930435658,0.013157894736842105,0.18610946207683784,0.12611031157102884
3. BatteryAgingARC_25-44_B0043,0,0.009425990283489227,0.013157894736842105,0.18541743459139284,0.11805330527902914
3. BatteryAgingARC_25-44_B0043,0,0.014432591386139393,0.013157894736842105,0.18737774708611224,0.13886418972479436
3. BatteryAgingARC_25-44_B0043,0,0.01452163141220808,0.013157894736842105,0.18741275419989847,0.13918691388075474
3. BatteryAgingARC_25-44_B0043,1,0.05292480066418648,0.41904761904761906,0.20298229040032212,0.22336235199898868
3. BatteryAgingARC_25-44_B0043,1,0.06133753061294556,0.41904761904761906,0.20651892222068785,0.23530553562721035
3. BatteryAgingARC_25-44_B0043,1,0.06225286051630974,0.41904761904761906,0.20690645485811093,0.2365350814140856
3. BatteryAgingARC_25-44_B0043,1,0.11220414191484451,0.41904761904761906,0.22886925061121527,0.29036546874582453
3. BatteryAgingARC_25-44_B0043,1,0.07982795685529709,0.41904761904761906,0.21445161432601634,0.25804290505288446
3. BatteryAgingARC_25-44_B0043,1,0.11292017996311188,0.41904761904761906,0.22919568979197638,0.2910039926930229
3. BatteryAgingARC_25-44_B0043,1,0.2902378737926483,0.5364963503649635,0.3197222625198417,0.4046012846566435
3. BatteryAgingARC_25-44_B0043,1,0.9574314951896667,0.7894736842105263,0.7246316219732671,0.7933033983181493
5. BatteryAgingARC_49_50_51_52_B0049,0,0.0027030985802412033,0.0,0.18281008614217378,0.07218850571648014
5. BatteryAgingARC_49_50_51_52_B0049,0,0.030232222750782967,0.30303030303030304,0.19366845893366907,0.1826752760417055
5. BatteryAgingARC_49_50_51_52_B0049,0,0.030232222750782967,0.30303030303030304,0.19366845893366907,0.1826752760417055
5. BatteryAgingARC_49_50_51_52_B0049,0,0.032557811588048935,0.30303030303030304,0.19460782919589933,0.1876622893461969
5. BatteryAgingARC_49_50_51_52_B0049,0,0.18691794574260712,0.5364963503649635,0.264675704525523,0.3463444593291513
5. BatteryAgingARC_49_50_51_52_B0049,0,0.004557030741125345,0.0,0.1835262445990727,0.08890253966988451
5. BatteryAgingARC_49_50_51_52_B0049,0,0.19813597202301025,0.5364963503649635,0.27035091753233204,0.3534371970629738
5. BatteryAgingARC_49_50_51_52_B0049,0,0.40861406922340393,0.5364963503649635,0.389499289745601,0.4601550167111099
5. BatteryAgingARC_49_50_51_52_B0049,0,0.011198905296623707,0.013157894736842105,0.18610979424867868,0.12611396371669661
5. BatteryAgingARC_49_50_51_52_B0049,0,0.0646892562508583,0.41904761904761906,0.20794059497359826,0.23974810531049126
5. BatteryAgingARC_49_50_51_52_B0049,0,0.02345138043165207,0.08333333333333333,0.19094917004380707,0.16644123664025012
5. BatteryAgingARC_49_50_51_52_B0049,0,0.059039726853370667,0.41904761904761906,0.20554844424396473,0.23216204508157956
5. BatteryAgingARC_49_50_51_52_B0049,0,0.47486844658851624,0.5364963503649635,0.4308564464500079,0.4891350970427428
5. BatteryAgingARC_49_50_51_52_B0049,0,0.07016383856534958,0.41904761904761906,0.21027819607082188,0.2466744472322162
5. BatteryAgingARC_49_50_51_52_B0049,0,0.11326894909143448,0.41904761904761906,0.22935481082746445,0.29131402508695237
5. BatteryAgingARC_49_50_51_52_B0049,0,0.17060557007789612,0.5364963503649635,0.25656055282324525,0.3355521773591407
5. BatteryAgingARC_49_50_51_52_B0049,0,0.2411576807498932,0.5364963503649635,0.2928117950261523,0.37865789011607676
5. BatteryAgingARC_49_50_51_52_B0049,0,0.2480592578649521,0.5364963503649635,0.29651518806136573,0.3824620223929756
5. BatteryAgingARC_49_50_51_52_B0049,0,0.3992249071598053,0.5364963503649635,0.3837505881009951,0.45597264469456933
5. BatteryAgingARC_49_50_51_52_B0050,1,0.0011702514020726085,0.0,0.18221960000869417,0.0513734398362717
5. BatteryAgingARC_49_50_51_52_B0050,1,0.9754727482795715,1.0,0.7338283400546266,0.8307858500419792
2. BatteryAgingARC_25_26_27_28_P1_B0026,1,0.9897867441177368,1.0,0.715139621230543,0.829050057033358
2. BatteryAgingARC_25_26_27_28_P1_B0026,1,0.9892929792404175,1.0,0.7148995677087865,0.8267030785476166
2. BatteryAgingARC_25_26_27_28_P1_B0026,1,0.9291595220565796,0.7017543859649122,0.6847800925375319,0.7085829064944285
2. BatteryAgingARC_25_26_27_28_P1_B0026,1,0.9893611073493958,1.0,0.7149326967629516,0.8270219438970007
2. BatteryAgingARC_25_26_27_28_P1_B0026,1,0.9898438453674316,1.0,0.7151673742815804,0.8293270024612795
2. BatteryAgingARC_25_26_27_28_P1_B0026,1,0.9700422286987305,0.8863636363636364,0.7054464203322738,0.7686093789506689
3. BatteryAgingARC_25-44_B0027,0,0.009951121173799038,0.19834710743801653,0.19508114806831114,0.16966871157196384
3. BatteryAgingARC_25-44_B0027,0,0.006591395009309053,0.19834710743801653,0.19382551222654412,0.1504157118198318
3. BatteryAgingARC_25-44_B0027,0,0.004770368337631226,0.19834710743801653,0.19314750670143874,0.136626517187582
3. BatteryAgingARC_25-44_B0027,0,0.006029611453413963,0.19834710743801653,0.19361615607813085,0.1465035969667182
3. BatteryAgingARC_25-44_B0027,0,0.005990917794406414,0.19834710743801653,0.193601742696331,0.14622424461569583
3. BatteryAgingARC_25-44_B0027,0,0.005302704870700836,0.19834710743801653,0.19334551970978234,0.14101430416134272
3. BatteryAgingARC_25-44_B0027,0,0.0069667077623307705,0.19834710743801653,0.1939654733220371,0.15289191802639948
3. BatteryAgingARC_25-44_B0027,0,0.00606630789116025,0.19834710743801653,0.1936298262486808,0.14676729338240346
3. BatteryAgingARC_25-44_B0027,0,0.0067701200023293495,0.19834710743801653,0.19389215252622358,0.15160774062350577
3. BatteryAgingARC_25-44_B0027,0,0.009880582801997662,0.19834710743801653,0.19505472242863864,0.16931956947840238
3. BatteryAgingARC_25-44_B0027,0,0.01621001772582531,0.19834710743801653,0.19743670751735926,0.19507800472785278
3. BatteryAgingARC_25-44_B0027,0,0.020268505439162254,0.19834710743801653,0.19897556090126123,0.20770974853575283
3. BatteryAgingARC_25-44_B0027,0,0.036594271659851074,0.2,0.20525673571842762,0.2443403800550016
3. BatteryAgingARC_25-44_B0027,0,0.028933318331837654,0.2,0.20229110838392514,0.22919690967651718
3. BatteryAgingARC_25-44_B0027,0,0.033747654408216476,0.2,0.2041510336249427,0.2390304428237836
3. BatteryAgingARC_25-44_B0027,0,0.03195871040225029,0.2,0.20345842925555188,0.23551224973213616
3. BatteryAgingARC_25-44_B0027,0,0.03178507089614868,0.2,0.2033912965297842,0.23516266731063645
3. BatteryAgingARC_25-44_B0027,0,0.035744208842515945,0.2,0.20492608416427113,0.24278943929398075
3. BatteryAgingARC_25-44_B0027,0,0.032690711319446564,0.2,0.2037416177432929,0.23696990815083377
3. BatteryAgingARC_25-44_B0027,0,0.03384959325194359,0.2,0.20419055282592166,0.2392265058973499
3. BatteryAgingARC_25-44_B0027,0,0.03285020962357521,0.2,0.20380336160107862,0.2372841455616904
3. BatteryAgingARC_25-44_B0027,0,0.03039395809173584,0.2,0.2028540582043771,0.2323069640996112
3. BatteryAgingARC_25-44_B0027,0,0.03276436775922775,0.2,0.20377012937448077,0.23711517120636572
3. BatteryAgingARC_25-44_B0027,0,0.03044860064983368,0.2,0.20287514081317365,0.2324210349305674
3. BatteryAgingARC_25-44_B0027,0,0.030550621449947357,0.2,0.20291450762870283,0.23263358612645935
3. BatteryAgingARC_25-44_B0027,0,0.027691535651683807,0.19834710743801653,0.20181342671968538,0.22645531137667674
3. BatteryAgingARC_25-44_B0027,0,0.03289232775568962,0.2,0.20381966839847274,0.23736692680214222
3. BatteryAgingARC_25-44_B0027,0,0.03186129033565521,0.2,0.20342076255464808,0.2353162998467143
3. BatteryAgingARC_25-44_B0032,0,0.006463805679231882,0.19834710743801653,0.19377794927124237,0.14954981402859546
3. BatteryAgingARC_25-44_B0032,0,0.0016627009026706219,0.06760558905002444,0.19199462755569688,0.09898851914509792
3. BatteryAgingARC_25-44_B0032,0,0.0016858282033354044,0.08379118461789146,0.19200318788783935,0.09941535641631491
3. BatteryAgingARC_25-44_B0032,0,0.0016858282033354044,0.08379118461789146,0.19200318788783935,0.09941535641631491
3. BatteryAgingARC_25-44_B0032,0,0.0016858282033354044,0.08379118461789146,0.19200318788783935,0.09941535641631491
3. BatteryAgingARC_25-44_B0032,0,0.0016553403111174703,0.06245429362880886,0.19199190316958326,0.09885177442399526
3. BatteryAgingARC_25-44_B0032,0,0.0024234752636402845,0.15,0.19227637300319847,0.11123468553219758
3. BatteryAgingARC_25-44_B0032,0,0.0026617341209203005,0.15,0.1923646746274357,0.11448388314993352
3. BatteryAgingARC_25-44_B0032,0,0.0027448770124465227,0.15,0.1923954956624655,0.11556766666387952
3. BatteryAgingARC_25-44_B0032,0,0.002801713068038225,0.15,0.19241656692906506,0.11629480025154548
3. BatteryAgingARC_25-44_B0032,0,0.0029295929707586765,0.15,0.19246398325279573,0.11789221730074224
3. BatteryAgingARC_25-44_B0032,0,0.00568191846832633,0.19834710743801653,0.19348666975163878,0.143943540058544
3. BatteryAgingARC_25-44_B0032,0,0.011333431117236614,0.19834710743801653,0.195599547323773,0.1761586448879221
3. BatteryAgingARC_25-44_B0032,0,0.013949930667877197,0.19834710743801653,0.19658365005942038,0.18694678417782437
3. BatteryAgingARC_25-44_B0032,0,0.015339737758040428,0.19834710743801653,0.19710789508611806,0.19205680159056585
3. BatteryAgingARC_25-44_B0032,0,0.009952657856047153,0.19834710743801653,0.1950817237824895,0.16967629670090753
3. BatteryAgingARC_25-44_B0032,0,0.013114054687321186,0.19834710743801653,0.19626885927624077,0.1836823832138214
3. BatteryAgingARC_25-44_B0032,0,0.01783907786011696,0.19834710743801653,0.1980533163708979,0.20041285180615287
3. BatteryAgingARC_25-44_B0032,0,0.01783907786011696,0.19834710743801653,0.1980533163708979,0.20041285180615287
3. BatteryAgingARC_25-44_B0032,0,0.01939709670841694,0.19834710743801653,0.1986443912774695,0.20517427911204458
3. BatteryAgingARC_25-44_B0032,0,0.01783907786011696,0.19834710743801653,0.1980533163708979,0.20041285180615287
3. BatteryAgingARC_25-44_B0032,0,0.01939709670841694,0.19834710743801653,0.1986443912774695,0.20517427911204458
3. BatteryAgingARC_25-44_B0032,0,0.02049425058066845,0.19834710743801653,0.1990614205859147,0.20835280398093628
3. BatteryAgingARC_25-44_B0032,0,0.020326152443885803,0.19834710743801653,0.1989974836595327,0.20787448582251364
3. BatteryAgingARC_25-44_B0032,0,0.021643515676259995,0.19834710743801653,0.1994989625811406,0.21154414548295294
3. BatteryAgingARC_25-44_B0032,0,0.022204261273145676,0.19834710743801653,0.19971270855808124,0.21305383104380515
3. BatteryAgingARC_25-44_B0032,0,0.023447126150131226,0.19834710743801653,0.2001870784072282,0.21629751016484872
3. BatteryAgingARC_25-44_B0032,0,0.023447126150131226,0.19834710743801653,0.2001870784072282,0.21629751016484872
3. BatteryAgingARC_25-44_B0032,0,0.02841549552977085,0.19834710743801653,0.2020918128367415,0.22806500528098156
3. BatteryAgingARC_25-44_B0032,0,0.02909652702510357,0.2,0.2023539532525164,0.22955040005240077
3. BatteryAgingARC_25-44_B0032,0,0.025092249736189842,0.19834710743801653,0.20081627849098962,0.22039195042475893
3. BatteryAgingARC_25-44_B0032,0,0.02953120693564415,0.2,0.20252140145415296,0.2304843988852109
3. BatteryAgingARC_25-44_B0032,0,0.02877955697476864,0.2,0.20223191461965598,0.22886245962336235
3. BatteryAgingARC_25-44_B0032,0,0.02877955697476864,0.2,0.20223191461965598,0.22886245962336235
3. BatteryAgingARC_25-44_B0032,0,0.030004451051354408,0.2,0.20270382294483252,0.23148918012072553
3. BatteryAgingARC_25-44_B0032,0,0.04486420750617981,0.22727272727272727,0.20849416506324062,0.2581287485960969
3. BatteryAgingARC_25-44_B0032,0,0.04588920995593071,0.22727272727272727,0.20889803115726485,0.2596961447919746
3. BatteryAgingARC_25-44_B0032,0,0.04588920995593071,0.22727272727272727,0.20889803115726485,0.2596961447919746
3. BatteryAgingARC_25-44_B0032,0,0.0633741244673729,0.22727272727272727,0.21587598217533593,0.2829811585982532
3. BatteryAgingARC_25-44_B0032,0,0.07888013869524002,0.22727272727272727,0.22220422884314056,0.2997681448158381
3. BatteryAgingARC_25-44_B0036,0,0.005777065642178059,0.19834710743801653,0.19352209751005645,0.14465549233291394
3. BatteryAgingARC_25-44_B0038,0,0.09270303696393967,0.34567901234567905,0.22795636946025843,0.3127183352053778
3. BatteryAgingARC_25-44_B0038,0,0.11036422103643417,0.34567901234567905,0.23545722154735377,0.3272924756630162
3. BatteryAgingARC_25-44_B0038,0,0.18437160551548004,0.34567901234567905,0.2687107784305658,0.37441438682493594
3. BatteryAgingARC_25-44_B0038,0,0.1816384196281433,0.34567901234567905,0.26743127246437615,0.3729374323867684
3. BatteryAgingARC_25-44_B0038,0,0.23807865381240845,0.34567901234567905,0.2946235994096145,0.40093768755522435
3. BatteryAgingARC_25-44_B0038,0,0.05321735516190529,0.22727272727272727,0.21180219293231087,0.27017344077121264
3. BatteryAgingARC_25-44_B0038,0,0.061841655522584915,0.22727272727272727,0.21525770343832742,0.28115567527675756
3. BatteryAgingARC_25-44_B0038,0,0.38862791657447815,0.34567901234567905,0.374294893181261,0.46097760796674186
3. BatteryAgingARC_25-44_B0038,0,0.5055689811706543,0.34567901234567905,0.4415623412986355,0.5019225224407123
3. BatteryAgingARC_25-44_B0044,0,0.003474248107522726,0.15,0.19266603447176028,0.12417309334873146
3. BatteryAgingARC_25-44_B0044,0,0.001788170775398612,0.15,0.19204107242961088,0.10125502686468163
3. BatteryAgingARC_25-44_B0044,0,0.0010976974153891206,0.0,0.1917855877147666,0.08690301760647372
3. BatteryAgingARC_25-44_B0044,0,0.0010516814654693007,0.0,0.19176857039273998,0.08573584404455344
3. BatteryAgingARC_25-44_B0044,0,0.0011107096215710044,0.0,0.1917904000138815,0.08722672223618662
3. BatteryAgingARC_25-44_B0044,0,0.0021985466592013836,0.15,0.19219304007647345,0.10794614592749575
3. BatteryAgingARC_25-44_B0044,0,0.0022744364105165005,0.15,0.1922211530992503,0.10908195838790172
3. BatteryAgingARC_25-44_B0044,0,0.0023143719881772995,0.15,0.19223594831575136,0.10966862511421455
3. BatteryAgingARC_25-44_B0044,0,0.0006010864162817597,0.0,0.19160199508941517,0.07174984922615697
3. BatteryAgingARC_25-44_B0044,0,0.0012612147256731987,0.0,0.19184606795067338,0.0907875065731672
3. BatteryAgingARC_25-44_B0044,0,0.0013783001340925694,0.0,0.19188938332942054,0.09335253292350573
3. BatteryAgingARC_25-44_B0044,0,0.0014693225966766477,0.0,0.19192306195527664,0.09524057302612056
3. BatteryAgingARC_25-44_B0044,0,0.001912818755954504,0.15,0.19208722154611696,0.10339561680325703
3. BatteryAgingARC_25-44_B0044,0,0.003015525871887803,0.15,0.19249585113415849,0.11893717637911712
3. BatteryAgingARC_25-44_B0044,0,0.0019969616550952196,0.15,0.1921183790194962,0.10478415844793967
3. BatteryAgingARC_25-44_B0044,0,0.006717978976666927,0.19834710743801653,0.1938727091636067,0.15126244499650082
3. BatteryAgingARC_25-44_B0044,0,0.008171956054866314,0.19834710743801653,0.19441545168253233,0.16021965657776654
3. BatteryAgingARC_25-44_B0044,0,0.00889522209763527,0.19834710743801653,0.19468586240923785,0.16423252573705124
3. BatteryAgingARC_25-44_B0044,0,0.00889522209763527,0.19834710743801653,0.19468586240923785,0.16423252573705124
3. BatteryAgingARC_25-44_B0044,0,0.01308007538318634,0.19834710743801653,0.19625607073690177,0.18354634900332156
3. BatteryAgingARC_25-44_B0044,0,0.03875284269452095,0.22727272727272727,0.20609813932784402,0.24815627429311965
3. BatteryAgingARC_25-44_B0044,0,0.05018571391701698,0.22727272727272727,0.21059717872889047,0.26598408527315115
3. BatteryAgingARC_25-44_B0044,0,0.05448373407125473,0.22727272727272727,0.2123070428814271,0.27186867436351214
3. BatteryAgingARC_25-44_B0044,0,0.05358785018324852,0.22727272727272727,0.21194980220496032,0.2706726134861154
3. BatteryAgingARC_25-44_B0044,0,0.0574629008769989,0.22727272727272727,0.213498170589928,0.2757394173984055
3. BatteryAgingARC_25-44_B0044,0,0.06092652678489685,0.22727272727272727,0.21488910556411503,0.28004883321931995
3. BatteryAgingARC_25-44_B0044,0,0.053258515894412994,0.22727272727272727,0.21181858810609994,0.2702290300914671
3. BatteryAgingARC_25-44_B0044,0,0.055374905467033386,0.22727272727272727,0.2126628405887389,0.2730434008031867
3. BatteryAgingARC_25-44_B0044,0,0.068949393928051,0.22727272727272727,0.21813618797617512,0.2893477580243355
3. BatteryAgingARC_25-44_B0044,0,0.1847388744354248,0.34567901234567905,0.268883005495851,0.37461173286838173
3. BatteryAgingARC_25-44_B0044,0,0.2569757103919983,0.34567901234567905,0.3040795137918484,0.40938150942290213
3. BatteryAgingARC_25-44_B0044,0,0.27328845858573914,0.34567901234567905,0.31237798314029375,0.4163893631564643
3. BatteryAgingARC_25-44_B0044,0,0.334421306848526,0.34567901234567905,0.3445308560232047,0.4408801747454681
3. BatteryAgingARC_25-44_B0044,1,0.5244647860527039,0.34567901234567905,0.45270680147077214,0.5084513648014471
3. BatteryAgingARC_25-44_B0044,1,0.5722683072090149,0.34567901234567905,0.48108781309409465,0.5251023535256318
3. BatteryAgingARC_25-44_B0044,1,0.5890049934387207,0.34567901234567905,0.4910628157868051,0.5310161378753387
3. BatteryAgingARC_25-44_B0044,1,0.6084533929824829,0.34567901234567905,0.502662395591678,0.53796995109175
3. BatteryAgingARC_25-44_B0044,1,0.6169804930686951,0.34567901234567905,0.5077480344442025,0.5410518929680047
3. BatteryAgingARC_25-44_B0044,1,0.6169804930686951,0.34567901234567905,0.5077480344442025,0.5410518929680047
3. BatteryAgingARC_25-44_B0044,1,0.6673872470855713,0.34567901234567905,0.5377432761214853,0.5598120675141174
3. BatteryAgingARC_25-44_B0044,1,0.6296283006668091,0.34567901234567905,0.515288036185898,0.545666067055324
6. BatteryAgingARC_53_54_55_56_B0053,0,0.04907809942960739,0.22727272727272727,0.2101581807293246,0.2644044076702776
6. BatteryAgingARC_53_54_55_56_B0053,0,0.04748355224728584,0.22727272727272727,0.20952736921651655,0.26208086934521796
6. BatteryAgingARC_53_54_55_56_B0053,0,0.04748355224728584,0.22727272727272727,0.20952736921651655,0.26208086934521796
6. BatteryAgingARC_53_54_55_56_B0053,0,0.017314927652478218,0.19834710743801653,0.19785476434543295,0.19873887278058036
6. BatteryAgingARC_53_54_55_56_B0053,0,0.04748355224728584,0.22727272727272727,0.20952736921651655,0.26208086934521796
6. BatteryAgingARC_53_54_55_56_B0053,0,0.04331667721271515,0.22727272727272727,0.2078855054755274,0.2557086673304583
6. BatteryAgingARC_53_54_55_56_B0053,0,0.04450472444295883,0.22727272727272727,0.20835265972413475,0.2575724391185804
6. BatteryAgingARC_53_54_55_56_B0053,0,0.04527173936367035,0.22727272727272727,0.20865466971877597,0.25875523520875665
6. BatteryAgingARC_53_54_55_56_B0053,0,0.04450472444295883,0.22727272727272727,0.20835265972413475,0.2575724391185804
6. BatteryAgingARC_53_54_55_56_B0053,0,0.04450472444295883,0.22727272727272727,0.20835265972413475,0.2575724391185804
6. BatteryAgingARC_53_54_55_56_B0053,0,0.04098062962293625,0.22727272727272727,0.20696919809835743,0.25192471446058246
6. BatteryAgingARC_53_54_55_56_B0053,0,0.04860363528132439,0.22727272727272727,0.20997033459148304,0.2637192402362264
6. BatteryAgingARC_53_54_55_56_B0053,0,0.0849384143948555,0.22727272727272727,0.22471242606313202,0.3056405707995839
6. BatteryAgingARC_53_54_55_56_B0053,0,0.09390940517187119,0.34567901234567905,0.22846332318428766,0.3137773006251791
6. BatteryAgingARC_53_54_55_56_B0053,0,0.05670379474759102,0.22727272727272727,0.2131942039375868,0.2747681818547655
6. BatteryAgingARC_53_54_55_56_B0053,0,0.09869971126317978,0.34567901234567905,0.230484184288054,0.3178837684541207
6. BatteryAgingARC_53_54_55_56_B0053,0,0.06513392180204391,0.22727272727272727,0.21658756337971494,0.28503585373707285
6. BatteryAgingARC_53_54_55_56_B0053,0,0.09869971126317978,0.34567901234567905,0.230484184288054,0.3178837684541207
6. BatteryAgingARC_53_54_55_56_B0053,0,0.09869971126317978,0.34567901234567905,0.230484184288054,0.3178837684541207
6. BatteryAgingARC_53_54_55_56_B0053,0,0.10000235587358475,0.34567901234567905,0.2310358845393732,0.3189744725592708
6. BatteryAgingARC_53_54_55_56_B0053,0,0.10000235587358475,0.34567901234567905,0.2310358845393732,0.3189744725592708
6. BatteryAgingARC_53_54_55_56_B0053,0,0.06065138056874275,0.22727272727272727,0.21477837114902126,0.2797135328352149
6. BatteryAgingARC_53_54_55_56_B0053,0,0.12036889046430588,0.34567901234567905,0.23978138299990795,0.33479052887305955
6. BatteryAgingARC_53_54_55_56_B0053,0,0.06411577016115189,0.22727272727272727,0.2161756629017056,0.28385238876222213
6. BatteryAgingARC_53_54_55_56_B0053,0,0.06734813749790192,0.22727272727272727,0.21748529926975094,0.2875611319175868
6. BatteryAgingARC_53_54_55_56_B0053,0,0.0530383363366127,0.22727272727272727,0.2117308968152743,0.26993127929617655
6. BatteryAgingARC_53_54_55_56_B0053,0,0.12060627341270447,0.34567901234567905,0.23988464069933618,0.33496276818464543
6. BatteryAgingARC_53_54_55_56_B0053,0,0.05489135906100273,0.22727272727272727,0.21246973204473205,0.2724078336770932
6. BatteryAgingARC_53_54_55_56_B0053,0,0.12683691084384918,0.34567901234567905,0.24260573727848045,0.3393974061212849
6. BatteryAgingARC_53_54_55_56_B0053,0,0.1330220252275467,0.34567901234567905,0.24532762767995828,0.343645484204241
6. BatteryAgingARC_53_54_55_56_B0053,0,0.05649440363049507,0.22727272727272727,0.21311041360220304,0.27449850505235107
6. BatteryAgingARC_53_54_55_56_B0053,0,0.14065542817115784,0.34567901234567905,0.2487151725620159,0.34869609206296287
6. BatteryAgingARC_53_54_55_56_B0053,0,0.2040822058916092,0.34567901234567905,0.27805187531261366,0.38465939463009763
6. BatteryAgingARC_53_54_55_56_B0053,0,0.12364323437213898,0.34567901234567905,0.24120835280266253,0.33714470802117247
6. BatteryAgingARC_53_54_55_56_B0053,0,0.5853157043457031,0.34567901234567905,0.4888631235801358,0.529707492128093
6. BatteryAgingARC_53_54_55_56_B0053,0,0.45327675342559814,0.34567901234567905,0.4110591614484273,0.4838292447588637
6. BatteryAgingARC_53_54_55_56_B0053,0,0.6091920733451843,0.34567901234567905,0.5031029880527719,0.5382360741933238
6. BatteryAgingARC_53_54_55_56_B0053,0,0.6079396605491638,0.34567901234567905,0.5023559728416535,0.5377849624103173
6. BatteryAgingARC_53_54_55_56_B0053,0,0.693993330001831,0.34567901234567905,0.5534798206434953,0.5702018643567843
6. BatteryAgingARC_53_54_55_56_B0053,0,0.6079396605491638,0.34567901234567905,0.5023559728416535,0.5377849624103173
6. BatteryAgingARC_53_54_55_56_B0053,0,0.6079396605491638,0.34567901234567905,0.5023559728416535,0.5377849624103173
6. BatteryAgingARC_53_54_55_56_B0053,0,0.693993330001831,0.34567901234567905,0.5534798206434953,0.5702018643567843
6. BatteryAgingARC_53_54_55_56_B0053,0,0.5079146027565002,0.34567901234567905,0.44294279091602135,0.5027323789092318
6. BatteryAgingARC_53_54_55_56_B0053,0,0.4532963037490845,0.34567901234567905,0.41107045386043684,0.48383604598023605
6. BatteryAgingARC_53_54_55_56_B0053,0,0.6092199683189392,0.34567901234567905,0.5031196261674217,0.5382461269665891
6. BatteryAgingARC_53_54_55_56_B0053,0,0.5220130085945129,0.34567901234567905,0.4512578571016365,0.5076033784004619
6. BatteryAgingARC_53_54_55_56_B0053,0,0.6033515334129333,0.34567901234567905,0.49961927003835405,0.5361361403518738
6. BatteryAgingARC_53_54_55_56_B0053,0,0.6079396605491638,0.34567901234567905,0.5023559728416535,0.5377849624103173
6. BatteryAgingARC_53_54_55_56_B0053,0,0.47344306111335754,0.34567901234567905,0.42275511750374667,0.490824747988611
6. BatteryAgingARC_53_54_55_56_B0053,0,0.6092199683189392,0.34567901234567905,0.5031196261674217,0.5382461269665891
6. BatteryAgingARC_53_54_55_56_B0053,0,0.6126802563667297,0.34567901234567905,0.5051834692118029,0.5394949196308686
6. BatteryAgingARC_53_54_55_56_B0053,0,0.6221572756767273,0.34567901234567905,0.5108347991149964,0.5429340009228857
6. BatteryAgingARC_53_54_55_56_B0053,0,0.47707363963127136,0.34567901234567905,0.42487039687763584,0.49208076399192713
6. BatteryAgingARC_53_54_55_56_B0053,0,0.5317701101303101,0.34567901234567905,0.4570287407387174,0.5109803006580419
6. BatteryAgingARC_53_54_55_56_B0053,0,0.6079396605491638,0.34567901234567905,0.5023559728416535,0.5377849624103173
6. BatteryAgingARC_53_54_55_56_B0054,0,0.004416851792484522,0.19834710743801653,0.19301609454408886,0.1335071745440652
6. BatteryAgingARC_53_54_55_56_B0054,0,0.1755419820547104,0.34567901234567905,0.2645912788950579,0.36958838041050956
6. BatteryAgingARC_53_54_55_56_B0054,0,0.28163397312164307,0.34567901234567905,0.31667086933911154,0.41988585095155256
6. BatteryAgingARC_53_54_55_56_B0054,0,0.4166027009487152,0.34567901234567905,0.39005292488572185,0.4709718069734494
6. BatteryAgingARC_53_54_55_56_B0054,0,0.38152191042900085,0.34567901234567905,0.37033275918050224,0.4584045198923229
6. BatteryAgingARC_53_54_55_56_B0054,0,0.252557635307312,0.34567901234567905,0.30185346420596487,0.4074406083933222
6. BatteryAgingARC_53_54_55_56_B0054,0,0.476688951253891,0.34567901234567905,0.4246461345908473,0.49194771621992706
6. BatteryAgingARC_53_54_55_56_B0054,0,0.476688951253891,0.34567901234567905,0.4246461345908473,0.49194771621992706
6. BatteryAgingARC_53_54_55_56_B0054,0,0.26577305793762207,0.34567901234567905,0.3085394343707376,0.41319060348814063
6. BatteryAgingARC_53_54_55_56_B0054,0,0.2951696515083313,0.34567901234567905,0.32370020046010195,0.42544241703157665
6. BatteryAgingARC_53_54_55_56_B0054,0,0.3898812234401703,0.34567901234567905,0.37499547512363796,0.4614298396340238
6. BatteryAgingARC_53_54_55_56_B0054,0,0.38152191042900085,0.34567901234567905,0.37033275918050224,0.4584045198923229
6. BatteryAgingARC_53_54_55_56_B0054,0,0.11852864921092987,0.34567901234567905,0.23898194078323853,0.33344676483970376
6. BatteryAgingARC_53_54_55_56_B0054,0,0.24041339755058289,0.34567901234567905,0.29578258664731377,0.4020017608283214
6. BatteryAgingARC_53_54_55_56_B0054,0,0.28163397312164307,0.34567901234567905,0.31667086933911154,0.41988585095155256
6. BatteryAgingARC_53_54_55_56_B0054,0,0.19014178216457367,0.34567901234567905,0.27142469526275775,0.37748520445799616
6. BatteryAgingARC_53_54_55_56_B0054,0,0.19472655653953552,0.34567901234567905,0.27359329623065043,0.3798815123064072
6. BatteryAgingARC_53_54_55_56_B0054,0,0.1833094358444214,0.34567901234567905,0.2682130775574194,0.37384216519267605
6. BatteryAgingARC_53_54_55_56_B0054,0,0.11852864921092987,0.34567901234567905,0.23898194078323853,0.33344676483970376
6. BatteryAgingARC_53_54_55_56_B0054,0,0.19944921135902405,0.34567901234567905,0.27583837306098513,0.38231154342591467
6. BatteryAgingARC_53_54_55_56_B0054,0,0.11107125133275986,0.34567901234567905,0.23576103048183064,0.3278384980097526
6. BatteryAgingARC_53_54_55_56_B0054,0,0.16783276200294495,0.34567901234567905,0.26102774347411467,0.36523837516155877
6. BatteryAgingARC_53_54_55_56_B0054,0,0.1423301100730896,0.34567901234567905,0.2494625326146036,0.3497777280626479
6. BatteryAgingARC_53_54_55_56_B0054,0,0.12459713965654373,0.34567901234567905,0.24162515575539123,0.33782195811151766
6. BatteryAgingARC_53_54_55_56_B0054,0,0.3856295049190521,0.34567901234567905,0.37262096203214107,0.45989378054565516
