cell,y,p_raw
calce_CX2_36,0,0.7885872872841816
calce_CX2_36,0,0.7686341930594549
calce_CX2_36,0,0.7622212133049501
calce_CX2_36,0,0.7784076344674522
calce_CX2_36,0,0.7912956756695618
calce_CX2_36,0,0.7872194372311841
calce_CX2_36,0,0.7710983077734243
calce_CX2_36,0,0.7677609429609761
calce_CX2_36,0,0.7681120926641167
calce_CX2_36,0,0.7681721670732723
calce_CX2_36,0,0.7685529583045463
calce_CX2_36,0,0.7690256536258401
calce_CX2_36,0,0.7690068081444034
calce_CX2_36,0,0.7691759850879247
calce_CX2_36,0,0.769047244535495
calce_CX2_36,0,0.7691303748127138
calce_CX2_36,0,0.769730394464137
calce_CX2_36,0,0.7701183263631407
calce_CX2_36,0,0.7705827517799823
calce_CX2_36,0,0.7709543776731296
calce_CX2_36,0,0.7706897412994899
calce_CX2_36,0,0.7720166788826838
calce_CX2_36,0,0.7726010255363029
calce_CX2_36,0,0.7732757391563351
calce_CX2_36,0,0.7891515188817543
calce_CX2_36,0,0.8010947616464582
calce_CX2_36,0,0.8005057098321359
calce_CX2_36,0,0.8071771282994558
calce_CX2_36,0,0.8102780511335281
calce_CX2_36,0,0.7935846920222869
calce_CX2_36,0,0.7894885653721111
calce_CX2_36,0,0.7979794568889651
calce_CX2_36,0,0.8128331855457902
calce_CX2_36,0,0.8114249419833386
calce_CX2_36,0,0.8102598836730457
calce_CX2_36,0,0.8180733780936191
calce_CX2_36,0,0.9498533561909006
calce_CX2_36,0,0.7975801906913381
calce_CX2_36,0,0.7955003200677259
calce_CX2_36,0,0.8189405987191452
calce_CX2_36,0,0.8205838078138283
calce_CX2_36,0,0.820803049561588
calce_CX2_36,0,0.8225805644902061
calce_CX2_36,0,0.8226308150657768
calce_CX2_36,0,0.8087315402238182
calce_CX2_36,0,0.8060738624098055
calce_CX2_36,0,0.8240697472648121
calce_CX2_36,0,0.8268066549894869
calce_CX2_36,0,0.8233181277057096
calce_CX2_36,0,0.8259913550540994
calce_CX2_36,0,0.8132171289735315
calce_CX2_36,0,0.8070785862404153
calce_CX2_36,0,0.8152093678769403
calce_CX2_36,1,0.8011289580762666
calce_CX2_36,1,0.7887725659886732
calce_CX2_36,1,0.7872640349632097
calce_CX2_36,1,0.8128932659746874
calce_CX2_36,1,0.8134011815790693
calce_CX2_36,1,0.8173474398210713
calce_CX2_36,1,0.8039155505301057
calce_CX2_36,1,0.8209140188224366
calce_CX2_36,1,0.8214736229196463
calce_CX2_36,1,0.8091638096243173
calce_CX2_36,1,0.8001862408408646
calce_CX2_36,1,0.7985280451489764
calce_CX2_36,1,0.8265928324353282
calce_CX2_36,1,0.8258193141837834
calce_CX2_36,1,0.8296457327073029
calce_CX2_36,1,0.8279790457842655
calce_CX2_36,1,0.8239644586530256
calce_CX2_36,1,0.8158272940716765
calce_CX2_36,1,0.8138996104181304
calce_CX2_36,1,0.9581399263099527
calce_CX2_36,1,0.8370570126712596
calce_CX2_36,1,0.8372668270187363
calce_CX2_36,1,0.8395541799661664
calce_CX2_36,1,0.8422277809354325
calce_CX2_36,1,0.8258285314842129
calce_CX2_36,1,0.8242523462340291
calce_CX2_36,1,0.8227908197685576
calce_CX2_36,1,0.8218940105894064
calce_CX2_36,1,0.8214338537455886
calce_CX2_36,1,0.8209167773990511
calce_CX2_36,1,0.8188650658870852
calce_CX2_36,1,0.8197965860031593
calce_CX2_36,1,0.9481929012018095
calce_CX2_36,1,0.8199140162316908
calce_CX2_36,1,0.819243986699203
calce_CX2_36,1,0.8183447770948233
calce_CX2_36,1,0.8189991570708998
calce_CX2_36,1,0.8184465897405268
calce_CX2_36,1,0.8165815049901257
calce_CX2_36,1,0.8169590217698349
calce_CX2_36,1,0.8176842593636442
calce_CX2_36,1,0.8446343353006236
calce_CX2_36,1,0.8449195907762287
calce_CX2_36,1,0.8428793878862052
calce_CX2_36,1,0.8476967829240226
calce_CX2_36,1,0.8430871619336813
calce_CX2_36,1,0.8312348447667551
calce_CX2_36,1,0.8287923133604317
calce_CX2_36,1,0.8498883831324828
calce_CX2_36,1,0.8511714293275575
calce_CX2_36,1,0.8492040773317363
calce_CX2_36,1,0.8493210012500195
calce_CX2_36,1,0.8559523497721866
calce_CX2_36,1,0.8395785549175642
calce_CX2_36,1,0.8374501720175845
calce_CX2_36,1,0.8530218807102604
calce_CX2_36,1,0.8424373874774287
calce_CX2_36,1,0.8408275097733561
calce_CX2_36,1,0.8271040072505074
calce_CX2_36,1,0.8226800254332237
calce_CX2_36,1,0.8295867801911745
calce_CX2_36,1,0.9612554001895176
calce_CX2_36,1,0.8432126589684141
calce_CX2_36,1,0.8445039836718579
calce_CX2_36,1,0.8468122552123598
calce_CX2_36,1,0.8461493124554792
calce_CX2_36,1,0.8358676042733048
calce_CX2_36,1,0.8341878790538855
calce_CX2_36,1,0.8328549021614345
calce_CX2_36,1,0.832138352810977
calce_CX2_36,1,0.8304508299816862
calce_CX2_36,1,0.8300287645434022
calce_CX2_36,1,0.8320484342655674
calce_CX2_36,1,0.8322259020012132
calce_CX2_36,1,0.8326766666786528
calce_CX2_36,1,0.8331999167111402
calce_CX2_36,1,0.8335945101512937
calce_CX2_36,1,0.8335930316088587
calce_CX2_36,1,0.8336473947111657
calce_CX2_36,1,0.8335250370676482
calce_CX2_36,1,0.8337387646603364
calce_CX2_36,1,0.8340313586392686
calce_CX2_36,1,0.8468668109794434
calce_CX2_36,1,0.8568828227484149
calce_CX2_36,1,0.8581798557140851
calce_CX2_36,1,0.8603277421359664
calce_CX2_36,1,0.8633481556440855
calce_CX2_36,1,0.8501425706536714
calce_CX2_36,1,0.8456289325392469
calce_CX2_36,1,0.8492747068542672
calce_CX2_36,1,0.8625928363694588
calce_CX2_36,1,0.8630244891939312
calce_CX2_36,1,0.86586295266015
calce_CX2_36,1,0.8652353708860091
calce_CX2_36,1,0.8588536688870829
calce_CX2_36,1,0.852059624393347
calce_CX2_36,1,0.8477120938456503
calce_CX2_36,1,0.8670061087140244
calce_CX2_36,1,0.9686297802420674
calce_CX2_36,1,0.8689992290923964
calce_CX2_36,1,0.8702975808289335
calce_CX2_36,1,0.8702387800839726
calce_CX2_36,1,0.8569758526356784
calce_CX2_36,1,0.8538574920406723
calce_CX2_36,1,0.8634530471715236
calce_CX2_36,1,0.871700292983363
calce_CX2_36,1,0.8677067596768803
calce_CX2_36,1,0.86859412434747
calce_CX2_36,1,0.96894045201289
calce_CX2_36,1,0.860401011121673
calce_CX2_36,1,0.856845627866221
calce_CX2_36,1,0.8647935223638173
calce_CX2_36,1,0.8735042768725064
calce_CX2_36,1,0.8724938339977624
calce_CX2_36,1,0.8735528747858791
calce_CX2_36,1,0.8746127838679447
calce_CX2_36,1,0.8649021975282484
calce_CX2_36,1,0.861524310257241
calce_CX2_36,1,0.8591631088119551
calce_CX2_36,1,0.8581776561970801
calce_CX2_36,1,0.857247101962673
calce_CX2_36,1,0.8552127151813628
calce_CX2_36,1,0.8552741973632438
calce_CX2_36,1,0.854497656723242
calce_CX2_36,1,0.8537981088980322
calce_CX2_36,1,0.8535074271123781
calce_CX2_36,1,0.8530931273386175
calce_CX2_36,1,0.8530001775108617
calce_CX2_36,1,0.8523562222469412
calce_CX2_36,1,0.8519900027052097
calce_CX2_36,1,0.8511635752628499
calce_CX2_36,1,0.8512574855185768
calce_CX2_36,1,0.850864737956947
calce_CX2_36,1,0.8687389864179472
calce_CX2_36,1,0.8738625343349454
calce_CX2_36,1,0.875395400792992
calce_CX2_36,1,0.8758544943405885
calce_CX2_36,1,0.8780794942520205
calce_CX2_36,1,0.8651549467055073
calce_CX2_36,1,0.8603980197225014
calce_CX2_36,1,0.8660694024127356
calce_CX2_36,1,0.8783264495739247
calce_CX2_36,1,0.8752574029445289
calce_CX2_36,1,0.8760135683651279
calce_CX2_36,1,0.8762454806496927
calce_CX2_36,1,0.8707935854896061
calce_CX2_36,1,0.8643537528862457
calce_CX2_36,1,0.8620158485123304
calce_CX2_36,1,0.8743747279195632
calce_CX2_36,1,0.8750218935801877
calce_CX2_36,1,0.8762262695474813
calce_CX2_36,1,0.8785790053539598
calce_CX2_36,1,0.8799917296297189
calce_CX2_36,1,0.8636494283913699
calce_CX2_36,1,0.8636893985381142
calce_CX2_36,1,0.8762846977177503
calce_CX2_36,1,0.8766659865088516
calce_CX2_36,1,0.8697366941687829
calce_CX2_36,1,0.8770562278778234
calce_CX2_36,1,0.9718876023059385
calce_CX2_36,1,0.8817647407782154
calce_CX2_36,1,0.8810721813852802
calce_CX2_36,1,0.8805748991812224
calce_CX2_36,1,0.8815890456852848
calce_CX2_36,1,0.8843993022061917
calce_CX2_36,1,0.8732672176379579
calce_CX2_36,1,0.8689085619508448
calce_CX2_36,1,0.8666018404243125
calce_CX2_36,1,0.8664543474917583
calce_CX2_36,1,0.8665042105890031
calce_CX2_36,1,0.8667314189792631
calce_CX2_36,1,0.8655447383318283
calce_CX2_36,1,0.8724457631549823
calce_CX2_36,1,0.8644266608819519
calce_CX2_36,1,0.86072593955068
calce_CX2_36,1,0.8587549544630267
calce_CX2_36,1,0.8693138750833527
calce_CX2_36,1,0.8680585660396802
calce_CX2_36,1,0.8673161826980021
calce_CX2_36,1,0.8644989306229925
calce_CX2_36,1,0.8654047992432663
calce_CX2_36,1,0.8569485177011545
calce_CX2_36,1,0.8565292661707129
calce_CX2_36,1,0.8669875530205516
calce_CX2_36,1,0.8711350041438346
calce_CX2_36,1,0.9661159264247328
calce_CX2_36,1,0.8692432227707313
calce_CX2_36,1,0.86938337126386
calce_CX2_36,1,0.8629847319494273
calce_CX2_36,1,0.8602027774640629
calce_CX2_36,1,0.8594439204732851
calce_CX2_36,1,0.87199411400517
calce_CX2_36,1,0.8710994198200387
calce_CX2_36,1,0.872546063599189
calce_CX2_36,1,0.8729175278505534
calce_CX2_36,1,0.8746592475316541
calce_CX2_36,1,0.8635769346774025
calce_CX2_36,1,0.8624196771959394
calce_CX2_36,1,0.8736203928585198
calce_CX2_36,1,0.8748361249579047
calce_CX2_36,1,0.8743775850412432
calce_CX2_36,1,0.8730950522098747
calce_CX2_36,1,0.8743480166275975
calce_CX2_36,1,0.8660393330510593
calce_CX2_36,1,0.8641833278760995
calce_CX2_36,1,0.8633406710634351
calce_CX2_36,1,0.8622024747346371
calce_CX2_36,1,0.8616661638164141
calce_CX2_36,1,0.8601971191589818
calce_CX2_36,1,0.8586868370414917
calce_CX2_36,1,0.8574414410946142
calce_CX2_36,1,0.8568678254528413
calce_CX2_36,1,0.8567223856480343
calce_CX2_36,1,0.8568281154550984
calce_CX2_36,1,0.8562338364744551
calce_CX2_36,1,0.8564380900107914
calce_CX2_36,1,0.8561641789751719
calce_CX2_36,1,0.8562962060794242
calce_CX2_36,1,0.8557960637381746
calce_CX2_36,1,0.8560290262568945
calce_CX2_36,1,0.8728132641094413
calce_CX2_36,1,0.8764643391163847
calce_CX2_36,1,0.9670992794319178
calce_CX2_36,1,0.8711066289909256
calce_CX2_36,1,0.8679246499225813
calce_CX2_36,1,0.8620963917296666
calce_CX2_36,1,0.8611620133619512
calce_CX2_36,1,0.873874693797336
calce_CX2_36,1,0.8741389763924136
calce_CX2_36,1,0.8722456532774661
calce_CX2_36,1,0.8733268233832275
calce_CX2_36,1,0.8759890774064056
calce_CX2_36,1,0.8661321252244849
calce_CX2_36,1,0.8645116025281032
calce_CX2_36,1,0.8732912701124512
calce_CX2_36,1,0.8775049655266223
calce_CX2_36,1,0.8743536595988888
calce_CX2_36,1,0.8746129002197329
calce_CX2_36,1,0.8763352595656327
calce_CX2_36,1,0.8695421776151067
calce_CX2_36,1,0.8666369119347608
calce_CX2_36,1,0.865930818607096
calce_CX2_36,1,0.8787281770333294
calce_CX2_36,1,0.8771571645929349
calce_CX2_36,1,0.878513699644135
calce_CX2_36,1,0.8786121481169746
calce_CX2_36,1,0.8766466510251703
calce_CX2_36,1,0.8693020317808514
calce_CX2_36,1,0.86719917807774
calce_CX2_36,1,0.8804398363755433
calce_CX2_36,1,0.8811522657675764
calce_CX2_36,1,0.8811769085352839
calce_CX2_36,1,0.880202480803159
calce_CX2_36,1,0.8815975907137087
calce_CX2_36,1,0.872586619646553
calce_CX2_36,1,0.8702639420487477
calce_CX2_36,1,0.8701096269710555
calce_CX2_36,1,0.8696371294416781
calce_CX2_36,1,0.8693368788873332
calce_CX2_36,1,0.8681497599869974
calce_CX2_36,1,0.8664442583031886
calce_CX2_36,1,0.8675737152388351
calce_CX2_36,1,0.8675816610000483
calce_CX2_36,1,0.8678994072577061
calce_CX2_36,1,0.8680319313890886
calce_CX2_36,1,0.8680157886006298
calce_CX2_36,1,0.8678660093662925
calce_CX2_36,1,0.8676101518339662
calce_CX2_36,1,0.8675890165862259
calce_CX2_36,1,0.8674961081743938
calce_CX2_36,1,0.8677986053758053
calce_CX2_36,1,0.8802451482498348
calce_CX2_36,1,0.9687586860169097
calce_CX2_36,1,0.8763746874212663
calce_CX2_36,1,0.872781265803753
calce_CX2_36,1,0.8676015594486544
calce_CX2_36,1,0.86703425297042
calce_CX2_36,1,0.8786657783568296
calce_CX2_36,1,0.8796334022221096
calce_CX2_36,1,0.881224509769981
calce_CX2_36,1,0.8808997080517638
calce_CX2_36,1,0.8825024845288527
calce_CX2_36,1,0.8722224434517426
calce_CX2_36,1,0.870696472614862
calce_CX2_36,1,0.8784865308228665
calce_CX2_36,1,0.8827618907963433
calce_CX2_36,1,0.8823927235313427
calce_CX2_36,1,0.8823333909651674
calce_CX2_36,1,0.8845600309609212
calce_CX2_36,1,0.8765567586695023
calce_CX2_36,1,0.873403622704563
calce_CX2_36,1,0.8727520032689696
calce_CX2_36,1,0.8868038664735832
calce_CX2_36,1,0.8860954544751964
calce_CX2_36,1,0.8849286147399729
calce_CX2_36,1,0.8939890891023019
calce_CX2_36,1,0.8955402860165425
calce_CX2_36,1,0.882667769873183
calce_CX2_36,1,0.8805554684914938
calce_CX2_36,1,0.896456859066016
calce_CX2_36,1,0.901552024149643
calce_CX2_36,1,0.8995787888889647
calce_CX2_36,1,0.9033703556343312
calce_CX2_36,1,0.9057080431727488
calce_CX2_36,1,0.8919440101581401
calce_CX2_36,1,0.8872276626468404
calce_CX2_36,1,0.8854656540382929
calce_CX2_36,1,0.8843664770751501
calce_CX2_36,1,0.8837293456642145
calce_CX2_36,1,0.8806960540050602
calce_CX2_36,1,0.8802081952461834
calce_CX2_36,1,0.9671535660379623
calce_CX2_36,1,0.8807800651874873
calce_CX2_36,1,0.880964231376429
calce_CX2_36,1,0.9675712827071118
calce_CX2_36,1,0.8816810828427517
calce_CX2_36,1,0.8817829407957415
calce_CX2_36,1,0.8815474832366531
calce_CX2_36,1,0.8812533106396739
calce_CX2_36,1,0.8809790168453786
calce_CX2_36,1,0.8809432427209478
calce_CX2_36,1,0.8807348573815955
calce_CX2_36,1,0.8995615612320006
calce_CX2_36,1,0.9005903724647768
calce_CX2_36,1,0.8862977156738954
calce_CX2_36,1,0.8825425994817468
calce_CX2_36,1,0.8906912306048701
calce_CX2_36,1,0.9011417215744829
calce_CX2_36,1,0.9005853250915314
calce_CX2_36,1,0.9027165720766036
calce_CX2_36,1,0.9045262991727033
calce_CX2_36,1,0.898054691275785
calce_CX2_36,1,0.8899781913682908
calce_CX2_36,1,0.8885363469618264
calce_CX2_36,1,0.9059865715636015
calce_CX2_36,1,0.9071450227526543
calce_CX2_36,1,0.9085355259691793
calce_CX2_36,1,0.9011115273775233
calce_CX2_36,1,0.9034234448134424
calce_CX2_36,1,0.9082639835423478
calce_CX2_36,1,0.8982846083143189
calce_CX2_36,1,0.8930151663498922
calce_CX2_36,1,0.8910027221285768
calce_CX2_36,1,0.9073358273095813
calce_CX2_36,1,0.9075452017076557
calce_CX2_36,1,0.9090712476846489
calce_CX2_36,1,0.9102876563473016
calce_CX2_36,1,0.9113699865849442
calce_CX2_36,1,0.8992036489183239
calce_CX2_36,1,0.8949101701286372
calce_CX2_36,1,0.9059854873685187
calce_CX2_36,1,0.9107357094815576
calce_CX2_36,1,0.9784548106146704
calce_CX2_36,1,0.9129841676638657
calce_CX2_36,1,0.9131737599309933
calce_CX2_36,1,0.9095529564389767
calce_CX2_36,1,0.9018910901147035
calce_CX2_36,1,0.9000673340157594
calce_CX2_36,1,0.9130568354990665
calce_CX2_36,1,0.9118991378074591
calce_CX2_36,1,0.9105656010434461
calce_CX2_36,1,0.9103698403753092
calce_CX2_36,1,0.9115936868510534
calce_CX2_36,1,0.9029030717621006
calce_CX2_36,1,0.9012587718820855
calce_CX2_36,1,0.9038746631289954
calce_CX2_36,1,0.9108877054969204
calce_CX2_36,1,0.9097272603638501
calce_CX2_36,1,0.9099204029786734
calce_CX2_36,1,0.9104783486099882
calce_CX2_36,1,0.9090017004827748
calce_CX2_36,1,0.9023910591593945
calce_CX2_36,1,0.9012324026609155
calce_CX2_36,1,0.9004652122384639
calce_CX2_36,1,0.8998277692026804
calce_CX2_36,1,0.8993273533820758
calce_CX2_36,1,0.8989522428034821
calce_CX2_36,1,0.8973754472821558
calce_CX2_36,1,0.8966386155688137
calce_CX2_36,1,0.896085834194934
calce_CX2_36,1,0.8961247139440575
calce_CX2_36,1,0.8965130868224653
calce_CX2_36,1,0.8965232718812468
calce_CX2_36,1,0.8970557218538825
calce_CX2_36,1,0.8991751451595326
calce_CX2_36,1,0.899326230807787
calce_CX2_36,1,0.8994738291207891
calce_CX2_36,1,0.9095547056771982
calce_CX2_36,1,0.9098868681946951
calce_CX2_36,1,0.9011212132390786
calce_CX2_36,1,0.8960781866336345
calce_CX2_36,1,0.8963395185061194
calce_CX2_36,1,0.91054011529098
calce_CX2_36,1,0.9103272545803095
calce_CX2_36,1,0.9108950831620818
calce_CX2_36,1,0.9115067953574099
calce_CX2_36,1,0.9127279297437457
calce_CX2_36,1,0.9035866926986742
calce_CX2_36,1,0.9026991030153911
calce_CX2_36,1,0.9116452657434482
calce_CX2_36,1,0.9148507947703738
calce_CX2_36,1,0.9143215373632234
calce_CX2_36,1,0.9150274828964728
calce_CX2_36,1,0.9154321066366028
calce_CX2_36,1,0.9073684756424509
calce_CX2_36,1,0.9053366703927517
calce_CX2_36,1,0.905338656211881
calce_CX2_36,1,0.9171532293156816
calce_CX2_36,1,0.9174387210344015
calce_CX2_36,1,0.91675353046778
calce_CX2_36,1,0.9181947013876439
calce_CX2_36,1,0.920419660808347
calce_CX2_36,1,0.9105905174807938
calce_CX2_36,1,0.9089313007333495
calce_CX2_36,1,0.9174518910305132
calce_CX2_36,1,0.9206985221537546
calce_CX2_36,1,0.9192373815396625
calce_CX2_36,1,0.9191875002008424
calce_CX2_36,1,0.9203899155489126
calce_CX2_36,1,0.9156575063799234
calce_CX2_36,1,0.9123779861695838
calce_CX2_36,1,0.9107594523710091
calce_CX2_36,1,0.9107404002048649
calce_CX2_36,1,0.911039151189833
calce_CX2_36,1,0.9775483674162642
calce_CX2_36,1,0.9113468084485606
calce_CX2_36,1,0.9107759131729565
calce_CX2_36,1,0.9101267387411321
calce_CX2_36,1,0.9095213133806586
calce_CX2_36,1,0.9094099266409499
calce_CX2_36,1,0.9091323012580622
calce_CX2_36,1,0.9083315573578862
calce_CX2_36,1,0.9078978084080668
calce_CX2_36,1,0.9079441337519809
calce_CX2_36,1,0.9077420500350211
calce_CX2_36,1,0.907010957997855
calce_CX2_36,1,0.9067850414422997
calce_CX2_36,1,0.9249493215265389
calce_CX2_36,1,0.9256492073345837
calce_CX2_36,1,0.917038559866199
calce_CX2_36,1,0.9124477292810781
calce_CX2_36,1,0.9115008494246062
calce_CX2_36,1,0.9231597277594179
calce_CX2_36,1,0.9225173896007879
calce_CX2_36,1,0.9219492253689698
calce_CX2_36,1,0.921497610988179
calce_CX2_36,1,0.9224471897353376
calce_CX2_36,1,0.9150200350250243
calce_CX2_36,1,0.9141350683045053
calce_CX2_36,1,0.9216289134382508
calce_CX2_36,1,0.924036369396103
calce_CX2_36,1,0.9235190490190653
calce_CX2_36,1,0.9228962346806515
calce_CX2_36,1,0.9235246109327491
calce_CX2_36,1,0.9192884867383526
calce_CX2_36,1,0.9169423213992821
calce_CX2_36,1,0.917168177340862
calce_CX2_36,1,0.9261731578875342
calce_CX2_36,1,0.926541280796431
calce_CX2_36,1,0.9269387567976769
calce_CX2_36,1,0.9264291909987862
calce_CX2_36,1,0.9829843517551764
calce_CX2_36,1,0.9226709455156866
calce_CX2_36,1,0.9193745724988414
calce_CX2_36,1,0.9178620185052092
calce_CX2_36,1,0.922867642132337
calce_CX2_36,1,0.9240972717596387
calce_CX2_36,1,0.9228760538838129
calce_CX2_36,1,0.9228174791623438
calce_CX2_36,1,0.9231383337446628
calce_CX2_36,1,0.91701665824395
calce_CX2_36,1,0.9162433276161921
calce_CX2_36,1,0.9156805051805729
calce_CX2_36,1,0.9153289355363597
calce_CX2_36,1,0.9150617374507835
calce_CX2_36,1,0.9143875055812234
calce_CX2_36,1,0.9137509886637785
calce_CX2_36,1,0.913326588384506
calce_CX2_36,1,0.9129876349170568
calce_CX2_36,1,0.9776038570554255
calce_CX2_36,1,0.9133157712159429
calce_CX2_36,1,0.9127807470793431
calce_CX2_36,1,0.9128867237926769
calce_CX2_36,1,0.9126387750654923
calce_CX2_36,1,0.9106618073184801
calce_CX2_36,1,0.9121255172550802
calce_CX2_36,1,0.912493691747101
calce_CX2_36,1,0.917997366744382
calce_CX2_36,1,0.9173828108189536
calce_CX2_36,1,0.9115775264169931
calce_CX2_36,1,0.9083263394027411
calce_CX2_36,1,0.9082512594926978
calce_CX2_36,1,0.9157648193480901
calce_CX2_36,1,0.9181171158450471
calce_CX2_36,1,0.9175920002460785
calce_CX2_36,1,0.9175931140505895
calce_CX2_36,1,0.9181475209498685
calce_CX2_36,1,0.9095534257395471
calce_CX2_36,1,0.9086728118983007
calce_CX2_36,1,0.913048047572891
calce_CX2_36,1,0.9176822852493944
calce_CX2_36,1,0.9188567124498053
calce_CX2_36,1,0.9205997437349616
calce_CX2_36,1,0.9205019113277838
calce_CX2_36,1,0.916834973262929
calce_CX2_36,1,0.9111030439146276
calce_CX2_36,1,0.911198272660896
calce_CX2_36,1,0.9183878125225803
calce_CX2_36,1,0.9217001991815892
calce_CX2_36,1,0.995933575871918
calce_CX2_36,1,0.9081641878618444
calce_CX2_36,1,0.9180461767021457
calce_CX2_36,1,0.9285242565580456
calce_CX2_36,1,0.9178458630607292
calce_CX2_36,1,0.9120597462406017
calce_CX2_36,1,0.9109184420016416
calce_CX2_36,1,0.92923647412806
calce_CX2_36,1,0.932062376355092
calce_CX2_36,1,0.9334640527495818
calce_CX2_36,1,0.934023282741048
calce_CX2_36,1,0.9357267168912181
calce_CX2_36,1,0.9245008780114136
calce_CX2_36,1,0.9216360945961838
calce_CX2_36,1,0.9303060237096117
calce_CX2_36,1,0.9359126064441717
calce_CX2_36,1,0.9367184657692402
calce_CX2_36,1,0.937548808505558
calce_CX2_36,1,0.9383159278530256
calce_CX2_36,1,0.935325624864775
calce_CX2_36,1,0.930078097371415
calce_CX2_36,1,0.928052414954143
calce_CX2_36,1,0.9381384299773953
calce_CX2_36,1,0.9399424082661962
calce_CX2_36,1,0.9400692092679324
calce_CX2_36,1,0.9412065556832623
calce_CX2_36,1,0.9427691261057723
calce_CX2_36,1,0.943856061904979
calce_CX2_36,1,0.9446970931140206
calce_CX2_36,1,0.9454927590806163
calce_CX2_36,1,0.946012048154559
calce_CX2_36,1,0.9450615778521287
calce_CX2_36,1,0.9423320589155579
calce_CX2_36,1,0.9390941098700994
calce_CX2_36,1,0.9397887217760376
calce_CX2_36,1,0.9397134648796753
calce_CX2_36,1,0.9395265421571577
calce_CX2_36,1,0.9390401547335632
calce_CX2_36,1,0.9388194916337478
calce_CX2_36,1,0.9384216703173748
calce_CX2_36,1,0.9383776092656136
calce_CX2_36,1,0.9384860114381511
calce_CX2_36,1,0.9387837636827576
calce_CX2_36,1,0.9392455524840013
calce_CX2_36,1,0.9398688374848789
calce_CX2_36,1,0.9398247857821175
calce_CX2_36,1,0.9400394511965905
calce_CX2_36,1,0.9400832974081832
calce_CX2_36,1,0.9397026105901141
calce_CX2_36,1,0.9396838867026771
calce_CX2_36,1,0.93983795629042
calce_CX2_36,1,0.9349334832848352
calce_CX2_36,1,0.9325812588255932
calce_CX2_36,1,0.9346246326575325
calce_CX2_36,1,0.9356626726036444
calce_CX2_36,1,0.9362827758869569
calce_CX2_36,1,0.9366309786478417
calce_CX2_36,1,0.934688918814014
calce_CX2_36,1,0.934965011538385
calce_CX2_36,1,0.9343257801454722
calce_CX2_36,1,0.9354571403098421
calce_CX2_36,1,0.9365951425712593
calce_CX2_36,1,0.9368847041661774
calce_CX2_36,1,0.9370901343142973
calce_CX2_36,1,0.9376598752033295
calce_CX2_36,1,0.9374352585442101
calce_CX2_36,1,0.9306064072000068
calce_CX2_36,1,0.9393298509816698
calce_CX2_36,1,0.9411919113296265
calce_CX2_36,1,0.9424692340948712
calce_CX2_36,1,0.9432346644756537
calce_CX2_36,1,0.9439302194953648
calce_CX2_36,1,0.9449237955978489
calce_CX2_36,1,0.9431567413076797
calce_CX2_36,1,0.9442812799011351
calce_CX2_36,1,0.9436986688252276
calce_CX2_36,1,0.9455363675967295
calce_CX2_36,1,0.9460290398766956
calce_CX2_36,1,0.9482389136326964
calce_CX2_36,1,0.9493230149655149
calce_CX2_36,1,0.9499649397815598
calce_CX2_36,1,0.9485565019727551
calce_CX2_36,1,0.9491120542720644
calce_CX2_36,1,0.9496068964691455
calce_CX2_36,1,0.9507123284027343
calce_CX2_36,1,0.9509479332123296
calce_CX2_36,1,0.9516422201753192
calce_CX2_36,1,0.9522174714123591
calce_CX2_36,1,0.952486151811417
calce_CX2_36,1,0.9519286501347937
calce_CX2_36,1,0.9521663849971957
calce_CX2_36,1,0.9523419755887267
calce_CX2_36,1,0.9522825312669577
calce_CX2_36,1,0.9523473172540311
calce_CX2_36,1,0.9527957668890944
calce_CX2_36,1,0.9526895472344608
calce_CX2_36,1,0.952665601705838
calce_CX2_36,1,0.953423409812588
calce_CX2_36,1,0.9533435756994049
calce_CX2_36,1,0.9533303816271699
calce_CX2_36,1,0.9533770401408312
calce_CX2_36,1,0.9499373962029335
calce_CX2_36,1,0.9496506233019303
calce_CX2_36,1,0.9497157595053212
calce_CX2_36,1,0.9498121544212549
calce_CX2_36,1,0.94977538024534
calce_CX2_36,1,0.9892079051198599
calce_CX2_36,1,0.950148538687123
calce_CX2_36,1,0.9471873595544763
calce_CX2_36,1,0.9477540308522557
calce_CX2_36,1,0.949123005992307
calce_CX2_36,1,0.9893090683649249
calce_CX2_36,1,0.9529746115809182
calce_CX2_36,1,0.9534718813614522
calce_CX2_36,1,0.9536674774356713
calce_CX2_36,1,0.9540987612760901
calce_CX2_36,1,0.9532411309820957
calce_CX2_36,1,0.9536868175861086
calce_CX2_36,1,0.9528658926830423
calce_CX2_36,1,0.9554395277409298
calce_CX2_36,1,0.9560879059277558
calce_CX2_36,1,0.9562906108091958
calce_CX2_36,1,0.9565743634663118
calce_CX2_36,1,0.9565081987187725
calce_CX2_36,1,0.9557211497890574
calce_CX2_36,1,0.9558453232015768
calce_CX2_36,1,0.9561678906998128
calce_CX2_36,1,0.9571376035013335
calce_CX2_36,1,0.9576252444433586
calce_CX2_36,1,0.9578019973695381
calce_CX2_36,1,0.958354965090995
calce_CX2_36,1,0.9587896612770249
calce_CX2_36,1,0.9589348621047137
calce_CX2_36,1,0.957882991097148
calce_CX2_36,1,0.952964411677873
calce_CX2_36,1,0.9522012813962105
calce_CX2_36,1,0.9514386499567964
calce_CX2_36,1,0.9508346236997686
calce_CX2_36,1,0.9507138440152539
calce_CX2_36,1,0.9504449105145639
calce_CX2_36,1,0.9502842393278652
calce_CX2_36,1,0.9502089763983894
calce_CX2_36,1,0.950178558262036
calce_CX2_36,1,0.9501507717628855
calce_CX2_36,1,0.9501514047669735
calce_CX2_36,1,0.9502517003651807
calce_CX2_36,1,0.9505287049937953
calce_CX2_36,1,0.9583406469458732
calce_CX2_36,1,0.9579632070093536
calce_CX2_36,1,0.9584248856315255
calce_CX2_36,1,0.9596710165017643
calce_CX2_36,1,0.9584344743754992
calce_CX2_36,1,0.955760530806305
calce_CX2_36,1,0.9581193906086826
calce_CX2_36,1,0.9589372303158684
calce_CX2_36,1,0.9584146137970078
calce_CX2_36,1,0.9577062121962814
calce_CX2_36,1,0.9577498157745563
calce_CX2_36,1,0.9566159691973606
calce_CX2_36,1,0.9566629765051751
calce_CX2_36,1,0.9579642287984579
calce_CX2_36,1,0.9584047868231885
calce_CX2_36,1,0.9590249652013036
calce_CX2_36,1,0.9603931767296391
calce_CX2_36,1,0.9610411898519993
calce_CX2_36,1,0.9611219565995611
calce_CX2_36,1,0.9618191399389556
calce_CX2_36,1,0.9620899903867863
calce_CX2_36,1,0.9624382120982062
calce_CX2_36,1,0.9597479756909102
calce_CX2_36,1,0.9585381325285983
calce_CX2_36,1,0.9581730800310104
calce_CX2_36,1,0.9581252823519353
calce_CX2_36,1,0.9911825996621196
calce_CX2_36,1,0.959122978724382
calce_CX2_36,1,0.9585009798828482
calce_CX2_36,1,0.9585575922268442
calce_CX2_36,1,0.9568164958423558
calce_CX2_36,1,0.9569215517842368
calce_CX2_36,1,0.956633684424311
calce_CX2_36,1,0.9575666319649105
calce_CX2_36,1,0.9581119527274429
calce_CX2_36,1,0.9591351114534021
calce_CX2_36,1,0.9593743965280921
calce_CX2_36,1,0.9591999085463755
calce_CX2_36,1,0.957729068373592
calce_CX2_36,1,0.958344879220625
calce_CX2_36,1,0.9582959084715988
calce_CX2_36,1,0.9601890735359543
calce_CX2_36,1,0.9605117334144764
calce_CX2_36,1,0.9608509728388477
calce_CX2_36,1,0.9615900222244103
calce_CX2_36,1,0.9613744077078809
calce_CX2_36,1,0.961265534372934
calce_CX2_36,1,0.96164041580854
calce_CX2_36,1,0.9621995045748374
calce_CX2_36,1,0.9627009838838623
calce_CX2_36,1,0.9627866682930997
calce_CX2_36,1,0.9630158289096441
calce_CX2_36,1,0.9634143117818397
calce_CX2_36,1,0.9628059150692537
calce_CX2_36,1,0.963096875466098
calce_CX2_36,1,0.9629733575527099
calce_CX2_36,1,0.9634875279533499
calce_CX2_36,1,0.9641736687571489
calce_CX2_36,1,0.964276144475556
calce_CX2_36,1,0.9642118740416
calce_CX2_36,1,0.9643337216018945
calce_CX2_36,1,0.9645263936336529
calce_CX2_36,1,0.9648895557993666
calce_CX2_36,1,0.9650471322096734
calce_CX2_36,1,0.9658158099038576
calce_CX2_36,1,0.9656499103401057
calce_CX2_36,1,0.9661828384541576
calce_CX2_36,1,0.9658890682581961
calce_CX2_36,1,0.9665184270720037
calce_CX2_36,1,0.9936921650716309
calce_CX2_36,1,0.9674350173752141
calce_CX2_36,1,0.9646279231083573
calce_CX2_36,1,0.9643552408401687
calce_CX2_36,1,0.9615128684231042
calce_CX2_36,1,0.9593735958281897
calce_CX2_36,1,0.9589491304002109
calce_CX2_36,1,0.9590346991214503
calce_CX2_36,1,0.9595592578998451
calce_CX2_36,1,0.960366672077656
calce_CX2_36,1,0.9615390974111433
calce_CX2_36,1,0.9608466693354369
calce_CX2_36,1,0.9619170819832429
calce_CX2_36,1,0.9617826388908278
calce_CX2_36,1,0.9622041059446398
calce_CX2_36,1,0.962656646244131
calce_CX2_36,1,0.9630936581665721
calce_CX2_36,1,0.9639306100012381
calce_CX2_36,1,0.9645167186323562
calce_CX2_36,1,0.9617988993556394
calce_CX2_36,1,0.9653066743942252
calce_CX2_36,1,0.9651553111104332
calce_CX2_36,1,0.964467711414956
calce_CX2_36,1,0.9933749801559393
calce_CX2_36,1,0.9660983360153846
calce_CX2_36,1,0.9663414217193265
calce_CX2_36,1,0.9637183048341025
calce_CX2_36,1,0.9931374021180727
calce_CX2_36,1,0.9934985592997739
calce_CX2_36,1,0.964938735615428
calce_CX2_36,1,0.964837640786716
calce_CX2_36,1,0.96453183583036
calce_CX2_36,1,0.9645329936850725
calce_CX2_36,1,0.9647875870125514
calce_CX2_36,1,0.9640063805705116
calce_CX2_36,1,0.9638117062256243
calce_CX2_36,1,0.9635875642491573
calce_CX2_36,1,0.9643575501128935
calce_CX2_36,1,0.9652821623182178
calce_CX2_36,1,0.9673721592581137
calce_CX2_36,1,0.9676050210277702
calce_CX2_36,1,0.9667506506758963
calce_CX2_36,1,0.9666914004774463
calce_CX2_36,1,0.9670912494844708
calce_CX2_36,1,0.967492923582941
calce_CX2_36,1,0.9677254328082218
calce_CX2_36,1,0.9678280468767786
calce_CX2_36,1,0.9681441054552988
calce_CX2_36,1,0.9941338521637845
calce_CX2_36,1,0.9693009616913153
calce_CX2_36,1,0.9688546547639215
calce_CX2_36,1,0.9677508228374453
calce_CX2_36,1,0.9675568798487406
calce_CX2_36,1,0.9647128530795192
calce_CX2_36,1,0.9647072312671621
calce_CX2_36,1,0.9645159696514046
calce_CX2_36,1,0.9647397190386267
calce_CX2_36,1,0.965188712451537
calce_CX2_36,1,0.9654428118598963
calce_CX2_36,1,0.9640323968228196
calce_CX2_36,1,0.9641594416246823
calce_CX2_36,1,0.9643966852717646
calce_CX2_36,1,0.9651981080997662
calce_CX2_36,1,0.9657466625628487
calce_CX2_36,1,0.9665384805714106
calce_CX2_36,1,0.9670449518897485
calce_CX2_36,1,0.9671030632920455
calce_CX2_36,1,0.9673853872113989
calce_CX2_36,1,0.9673323051657033
calce_CX2_36,1,0.9674335534983044
calce_CX2_36,1,0.9678748500448868
calce_CX2_36,1,0.9693709676877235
calce_CX2_36,1,0.9693555015364855
calce_CX2_36,1,0.9695570382427865
calce_CX2_36,1,0.9698319543226978
calce_CX2_36,1,0.9700621054300622
calce_CX2_36,1,0.9691259143015293
calce_CX2_36,1,0.9693646250850911
calce_CX2_36,1,0.9694823170752372
calce_CX2_36,1,0.9702675634586492
calce_CX2_36,1,0.9705807954023286
calce_CX2_36,1,0.9706305895919684
calce_CX2_36,1,0.970102224048064
calce_CX2_36,1,0.969474347439465
calce_CX2_36,1,0.9694090169091819
calce_CX2_36,1,0.9701685276352547
calce_CX2_36,1,0.9704574926288249
calce_CX2_36,1,0.970634019618823
calce_CX2_36,1,0.9713472750628436
calce_CX2_36,1,0.9716990705841195
calce_CX2_36,1,0.9716500168342593
calce_CX2_36,1,0.9708206925289107
calce_CX2_36,1,0.9720934422784673
calce_CX2_36,1,0.9715362918864165
calce_CX2_36,1,0.9725644628621454
calce_CX2_36,1,0.972918128001608
calce_CX2_36,1,0.9730536955691482
calce_CX2_36,1,0.9730758108311187
calce_CX2_36,1,0.973236180967049
calce_CX2_36,1,0.9717346163099749
calce_CX2_36,1,0.9721863519909397
calce_CX2_36,1,0.9710391327805805
calce_CX2_36,1,0.9718036528752814
calce_CX2_36,1,0.9730395816245307
calce_CX2_36,1,0.9718274188785343
calce_CX2_36,1,0.9706422041466949
calce_CX2_36,1,0.9735286002227077
calce_CX2_36,1,0.9737597654023736
calce_CX2_36,1,0.9735455231774365
calce_CX2_36,1,0.9733006175247473
calce_CX2_36,1,0.973818480303547
calce_CX2_36,1,0.9723965538293629
calce_CX2_36,1,0.9714721003218865
calce_CX2_36,1,0.9717056218377897
calce_CX2_36,1,0.9737260404224304
calce_CX2_36,1,0.974572402396169
calce_CX2_36,1,0.9747350259738229
calce_CX2_36,1,0.9752789598539663
calce_CX2_36,1,0.9744267852148768
calce_CX2_36,1,0.9732456706368847
calce_CX2_36,1,0.9733863236698813
calce_CX2_36,1,0.9739212586397844
calce_CX2_36,1,0.9745644635824638
calce_CX2_36,1,0.9747366689506745
calce_CX2_36,1,0.974672952287324
calce_CX2_36,1,0.9744675380551878
calce_CX2_36,1,0.9741816180051105
calce_CX2_36,1,0.9745690440538258
calce_CX2_36,1,0.9739125160379926
calce_CX2_36,1,0.9747444350510406
calce_CX2_36,1,0.9743751375826958
calce_CX2_36,1,0.9749438582772488
calce_CX2_36,1,0.9754523027723605
calce_CX2_36,1,0.9755168595752671
calce_CX2_36,1,0.9753497639283837
calce_CX2_36,1,0.9750787412294549
calce_CX2_36,1,0.9754412090331486
calce_CX2_36,1,0.9740784370045902
calce_CX2_36,1,0.9763313423623481
calce_CX2_36,1,0.9779542932070959
calce_CX2_36,1,0.9785903018744582
calce_CX2_36,1,0.9788782863920648
calce_CX2_36,1,0.9772575945120934
calce_CX2_36,1,0.9768514248225083
calce_CX2_36,1,0.9766511468171222
calce_CX2_36,1,0.9766076393099719
calce_CX2_36,1,0.976800664949482
calce_CX2_36,1,0.9767887640312047
calce_CX2_36,1,0.979197825596289
calce_CX2_36,1,0.9776790497205875
calce_CX2_36,1,0.9771602124034802
calce_CX2_36,1,0.977520295477163
calce_CX2_36,1,0.9775482882392547
calce_CX2_36,1,0.9767060979808821
calce_CX2_36,1,0.9761622313578637
calce_CX2_36,1,0.9761958777722975
calce_CX2_36,1,0.9769963273765795
calce_CX2_36,1,0.97820399148089
calce_CX2_36,1,0.9791124649275611
calce_CX2_36,1,0.9795100430456021
calce_CX2_36,1,0.9788194913128484
calce_CX2_36,1,0.9784570463177815
calce_CX2_36,1,0.9772370553230929
calce_CX2_36,1,0.977743549402283
calce_CX2_36,1,0.9780822264928092
calce_CX2_36,1,0.978427382872339
calce_CX2_36,1,0.9784849767370506
calce_CX2_36,1,0.9780328912452559
calce_CX2_36,1,0.9778998767647724
calce_CX2_36,1,0.9788613070872837
calce_CX2_36,1,0.9788688109684062
calce_CX2_36,1,0.978132264755197
calce_CX2_36,1,0.9790401530901206
calce_CX2_36,1,0.9797896208944963
calce_CX2_36,1,0.9798586828496199
calce_CX2_36,1,0.9803454505199914
calce_CX2_36,1,0.9797074775015037
calce_CX2_36,1,0.9785394084788474
calce_CX2_36,1,0.9784205346470254
calce_CX2_36,1,0.9791124524413826
calce_CX2_36,1,0.9795489157815501
calce_CX2_36,1,0.9795675529286112
calce_CX2_36,1,0.97980726285326
calce_CX2_36,1,0.9799147597570769
calce_CX2_36,1,0.9799726335229726
calce_CX2_36,1,0.9790684324456455
calce_CX2_36,1,0.9791264258972205
calce_CX2_36,1,0.9773233147677352
calce_CX2_36,1,0.9761103922883042
calce_CX2_36,1,0.9756571359337377
calce_CX2_36,1,0.9758642128023999
calce_CX2_36,1,0.9762172786259121
calce_CX2_36,1,0.9765841432540213
calce_CX2_36,1,0.9766816631428399
calce_CX2_36,1,0.9765968703251631
calce_CX2_36,1,0.9767268374336898
calce_CX2_36,1,0.9957927587939582
calce_CX2_36,1,0.9771134179534259
calce_CX2_36,1,0.9767797029381196
calce_CX2_36,1,0.9776379727429307
calce_CX2_36,1,0.978124758465874
calce_CX2_36,1,0.9786614449397437
calce_CX2_36,1,0.9779074116897847
calce_CX2_36,1,0.9764899026769944
calce_CX2_36,1,0.9749043248339841
calce_CX2_36,1,0.9750215735912874
calce_CX2_36,1,0.9754728055615478
calce_CX2_36,1,0.9759342894046121
calce_CX2_36,1,0.976103886356378
calce_CX2_36,1,0.9765999727189487
calce_CX2_36,1,0.9752768659039686
calce_CX2_36,1,0.9750198155760869
calce_CX2_36,1,0.9752854664794695
calce_CX2_36,1,0.9758512371075291
calce_CX2_36,1,0.976167502513035
calce_CX2_36,1,0.9767045731303131
calce_CX2_36,1,0.9771403991372959
calce_CX2_36,1,0.9778399344576393
calce_CX2_36,1,0.977976596006598
calce_CX2_36,1,0.9775684224006551
calce_CX2_36,1,0.978105268164423
calce_CX2_36,1,0.9789405015446215
calce_CX2_36,1,0.980115432475011
calce_CX2_36,1,0.9807556142775821
calce_CX2_36,1,0.9805706402199965
calce_CX2_36,1,0.9809230848085345
calce_CX2_36,1,0.9797964131535157
calce_CX2_36,1,0.9792378498675928
calce_CX2_36,1,0.9782754955700519
calce_CX2_36,1,0.979195008279831
calce_CX2_36,1,0.9797291039903407
calce_CX2_36,1,0.9804459084910456
calce_CX2_36,1,0.9804229266875228
calce_CX2_36,1,0.9807188282365144
calce_CX2_36,1,0.980923534278396
calce_CX2_36,1,0.9811449144732091
calce_CX2_36,1,0.9804731290621276
calce_CX2_36,1,0.9805426100302339
calce_CX2_36,1,0.9815862015318375
calce_CX2_36,1,0.9819588820487252
calce_CX2_36,1,0.9820306823676932
calce_CX2_36,1,0.9820699693894035
calce_CX2_36,1,0.9823625936386817
calce_CX2_36,1,0.9828393636340578
calce_CX2_36,1,0.9815693246428525
calce_CX2_36,1,0.9812574681534436
calce_CX2_36,1,0.9814868445577041
calce_CX2_36,1,0.9970220363915816
calce_CX2_36,1,0.9830350340696182
calce_CX2_36,1,0.982591001840044
calce_CX2_36,1,0.9829220355431234
calce_CX2_36,1,0.9825886777151261
calce_CX2_36,1,0.9825805566720598
calce_CX2_36,1,0.9717723288285525
calce_CX2_36,1,0.9718010911022913
calce_CX2_36,1,0.9714925704020869
calce_CX2_36,1,0.9712376140207734
calce_CX2_36,1,0.9715016090064198
calce_CX2_36,1,0.9718661256108367
calce_CX2_36,1,0.9695201827412814
calce_CX2_36,1,0.9690543165718384
calce_CX2_36,1,0.9692127316161384
calce_CX2_36,1,0.9722949324457744
calce_CX2_36,1,0.9723049397766578
calce_CX2_36,1,0.9724445750603159
calce_CX2_36,1,0.9726885587290616
calce_CX2_36,1,0.9724391296849595
calce_CX2_36,1,0.9708474254353358
calce_CX2_36,1,0.970334517959745
calce_CX2_36,1,0.9711226890680486
calce_CX2_36,1,0.9711475167093323
calce_CX2_36,1,0.971171539701409
calce_CX2_36,1,0.9713632892695833
calce_CX2_36,1,0.9714576581872373
calce_CX2_36,1,0.970990471906067
calce_CX2_36,1,0.9703271833349655
calce_CX2_36,1,0.9712943144731001
calce_CX2_36,1,0.9713928785089532
calce_CX2_36,1,0.9719056544835721
calce_CX2_36,1,0.9721557352250506
calce_CX2_36,1,0.9745774711215733
calce_CX2_36,1,0.9747547104356826
calce_CX2_36,1,0.9739908258361124
calce_CX2_36,1,0.9742144961050224
calce_CX2_36,1,0.973282757200969
calce_CX2_36,1,0.9734815115320704
calce_CX2_36,1,0.9754609800070774
calce_CX2_36,1,0.9759283962729053
calce_CX2_36,1,0.9760440619157702
calce_CX2_36,1,0.9761918859797581
calce_CX2_36,1,0.9752083160321074
calce_CX2_36,1,0.9736049993827951
calce_CX2_36,1,0.9734894361929497
calce_CX2_36,1,0.9737281289952705
calce_CX2_36,1,0.9743816231612565
calce_CX2_36,1,0.9758494973324953
calce_CX2_36,1,0.9759586954086306
calce_CX2_36,1,0.9760247941986516
calce_CX2_36,1,0.9758502829005723
calce_CX2_36,1,0.9760544687352655
calce_CX2_36,1,0.9770441037168823
calce_CX2_36,1,0.9765718184799954
calce_CX2_36,1,0.9768937227372826
calce_CX2_36,1,0.9791680561653124
calce_CX2_36,1,0.9777646481024315
calce_CX2_36,1,0.9780629804050993
calce_CX2_36,1,0.9782412640313369
calce_CX2_36,1,0.9786113099940472
calce_CX2_36,1,0.9787687604603073
calce_CX2_36,1,0.9786804476784868
calce_CX2_36,1,0.978786826203163
calce_CX2_36,1,0.9777478063018039
calce_CX2_36,1,0.9775068605352584
calce_CX2_36,1,0.9775701898582648
calce_CX2_36,1,0.9781017005224808
calce_CX2_36,1,0.9777783686759031
calce_CX2_36,1,0.9783525327241656
calce_CX2_36,1,0.9788100046039918
calce_CX2_36,1,0.9778133173068758
calce_CX2_36,1,0.9781349979730206
calce_CX2_36,1,0.9777635788752304
calce_CX2_36,1,0.9784497792608391
calce_CX2_36,1,0.9786968948804805
calce_CX2_36,1,0.9794522325432581
calce_CX2_36,1,0.9801414244896759
calce_CX2_36,1,0.9806564349415612
calce_CX2_36,1,0.9803262548976862
calce_CX2_36,1,0.9792975593686889
calce_CX2_36,1,0.9799636228449891
calce_CX2_36,1,0.9806796557287191
calce_CX2_36,1,0.9812158160444363
calce_CX2_36,1,0.981384843486577
calce_CX2_36,1,0.9822178761300576
calce_CX2_36,1,0.9968285441534999
calce_CX2_36,1,0.9828867711841659
calce_CX2_36,1,0.9827136026626457
calce_CX2_36,1,0.9826312353621578
calce_CX2_36,1,0.9817258815566644
calce_CX2_36,1,0.9817154999552323
calce_CX2_36,1,0.9817160925565992
calce_CX2_36,1,0.981849576803106
calce_CX2_36,1,0.9822641891500732
calce_CX2_36,1,0.9827332699637238
calce_CX2_36,1,0.982719985004754
calce_CX2_36,1,0.982759581942767
calce_CX2_36,1,0.9829546171078339
calce_CX2_36,1,0.9829262054333033
calce_CX2_36,1,0.9828794569325099
calce_CX2_36,1,0.9829893773226349
calce_CX2_36,1,0.9830288797336171
calce_CX2_36,1,0.9831759510497742
calce_CX2_36,1,0.9829500567268936
calce_CX2_36,1,0.9829057260943391
calce_CX2_36,1,0.9796137409299487
calce_CX2_36,1,0.9791924515107068
calce_CX2_36,1,0.9794210113877854
calce_CX2_36,1,0.9796530040663485
calce_CX2_36,1,0.9799879234229457
calce_CX2_36,1,0.9796339505149284
calce_CX2_36,1,0.9792027640205372
calce_CX2_36,1,0.9796101324535341
calce_CX2_36,1,0.9802695560632354
calce_CX2_36,1,0.9806138996451327
calce_CX2_36,1,0.9809489470172473
calce_CX2_36,1,0.9813044972206444
calce_CX2_36,1,0.9815741307762503
calce_CX2_36,1,0.9813978149077593
calce_CX2_36,1,0.981006346224044
calce_CX2_36,1,0.9810170050238175
calce_CX2_36,1,0.9966183712980764
calce_CX2_36,1,0.9816097248106541
calce_CX2_36,1,0.9814804068479541
calce_CX2_36,1,0.9815295355939019
calce_CX2_36,1,0.9817692617646179
calce_CX2_36,1,0.9819693980489477
calce_CX2_36,1,0.9816082687895401
calce_CX2_36,1,0.9813921587385384
calce_CX2_36,1,0.9810327970294419
calce_CX2_36,1,0.9811898306665218
calce_CX2_36,1,0.9771986433488926
calce_CX2_36,1,0.9776680686608806
calce_CX2_36,1,0.9785137106152348
calce_CX2_36,1,0.9789955569476176
calce_CX2_36,1,0.9791956071644234
calce_CX2_36,1,0.9799136304581336
calce_CX2_36,1,0.9802142481297444
calce_CX2_36,1,0.9799153347172104
calce_CX2_36,1,0.979233745695159
calce_CX2_36,1,0.9791392492611664
calce_CX2_36,1,0.9793011855376876
calce_CX2_36,1,0.979981464665779
calce_CX2_36,1,0.9803268216912022
calce_CX2_36,1,0.9806380366879177
calce_CX2_36,1,0.9809124434210499
calce_CX2_36,1,0.9965652757957619
calce_CX2_36,1,0.9814230586721853
calce_CX2_36,1,0.9814248325101272
calce_CX2_36,1,0.9810626463287103
calce_CX2_36,1,0.9811386812925544
calce_CX2_36,1,0.9816063028437075
calce_CX2_36,1,0.9819250644316588
calce_CX2_36,1,0.9823016559086256
calce_CX2_36,1,0.9824362458002666
calce_CX2_36,1,0.9820364030637768
calce_CX2_36,1,0.9818283823396599
calce_CX2_36,1,0.98179990675952
calce_CX2_36,1,0.9822115714861466
calce_CX2_36,1,0.9827381101687527
calce_CX2_36,1,0.9829959238560503
calce_CX2_36,1,0.9832597641802883
calce_CX2_36,1,0.9832642141457819
calce_CX2_36,1,0.9833375261596915
calce_CX2_36,1,0.9835458809690506
calce_CX2_36,1,0.9833270464084972
calce_CX2_36,1,0.9832459728225063
calce_CX2_36,1,0.9830888709168794
calce_CX2_36,1,0.9831277537689305
calce_CX2_36,1,0.9831729410204509
calce_CX2_36,1,0.9832446443237695
calce_CX2_36,1,0.9833784010467085
calce_CX2_36,1,0.9833891447454373
calce_CX2_36,1,0.996996817646264
calce_CX2_36,1,0.9836674296419987
calce_CX2_36,1,0.9969666912786869
calce_CX2_36,1,0.9836092509956939
calce_CX2_36,1,0.9834458956543085
calce_CX2_36,1,0.9833154165133074
calce_CX2_36,1,0.9833001036578516
calce_CX2_36,1,0.9834535016043012
calce_CX2_36,1,0.9815906958788532
calce_CX2_36,1,0.9813021867435717
calce_CX2_36,1,0.9811732844127404
calce_CX2_36,1,0.9811934548483382
calce_CX2_36,1,0.9811940418187031
calce_CX2_36,1,0.98129456350129
calce_CX2_36,1,0.9811170318630135
calce_CX2_36,1,0.9808323295191906
calce_CX2_36,1,0.9808213238220788
calce_CX2_36,1,0.9810986819488107
calce_CX2_36,1,0.9817044073925993
calce_CX2_36,1,0.9820824352670906
calce_CX2_36,1,0.9822959210441744
calce_CX2_36,1,0.9825163687964655
calce_CX2_36,1,0.9826326495507047
calce_CX2_36,1,0.9825765014936552
calce_CX2_36,1,0.9822113652849906
calce_CX2_36,1,0.9821407755628178
calce_CX2_36,1,0.9738470106216319
calce_CX2_36,1,0.980271486931171
calce_CX2_36,1,0.9817637856625389
calce_CX2_36,1,0.9823789962272271
calce_CX2_36,1,0.9832494428859581
calce_CX2_36,1,0.9833297657728562
calce_CX2_36,1,0.9834644518800965
calce_CX2_36,1,0.9837201562406597
calce_CX2_36,1,0.9839127508396104
calce_CX2_36,1,0.9839651190860407
calce_CX2_36,1,0.9840501842044065
calce_CX2_36,1,0.984211977822094
calce_CX2_36,1,0.9844317587589462
calce_CX2_36,1,0.9845043576068788
calce_CX2_36,1,0.9845076937133508
calce_CX2_36,1,0.9846524502091994
calce_CX2_36,1,0.9847230179461886
calce_CX2_36,1,0.9846381790117136
calce_CX2_36,1,0.9846337918039904
calce_CX2_36,1,0.9848959026340678
calce_CX2_36,1,0.9849989868028758
calce_CX2_36,1,0.9850260419239211
calce_CX2_36,1,0.9973360274749692
calce_CX2_36,1,0.9855671967758897
calce_CX2_36,1,0.9850473394273619
calce_CX2_36,1,0.9849955265514427
calce_CX2_36,1,0.9847861273288551
calce_CX2_36,1,0.9845766286363974
calce_CX2_36,1,0.9847784273295013
calce_CX2_36,1,0.9853064482928953
calce_CX2_36,1,0.9854960222951559
calce_CX2_36,1,0.9855249838842086
calce_CX2_36,1,0.9856187572847724
calce_CX2_36,1,0.9853878765933362
calce_CX2_36,1,0.9852758359380324
calce_CX2_36,1,0.9849467005592913
calce_CX2_36,1,0.985548318484668
calce_CX2_36,1,0.9857584677391461
calce_CX2_36,1,0.9858340296139346
calce_CX2_36,1,0.9858376076463389
calce_CX2_36,1,0.9858602110949993
calce_CX2_36,1,0.9857117393480119
calce_CX2_36,1,0.9855699642842022
calce_CX2_36,1,0.9853260815157981
calce_CX2_36,1,0.9856216526164552
calce_CX2_36,1,0.9858956085757473
calce_CX2_36,1,0.9858737390554184
calce_CX2_36,1,0.985898718381468
calce_CX2_36,1,0.9860519833667302
calce_CX2_36,1,0.9858712623212409
calce_CX2_36,1,0.9842354483340596
calce_CX2_36,1,0.9843223478300764
calce_CX2_36,1,0.9846446248107805
calce_CX2_36,1,0.9848911869077391
calce_CX2_36,1,0.9853154185552213
calce_CX2_36,1,0.985534357023782
calce_CX2_36,1,0.9855862523355041
calce_CX2_36,1,0.9858254883830886
calce_CX2_36,1,0.9859420738208291
calce_CX2_36,1,0.9862123590275869
calce_CX2_36,1,0.9863255627396448
calce_CX2_36,1,0.9865044670371595
calce_CX2_36,1,0.9865652531090535
calce_CX2_36,1,0.986716500989176
calce_CX2_36,1,0.9868225125607184
calce_CX2_36,1,0.986881229154895
calce_CX2_36,1,0.9868659937329671
calce_CX2_36,1,0.9870835301016286
calce_CX2_36,1,0.987249201523617
calce_CX2_36,1,0.987330043462236
calce_CX2_36,1,0.9874027655858707
calce_CX2_36,1,0.9875592130452214
calce_CX2_36,1,0.9876474722267232
calce_CX2_36,1,0.9875742290736054
calce_CX2_36,1,0.9876368521022584
calce_CX2_36,1,0.9869028147564624
calce_CX2_36,1,0.9866197994730479
calce_CX2_36,1,0.9869642720506756
calce_CX2_36,1,0.9871284985319272
calce_CX2_36,1,0.9871976938456439
calce_CX2_36,1,0.9874654451889603
calce_CX2_36,1,0.9875611960186901
calce_CX2_36,1,0.9874437384741831
calce_CX2_36,1,0.9870911798532253
calce_CX2_36,1,0.9869655907206173
calce_CX2_36,1,0.9867947152141614
calce_CX2_36,1,0.9871959465527128
calce_CX2_36,1,0.9874917252770933
calce_CX2_36,1,0.9877095370659705
calce_CX2_36,1,0.9877943543721233
calce_CX2_36,1,0.987886837142623
calce_CX2_36,1,0.9877272804935461
calce_CX2_36,1,0.9873970047556493
calce_CX2_36,1,0.9871225180166023
calce_CX2_36,1,0.987226735854923
calce_CX2_36,1,0.9873717035777663
calce_CX2_36,1,0.9873072583861559
calce_CX2_36,1,0.9873916031384053
calce_CX2_36,1,0.9875014691996722
calce_CX2_36,1,0.9876646833456767
calce_CX2_36,1,0.9907353024031996
calce_CX2_36,1,0.984054963071661
calce_CX2_36,1,0.9849959203775802
calce_CX2_36,1,0.9833721423482608
calce_CX2_36,1,0.9827431286546474
calce_CX2_36,1,0.9843986572701732
calce_CX2_36,1,0.9865451298289207
calce_CX2_36,1,0.986717362289834
calce_CX2_36,1,0.9984192769499891
calce_CX2_36,1,0.9860498573099921
calce_CX2_36,1,0.9854374651012763
calce_CX2_36,1,0.9845539622951447
calce_CX2_36,1,0.9841022499059129
calce_CX2_36,1,0.9838068136157317
calce_CX2_36,1,0.9835096535619271
calce_CX2_36,1,0.9831349721134328
calce_CX2_36,1,0.9829163721736369
calce_CX2_36,1,0.9827573763575566
calce_CX2_36,1,0.9825490206299778
calce_CX2_36,1,0.9824066307626398
calce_CX2_36,1,0.9822801574395239
calce_CX2_36,1,0.9822434455776804
calce_CX2_36,1,0.9821165262228501
calce_CX2_36,1,0.9819498296525033
calce_CX2_36,1,0.9817989783129252
calce_CX2_36,1,0.9817092395752629
calce_CX2_36,1,0.9816880645627621
calce_CX2_36,1,0.9816430242202379
calce_CX2_36,1,0.9815522883700827
calce_CX2_36,1,0.985459696224416
calce_CX2_36,1,0.9876224771976588
calce_CX2_36,1,0.9879447622734724
calce_CX2_36,1,0.9864496081121831
calce_CX2_36,1,0.988719524903432
calce_CX2_36,1,0.9872142095469361
calce_CX2_36,1,0.9861992694857036
calce_CX2_36,1,0.9855859969496108
calce_CX2_36,1,0.988510486092022
calce_CX2_36,1,0.9892462713791371
calce_CX2_36,1,0.9894964230402993
calce_CX2_36,1,0.98962877357606
calce_CX2_36,1,0.9898839250204435
calce_CX2_36,1,0.9898856098571067
calce_CX2_36,1,0.9881883109652478
calce_CX2_36,1,0.987437599606643
calce_CX2_36,1,0.9891679985847041
calce_CX2_36,1,0.9983914960723463
calce_CX2_36,1,0.9906001892575143
calce_CX2_36,1,0.9905820811743323
calce_CX2_36,1,0.990669553233996
calce_CX2_36,1,0.9908202030862586
calce_CX2_36,1,0.9908330790394566
calce_CX2_36,1,0.9890252928694148
calce_CX2_36,1,0.9884164002783965
calce_CX2_36,1,0.9898147365242513
calce_CX2_36,1,0.9908174886092492
calce_CX2_36,1,0.9910620793888518
calce_CX2_36,1,0.9910086194734157
calce_CX2_36,1,0.9911594406614681
calce_CX2_36,1,0.9916003693033681
calce_CX2_36,1,0.9901447428327322
calce_CX2_36,1,0.989175218805749
calce_CX2_36,1,0.9888252734902248
calce_CX2_36,1,0.9909200897584655
calce_CX2_36,1,0.991474838913717
calce_CX2_36,1,0.9915233608892858
calce_CX2_36,1,0.9917057092504629
calce_CX2_36,1,0.9918838865538571
calce_CX2_36,1,0.9917990529583944
calce_CX2_36,1,0.9904237469592848
calce_CX2_36,1,0.9896673600526298
calce_CX2_36,1,0.989126836534415
calce_CX2_36,1,0.9886365198038776
calce_CX2_36,1,0.98831517687209
calce_CX2_36,1,0.9879262266518477
calce_CX2_36,1,0.9876044904763308
calce_CX2_36,1,0.9873697461948867
calce_CX2_36,1,0.9873353828778941
calce_CX2_36,1,0.9872298219660682
calce_CX2_36,1,0.9870146869075475
calce_CX2_36,1,0.9869252021819528
calce_CX2_36,1,0.9869692830642804
calce_CX2_36,1,0.9894789174126088
calce_CX2_36,1,0.9901599979835378
calce_CX2_36,1,0.989608348153126
calce_CX2_36,1,0.9882156332162362
calce_CX2_36,1,0.9876369135418396
calce_CX2_36,1,0.9899582885098654
calce_CX2_36,1,0.9910349327153698
calce_CX2_36,1,0.9916051498933901
calce_CX2_36,1,0.9915327004415773
calce_CX2_36,1,0.9914976977447274
calce_CX2_36,1,0.9920730958741841
calce_CX2_36,1,0.9904333734292217
calce_CX2_36,1,0.9896897331421409
calce_CX2_36,1,0.9903251907020343
calce_CX2_36,1,0.9918615479827707
calce_CX2_36,1,0.9919135537550521
calce_CX2_36,1,0.9918990180814092
calce_CX2_36,1,0.9987077183785043
calce_CX2_36,1,0.9923413466791817
calce_CX2_36,1,0.9928982754039964
calce_CX2_36,1,0.9914160915160201
calce_CX2_36,1,0.9907168903170134
calce_CX2_36,1,0.9909694142085279
calce_CX2_36,1,0.9923934887716052
calce_CX2_36,1,0.992391949717153
calce_CX2_36,1,0.9923693699033238
calce_CX2_36,1,0.9925863860053876
calce_CX2_36,1,0.9930779915628228
calce_CX2_36,1,0.9924963736006676
calce_CX2_36,1,0.9913255275791706
calce_CX2_36,1,0.9908695022962262
calce_CX2_36,1,0.9921850981933489
calce_CX2_36,1,0.9930371439333605
calce_CX2_36,1,0.9930074852149107
calce_CX2_36,1,0.9932442577463185
calce_CX2_36,1,0.9932485733395929
calce_CX2_36,1,0.9937584075142838
calce_CX2_36,1,0.9927921524419266
calce_CX2_36,1,0.9918675763227205
calce_CX2_36,1,0.9913471676801022
calce_CX2_36,1,0.9910426852448483
calce_CX2_36,1,0.9908002138454775
calce_CX2_36,1,0.9905220666480669
calce_CX2_36,1,0.990236822850393
calce_CX2_36,1,0.9901260851803023
calce_CX2_36,1,0.9899150257616968
calce_CX2_36,1,0.9898854595829235
calce_CX2_36,1,0.9897523067156748
calce_CX2_36,1,0.989741808387445
calce_CX2_36,1,0.9897455482522993
calce_CX2_36,1,0.9861738489418417
calce_CX2_36,1,0.9868651421775911
calce_CX2_36,1,0.9872684023683187
calce_CX2_36,1,0.9875382448673455
calce_CX2_36,1,0.9877782658388748
calce_CX2_36,1,0.9879673696215298
calce_CX2_36,1,0.9876826570228783
calce_CX2_36,1,0.9875454268213314
calce_CX2_36,1,0.9874549124650126
calce_CX2_36,1,0.987987530923912
calce_CX2_36,1,0.9881826013031763
calce_CX2_36,1,0.9884795961687927
calce_CX2_36,1,0.988693096437421
calce_CX2_36,1,0.988736712873952
calce_CX2_36,1,0.9888263470933915
calce_CX2_36,1,0.9888701502596011
calce_CX2_36,1,0.9889135703000643
calce_CX2_36,1,0.9888766894446824
calce_CX2_36,1,0.9888716608345592
calce_CX2_36,1,0.9888784476531596
calce_CX2_36,1,0.9890517244570921
calce_CX2_36,1,0.9890408530716812
calce_CX2_36,1,0.9891299645221138
calce_CX2_36,1,0.9891608387704676
calce_CX2_36,1,0.9890898803373782
calce_CX2_36,1,0.9890403302953469
calce_CX2_36,1,0.9890965923462256
calce_CX2_36,1,0.9891120068267228
calce_CX2_36,1,0.9891402389591721
calce_CX2_36,1,0.9891532911604194
calce_CX2_36,1,0.989246938698402
calce_CX2_36,1,0.9892893082009179
calce_CX2_36,1,0.9890927997973501
calce_CX2_36,1,0.9890809647510547
calce_CX2_36,1,0.9890358947163217
calce_CX2_36,1,0.9890156290150104
calce_CX2_36,1,0.9889973003684017
calce_CX2_36,1,0.9891102542994749
calce_CX2_36,1,0.9893255398276563
calce_CX2_36,1,0.9893518288859389
calce_CX2_36,1,0.988998950522021
calce_CX2_36,1,0.988582238999863
calce_CX2_36,1,0.9883418749533163
calce_CX2_36,1,0.9885788261428666
calce_CX2_36,1,0.9882763476351991
calce_CX2_36,1,0.9862741317301552
calce_CX2_36,1,0.9852985269122209
calce_CX2_36,1,0.9868179561055124
calce_CX2_36,1,0.9878457893812622
calce_CX2_36,1,0.9874136417210976
calce_CX2_36,1,0.9864739921761435
calce_CX2_36,1,0.986399794093724
calce_CX2_36,1,0.9870184796150318
calce_CX2_36,1,0.9859517443385836
calce_CX2_36,1,0.9837989074740908
calce_CX2_36,1,0.9830435898705217
calce_CX2_36,1,0.9858468789575814
calce_CX2_36,1,0.9871183431945602
calce_CX2_36,1,0.9873578828137275
calce_CX2_36,1,0.9875790255344278
calce_CX2_36,1,0.9878633359214314
calce_CX2_36,1,0.9879320336237658
calce_CX2_36,1,0.9852134215438256
calce_CX2_36,1,0.9842149186136967
calce_CX2_36,1,0.9833840470719536
calce_CX2_36,1,0.9829776868343619
calce_CX2_36,1,0.9825477899323998
calce_CX2_36,1,0.9969320231026243
calce_CX2_36,1,0.9822452141093102
calce_CX2_36,1,0.9815710969207976
calce_CX2_36,1,0.9811093837368978
calce_CX2_36,1,0.9807102883019653
calce_CX2_36,1,0.9804352745792658
calce_CX2_36,1,0.9803514016662599
calce_CX2_36,1,0.9801191163494848
calce_CX2_36,1,0.9798341226865012
calce_CX2_36,1,0.9796850942430337
calce_CX2_36,1,0.9793866431813406
calce_CX2_36,1,0.9787938588303248
calce_CX2_36,1,0.9787975502365281
calce_CX2_36,1,0.9794860921201282
calce_CX2_36,1,0.985218065361124
calce_CX2_36,1,0.9862628858405305
calce_CX2_36,1,0.9867229274977791
calce_CX2_36,1,0.9872573963580549
calce_CX2_36,1,0.9872253924211278
calce_CX2_36,1,0.9944706401677338
calce_CX2_36,1,0.9945514269103954
calce_CX2_36,1,0.995080530716476
calce_CX2_36,1,0.9947171331979752
calce_CX2_36,1,0.9940576229830014
calce_CX2_36,1,0.9938105226158496
calce_CX2_36,1,0.9948944788993203
calce_CX2_36,1,0.9954650661940041
calce_CX2_36,1,0.9954976296015883
calce_CX2_36,1,0.9954810424325775
calce_CX2_36,1,0.9956259295357289
calce_CX2_36,1,0.9958749147822984
calce_CX2_36,1,0.9954513950225998
calce_CX2_36,1,0.9949909491594473
calce_CX2_36,1,0.9947327814178727
calce_CX2_36,1,0.9954597586645364
calce_CX2_36,1,0.9959811224164516
calce_CX2_36,1,0.9959447268972349
calce_CX2_36,1,0.9959124530946358
calce_CX2_36,1,0.9992972152798545
calce_CX2_36,1,0.9960243468266095
calce_CX2_36,1,0.996306516455454
calce_CX2_36,1,0.9993362621354871
calce_CX2_36,1,0.9999222598855504
calce_CX2_36,1,0.9923500796326866
calce_CX2_36,1,0.9944079988893997
calce_CX2_36,1,0.9937346787796935
calce_CX2_36,1,0.9937599735125476
calce_CX2_36,1,0.9941638379786074
calce_CX2_36,1,0.995428743271698
calce_CX2_36,1,0.9957039251693647
calce_CX2_36,1,0.9957564617773135
calce_CX2_36,1,0.9958580072275178
calce_CX2_36,1,0.9960178640446381
calce_CX2_36,1,0.9964694297735698
calce_CX2_36,1,0.9956749147086021
calce_CX2_36,1,0.9952829098886898
calce_CX2_36,1,0.9951168158627725
calce_CX2_36,1,0.9962121862992408
calce_CX2_36,1,0.9964132575375152
calce_CX2_36,1,0.9963453834254483
calce_CX2_36,1,0.9964621026834576
calce_CX2_36,1,0.9964655312888344
calce_CX2_36,1,0.9966641179744355
calce_CX2_36,1,0.9962443746745793
calce_CX2_36,1,0.9957822083177643
calce_CX2_36,1,0.9956107338378197
calce_CX2_36,1,0.9966359765835769
calce_CX2_36,1,0.9969845768401202
calce_CX2_36,1,0.9970841611031966
calce_CX2_36,1,0.9971080177276712
calce_CX2_36,1,0.9971415055953764
calce_CX2_36,1,0.9972933020268117
calce_CX2_36,1,0.9974116098143015
calce_CX2_36,1,0.996676775217228
calce_CX2_36,1,0.9964176816304509
calce_CX2_36,1,0.9962611361181622
calce_CX2_36,1,0.9971826403928685
calce_CX2_36,1,0.9973554757647158
calce_CX2_36,1,0.9972855134112498
calce_CX2_36,1,0.997281345709106
calce_CX2_36,1,0.9972973572526361
calce_CX2_36,1,0.9974957741186827
calce_CX2_36,1,0.9974913338421035
calce_CX2_36,1,0.9968960370149536
calce_CX2_36,1,0.9966594922774742
calce_CX2_36,1,0.9964746363088612
calce_CX2_36,1,0.9963369757802176
calce_CX2_36,1,0.9962350208027991
calce_CX2_36,1,0.9960884252878875
calce_CX2_36,1,0.995981667908354
calce_CX2_36,1,0.9959207314780496
calce_CX2_36,1,0.9958571332337478
calce_CX2_36,1,0.9957894665763051
calce_CX2_36,1,0.9961751509970321
calce_CX2_36,1,0.9962453049217739
calce_CX2_36,1,0.9965377092992596
calce_CX2_36,1,0.9959470490440514
calce_CX2_36,1,0.9955618805062276
calce_CX2_36,1,0.995348821414977
calce_CX2_36,1,0.9963908204210609
calce_CX2_36,1,0.9966532108304345
calce_CX2_36,1,0.9966435462617181
calce_CX2_36,1,0.996615536033556
calce_CX2_36,1,0.9966436717459083
calce_CX2_36,1,0.9968159974502516
calce_CX2_36,1,0.9964904426046151
calce_CX2_36,1,0.9961569355171487
calce_CX2_36,1,0.9959170319907723
calce_CX2_36,1,0.996409248304322
calce_CX2_36,1,0.9968684714755779
calce_CX2_36,1,0.9968548917853878
calce_CX2_36,1,0.9967649276502746
calce_CX2_36,1,0.9968861912285143
calce_CX2_36,1,0.9972188991425097
calce_CX2_36,1,0.9973762738398388
calce_CX2_36,1,0.9994460611304309
calce_CX2_36,1,0.9965884559763845
calce_CX2_36,1,0.9963933997312603
calce_CX2_36,1,0.9961826018434496
calce_CX2_36,1,0.9993023965414655
calce_CX2_36,1,0.9960946887377666
calce_CX2_36,1,0.9959652789211917
calce_CX2_36,1,0.995935989104846
calce_CX2_36,1,0.995835251891176
calce_CX2_36,1,0.9957732111239165
calce_CX2_36,1,0.9956436530659541
calce_CX2_36,1,0.995669888625663
calce_CX2_36,1,0.9956097079779102
calce_CX2_36,1,0.9955255575986782
calce_CX2_36,1,0.9955562241276081
calce_CX2_36,1,0.995519058731296
calce_CX2_36,1,0.9954518732159209
calce_CX2_36,1,0.9954629516843381
calce_CX2_36,1,0.9954853168813383
calce_CX2_36,1,0.9954482191328103
calce_CX2_36,1,0.9954543051832354
calce_CX2_36,1,0.9954962948602114
calce_CX2_36,1,0.9963974868157693
calce_CX2_36,1,0.9970825369012561
calce_CX2_36,1,0.9973058541731817
calce_CX2_36,1,0.9973452165636063
calce_CX2_36,1,0.9974049836193256
calce_CX2_36,1,0.9975420492301649
calce_CX2_36,1,0.9917245314924735
calce_CX2_36,1,0.9919476679150881
calce_CX2_36,1,0.9927565056092417
calce_CX2_36,1,0.9911440268204454
calce_CX2_36,1,0.9905424307541839
calce_CX2_36,1,0.9908134859272096
calce_CX2_36,1,0.9928516032009511
calce_CX2_36,1,0.9931798584223677
calce_CX2_36,1,0.9931352953686355
calce_CX2_36,1,0.9932507504939807
calce_CX2_36,1,0.9935585939994077
calce_CX2_36,1,0.993521180937436
calce_CX2_36,1,0.9924447792979785
calce_CX2_36,1,0.9919998971130213
calce_CX2_36,1,0.9932507694541064
calce_CX2_36,1,0.9941570808034083
calce_CX2_36,1,0.9942154967790474
calce_CX2_36,1,0.9943094879701586
calce_CX2_36,1,0.9945256170020319
calce_CX2_36,1,0.9991443900059286
calce_CX2_36,1,0.9949464193902434
calce_CX2_36,1,0.9937723813148196
calce_CX2_36,1,0.9932240894048446
calce_CX2_36,1,0.9934951659230219
calce_CX2_36,1,0.9945935515800695
calce_CX2_36,1,0.9949584846096258
calce_CX2_36,1,0.9947772523412338
calce_CX2_36,1,0.9945763437098425
calce_CX2_36,1,0.9947558476950897
calce_CX2_36,1,0.994777485998466
calce_CX2_36,1,0.9938484570489727
calce_CX2_36,1,0.9934723022356491
calce_CX2_36,1,0.9940056822880984
calce_CX2_36,1,0.9950997132764444
calce_CX2_36,1,0.9953246346971952
calce_CX2_36,1,0.995402714106001
calce_CX2_36,1,0.995517740689969
calce_CX2_36,1,0.9956102004751802
calce_CX2_36,1,0.9992841528878975
calce_CX2_36,1,0.9953200593710334
calce_CX2_36,1,0.9946525777644531
calce_CX2_36,1,0.9943909630205445
calce_CX2_36,1,0.9941746597355482
calce_CX2_36,1,0.9939932125786368
calce_CX2_36,1,0.9938643066853435
calce_CX2_36,1,0.99375908847691
calce_CX2_36,1,0.9936323323480316
calce_CX2_36,1,0.9934984864187234
calce_CX2_36,1,0.9934091857347518
calce_CX2_36,1,0.9932502991861937
calce_CX2_36,1,0.586324818537585
calce_CX2_36,1,0.5779106947226259
calce_CX2_36,1,0.5756696347008669
calce_CX2_36,1,0.9975720340963046
calce_CX2_36,1,0.9975209700117167
calce_CX2_36,1,0.9969235264485306
calce_CX2_36,1,0.996792521206051
calce_CX2_36,1,0.9971458885054106
calce_CX2_36,1,0.9977025002031613
calce_CX2_36,1,0.9978188752745554
calce_CX2_36,1,0.9978032277711123
calce_CX2_36,1,0.9978005701168197
calce_CX2_36,1,0.9995612873224863
calce_CX2_36,1,0.9978437789891774
calce_CX2_36,1,0.998030376401872
calce_CX2_36,1,0.9975249321847149
calce_CX2_36,1,0.9973056601279137
calce_CX2_36,1,0.997179230710269
calce_CX2_36,1,0.9977109231214514
calce_CX2_36,1,0.9979627338836207
calce_CX2_36,1,0.9979903389432774
calce_CX2_36,1,0.9979115049448795
calce_CX2_36,1,0.997938634737001
calce_CX2_36,1,0.9979935526446598
calce_CX2_36,1,0.9980947299145302
calce_CX2_36,1,0.997889048754329
calce_CX2_36,1,0.9974961745835598
calce_CX2_36,1,0.997337494228381
calce_CX2_36,1,0.997207548794247
calce_CX2_36,1,0.9971099443908208
calce_CX2_36,1,0.9970346616995224
calce_CX2_36,1,0.9969729987652112
calce_CX2_36,1,0.9969290560437786
calce_CX2_36,1,0.9968751562083259
calce_CX2_36,1,0.9968382570089216
calce_CX2_36,1,0.9967923125252127
calce_CX2_36,1,0.9967702559707718
calce_CX2_36,1,0.9967561064999121
calce_CX2_36,1,0.9967413651305387
calce_CX2_36,1,0.9967282863086507
calce_CX2_36,1,0.9967302702795534
calce_CX2_36,1,0.9967135428011934
calce_CX2_36,1,0.9967224687747439
calce_CX2_36,1,0.9966968797797995
calce_CX2_36,1,0.9966894451044629
calce_CX2_36,1,0.996686372944664
calce_CX2_36,1,0.9966735078543478
calce_CX2_36,1,0.9967107091183534
calce_CX2_36,1,0.9977373617092006
calce_CX2_36,1,0.9980474472070182
calce_CX2_36,1,0.9981432767440463
calce_CX2_36,1,0.9982200351587182
calce_CX2_36,1,0.9982969291594641
calce_CX2_36,1,0.5907660214936147
calce_CX2_36,1,0.5788343134698465
calce_CX2_36,1,0.5800521643458164
calce_CX2_36,1,0.6020356785890091
calce_CX2_36,1,0.6148949221449881
calce_CX2_36,1,0.6206622538140356
calce_CX2_36,1,0.6267986557334259
calce_CX2_36,1,0.6311545178302493
calce_CX2_36,1,0.608824070661686
calce_CX2_36,1,0.6095316211067
calce_CX2_36,1,0.6353239569723228
calce_CX2_36,1,0.6420712633392469
calce_CX2_36,1,0.6460025099604868
calce_CX2_36,1,0.6504494252778146
calce_CX2_36,1,0.6339727305932829
calce_CX2_36,1,0.6292897223835799
calce_CX2_36,1,0.6410809436495998
calce_CX2_36,1,0.6569074589606195
calce_CX2_36,1,0.6606810468829588
calce_CX2_36,1,0.6637408276136575
calce_CX2_36,1,0.6670367432961591
calce_CX2_36,1,0.6493881174895594
calce_CX2_36,1,0.6432898616858239
calce_CX2_36,1,0.6431106897956799
calce_CX2_36,1,0.6431655800617607
calce_CX2_36,1,0.6417759676365945
calce_CX2_36,1,0.6420327786902298
calce_CX2_36,1,0.6415164479794824
calce_CX2_36,1,0.6441846952252475
calce_CX2_36,1,0.6446813768428391
calce_CX2_36,1,0.6444607865147302
calce_CX2_36,1,0.6467192974484433
calce_CX2_36,1,0.6456751140692849
calce_CX2_36,1,0.6466872114638895
calce_CX2_36,1,0.648082165978353
calce_CX2_36,1,0.6491888714629428
calce_CX2_36,1,0.6603172821546297
calce_CX2_36,1,0.6802352351421123
calce_CX2_36,1,0.6848720249897482
calce_CX2_36,1,0.6886421868712087
calce_CX2_36,1,0.6914305153755732
calce_CX2_36,1,0.6712923568723792
calce_CX2_36,1,0.8919221931458725
calce_CX2_36,1,0.6773080830935888
calce_CX2_36,1,0.694097453401651
calce_CX2_36,1,0.6986521777645489
calce_CX2_36,1,0.6981404546347071
calce_CX2_36,1,0.7026756992432245
calce_CX2_36,1,0.6813804177105501
calce_CX2_36,1,0.6790658506977006
calce_CX2_36,1,0.7480126191857842
calce_CX2_36,1,0.7453948578657832
calce_CX2_36,1,0.7424851116315477
calce_CX2_36,1,0.734196196891604
calce_CX2_36,1,0.733500654110509
calce_CX2_36,1,0.7508174731887282
calce_CX2_36,1,0.7516041464900083
calce_CX2_36,1,0.7486244780995326
calce_CX2_36,1,0.7555280493784633
calce_CX2_36,1,0.7503142949437311
calce_CX2_36,1,0.744526640441722
calce_CX2_36,1,0.7435244003215093
calce_CX2_36,1,0.7637173535141764
calce_CX2_36,1,0.7639651449441002
calce_CX2_36,1,0.7665516084837775
calce_CX2_36,1,0.7712348042815124
calce_CX2_36,1,0.7606454651506339
calce_CX2_36,1,0.7550698598941181
calce_CX2_36,1,0.7609303902065906
calce_CX2_36,1,0.7757563227416815
calce_CX2_36,1,0.7757311571367876
calce_CX2_36,1,0.7749773095762382
calce_CX2_36,1,0.7829618674701024
calce_CX2_36,1,0.7657082438270086
calce_CX2_36,1,0.763963420382281
calce_CX2_36,1,0.7627943021696122
calce_CX2_36,1,0.7554272901906272
calce_CX2_36,1,0.7541136813808195
calce_CX2_36,1,0.7529286244791783
calce_CX2_36,1,0.7517936656519754
calce_CX2_36,1,0.7502724510248756
calce_CX2_36,1,0.750384497341667
calce_CX2_36,1,0.749994571309713
calce_CX2_36,1,0.7499108273338181
calce_CX2_36,1,0.7497081675602096
calce_CX2_36,1,0.7494168253468894
calce_CX2_36,1,0.7495575859906823
calce_CX2_36,1,0.7495993304006778
calce_CX2_36,1,0.7493151246502131
calce_CX2_36,1,0.7725642516748845
calce_CX2_36,1,0.7828160385187968
calce_CX2_36,1,0.7836305279858676
calce_CX2_36,1,0.7875434394247135
calce_CX2_36,1,0.792603206813119
calce_CX2_36,1,0.7683462315011365
calce_CX2_36,1,0.7646757223166378
calce_CX2_36,1,0.7849228069305318
calce_CX2_36,1,0.794115681105173
calce_CX2_36,1,0.7905491397006784
calce_CX2_36,1,0.7907065139417516
calce_CX2_36,1,0.7707990865971088
calce_CX2_36,1,0.7476699977367306
calce_CX2_36,1,0.7404339361447362
calce_CX2_36,1,0.7589164712023279
calce_CX2_36,1,0.7726526047649478
calce_CX2_36,1,0.7705878151932593
calce_CX2_36,1,0.7729546798062673
calce_CX2_36,1,0.7812635423813761
calce_CX2_36,1,0.7624702933024841
calce_CX2_36,1,0.7588724045017559
calce_CX2_36,1,0.7754521320008254
calce_CX2_36,1,0.7873347066727752
calce_CX2_36,1,0.7865049756951474
calce_CX2_36,1,0.7890191033044848
calce_CX2_36,1,0.7925722380956973
calce_CX2_36,1,0.7742035059711729
calce_CX2_36,1,0.7709572764161196
calce_CX2_36,1,0.7704045085338137
calce_CX2_36,1,0.7699096406778088
calce_CX2_36,1,0.769798813486489
calce_CX2_36,1,0.7671274786069225
calce_CX2_36,1,0.7672006272827091
calce_CX2_36,1,0.7660527870533665
calce_CX2_36,1,0.7673121737941476
calce_CX2_36,1,0.7674454353191584
calce_CX2_36,1,0.7679683786216405
calce_CX2_36,1,0.7679525480734342
calce_CX2_36,1,0.7680509246551036
calce_CX2_36,1,0.7677200180430167
calce_CX2_36,1,0.7656771620941079
calce_CX2_36,1,0.7649350420379372
calce_CX2_36,1,0.786425873382375
calce_CX2_36,1,0.79696491888136
calce_CX2_36,1,0.798201092523094
calce_CX2_36,1,0.7998645627402766
calce_CX2_36,1,0.804611306679688
calce_CX2_36,1,0.7851573141877994
calce_CX2_36,1,0.7812798790039642
calce_CX2_36,1,0.7995794364151485
calce_CX2_36,1,0.8085732809286472
calce_CX2_36,1,0.8067652563862566
calce_CX2_36,1,0.8076917553895178
calce_CX2_36,1,0.8110494441940977
calce_CX2_36,1,0.7943167389981667
calce_CX2_36,1,0.7890837518175498
calce_CX2_36,1,0.8042490101216897
calce_CX2_36,1,0.8132654106086087
calce_CX2_36,1,0.808221148282281
calce_CX2_36,1,0.8109212981915703
calce_CX2_36,1,0.8128687309591662
calce_CX2_36,1,0.6371042952347553
calce_CX2_36,1,0.6336819831059609
calce_CX2_36,1,0.6282606367804785
calce_CX2_36,1,0.6303441487415323
calce_CX2_36,1,0.6569867022772867
calce_CX2_36,1,0.6628486567602
calce_CX2_36,1,0.6657033155809244
calce_CX2_36,1,0.6772698634209185
calce_CX2_36,1,0.6759892553326269
calce_CX2_36,1,0.6788172107575392
calce_CX2_36,1,0.6910642872647635
calce_CX2_36,1,0.696732586473768
calce_CX2_36,1,0.6990279949220958
calce_CX2_36,1,0.7014926586814968
calce_CX2_36,1,0.7097341025724965
calce_CX2_36,1,0.7055435237076338
calce_CX2_36,1,0.7063923307834006
calce_CX2_36,1,0.7158424529880065
calce_CX2_36,1,0.7181524769068396
calce_CX2_36,1,0.7186343754442669
calce_CX2_36,1,0.7203379370633215
calce_CX2_36,1,0.7202939666966647
calce_CX2_36,1,0.718899764183949
calce_CX2_36,1,0.7210989674731826
calce_CX2_36,1,0.7231751649027517
calce_CX2_36,1,0.7241962313826023
calce_CX2_36,1,0.7238112996265534
calce_CX2_36,1,0.7254120868434331
calce_CX2_36,1,0.7284716374614235
calce_CX2_36,1,0.7297656709838725
calce_CX2_36,1,0.7315058545284165
calce_CX2_36,1,0.7335236036568765
calce_CX2_36,1,0.7352462801948061
calce_CX2_36,1,0.7348318733373509
calce_CX2_36,1,0.7371700720247882
calce_CX2_36,1,0.7387298185953606
calce_CX2_36,1,0.7401019756173388
calce_CX2_36,1,0.7520944763989659
calce_CX2_36,1,0.7590645617440013
calce_CX2_36,1,0.7604193498195005
calce_CX2_36,1,0.7616578681197156
calce_CX2_38,0,0.8247480553372349
calce_CX2_38,0,0.8159202878425391
calce_CX2_38,0,0.8124915555793322
calce_CX2_38,0,0.8206126536750189
calce_CX2_38,0,0.8294337032837708
calce_CX2_38,0,0.8285698341413241
calce_CX2_38,0,0.819775795686059
calce_CX2_38,0,0.8180450896383559
calce_CX2_38,0,0.8188822918507798
calce_CX2_38,0,0.8194438701475135
calce_CX2_38,0,0.9466999404480386
calce_CX2_38,0,0.8208305273490932
calce_CX2_38,0,0.821199483917681
calce_CX2_38,0,0.8207562329975355
calce_CX2_38,0,0.8211169005158451
calce_CX2_38,0,0.8217567989133425
calce_CX2_38,0,0.8224778977977812
calce_CX2_38,0,0.8229764480412668
calce_CX2_38,0,0.8234270322848575
calce_CX2_38,0,0.8237027659237699
calce_CX2_38,0,0.823942823584567
calce_CX2_38,0,0.8246475736124538
calce_CX2_38,0,0.8252208140587098
calce_CX2_38,0,0.8256121192621447
calce_CX2_38,0,0.8327273888533641
calce_CX2_38,0,0.8415221972119638
calce_CX2_38,0,0.8420233059841994
calce_CX2_38,0,0.8449443783634705
calce_CX2_38,0,0.847592195251718
calce_CX2_38,0,0.8394757604020348
calce_CX2_38,0,0.8363863818556567
calce_CX2_38,0,0.8425466015326468
calce_CX2_38,0,0.8499883852958111
calce_CX2_38,0,0.8491786686166557
calce_CX2_38,0,0.8495097131452075
calce_CX2_38,0,0.8544852056497957
calce_CX2_38,0,0.8457870333688755
calce_CX2_38,0,0.8429452114038436
calce_CX2_38,0,0.8502396879131199
calce_CX2_38,0,0.8569655894993667
calce_CX2_38,0,0.8560228118028564
calce_CX2_38,0,0.8590370202328629
calce_CX2_38,0,0.8603279793216086
calce_CX2_38,0,0.8517593192215671
calce_CX2_38,0,0.849117316270913
calce_CX2_38,0,0.8566421174499059
calce_CX2_38,0,0.8612976946158512
calce_CX2_38,0,0.8604683721580392
calce_CX2_38,0,0.8601214592001498
calce_CX2_38,0,0.860591296191758
calce_CX2_38,0,0.8466707282756377
calce_CX2_38,0,0.8455122299460269
calce_CX2_38,0,0.8490682512968064
calce_CX2_38,0,0.8384738207612674
calce_CX2_38,0,0.8301016183230784
calce_CX2_38,0,0.8312079198469625
calce_CX2_38,0,0.8477239334071782
calce_CX2_38,0,0.8480863034528612
calce_CX2_38,0,0.8500572928060596
calce_CX2_38,0,0.8486965483242723
calce_CX2_38,0,0.853793000107144
calce_CX2_38,0,0.9634060007348695
calce_CX2_38,0,0.8520127438902919
calce_CX2_38,0,0.8441501134263368
calce_CX2_38,0,0.8427613697531537
calce_CX2_38,0,0.8565996667215933
calce_CX2_38,0,0.8583864473572596
calce_CX2_38,0,0.8603441854550935
calce_CX2_38,0,0.8617338255089367
calce_CX2_38,0,0.8607542853298851
calce_CX2_38,0,0.8538117954730742
calce_CX2_38,0,0.8527291665672114
calce_CX2_38,0,0.866880520262815
calce_CX2_38,0,0.866621134059417
calce_CX2_38,0,0.867439011935584
calce_CX2_38,0,0.8681328616702224
calce_CX2_38,0,0.8655994197408877
calce_CX2_38,0,0.8605067699488617
calce_CX2_38,0,0.8595764940788772
calce_CX2_38,0,0.8592150903041965
calce_CX2_38,0,0.8588224705469605
calce_CX2_38,0,0.8583680496103538
calce_CX2_38,0,0.8578679697965935
calce_CX2_38,0,0.8577852865542875
calce_CX2_38,0,0.8576158411570087
calce_CX2_38,0,0.8577541298050384
calce_CX2_38,0,0.8583338032135988
calce_CX2_38,0,0.8579129811085561
calce_CX2_38,0,0.8582269798008472
calce_CX2_38,0,0.8579430588788283
calce_CX2_38,0,0.8573082629895291
calce_CX2_38,0,0.8570587612510717
calce_CX2_38,0,0.8575325402570797
calce_CX2_38,0,0.9648316137577946
calce_CX2_38,0,0.8748167122839295
calce_CX2_38,0,0.8729035678960441
calce_CX2_38,0,0.8752578124366447
calce_CX2_38,0,0.8773007841303501
calce_CX2_38,0,0.8671802415984484
calce_CX2_38,0,0.8654370408381516
calce_CX2_38,0,0.8750115147875386
calce_CX2_38,0,0.8792409113124127
calce_CX2_38,0,0.8779514766496519
calce_CX2_38,0,0.8784702532431928
calce_CX2_38,0,0.8818990422869966
calce_CX2_38,0,0.8731259017274792
calce_CX2_38,0,0.8711879532859083
calce_CX2_38,0,0.8792912211341057
calce_CX2_38,0,0.8838987251712769
calce_CX2_38,0,0.8697535804981554
calce_CX2_38,0,0.8692478119045445
calce_CX2_38,0,0.8625058297553087
calce_CX2_38,0,0.8597972101339947
calce_CX2_38,0,0.8638601107518503
calce_CX2_38,0,0.8740446955543549
calce_CX2_38,0,0.8737463062759813
calce_CX2_38,0,0.8756452674884048
calce_CX2_38,0,0.8780869236378128
calce_CX2_38,0,0.8721329448817453
calce_CX2_38,0,0.8699143247348609
calce_CX2_38,0,0.869445932258231
calce_CX2_38,0,0.8693709464027899
calce_CX2_38,0,0.8690826343546623
calce_CX2_38,0,0.8685140757545626
calce_CX2_38,0,0.8684349819047092
calce_CX2_38,0,0.8691444289617345
calce_CX2_38,0,0.8694713780649405
calce_CX2_38,0,0.86980601805655
calce_CX2_38,0,0.8701238500856674
calce_CX2_38,0,0.8704089057828597
calce_CX2_38,0,0.8704840156849796
calce_CX2_38,0,0.8704279651632606
calce_CX2_38,0,0.870685468341703
calce_CX2_38,0,0.8708922759796088
calce_CX2_38,0,0.8714767968250708
calce_CX2_38,0,0.884991201554111
calce_CX2_38,0,0.8864115898391104
calce_CX2_38,0,0.8873045203423235
calce_CX2_38,0,0.8889473787201201
calce_CX2_38,0,0.8858243505996855
calce_CX2_38,0,0.8802880265437549
calce_CX2_38,0,0.879075541725608
calce_CX2_38,0,0.8894848013643482
calce_CX2_38,0,0.8906444003118207
calce_CX2_38,0,0.892003268709783
calce_CX2_38,0,0.8916108568259633
calce_CX2_38,0,0.889925104284267
calce_CX2_38,0,0.8849802484008819
calce_CX2_38,0,0.8828519761169976
calce_CX2_38,0,0.8927992707001597
calce_CX2_38,0,0.8935730763413064
calce_CX2_38,0,0.8949244000415753
calce_CX2_38,0,0.8945678231752341
calce_CX2_38,0,0.893981757508237
calce_CX2_38,0,0.8872265584016321
calce_CX2_38,0,0.885953936269868
calce_CX2_38,0,0.8944692702270239
calce_CX2_38,0,0.8955602777031896
calce_CX2_38,0,0.896053482448785
calce_CX2_38,0,0.8868053657454743
calce_CX2_38,0,0.8848839538311962
calce_CX2_38,1,0.8772053302794439
calce_CX2_38,1,0.8771738653733105
calce_CX2_38,1,0.8770600301094263
calce_CX2_38,1,0.8774447637256154
calce_CX2_38,1,0.8768795411321448
calce_CX2_38,1,0.8764164220578556
calce_CX2_38,1,0.8767219992902647
calce_CX2_38,1,0.8770298132514033
calce_CX2_38,1,0.8774060274830312
calce_CX2_38,1,0.8777723709080768
calce_CX2_38,1,0.8780932535295032
calce_CX2_38,1,0.8784099491179933
calce_CX2_38,1,0.8785760442691742
calce_CX2_38,1,0.8784489580700716
calce_CX2_38,1,0.8789415877065463
calce_CX2_38,1,0.8791968817263178
calce_CX2_38,1,0.8904615217965143
calce_CX2_38,1,0.8938829370122542
calce_CX2_38,1,0.8948884027387662
calce_CX2_38,1,0.9740566949267481
calce_CX2_38,1,0.8973852486675772
calce_CX2_38,1,0.8919700985815235
calce_CX2_38,1,0.8884728051380221
calce_CX2_38,1,0.8893804294258643
calce_CX2_38,1,0.8982789801610805
calce_CX2_38,1,0.8974654871601676
calce_CX2_38,1,0.898106169697147
calce_CX2_38,1,0.8993524989764611
calce_CX2_38,1,0.8961470981197607
calce_CX2_38,1,0.8915637504724471
calce_CX2_38,1,0.8899308063621602
calce_CX2_38,1,0.8993795478695955
calce_CX2_38,1,0.8994159313347071
calce_CX2_38,1,0.8993545821127239
calce_CX2_38,1,0.9002923747732227
calce_CX2_38,1,0.9752093776149804
calce_CX2_38,1,0.8936751665974384
calce_CX2_38,1,0.8918880804262287
calce_CX2_38,1,0.8970932488593159
calce_CX2_38,1,0.9013461085194308
calce_CX2_38,1,0.9016440312372874
calce_CX2_38,1,0.9026480714197176
calce_CX2_38,1,0.9038344673392981
calce_CX2_38,1,0.8988390402947691
calce_CX2_38,1,0.9052862392962412
calce_CX2_38,1,0.90623146197756
calce_CX2_38,1,0.906197339020505
calce_CX2_38,1,0.9058804373726365
calce_CX2_38,1,0.8882480918986893
calce_CX2_38,1,0.8822750046131752
calce_CX2_38,1,0.8789774274689204
calce_CX2_38,1,0.8782706492941189
calce_CX2_38,1,0.8863818333759123
calce_CX2_38,1,0.8851390116637669
calce_CX2_38,1,0.8820761559758981
calce_CX2_38,1,0.8807932067815083
calce_CX2_38,1,0.879560971744874
calce_CX2_38,1,0.8782370350957391
calce_CX2_38,1,0.878067564262344
calce_CX2_38,1,0.8854186137743358
calce_CX2_38,1,0.8868408098515326
calce_CX2_38,1,0.8859848026040409
calce_CX2_38,1,0.886605888732602
calce_CX2_38,1,0.8854426062648048
calce_CX2_38,1,0.883300591973162
calce_CX2_38,1,0.8833265299177256
calce_CX2_38,1,0.8918464149096867
calce_CX2_38,1,0.8919385873435184
calce_CX2_38,1,0.8929141760872659
calce_CX2_38,1,0.8924883200449255
calce_CX2_38,1,0.8934034473799648
calce_CX2_38,1,0.8887811597668107
calce_CX2_38,1,0.8883151243475669
calce_CX2_38,1,0.8947381361369493
calce_CX2_38,1,0.8951479857809257
calce_CX2_38,1,0.8949580237924541
calce_CX2_38,1,0.8941347997462192
calce_CX2_38,1,0.8954857891862207
calce_CX2_38,1,0.8911148913556118
calce_CX2_38,1,0.8903619850630062
calce_CX2_38,1,0.8900859798072887
calce_CX2_38,1,0.8898802096289676
calce_CX2_38,1,0.889675309042122
calce_CX2_38,1,0.8885467628435625
calce_CX2_38,1,0.8880806108779354
calce_CX2_38,1,0.8879935649008354
calce_CX2_38,1,0.8879300131405812
calce_CX2_38,1,0.8878866259526246
calce_CX2_38,1,0.8882287973491332
calce_CX2_38,1,0.8883855025176323
calce_CX2_38,1,0.8885118005442256
calce_CX2_38,1,0.8883205660479172
calce_CX2_38,1,0.8883812299727263
calce_CX2_38,1,0.8885926551462087
calce_CX2_38,1,0.8915890276219871
calce_CX2_38,1,0.8985198843840944
calce_CX2_38,1,0.8999043009556652
calce_CX2_38,1,0.9000047143548981
calce_CX2_38,1,0.8898842796344663
calce_CX2_38,1,0.8882942426211022
calce_CX2_38,1,0.9706832466100166
calce_CX2_38,1,0.8855342646611475
calce_CX2_38,1,0.8841515416507613
calce_CX2_38,1,0.8872911755265848
calce_CX2_38,1,0.8919537177390127
calce_CX2_38,1,0.8908924842744381
calce_CX2_38,1,0.8912157062730254
calce_CX2_38,1,0.8937556032597493
calce_CX2_38,1,0.8901613709672772
calce_CX2_38,1,0.8887166336898088
calce_CX2_38,1,0.8898163444371056
calce_CX2_38,1,0.8975584594284262
calce_CX2_38,1,0.8976438211605473
calce_CX2_38,1,0.8979068913113983
calce_CX2_38,1,0.8982448203282836
calce_CX2_38,1,0.8962607370039853
calce_CX2_38,1,0.8931956758040955
calce_CX2_38,1,0.9702399668468203
calce_CX2_38,1,0.9001653140862397
calce_CX2_38,1,0.9020653818001323
calce_CX2_38,1,0.9011970652034784
calce_CX2_38,1,0.9007141350595549
calce_CX2_38,1,0.9735732922258044
calce_CX2_38,1,0.8991031797336051
calce_CX2_38,1,0.8967842181644338
calce_CX2_38,1,0.8961895803364576
calce_CX2_38,1,0.8955410711718699
calce_CX2_38,1,0.8953137604296013
calce_CX2_38,1,0.8948674229864391
calce_CX2_38,1,0.8941504401251162
calce_CX2_38,1,0.8943069364811944
calce_CX2_38,1,0.8944462317343331
calce_CX2_38,1,0.8944615150093561
calce_CX2_38,1,0.8947252238726541
calce_CX2_38,1,0.8949464296965364
calce_CX2_38,1,0.894821383657501
calce_CX2_38,1,0.8946540472239628
calce_CX2_38,1,0.894595780410628
calce_CX2_38,1,0.8946339728299919
calce_CX2_38,1,0.8948441516538318
calce_CX2_38,1,0.9718207774357978
calce_CX2_38,1,0.9051818879057761
calce_CX2_38,1,0.9046749275232537
calce_CX2_38,1,0.904496047931112
calce_CX2_38,1,0.9054686505993191
calce_CX2_38,1,0.9016000097730404
calce_CX2_38,1,0.899172296530221
calce_CX2_38,1,0.8999544631813359
calce_CX2_38,1,0.901647680921468
calce_CX2_38,1,0.9003050392306944
calce_CX2_38,1,0.8990169547649338
calce_CX2_38,1,0.8952527894897663
calce_CX2_38,1,0.8949289516052863
calce_CX2_38,1,0.9017547073530252
calce_CX2_38,1,0.9031779839065285
calce_CX2_38,1,0.9032359096320407
calce_CX2_38,1,0.9041711071152111
calce_CX2_38,1,0.9055620003842022
calce_CX2_38,1,0.8999274923101349
calce_CX2_38,1,0.899076968784525
calce_CX2_38,1,0.9052347587471157
calce_CX2_38,1,0.9081812063287131
calce_CX2_38,1,0.9063504782223212
calce_CX2_38,1,0.9108386925104104
calce_CX2_38,1,0.915944484389538
calce_CX2_38,1,0.9078037274214222
calce_CX2_38,1,0.9052532443625988
calce_CX2_38,1,0.9733084332734471
calce_CX2_38,1,0.9170055120211017
calce_CX2_38,1,0.9175193550427396
calce_CX2_38,1,0.9186818809518509
calce_CX2_38,1,0.9195181178036623
calce_CX2_38,1,0.9183445613468461
calce_CX2_38,1,0.9111672103162283
calce_CX2_38,1,0.9095363297278685
calce_CX2_38,1,0.9085552316706814
calce_CX2_38,1,0.9078706889783332
calce_CX2_38,1,0.9070702845449837
calce_CX2_38,1,0.9055854892724405
calce_CX2_38,1,0.9053141277589928
calce_CX2_38,1,0.9052502920936516
calce_CX2_38,1,0.9061212734803333
calce_CX2_38,1,0.906286439882537
calce_CX2_38,1,0.9063808632037228
calce_CX2_38,1,0.9064471460424623
calce_CX2_38,1,0.9060427951135206
calce_CX2_38,1,0.9059535928775732
calce_CX2_38,1,0.905879945414824
calce_CX2_38,1,0.9057877355125785
calce_CX2_38,1,0.9078820116058899
calce_CX2_38,1,0.9196793050226441
calce_CX2_38,1,0.9210553660439966
calce_CX2_38,1,0.9218691920533919
calce_CX2_38,1,0.9227617963602675
calce_CX2_38,1,0.9196450382075364
calce_CX2_38,1,0.9141042600209411
calce_CX2_38,1,0.9124111921979761
calce_CX2_38,1,0.9222992511141759
calce_CX2_38,1,0.9202037503156827
calce_CX2_38,1,0.9213208734261293
calce_CX2_38,1,0.9171939333725304
calce_CX2_38,1,0.9130798648766536
calce_CX2_38,1,0.9122433326717545
calce_CX2_38,1,0.9232717725720254
calce_CX2_38,1,0.9239377142078111
calce_CX2_38,1,0.9250923168701143
calce_CX2_38,1,0.9255507572788778
calce_CX2_38,1,0.9243313958290458
calce_CX2_38,1,0.9244539620522139
calce_CX2_38,1,0.9149284483646529
calce_CX2_38,1,0.9116061376173784
calce_CX2_38,1,0.9170460053843519
calce_CX2_38,1,0.9215768412252238
calce_CX2_38,1,0.9206160899258555
calce_CX2_38,1,0.921824004704508
calce_CX2_38,1,0.9224112157937465
calce_CX2_38,1,0.9171622854651114
calce_CX2_38,1,0.9136784940544168
calce_CX2_38,1,0.9145328590107168
calce_CX2_38,1,0.9219065379668924
calce_CX2_38,1,0.9223298417047697
calce_CX2_38,1,0.9240934589723255
calce_CX2_38,1,0.9247093853097621
calce_CX2_38,1,0.922624747368862
calce_CX2_38,1,0.9181890438155939
calce_CX2_38,1,0.9170994304844132
calce_CX2_38,1,0.9251278009827085
calce_CX2_38,1,0.9235284530627311
calce_CX2_38,1,0.9230820267091839
calce_CX2_38,1,0.9232387416356979
calce_CX2_38,1,0.9245340435930557
calce_CX2_38,1,0.919400243632043
calce_CX2_38,1,0.918754286810407
calce_CX2_38,1,0.9228089482527864
calce_CX2_38,1,0.9245164112847383
calce_CX2_38,1,0.9242720299508934
calce_CX2_38,1,0.9243926377726078
calce_CX2_38,1,0.9257034441606783
calce_CX2_38,1,0.9219138661405478
calce_CX2_38,1,0.9207914721454987
calce_CX2_38,1,0.9203179419186518
calce_CX2_38,1,0.9201855035776363
calce_CX2_38,1,0.9201545705713532
calce_CX2_38,1,0.9200413105384576
calce_CX2_38,1,0.919904342207078
calce_CX2_38,1,0.9190925015056608
calce_CX2_38,1,0.9189908436266893
calce_CX2_38,1,0.9190245333787224
calce_CX2_38,1,0.919237150215859
calce_CX2_38,1,0.9193683743620148
calce_CX2_38,1,0.9195280544125591
calce_CX2_38,1,0.9206416157001296
calce_CX2_38,1,0.9207790665406809
calce_CX2_38,1,0.9209593452254147
calce_CX2_38,1,0.9213467838826006
calce_CX2_38,1,0.9262294073643347
calce_CX2_38,1,0.9254097368178513
calce_CX2_38,1,0.9259613007370552
calce_CX2_38,1,0.923035959955379
calce_CX2_38,1,0.9206916228163634
calce_CX2_38,1,0.9208626460645827
calce_CX2_38,1,0.9274461679287432
calce_CX2_38,1,0.9281614735238951
calce_CX2_38,1,0.9284017332514263
calce_CX2_38,1,0.9292857249773291
calce_CX2_38,1,0.9281158807682031
calce_CX2_38,1,0.9245494183064977
calce_CX2_38,1,0.9239442820535343
calce_CX2_38,1,0.9292829902440749
calce_CX2_38,1,0.9305334298093094
calce_CX2_38,1,0.92980505741614
calce_CX2_38,1,0.9305649939243846
calce_CX2_38,1,0.9315134014421854
calce_CX2_38,1,0.9272994047063411
calce_CX2_38,1,0.9265589361130576
calce_CX2_38,1,0.9296831864227699
calce_CX2_38,1,0.9330177438028073
calce_CX2_38,1,0.9324512440026821
calce_CX2_38,1,0.983591634118763
calce_CX2_38,1,0.9329506068508964
calce_CX2_38,1,0.933765508252295
calce_CX2_38,1,0.9292858833455913
calce_CX2_38,1,0.9283321976845664
calce_CX2_38,1,0.9325924005745205
calce_CX2_38,1,0.9341889165079066
calce_CX2_38,1,0.9337956249014066
calce_CX2_38,1,0.9337772130219891
calce_CX2_38,1,0.9842139851654065
calce_CX2_38,1,0.933202994648586
calce_CX2_38,1,0.930687750820346
calce_CX2_38,1,0.9300545150692958
calce_CX2_38,1,0.9296883217542931
calce_CX2_38,1,0.929354749399866
calce_CX2_38,1,0.9289976873931469
calce_CX2_38,1,0.9286486454681863
calce_CX2_38,1,0.9284669664301558
calce_CX2_38,1,0.9281741587527298
calce_CX2_38,1,0.9279326639126751
calce_CX2_38,1,0.9276546943043696
calce_CX2_38,1,0.9273866753251735
calce_CX2_38,1,0.9273331905302985
calce_CX2_38,1,0.9271880019868284
calce_CX2_38,1,0.9269751060502652
calce_CX2_38,1,0.9267703167450347
calce_CX2_38,1,0.9266800340310769
calce_CX2_38,1,0.9279800656320155
calce_CX2_38,1,0.9866442650057266
calce_CX2_38,1,0.9386425465448719
calce_CX2_38,1,0.938354708701906
calce_CX2_38,1,0.9325970878494643
calce_CX2_38,1,0.9315751170560975
calce_CX2_38,1,0.9359132808385939
calce_CX2_38,1,0.9367229651255116
calce_CX2_38,1,0.9368798682159947
calce_CX2_38,1,0.9358815663425323
calce_CX2_38,1,0.9363401580876599
calce_CX2_38,1,0.9841970682928897
calce_CX2_38,1,0.9335228829167542
calce_CX2_38,1,0.9328233584630953
calce_CX2_38,1,0.9368774523486328
calce_CX2_38,1,0.9372252615419652
calce_CX2_38,1,0.9374247933586564
calce_CX2_38,1,0.9367982405443952
calce_CX2_38,1,0.9373661400659863
calce_CX2_38,1,0.9346248230371323
calce_CX2_38,1,0.9344384611557249
calce_CX2_38,1,0.937419699428429
calce_CX2_38,1,0.9389813995601843
calce_CX2_38,1,0.9387106633772426
calce_CX2_38,1,0.9392228209075824
calce_CX2_38,1,0.9394754561198713
calce_CX2_38,1,0.9365367377828793
calce_CX2_38,1,0.9349555165795597
calce_CX2_38,1,0.9342755485545812
calce_CX2_38,1,0.9371061123317689
calce_CX2_38,1,0.9376221589557546
calce_CX2_38,1,0.9369397118917452
calce_CX2_38,1,0.9365345660397445
calce_CX2_38,1,0.9368317693096568
calce_CX2_38,1,0.9335976166766813
calce_CX2_38,1,0.9329505657546306
calce_CX2_38,1,0.9325317998108273
calce_CX2_38,1,0.9327835615996133
calce_CX2_38,1,0.9325244004932302
calce_CX2_38,1,0.9321092598912343
calce_CX2_38,1,0.9319257030454754
calce_CX2_38,1,0.9317805513278821
calce_CX2_38,1,0.9316161480217966
calce_CX2_38,1,0.9314860189360427
calce_CX2_38,1,0.93144175126528
calce_CX2_38,1,0.931589512782936
calce_CX2_38,1,0.9315166923102769
calce_CX2_38,1,0.9310270308301137
calce_CX2_38,1,0.9311247562955628
calce_CX2_38,1,0.9313875234106928
calce_CX2_38,1,0.9315878476332979
calce_CX2_38,1,0.9329392806416781
calce_CX2_38,1,0.9325998454874757
calce_CX2_38,1,0.930983964992435
calce_CX2_38,1,0.9289308289863074
calce_CX2_38,1,0.9286815296183855
calce_CX2_38,1,0.9322243751026715
calce_CX2_38,1,0.934336590056904
calce_CX2_38,1,0.9339624139158978
calce_CX2_38,1,0.9344458152044258
calce_CX2_38,1,0.9349890460482044
calce_CX2_38,1,0.9307144934818837
calce_CX2_38,1,0.9302113548684128
calce_CX2_38,1,0.9324923165819686
calce_CX2_38,1,0.934859059324327
calce_CX2_38,1,0.9356374554468313
calce_CX2_38,1,0.9361007034475084
calce_CX2_38,1,0.936547369947694
calce_CX2_38,1,0.9835276942463982
calce_CX2_38,1,0.9327053772592754
calce_CX2_38,1,0.9320514348187264
calce_CX2_38,1,0.9350663285995878
calce_CX2_38,1,0.9373759021960006
calce_CX2_38,1,0.9997285608931571
calce_CX2_38,1,0.9229387764770289
calce_CX2_38,1,0.9267824309634369
calce_CX2_38,1,0.9378191936741751
calce_CX2_38,1,0.9342165262140709
calce_CX2_38,1,0.9302240505463215
calce_CX2_38,1,0.9292294233468565
calce_CX2_38,1,0.9841132890047054
calce_CX2_38,1,0.9422748158091249
calce_CX2_38,1,0.9438424983236632
calce_CX2_38,1,0.9444679801124714
calce_CX2_38,1,0.9453614888210629
calce_CX2_38,1,0.9404313667878266
calce_CX2_38,1,0.9380510927570455
calce_CX2_38,1,0.9395371296584766
calce_CX2_38,1,0.946310756319671
calce_CX2_38,1,0.9466190411496574
calce_CX2_38,1,0.9477987986933829
calce_CX2_38,1,0.9482540912830515
calce_CX2_38,1,0.9478767082433163
calce_CX2_38,1,0.9433155676140618
calce_CX2_38,1,0.9853722174388346
calce_CX2_38,1,0.945396232265006
calce_CX2_38,1,0.9498255579264352
calce_CX2_38,1,0.9494516815979572
calce_CX2_38,1,0.9501449998317621
calce_CX2_38,1,0.95109050663594
calce_CX2_38,1,0.9521211394738639
calce_CX2_38,1,0.9526824443209354
calce_CX2_38,1,0.9531754824317328
calce_CX2_38,1,0.9535804596794636
calce_CX2_38,1,0.953318531464129
calce_CX2_38,1,0.9516888708004311
calce_CX2_38,1,0.948552574632385
calce_CX2_38,1,0.9490709832870132
calce_CX2_38,1,0.949094611122223
calce_CX2_38,1,0.9488075292669633
calce_CX2_38,1,0.9483887885856916
calce_CX2_38,1,0.9482332216339863
calce_CX2_38,1,0.9480192299788162
calce_CX2_38,1,0.9478519125026533
calce_CX2_38,1,0.9479508469461758
calce_CX2_38,1,0.948221238439538
calce_CX2_38,1,0.9484805380488289
calce_CX2_38,1,0.9487188845559944
calce_CX2_38,1,0.948810497473376
calce_CX2_38,1,0.948968363677868
calce_CX2_38,1,0.948897873363178
calce_CX2_38,1,0.948623154863597
calce_CX2_38,1,0.94873610110729
calce_CX2_38,1,0.9492325929851604
calce_CX2_38,1,0.9449768510706792
calce_CX2_38,1,0.9442318391392598
calce_CX2_38,1,0.9455308975906505
calce_CX2_38,1,0.9462585494852878
calce_CX2_38,1,0.9873367470184852
calce_CX2_38,1,0.9477015134535671
calce_CX2_38,1,0.9470504523945958
calce_CX2_38,1,0.9462247439782162
calce_CX2_38,1,0.9459502128760761
calce_CX2_38,1,0.9464139541055238
calce_CX2_38,1,0.9473910723907902
calce_CX2_38,1,0.9477626377241984
calce_CX2_38,1,0.9479277871320316
calce_CX2_38,1,0.9482342425213982
calce_CX2_38,1,0.9480147228183079
calce_CX2_38,1,0.9434011687699699
calce_CX2_38,1,0.9494073350071449
calce_CX2_38,1,0.9882818157652461
calce_CX2_38,1,0.9521220542494885
calce_CX2_38,1,0.9888675475292905
calce_CX2_38,1,0.9530664647573424
calce_CX2_38,1,0.9534096599922178
calce_CX2_38,1,0.9537690643719064
calce_CX2_38,1,0.9529386936628739
calce_CX2_38,1,0.9528823288619181
calce_CX2_38,1,0.9536369089593146
calce_CX2_38,1,0.9543782480754714
calce_CX2_38,1,0.9557037748083181
calce_CX2_38,1,0.9566462172971568
calce_CX2_38,1,0.9571832898904012
calce_CX2_38,1,0.9566998260474895
calce_CX2_38,1,0.9568864463292495
calce_CX2_38,1,0.9569720657205801
calce_CX2_38,1,0.9577811245117317
calce_CX2_38,1,0.958239101788942
calce_CX2_38,1,0.9587272135604605
calce_CX2_38,1,0.9591073590314684
calce_CX2_38,1,0.9594465637462555
calce_CX2_38,1,0.9592632856928293
calce_CX2_38,1,0.9590986198472956
calce_CX2_38,1,0.9591084084848135
calce_CX2_38,1,0.9591990363564976
calce_CX2_38,1,0.9593368276060967
calce_CX2_38,1,0.9595194144026633
calce_CX2_38,1,0.9596199640919584
calce_CX2_38,1,0.959802070232882
calce_CX2_38,1,0.9601178602614578
calce_CX2_38,1,0.9601769239592676
calce_CX2_38,1,0.9603224194386275
calce_CX2_38,1,0.9607096919147748
calce_CX2_38,1,0.9574549320529544
calce_CX2_38,1,0.9571747886539397
calce_CX2_38,1,0.9573567339731607
calce_CX2_38,1,0.9574553990793381
calce_CX2_38,1,0.9576732973337941
calce_CX2_38,1,0.9578044776686263
calce_CX2_38,1,0.9566071690108341
calce_CX2_38,1,0.9559076291914058
calce_CX2_38,1,0.9568565747255527
calce_CX2_38,1,0.9582375835086548
calce_CX2_38,1,0.9598165053092377
calce_CX2_38,1,0.9606676902176892
calce_CX2_38,1,0.9611850023218502
calce_CX2_38,1,0.9613653491637395
calce_CX2_38,1,0.9609396621761943
calce_CX2_38,1,0.9606711644842244
calce_CX2_38,1,0.9613865919339747
calce_CX2_38,1,0.9624492378037532
calce_CX2_38,1,0.9628114273300832
calce_CX2_38,1,0.9629960332981546
calce_CX2_38,1,0.963349813155292
calce_CX2_38,1,0.9626933787734218
calce_CX2_38,1,0.962586433965629
calce_CX2_38,1,0.9627812491424517
calce_CX2_38,1,0.9637288346015646
calce_CX2_38,1,0.9641353789355582
calce_CX2_38,1,0.96446510235992
calce_CX2_38,1,0.9926731417285307
calce_CX2_38,1,0.9654640088592431
calce_CX2_38,1,0.9652896876989704
calce_CX2_38,1,0.9653772675467917
calce_CX2_38,1,0.9636896714698215
calce_CX2_38,1,0.962319496010491
calce_CX2_38,1,0.961833283967011
calce_CX2_38,1,0.9614551906965395
calce_CX2_38,1,0.9613427546152978
calce_CX2_38,1,0.9612165280180206
calce_CX2_38,1,0.9610968137042732
calce_CX2_38,1,0.9610896698373637
calce_CX2_38,1,0.9912976571982716
calce_CX2_38,1,0.96185031393161
calce_CX2_38,1,0.9615782526105696
calce_CX2_38,1,0.9615157920132497
calce_CX2_38,1,0.9615374941771047
calce_CX2_38,1,0.9633090337913418
calce_CX2_38,1,0.9656102059855249
calce_CX2_38,1,0.9656447555327488
calce_CX2_38,1,0.9662127756323495
calce_CX2_38,1,0.9671148916804384
calce_CX2_38,1,0.9676564023037545
calce_CX2_38,1,0.9655138513598888
calce_CX2_38,1,0.9641343128927411
calce_CX2_38,1,0.965932011657435
calce_CX2_38,1,0.9664887204430858
calce_CX2_38,1,0.9659216710926748
calce_CX2_38,1,0.9657491968555955
calce_CX2_38,1,0.9656919139647281
calce_CX2_38,1,0.9648860360099177
calce_CX2_38,1,0.9650027801423737
calce_CX2_38,1,0.9659683759156781
calce_CX2_38,1,0.9664338967638803
calce_CX2_38,1,0.9672695675669937
calce_CX2_38,1,0.9683398287447446
calce_CX2_38,1,0.9684208287024009
calce_CX2_38,1,0.9687696069044534
calce_CX2_38,1,0.9693271576373559
calce_CX2_38,1,0.9695304651817308
calce_CX2_38,1,0.9607244060118227
calce_CX2_38,1,0.9654030860649254
calce_CX2_38,1,0.9661899567658853
calce_CX2_38,1,0.9671685973005522
calce_CX2_38,1,0.9677096796602513
calce_CX2_38,1,0.9681259741724408
calce_CX2_38,1,0.9686387147936768
calce_CX2_38,1,0.9687686528096476
calce_CX2_38,1,0.9677639598671115
calce_CX2_38,1,0.9677154948447942
calce_CX2_38,1,0.9685686253433984
calce_CX2_38,1,0.9694758927938327
calce_CX2_38,1,0.9699326607909761
calce_CX2_38,1,0.9703649427325416
calce_CX2_38,1,0.9707327968894972
calce_CX2_38,1,0.9706909411908021
calce_CX2_38,1,0.9696249655989753
calce_CX2_38,1,0.9698757781039944
calce_CX2_38,1,0.9711274012026362
calce_CX2_38,1,0.9720846737335853
calce_CX2_38,1,0.9724624768022807
calce_CX2_38,1,0.9727874620447633
calce_CX2_38,1,0.9730984344310846
calce_CX2_38,1,0.9727374808637859
calce_CX2_38,1,0.9732201583139748
calce_CX2_38,1,0.9734349410823834
calce_CX2_38,1,0.9738131928326377
calce_CX2_38,1,0.9740585378292032
calce_CX2_38,1,0.9743132802977499
calce_CX2_38,1,0.9745395528095371
calce_CX2_38,1,0.9747565934666153
calce_CX2_38,1,0.9947546608398964
calce_CX2_38,1,0.9744184911231631
calce_CX2_38,1,0.9740821914615151
calce_CX2_38,1,0.9743317481915145
calce_CX2_38,1,0.9750311662401488
calce_CX2_38,1,0.975268599215681
calce_CX2_38,1,0.9752999985877334
calce_CX2_38,1,0.975412104715552
calce_CX2_38,1,0.9755666504408351
calce_CX2_38,1,0.9758306242016836
calce_CX2_38,1,0.9758804978567105
calce_CX2_38,1,0.9760264159926842
calce_CX2_38,1,0.9951278568304871
calce_CX2_38,1,0.9765752114219571
calce_CX2_38,1,0.9765977392382813
calce_CX2_38,1,0.9767018733509863
calce_CX2_38,1,0.9768426311717552
calce_CX2_38,1,0.9767363116256492
calce_CX2_38,1,0.975998325035138
calce_CX2_38,1,0.9710824647450256
calce_CX2_38,1,0.9704212372261034
calce_CX2_38,1,0.9700014234040024
calce_CX2_38,1,0.9699628285707264
calce_CX2_38,1,0.9702451753822728
calce_CX2_38,1,0.970511788161092
calce_CX2_38,1,0.970572346704853
calce_CX2_38,1,0.9709019294853702
calce_CX2_38,1,0.9941277616645102
calce_CX2_38,1,0.9717737842109959
calce_CX2_38,1,0.9724475058102039
calce_CX2_38,1,0.9726667037760323
calce_CX2_38,1,0.973000205802171
calce_CX2_38,1,0.9947450995714984
calce_CX2_38,1,0.9740001454960721
calce_CX2_38,1,0.9736997303589077
calce_CX2_38,1,0.9738708425113684
calce_CX2_38,1,0.9735047207373874
calce_CX2_38,1,0.9742220525569822
calce_CX2_38,1,0.9745558353414892
calce_CX2_38,1,0.9745789545156444
calce_CX2_38,1,0.9749298787644014
calce_CX2_38,1,0.975155114071554
calce_CX2_38,1,0.9743297099000068
calce_CX2_38,1,0.9741786725822824
calce_CX2_38,1,0.9742250563186843
calce_CX2_38,1,0.9744442582590086
calce_CX2_38,1,0.974634277739972
calce_CX2_38,1,0.9746174257579379
calce_CX2_38,1,0.974666253016574
calce_CX2_38,1,0.974194761730954
calce_CX2_38,1,0.9738084904911755
calce_CX2_38,1,0.9740872300973694
calce_CX2_38,1,0.9746691873675498
calce_CX2_38,1,0.9750935282918698
calce_CX2_38,1,0.975605987307436
calce_CX2_38,1,0.9763826135953777
calce_CX2_38,1,0.9764323991350145
calce_CX2_38,1,0.9759173482400881
calce_CX2_38,1,0.9761922333996437
calce_CX2_38,1,0.9760032884815271
calce_CX2_38,1,0.9767729789747847
calce_CX2_38,1,0.9769356681329591
calce_CX2_38,1,0.9955999422994667
calce_CX2_38,1,0.9777919066275479
calce_CX2_38,1,0.9777027807726514
calce_CX2_38,1,0.9774120094986604
calce_CX2_38,1,0.9764957966797608
calce_CX2_38,1,0.9764852040037445
calce_CX2_38,1,0.9768501752403783
calce_CX2_38,1,0.9736996464551927
calce_CX2_38,1,0.9739793500972701
calce_CX2_38,1,0.9741174893103919
calce_CX2_38,1,0.974369334063154
calce_CX2_38,1,0.9744204933636592
calce_CX2_38,1,0.9743927322032686
calce_CX2_38,1,0.9734509931254258
calce_CX2_38,1,0.9739835363837385
calce_CX2_38,1,0.9748344429567221
calce_CX2_38,1,0.975306237097289
calce_CX2_38,1,0.9756180728606908
calce_CX2_38,1,0.9760874014665952
calce_CX2_38,1,0.9762041304217419
calce_CX2_38,1,0.9954062009542721
calce_CX2_38,1,0.976919926529798
calce_CX2_38,1,0.9767177415087388
calce_CX2_38,1,0.9768500474701043
calce_CX2_38,1,0.9769988084865512
calce_CX2_38,1,0.9779224927773097
calce_CX2_38,1,0.9781604995525599
calce_CX2_38,1,0.9783847042299845
calce_CX2_38,1,0.978618233905218
calce_CX2_38,1,0.9786697904968545
calce_CX2_38,1,0.9782273167723972
calce_CX2_38,1,0.9782010986919148
calce_CX2_38,1,0.9784170237308712
calce_CX2_38,1,0.9788744898805593
calce_CX2_38,1,0.979111103053801
calce_CX2_38,1,0.9791638197484434
calce_CX2_38,1,0.9788906933996976
calce_CX2_38,1,0.9786216624444527
calce_CX2_38,1,0.9783822856821052
calce_CX2_38,1,0.9787517999777041
calce_CX2_38,1,0.9792143566974665
calce_CX2_38,1,0.9794847514752196
calce_CX2_38,1,0.9799259936677267
calce_CX2_38,1,0.9801143285479051
calce_CX2_38,1,0.9799997334831947
calce_CX2_38,1,0.9796529009004574
calce_CX2_38,1,0.9800495900369102
calce_CX2_38,1,0.9804141070468017
calce_CX2_38,1,0.9807759848658606
calce_CX2_38,1,0.9809935815616947
calce_CX2_38,1,0.9811472815820671
calce_CX2_38,1,0.9812501111946224
calce_CX2_38,1,0.9808078704868823
calce_CX2_38,1,0.9803188444744956
calce_CX2_38,1,0.9804094822203251
calce_CX2_38,1,0.9802895377626798
calce_CX2_38,1,0.9802205389965342
calce_CX2_38,1,0.9791380619534544
calce_CX2_38,1,0.9787018637491672
calce_CX2_38,1,0.9788857735533969
calce_CX2_38,1,0.9798135166200527
calce_CX2_38,1,0.9801799470461044
calce_CX2_38,1,0.9803210242622724
calce_CX2_38,1,0.9806259378621646
calce_CX2_38,1,0.9812740339967814
calce_CX2_38,1,0.9798190548785469
calce_CX2_38,1,0.9794605191203724
calce_CX2_38,1,0.9801415080917081
calce_CX2_38,1,0.9809124657939655
calce_CX2_38,1,0.9813054998386888
calce_CX2_38,1,0.9816595466412416
calce_CX2_38,1,0.9815852015750803
calce_CX2_38,1,0.9807366200163019
calce_CX2_38,1,0.9807960929433263
calce_CX2_38,1,0.9806419752408098
calce_CX2_38,1,0.9812564045681132
calce_CX2_38,1,0.9815345048355009
calce_CX2_38,1,0.9816183174396875
calce_CX2_38,1,0.9816088768783772
calce_CX2_38,1,0.9814953467826039
calce_CX2_38,1,0.980948548074561
calce_CX2_38,1,0.980829994756218
calce_CX2_38,1,0.9814778817221629
calce_CX2_38,1,0.98139314295345
calce_CX2_38,1,0.9813690490841297
calce_CX2_38,1,0.9818348186761511
calce_CX2_38,1,0.9820045872821924
calce_CX2_38,1,0.9816849701865207
calce_CX2_38,1,0.9812996555761204
calce_CX2_38,1,0.9816673183167866
calce_CX2_38,1,0.9816819133960789
calce_CX2_38,1,0.9825205430528471
calce_CX2_38,1,0.9826883528218735
calce_CX2_38,1,0.983441342731347
calce_CX2_38,1,0.9837094080812313
calce_CX2_38,1,0.9833873050058762
calce_CX2_38,1,0.9831410674965148
calce_CX2_38,1,0.9832201797444033
calce_CX2_38,1,0.9832281481803531
calce_CX2_38,1,0.9832989081063991
calce_CX2_38,1,0.9834414450907292
calce_CX2_38,1,0.9841643285477046
calce_CX2_38,1,0.9838181907718668
calce_CX2_38,1,0.9835815386828972
calce_CX2_38,1,0.983870733506197
calce_CX2_38,1,0.9836328973384153
calce_CX2_38,1,0.983930476337046
calce_CX2_38,1,0.9821188190925684
calce_CX2_38,1,0.9821244054790588
calce_CX2_38,1,0.982632173419161
calce_CX2_38,1,0.9830070794183043
calce_CX2_38,1,0.9835936716811557
calce_CX2_38,1,0.9841433738061283
calce_CX2_38,1,0.9842509723738891
calce_CX2_38,1,0.9836446864201518
calce_CX2_38,1,0.9833730831648855
calce_CX2_38,1,0.9831644160933504
calce_CX2_38,1,0.9836410053037313
calce_CX2_38,1,0.9838450792931834
calce_CX2_38,1,0.9840309843745287
calce_CX2_38,1,0.9841336387208306
calce_CX2_38,1,0.9837054792021266
calce_CX2_38,1,0.9833484898303655
calce_CX2_38,1,0.9836261686608941
calce_CX2_38,1,0.983509116456463
calce_CX2_38,1,0.9839148800033087
calce_CX2_38,1,0.9841718230461753
calce_CX2_38,1,0.9844149534012732
calce_CX2_38,1,0.9846325119143292
calce_CX2_38,1,0.9847342495895764
calce_CX2_38,1,0.9842969012940727
calce_CX2_38,1,0.9843279296566252
calce_CX2_38,1,0.9843318445781853
calce_CX2_38,1,0.9848061434647862
calce_CX2_38,1,0.9849711855331783
calce_CX2_38,1,0.9851439276663317
calce_CX2_38,1,0.9852469254022052
calce_CX2_38,1,0.9852843940504964
calce_CX2_38,1,0.9846483826126426
calce_CX2_38,1,0.9849668372258156
calce_CX2_38,1,0.9857569629015365
calce_CX2_38,1,0.98573467914311
calce_CX2_38,1,0.9861343931572125
calce_CX2_38,1,0.9863285965143515
calce_CX2_38,1,0.9865756108616232
calce_CX2_38,1,0.986780226274185
calce_CX2_38,1,0.9868812402596061
calce_CX2_38,1,0.986980291230503
calce_CX2_38,1,0.9869515721398578
calce_CX2_38,1,0.987174734727182
calce_CX2_38,1,0.9870409552545814
calce_CX2_38,1,0.9870874974906868
calce_CX2_38,1,0.987770560924641
calce_CX2_38,1,0.9879614165371841
calce_CX2_38,1,0.9881661765732543
calce_CX2_38,1,0.9879699273466603
calce_CX2_38,1,0.9978583134065984
calce_CX2_38,1,0.9837780622376698
calce_CX2_38,1,0.9834269345046437
calce_CX2_38,1,0.9840735099966812
calce_CX2_38,1,0.9844774219902561
calce_CX2_38,1,0.9848120409707597
calce_CX2_38,1,0.985102926295951
calce_CX2_38,1,0.9852546809170049
calce_CX2_38,1,0.984713746711172
calce_CX2_38,1,0.9846259770367186
calce_CX2_38,1,0.9848935481050778
calce_CX2_38,1,0.9852122909537078
calce_CX2_38,1,0.985508361427815
calce_CX2_38,1,0.9857732849404454
calce_CX2_38,1,0.9861697656188658
calce_CX2_38,1,0.9864425981021073
calce_CX2_38,1,0.9864004263823808
calce_CX2_38,1,0.9862416087802859
calce_CX2_38,1,0.9861485752861716
calce_CX2_38,1,0.9864384891464973
calce_CX2_38,1,0.9869716466680856
calce_CX2_38,1,0.9871909877260164
calce_CX2_38,1,0.9874839842482914
calce_CX2_38,1,0.9875765502878782
calce_CX2_38,1,0.9872362796510604
calce_CX2_38,1,0.9869954034774558
calce_CX2_38,1,0.9869045455629017
calce_CX2_38,1,0.9871996194629712
calce_CX2_38,1,0.9874613928784965
calce_CX2_38,1,0.9876612144100287
calce_CX2_38,1,0.9876770756569409
calce_CX2_38,1,0.9878228739906472
calce_CX2_38,1,0.9879732047179329
calce_CX2_38,1,0.9880022641347939
calce_CX2_38,1,0.9876916295455345
calce_CX2_38,1,0.9878316017743152
calce_CX2_38,1,0.9883534319184776
calce_CX2_38,1,0.9885642881249906
calce_CX2_38,1,0.9886675150428385
calce_CX2_38,1,0.988778036909071
calce_CX2_38,1,0.9889692844330059
calce_CX2_38,1,0.9890176586610142
calce_CX2_38,1,0.9884006609344445
calce_CX2_38,1,0.9884603279618034
calce_CX2_38,1,0.9887207103104796
calce_CX2_38,1,0.9981182910288059
calce_CX2_38,1,0.9892277049197177
calce_CX2_38,1,0.9891864637822091
calce_CX2_38,1,0.9892548044203914
calce_CX2_38,1,0.9888455833014028
calce_CX2_38,1,0.9888243785197973
calce_CX2_38,1,0.9776633801231521
calce_CX2_38,1,0.9779710414454309
calce_CX2_38,1,0.9780607324691044
calce_CX2_38,1,0.9782276417510645
calce_CX2_38,1,0.978391156535257
calce_CX2_38,1,0.9786049512050927
calce_CX2_38,1,0.9779914800742651
calce_CX2_38,1,0.9779716410458432
calce_CX2_38,1,0.9958031569492855
calce_CX2_38,1,0.9790371720578254
calce_CX2_38,1,0.9791897716848268
calce_CX2_38,1,0.9961795007867695
calce_CX2_38,1,0.9797733686973782
calce_CX2_38,1,0.9797358131954587
calce_CX2_38,1,0.9792079546468422
calce_CX2_38,1,0.9790693822468863
calce_CX2_38,1,0.979089380729811
calce_CX2_38,1,0.9792144581584404
calce_CX2_38,1,0.9793622776201009
calce_CX2_38,1,0.9794373162407506
calce_CX2_38,1,0.9795187319817403
calce_CX2_38,1,0.9794312873338021
calce_CX2_38,1,0.9789587004619251
calce_CX2_38,1,0.978672787076434
calce_CX2_38,1,0.9791186314964925
calce_CX2_38,1,0.9794480393774515
calce_CX2_38,1,0.9797499905124784
calce_CX2_38,1,0.9806839779355024
calce_CX2_38,1,0.9810395802061223
calce_CX2_38,1,0.9810992664855348
calce_CX2_38,1,0.9807164694253802
calce_CX2_38,1,0.9803956096066572
calce_CX2_38,1,0.9805722864043053
calce_CX2_38,1,0.9814155827296631
calce_CX2_38,1,0.981732991133956
calce_CX2_38,1,0.9818549574531229
calce_CX2_38,1,0.9819140325784521
calce_CX2_38,1,0.9814701467479336
calce_CX2_38,1,0.980546776839373
calce_CX2_38,1,0.9807380216990729
calce_CX2_38,1,0.9809874231195028
calce_CX2_38,1,0.9811947879216568
calce_CX2_38,1,0.9819884171100287
calce_CX2_38,1,0.9821494848171733
calce_CX2_38,1,0.9822839530097807
calce_CX2_38,1,0.9820388058485955
calce_CX2_38,1,0.9820455978364621
calce_CX2_38,1,0.9823667223143866
calce_CX2_38,1,0.9825851107005121
calce_CX2_38,1,0.9827715775494194
calce_CX2_38,1,0.9856920133443562
calce_CX2_38,1,0.9856959276324724
calce_CX2_38,1,0.9860642726335515
calce_CX2_38,1,0.9864320108327469
calce_CX2_38,1,0.9867514649925219
calce_CX2_38,1,0.9869483640549283
calce_CX2_38,1,0.9871336761139731
calce_CX2_38,1,0.9871306281921954
calce_CX2_38,1,0.9868270447308177
calce_CX2_38,1,0.9867454935223859
calce_CX2_38,1,0.9866339381806497
calce_CX2_38,1,0.98691293271933
calce_CX2_38,1,0.9869250499879019
calce_CX2_38,1,0.9872294285206121
calce_CX2_38,1,0.9874626940377114
calce_CX2_38,1,0.9872222674103283
calce_CX2_38,1,0.9871554465040374
calce_CX2_38,1,0.9870457184604063
calce_CX2_38,1,0.9874148153301535
calce_CX2_38,1,0.9876006001365324
calce_CX2_38,1,0.9880185487443787
calce_CX2_38,1,0.9979154094294097
calce_CX2_38,1,0.9885843381890081
calce_CX2_38,1,0.9885539970760734
calce_CX2_38,1,0.9881846837208768
calce_CX2_38,1,0.9881242639418201
calce_CX2_38,1,0.9883406177975688
calce_CX2_38,1,0.9887161875531308
calce_CX2_38,1,0.9888420454541034
calce_CX2_38,1,0.9890998215106834
calce_CX2_38,1,0.9892124402435422
calce_CX2_38,1,0.9892648534543876
calce_CX2_38,1,0.9893705012939275
calce_CX2_38,1,0.9894046356180851
calce_CX2_38,1,0.9891668783821321
calce_CX2_38,1,0.9890995455230137
calce_CX2_38,1,0.9891401586984493
calce_CX2_38,1,0.989239323719332
calce_CX2_38,1,0.9893692832672041
calce_CX2_38,1,0.9895317503118012
calce_CX2_38,1,0.9895458037546574
calce_CX2_38,1,0.9896747075936165
calce_CX2_38,1,0.9896862060573078
calce_CX2_38,1,0.9896907820081036
calce_CX2_38,1,0.9897148497151548
calce_CX2_38,1,0.9898138735853106
calce_CX2_38,1,0.9982916409464374
calce_CX2_38,1,0.9899961791004546
calce_CX2_38,1,0.98992910276623
calce_CX2_38,1,0.9897077589861042
calce_CX2_38,1,0.9873790361809537
calce_CX2_38,1,0.9877117828942678
calce_CX2_38,1,0.9880316283185304
calce_CX2_38,1,0.9882645432563157
calce_CX2_38,1,0.9885236052500401
calce_CX2_38,1,0.9884362154627572
calce_CX2_38,1,0.9882926058615684
calce_CX2_38,1,0.9884287183503562
calce_CX2_38,1,0.9888759465095609
calce_CX2_38,1,0.9890775581930553
calce_CX2_38,1,0.9892721088363182
calce_CX2_38,1,0.9894665973356139
calce_CX2_38,1,0.9895994300457327
calce_CX2_38,1,0.9896131547079636
calce_CX2_38,1,0.9894261513494326
calce_CX2_38,1,0.9893814399837002
calce_CX2_38,1,0.9894233433835352
calce_CX2_38,1,0.9895992714572152
calce_CX2_38,1,0.9983020120454023
calce_CX2_38,1,0.9899447653308386
calce_CX2_38,1,0.9899249823385836
calce_CX2_38,1,0.9900138779547654
calce_CX2_38,1,0.9898550587798101
calce_CX2_38,1,0.9896881244813237
calce_CX2_38,1,0.9895857788249329
calce_CX2_38,1,0.99529260075416
calce_CX2_38,1,0.9880732182673427
calce_CX2_38,1,0.9881093866867005
calce_CX2_38,1,0.9885022979771056
calce_CX2_38,1,0.9887312281341909
calce_CX2_38,1,0.9889207409839349
calce_CX2_38,1,0.9892890333373431
calce_CX2_38,1,0.9894609208475951
calce_CX2_38,1,0.9891838707357055
calce_CX2_38,1,0.9891949125348857
calce_CX2_38,1,0.9891354478711042
calce_CX2_38,1,0.9893289338853586
calce_CX2_38,1,0.9896089880419583
calce_CX2_38,1,0.989846978614187
calce_CX2_38,1,0.9900181717152137
calce_CX2_38,1,0.9901917054205248
calce_CX2_38,1,0.9901497077742829
calce_CX2_38,1,0.9901316275379501
calce_CX2_38,1,0.9983214730937298
calce_CX2_38,1,0.9902919191311631
calce_CX2_38,1,0.9904011836195544
calce_CX2_38,1,0.9905847805043728
calce_CX2_38,1,0.9907569215540345
calce_CX2_38,1,0.9909039711940903
calce_CX2_38,1,0.9910177949662807
calce_CX2_38,1,0.9907517452953535
calce_CX2_38,1,0.9907078831133799
calce_CX2_38,1,0.990708681664588
calce_CX2_38,1,0.9910993592370186
calce_CX2_38,1,0.9913407902492849
calce_CX2_38,1,0.9914898172479008
calce_CX2_38,1,0.9915719601625971
calce_CX2_38,1,0.9916609444118539
calce_CX2_38,1,0.9917219133908869
calce_CX2_38,1,0.9917649048801733
calce_CX2_38,1,0.9917510296282815
calce_CX2_38,1,0.9916711733977475
calce_CX2_38,1,0.991657097515753
calce_CX2_38,1,0.9916629934253616
calce_CX2_38,1,0.9917981879549191
calce_CX2_38,1,0.9918334017931851
calce_CX2_38,1,0.9919038122570825
calce_CX2_38,1,0.991904937032042
calce_CX2_38,1,0.9918221277581333
calce_CX2_38,1,0.991752921404595
calce_CX2_38,1,0.991822458058963
calce_CX2_38,1,0.9919773731345204
calce_CX2_38,1,0.9919757255057462
calce_CX2_38,1,0.9920252096102222
calce_CX2_38,1,0.9920313544684831
calce_CX2_38,1,0.9918506958959958
calce_CX2_38,1,0.9902904375207433
calce_CX2_38,1,0.9907938151425748
calce_CX2_38,1,0.9911216532989986
calce_CX2_38,1,0.9913049702672431
calce_CX2_38,1,0.9914740612207077
calce_CX2_38,1,0.9916467666989259
calce_CX2_38,1,0.9915954719859607
calce_CX2_38,1,0.9914541493507436
calce_CX2_38,1,0.9915213992396054
calce_CX2_38,1,0.9916456044396548
calce_CX2_38,1,0.9920256058937249
calce_CX2_38,1,0.9922227525384009
calce_CX2_38,1,0.9923518585157407
calce_CX2_38,1,0.9924699977408492
calce_CX2_38,1,0.9925869194936799
calce_CX2_38,1,0.9925586094294084
calce_CX2_38,1,0.9923351119467628
calce_CX2_38,1,0.9922751188964285
calce_CX2_38,1,0.9999743121209183
calce_CX2_38,1,0.9889405094737417
calce_CX2_38,1,0.991510426113085
calce_CX2_38,1,0.9921834271965672
calce_CX2_38,1,0.9986731015450874
calce_CX2_38,1,0.992886518920256
calce_CX2_38,1,0.9929333466142293
calce_CX2_38,1,0.9929755942362691
calce_CX2_38,1,0.9931150712162363
calce_CX2_38,1,0.9931921205699936
calce_CX2_38,1,0.9933006887414747
calce_CX2_38,1,0.993356126885319
calce_CX2_38,1,0.9934308997664416
calce_CX2_38,1,0.9935071918780961
calce_CX2_38,1,0.9936043156840006
calce_CX2_38,1,0.9936627949122151
calce_CX2_38,1,0.9937257786848787
calce_CX2_38,1,0.993726462976278
calce_CX2_38,1,0.9937732460196097
calce_CX2_38,1,0.9938131845351567
calce_CX2_38,1,0.9938577643913661
calce_CX2_38,1,0.9939339239696097
calce_CX2_38,1,0.9940067977464555
calce_CX2_38,1,0.9940665952289731
calce_CX2_38,1,0.9941192016525037
calce_CX2_38,1,0.9942128319997862
calce_CX2_38,1,0.9940568277455759
calce_CX2_38,1,0.9939682298660426
calce_CX2_38,1,0.9939308306149354
calce_CX2_38,1,0.9940683193692638
calce_CX2_38,1,0.9942026849227465
calce_CX2_38,1,0.9943311390272784
calce_CX2_38,1,0.9943941804629409
calce_CX2_38,1,0.994460179000328
calce_CX2_38,1,0.9943915256027808
calce_CX2_38,1,0.9943735539013799
calce_CX2_38,1,0.9942230654175305
calce_CX2_38,1,0.9942527047396301
calce_CX2_38,1,0.9944724419054759
calce_CX2_38,1,0.9990839620830512
calce_CX2_38,1,0.9946698365752432
calce_CX2_38,1,0.9946641791094911
calce_CX2_38,1,0.9947231153779508
calce_CX2_38,1,0.9945516570535433
calce_CX2_38,1,0.9945293249535776
calce_CX2_38,1,0.9945558753138397
calce_CX2_38,1,0.9944554433422019
calce_CX2_38,1,0.9990832662787293
calce_CX2_38,1,0.9947704026492216
calce_CX2_38,1,0.9948063928339633
calce_CX2_38,1,0.994812657575234
calce_CX2_38,1,0.9938532551529002
calce_CX2_38,1,0.9941678534164133
calce_CX2_38,1,0.9943208149988814
calce_CX2_38,1,0.9944675680291755
calce_CX2_38,1,0.9946186279374416
calce_CX2_38,1,0.9946813241004988
calce_CX2_38,1,0.9947549679257893
calce_CX2_38,1,0.9948279694219438
calce_CX2_38,1,0.9948457167154674
calce_CX2_38,1,0.994921992903761
calce_CX2_38,1,0.9950079832777652
calce_CX2_38,1,0.9950951045845049
calce_CX2_38,1,0.9951740576599
calce_CX2_38,1,0.9952395856248346
calce_CX2_38,1,0.9952723439087476
calce_CX2_38,1,0.9953304546669862
calce_CX2_38,1,0.99536525228575
calce_CX2_38,1,0.9953903841819839
calce_CX2_38,1,0.9955083808790685
calce_CX2_38,1,0.995554897628384
calce_CX2_38,1,0.9955982804064949
calce_CX2_38,1,0.9956322026829728
calce_CX2_38,1,0.9956835290474129
calce_CX2_38,1,0.995722814965236
calce_CX2_38,1,0.9957195427291832
calce_CX2_38,1,0.9956765729561678
calce_CX2_38,1,0.9954795104217442
calce_CX2_38,1,0.995403055607916
calce_CX2_38,1,0.9955631403351313
calce_CX2_38,1,0.9956044045310299
calce_CX2_38,1,0.995671732162587
calce_CX2_38,1,0.9957768548788593
calce_CX2_38,1,0.9958327641533707
calce_CX2_38,1,0.9958775206450458
calce_CX2_38,1,0.9957288259356507
calce_CX2_38,1,0.9992419935508384
calce_CX2_38,1,0.9957478571690697
calce_CX2_38,1,0.9956495116377585
calce_CX2_38,1,0.9958033988288452
calce_CX2_38,1,0.9958934248851906
calce_CX2_38,1,0.9959388552158029
calce_CX2_38,1,0.9960042194553215
calce_CX2_38,1,0.9960546001567997
calce_CX2_38,1,0.9959793711978862
calce_CX2_38,1,0.9958584646924624
calce_CX2_38,1,0.99583158258068
calce_CX2_38,1,0.9957822400784158
calce_CX2_38,1,0.9958550140541076
calce_CX2_38,1,0.9958635108004881
calce_CX2_38,1,0.9959309374193092
calce_CX2_38,1,0.9969796610485996
calce_CX2_38,1,0.9972538803054044
calce_CX2_38,1,0.9970344848404071
calce_CX2_38,1,0.9967668726425125
calce_CX2_38,1,0.9966392564002539
calce_CX2_38,1,0.9971183527396706
calce_CX2_38,1,0.9973775996420988
calce_CX2_38,1,0.9973879075409261
calce_CX2_38,1,0.9974821198312402
calce_CX2_38,1,0.9973940244991205
calce_CX2_38,1,0.9973742776033616
calce_CX2_38,1,0.9971525913485412
calce_CX2_38,1,0.9970270245730486
calce_CX2_38,1,0.9969658140438715
calce_CX2_38,1,0.9969478922172262
calce_CX2_38,1,0.996874308360589
calce_CX2_38,1,0.996844691215298
calce_CX2_38,1,0.9968203431240219
calce_CX2_38,1,0.9967802139866215
calce_CX2_38,1,0.9967856117134924
calce_CX2_38,1,0.9967922304605217
calce_CX2_38,1,0.9967325204475022
calce_CX2_38,1,0.9967166660438423
calce_CX2_38,1,0.9967781195728422
calce_CX2_38,1,0.9967273185078618
calce_CX2_38,1,0.9967181426728425
calce_CX2_38,1,0.9967245070221723
calce_CX2_38,1,0.9969898878234775
calce_CX2_38,1,0.9967417801815732
calce_CX2_38,1,0.9967288904196165
calce_CX2_38,1,0.9967352705488399
calce_CX2_38,1,0.9967346759250708
calce_CX2_38,1,0.9974543241768912
calce_CX2_38,1,0.997872647381883
calce_CX2_38,1,0.9978975524275733
calce_CX2_38,1,0.9980761738161815
calce_CX2_38,1,0.998122087807455
calce_CX2_38,1,0.9981881151522187
calce_CX2_38,1,0.9980208437750041
calce_CX2_38,1,0.9977403145131968
calce_CX2_38,1,0.9976393038680611
calce_CX2_38,1,0.9979933458287861
calce_CX2_38,1,0.9982265508425215
calce_CX2_38,1,0.998229992889731
calce_CX2_38,1,0.9982688775458013
calce_CX2_38,1,0.998303824248344
calce_CX2_38,1,0.9983517451121656
calce_CX2_38,1,0.9984679796091999
calce_CX2_38,1,0.9982906285073526
calce_CX2_38,1,0.998179412304002
calce_CX2_38,1,0.9980761943787719
calce_CX2_38,1,0.9982444046690057
calce_CX2_38,1,0.9984576938808535
calce_CX2_38,1,0.9984904506159433
calce_CX2_38,1,0.998495104559039
calce_CX2_38,1,0.9985259626776266
calce_CX2_38,1,0.9985684720502319
calce_CX2_38,1,0.9986167641591484
calce_CX2_38,1,0.9985705540712028
calce_CX2_38,1,0.9983911331409403
calce_CX2_38,1,0.9983113669930497
calce_CX2_38,1,0.9983209188069871
calce_CX2_38,1,0.9985631787223173
calce_CX2_38,1,0.998650492568413
calce_CX2_38,1,0.9986490909393886
calce_CX2_38,1,0.9986556920520836
calce_CX2_38,1,0.9986779860557234
calce_CX2_38,1,0.9987450368937378
calce_CX2_38,1,0.9987716208793339
calce_CX2_38,1,0.9985665552632446
calce_CX2_38,1,0.9984614924372918
calce_CX2_38,1,0.9984136444311028
calce_CX2_38,1,0.998575092005501
calce_CX2_38,1,0.9987155106193951
calce_CX2_38,1,0.9987474381957164
calce_CX2_38,1,0.9987417536274368
calce_CX2_38,1,0.9987653903697272
calce_CX2_38,1,0.9987655806760934
calce_CX2_38,1,0.9988572309286736
calce_CX2_38,1,0.9987642189498345
calce_CX2_38,1,0.9986172563351158
calce_CX2_38,1,0.9985258275982378
calce_CX2_38,1,0.9984670323794201
calce_CX2_38,1,0.9984143034364535
calce_CX2_38,1,0.9983699375394725
calce_CX2_38,1,0.9983311386582123
calce_CX2_38,1,0.9985043565717563
calce_CX2_38,1,0.9985634959942854
calce_CX2_38,1,0.9986662629985132
calce_CX2_38,1,0.998491815519938
calce_CX2_38,1,0.9983466397367772
calce_CX2_38,1,0.998267711306293
calce_CX2_38,1,0.9983774018157451
calce_CX2_38,1,0.9986369999407061
calce_CX2_38,1,0.9987156309336663
calce_CX2_38,1,0.998761254224525
calce_CX2_38,1,0.9987720807386234
calce_CX2_38,1,0.9987551740505126
calce_CX2_38,1,0.9988331305634188
calce_CX2_38,1,0.9988362683512279
calce_CX2_38,1,0.9986824639522452
calce_CX2_38,1,0.9985983773267364
calce_CX2_38,1,0.9985439980097961
calce_CX2_38,1,0.9987438152401675
calce_CX2_38,1,0.9988524827563916
calce_CX2_38,1,0.998842120379499
calce_CX2_38,1,0.9988538927389286
calce_CX2_38,1,0.999725781859581
calce_CX2_38,1,0.9989068781532497
calce_CX2_38,1,0.9989727965024935
calce_CX2_38,1,0.9990277206006505
calce_CX2_38,1,0.9988679565829355
calce_CX2_38,1,0.9987760654496527
calce_CX2_38,1,0.9987195653127545
calce_CX2_38,1,0.9988053631303138
calce_CX2_38,1,0.998948250437927
calce_CX2_38,1,0.9989704575356843
calce_CX2_38,1,0.9989522999842225
calce_CX2_38,1,0.998958728881857
calce_CX2_38,1,0.9989853591904873
calce_CX2_38,1,0.9990518438704905
calce_CX2_38,1,0.9990934815079897
calce_CX2_38,1,0.9989231612900547
calce_CX2_38,1,0.9988426262807273
calce_CX2_38,1,0.9987959320151399
calce_CX2_38,1,0.9988922066192457
calce_CX2_38,1,0.9990446114541747
calce_CX2_38,1,0.999085898508428
calce_CX2_38,1,0.9990714774121594
calce_CX2_38,1,0.9990822211259816
calce_CX2_38,1,0.9990950398002628
calce_CX2_38,1,0.9991559616253329
calce_CX2_38,1,0.9991972786847332
calce_CX2_38,1,0.9990821797054836
calce_CX2_38,1,0.9989737295725211
calce_CX2_38,1,0.9989194566006796
calce_CX2_38,1,0.9955535537915761
calce_CX2_38,1,0.9957932742944721
calce_CX2_38,1,0.9959313916213252
calce_CX2_38,1,0.9960335702906672
calce_CX2_38,1,0.9961091233881461
calce_CX2_38,1,0.9962096699652147
calce_CX2_38,1,0.9961935870320553
calce_CX2_38,1,0.9960872905928931
calce_CX2_38,1,0.9960286535141055
calce_CX2_38,1,0.9961774713992434
calce_CX2_38,1,0.9993324315564159
calce_CX2_38,1,0.9964224597789583
calce_CX2_38,1,0.9964686021070841
calce_CX2_38,1,0.996532164329031
calce_CX2_38,1,0.9965747738964486
calce_CX2_38,1,0.9966229892497324
calce_CX2_38,1,0.9966482513996358
calce_CX2_38,1,0.9966698692899116
calce_CX2_38,1,0.9966813874769376
calce_CX2_38,1,0.9967107470989791
calce_CX2_38,1,0.9967150552720275
calce_CX2_38,1,0.9967433209356983
calce_CX2_38,1,0.9967535036904133
calce_CX2_38,1,0.9967970548119341
calce_CX2_38,1,0.9968311453770708
calce_CX2_38,1,0.9968530395377532
calce_CX2_38,1,0.996872666070289
calce_CX2_38,1,0.9968861323238084
calce_CX2_38,1,0.9969095360047712
calce_CX2_38,1,0.9969223292142956
calce_CX2_38,1,0.9969382832584193
calce_CX2_38,1,0.9969468460512098
calce_CX2_38,1,0.9969736660779607
calce_CX2_38,1,0.9970186156121098
calce_CX2_38,1,0.9970199554765373
calce_CX2_38,1,0.996985174773732
calce_CX2_38,1,0.9970023821021192
calce_CX2_38,1,0.9970184061440308
calce_CX2_38,1,0.9969948807489868
calce_CX2_38,1,0.997029159097362
calce_CX2_38,1,0.9970780950407273
calce_CX2_38,1,0.9971094803110182
calce_CX2_38,1,0.9971556539121085
calce_CX2_38,1,0.9971695682683643
calce_CX2_38,1,0.996943787888382
calce_CX2_38,1,0.9969576375408586
calce_CX2_38,1,0.9968913270582476
calce_CX2_38,1,0.9970185299025656
calce_CX2_38,1,0.9967350509108512
calce_CX2_38,1,0.9963934024337032
calce_CX2_38,1,0.9964548127857162
calce_CX2_38,1,0.9965633113639514
calce_CX2_38,1,0.9966851309328626
calce_CX2_38,1,0.9968555833935974
calce_CX2_38,1,0.9962210152886884
calce_CX2_38,1,0.9959101163539829
calce_CX2_38,1,0.9958964965832373
calce_CX2_38,1,0.9967248874260975
calce_CX2_38,1,0.9968444934770402
calce_CX2_38,1,0.9969050168820253
calce_CX2_38,1,0.996988439749074
calce_CX2_38,1,0.9970791890892231
calce_CX2_38,1,0.9972078593451466
calce_CX2_38,1,0.996640703490847
calce_CX2_38,1,0.996310143497302
calce_CX2_38,1,0.9961486829804493
calce_CX2_38,1,0.9960060235740514
calce_CX2_38,1,0.9958874743203577
calce_CX2_38,1,0.9958075120982531
calce_CX2_38,1,0.9957102334773634
calce_CX2_38,1,0.9956250886290595
calce_CX2_38,1,0.9955570277520597
calce_CX2_38,1,0.9954977651723522
calce_CX2_38,1,0.9954160044418047
calce_CX2_38,1,0.9953814336213038
calce_CX2_38,1,0.9953666886190015
calce_CX2_38,1,0.9953361044617031
calce_CX2_38,1,0.9953146839369424
calce_CX2_38,1,0.9990842468836273
calce_CX2_38,1,0.995316063756332
calce_CX2_38,1,0.9951979899161145
calce_CX2_38,1,0.9951505611847417
calce_CX2_38,1,0.9951658253237413
calce_CX2_38,1,0.9953939171345485
calce_CX2_38,1,0.9967633449909246
calce_CX2_38,1,0.9969739427124932
calce_CX2_38,1,0.9970811347190355
calce_CX2_38,1,0.9972576999139935
calce_CX2_38,1,0.9972017680667398
calce_CX2_38,1,0.9973867062389921
calce_CX2_38,1,0.9992189461956106
calce_CX2_38,1,0.9997875061452447
calce_CX2_38,1,0.999272345948949
calce_CX2_38,1,0.9993268274811179
calce_CX2_38,1,0.9993907215033436
calce_CX2_38,1,0.9993328259861075
calce_CX2_38,1,0.9992507504915079
calce_CX2_38,1,0.9992275442780857
calce_CX2_38,1,0.9992117573936569
calce_CX2_38,1,0.999316786430236
calce_CX2_38,1,0.9993932625249203
calce_CX2_38,1,0.9994030061157526
calce_CX2_38,1,0.9993904849555021
calce_CX2_38,1,0.999403222997987
calce_CX2_38,1,0.9994170548386548
calce_CX2_38,1,0.9994276501659745
calce_CX2_38,1,0.9994808116265513
calce_CX2_38,1,0.9994517582527224
calce_CX2_38,1,0.9993799882671552
calce_CX2_38,1,0.999346555315909
calce_CX2_38,1,0.9993281315118128
calce_CX2_38,1,0.9993670748778648
calce_CX2_38,1,0.9994540405340937
calce_CX2_38,1,0.9994839989759046
calce_CX2_38,1,0.9994582818590441
calce_CX2_38,1,0.9994588036309183
calce_CX2_38,1,0.9994568866619384
calce_CX2_38,1,0.9994673140382985
calce_CX2_38,1,0.9994964202077397
calce_CX2_38,1,0.9995271123749476
calce_CX2_38,1,0.9994602944816238
calce_CX2_38,1,0.9990798606927082
calce_CX2_38,1,0.9993911892961196
calce_CX2_38,1,0.9993827111904504
calce_CX2_38,1,0.9993405773832633
calce_CX2_38,1,0.9993220480830478
calce_CX2_38,1,0.9997958203903451
calce_CX2_38,1,0.9993106908345017
calce_CX2_38,1,0.999415557901649
calce_CX2_38,1,0.9994963466235711
calce_CX2_38,1,0.9995285201818443
calce_CX2_38,1,0.9998435427194312
calce_CX2_38,1,0.9995051520382
calce_CX2_38,1,0.9995090623136483
calce_CX2_38,1,0.9995135108669094
calce_CX2_38,1,0.9995449700083092
calce_CX2_38,1,0.999587853631919
calce_CX2_38,1,0.9995692024861291
calce_CX2_38,1,0.9995141545785818
calce_CX2_38,1,0.9994821408348216
calce_CX2_38,1,0.999461833010006
calce_CX2_38,1,0.9994522859807323
calce_CX2_38,1,0.9995436299293095
calce_CX2_38,1,0.9995916527694924
calce_CX2_38,1,0.9995989321740456
calce_CX2_38,1,0.9995722748468612
calce_CX2_38,1,0.9995806585929281
calce_CX2_38,1,0.9995839255497172
calce_CX2_38,1,0.9995877975682212
calce_CX2_38,1,0.9996112345253145
calce_CX2_38,1,0.9996233399144154
calce_CX2_38,1,0.9995810283504479
calce_CX2_38,1,0.9995467345661672
calce_CX2_38,1,0.9995288397913932
calce_CX2_38,1,0.9995163598387906
calce_CX2_38,1,0.9995592152509264
calce_CX2_38,1,0.9996352743280745
calce_CX2_38,1,0.9996608817093772
calce_CX2_38,1,0.9996675246144502
calce_CX2_38,1,0.999660621208344
calce_CX2_38,1,0.9996708984424479
calce_CX2_38,1,0.9996691567145286
calce_CX2_38,1,0.9996697429665682
calce_CX2_38,1,0.9996958054870985
calce_CX2_38,1,0.9997105378494356
calce_CX2_38,1,0.9996785274997976
calce_CX2_38,1,0.9996364075216563
calce_CX2_38,1,0.9996159895685867
calce_CX2_38,1,0.9996010857557334
calce_CX2_38,1,0.9995906458229106
calce_CX2_38,1,0.9996580052068961
calce_CX2_38,1,0.9994915187292309
calce_CX2_38,1,0.9995377263796323
calce_CX2_38,1,0.9995745444786615
calce_CX2_38,1,0.9996315656318409
calce_CX2_38,1,0.9996004713232772
calce_CX2_38,1,0.999555748468939
calce_CX2_38,1,0.9995230904562811
calce_CX2_38,1,0.999517136695211
calce_CX2_38,1,0.9995384166936948
calce_CX2_38,1,0.9996207587740483
calce_CX2_38,1,0.9996594333364384
calce_CX2_38,1,0.9996410600434534
calce_CX2_38,1,0.9996492050018027
calce_CX2_38,1,0.9996364008685266
calce_CX2_38,1,0.9996543161374893
calce_CX2_38,1,0.9996408695975433
calce_CX2_38,1,0.9996669848921419
calce_CX2_38,1,0.9996807326709151
calce_CX2_38,1,0.9996524107279992
calce_CX2_38,1,0.9996299819687061
calce_CX2_38,1,0.9996171511641645
calce_CX2_38,1,0.9996050578606951
calce_CX2_38,1,0.9995970598115919
calce_CX2_38,1,0.9996535490459599
calce_CX2_38,1,0.9996866528173846
calce_CX2_38,1,0.9996819219191585
calce_CX2_38,1,0.9996799768902945
calce_CX2_38,1,0.9996756862504355
calce_CX2_38,1,0.9996719371659036
calce_CX2_38,1,0.9996866565775664
calce_CX2_38,1,0.999712300409425
calce_CX2_38,1,0.9997326841062752
calce_CX2_38,1,0.9997387994287779
calce_CX2_38,1,0.9997043153766824
calce_CX2_38,1,0.9996777442496585
calce_CX2_38,1,0.9996572372419703
calce_CX2_38,1,0.9996520315007574
calce_CX2_38,1,0.9996434294325418
calce_CX2_38,1,0.999635544813898
calce_CX2_38,1,0.9996301444031552
calce_CX2_38,1,0.9996211538876654
calce_CX2_38,1,0.9996222963422361
calce_CX2_38,1,0.9996182996460251
calce_CX2_38,1,0.9996162715172124
calce_CX2_38,1,0.9996105630767986
calce_CX2_38,1,0.9996077823980154
calce_CX2_38,1,0.9996059023831922
calce_CX2_38,1,0.9996016397623936
calce_CX2_38,1,0.9996012296785551
calce_CX2_38,1,0.9995836982108125
calce_CX2_38,1,0.9988847500361204
calce_CX2_38,1,0.9989573653156724
calce_CX2_38,1,0.9990009308560563
calce_CX2_38,1,0.9990763957227207
calce_CX2_38,1,0.9989270610441691
calce_CX2_38,1,0.9988419956649748
calce_CX2_38,1,0.9987914706451928
calce_CX2_38,1,0.9988533220513037
calce_CX2_38,1,0.9990474404245266
calce_CX2_38,1,0.9991211113248171
calce_CX2_38,1,0.9991039663768859
calce_CX2_38,1,0.9991134023009963
calce_CX2_38,1,0.9997741813038847
calce_CX2_38,1,0.9991391276492989
calce_CX2_38,1,0.9991836590571959
calce_CX2_38,1,0.9992176659963956
calce_CX2_38,1,0.9991191700423844
calce_CX2_38,1,0.9990564127089095
calce_CX2_38,1,0.9990154049090632
calce_CX2_38,1,0.9990725099621138
calce_CX2_38,1,0.99919667253129
calce_CX2_38,1,0.9992678978016121
calce_CX2_38,1,0.9992568201840384
calce_CX2_38,1,0.9992659643610546
calce_CX2_38,1,0.9992780755929593
calce_CX2_38,1,0.9993026006612131
calce_CX2_38,1,0.9993599026921357
calce_CX2_38,1,0.9993244549744811
calce_CX2_38,1,0.999217836743587
calce_CX2_38,1,0.9991730464394205
calce_CX2_38,1,0.9991452932583738
calce_CX2_38,1,0.9992176305532752
calce_CX2_38,1,0.999307325496456
calce_CX2_38,1,0.9993352206361379
calce_CX2_38,1,0.999326101525817
calce_CX2_38,1,0.9993056412805202
calce_CX2_38,1,0.9992879205939712
calce_CX2_38,1,0.9993004463340307
calce_CX2_38,1,0.9993538674324837
calce_CX2_38,1,0.999296994688638
calce_CX2_38,1,0.9992324092393994
calce_CX2_38,1,0.9997887638561279
calce_CX2_38,1,0.9991906854346788
calce_CX2_38,1,0.9997795362854854
calce_CX2_38,1,0.9992457771603946
calce_CX2_38,1,0.9993401472826564
calce_CX2_38,1,0.9993762791695308
calce_CX2_38,1,0.999375918069755
calce_CX2_38,1,0.9993809784279979
calce_CX2_38,1,0.9994033762634761
calce_CX2_38,1,0.6546709931716099
calce_CX2_38,1,0.65623170956069
calce_CX2_38,1,0.654401612972766
calce_CX2_38,1,0.9996960652599661
calce_CX2_38,1,0.9997529243515958
calce_CX2_38,1,0.9997315732208878
calce_CX2_38,1,0.9996978609849783
calce_CX2_38,1,0.999686498879302
calce_CX2_38,1,0.9996814700770873
calce_CX2_38,1,0.9996771267676493
calce_CX2_38,1,0.9997530149578611
calce_CX2_38,1,0.9997736498337316
calce_CX2_38,1,0.9997815910393846
calce_CX2_38,1,0.9997792603509906
calce_CX2_38,1,0.9999038743998274
calce_CX2_38,1,0.9997825770304467
calce_CX2_38,1,0.9997841157524207
calce_CX2_38,1,0.9997823341786094
calce_CX2_38,1,0.9997856781438149
calce_CX2_38,1,0.9997889382706774
calce_CX2_38,1,0.9998009895678099
calce_CX2_38,1,0.9998003486419123
calce_CX2_38,1,0.9997709684947269
calce_CX2_38,1,0.9997546123068838
calce_CX2_38,1,0.9997502215290304
calce_CX2_38,1,0.9997433017203252
calce_CX2_38,1,0.9997383447663598
calce_CX2_38,1,0.9997822257586491
calce_CX2_38,1,0.9997974163790094
calce_CX2_38,1,0.9998069136397978
calce_CX2_38,1,0.9998069045663566
calce_CX2_38,1,0.9998031297652604
calce_CX2_38,1,0.9997985741799169
calce_CX2_38,1,0.9998025620848765
calce_CX2_38,1,0.9998061517269781
calce_CX2_38,1,0.9998099444171505
calce_CX2_38,1,0.999812017502582
calce_CX2_38,1,0.9998185827100383
calce_CX2_38,1,0.9998195354096382
calce_CX2_38,1,0.9997954729846024
calce_CX2_38,1,0.999776356809062
calce_CX2_38,1,0.9997640938408257
calce_CX2_38,1,0.9997558485291661
calce_CX2_38,1,0.9997491335087759
calce_CX2_38,1,0.9997438118883598
calce_CX2_38,1,0.9997386721518247
calce_CX2_38,1,0.9997350784462301
calce_CX2_38,1,0.9997316644869123
calce_CX2_38,1,0.9997277138908502
calce_CX2_38,1,0.9997266648300442
calce_CX2_38,1,0.9997226711267211
calce_CX2_38,1,0.9997265693498135
calce_CX2_38,1,0.9997182071112494
calce_CX2_38,1,0.6585983936289268
calce_CX2_38,1,0.6567967258487865
calce_CX2_38,1,0.6576821772537241
calce_CX2_38,1,0.6705206621532811
calce_CX2_38,1,0.6817726577940643
calce_CX2_38,1,0.6860570010466829
calce_CX2_38,1,0.6913232987319824
calce_CX2_38,1,0.693774941312
calce_CX2_38,1,0.684908303443415
calce_CX2_38,1,0.6848525059686862
calce_CX2_38,1,0.7006460978539426
calce_CX2_38,1,0.7052565227446542
calce_CX2_38,1,0.9150089543985991
calce_CX2_38,1,0.7119434795220145
calce_CX2_38,1,0.7090054121653963
calce_CX2_38,1,0.702016670896625
calce_CX2_38,1,0.705067212590263
calce_CX2_38,1,0.7179094648584184
calce_CX2_38,1,0.7206303580102532
calce_CX2_38,1,0.7227831991832391
calce_CX2_38,1,0.7264943995698502
calce_CX2_38,1,0.7165052158070003
calce_CX2_38,1,0.7148088906070217
calce_CX2_38,1,0.7145486482067517
calce_CX2_38,1,0.7147996700523355
calce_CX2_38,1,0.7150465913017737
calce_CX2_38,1,0.7153097784393895
calce_CX2_38,1,0.7158032349885268
calce_CX2_38,1,0.7167739075013386
calce_CX2_38,1,0.7176062757256283
calce_CX2_38,1,0.7182736463869772
calce_CX2_38,1,0.7191299831865557
calce_CX2_38,1,0.7198035294439287
calce_CX2_38,1,0.7204393268780467
calce_CX2_38,1,0.7214546748450077
calce_CX2_38,1,0.7223323713035694
calce_CX2_38,1,0.7319849546076278
calce_CX2_38,1,0.741655760595138
calce_CX2_38,1,0.7452212584563194
calce_CX2_38,1,0.7476081354181559
calce_CX2_38,1,0.7503691938874705
calce_CX2_38,1,0.7397142166921838
calce_CX2_38,1,0.7382267612799275
calce_CX2_38,1,0.7510880531977118
calce_CX2_38,1,0.7558967578357334
calce_CX2_38,1,0.756758270536265
calce_CX2_38,1,0.7589533976452565
calce_CX2_38,1,0.7540420713832694
calce_CX2_38,1,0.7486047584843599
calce_CX2_38,1,0.7500385251795697
calce_CX2_38,1,0.8001794727653814
calce_CX2_38,1,0.7995262504233924
calce_CX2_38,1,0.8001575368553979
calce_CX2_38,1,0.7928770008434017
calce_CX2_38,1,0.7917183707621114
calce_CX2_38,1,0.7992294568048488
calce_CX2_38,1,0.8009584921462102
calce_CX2_38,1,0.8008010023478648
calce_CX2_38,1,0.8035689493203283
calce_CX2_38,1,0.8056478337297588
calce_CX2_38,1,0.7970615566826024
calce_CX2_38,1,0.7961320781660558
calce_CX2_38,1,0.8075912371557713
calce_CX2_38,1,0.8089359183495591
calce_CX2_38,1,0.8090505497017857
calce_CX2_38,1,0.812201302881118
calce_CX2_38,1,0.8100275090335429
calce_CX2_38,1,0.8037421489557273
calce_CX2_38,1,0.8033315014239404
calce_CX2_38,1,0.815825935411111
calce_CX2_38,1,0.8164686128081272
calce_CX2_38,1,0.8165913706314902
calce_CX2_38,1,0.820530282332618
calce_CX2_38,1,0.8128187892472182
calce_CX2_38,1,0.8105128307570498
calce_CX2_38,1,0.8093474023864983
calce_CX2_38,1,0.8070229237815758
calce_CX2_38,1,0.8062256274407982
calce_CX2_38,1,0.8055239596835162
calce_CX2_38,1,0.8049167999573442
calce_CX2_38,1,0.8039785966610795
calce_CX2_38,1,0.8038460645550329
calce_CX2_38,1,0.8038488759627258
calce_CX2_38,1,0.8039078390885348
calce_CX2_38,1,0.8040254153521827
calce_CX2_38,1,0.8040208094322556
calce_CX2_38,1,0.8041082461480461
calce_CX2_38,1,0.8044938199006364
calce_CX2_38,1,0.9409594478007941
calce_CX2_38,1,0.8128183127333547
calce_CX2_38,1,0.8224029210328762
calce_CX2_38,1,0.8230279144062045
calce_CX2_38,1,0.824425895673351
calce_CX2_38,1,0.827815749953062
calce_CX2_38,1,0.817961844049825
calce_CX2_38,1,0.8157513114603807
calce_CX2_38,1,0.8251762037494563
calce_CX2_38,1,0.8301246107439847
calce_CX2_38,1,0.8292114488427907
calce_CX2_38,1,0.8300208309035404
calce_CX2_38,1,0.807169889446546
calce_CX2_38,1,0.798326910910272
calce_CX2_38,1,0.794935186255896
calce_CX2_38,1,0.8021391954550823
calce_CX2_38,1,0.8132629373294971
calce_CX2_38,1,0.8140123603732302
calce_CX2_38,1,0.8150945794752408
calce_CX2_38,1,0.8201317447179952
calce_CX2_38,1,0.8112322726882369
calce_CX2_38,1,0.8085482851963646
calce_CX2_38,1,0.8186617342794259
calce_CX2_38,1,0.8250715575024985
calce_CX2_38,1,0.8240131024142024
calce_CX2_38,1,0.8267613803137728
calce_CX2_38,1,0.8298979233713194
calce_CX2_38,1,0.8198414250691244
calce_CX2_38,1,0.8181746319445757
calce_CX2_38,1,0.8178006154252727
calce_CX2_38,1,0.8178380722958895
calce_CX2_38,1,0.8178827717408856
calce_CX2_38,1,0.8173334518240308
calce_CX2_38,1,0.8171604624963099
calce_CX2_38,1,0.8172898100264955
calce_CX2_38,1,0.8177949144300751
calce_CX2_38,1,0.8182432219562508
calce_CX2_38,1,0.8186180695130203
calce_CX2_38,1,0.81879681469862
calce_CX2_38,1,0.8186865320551228
calce_CX2_38,1,0.8188544592159249
calce_CX2_38,1,0.8175571446988467
calce_CX2_38,1,0.8177646999726327
calce_CX2_38,1,0.8331429204676917
calce_CX2_38,1,0.8347823186252344
calce_CX2_38,1,0.8369611690636309
calce_CX2_38,1,0.8383624470993365
calce_CX2_38,1,0.8377971098860176
calce_CX2_38,1,0.8303535533388726
calce_CX2_38,1,0.8287859676922917
calce_CX2_38,1,0.8433732008153519
calce_CX2_38,1,0.8439896511264979
calce_CX2_38,1,0.8440099289868412
calce_CX2_38,1,0.8449189364332089
calce_CX2_38,1,0.8418859614288988
calce_CX2_38,1,0.8358251800468556
calce_CX2_38,1,0.8342148541341311
calce_CX2_38,1,0.8465091578497012
calce_CX2_38,1,0.8459219814232306
calce_CX2_38,1,0.8452720478300617
calce_CX2_38,1,0.8466322157300452
calce_CX2_38,1,0.8423764779731253
calce_CX2_38,1,0.7005290726036811
calce_CX2_38,1,0.7033132319865414
calce_CX2_38,1,0.6998437115273486
calce_CX2_38,1,0.7032743577820095
calce_CX2_38,1,0.719464805413375
calce_CX2_38,1,0.7240407594297961
calce_CX2_38,1,0.7274912613873414
calce_CX2_38,1,0.7372906745085467
calce_CX2_38,1,0.7367026767778798
calce_CX2_38,1,0.7394087414095414
calce_CX2_38,1,0.7477283957771956
calce_CX2_38,1,0.7509834194089917
calce_CX2_38,1,0.753526006462723
calce_CX2_38,1,0.7557169208515494
calce_CX2_38,1,0.7600051820239884
calce_CX2_38,1,0.758778989345935
calce_CX2_38,1,0.7602915500706773
calce_CX2_38,1,0.768235258938669
calce_CX2_38,1,0.7692944238572057
calce_CX2_38,1,0.7707403605294374
calce_CX2_38,1,0.7743268150569176
calce_CX2_38,1,0.7723240638974808
calce_CX2_38,1,0.772859971821481
calce_CX2_38,1,0.7746534344869423
calce_CX2_38,1,0.776227176356043
calce_CX2_38,1,0.7778033823060762
calce_CX2_38,1,0.7781105729928393
calce_CX2_38,1,0.7800241321461322
calce_CX2_38,1,0.7816344951881355
calce_CX2_38,1,0.7832099509993039
calce_CX2_38,1,0.784526967265806
calce_CX2_38,1,0.785979568704632
calce_CX2_38,1,0.7873726200982015
calce_CX2_38,1,0.7878249985131874
calce_CX2_38,1,0.7896870940891031
calce_CX2_38,1,0.7911075053268081
calce_CX2_38,1,0.7922560908015339
calce_CX2_38,1,0.8004417724479648
calce_CX2_38,1,0.8030543216361923
calce_CX2_38,1,0.8047690856151994
calce_CX2_37,0,0.8042658317345204
calce_CX2_37,0,0.796200532167778
calce_CX2_37,0,0.7922759330887541
calce_CX2_37,0,0.7979541394850056
calce_CX2_37,0,0.8085774714805786
calce_CX2_37,0,0.8079612439221376
calce_CX2_37,0,0.8006544765410846
calce_CX2_37,0,0.7978773258738344
calce_CX2_37,0,0.7989818501318174
calce_CX2_37,0,0.7997124193694135
calce_CX2_37,0,0.800190983996835
calce_CX2_37,0,0.8007375247569303
calce_CX2_37,0,0.8013213761090102
calce_CX2_37,0,0.8008875233391504
calce_CX2_37,0,0.8014870066717624
calce_CX2_37,0,0.8022709319908965
calce_CX2_37,0,0.8029033014222957
calce_CX2_37,0,0.8036021630767337
calce_CX2_37,0,0.8040327314563076
calce_CX2_37,0,0.8044670456561316
calce_CX2_37,0,0.8047348090933565
calce_CX2_37,0,0.8055509161025882
calce_CX2_37,0,0.8061725060872336
calce_CX2_37,0,0.8066278264662478
calce_CX2_37,0,0.8122552045560532
calce_CX2_37,0,0.8226740308696353
calce_CX2_37,0,0.8232570431822458
calce_CX2_37,0,0.8264795064208184
calce_CX2_37,0,0.8293755085218153
calce_CX2_37,0,0.8220003683143191
calce_CX2_37,0,0.818676584619238
calce_CX2_37,0,0.8220760260163145
calce_CX2_37,0,0.8322812649830882
calce_CX2_37,0,0.8318961126943593
calce_CX2_37,0,0.8321141076392778
calce_CX2_37,0,0.8363995489833815
calce_CX2_37,0,0.8302479733453281
calce_CX2_37,0,0.8263295771245879
calce_CX2_37,0,0.829083377430842
calce_CX2_37,0,0.8399937700523166
calce_CX2_37,0,0.8396086680614432
calce_CX2_37,0,0.8418661239795637
calce_CX2_37,0,0.8429837728229026
calce_CX2_37,0,0.8375775026236727
calce_CX2_37,0,0.8331834151254075
calce_CX2_37,0,0.8343476543002152
calce_CX2_37,0,0.8449879875099731
calce_CX2_37,0,0.8444941859282519
calce_CX2_37,0,0.843566048865274
calce_CX2_37,0,0.8441103892787961
calce_CX2_37,0,0.8274196273126795
calce_CX2_37,0,0.8263802972071931
calce_CX2_37,0,0.8278863134328633
calce_CX2_37,0,0.8224508361151549
calce_CX2_37,0,0.8127148004354294
calce_CX2_37,0,0.8112156360939397
calce_CX2_37,0,0.8266740855181319
calce_CX2_37,0,0.8286212487800833
calce_CX2_37,0,0.8304692611259865
calce_CX2_37,0,0.8245823706068297
calce_CX2_37,0,0.8339907705149099
calce_CX2_37,0,0.8349077792351592
calce_CX2_37,0,0.8301938835819214
calce_CX2_37,0,0.8247920648495557
calce_CX2_37,0,0.8237866897211589
calce_CX2_37,0,0.8385409322831299
calce_CX2_37,0,0.8394703766096886
calce_CX2_37,0,0.8420414612793543
calce_CX2_37,0,0.8434101870447901
calce_CX2_37,0,0.9622839654567445
calce_CX2_37,0,0.8376870112612114
calce_CX2_37,0,0.8362925982100814
calce_CX2_37,0,0.8474766333291976
calce_CX2_37,0,0.8509928344488429
calce_CX2_37,0,0.8512775836462385
calce_CX2_37,0,0.8517665533902301
calce_CX2_37,0,0.8543719000112238
calce_CX2_37,0,0.8456679631362394
calce_CX2_37,0,0.8442716903104116
calce_CX2_37,0,0.8436555539911301
calce_CX2_37,0,0.8433266628588079
calce_CX2_37,0,0.8428794787258475
calce_CX2_37,0,0.8425009969951059
calce_CX2_37,0,0.8419694275714817
calce_CX2_37,0,0.8418274185034822
calce_CX2_37,0,0.8415140465550328
calce_CX2_37,0,0.8420975299573998
calce_CX2_37,0,0.8422837103095
calce_CX2_37,0,0.841332915736518
calce_CX2_37,0,0.841658811630816
calce_CX2_37,0,0.841144409083087
calce_CX2_37,0,0.8405710552095027
calce_CX2_37,1,0.8402787172503975
calce_CX2_37,1,0.8491684083225178
calce_CX2_37,1,0.8582976942036489
calce_CX2_37,1,0.8576833237229142
calce_CX2_37,1,0.8589600239418248
calce_CX2_37,1,0.8613711536874749
calce_CX2_37,1,0.8532264939044186
calce_CX2_37,1,0.8499746261173228
calce_CX2_37,1,0.8538545864820709
calce_CX2_37,1,0.8633653681160723
calce_CX2_37,1,0.8632690052014099
calce_CX2_37,1,0.8635785446220805
calce_CX2_37,1,0.8646826018434296
calce_CX2_37,1,0.8601444990525781
calce_CX2_37,1,0.856122796220118
calce_CX2_37,1,0.8569525776689634
calce_CX2_37,1,0.8692488719635804
calce_CX2_37,1,0.8504693880506141
calce_CX2_37,1,0.8504206058604448
calce_CX2_37,1,0.9635713984722956
calce_CX2_37,1,0.8417989740271242
calce_CX2_37,1,0.8404477594107345
calce_CX2_37,1,0.8528492751216123
calce_CX2_37,1,0.8552720304926485
calce_CX2_37,1,0.8563910582855728
calce_CX2_37,1,0.8578958778929038
calce_CX2_37,1,0.8589233410343367
calce_CX2_37,1,0.8511723980996553
calce_CX2_37,1,0.8501568714206228
calce_CX2_37,1,0.8496734303562843
calce_CX2_37,1,0.8496249559065718
calce_CX2_37,1,0.8490364865745474
calce_CX2_37,1,0.8490745854899522
calce_CX2_37,1,0.8491609023005293
calce_CX2_37,1,0.8495912607275251
calce_CX2_37,1,0.8499914002783302
calce_CX2_37,1,0.8502963077032545
calce_CX2_37,1,0.8506635635901738
calce_CX2_37,1,0.8507181085130744
calce_CX2_37,1,0.8507316605260569
calce_CX2_37,1,0.9591934694073998
calce_CX2_37,1,0.8508474171384177
calce_CX2_37,1,0.8508923945366204
calce_CX2_37,1,0.8550226640855658
calce_CX2_37,1,0.8666929761148808
calce_CX2_37,1,0.8678814134121263
calce_CX2_37,1,0.8691639620364011
calce_CX2_37,1,0.8712227346653486
calce_CX2_37,1,0.8658156455595853
calce_CX2_37,1,0.8612280504836731
calce_CX2_37,1,0.860713725613182
calce_CX2_37,1,0.8718815997472742
calce_CX2_37,1,0.8729539682683207
calce_CX2_37,1,0.8745856440592229
calce_CX2_37,1,0.8742653173635643
calce_CX2_37,1,0.8716569855577735
calce_CX2_37,1,0.8675507827303339
calce_CX2_37,1,0.8644973603435632
calce_CX2_37,1,0.8749059383724173
calce_CX2_37,1,0.8772160119916489
calce_CX2_37,1,0.8783818983000021
calce_CX2_37,1,0.8784292989434008
calce_CX2_37,1,0.8778987796520549
calce_CX2_37,1,0.870191642719899
calce_CX2_37,1,0.8687655751216664
calce_CX2_37,1,0.8785531659961366
calce_CX2_37,1,0.8801724493371665
calce_CX2_37,1,0.8791172104232665
calce_CX2_37,1,0.8804100009666839
calce_CX2_37,1,0.8831141491524143
calce_CX2_37,1,0.874223131836522
calce_CX2_37,1,0.8721735001095037
calce_CX2_37,1,0.8802957799410646
calce_CX2_37,1,0.8836517277963045
calce_CX2_37,1,0.8835846591113937
calce_CX2_37,1,0.8842463977668198
calce_CX2_37,1,0.8855627304914614
calce_CX2_37,1,0.8777114276143205
calce_CX2_37,1,0.968617160377097
calce_CX2_37,1,0.8752966128434797
calce_CX2_37,1,0.8744597507787336
calce_CX2_37,1,0.8738640481246872
calce_CX2_37,1,0.8721874908877189
calce_CX2_37,1,0.8714602295328762
calce_CX2_37,1,0.8707971838725258
calce_CX2_37,1,0.8703695511437765
calce_CX2_37,1,0.8699648752373098
calce_CX2_37,1,0.8696356324568866
calce_CX2_37,1,0.8694157737977157
calce_CX2_37,1,0.8691289013162878
calce_CX2_37,1,0.8686814982218565
calce_CX2_37,1,0.8682162673825822
calce_CX2_37,1,0.8681878193019683
calce_CX2_37,1,0.8680098669502516
calce_CX2_37,1,0.8800054076534046
calce_CX2_37,1,0.8831934166449746
calce_CX2_37,1,0.883784664828601
calce_CX2_37,1,0.8847356278316263
calce_CX2_37,1,0.8864426768600282
calce_CX2_37,1,0.8778951199499306
calce_CX2_37,1,0.8754925498243511
calce_CX2_37,1,0.8815653442803324
calce_CX2_37,1,0.8865361501219704
calce_CX2_37,1,0.8851161575090974
calce_CX2_37,1,0.8859824024720294
calce_CX2_37,1,0.8877407750311472
calce_CX2_37,1,0.8813904379014184
calce_CX2_37,1,0.8780060542320973
calce_CX2_37,1,0.8790928730730287
calce_CX2_37,1,0.8872183996102299
calce_CX2_37,1,0.8868795278878713
calce_CX2_37,1,0.8864009654031101
calce_CX2_37,1,0.8873800727258389
calce_CX2_37,1,0.8842950617665014
calce_CX2_37,1,0.8791361900193275
calce_CX2_37,1,0.8779684212437658
calce_CX2_37,1,0.8873837209830142
calce_CX2_37,1,0.8842071596341192
calce_CX2_37,1,0.8833744290472405
calce_CX2_37,1,0.8845403409435006
calce_CX2_37,1,0.8873609426912727
calce_CX2_37,1,0.8887509631197977
calce_CX2_37,1,0.8882571935695357
calce_CX2_37,1,0.8885704151420473
calce_CX2_37,1,0.8895219095777286
calce_CX2_37,1,0.8910841361524026
calce_CX2_37,1,0.8841023404012204
calce_CX2_37,1,0.882514444070084
calce_CX2_37,1,0.8818089727574534
calce_CX2_37,1,0.8814853054664528
calce_CX2_37,1,0.8814493865990876
calce_CX2_37,1,0.8809504047449389
calce_CX2_37,1,0.8757215406707026
calce_CX2_37,1,0.882578351824734
calce_CX2_37,1,0.8804022299432186
calce_CX2_37,1,0.8795655942047172
calce_CX2_37,1,0.8818253083268339
calce_CX2_37,1,0.8858349688185991
calce_CX2_37,1,0.8848240727529533
calce_CX2_37,1,0.8823746985789741
calce_CX2_37,1,0.8812068692905485
calce_CX2_37,1,0.8799860241836255
calce_CX2_37,1,0.8785725752655841
calce_CX2_37,1,0.8779916813099181
calce_CX2_37,1,0.8842230460783395
calce_CX2_37,1,0.8850843687337724
calce_CX2_37,1,0.8831262315657739
calce_CX2_37,1,0.8829692545199741
calce_CX2_37,1,0.8836515224688251
calce_CX2_37,1,0.8807000880710968
calce_CX2_37,1,0.8800955114172911
calce_CX2_37,1,0.8859004147178662
calce_CX2_37,1,0.8865868584832076
calce_CX2_37,1,0.8867777433953278
calce_CX2_37,1,0.8868008755881498
calce_CX2_37,1,0.888420784492812
calce_CX2_37,1,0.8841650762117433
calce_CX2_37,1,0.8827769032213915
calce_CX2_37,1,0.8856511245517762
calce_CX2_37,1,0.8888064059979871
calce_CX2_37,1,0.8877412014043581
calce_CX2_37,1,0.8875600806121673
calce_CX2_37,1,0.8874345973326638
calce_CX2_37,1,0.8852253748815336
calce_CX2_37,1,0.8830538538099687
calce_CX2_37,1,0.882266916303063
calce_CX2_37,1,0.8818658696323195
calce_CX2_37,1,0.8816360108956458
calce_CX2_37,1,0.8813225991273197
calce_CX2_37,1,0.8797507122319672
calce_CX2_37,1,0.8793314890072015
calce_CX2_37,1,0.8790724822807543
calce_CX2_37,1,0.8789456031890079
calce_CX2_37,1,0.878791366841561
calce_CX2_37,1,0.8787717173914842
calce_CX2_37,1,0.879021541292594
calce_CX2_37,1,0.878881209074463
calce_CX2_37,1,0.8785497987847598
calce_CX2_37,1,0.878596011880577
calce_CX2_37,1,0.8786529638587892
calce_CX2_37,1,0.8847053185963905
calce_CX2_37,1,0.8890437460984393
calce_CX2_37,1,0.8829691661074539
calce_CX2_37,1,0.8843809194325977
calce_CX2_37,1,0.8818191156639044
calce_CX2_37,1,0.8801623318073393
calce_CX2_37,1,0.8803446678511841
calce_CX2_37,1,0.9702946152033064
calce_CX2_37,1,0.8873668559046605
calce_CX2_37,1,0.8854851119440945
calce_CX2_37,1,0.886080197173817
calce_CX2_37,1,0.8876909052585483
calce_CX2_37,1,0.8830845694853184
calce_CX2_37,1,0.8824541525573797
calce_CX2_37,1,0.8861774757952534
calce_CX2_37,1,0.8889969913912582
calce_CX2_37,1,0.8871241820545193
calce_CX2_37,1,0.8871654463129142
calce_CX2_37,1,0.888673937565371
calce_CX2_37,1,0.8856170854424288
calce_CX2_37,1,0.8839620086178157
calce_CX2_37,1,0.8842713822539815
calce_CX2_37,1,0.8910293104821426
calce_CX2_37,1,0.8909387522689733
calce_CX2_37,1,0.8908318226084643
calce_CX2_37,1,0.8910442766193561
calce_CX2_37,1,0.8911459006463885
calce_CX2_37,1,0.8870769317560787
calce_CX2_37,1,0.8859904701163767
calce_CX2_37,1,0.8925561956367671
calce_CX2_37,1,0.8940214751176261
calce_CX2_37,1,0.8929428302794225
calce_CX2_37,1,0.8924155736542707
calce_CX2_37,1,0.8941939914272172
calce_CX2_37,1,0.8894422862285483
calce_CX2_37,1,0.8882834663041134
calce_CX2_37,1,0.88782729236007
calce_CX2_37,1,0.9694000089063223
calce_CX2_37,1,0.8877572919709392
calce_CX2_37,1,0.8871231096605331
calce_CX2_37,1,0.8864422922728038
calce_CX2_37,1,0.886308789683006
calce_CX2_37,1,0.8864080776403056
calce_CX2_37,1,0.8864758354846963
calce_CX2_37,1,0.8866442341723739
calce_CX2_37,1,0.8868906894517022
calce_CX2_37,1,0.8867560182127913
calce_CX2_37,1,0.8865687864861632
calce_CX2_37,1,0.8866173015123258
calce_CX2_37,1,0.8866253545739091
calce_CX2_37,1,0.886622806550312
calce_CX2_37,1,0.8908563367690294
calce_CX2_37,1,0.888688265590306
calce_CX2_37,1,0.889399001110229
calce_CX2_37,1,0.8855050139782212
calce_CX2_37,1,0.9687203607163797
calce_CX2_37,1,0.8842960729642936
calce_CX2_37,1,0.891800835096659
calce_CX2_37,1,0.8933506804826186
calce_CX2_37,1,0.8932287453300033
calce_CX2_37,1,0.8931073092281319
calce_CX2_37,1,0.894665948610301
calce_CX2_37,1,0.8890233684956657
calce_CX2_37,1,0.8878358361879319
calce_CX2_37,1,0.8919504025838586
calce_CX2_37,1,0.89540064823872
calce_CX2_37,1,0.8947720323097815
calce_CX2_37,1,0.8949590813699064
calce_CX2_37,1,0.896477301602405
calce_CX2_37,1,0.8928533535789578
calce_CX2_37,1,0.8908090227462795
calce_CX2_37,1,0.8907330849427517
calce_CX2_37,1,0.8983422951868849
calce_CX2_37,1,0.8980594265678256
calce_CX2_37,1,0.8977371145804194
calce_CX2_37,1,0.9049266036761149
calce_CX2_37,1,0.9062194972400004
calce_CX2_37,1,0.897456367281907
calce_CX2_37,1,0.8960643619781651
calce_CX2_37,1,0.9060230644372541
calce_CX2_37,1,0.9101567550346714
calce_CX2_37,1,0.9104478362439632
calce_CX2_37,1,0.9113972352541153
calce_CX2_37,1,0.9128843708676033
calce_CX2_37,1,0.9047992021143557
calce_CX2_37,1,0.9021532793878878
calce_CX2_37,1,0.9009452081462005
calce_CX2_37,1,0.8999446411956319
calce_CX2_37,1,0.8992081656015894
calce_CX2_37,1,0.8977604417997131
calce_CX2_37,1,0.8971142076526067
calce_CX2_37,1,0.896700209460239
calce_CX2_37,1,0.8972560647826882
calce_CX2_37,1,0.8975902549879652
calce_CX2_37,1,0.8977057979062836
calce_CX2_37,1,0.8978718145935117
calce_CX2_37,1,0.8977715006938772
calce_CX2_37,1,0.8974805950574017
calce_CX2_37,1,0.8973256994917334
calce_CX2_37,1,0.897219631660377
calce_CX2_37,1,0.897155391919553
calce_CX2_37,1,0.9055241194679043
calce_CX2_37,1,0.9094229541119704
calce_CX2_37,1,0.9105156137651031
calce_CX2_37,1,0.9026347658937368
calce_CX2_37,1,0.8998766377315218
calce_CX2_37,1,0.9020196383764577
calce_CX2_37,1,0.9117525871134824
calce_CX2_37,1,0.9122792502015964
calce_CX2_37,1,0.9129112135605992
calce_CX2_37,1,0.9137075859938071
calce_CX2_37,1,0.9131191186183877
calce_CX2_37,1,0.9068943188978158
calce_CX2_37,1,0.9053734494532379
calce_CX2_37,1,0.914217129616503
calce_CX2_37,1,0.9173450368084344
calce_CX2_37,1,0.9180767046339859
calce_CX2_37,1,0.9189715715356068
calce_CX2_37,1,0.9189083049103101
calce_CX2_37,1,0.9162315555213759
calce_CX2_37,1,0.9130580141037055
calce_CX2_37,1,0.912818018591396
calce_CX2_37,1,0.9193944277491195
calce_CX2_37,1,0.9201586678323411
calce_CX2_37,1,0.9202763785398628
calce_CX2_37,1,0.9211261095148201
calce_CX2_37,1,0.9219967080925282
calce_CX2_37,1,0.9175365853370445
calce_CX2_37,1,0.9168742653333902
calce_CX2_37,1,0.9208202623608127
calce_CX2_37,1,0.9236444546347434
calce_CX2_37,1,0.9223558310788258
calce_CX2_37,1,0.9228598818707446
calce_CX2_37,1,0.9237395827301554
calce_CX2_37,1,0.9215437515844809
calce_CX2_37,1,0.9197547531259402
calce_CX2_37,1,0.9194047941449099
calce_CX2_37,1,0.9247148581623037
calce_CX2_37,1,0.9256787464894881
calce_CX2_37,1,0.9251033688256876
calce_CX2_37,1,0.9255735393251355
calce_CX2_37,1,0.9273647423305992
calce_CX2_37,1,0.9230910796038658
calce_CX2_37,1,0.9221391755803544
calce_CX2_37,1,0.9252973404257253
calce_CX2_37,1,0.9280360754317197
calce_CX2_37,1,0.9271564288464259
calce_CX2_37,1,0.9272289777769203
calce_CX2_37,1,0.9275437102632419
calce_CX2_37,1,0.9259831384724961
calce_CX2_37,1,0.9242467617375397
calce_CX2_37,1,0.9237957120075648
calce_CX2_37,1,0.9234794196792182
calce_CX2_37,1,0.9232703747591267
calce_CX2_37,1,0.9229923088748259
calce_CX2_37,1,0.9227345888251495
calce_CX2_37,1,0.9225831745547063
calce_CX2_37,1,0.9223779655001637
calce_CX2_37,1,0.922227806760981
calce_CX2_37,1,0.9220108448561248
calce_CX2_37,1,0.9217783272120204
calce_CX2_37,1,0.92171270286194
calce_CX2_37,1,0.9216548483169047
calce_CX2_37,1,0.9215156630846676
calce_CX2_37,1,0.9213836238029884
calce_CX2_37,1,0.9213189493224393
calce_CX2_37,1,0.9213735901477026
calce_CX2_37,1,0.9321062358589576
calce_CX2_37,1,0.9320945420350735
calce_CX2_37,1,0.9293312028091013
calce_CX2_37,1,0.9260996475945601
calce_CX2_37,1,0.9252328988232331
calce_CX2_37,1,0.9303446664754789
calce_CX2_37,1,0.930382377417187
calce_CX2_37,1,0.9301828176103137
calce_CX2_37,1,0.929837827280479
calce_CX2_37,1,0.930360634556788
calce_CX2_37,1,0.9279477472674413
calce_CX2_37,1,0.927345601500215
calce_CX2_37,1,0.9298411272358985
calce_CX2_37,1,0.9315003984873399
calce_CX2_37,1,0.9314148411928229
calce_CX2_37,1,0.9309613238426045
calce_CX2_37,1,0.931226873269312
calce_CX2_37,1,0.930276708723973
calce_CX2_37,1,0.9290727213784309
calce_CX2_37,1,0.9288419353722436
calce_CX2_37,1,0.9331545179771096
calce_CX2_37,1,0.9845493238449604
calce_CX2_37,1,0.9340704092450292
calce_CX2_37,1,0.9341069268794412
calce_CX2_37,1,0.9344309484108378
calce_CX2_37,1,0.9320991197851737
calce_CX2_37,1,0.9304475508183265
calce_CX2_37,1,0.9297762152221193
calce_CX2_37,1,0.9317884893118178
calce_CX2_37,1,0.9325811159592399
calce_CX2_37,1,0.9315835433221249
calce_CX2_37,1,0.9312714332560427
calce_CX2_37,1,0.9316139195652348
calce_CX2_37,1,0.9292682401364838
calce_CX2_37,1,0.9285503174121296
calce_CX2_37,1,0.9281120072494363
calce_CX2_37,1,0.9817216608453921
calce_CX2_37,1,0.9280937061320056
calce_CX2_37,1,0.9273596535989855
calce_CX2_37,1,0.9269168788900206
calce_CX2_37,1,0.9265519353414547
calce_CX2_37,1,0.9263616098057775
calce_CX2_37,1,0.926183190749652
calce_CX2_37,1,0.9261426492899076
calce_CX2_37,1,0.9261508995571013
calce_CX2_37,1,0.9263096361927254
calce_CX2_37,1,0.9262072886882982
calce_CX2_37,1,0.9257263402965612
calce_CX2_37,1,0.9258757479548962
calce_CX2_37,1,0.9260738820017732
calce_CX2_37,1,0.9274182873331158
calce_CX2_37,1,0.9267509380891469
calce_CX2_37,1,0.925876500092609
calce_CX2_37,1,0.9233029714388298
calce_CX2_37,1,0.9230410830631137
calce_CX2_37,1,0.9258006281117075
calce_CX2_37,1,0.9280346775322001
calce_CX2_37,1,0.9279078615033425
calce_CX2_37,1,0.9817863042337014
calce_CX2_37,1,0.9287852763910753
calce_CX2_37,1,0.9268398295442669
calce_CX2_37,1,0.9246447014368727
calce_CX2_37,1,0.9241697422142121
calce_CX2_37,1,0.9275577064332803
calce_CX2_37,1,0.929215018123379
calce_CX2_37,1,0.9293688111127844
calce_CX2_37,1,0.9302463509977186
calce_CX2_37,1,0.9825753884692185
calce_CX2_37,1,0.9287302580335308
calce_CX2_37,1,0.9266020079733095
calce_CX2_37,1,0.9264806377515135
calce_CX2_37,1,0.9298977403156361
calce_CX2_37,1,0.931716412211811
calce_CX2_37,1,0.9145394235595821
calce_CX2_37,1,0.9181636100294814
calce_CX2_37,1,0.9191849225314527
calce_CX2_37,1,0.9152959012901966
calce_CX2_37,1,0.9102043861921901
calce_CX2_37,1,0.9087737476753879
calce_CX2_37,1,0.9177151173458946
calce_CX2_37,1,0.9190267328132071
calce_CX2_37,1,0.9192520586360874
calce_CX2_37,1,0.9205352374839549
calce_CX2_37,1,0.9214328472064599
calce_CX2_37,1,0.9143723973481829
calce_CX2_37,1,0.9120893791731913
calce_CX2_37,1,0.9163825090475117
calce_CX2_37,1,0.921030599790764
calce_CX2_37,1,0.9210409486301019
calce_CX2_37,1,0.9226603532628995
calce_CX2_37,1,0.9234427527523069
calce_CX2_37,1,0.919999635522662
calce_CX2_37,1,0.916239040441292
calce_CX2_37,1,0.9151614726059818
calce_CX2_37,1,0.9230630884835417
calce_CX2_37,1,0.9214488268747794
calce_CX2_37,1,0.9207488345452047
calce_CX2_37,1,0.92081936665773
calce_CX2_37,1,0.9808146596084455
calce_CX2_37,1,0.9184333828027603
calce_CX2_37,1,0.9162103762587883
calce_CX2_37,1,0.9159215885954944
calce_CX2_37,1,0.9209878392077507
calce_CX2_37,1,0.9204588321816178
calce_CX2_37,1,0.9205564890655991
calce_CX2_37,1,0.9207916156193231
calce_CX2_37,1,0.9213427024416494
calce_CX2_37,1,0.917037696631805
calce_CX2_37,1,0.9162286396817537
calce_CX2_37,1,0.9157791692762858
calce_CX2_37,1,0.9155247545186249
calce_CX2_37,1,0.9153180682782492
calce_CX2_37,1,0.9150686214520604
calce_CX2_37,1,0.9144703248040013
calce_CX2_37,1,0.913912826514122
calce_CX2_37,1,0.913814228563046
calce_CX2_37,1,0.9137124147006871
calce_CX2_37,1,0.9138549557746648
calce_CX2_37,1,0.9139302251568293
calce_CX2_37,1,0.9139871096105215
calce_CX2_37,1,0.9149449841186269
calce_CX2_37,1,0.91505666847339
calce_CX2_37,1,0.9151894233078968
calce_CX2_37,1,0.9239414712725508
calce_CX2_37,1,0.9284926990199976
calce_CX2_37,1,0.9386793304112288
calce_CX2_37,1,0.940699491969603
calce_CX2_37,1,0.9337329986425552
calce_CX2_37,1,0.9321584767831578
calce_CX2_37,1,0.9377105547703698
calce_CX2_37,1,0.9424378273017167
calce_CX2_37,1,0.9438119794969475
calce_CX2_37,1,0.9448272607169831
calce_CX2_37,1,0.9453167859267713
calce_CX2_37,1,0.9438172054991311
calce_CX2_37,1,0.9396949676399379
calce_CX2_37,1,0.9383192197159025
calce_CX2_37,1,0.9448020476040581
calce_CX2_37,1,0.9467913420437603
calce_CX2_37,1,0.9472905727932064
calce_CX2_37,1,0.9477563219647589
calce_CX2_37,1,0.9490135662698023
calce_CX2_37,1,0.9452853599049652
calce_CX2_37,1,0.942751937015148
calce_CX2_37,1,0.9418018075146513
calce_CX2_37,1,0.9488632382665448
calce_CX2_37,1,0.9495114056545634
calce_CX2_37,1,0.9497841096052334
calce_CX2_37,1,0.9500375732246785
calce_CX2_37,1,0.9514220937838498
calce_CX2_37,1,0.9520680224362971
calce_CX2_37,1,0.9525137305337108
calce_CX2_37,1,0.9529383489280744
calce_CX2_37,1,0.9532351695158915
calce_CX2_37,1,0.9523916487523968
calce_CX2_37,1,0.9494639410205337
calce_CX2_37,1,0.9477285413723416
calce_CX2_37,1,0.948002304951555
calce_CX2_37,1,0.9478242750483797
calce_CX2_37,1,0.9475190805358804
calce_CX2_37,1,0.9471298288988728
calce_CX2_37,1,0.9469066588292827
calce_CX2_37,1,0.9466845673020393
calce_CX2_37,1,0.9465012256770209
calce_CX2_37,1,0.9466037297635082
calce_CX2_37,1,0.9467991873348904
calce_CX2_37,1,0.9470448504411862
calce_CX2_37,1,0.9474008212867929
calce_CX2_37,1,0.9474866774129287
calce_CX2_37,1,0.9476871388442366
calce_CX2_37,1,0.9476102056096207
calce_CX2_37,1,0.94750418280824
calce_CX2_37,1,0.9474777855757449
calce_CX2_37,1,0.9440458655806647
calce_CX2_37,1,0.9428760108913112
calce_CX2_37,1,0.9439345926107502
calce_CX2_37,1,0.9445419969914339
calce_CX2_37,1,0.944848148046835
calce_CX2_37,1,0.9449330073693639
calce_CX2_37,1,0.9444672647004859
calce_CX2_37,1,0.9438519680583192
calce_CX2_37,1,0.9435373112556473
calce_CX2_37,1,0.944279544220857
calce_CX2_37,1,0.9452121452692133
calce_CX2_37,1,0.9456264561985723
calce_CX2_37,1,0.9459170057880248
calce_CX2_37,1,0.946368803788513
calce_CX2_37,1,0.9463340329433764
calce_CX2_37,1,0.9412883276139203
calce_CX2_37,1,0.9475795470189032
calce_CX2_37,1,0.9487945526888043
calce_CX2_37,1,0.9499073736613249
calce_CX2_37,1,0.95067508467722
calce_CX2_37,1,0.9512268909181432
calce_CX2_37,1,0.9518076115428766
calce_CX2_37,1,0.9513056701665302
calce_CX2_37,1,0.9512165501825444
calce_CX2_37,1,0.9511446589869287
calce_CX2_37,1,0.9521229548301784
calce_CX2_37,1,0.9527910938447277
calce_CX2_37,1,0.954636376505157
calce_CX2_37,1,0.9900950686038482
calce_CX2_37,1,0.9565480072634656
calce_CX2_37,1,0.9560216961621922
calce_CX2_37,1,0.9558322166542483
calce_CX2_37,1,0.9558928116120236
calce_CX2_37,1,0.9565369654620401
calce_CX2_37,1,0.9572385591538962
calce_CX2_37,1,0.9575143861424256
calce_CX2_37,1,0.9578035729097052
calce_CX2_37,1,0.958070985719117
calce_CX2_37,1,0.9582331317358399
calce_CX2_37,1,0.9576059536727864
calce_CX2_37,1,0.9574154300158816
calce_CX2_37,1,0.9575985007711513
calce_CX2_37,1,0.9575971626247881
calce_CX2_37,1,0.9578770740413148
calce_CX2_37,1,0.9578921771445204
calce_CX2_37,1,0.9580407864607593
calce_CX2_37,1,0.958236527341449
calce_CX2_37,1,0.9583497909556065
calce_CX2_37,1,0.9584948292185553
calce_CX2_37,1,0.9586148279228884
calce_CX2_37,1,0.9562403001376825
calce_CX2_37,1,0.9556471582923164
calce_CX2_37,1,0.9558877180291414
calce_CX2_37,1,0.9558609065902379
calce_CX2_37,1,0.9559533180330152
calce_CX2_37,1,0.9560408536031783
calce_CX2_37,1,0.9554117186059293
calce_CX2_37,1,0.9534614028999324
calce_CX2_37,1,0.9551678975592455
calce_CX2_37,1,0.9563625683129543
calce_CX2_37,1,0.9576881860913689
calce_CX2_37,1,0.9585615346294075
calce_CX2_37,1,0.9591778832656831
calce_CX2_37,1,0.9595061043989703
calce_CX2_37,1,0.9912772966329627
calce_CX2_37,1,0.9591259055352456
calce_CX2_37,1,0.9584654608779594
calce_CX2_37,1,0.9592477787942828
calce_CX2_37,1,0.9603498459118841
calce_CX2_37,1,0.9608116869230054
calce_CX2_37,1,0.9610065147994183
calce_CX2_37,1,0.9613979346461815
calce_CX2_37,1,0.9609386505625432
calce_CX2_37,1,0.9605710887289519
calce_CX2_37,1,0.9607298363278447
calce_CX2_37,1,0.9616753740941144
calce_CX2_37,1,0.9622123745108175
calce_CX2_37,1,0.9626045737249974
calce_CX2_37,1,0.9626451604203718
calce_CX2_37,1,0.9629619729193001
calce_CX2_37,1,0.9631594905861136
calce_CX2_37,1,0.9633496406429807
calce_CX2_37,1,0.9620358206656713
calce_CX2_37,1,0.9605094744377561
calce_CX2_37,1,0.9600210282727111
calce_CX2_37,1,0.9597025168257884
calce_CX2_37,1,0.959506024422605
calce_CX2_37,1,0.9594359703938563
calce_CX2_37,1,0.9593131505834029
calce_CX2_37,1,0.9592157665094291
calce_CX2_37,1,0.9590266179814763
calce_CX2_37,1,0.9590453932332396
calce_CX2_37,1,0.9591063149973446
calce_CX2_37,1,0.9592059510603079
calce_CX2_37,1,0.9592150630889023
calce_CX2_37,1,0.9908417096371084
calce_CX2_37,1,0.9632138289868192
calce_CX2_37,1,0.9632249701752247
calce_CX2_37,1,0.9632185655588563
calce_CX2_37,1,0.9640716944736747
calce_CX2_37,1,0.9630411865273559
calce_CX2_37,1,0.961346474043808
calce_CX2_37,1,0.9627767991271791
calce_CX2_37,1,0.9634128313358875
calce_CX2_37,1,0.9627013459675942
calce_CX2_37,1,0.9624964575067381
calce_CX2_37,1,0.9624096609310857
calce_CX2_37,1,0.9617465084012149
calce_CX2_37,1,0.961640733712538
calce_CX2_37,1,0.9624251533922017
calce_CX2_37,1,0.9627520333789105
calce_CX2_37,1,0.9630850978277686
calce_CX2_37,1,0.9644670890906492
calce_CX2_37,1,0.9649437325282327
calce_CX2_37,1,0.9650597109029306
calce_CX2_37,1,0.9654387066762732
calce_CX2_37,1,0.9656754841372964
calce_CX2_37,1,0.9658940614583328
calce_CX2_37,1,0.964785211424763
calce_CX2_37,1,0.964050703229223
calce_CX2_37,1,0.9637995389010672
calce_CX2_37,1,0.9638308199054527
calce_CX2_37,1,0.9637538748102765
calce_CX2_37,1,0.9637045344481278
calce_CX2_37,1,0.96383022509033
calce_CX2_37,1,0.963402424013578
calce_CX2_37,1,0.962871149482566
calce_CX2_37,1,0.9626910909790333
calce_CX2_37,1,0.963423356991483
calce_CX2_37,1,0.9638792543405721
calce_CX2_37,1,0.9641152293258994
calce_CX2_37,1,0.9644101473741489
calce_CX2_37,1,0.9647024317118743
calce_CX2_37,1,0.9643556353599598
calce_CX2_37,1,0.9636969766798358
calce_CX2_37,1,0.9636190476796374
calce_CX2_37,1,0.9647931771091737
calce_CX2_37,1,0.9656848638524781
calce_CX2_37,1,0.9661007657622007
calce_CX2_37,1,0.9664232717387031
calce_CX2_37,1,0.9667535286309376
calce_CX2_37,1,0.9665695692165718
calce_CX2_37,1,0.966793233287568
calce_CX2_37,1,0.9932516754325601
calce_CX2_37,1,0.9675857140688802
calce_CX2_37,1,0.9675906376612199
calce_CX2_37,1,0.9677415953327411
calce_CX2_37,1,0.9679833412175717
calce_CX2_37,1,0.9681751550176896
calce_CX2_37,1,0.9680442412061404
calce_CX2_37,1,0.9675470844212725
calce_CX2_37,1,0.9675272685540808
calce_CX2_37,1,0.9675647387526873
calce_CX2_37,1,0.9682433279153969
calce_CX2_37,1,0.9685462355577853
calce_CX2_37,1,0.9687069616791845
calce_CX2_37,1,0.9688356932508645
calce_CX2_37,1,0.9689223605515933
calce_CX2_37,1,0.9691014126513979
calce_CX2_37,1,0.9692377179755725
calce_CX2_37,1,0.9693571680120391
calce_CX2_37,1,0.9693673196521845
calce_CX2_37,1,0.9696026211741244
calce_CX2_37,1,0.9698111186491826
calce_CX2_37,1,0.9699507328818592
calce_CX2_37,1,0.9701334143655389
calce_CX2_37,1,0.9700231372937616
calce_CX2_37,1,0.9693940638052796
calce_CX2_37,1,0.968574286358689
calce_CX2_37,1,0.9677817749863512
calce_CX2_37,1,0.9674438154859161
calce_CX2_37,1,0.9672195423801186
calce_CX2_37,1,0.9672439108240178
calce_CX2_37,1,0.9673657190271556
calce_CX2_37,1,0.9674049279949024
calce_CX2_37,1,0.9671115549191291
calce_CX2_37,1,0.9669099509300157
calce_CX2_37,1,0.9671836596985098
calce_CX2_37,1,0.9677565108983738
calce_CX2_37,1,0.9681047004998381
calce_CX2_37,1,0.9684428633447424
calce_CX2_37,1,0.9687725310958765
calce_CX2_37,1,0.969004204252031
calce_CX2_37,1,0.9691593368941251
calce_CX2_37,1,0.9692390884792128
calce_CX2_37,1,0.9691737380897985
calce_CX2_37,1,0.9696283331801903
calce_CX2_37,1,0.9699213818781484
calce_CX2_37,1,0.9700631523313958
calce_CX2_37,1,0.970312227809369
calce_CX2_37,1,0.9705362144060281
calce_CX2_37,1,0.9699662997024576
calce_CX2_37,1,0.9696821775063845
calce_CX2_37,1,0.9697390685048207
calce_CX2_37,1,0.9699040887667363
calce_CX2_37,1,0.9700062781664234
calce_CX2_37,1,0.9701124530775947
calce_CX2_37,1,0.9702569729783093
calce_CX2_37,1,0.9699549211923864
calce_CX2_37,1,0.9697765010141289
calce_CX2_37,1,0.9939005676021979
calce_CX2_37,1,0.9702356897147387
calce_CX2_37,1,0.9704826411610027
calce_CX2_37,1,0.9707402281006767
calce_CX2_37,1,0.9717372719427143
calce_CX2_37,1,0.9720963960849703
calce_CX2_37,1,0.9722276272222148
calce_CX2_37,1,0.97176705150679
calce_CX2_37,1,0.9714797973018087
calce_CX2_37,1,0.9715757540991824
calce_CX2_37,1,0.9723445366979266
calce_CX2_37,1,0.9726831005116703
calce_CX2_37,1,0.9730105672446624
calce_CX2_37,1,0.9732700600271594
calce_CX2_37,1,0.9733649857547214
calce_CX2_37,1,0.9728026846022281
calce_CX2_37,1,0.9722073357429493
calce_CX2_37,1,0.9721478270580376
calce_CX2_37,1,0.9699376336673415
calce_CX2_37,1,0.969905569875435
calce_CX2_37,1,0.9698677356263952
calce_CX2_37,1,0.9699386038140029
calce_CX2_37,1,0.9700987355972386
calce_CX2_37,1,0.9703093220512486
calce_CX2_37,1,0.9694641762482976
calce_CX2_37,1,0.9698367390759536
calce_CX2_37,1,0.9701185134606738
calce_CX2_37,1,0.9708049632220793
calce_CX2_37,1,0.9712431719965032
calce_CX2_37,1,0.9716205484266045
calce_CX2_37,1,0.9719745002487763
calce_CX2_37,1,0.9721938905125579
calce_CX2_37,1,0.9724119207171721
calce_CX2_37,1,0.9725538528867698
calce_CX2_37,1,0.9728114397166328
calce_CX2_37,1,0.9731404563454482
calce_CX2_37,1,0.9741386996427175
calce_CX2_37,1,0.9747049868141857
calce_CX2_37,1,0.9750677707244549
calce_CX2_37,1,0.975235672665054
calce_CX2_37,1,0.9753565074267737
calce_CX2_37,1,0.9749276080619169
calce_CX2_37,1,0.9749743782104575
calce_CX2_37,1,0.9749948819496534
calce_CX2_37,1,0.9950707247507115
calce_CX2_37,1,0.9761066288698417
calce_CX2_37,1,0.9758816539569473
calce_CX2_37,1,0.9760124337429282
calce_CX2_37,1,0.9756733745497929
calce_CX2_37,1,0.9752905773564536
calce_CX2_37,1,0.9753365415381613
calce_CX2_37,1,0.9758461483909135
calce_CX2_37,1,0.9763184302301666
calce_CX2_37,1,0.9766997571842282
calce_CX2_37,1,0.9770328535816181
calce_CX2_37,1,0.9773905393764604
calce_CX2_37,1,0.9774183554698167
calce_CX2_37,1,0.9771182941955291
calce_CX2_37,1,0.9773069785088108
calce_CX2_37,1,0.9774784428392606
calce_CX2_37,1,0.9780456051162174
calce_CX2_37,1,0.978408529692064
calce_CX2_37,1,0.9785512696429003
calce_CX2_37,1,0.9787608034936495
calce_CX2_37,1,0.9787948635881918
calce_CX2_37,1,0.9780443302825612
calce_CX2_37,1,0.9777514023525428
calce_CX2_37,1,0.9956678115940004
calce_CX2_37,1,0.9791814326000179
calce_CX2_37,1,0.9785930381903023
calce_CX2_37,1,0.9787469529257822
calce_CX2_37,1,0.9794095541884615
calce_CX2_37,1,0.9799187039998571
calce_CX2_37,1,0.9801243869783783
calce_CX2_37,1,0.99608043921044
calce_CX2_37,1,0.980839736354601
calce_CX2_37,1,0.9800401434789612
calce_CX2_37,1,0.9798032370623146
calce_CX2_37,1,0.979554693578629
calce_CX2_37,1,0.9960473084758845
calce_CX2_37,1,0.9812041200512225
calce_CX2_37,1,0.9815724285944174
calce_CX2_37,1,0.9819120238138026
calce_CX2_37,1,0.9820563304267128
calce_CX2_37,1,0.9817690086918481
calce_CX2_37,1,0.9810832447758996
calce_CX2_37,1,0.9810797571257184
calce_CX2_37,1,0.9810267225109034
calce_CX2_37,1,0.9815596015888299
calce_CX2_37,1,0.9817740830056259
calce_CX2_37,1,0.9819022171135511
calce_CX2_37,1,0.9819585198979237
calce_CX2_37,1,0.9819584821553979
calce_CX2_37,1,0.9815276960315155
calce_CX2_37,1,0.9816996686359023
calce_CX2_37,1,0.9817438928329402
calce_CX2_37,1,0.996476655605041
calce_CX2_37,1,0.9823992247852825
calce_CX2_37,1,0.9824377962070917
calce_CX2_37,1,0.9827207096925777
calce_CX2_37,1,0.9829635127050163
calce_CX2_37,1,0.9829129202586085
calce_CX2_37,1,0.9827393374712103
calce_CX2_37,1,0.9829718859408679
calce_CX2_37,1,0.9831900531091146
calce_CX2_37,1,0.9838065155702703
calce_CX2_37,1,0.9841343142052499
calce_CX2_37,1,0.9848148893643675
calce_CX2_37,1,0.985110837121983
calce_CX2_37,1,0.9853591751594233
calce_CX2_37,1,0.9848861092749875
calce_CX2_37,1,0.9848664428112686
calce_CX2_37,1,0.9848008312087217
calce_CX2_37,1,0.9848146791290278
calce_CX2_37,1,0.9849661058593415
calce_CX2_37,1,0.9851582290536448
calce_CX2_37,1,0.9856987242651859
calce_CX2_37,1,0.9854583734397756
calce_CX2_37,1,0.9837170842279734
calce_CX2_37,1,0.9831570401591746
calce_CX2_37,1,0.9833970218530851
calce_CX2_37,1,0.9836960323919959
calce_CX2_37,1,0.9840181801064838
calce_CX2_37,1,0.9846994789298757
calce_CX2_37,1,0.9850850853279164
calce_CX2_37,1,0.9850478826939297
calce_CX2_37,1,0.9843440201227492
calce_CX2_37,1,0.9841408605714818
calce_CX2_37,1,0.9843016759431253
calce_CX2_37,1,0.9846437269822601
calce_CX2_37,1,0.9849096870793137
calce_CX2_37,1,0.9851748664998812
calce_CX2_37,1,0.9853026963867734
calce_CX2_37,1,0.9850072087930447
calce_CX2_37,1,0.984753849049737
calce_CX2_37,1,0.9848848176037672
calce_CX2_37,1,0.984833272886046
calce_CX2_37,1,0.9852501228609047
calce_CX2_37,1,0.9854702487184064
calce_CX2_37,1,0.9856460398615132
calce_CX2_37,1,0.9858158999135451
calce_CX2_37,1,0.9860941233328543
calce_CX2_37,1,0.9857898357119015
calce_CX2_37,1,0.9857266448293746
calce_CX2_37,1,0.9858018832559576
calce_CX2_37,1,0.9859212952367841
calce_CX2_37,1,0.9862622037790094
calce_CX2_37,1,0.9864330553982599
calce_CX2_37,1,0.9866377517223177
calce_CX2_37,1,0.9867098350846921
calce_CX2_37,1,0.986812916816751
calce_CX2_37,1,0.9863568297825367
calce_CX2_37,1,0.9862241340530418
calce_CX2_37,1,0.9827900039822128
calce_CX2_37,1,0.9829009095653721
calce_CX2_37,1,0.9833711740087924
calce_CX2_37,1,0.9835288620754878
calce_CX2_37,1,0.9838176654902705
calce_CX2_37,1,0.983907420870766
calce_CX2_37,1,0.9840878577470847
calce_CX2_37,1,0.9841587650608775
calce_CX2_37,1,0.9841295618202667
calce_CX2_37,1,0.9840980576413889
calce_CX2_37,1,0.9842062582346578
calce_CX2_37,1,0.9842860153533469
calce_CX2_37,1,0.9847144145056513
calce_CX2_37,1,0.9852484779401562
calce_CX2_37,1,0.9855339855070625
calce_CX2_37,1,0.9834157079869588
calce_CX2_37,1,0.9825375168619871
calce_CX2_37,1,0.9828337052649415
calce_CX2_37,1,0.9832932442611624
calce_CX2_37,1,0.9836583140261519
calce_CX2_37,1,0.9840431339205289
calce_CX2_37,1,0.984466130757908
calce_CX2_37,1,0.9841604886184233
calce_CX2_37,1,0.9841303063391137
calce_CX2_37,1,0.9840943173277086
calce_CX2_37,1,0.9846419709908437
calce_CX2_37,1,0.9850380946399674
calce_CX2_37,1,0.9853008414206237
calce_CX2_37,1,0.9855823046612321
calce_CX2_37,1,0.9860692012334908
calce_CX2_37,1,0.9862636978066635
calce_CX2_37,1,0.9862590839869276
calce_CX2_37,1,0.9861511753383012
calce_CX2_37,1,0.9862403820642129
calce_CX2_37,1,0.9866649526698809
calce_CX2_37,1,0.9873042530653489
calce_CX2_37,1,0.9877845563508278
calce_CX2_37,1,0.9976836989051349
calce_CX2_37,1,0.9884407703511869
calce_CX2_37,1,0.9880895877052347
calce_CX2_37,1,0.9878784758087514
calce_CX2_37,1,0.987565703866478
calce_CX2_37,1,0.9875698935611215
calce_CX2_37,1,0.9879173780659142
calce_CX2_37,1,0.9882185395677022
calce_CX2_37,1,0.9884675383582795
calce_CX2_37,1,0.9886248068259578
calce_CX2_37,1,0.9888078742488811
calce_CX2_37,1,0.9889292106400838
calce_CX2_37,1,0.9888412483081946
calce_CX2_37,1,0.9888476084387262
calce_CX2_37,1,0.9888073732818323
calce_CX2_37,1,0.989031613855591
calce_CX2_37,1,0.9894056996799292
calce_CX2_37,1,0.989447564660116
calce_CX2_37,1,0.9895885723316
calce_CX2_37,1,0.9896605922550825
calce_CX2_37,1,0.9896433758288353
calce_CX2_37,1,0.9896468689791005
calce_CX2_37,1,0.9889508593840352
calce_CX2_37,1,0.9890722154610128
calce_CX2_37,1,0.9891899001603706
calce_CX2_37,1,0.9894782277184772
calce_CX2_37,1,0.9894438667899177
calce_CX2_37,1,0.989478749460622
calce_CX2_37,1,0.9766983304566887
calce_CX2_37,1,0.9768127108920105
calce_CX2_37,1,0.9768081607363468
calce_CX2_37,1,0.9768690439594591
calce_CX2_37,1,0.9769399383447669
calce_CX2_37,1,0.9771821905455129
calce_CX2_37,1,0.976840772801412
calce_CX2_37,1,0.9954015665785578
calce_CX2_37,1,0.9772003166591349
calce_CX2_37,1,0.9770749624399845
calce_CX2_37,1,0.9777947844991608
calce_CX2_37,1,0.9780768436027248
calce_CX2_37,1,0.9783405748848755
calce_CX2_37,1,0.978613429421653
calce_CX2_37,1,0.9784549374467448
calce_CX2_37,1,0.9782640781896291
calce_CX2_37,1,0.9782580238527583
calce_CX2_37,1,0.9957340588393856
calce_CX2_37,1,0.978953461843728
calce_CX2_37,1,0.9787293658990991
calce_CX2_37,1,0.978840222087046
calce_CX2_37,1,0.9789421643062228
calce_CX2_37,1,0.9788136554432221
calce_CX2_37,1,0.9784936999019204
calce_CX2_37,1,0.978130653463147
calce_CX2_37,1,0.9785105101021732
calce_CX2_37,1,0.9789453059308653
calce_CX2_37,1,0.9792707970907911
calce_CX2_37,1,0.9799612962566757
calce_CX2_37,1,0.9804999821230095
calce_CX2_37,1,0.9807347931298216
calce_CX2_37,1,0.9802366169363341
calce_CX2_37,1,0.980253765240837
calce_CX2_37,1,0.979856616279501
calce_CX2_37,1,0.9804989989293327
calce_CX2_37,1,0.9812178190515417
calce_CX2_37,1,0.9814077661485799
calce_CX2_37,1,0.9964574355632978
calce_CX2_37,1,0.9820852303967629
calce_CX2_37,1,0.9815411813353466
calce_CX2_37,1,0.9806226796522294
calce_CX2_37,1,0.9807601285049812
calce_CX2_37,1,0.9808237822766505
calce_CX2_37,1,0.9811327870013433
calce_CX2_37,1,0.9817415166229165
calce_CX2_37,1,0.9821327714406857
calce_CX2_37,1,0.982325922007376
calce_CX2_37,1,0.982461859108614
calce_CX2_37,1,0.9821555439798627
calce_CX2_37,1,0.9823064924134708
calce_CX2_37,1,0.6343104697346114
calce_CX2_37,1,0.6380369016884125
calce_CX2_37,1,0.636317517921955
calce_CX2_37,1,0.6392404366641159
calce_CX2_37,1,0.6388390712597602
calce_CX2_37,1,0.6401178230757811
calce_CX2_37,1,0.6506288420609552
calce_CX2_37,1,0.662633479633026
calce_CX2_37,1,0.6667385948619361
calce_CX2_37,1,0.672148455300475
calce_CX2_37,1,0.6769697563298073
calce_CX2_37,1,0.6676745281623881
calce_CX2_37,1,0.6673099359456616
calce_CX2_37,1,0.6811043149397474
calce_CX2_37,1,0.6862697953219766
calce_CX2_37,1,0.6893007574183043
calce_CX2_37,1,0.6924049618191495
calce_CX2_37,1,0.6879860854727089
calce_CX2_37,1,0.9024304423531874
calce_CX2_37,1,0.6830738154714837
calce_CX2_37,1,0.6978098190103735
calce_CX2_37,1,0.7008349307628658
calce_CX2_37,1,0.7029094248903743
calce_CX2_37,1,0.7061380657300913
calce_CX2_37,1,0.7000964985809772
calce_CX2_37,1,0.6967360339051115
calce_CX2_37,1,0.6961668613482577
calce_CX2_37,1,0.6961842526551708
calce_CX2_37,1,0.6962594638093139
calce_CX2_37,1,0.6963780429633304
calce_CX2_37,1,0.6966176260933212
calce_CX2_37,1,0.6973050362644206
calce_CX2_37,1,0.6981861373518796
calce_CX2_37,1,0.6987735028377464
calce_CX2_37,1,0.6996242259715505
calce_CX2_37,1,0.7003423860582867
calce_CX2_37,1,0.7006374560571615
calce_CX2_37,1,0.7014462867350097
calce_CX2_37,1,0.7024641931954325
calce_CX2_37,1,0.7032941648851401
calce_CX2_37,1,0.7182596017222697
calce_CX2_37,1,0.9175829241710198
calce_CX2_37,1,0.7240617783469687
calce_CX2_37,1,0.7264702810044412
calce_CX2_37,1,0.7257392821423188
calce_CX2_37,1,0.7180168601950346
calce_CX2_37,1,0.7168969148945684
calce_CX2_37,1,0.7306879487060715
calce_CX2_37,1,0.7341252098661458
calce_CX2_37,1,0.7360894019092707
calce_CX2_37,1,0.7399107365916793
calce_CX2_37,1,0.7319152019677619
calce_CX2_37,1,0.7283853248704093
calce_CX2_37,1,0.7830362914734657
calce_CX2_37,1,0.7801276844899556
calce_CX2_37,1,0.7806818252981585
calce_CX2_37,1,0.7732503605398025
calce_CX2_37,1,0.7722226403481215
calce_CX2_37,1,0.7801117725344071
calce_CX2_37,1,0.7819269006067375
calce_CX2_37,1,0.7819526809092844
calce_CX2_37,1,0.7847569775396899
calce_CX2_37,1,0.7867477247105353
calce_CX2_37,1,0.7788672760220494
calce_CX2_37,1,0.7780146206792994
calce_CX2_37,1,0.7896802154368706
calce_CX2_37,1,0.7911807910076274
calce_CX2_37,1,0.79180868445363
calce_CX2_37,1,0.7945474439135168
calce_CX2_37,1,0.7944898484325961
calce_CX2_37,1,0.7870557019770344
calce_CX2_37,1,0.7859070306653212
calce_CX2_37,1,0.7988383250714453
calce_CX2_37,1,0.8001120674778406
calce_CX2_37,1,0.8001289805022288
calce_CX2_37,1,0.8042685030833017
calce_CX2_37,1,0.799980337537904
calce_CX2_37,1,0.7956875184449893
calce_CX2_37,1,0.7949908077586292
calce_CX2_37,1,0.7926147042612254
calce_CX2_37,1,0.7916553995146924
calce_CX2_37,1,0.7909808084092248
calce_CX2_37,1,0.7903894782788468
calce_CX2_37,1,0.7894495554960146
calce_CX2_37,1,0.7895661391720452
calce_CX2_37,1,0.7893272647282582
calce_CX2_37,1,0.7891859651739458
calce_CX2_37,1,0.7892479085594132
calce_CX2_37,1,0.7891886979852772
calce_CX2_37,1,0.7892581890793825
calce_CX2_37,1,0.7893196391950078
calce_CX2_37,1,0.7894228019966233
calce_CX2_37,1,0.7942857157803904
calce_CX2_37,1,0.8077177567260249
calce_CX2_37,1,0.8088036903692164
calce_CX2_37,1,0.8097671850935756
calce_CX2_37,1,0.8122590778987582
calce_CX2_37,1,0.9498524507082546
calce_CX2_37,1,0.8009807049787563
calce_CX2_37,1,0.7996044759236943
calce_CX2_37,1,0.8131559856261446
calce_CX2_37,1,0.8130043500467722
calce_CX2_37,1,0.8135748392231417
calce_CX2_37,1,0.7857785473267453
calce_CX2_37,1,0.9444858093404922
calce_CX2_37,1,0.7756490244628598
calce_CX2_37,1,0.7753655090519459
calce_CX2_37,1,0.7904464343743651
calce_CX2_37,1,0.7925350185597687
calce_CX2_37,1,0.7947728038323069
calce_CX2_37,1,0.7967348815128412
calce_CX2_37,1,0.797379954906844
calce_CX2_37,1,0.7899647803511104
calce_CX2_37,1,0.7892867615179705
calce_CX2_37,1,0.8039689471043077
calce_CX2_37,1,0.8051545346333048
calce_CX2_37,1,0.8053047288828654
calce_CX2_37,1,0.808089727962502
calce_CX2_37,1,0.8049987004786273
calce_CX2_37,1,0.7999926404098635
calce_CX2_37,1,0.7993354108959251
calce_CX2_37,1,0.7992645776207989
calce_CX2_37,1,0.7994827744473538
calce_CX2_37,1,0.7990887472058064
calce_CX2_37,1,0.7989323661158241
calce_CX2_37,1,0.7988586810253768
calce_CX2_37,1,0.7993460444226568
calce_CX2_37,1,0.7999941290692503
calce_CX2_37,1,0.8004352316228739
calce_CX2_37,1,0.8007528988908362
calce_CX2_37,1,0.8009008596461161
calce_CX2_37,1,0.8010256216896576
calce_CX2_37,1,0.8009127682339928
calce_CX2_37,1,0.8000235277616677
calce_CX2_37,1,0.8023706763606016
calce_CX2_37,1,0.8168151894527479
calce_CX2_37,1,0.8176897888782406
calce_CX2_37,1,0.820194973563669
calce_CX2_37,1,0.8227685003496439
calce_CX2_37,1,0.8176790844841938
calce_CX2_37,1,0.8131967180915874
calce_CX2_37,1,0.8140614788480406
calce_CX2_37,1,0.827150879118193
calce_CX2_37,1,0.8269236024641149
calce_CX2_37,1,0.8277851691318022
calce_CX2_37,1,0.8290900630208864
calce_CX2_37,1,0.8240932760539663
calce_CX2_37,1,0.8195580908045235
calce_CX2_37,1,0.8199972761731928
calce_CX2_37,1,0.8309322518423409
calce_CX2_37,1,0.8301030270590023
calce_CX2_37,1,0.8298217294685006
calce_CX2_37,1,0.8312783439564257
calce_CX2_37,1,0.6792841299884061
calce_CX2_37,1,0.6838047230169665
calce_CX2_37,1,0.6800242632621257
calce_CX2_37,1,0.6824150279051286
calce_CX2_37,1,0.6978547291829778
calce_CX2_37,1,0.7036002147656983
calce_CX2_37,1,0.7070026259958649
calce_CX2_37,1,0.7146592893334871
calce_CX2_37,1,0.7170681073895788
calce_CX2_37,1,0.7197504167651011
calce_CX2_37,1,0.7260538435697511
calce_CX2_37,1,0.7312295473818916
calce_CX2_37,1,0.7334803692576928
calce_CX2_37,1,0.7367322779515346
calce_CX2_37,1,0.7418955076779273
calce_CX2_37,1,0.7407339330269455
calce_CX2_37,1,0.7421367693485037
calce_CX2_37,1,0.9316998703920748
calce_CX2_37,1,0.7491389127326981
calce_CX2_37,1,0.7501656025600908
calce_CX2_37,1,0.7516614537152324
calce_CX2_37,1,0.7557056768891535
calce_CX2_37,1,0.7526147878337234
calce_CX2_37,1,0.7541333658233953
calce_CX2_37,1,0.7558048405890887
calce_CX2_37,1,0.7573712205620902
calce_CX2_37,1,0.7585956134772365
calce_CX2_37,1,0.7590969090564743
calce_CX2_37,1,0.7612310138976371
calce_CX2_37,1,0.7627779318518724
calce_CX2_37,1,0.7642719890653719
calce_CX2_37,1,0.7657198857173514
calce_CX2_37,1,0.7669374405423102
calce_CX2_37,1,0.7680280153028471
calce_CX2_37,1,0.7684152539687054
calce_CX2_37,1,0.7704062465906176
calce_CX2_37,1,0.7716688323346593
calce_CX2_37,1,0.77496525700492
calce_CX2_37,1,0.7818541219960566
calce_CX2_37,1,0.7837040110194043
calce_CX2_37,1,0.7855307371306909
calce_CS2_36,1,0.7749546721422897
calce_CS2_36,1,0.7661796577274931
calce_CS2_36,1,0.7616447704299188
calce_CS2_36,1,0.7692609745147572
calce_CS2_36,1,0.7824884013900213
calce_CS2_36,1,0.7831095783558764
calce_CS2_36,1,0.7843645821741612
calce_CS2_36,1,0.9999598131207877
calce_CS2_36,1,0.7963270021990384
calce_CS2_36,1,0.8007575414739341
calce_CS2_36,1,0.786317893216332
calce_CS2_36,1,0.7833004181857133
calce_CS2_36,1,0.79147019055944
calce_CS2_36,1,0.8008854354418363
calce_CS2_36,1,0.8004429550173497
calce_CS2_36,1,0.799406979893963
calce_CS2_36,1,0.8005173485215352
calce_CS2_36,1,0.8030588183504027
calce_CS2_36,1,0.8026021415987932
calce_CS2_36,1,0.7912928935537488
calce_CS2_36,1,0.7861796636173765
calce_CS2_36,1,0.7868532513771029
calce_CS2_36,1,0.80269005148939
calce_CS2_36,1,0.8011999998870669
calce_CS2_36,1,0.8042877919500714
calce_CS2_36,1,0.806312469204041
calce_CS2_36,1,0.8024308265567204
calce_CS2_36,1,0.7945184561483966
calce_CS2_36,1,0.7928876649679755
calce_CS2_36,1,0.8101258175200742
calce_CS2_36,1,0.8097692273486956
calce_CS2_36,1,0.8103119111124943
calce_CS2_36,1,0.8102940443411958
calce_CS2_36,1,0.8108167463917887
calce_CS2_36,1,0.8015542407679929
calce_CS2_36,1,0.7996330497516511
calce_CS2_36,1,0.7987321781338157
calce_CS2_36,1,0.7981507994442513
calce_CS2_36,1,0.797476376192214
calce_CS2_36,1,0.7968657809663691
calce_CS2_36,1,0.7957632758813196
calce_CS2_36,1,0.7958729026534765
calce_CS2_36,1,0.7952797191075958
calce_CS2_36,1,0.7961892292545845
calce_CS2_36,1,0.7967614482038279
calce_CS2_36,1,0.7949524701309433
calce_CS2_36,1,0.7958353158377844
calce_CS2_36,1,0.7952623765303681
calce_CS2_36,1,0.7950761738199185
calce_CS2_36,1,0.7942596651839428
calce_CS2_36,1,0.8002016464451263
calce_CS2_36,1,0.8171922149027726
calce_CS2_36,1,0.8150507956320465
calce_CS2_36,1,0.8180451562516583
calce_CS2_36,1,0.8207676634274402
calce_CS2_36,1,0.8147138022686021
calce_CS2_36,1,0.8072196063343878
calce_CS2_36,1,0.8059577989867084
calce_CS2_36,1,0.8233772701505433
calce_CS2_36,1,0.8242329871686627
calce_CS2_36,1,0.8239140886005994
calce_CS2_36,1,0.824372049021301
calce_CS2_36,1,0.8282297855972443
calce_CS2_36,1,0.8161759122061294
calce_CS2_36,1,0.8140907709469339
calce_CS2_36,1,0.9398873749818184
calce_CS2_36,1,0.8114584482909845
calce_CS2_36,1,0.8129740372406428
calce_CS2_36,1,0.805096044228556
calce_CS2_36,1,0.801398172006687
calce_CS2_36,1,0.8007519020207291
calce_CS2_36,1,0.8199130593975537
calce_CS2_36,1,0.8200897938405557
calce_CS2_36,1,0.8217002701374861
calce_CS2_36,1,0.8227319633244543
calce_CS2_36,1,0.8213475397935148
calce_CS2_36,1,0.8134910297475666
calce_CS2_36,1,0.8120492330397782
calce_CS2_36,1,0.8115845028337889
calce_CS2_36,1,0.811309663624832
calce_CS2_36,1,0.810297500995498
calce_CS2_36,1,0.8103563448987414
calce_CS2_36,1,0.8105643398420783
calce_CS2_36,1,0.8110821818073524
calce_CS2_36,1,0.8114208819841824
calce_CS2_36,1,0.8119204854567028
calce_CS2_36,1,0.9338860284922819
calce_CS2_36,1,0.8126942349566906
calce_CS2_36,1,0.8126626282693274
calce_CS2_36,1,0.81276091778279
calce_CS2_36,1,0.9335227589443825
calce_CS2_36,1,0.8132250115044439
calce_CS2_36,1,0.8136189863581297
calce_CS2_36,1,0.8312571938512171
calce_CS2_36,1,0.8353184417878374
calce_CS2_36,1,0.8366327458680682
calce_CS2_36,1,0.8391211691573456
calce_CS2_36,1,0.8425249224763878
calce_CS2_36,1,0.8285580025020066
calce_CS2_36,1,0.8263178734511399
calce_CS2_36,1,0.8363408581505574
calce_CS2_36,1,0.8436050566924308
calce_CS2_36,1,0.8433369366689789
calce_CS2_36,1,0.845697667698791
calce_CS2_36,1,0.8452164508673325
calce_CS2_36,1,0.8377856225264834
calce_CS2_36,1,0.8354343829128118
calce_CS2_36,1,0.8344960631164212
calce_CS2_36,1,0.8491700867585077
calce_CS2_36,1,0.8498554151926058
calce_CS2_36,1,0.8523109521621871
calce_CS2_36,1,0.8516491077788102
calce_CS2_36,1,0.849584442800315
calce_CS2_36,1,0.8411363506277951
calce_CS2_36,1,0.8398314720039365
calce_CS2_36,1,0.8522502816190811
calce_CS2_36,1,0.8475223783185687
calce_CS2_36,1,0.8495885557970805
calce_CS2_36,1,0.8546363790274842
calce_CS2_36,1,0.8429186537060719
calce_CS2_36,1,0.8409990570360583
calce_CS2_36,1,0.8523679387219203
calce_CS2_36,1,0.8576876000291951
calce_CS2_36,1,0.8573918506336738
calce_CS2_36,1,0.8585552076679853
calce_CS2_36,1,0.8612509378867091
calce_CS2_36,1,0.8522135072081193
calce_CS2_36,1,0.849394963578597
calce_CS2_36,1,0.8486400789965164
calce_CS2_36,1,0.8484258924543578
calce_CS2_36,1,0.8480375878599445
calce_CS2_36,1,0.8460921666774723
calce_CS2_36,1,0.8454591370251562
calce_CS2_36,1,0.8450158320239155
calce_CS2_36,1,0.8446999751675711
calce_CS2_36,1,0.8445777981634623
calce_CS2_36,1,0.8445850784219808
calce_CS2_36,1,0.8446099436065839
calce_CS2_36,1,0.8445823487182069
calce_CS2_36,1,0.8444366209707022
calce_CS2_36,1,0.8438135178413932
calce_CS2_36,1,0.9463922081199272
calce_CS2_36,1,0.8445502215899442
calce_CS2_36,1,0.8452776082163717
calce_CS2_36,1,0.8636334011375967
calce_CS2_36,1,0.8656134645475876
calce_CS2_36,1,0.8665007805732917
calce_CS2_36,1,0.867819555129189
calce_CS2_36,1,0.8688380436449883
calce_CS2_36,1,0.8585147850393701
calce_CS2_36,1,0.8563672569907406
calce_CS2_36,1,0.867836536186427
calce_CS2_36,1,0.8717551261020865
calce_CS2_36,1,0.8705509651693821
calce_CS2_36,1,0.8734949500764797
calce_CS2_36,1,0.8766060766908512
calce_CS2_36,1,0.8654327804743553
calce_CS2_36,1,0.8615058965879
calce_CS2_36,1,0.8641180501624114
calce_CS2_36,1,0.8766293097604592
calce_CS2_36,1,0.8761369521934157
calce_CS2_36,1,0.874476319039854
calce_CS2_36,1,0.8762902426592899
calce_CS2_36,1,0.8746548462193775
calce_CS2_36,1,0.8653012737397068
calce_CS2_36,1,0.8637229873923667
calce_CS2_36,1,0.8697051798783201
calce_CS2_36,1,0.8698150852914966
calce_CS2_36,1,0.8731161094747133
calce_CS2_36,1,0.8772773827739455
calce_CS2_36,1,0.879808926102311
calce_CS2_36,1,0.8795803719547981
calce_CS2_36,1,0.8799582199819168
calce_CS2_36,1,0.8811543539115678
calce_CS2_36,1,0.8837099852241536
calce_CS2_36,1,0.8742107356162533
calce_CS2_36,1,0.8717722183242911
calce_CS2_36,1,0.8708737669515213
calce_CS2_36,1,0.8704309725425193
calce_CS2_36,1,0.8702264197678442
calce_CS2_36,1,0.8699878771644941
calce_CS2_36,1,0.8697584591685366
calce_CS2_36,1,0.8852058020642352
calce_CS2_36,1,0.8878635572194723
calce_CS2_36,1,0.8828231776196048
calce_CS2_36,1,0.8810132904231963
calce_CS2_36,1,0.8809405107826541
calce_CS2_36,1,0.8947539744559192
calce_CS2_36,1,0.8956789358037165
calce_CS2_36,1,0.8941117618910283
calce_CS2_36,1,0.8954630911692838
calce_CS2_36,1,0.8976068884394339
calce_CS2_36,1,0.8894028882171718
calce_CS2_36,1,0.8886866204907592
calce_CS2_36,1,0.895172560398296
calce_CS2_36,1,0.9013960422092782
calce_CS2_36,1,0.9020055929693336
calce_CS2_36,1,0.9007179978001032
calce_CS2_36,1,0.9006264456847118
calce_CS2_36,1,0.9009116721369211
calce_CS2_36,1,0.8931659035280949
calce_CS2_36,1,0.8921701235375049
calce_CS2_36,1,0.9034676461839383
calce_CS2_36,1,0.9096714652431827
calce_CS2_36,1,0.9071198596642897
calce_CS2_36,1,0.9056690514082574
calce_CS2_36,1,0.9091593138611705
calce_CS2_36,1,0.9017338286103949
calce_CS2_36,1,0.8986075944245479
calce_CS2_36,1,0.8978103506472547
calce_CS2_36,1,0.9109459594513916
calce_CS2_36,1,0.9136284215886424
calce_CS2_36,1,0.911910696985826
calce_CS2_36,1,0.9091966062751288
calce_CS2_36,1,0.9122398752557307
calce_CS2_36,1,0.9037952100188639
calce_CS2_36,1,0.9020158357489393
calce_CS2_36,1,0.9013835197618395
calce_CS2_36,1,0.9009993868373731
calce_CS2_36,1,0.9009323546613264
calce_CS2_36,1,0.9006003628501923
calce_CS2_36,1,0.899813511050381
calce_CS2_36,1,0.9000545515994904
calce_CS2_36,1,0.9003674864487591
calce_CS2_36,1,0.9005135429874204
calce_CS2_36,1,0.900983085134922
calce_CS2_36,1,0.9012988948556206
calce_CS2_36,1,0.9017394750756632
calce_CS2_36,1,0.9018487837587833
calce_CS2_36,1,0.9019666218742279
calce_CS2_36,1,0.9021841689311108
calce_CS2_36,1,0.9024963501567481
calce_CS2_36,1,0.9079321212052616
calce_CS2_36,1,0.9112285899590143
calce_CS2_36,1,0.9043546563504059
calce_CS2_36,1,0.9023590934306224
calce_CS2_36,1,0.9022487674023492
calce_CS2_36,1,0.9168978373410396
calce_CS2_36,1,0.9180922249431717
calce_CS2_36,1,0.9178673295003358
calce_CS2_36,1,0.9180848721386525
calce_CS2_36,1,0.9205926717206202
calce_CS2_36,1,0.9121329491343656
calce_CS2_36,1,0.9098775046095103
calce_CS2_36,1,0.9125682223594673
calce_CS2_36,1,0.9222985953622973
calce_CS2_36,1,0.9212469043603673
calce_CS2_36,1,0.922189075590177
calce_CS2_36,1,0.9235035782909279
calce_CS2_36,1,0.9258339505084072
calce_CS2_36,1,0.916242770309167
calce_CS2_36,1,0.9148300716115121
calce_CS2_36,1,0.9212899650938262
calce_CS2_36,1,0.9285482101332807
calce_CS2_36,1,0.9275841309275789
calce_CS2_36,1,0.9274859453097452
calce_CS2_36,1,0.9368931951078481
calce_CS2_36,1,0.9404585890470328
calce_CS2_36,1,0.9267204639837311
calce_CS2_36,1,0.9246110477643122
calce_CS2_36,1,0.9342685385583005
calce_CS2_36,1,0.9432639064744719
calce_CS2_36,1,0.9431617103197074
calce_CS2_36,1,0.9448227748613615
calce_CS2_36,1,0.9456458504502208
calce_CS2_36,1,0.9437829858791568
calce_CS2_36,1,0.9337903617241174
calce_CS2_36,1,0.9313357051159423
calce_CS2_36,1,0.9300164246499093
calce_CS2_36,1,0.9292225983171271
calce_CS2_36,1,0.9286447969310215
calce_CS2_36,1,0.9269820984749712
calce_CS2_36,1,0.9266491516786821
calce_CS2_36,1,0.9263147623208734
calce_CS2_36,1,0.9271955803261541
calce_CS2_36,1,0.9278677265038365
calce_CS2_36,1,0.9281915747279678
calce_CS2_36,1,0.9285016196365526
calce_CS2_36,1,0.9289165328183097
calce_CS2_36,1,0.9288107615739581
calce_CS2_36,1,0.9287746910532467
calce_CS2_36,1,0.9288762218087548
calce_CS2_36,1,0.9405435460699723
calce_CS2_36,1,0.9447221424171327
calce_CS2_36,1,0.9363645049489764
calce_CS2_36,1,0.9805882706847162
calce_CS2_36,1,0.9324514870600026
calce_CS2_36,1,0.944101429490447
calce_CS2_36,1,0.9498998867454262
calce_CS2_36,1,0.9500283326434088
calce_CS2_36,1,0.9506427087684224
calce_CS2_36,1,0.9517086611140042
calce_CS2_36,1,0.9489379171847262
calce_CS2_36,1,0.9428258881244851
calce_CS2_36,1,0.9412338776941411
calce_CS2_36,1,0.9504134473996586
calce_CS2_36,1,0.955051739872701
calce_CS2_36,1,0.95656797474441
calce_CS2_36,1,0.9998576763414776
calce_CS2_36,1,0.9419679577330491
calce_CS2_36,1,0.9485425706891398
calce_CS2_36,1,0.9489180629953738
calce_CS2_36,1,0.9472918694108053
calce_CS2_36,1,0.9409193597139349
calce_CS2_36,1,0.9398296601495967
calce_CS2_36,1,0.9491162216174193
calce_CS2_36,1,0.9538737694232275
calce_CS2_36,1,0.9537142620940797
calce_CS2_36,1,0.9559961900603247
calce_CS2_36,1,0.9565697052283151
calce_CS2_36,1,0.9551514504277924
calce_CS2_36,1,0.9491131945846347
calce_CS2_36,1,0.9475030226183209
calce_CS2_36,1,0.9545593542566454
calce_CS2_36,1,0.9590071476137497
calce_CS2_36,1,0.9591442133801886
calce_CS2_36,1,0.960914126698426
calce_CS2_36,1,0.9617492442246713
calce_CS2_36,1,0.9615131063953006
calce_CS2_36,1,0.9550507922366479
calce_CS2_36,1,0.9534730852400293
calce_CS2_36,1,0.9593116598449216
calce_CS2_36,1,0.9621040021339883
calce_CS2_36,1,0.9606363636767248
calce_CS2_36,1,0.9616657751609801
calce_CS2_36,1,0.9622185301511385
calce_CS2_36,1,0.9632338131053353
calce_CS2_36,1,0.9563849879715349
calce_CS2_36,1,0.955357797653246
calce_CS2_36,1,0.9579718915108564
calce_CS2_36,1,0.9628686648022061
calce_CS2_36,1,0.9623429809364855
calce_CS2_36,1,0.9629574636736883
calce_CS2_36,1,0.9631310236825623
calce_CS2_36,1,0.9643250003181041
calce_CS2_36,1,0.9590230091418528
calce_CS2_36,1,0.9577798298945164
calce_CS2_36,1,0.9570083866528364
calce_CS2_36,1,0.9567445545263437
calce_CS2_36,1,0.9566169680308462
calce_CS2_36,1,0.9566124613902444
calce_CS2_36,1,0.9567454534278214
calce_CS2_36,1,0.956400087668976
calce_CS2_36,1,0.9563717600409679
calce_CS2_36,1,0.9564448661487625
calce_CS2_36,1,0.956538854061025
calce_CS2_36,1,0.9564508792999078
calce_CS2_36,1,0.9563152208886357
calce_CS2_36,1,0.9565575323652461
calce_CS2_36,1,0.9589933932469611
calce_CS2_36,1,0.9624045392223494
calce_CS2_36,1,0.9626339632919464
calce_CS2_36,1,0.9587355785552499
calce_CS2_36,1,0.9586861561963126
calce_CS2_36,1,0.9649763248376587
calce_CS2_36,1,0.9674906608514243
calce_CS2_36,1,0.9676300914501184
calce_CS2_36,1,0.9682996123451325
calce_CS2_36,1,0.9693033352588177
calce_CS2_36,1,0.9700719936770817
calce_CS2_36,1,0.9659075497770132
calce_CS2_36,1,0.9649191108625286
calce_CS2_36,1,0.9646448265449964
calce_CS2_36,1,0.9708773107970727
calce_CS2_36,1,0.9714195333633038
calce_CS2_36,1,0.9712501327260948
calce_CS2_36,1,0.9723164706049318
calce_CS2_36,1,0.9722539879666529
calce_CS2_36,1,0.9702598159337454
calce_CS2_36,1,0.9908531270024765
calce_CS2_36,1,0.9681730260571955
calce_CS2_36,1,0.9705244423148047
calce_CS2_36,1,0.9735219384106314
calce_CS2_36,1,0.9749572562703819
calce_CS2_36,1,0.9733219643242838
calce_CS2_36,1,0.9741692833724986
calce_CS2_36,1,0.993189671894352
calce_CS2_36,1,0.9741537314353464
calce_CS2_36,1,0.9715137286030244
calce_CS2_36,1,0.9693179817182205
calce_CS2_36,1,0.9913291567776619
calce_CS2_36,1,0.9745348466670817
calce_CS2_36,1,0.9737149544846593
calce_CS2_36,1,0.9738135443465972
calce_CS2_36,1,0.9737527057026879
calce_CS2_36,1,0.974506455977479
calce_CS2_36,1,0.9720244544528562
calce_CS2_36,1,0.9708777291133449
calce_CS2_36,1,0.9706217175342314
calce_CS2_36,1,0.9702687589314873
calce_CS2_36,1,0.9702590072601239
calce_CS2_36,1,0.9698746769140995
calce_CS2_36,1,0.9697059028732151
calce_CS2_36,1,0.9693960067611798
calce_CS2_36,1,0.9695548910216653
calce_CS2_36,1,0.9695644509360387
calce_CS2_36,1,0.9694677359426498
calce_CS2_36,1,0.969231021281287
calce_CS2_36,1,0.9690866098617285
calce_CS2_36,1,0.9739861511810289
calce_CS2_36,1,0.9765672288980628
calce_CS2_36,1,0.977798223303532
calce_CS2_36,1,0.9743937349853258
calce_CS2_36,1,0.9740408971584561
calce_CS2_36,1,0.9760073724084971
calce_CS2_36,1,0.9787626116520338
calce_CS2_36,1,0.9785494403573571
calce_CS2_36,1,0.9788198355603833
calce_CS2_36,1,0.9788189846660488
calce_CS2_36,1,0.979037660314374
calce_CS2_36,1,0.9772409346553694
calce_CS2_36,1,0.9763490285709717
calce_CS2_36,1,0.976110657947391
calce_CS2_36,1,0.9795665202080208
calce_CS2_36,1,0.9802885059765661
calce_CS2_36,1,0.9802049490923543
calce_CS2_36,1,0.9799384537634257
calce_CS2_36,1,0.9802896891316403
calce_CS2_36,1,0.9804039130586487
calce_CS2_36,1,0.9785660011814376
calce_CS2_36,1,0.9781075729455043
calce_CS2_36,1,0.9779913646737045
calce_CS2_36,1,0.9816456218551195
calce_CS2_36,1,0.9821308194967122
calce_CS2_36,1,0.9817148030798797
calce_CS2_36,1,0.9819155684770654
calce_CS2_36,1,0.9823937385777274
calce_CS2_36,1,0.9822543412243956
calce_CS2_36,1,0.9793956783493296
calce_CS2_36,1,0.9940109660502229
calce_CS2_36,1,0.9941398955164726
calce_CS2_36,1,0.9810877417207884
calce_CS2_36,1,0.9814837440287633
calce_CS2_36,1,0.9813024834568636
calce_CS2_36,1,0.9806964812688015
calce_CS2_36,1,0.9805547319912206
calce_CS2_36,1,0.9808029758562586
calce_CS2_36,1,0.978662172557809
calce_CS2_36,1,0.9779512681253849
calce_CS2_36,1,0.9776269868123564
calce_CS2_36,1,0.9773704697909786
calce_CS2_36,1,0.9772965701111238
calce_CS2_36,1,0.9772742997245942
calce_CS2_36,1,0.9771495056901083
calce_CS2_36,1,0.9770636884964653
calce_CS2_36,1,0.9770101712926698
calce_CS2_36,1,0.9769988716337582
calce_CS2_36,1,0.9770561348175332
calce_CS2_36,1,0.9771106076145356
calce_CS2_36,1,0.9763235667325203
calce_CS2_36,1,0.9783823762911378
calce_CS2_36,1,0.9798140956986927
calce_CS2_36,1,0.9770318665302136
calce_CS2_36,1,0.9769327032294519
calce_CS2_36,1,0.9770563781824227
calce_CS2_36,1,0.9805004614240495
calce_CS2_36,1,0.9819969577067266
calce_CS2_36,1,0.9817705292918947
calce_CS2_36,1,0.9825288932369594
calce_CS2_36,1,0.9826836541397964
calce_CS2_36,1,0.9829760354075348
calce_CS2_36,1,0.9799034031096278
calce_CS2_36,1,0.9796406828440796
calce_CS2_36,1,0.979601018024714
calce_CS2_36,1,0.9829226333723496
calce_CS2_36,1,0.9839472671789001
calce_CS2_36,1,0.983946111868277
calce_CS2_36,1,0.9846046934680186
calce_CS2_36,1,0.9849688107074085
calce_CS2_36,1,0.9850776535519797
calce_CS2_36,1,0.9823523149760884
calce_CS2_36,1,0.982086049283955
calce_CS2_36,1,0.9820933393219958
calce_CS2_36,1,0.9851443308819611
calce_CS2_36,1,0.9861798193760554
calce_CS2_36,1,0.9866223779139559
calce_CS2_36,1,0.9834214263148602
calce_CS2_36,1,0.9858053673688911
calce_CS2_36,1,0.9902050647878368
calce_CS2_36,1,0.9913482297673715
calce_CS2_36,1,0.9889524038036782
calce_CS2_36,1,0.988633177579003
calce_CS2_36,1,0.9886301969899548
calce_CS2_36,1,0.9921892300866864
calce_CS2_36,1,0.9932842997299275
calce_CS2_36,1,0.9937888249029745
calce_CS2_36,1,0.9943420528063593
calce_CS2_36,1,0.9985882809774153
calce_CS2_36,1,0.9946919854753629
calce_CS2_36,1,0.9947591614258351
calce_CS2_36,1,0.9933753303722322
calce_CS2_36,1,0.9929155112040667
calce_CS2_36,1,0.9926469787548287
calce_CS2_36,1,0.9947923942079872
calce_CS2_36,1,0.9952462572303128
calce_CS2_36,1,0.9953114012026151
calce_CS2_36,1,0.9956090125298648
calce_CS2_36,1,0.9957226077948687
calce_CS2_36,1,0.9960425429345591
calce_CS2_36,1,0.9955396773809183
calce_CS2_36,1,0.9947034890606433
calce_CS2_36,1,0.9944309856057719
calce_CS2_36,1,0.9942211721455972
calce_CS2_36,1,0.9958474704498975
calce_CS2_36,1,0.996313447119747
calce_CS2_36,1,0.9961701205466533
calce_CS2_36,1,0.9962958197620232
calce_CS2_36,1,0.9963555695415645
calce_CS2_36,1,0.9966045204139916
calce_CS2_36,1,0.9967849607125382
calce_CS2_36,1,0.9968710375734615
calce_CS2_36,1,0.9993209636305983
calce_CS2_36,1,0.9970758660459116
calce_CS2_36,1,0.9971421637524273
calce_CS2_36,1,0.9972800379113854
calce_CS2_36,1,0.9972514479843144
calce_CS2_36,1,0.9972064541844435
calce_CS2_36,1,0.9966349973516011
calce_CS2_36,1,0.9966151524337626
calce_CS2_36,1,0.9966636394708124
calce_CS2_36,1,0.9966863750591921
calce_CS2_36,1,0.9967114605620981
calce_CS2_36,1,0.9967293979307579
calce_CS2_36,1,0.9966910969161418
calce_CS2_36,1,0.9966858436220158
calce_CS2_36,1,0.9967003032126273
calce_CS2_36,1,0.9951309712331663
calce_CS2_36,1,0.9957302489243671
calce_CS2_36,1,0.9962104171019315
calce_CS2_36,1,0.9965547494991311
calce_CS2_36,1,0.9968049715297571
calce_CS2_36,1,0.9969601056202969
calce_CS2_36,1,0.9970854211450062
calce_CS2_36,1,0.9971357662789224
calce_CS2_36,1,0.9972160014184202
calce_CS2_36,1,0.9967429893520843
calce_CS2_36,1,0.9969503662096363
calce_CS2_36,1,0.996976947769473
calce_CS2_36,1,0.9970905180739079
calce_CS2_36,1,0.9972757793429078
calce_CS2_36,1,0.9974611600220576
calce_CS2_36,1,0.9975447730377024
calce_CS2_36,1,0.9976094547617305
calce_CS2_36,1,0.9976393734841953
calce_CS2_36,1,0.997697137612234
calce_CS2_36,1,0.9977484897654321
calce_CS2_36,1,0.9976525377515875
calce_CS2_36,1,0.9967200157327111
calce_CS2_36,1,0.9975431742756079
calce_CS2_36,1,0.9977339384574676
calce_CS2_36,1,0.9979133950573142
calce_CS2_36,1,0.9980323160009378
calce_CS2_36,1,0.9981243438939145
calce_CS2_36,1,0.9994857094193852
calce_CS2_36,1,0.9982241411333499
calce_CS2_36,1,0.9982639633400173
calce_CS2_36,1,0.9983291587271513
calce_CS2_36,1,0.9983699988287974
calce_CS2_36,1,0.9982946600312882
calce_CS2_36,1,0.9983409162883734
calce_CS2_36,1,0.998302184525846
calce_CS2_36,1,0.9983541940359475
calce_CS2_36,1,0.9984798453061369
calce_CS2_36,1,0.9985160821435944
calce_CS2_36,1,0.9985651677049957
calce_CS2_36,1,0.9987466626030357
calce_CS2_36,1,0.9987893784017958
calce_CS2_36,1,0.9988469472877269
calce_CS2_36,1,0.998866985065619
calce_CS2_36,1,0.9988523105444072
calce_CS2_36,1,0.9988164128048167
calce_CS2_36,1,0.9988249202372733
calce_CS2_36,1,0.9988635978925636
calce_CS2_36,1,0.9989046650441766
calce_CS2_36,1,0.9989661280705656
calce_CS2_36,1,0.9990113480013516
calce_CS2_36,1,0.9986620198233092
calce_CS2_36,1,0.9988472631838922
calce_CS2_36,1,0.9989856719693407
calce_CS2_36,1,0.9990698536578183
calce_CS2_36,1,0.9991197670523386
calce_CS2_36,1,0.9991612633949599
calce_CS2_36,1,0.9991940553580047
calce_CS2_36,1,0.999779595083616
calce_CS2_36,1,0.999235234979512
calce_CS2_36,1,0.9992511587573802
calce_CS2_36,1,0.9992428034862192
calce_CS2_36,1,0.9992156873916478
calce_CS2_36,1,0.9991489225627355
calce_CS2_36,1,0.9993121263919569
calce_CS2_36,1,0.9993459289787706
calce_CS2_36,1,0.9993960794548111
calce_CS2_36,1,0.9993949531467198
calce_CS2_36,1,0.9994944286820591
calce_CS2_36,1,0.9995131961998527
calce_CS2_36,1,0.9995445589279707
calce_CS2_36,1,0.9995500906753577
calce_CS2_36,1,0.9995608497108975
calce_CS2_36,1,0.9995721925959143
calce_CS2_36,1,0.9995641647731085
calce_CS2_36,1,0.9995093486737952
calce_CS2_36,1,0.9995206628711611
calce_CS2_36,1,0.9995124447734797
calce_CS2_36,1,0.9994893171715938
calce_CS2_36,1,0.9994970022429199
calce_CS2_36,1,0.9995673244432437
calce_CS2_36,1,0.9995850884266922
calce_CS2_36,1,0.9995779269213786
calce_CS2_36,1,0.9996074166949038
calce_CS2_36,1,0.9996127741458688
calce_CS2_36,1,0.999604721444621
calce_CS2_36,1,0.9996197057207276
calce_CS2_36,1,0.9996159483299603
calce_CS2_36,1,0.9995979380472445
calce_CS2_36,1,0.9995774468908989
calce_CS2_36,1,0.9995890135733042
calce_CS2_36,1,0.9995937874429432
calce_CS2_36,1,0.999613928171338
calce_CS2_36,1,0.9996349891622507
calce_CS2_36,1,0.9996547566232573
calce_CS2_36,1,0.999665337136905
calce_CS2_36,1,0.9996765840013441
calce_CS2_36,1,0.9996838637790237
calce_CS2_36,1,0.999690685088229
calce_CS2_36,1,0.99969636347238
calce_CS2_36,1,0.9996961751451376
calce_CS2_36,1,0.9994697041039121
calce_CS2_36,1,0.9995491537960841
calce_CS2_36,1,0.9996012032115225
calce_CS2_36,1,0.9996397380278267
calce_CS2_36,1,0.999659640547514
calce_CS2_36,1,0.9996843938927311
calce_CS2_36,1,0.999703916337586
calce_CS2_36,1,0.9997054050992558
calce_CS2_36,1,0.999711947211106
calce_CS2_36,1,0.9997200458857147
calce_CS2_36,1,0.9997264238620215
calce_CS2_36,1,0.9997344632910588
calce_CS2_36,1,0.999735368104424
calce_CS2_36,1,0.9997239537636424
calce_CS2_36,1,0.9997428722119313
calce_CS2_36,1,0.9997551404461653
calce_CS2_36,1,0.9997849881068263
calce_CS2_36,1,0.9997450317607255
calce_CS2_36,1,0.9997380670405223
calce_CS2_36,1,0.999758179963274
calce_CS2_36,1,0.999805503634586
calce_CS2_36,1,0.9998094605552906
calce_CS2_36,1,0.9998124275579258
calce_CS2_36,1,0.9997979779775735
calce_CS2_36,1,0.9997808604492268
calce_CS2_36,1,0.9997749991374174
calce_CS2_36,1,0.9997729281485931
calce_CS2_36,1,0.9997764461137922
calce_CS2_36,1,0.9997728690838581
calce_CS2_36,1,0.9997646037882569
calce_CS2_36,1,0.999753137295891
calce_CS2_36,1,0.9997553744506459
calce_CS2_36,1,0.9997613900728454
calce_CS2_36,1,0.9997741422718378
calce_CS2_36,1,0.999785140353971
calce_CS2_36,1,0.9997897695733725
calce_CS2_36,1,0.9997918612585452
calce_CS2_36,1,0.9997972126341839
calce_CS2_36,1,0.9998015284268369
calce_CS2_36,1,0.9998340860475139
calce_CS2_36,1,0.9998444801918551
calce_CS2_36,1,0.9998486651879896
calce_CS2_36,1,0.9998515926162411
calce_CS2_36,1,0.9998417240975858
calce_CS2_36,1,0.9998442528177699
calce_CS2_36,1,0.9998470600931988
calce_CS2_36,1,0.9998520168022658
calce_CS2_36,1,0.9998571916587603
calce_CS2_36,1,0.9998575262093605
calce_CS2_36,1,0.9998614652776798
calce_CS2_36,1,0.9999250122933725
calce_CS2_36,1,0.9999199870733042
calce_CS2_36,1,0.9999242403284903
calce_CS2_36,1,0.9999262237281322
calce_CS2_36,1,0.9999269573381815
calce_CS2_36,1,0.9999296956590825
calce_CS2_36,1,0.9999331110398916
calce_CS2_36,1,0.9999358040812838
calce_CS2_36,1,0.9999372117071835
calce_CS2_36,1,0.9999384819349434
calce_CS2_36,1,0.9999398028801663
calce_CS2_36,1,0.9999404124051868
calce_CS2_36,1,0.9999411427711674
calce_CS2_36,1,0.9999418777505182
calce_CS2_36,1,0.9999422168675945
calce_CS2_36,1,0.9999426509098068
calce_CS2_36,1,0.9999607283405232
calce_CS2_36,1,0.9999462741225624
calce_CS2_36,1,0.9999457320962366
calce_CS2_36,1,0.9999457749264367
calce_CS2_36,1,0.9999451749887756
calce_CS2_36,1,0.9999440640072165
calce_CS2_36,1,0.9999427160718278
calce_CS2_36,1,0.9999403774525125
calce_CS2_36,1,0.9999412458786652
calce_CS2_36,1,0.9999408381752469
calce_CS2_36,1,0.9999422488913895
calce_CS2_36,1,0.999941638959636
calce_CS2_36,1,0.9999431506858022
calce_CS2_36,1,0.99994350430916
calce_CS2_36,1,0.9999466143192849
calce_CS2_36,1,0.9999469018449337
calce_CS2_36,1,0.9999480837299397
calce_CS2_36,1,0.9999637395142241
calce_CS2_36,1,0.9999496469267065
calce_CS2_36,1,0.9999502525329487
calce_CS2_36,1,0.9999502065313527
calce_CS2_36,1,0.999950363582689
calce_CS2_36,1,0.9999509462409208
calce_CS2_36,1,0.9999512188525108
calce_CS2_36,1,0.9999516096543163
calce_CS2_36,1,0.9999520351554476
calce_CS2_36,1,0.9999523915296802
calce_CS2_36,1,0.9999526099178782
calce_CS2_36,1,0.9999531945556905
calce_CS2_36,1,0.9999529475320135
calce_CS2_36,1,0.9999514710167947
calce_CS2_36,1,0.999950292610713
calce_CS2_36,1,0.9999511327574193
calce_CS2_36,1,0.999948461208603
calce_CS2_36,1,0.5657179509751521
calce_CS2_36,1,0.568648349591278
calce_CS2_36,1,0.5697959245681204
calce_CS2_36,1,0.5724387868617138
calce_CS2_36,1,0.5794389401134818
calce_CS2_36,1,0.5802240841999435
calce_CS2_36,1,0.5902971177043028
calce_CS2_36,1,0.6131735230004065
calce_CS2_36,1,0.6208084661139017
calce_CS2_36,1,0.626518253880952
calce_CS2_36,1,0.6347306140208385
calce_CS2_36,1,0.622724794526338
calce_CS2_36,1,0.6194406841996045
calce_CS2_36,1,0.6191795242140115
calce_CS2_36,1,0.6195881614535859
calce_CS2_36,1,0.6205706931422319
calce_CS2_36,1,0.6212769165359284
calce_CS2_36,1,0.621767965568359
calce_CS2_36,1,0.623283849444793
calce_CS2_36,1,0.6250414188395224
calce_CS2_36,1,0.6265445470893892
calce_CS2_36,1,0.6280417586526892
calce_CS2_36,1,0.6290009959282337
calce_CS2_36,1,0.6296569943870042
calce_CS2_36,1,0.6315711683305032
calce_CS2_36,1,0.6331144071019045
calce_CS2_36,1,0.6344617087457602
calce_CS2_36,1,0.6579169418118326
calce_CS2_36,1,0.6667216650731502
calce_CS2_36,1,0.671771460232817
calce_CS2_36,1,0.675351040966778
calce_CS2_36,1,0.6798651338997989
calce_CS2_36,1,0.6622271178953127
calce_CS2_36,1,0.6592979044357555
calce_CS2_36,1,0.6802042075223457
calce_CS2_36,1,0.6883702963591889
calce_CS2_36,1,0.6893559094699777
calce_CS2_36,1,0.6925232568673562
calce_CS2_36,1,0.6912199318082111
calce_CS2_36,1,0.676330143393683
calce_CS2_36,1,0.6741898624579423
calce_CS2_36,1,0.695648682302494
calce_CS2_36,1,0.6991526428760707
calce_CS2_36,1,0.6999826669904278
calce_CS2_36,1,0.7013676644147819
calce_CS2_36,1,0.704056406367134
calce_CS2_36,1,0.687746207784222
calce_CS2_36,1,0.6848326045633631
calce_CS2_36,1,0.7024478546322636
calce_CS2_36,1,0.7053498507543231
calce_CS2_36,1,0.7075564785898074
calce_CS2_36,1,0.7097529815544003
calce_CS2_36,1,0.7141506795068415
calce_CS2_36,1,0.743531034994348
calce_CS2_36,1,0.743983030080265
calce_CS2_36,1,0.7452454503106806
calce_CS2_36,1,0.7350105771968422
calce_CS2_36,1,0.7328615892963741
calce_CS2_36,1,0.7427355102738334
calce_CS2_36,1,0.7483054281652067
calce_CS2_36,1,0.7485407293817892
calce_CS2_36,1,0.7493427379266419
calce_CS2_36,1,0.7543351849095211
calce_CS2_36,1,0.7419458999371329
calce_CS2_36,1,0.7390520189480648
calce_CS2_36,1,0.895694210094901
calce_CS2_36,1,0.7574306430012855
calce_CS2_36,1,0.7575261909117347
calce_CS2_36,1,0.7579005540092707
calce_CS2_36,1,0.7626562265684856
calce_CS2_36,1,0.7566094781885215
calce_CS2_36,1,0.7480195542901428
calce_CS2_36,1,0.8998090181617191
calce_CS2_36,1,0.7643068143098884
calce_CS2_36,1,0.7665335306054583
calce_CS2_36,1,0.7660237189546392
calce_CS2_36,1,0.7693470727445039
calce_CS2_36,1,0.7727909461123198
calce_CS2_36,1,0.7573637064297459
calce_CS2_36,1,0.7555536132021345
calce_CS2_36,1,0.7523367016310942
calce_CS2_36,1,0.7499932507639253
calce_CS2_36,1,0.7484262406329443
calce_CS2_36,1,0.7473278316064789
calce_CS2_36,1,0.7463233873748889
calce_CS2_36,1,0.7448333018677772
calce_CS2_36,1,0.7447138387461321
calce_CS2_36,1,0.7442876338196202
calce_CS2_36,1,0.7438533613649582
calce_CS2_36,1,0.7435897873174075
calce_CS2_36,1,0.7433977230149198
calce_CS2_36,1,0.7431314746986784
calce_CS2_36,1,0.7431233196631166
calce_CS2_36,1,0.743137596308613
calce_CS2_36,1,0.7560904280827224
calce_CS2_36,1,0.7696031904201025
calce_CS2_36,1,0.7704562019719935
calce_CS2_36,1,0.7716476905995683
calce_CS2_36,1,0.7754218540619963
calce_CS2_36,1,0.7619343682874457
calce_CS2_36,1,0.756878542798098
calce_CS2_36,1,0.7608412031046206
calce_CS2_36,1,0.7779354485637774
calce_CS2_36,1,0.7630095301277166
calce_CS2_36,1,0.7600839165022946
calce_CS2_36,1,0.7497830551887745
calce_CS2_36,1,0.7483981853786706
calce_CS2_36,1,0.7710932442806147
calce_CS2_36,1,0.7711114626592046
calce_CS2_36,1,0.7704528746271921
calce_CS2_36,1,0.7725429826288547
calce_CS2_36,1,0.7731822429487757
calce_CS2_36,1,0.7589869280059001
calce_CS2_36,1,0.756638115245778
calce_CS2_36,1,0.7735613759000645
calce_CS2_36,1,0.7768216359465103
calce_CS2_36,1,0.7770342234046519
calce_CS2_36,1,0.7775349690590745
calce_CS2_36,1,0.7825451828353346
calce_CS2_36,1,0.7662004044513099
calce_CS2_36,1,0.7626695878159209
calce_CS2_36,1,0.7769776537678461
calce_CS2_36,1,0.7831970739180741
calce_CS2_36,1,0.7811610299237408
calce_CS2_36,1,0.7827292227358821
calce_CS2_36,1,0.786781545015744
calce_CS2_36,1,0.7725030205942638
calce_CS2_36,1,0.7686051981045292
calce_CS2_36,1,0.910098687129381
calce_CS2_36,1,0.7666544671328676
calce_CS2_36,1,0.765845394625399
calce_CS2_36,1,0.7648196002935448
calce_CS2_36,1,0.7639065553181835
calce_CS2_36,1,0.7632674525427621
calce_CS2_36,1,0.7632299728798764
calce_CS2_36,1,0.7633167108741375
calce_CS2_36,1,0.7634362021911215
calce_CS2_36,1,0.763363537446352
calce_CS2_36,1,0.7631467433037044
calce_CS2_36,1,0.7628773497378012
calce_CS2_36,1,0.7626789737830837
calce_CS2_36,1,0.760744284077887
calce_CS2_36,1,0.760444306558682
calce_CS2_36,1,0.7786827014842976
calce_CS2_36,1,0.7828479505407625
calce_CS2_36,1,0.7836586783202424
calce_CS2_36,1,0.785223200335313
calce_CS2_36,1,0.7901995477912671
calce_CS2_36,1,0.7758544489490459
calce_CS2_36,1,0.7730393862655669
calce_CS2_36,1,0.7847564137100439
calce_CS2_36,1,0.7916221617622373
calce_CS2_36,1,0.7905403076038472
calce_CS2_36,1,0.7849749227048439
calce_CS2_36,1,0.7717627345768412
calce_CS2_36,1,0.7688642279348546
calce_CS2_36,1,0.7788885526482325
calce_CS2_36,1,0.7868154379984768
calce_CS2_36,1,0.7844322735743695
calce_CS2_36,1,0.7854756641417316
calce_CS2_36,1,0.9238423685673474
calce_CS2_36,1,0.7829442888743616
calce_CS2_36,1,0.7758418094838498
calce_CS2_36,1,0.7738459122677378
calce_CS2_36,1,0.7900825199798434
calce_CS2_36,1,0.7899052738214011
calce_CS2_36,1,0.7907965514252747
calce_CS2_36,1,0.7911302291863184
calce_CS2_36,1,0.7908193171735429
calce_CS2_36,1,0.7782529837816007
calce_CS2_36,1,0.7761601269188132
calce_CS2_36,1,0.7903378189810856
calce_CS2_36,1,0.7910990703712485
calce_CS2_36,1,0.7902279018585782
calce_CS2_36,1,0.7774800973407836
calce_CS2_36,1,0.7755924798948665
calce_CS2_36,1,0.7756274355320711
calce_CS2_36,1,0.7753472103805483
calce_CS2_36,1,0.775094214614573
calce_CS2_36,1,0.7749133804109845
calce_CS2_36,1,0.7745361259989033
calce_CS2_36,1,0.7729783199671765
calce_CS2_36,1,0.7732514565720094
calce_CS2_36,1,0.7731426301702407
calce_CS2_36,1,0.9098199411518398
calce_CS2_36,1,0.7736573839985763
calce_CS2_36,1,0.7736470561933246
calce_CS2_36,1,0.7735782845258325
calce_CS2_36,1,0.7737688101009877
calce_CS2_36,1,0.7736365324562267
calce_CS2_36,1,0.7736174644338883
calce_CS2_36,1,0.773803286181074
calce_CS2_36,1,0.7739768284650116
calce_CS2_36,1,0.7888571742147986
calce_CS2_36,1,0.7901481468787116
calce_CS2_36,1,0.7917058073430636
calce_CS2_36,1,0.7960530966021091
calce_CS2_36,1,0.7996928295306946
calce_CS2_36,1,0.7870778559147192
calce_CS2_36,1,0.7838602169113296
calce_CS2_36,1,0.7925449275227441
calce_CS2_36,1,0.8000092617844001
calce_CS2_36,1,0.7995114181130535
calce_CS2_36,1,0.6378870877275051
calce_CS2_36,1,0.6436192302045783
calce_CS2_36,1,0.636049428195638
calce_CS2_36,1,0.6368793965613742
calce_CS2_36,1,0.6557743816486933
calce_CS2_36,1,0.8573860745310495
calce_CS2_36,1,0.6646004576009161
calce_CS2_36,1,0.6693360912360155
calce_CS2_36,1,0.6841301429625589
calce_CS2_36,1,0.6797270962299582
calce_CS2_36,1,0.6835846016880325
calce_CS2_36,1,0.6966724629715924
calce_CS2_36,1,0.6994999634396388
calce_CS2_36,1,0.7027303991225181
calce_CS2_36,1,0.7048533912194356
calce_CS2_36,1,0.7116682064563408
calce_CS2_36,1,0.7084200890974469
calce_CS2_36,1,0.7096119018517976
calce_CS2_36,1,0.7186995090370851
calce_CS2_36,1,0.7201307266719348
calce_CS2_36,1,0.7215121748446879
calce_CS2_36,1,0.7231489981576786
calce_CS2_36,1,0.7264051501825588
calce_CS2_36,1,0.7218497571790673
calce_CS2_36,1,0.7231999950896394
calce_CS2_36,1,0.7247215653181435
calce_CS2_36,1,0.7257323705794348
calce_CS2_36,1,0.7265226032358805
calce_CS2_36,1,0.8931332589687061
calce_CS2_36,1,0.8938062921630857
calce_CS2_36,1,0.7299617697268852
calce_CS2_36,1,0.7315325411916161
calce_CS2_36,1,0.7326120362498169
calce_CS2_36,1,0.733760247490819
calce_CS2_36,1,0.8981440731085009
calce_CS2_36,1,0.7358874750278068
calce_CS2_36,1,0.7354228716685904
calce_CS2_36,1,0.7379362162348253
calce_CS2_36,1,0.7392326150853861
calce_CS2_36,1,0.7413668942292362
calce_CS2_36,1,0.7532835214488267
calce_CS2_36,1,0.7559465771705433
calce_CS2_36,1,0.758100045203397
calce_CS2_36,1,0.9999745469897245
calce_CS2_35,0,0.863666228627735
calce_CS2_35,0,0.8601282025344887
calce_CS2_35,0,0.8565092270767657
calce_CS2_35,0,0.8555285935423073
calce_CS2_35,0,0.8554197460857645
calce_CS2_35,0,0.8558795478606325
calce_CS2_35,0,0.8559774102926528
calce_CS2_35,0,0.8557600241204139
calce_CS2_35,0,0.8563064738272192
calce_CS2_35,0,0.8571675045116797
calce_CS2_35,0,0.8580649796785034
calce_CS2_35,0,0.859714324126283
calce_CS2_35,0,0.8601967258488822
calce_CS2_35,0,0.8608879816820784
calce_CS2_35,0,0.8616083182108484
calce_CS2_35,0,0.8618424509691469
calce_CS2_35,0,0.9545783261996796
calce_CS2_35,0,0.8632653094800664
calce_CS2_35,0,0.8741158865850909
calce_CS2_35,0,0.8842993689184743
calce_CS2_35,0,0.882824745496154
calce_CS2_35,0,0.8851844548330702
calce_CS2_35,0,0.8887059443411056
calce_CS2_35,0,0.8800958871107264
calce_CS2_35,0,0.8771713314609432
calce_CS2_35,0,0.8811670171228958
calce_CS2_35,0,0.8933096171493476
calce_CS2_35,0,0.970562287947109
calce_CS2_35,0,0.8945268941433911
calce_CS2_35,0,0.8958851525764354
calce_CS2_35,0,0.8987686549172171
calce_CS2_35,0,0.8887836698205068
calce_CS2_35,0,0.8875655088208773
calce_CS2_35,0,0.8974386797124384
calce_CS2_35,0,0.9022955017027181
calce_CS2_35,0,0.9038441756006651
calce_CS2_35,0,0.9048335214475297
calce_CS2_35,0,0.9070882697797771
calce_CS2_35,0,0.8977529163617239
calce_CS2_35,0,0.895554437052368
calce_CS2_35,0,0.900860528456305
calce_CS2_35,0,0.9104763363074454
calce_CS2_35,0,0.9098100071880797
calce_CS2_35,0,0.9105349640612816
calce_CS2_35,0,0.9114850400740061
calce_CS2_35,0,0.9059657322665189
calce_CS2_35,0,0.902464658974991
calce_CS2_35,0,0.9018729268161007
calce_CS2_35,0,0.914853162555654
calce_CS2_35,0,0.9160804835216481
calce_CS2_35,0,0.9061597274178286
calce_CS2_35,0,0.9002058621240462
calce_CS2_35,0,0.8995808492128838
calce_CS2_35,0,0.899697944502062
calce_CS2_35,0,0.899793497092926
calce_CS2_35,0,0.8996699070782583
calce_CS2_35,0,0.8997300409018523
calce_CS2_35,0,0.8997911241418115
calce_CS2_35,0,0.9001874117209897
calce_CS2_35,0,0.9005738711796266
calce_CS2_35,0,0.9008973966922348
calce_CS2_35,0,0.9012158581824659
calce_CS2_35,0,0.9014304320915371
calce_CS2_35,0,0.9015411472700975
calce_CS2_35,0,0.9015410615875928
calce_CS2_35,0,0.901754548923365
calce_CS2_35,0,0.9018963731357217
calce_CS2_35,0,0.9022749879026691
calce_CS2_35,0,0.9155830533493846
calce_CS2_35,0,0.9177721205716992
calce_CS2_35,0,0.9182059106324628
calce_CS2_35,0,0.9199965230566238
calce_CS2_35,0,0.9210513076029807
calce_CS2_35,0,0.9106069895916404
calce_CS2_35,0,0.9091941634245427
calce_CS2_35,0,0.9165964522014223
calce_CS2_35,0,0.9219337298346529
calce_CS2_35,0,0.9219813486327149
calce_CS2_35,0,0.9220552294633004
calce_CS2_35,0,0.9226168598028449
calce_CS2_35,0,0.9162442741914576
calce_CS2_35,0,0.9143226275097198
calce_CS2_35,0,0.9126054823878456
calce_CS2_35,0,0.9245063075051131
calce_CS2_35,0,0.9257306970654818
calce_CS2_35,0,0.9259309087773323
calce_CS2_35,0,0.9251538125890237
calce_CS2_35,0,0.9251011710468957
calce_CS2_35,0,0.9171773533106797
calce_CS2_35,0,0.9162078724792192
calce_CS2_35,0,0.9236344353941666
calce_CS2_35,0,0.9272264779846718
calce_CS2_35,0,0.9270313524574147
calce_CS2_35,0,0.927769475203515
calce_CS2_35,0,0.9291777531303963
calce_CS2_35,0,0.9223242105198174
calce_CS2_35,0,0.9194401347449825
calce_CS2_35,0,0.9208308842321832
calce_CS2_35,0,0.9305320640724689
calce_CS2_35,0,0.930157676448931
calce_CS2_35,0,0.9268807872635274
calce_CS2_35,0,0.9277562014881134
calce_CS2_35,0,0.9206917813757448
calce_CS2_35,0,0.9196314477114003
calce_CS2_35,0,0.9194682196085532
calce_CS2_35,0,0.9194023830703201
calce_CS2_35,0,0.9193310910934951
calce_CS2_35,0,0.9178344589895553
calce_CS2_35,0,0.9175029903585482
calce_CS2_35,0,0.9172274559993503
calce_CS2_35,0,0.9170851265227163
calce_CS2_35,0,0.9169561753118373
calce_CS2_35,0,0.916862389208142
calce_CS2_35,0,0.9168249751266754
calce_CS2_35,0,0.9166606013693078
calce_CS2_35,0,0.9164848977466287
calce_CS2_35,0,0.9160926198306646
calce_CS2_35,0,0.9163544636910399
calce_CS2_35,0,0.9163386308931717
calce_CS2_35,0,0.925742177188904
calce_CS2_35,0,0.9293848992532153
calce_CS2_35,0,0.9291640986196513
calce_CS2_35,0,0.9293469595638996
calce_CS2_35,0,0.930676586103913
calce_CS2_35,0,0.924912962919435
calce_CS2_35,0,0.9222445188625477
calce_CS2_35,0,0.9777462917081318
calce_CS2_35,0,0.9295610274208719
calce_CS2_35,0,0.9310314474450182
calce_CS2_35,0,0.9303487202312519
calce_CS2_35,0,0.9320765281592757
calce_CS2_35,0,0.9337667217883429
calce_CS2_35,0,0.9248391130847784
calce_CS2_35,0,0.9228486654622677
calce_CS2_35,0,0.9275149763390071
calce_CS2_35,0,0.9330948490681366
calce_CS2_35,0,0.9323495180380924
calce_CS2_35,0,0.9316248320143921
calce_CS2_35,0,0.9322356660161352
calce_CS2_35,0,0.9287294490489961
calce_CS2_35,0,0.9239935177854124
calce_CS2_35,0,0.92295391333505
calce_CS2_35,0,0.9309462176497739
calce_CS2_35,0,0.9326775679394984
calce_CS2_35,0,0.9324060287165417
calce_CS2_35,0,0.9329737741957436
calce_CS2_35,0,0.9339852986378933
calce_CS2_35,0,0.9299291307310041
calce_CS2_35,0,0.9349261144644527
calce_CS2_35,0,0.9356447690366261
calce_CS2_35,0,0.9312371689705188
calce_CS2_35,0,0.9319737904513691
calce_CS2_35,0,0.9334089857627835
calce_CS2_35,0,0.927353033488076
calce_CS2_35,0,0.9262155757280945
calce_CS2_35,0,0.9256968512847543
calce_CS2_35,0,0.9254067166167459
calce_CS2_35,0,0.9252719644748308
calce_CS2_35,0,0.9249699966782496
calce_CS2_35,0,0.9575687025094693
calce_CS2_35,0,0.9237658183975362
calce_CS2_35,0,0.9202709972725126
calce_CS2_35,0,0.9179759214994386
calce_CS2_35,0,0.9172103794390664
calce_CS2_35,0,0.9243078453381864
calce_CS2_35,0,0.9243442954688271
calce_CS2_35,0,0.9221411586634973
calce_CS2_35,0,0.9205568516761552
calce_CS2_35,0,0.920704976370097
calce_CS2_35,0,0.9171905966434462
calce_CS2_35,0,0.9165199165301061
calce_CS2_35,0,0.9204006105247957
calce_CS2_35,0,0.9232121876149979
calce_CS2_35,0,0.9233525112230268
calce_CS2_35,0,0.9213577057008223
calce_CS2_35,0,0.921415671726706
calce_CS2_35,0,0.9202795171021181
calce_CS2_35,0,0.9184404451709872
calce_CS2_35,0,0.9181655333742491
calce_CS2_35,0,0.9245407724562039
calce_CS2_35,0,0.9246899355531333
calce_CS2_35,0,0.9250464046542933
calce_CS2_35,0,0.9257489298076094
calce_CS2_35,0,0.9272315142505881
calce_CS2_35,0,0.9223818475305103
calce_CS2_35,0,0.9212515210321742
calce_CS2_35,0,0.9245064296161839
calce_CS2_35,0,0.927707379852987
calce_CS2_35,0,0.9270492224581096
calce_CS2_35,0,0.9264176103740687
calce_CS2_35,0,0.9252272115965031
calce_CS2_35,0,0.9246217083489889
calce_CS2_35,0,0.9219930434391632
calce_CS2_35,0,0.9215006243072645
calce_CS2_35,0,0.9213075004940073
calce_CS2_35,0,0.9211925049537335
calce_CS2_35,0,0.9211971505708699
calce_CS2_35,0,0.9203736312531507
calce_CS2_35,0,0.9201019895866414
calce_CS2_35,0,0.9199801797736716
calce_CS2_35,0,0.9199822859487864
calce_CS2_35,0,0.9199879418601434
calce_CS2_35,0,0.9202314787685265
calce_CS2_35,0,0.9201654176049029
calce_CS2_35,0,0.9202880582859401
calce_CS2_35,0,0.9202599325987545
calce_CS2_35,0,0.920256633867378
calce_CS2_35,0,0.9202915069069248
calce_CS2_35,0,0.9205194653544158
calce_CS2_35,0,0.9262682797729117
calce_CS2_35,0,0.9117408125556976
calce_CS2_35,0,0.9135812477504323
calce_CS2_35,0,0.9124476074318605
calce_CS2_35,0,0.9068623423047368
calce_CS2_35,0,0.9056181571342686
calce_CS2_35,0,0.9124766929818848
calce_CS2_35,0,0.9136773091130613
calce_CS2_35,0,0.913216358672193
calce_CS2_35,0,0.9136735525987737
calce_CS2_35,0,0.9154501183439407
calce_CS2_35,0,0.9100914696547259
calce_CS2_35,0,0.9091470117978138
calce_CS2_35,0,0.9118819860854186
calce_CS2_35,0,0.9180615498874218
calce_CS2_35,0,0.9173827643822415
calce_CS2_35,0,0.9174900534478267
calce_CS2_35,0,0.9236195864365954
calce_CS2_35,0,0.9230745098634854
calce_CS2_35,0,0.9171269379922184
calce_CS2_35,0,0.9162626028246115
calce_CS2_35,0,0.9249161524023836
calce_CS2_35,0,0.9292296900958473
calce_CS2_35,0,0.9300260470423694
calce_CS2_35,0,0.9314100562789861
calce_CS2_35,0,0.9327113604811745
calce_CS2_35,0,0.9251696092699851
calce_CS2_35,0,0.9233016716128484
calce_CS2_35,0,0.9225970170477304
calce_CS2_35,0,0.9774770029879746
calce_CS2_35,0,0.9224568723859846
calce_CS2_35,0,0.9219425109317166
calce_CS2_35,0,0.9215403136217105
calce_CS2_35,0,0.9215235732399645
calce_CS2_35,0,0.9218774396220116
calce_CS2_35,0,0.923027882453287
calce_CS2_35,0,0.9234795564219485
calce_CS2_35,0,0.9239172187881727
calce_CS2_35,0,0.9243673054122443
calce_CS2_35,0,0.9244751312012383
calce_CS2_35,0,0.9246716598582629
calce_CS2_35,0,0.9249074196746875
calce_CS2_35,0,0.9252163695211356
calce_CS2_35,0,0.9254819245099566
calce_CS2_35,0,0.9374889332528983
calce_CS2_35,0,0.938731393322782
calce_CS2_35,0,0.9425771857539283
calce_CS2_35,0,0.9431323559907329
calce_CS2_35,0,0.9446074134786572
calce_CS2_35,0,0.9358661267466646
calce_CS2_35,0,0.9340793176251696
calce_CS2_35,0,0.9384255140307259
calce_CS2_35,0,0.9403818654264973
calce_CS2_35,0,0.9374351422947547
calce_CS2_35,0,0.9339415254622898
calce_CS2_35,0,0.9335000580882629
calce_CS2_35,0,0.9423797891715078
calce_CS2_35,0,0.9452779062772895
calce_CS2_35,0,0.9462594060948677
calce_CS2_35,0,0.9464192420645481
calce_CS2_35,0,0.9496317261642256
calce_CS2_35,0,0.9482397291659945
calce_CS2_35,0,0.9450948625931981
calce_CS2_35,0,0.9405862762496725
calce_CS2_35,0,0.9391802139721226
calce_CS2_35,0,0.9455396952268678
calce_CS2_35,0,0.9470424343387118
calce_CS2_35,0,0.9472181935190717
calce_CS2_35,0,0.9484275168571755
calce_CS2_35,0,0.9491347359007094
calce_CS2_35,0,0.9441352514257875
calce_CS2_35,0,0.9422623620439574
calce_CS2_35,0,0.9434584385712138
calce_CS2_35,0,0.9493236725382658
calce_CS2_35,0,0.9495102982015489
calce_CS2_35,0,0.9509094521087239
calce_CS2_35,0,0.9515711532851642
calce_CS2_35,0,0.951751211928352
calce_CS2_35,0,0.9469047348188623
calce_CS2_35,0,0.9459397577496346
calce_CS2_35,0,0.9512442225553446
calce_CS2_35,1,0.9523529110706511
calce_CS2_35,1,0.9516493437984526
calce_CS2_35,1,0.9520780743853778
calce_CS2_35,1,0.9524035386792985
calce_CS2_35,1,0.9497994319412758
calce_CS2_35,1,0.9479636556120306
calce_CS2_35,1,0.9475302237678168
calce_CS2_35,1,0.9531829149372811
calce_CS2_35,1,0.9534117112077541
calce_CS2_35,1,0.9534418009674274
calce_CS2_35,1,0.953787020886376
calce_CS2_35,1,0.9549797520282554
calce_CS2_35,1,0.9508904459524332
calce_CS2_35,1,0.9501658764884605
calce_CS2_35,1,0.9499188385733994
calce_CS2_35,1,0.9499471130760816
calce_CS2_35,1,0.9499985422725253
calce_CS2_35,1,0.9500895718815938
calce_CS2_35,1,0.9501559905683171
calce_CS2_35,1,0.9868996819906665
calce_CS2_35,1,0.9504220546188219
calce_CS2_35,1,0.9503592760751386
calce_CS2_35,1,0.9869523604225398
calce_CS2_35,1,0.9507881202653732
calce_CS2_35,1,0.9508892129138438
calce_CS2_35,1,0.9510945685140203
calce_CS2_35,1,0.9517733493271822
calce_CS2_35,1,0.9520035564638778
calce_CS2_35,1,0.9532404926680073
calce_CS2_35,1,0.9545937094697354
calce_CS2_35,1,0.9535851034192272
calce_CS2_35,1,0.9516470789246742
calce_CS2_35,1,0.9516232955636201
calce_CS2_35,1,0.9564832348336303
calce_CS2_35,1,0.9576072635875083
calce_CS2_35,1,0.9577586853356931
calce_CS2_35,1,0.9586068439842552
calce_CS2_35,1,0.9592979349277592
calce_CS2_35,1,0.9567108623294882
calce_CS2_35,1,0.9558957626336309
calce_CS2_35,1,0.9556435704373195
calce_CS2_35,1,0.960608526262315
calce_CS2_35,1,0.9613455676020388
calce_CS2_35,1,0.9614588843898296
calce_CS2_35,1,0.9621964762681112
calce_CS2_35,1,0.9619769309385452
calce_CS2_35,1,0.9591842617325759
calce_CS2_35,1,0.9589138009112801
calce_CS2_35,1,0.9605028065296309
calce_CS2_35,1,0.9633400797877973
calce_CS2_35,1,0.9644684671663433
calce_CS2_35,1,0.9634136781140952
calce_CS2_35,1,0.9647774305964807
calce_CS2_35,1,0.9657082958203137
calce_CS2_35,1,0.9619104712845914
calce_CS2_35,1,0.9614102789527971
calce_CS2_35,1,0.9645172643025208
calce_CS2_35,1,0.966359588676875
calce_CS2_35,1,0.9655032324405357
calce_CS2_35,1,0.9655862035929517
calce_CS2_35,1,0.9661383163040942
calce_CS2_35,1,0.9655027133963529
calce_CS2_35,1,0.9637926677550741
calce_CS2_35,1,0.9636703248621418
calce_CS2_35,1,0.9635264297570487
calce_CS2_35,1,0.9634900521314572
calce_CS2_35,1,0.9908936340820228
calce_CS2_35,1,0.963595798029821
calce_CS2_35,1,0.9633349434209459
calce_CS2_35,1,0.9632212315685832
calce_CS2_35,1,0.9631912597318877
calce_CS2_35,1,0.9632041889379123
calce_CS2_35,1,0.9631510255659658
calce_CS2_35,1,0.9630511416675636
calce_CS2_35,1,0.9632944475477555
calce_CS2_35,1,0.9633088409412394
calce_CS2_35,1,0.9633067981494264
calce_CS2_35,1,0.9632727580968798
calce_CS2_35,1,0.9679473015314105
calce_CS2_35,1,0.9693158439425315
calce_CS2_35,1,0.9688805910161759
calce_CS2_35,1,0.9668402008390525
calce_CS2_35,1,0.9665983145496554
calce_CS2_35,1,0.9695010804080912
calce_CS2_35,1,0.9702041144592135
calce_CS2_35,1,0.9704102461016075
calce_CS2_35,1,0.9700988715543569
calce_CS2_35,1,0.9703506575154458
calce_CS2_35,1,0.9691875939851163
calce_CS2_35,1,0.9683273935972311
calce_CS2_35,1,0.9682350406693354
calce_CS2_35,1,0.9712956193452378
calce_CS2_35,1,0.9721406366069265
calce_CS2_35,1,0.9717603931966649
calce_CS2_35,1,0.9718806794995671
calce_CS2_35,1,0.9723080439298505
calce_CS2_35,1,0.9709418064988797
calce_CS2_35,1,0.9705889665491466
calce_CS2_35,1,0.9705454700195348
calce_CS2_35,1,0.9736389701286742
calce_CS2_35,1,0.9744102364996315
calce_CS2_35,1,0.974391866719594
calce_CS2_35,1,0.9748611189475805
calce_CS2_35,1,0.9752918843912793
calce_CS2_35,1,0.9725098649093432
calce_CS2_35,1,0.9717874582661965
calce_CS2_35,1,0.9715384578758159
calce_CS2_35,1,0.9938703718015514
calce_CS2_35,1,0.9748946397875481
calce_CS2_35,1,0.9744432846089586
calce_CS2_35,1,0.974051400245198
calce_CS2_35,1,0.9741354061703715
calce_CS2_35,1,0.9728257587477149
calce_CS2_35,1,0.9716498756960459
calce_CS2_35,1,0.9713024745260513
calce_CS2_35,1,0.9711783224201997
calce_CS2_35,1,0.9711743057505643
calce_CS2_35,1,0.9710997657047482
calce_CS2_35,1,0.9710746544141124
calce_CS2_35,1,0.9711486868741966
calce_CS2_35,1,0.971195127630427
calce_CS2_35,1,0.9712382052521508
calce_CS2_35,1,0.9712818430513285
calce_CS2_35,1,0.9713712371218012
calce_CS2_35,1,0.9714929842026372
calce_CS2_35,1,0.971637444058153
calce_CS2_35,1,0.992428824798611
calce_CS2_35,1,0.9718663106611405
calce_CS2_35,1,0.9714989710128609
calce_CS2_35,1,0.9728484294528278
calce_CS2_35,1,0.9735066290179603
calce_CS2_35,1,0.9714361521093647
calce_CS2_35,1,0.9714568733189979
calce_CS2_35,1,0.9739262085287651
calce_CS2_35,1,0.9758003174145016
calce_CS2_35,1,0.9758378452551062
calce_CS2_35,1,0.9757744367809471
calce_CS2_35,1,0.9763254601212853
calce_CS2_35,1,0.9765062194410521
calce_CS2_35,1,0.9732957582749933
calce_CS2_35,1,0.9731038318967794
calce_CS2_35,1,0.9746962797689804
calce_CS2_35,1,0.9766180598782257
calce_CS2_35,1,0.9769873704450173
calce_CS2_35,1,0.9765769998113898
calce_CS2_35,1,0.9770632066504238
calce_CS2_35,1,0.9772648977853651
calce_CS2_35,1,0.9748649936497753
calce_CS2_35,1,0.9744208453309581
calce_CS2_35,1,0.9749252916414178
calce_CS2_35,1,0.9783665600623377
calce_CS2_35,1,0.9792498795970811
calce_CS2_35,1,0.9714279141354819
calce_CS2_35,1,0.9753211648864065
calce_CS2_35,1,0.9811272251755281
calce_CS2_35,1,0.9836732026127698
calce_CS2_35,1,0.9816388322750379
calce_CS2_35,1,0.9815020700641441
calce_CS2_35,1,0.981883069127277
calce_CS2_35,1,0.9859590101250092
calce_CS2_35,1,0.9969708083638221
calce_CS2_35,1,0.9878577352443321
calce_CS2_35,1,0.9884587099393044
calce_CS2_35,1,0.9888633762824373
calce_CS2_35,1,0.9892572168944205
calce_CS2_35,1,0.9876435561579469
calce_CS2_35,1,0.9872106704529957
calce_CS2_35,1,0.9881118173662723
calce_CS2_35,1,0.9900622650251895
calce_CS2_35,1,0.9903553942164792
calce_CS2_35,1,0.9907682029493113
calce_CS2_35,1,0.9910066903506156
calce_CS2_35,1,0.9919534935891373
calce_CS2_35,1,0.9907377513441222
calce_CS2_35,1,0.9900565699515216
calce_CS2_35,1,0.9896933024384185
calce_CS2_35,1,0.9916501485447651
calce_CS2_35,1,0.9924936207732185
calce_CS2_35,1,0.9924478629469563
calce_CS2_35,1,0.9926732340314086
calce_CS2_35,1,0.9928625506195251
calce_CS2_35,1,0.9930538265563484
calce_CS2_35,1,0.9934429652494409
calce_CS2_35,1,0.9935877117278595
calce_CS2_35,1,0.9935003611311479
calce_CS2_35,1,0.9938095604625714
calce_CS2_35,1,0.9938671326056793
calce_CS2_35,1,0.9934678817292546
calce_CS2_35,1,0.9928310527096923
calce_CS2_35,1,0.992578291130107
calce_CS2_35,1,0.9929826087539186
calce_CS2_35,1,0.992778184691561
calce_CS2_35,1,0.9929792987365031
calce_CS2_35,1,0.9926652811335229
calce_CS2_35,1,0.9925728560939131
calce_CS2_35,1,0.9927860374693841
calce_CS2_35,1,0.9924865100104939
calce_CS2_35,1,0.9927191095056045
calce_CS2_35,1,0.9927589236436639
calce_CS2_35,1,0.9928419596644817
calce_CS2_35,1,0.9929415298973638
calce_CS2_35,1,0.9930841876229746
calce_CS2_35,1,0.9901115408786064
calce_CS2_35,1,0.9910398689085679
calce_CS2_35,1,0.9978485108228018
calce_CS2_35,1,0.9922745680574666
calce_CS2_35,1,0.9925482458953816
calce_CS2_35,1,0.992787881029164
calce_CS2_35,1,0.9929363106294627
calce_CS2_35,1,0.9930448149208568
calce_CS2_35,1,0.9982107496413125
calce_CS2_35,1,0.9931112854035216
calce_CS2_35,1,0.993217334931791
calce_CS2_35,1,0.9935902479362079
calce_CS2_35,1,0.9938541220867838
calce_CS2_35,1,0.994037117269007
calce_CS2_35,1,0.9941644722020092
calce_CS2_35,1,0.9942590540889863
calce_CS2_35,1,0.9986339744100036
calce_CS2_35,1,0.994487457379109
calce_CS2_35,1,0.9941319818468125
calce_CS2_35,1,0.9937504884984875
calce_CS2_35,1,0.9945680917279635
calce_CS2_35,1,0.9948242016384007
calce_CS2_35,1,0.9950254829801531
calce_CS2_35,1,0.9951671566574848
calce_CS2_35,1,0.9952939568014535
calce_CS2_35,1,0.9954097758407927
calce_CS2_35,1,0.9990030722607185
calce_CS2_35,1,0.9955793009396992
calce_CS2_35,1,0.9955227866525778
calce_CS2_35,1,0.9954678136262043
calce_CS2_35,1,0.9955895781188863
calce_CS2_35,1,0.995798839812196
calce_CS2_35,1,0.9959196373653719
calce_CS2_35,1,0.9962229305108441
calce_CS2_35,1,0.9963591686163155
calce_CS2_35,1,0.9964570338683262
calce_CS2_35,1,0.9964784242140226
calce_CS2_35,1,0.9964271551058885
calce_CS2_35,1,0.9992382320641511
calce_CS2_35,1,0.9965038088874627
calce_CS2_35,1,0.9965798203186222
calce_CS2_35,1,0.9967011138419488
calce_CS2_35,1,0.9967534809450622
calce_CS2_35,1,0.9968214609678362
calce_CS2_35,1,0.9968626890441734
calce_CS2_35,1,0.9969035076140454
calce_CS2_35,1,0.9969518228564984
calce_CS2_35,1,0.9969059819613622
calce_CS2_35,1,0.9969038426486113
calce_CS2_35,1,0.9968780690556865
calce_CS2_35,1,0.9956047653907429
calce_CS2_35,1,0.9961861828418954
calce_CS2_35,1,0.9965421653285356
calce_CS2_35,1,0.9967486355110008
calce_CS2_35,1,0.9969075277245844
calce_CS2_35,1,0.9969969575564709
calce_CS2_35,1,0.9971118985189158
calce_CS2_35,1,0.9971386204857758
calce_CS2_35,1,0.9971151312958194
calce_CS2_35,1,0.9970777842634813
calce_CS2_35,1,0.9973033539091141
calce_CS2_35,1,0.9974730696889471
calce_CS2_35,1,0.9976163921356279
calce_CS2_35,1,0.9977563851077129
calce_CS2_35,1,0.9978564213333668
calce_CS2_35,1,0.9979133163251471
calce_CS2_35,1,0.9979680295015063
calce_CS2_35,1,0.9979529989153836
calce_CS2_35,1,0.9979129580453822
calce_CS2_35,1,0.9979286321471623
calce_CS2_35,1,0.9978838041153852
calce_CS2_35,1,0.9980790810904672
calce_CS2_35,1,0.9981893403378606
calce_CS2_35,1,0.9982262849089755
calce_CS2_35,1,0.9982721189394982
calce_CS2_35,1,0.998306325075369
calce_CS2_35,1,0.9983351390755866
calce_CS2_35,1,0.9982979004262673
calce_CS2_35,1,0.998266845759789
calce_CS2_35,1,0.9983113027090422
calce_CS2_35,1,0.9983711089680123
calce_CS2_35,1,0.9984977441545175
calce_CS2_35,1,0.998534801427984
calce_CS2_35,1,0.9986032246647845
calce_CS2_35,1,0.998634360893037
calce_CS2_35,1,0.998666704655789
calce_CS2_35,1,0.99869496988857
calce_CS2_35,1,0.9987273862385463
calce_CS2_35,1,0.9987561155852306
calce_CS2_35,1,0.9987851677461685
calce_CS2_35,1,0.9997854866861553
calce_CS2_35,1,0.9985137883770016
calce_CS2_35,1,0.9984140649513586
calce_CS2_35,1,0.9983807234330171
calce_CS2_35,1,0.9983619281669004
calce_CS2_35,1,0.9983669544650988
calce_CS2_35,1,0.9983682903769353
calce_CS2_35,1,0.9983768233649039
calce_CS2_35,1,0.998386192933726
calce_CS2_35,1,0.998401562092368
calce_CS2_35,1,0.9984803571633907
calce_CS2_35,1,0.9986854599427155
calce_CS2_35,1,0.9988126233024672
calce_CS2_35,1,0.9988988610825198
calce_CS2_35,1,0.998962332221208
calce_CS2_35,1,0.9990153761622097
calce_CS2_35,1,0.9990650488089639
calce_CS2_35,1,0.999086761522356
calce_CS2_35,1,0.9991209888400594
calce_CS2_35,1,0.9991007763302762
calce_CS2_35,1,0.9991222593177359
calce_CS2_35,1,0.9991770843142777
calce_CS2_35,1,0.9991557103592614
calce_CS2_35,1,0.999164275439406
calce_CS2_35,1,0.9992711813398955
calce_CS2_35,1,0.9992969332083056
calce_CS2_35,1,0.9992969184130379
calce_CS2_35,1,0.9992554268804948
calce_CS2_35,1,0.9992422098290861
calce_CS2_35,1,0.9992448277407684
calce_CS2_35,1,0.9992422955607937
calce_CS2_35,1,0.9991922942635452
calce_CS2_35,1,0.9992231475250054
calce_CS2_35,1,0.9992644549470422
calce_CS2_35,1,0.9993027468554087
calce_CS2_35,1,0.9993201618012109
calce_CS2_35,1,0.9993430875377518
calce_CS2_35,1,0.9993909887064124
calce_CS2_35,1,0.9994507861566687
calce_CS2_35,1,0.9994731437752139
calce_CS2_35,1,0.9994726251135484
calce_CS2_35,1,0.9994861721350747
calce_CS2_35,1,0.9995132572677798
calce_CS2_35,1,0.9995205733464476
calce_CS2_35,1,0.9995439385668974
calce_CS2_35,1,0.9995582547224293
calce_CS2_35,1,0.9995093638418784
calce_CS2_35,1,0.9996267722858064
calce_CS2_35,1,0.9996654137164297
calce_CS2_35,1,0.9996803107361545
calce_CS2_35,1,0.9997351620752863
calce_CS2_35,1,0.9997624513748588
calce_CS2_35,1,0.9997812822780417
calce_CS2_35,1,0.9997957041203304
calce_CS2_35,1,0.9998073530581824
calce_CS2_35,1,0.9998181193120398
calce_CS2_35,1,0.999834843972716
calce_CS2_35,1,0.9998365000984674
calce_CS2_35,1,0.9998362293988063
calce_CS2_35,1,0.9998275533088129
calce_CS2_35,1,0.9998294375928723
calce_CS2_35,1,0.999835537435554
calce_CS2_35,1,0.9998404445225217
calce_CS2_35,1,0.9998536106108032
calce_CS2_35,1,0.9998649196862278
calce_CS2_35,1,0.9998728231387221
calce_CS2_35,1,0.9999591130579423
calce_CS2_35,1,0.9998797435003933
calce_CS2_35,1,0.9998840668915293
calce_CS2_35,1,0.999889573073803
calce_CS2_35,1,0.9999627045879461
calce_CS2_35,1,0.9999673984841894
calce_CS2_35,1,0.9998977748254336
calce_CS2_35,1,0.9999007480835386
calce_CS2_35,1,0.9998966896620116
calce_CS2_35,1,0.9998939055793811
calce_CS2_35,1,0.9999636925506251
calce_CS2_35,1,0.9998882182324229
calce_CS2_35,1,0.9998883071732222
calce_CS2_35,1,0.9998924330762469
calce_CS2_35,1,0.9999039908625039
calce_CS2_35,1,0.9999152942780638
calce_CS2_35,1,0.9999182804250282
calce_CS2_35,1,0.9999215197569633
calce_CS2_35,1,0.9999242615359459
calce_CS2_35,1,0.9999262747118085
calce_CS2_35,1,0.9999284077941188
calce_CS2_35,1,0.9999309537202435
calce_CS2_35,1,0.9999332081580024
calce_CS2_35,1,0.9999322872203924
calce_CS2_35,1,0.9999311334646379
calce_CS2_35,1,0.9999307131060228
calce_CS2_35,1,0.9999329968020066
calce_CS2_35,1,0.9999366326964421
calce_CS2_35,1,0.9999356444463307
calce_CS2_35,1,0.9999398416726917
calce_CS2_35,1,0.9995093638418784
calce_CS2_35,1,0.9996267722858064
calce_CS2_35,1,0.9996654137164297
calce_CS2_35,1,0.9996803107361545
calce_CS2_35,1,0.9997351620752863
calce_CS2_35,1,0.9997624513748588
calce_CS2_35,1,0.9997812822780417
calce_CS2_35,1,0.9997957041203304
calce_CS2_35,1,0.9998073530581824
calce_CS2_35,1,0.9998181193120398
calce_CS2_35,1,0.999834843972716
calce_CS2_35,1,0.9998365000984674
calce_CS2_35,1,0.9998362293988063
calce_CS2_35,1,0.9998275533088129
calce_CS2_35,1,0.9998294375928723
calce_CS2_35,1,0.999835537435554
calce_CS2_35,1,0.9998404445225217
calce_CS2_35,1,0.9998536106108032
calce_CS2_35,1,0.9998649196862278
calce_CS2_35,1,0.9998728231387221
calce_CS2_35,1,0.9999591130579423
calce_CS2_35,1,0.9998797435003933
calce_CS2_35,1,0.9998840668915293
calce_CS2_35,1,0.999889573073803
calce_CS2_35,1,0.9999627045879461
calce_CS2_35,1,0.9999673984841894
calce_CS2_35,1,0.9998977748254336
calce_CS2_35,1,0.9999007480835386
calce_CS2_35,1,0.9998966896620116
calce_CS2_35,1,0.9998939055793811
calce_CS2_35,1,0.9999636925506251
calce_CS2_35,1,0.9998882182324229
calce_CS2_35,1,0.9998883071732222
calce_CS2_35,1,0.9998924330762469
calce_CS2_35,1,0.9999039908625039
calce_CS2_35,1,0.9999152942780638
calce_CS2_35,1,0.9999182804250282
calce_CS2_35,1,0.9999215197569633
calce_CS2_35,1,0.9999242615359459
calce_CS2_35,1,0.9999262747118085
calce_CS2_35,1,0.9999284077941188
calce_CS2_35,1,0.9999309537202435
calce_CS2_35,1,0.9999332081580024
calce_CS2_35,1,0.9999322872203924
calce_CS2_35,1,0.9999311334646379
calce_CS2_35,1,0.9999307131060228
calce_CS2_35,1,0.9999329968020066
calce_CS2_35,1,0.9999366326964421
calce_CS2_35,1,0.9999356444463307
calce_CS2_35,1,0.9999398416726917
calce_CS2_35,1,0.6925908700314168
calce_CS2_35,1,0.6942515310461483
calce_CS2_35,1,0.6948101851733485
calce_CS2_35,1,0.6956886374813661
calce_CS2_35,1,0.7085028122249227
calce_CS2_35,1,0.712853492448472
calce_CS2_35,1,0.7260823861376576
calce_CS2_35,1,0.7511656988465488
calce_CS2_35,1,0.7609580868424182
calce_CS2_35,1,0.7675519713982927
calce_CS2_35,1,0.7759787810397232
calce_CS2_35,1,0.7643620115890836
calce_CS2_35,1,0.7614612556662438
calce_CS2_35,1,0.7618401181267295
calce_CS2_35,1,0.7626694230965866
calce_CS2_35,1,0.7637586673674873
calce_CS2_35,1,0.7646587581304523
calce_CS2_35,1,0.7656320459574847
calce_CS2_35,1,0.76704543162041
calce_CS2_35,1,0.7689097892183702
calce_CS2_35,1,0.7702620783510097
calce_CS2_35,1,0.7717450100257349
calce_CS2_35,1,0.773012652117475
calce_CS2_35,1,0.7741443497845852
calce_CS2_35,1,0.7753411834309045
calce_CS2_35,1,0.7768604216594441
calce_CS2_35,1,0.7782986672441639
calce_CS2_35,1,0.7975338025377204
calce_CS2_35,1,0.810194950715368
calce_CS2_35,1,0.8161661242432028
calce_CS2_35,1,0.8204789515353342
calce_CS2_35,1,0.8251736213514657
calce_CS2_35,1,0.8088700832324321
calce_CS2_35,1,0.8049041618409052
calce_CS2_35,1,0.8180291079544687
calce_CS2_35,1,0.8300473023159414
calce_CS2_35,1,0.8336788276232255
calce_CS2_35,1,0.8356769898509184
calce_CS2_35,1,0.8391637577033861
calce_CS2_35,1,0.8238172743002115
calce_CS2_35,1,0.820105351016934
calce_CS2_35,1,0.8282477167464852
calce_CS2_35,1,0.8424152322248041
calce_CS2_35,1,0.8438839271710001
calce_CS2_35,1,0.845131268547375
calce_CS2_35,1,0.8474521159522468
calce_CS2_35,1,0.8384278141810867
calce_CS2_35,1,0.8324250550362601
calce_CS2_35,1,0.8305444006893752
calce_CS2_35,1,0.8489287068688298
calce_CS2_35,1,0.8503476483606859
calce_CS2_35,1,0.8519537212708703
calce_CS2_35,1,0.8545870904089018
calce_CS2_35,1,0.8478214079351316
calce_CS2_35,1,0.8487208367969187
calce_CS2_35,1,0.838568340971611
calce_CS2_35,1,0.8370461743141827
calce_CS2_35,1,0.8564926999519085
calce_CS2_35,1,0.8571948494880504
calce_CS2_35,1,0.8560832437840693
calce_CS2_35,1,0.8593200779329536
calce_CS2_35,1,0.861679425490064
calce_CS2_35,1,0.8498691798240281
calce_CS2_35,1,0.8492289820482338
calce_CS2_35,1,0.8633074356686855
calce_CS2_35,1,0.8684732501035558
calce_CS2_35,1,0.8715307723384029
calce_CS2_35,1,0.8732573445556098
calce_CS2_35,1,0.8775800593295391
calce_CS2_35,1,0.8647812535740402
calce_CS2_35,1,0.863598880164607
calce_CS2_35,1,0.8764844496055194
calce_CS2_35,1,0.8842272063621365
calce_CS2_35,1,0.8831805497200402
calce_CS2_35,1,0.9655313296516363
calce_CS2_35,1,0.8879563543782767
calce_CS2_35,1,0.8818243820632238
calce_CS2_35,1,0.8764710757210427
calce_CS2_35,1,0.8761143781310354
calce_CS2_35,1,0.8763268635379655
calce_CS2_35,1,0.8766891573123979
calce_CS2_35,1,0.8771008222782356
calce_CS2_35,1,0.876825581414526
calce_CS2_35,1,0.8770653593569318
calce_CS2_35,1,0.8775929277117926
calce_CS2_35,1,0.878383723474964
calce_CS2_35,1,0.8789844182645196
calce_CS2_35,1,0.8794886495872166
calce_CS2_35,1,0.879737857322532
calce_CS2_35,1,0.879861620355525
calce_CS2_35,1,0.879895638478896
calce_CS2_35,1,0.8791142531937634
calce_CS2_35,1,0.8784345806486197
calce_CS2_35,1,0.9587101043995772
calce_CS2_35,1,0.8987815307670699
calce_CS2_35,1,0.8974289729254418
calce_CS2_35,1,0.9002518598206799
calce_CS2_35,1,0.9011645205500854
calce_CS2_35,1,0.9039444482968864
calce_CS2_35,1,0.892562159431355
calce_CS2_35,1,0.8915920499496786
calce_CS2_35,1,0.9057194737168422
calce_CS2_35,1,0.9079122890283299
calce_CS2_35,1,0.9026961422266905
calce_CS2_35,1,0.968052534080684
calce_CS2_35,1,0.8927089122616809
calce_CS2_35,1,0.892314140550637
calce_CS2_35,1,0.906457856273234
calce_CS2_35,1,0.9049697978666467
calce_CS2_35,1,0.9044703870950218
calce_CS2_35,1,0.9051920954900256
calce_CS2_35,1,0.9037865693532808
calce_CS2_35,1,0.8961674439450543
calce_CS2_35,1,0.8942216903916398
calce_CS2_35,1,0.9059832120930655
calce_CS2_35,1,0.9071798857890299
calce_CS2_35,1,0.9722332080408339
calce_CS2_35,1,0.9089012572453486
calce_CS2_35,1,0.9071930572860253
calce_CS2_35,1,0.9000414324431228
calce_CS2_35,1,0.8962523444721897
calce_CS2_35,1,0.895494868792278
calce_CS2_35,1,0.9092120434669242
calce_CS2_35,1,0.9065024362785989
calce_CS2_35,1,0.9025420282126616
calce_CS2_35,1,0.9658084895481374
calce_CS2_35,1,0.8952336616618882
calce_CS2_35,1,0.8947228082781673
calce_CS2_35,1,0.8943812434552327
calce_CS2_35,1,0.8940178799701363
calce_CS2_35,1,0.8936380050357108
calce_CS2_35,1,0.8933267829195338
calce_CS2_35,1,0.8921107516257256
calce_CS2_35,1,0.8917808787303584
calce_CS2_35,1,0.891577734539455
calce_CS2_35,1,0.8914961676474517
calce_CS2_35,1,0.8909970241469849
calce_CS2_35,1,0.8908292879301198
calce_CS2_35,1,0.8907600841941596
calce_CS2_35,1,0.8906665433009562
calce_CS2_35,1,0.8905378973412974
calce_CS2_35,1,0.8905780477657563
calce_CS2_35,1,0.8905591692947753
calce_CS2_35,1,0.8906051680079055
calce_CS2_35,1,0.9006478774424488
calce_CS2_35,1,0.9034649174777115
calce_CS2_35,1,0.9041140715310125
calce_CS2_35,1,0.9071571129914636
calce_CS2_35,1,0.9091924984693066
calce_CS2_35,1,0.9007316604348123
calce_CS2_35,1,0.8978819393727547
calce_CS2_35,1,0.8989428923229431
calce_CS2_35,1,0.9095808263010202
calce_CS2_35,1,0.777456886518924
calce_CS2_35,1,0.7842810866105405
calce_CS2_35,1,0.7773591539412914
calce_CS2_35,1,0.7780543340986257
calce_CS2_35,1,0.7952041732234174
calce_CS2_35,1,0.930826682353221
calce_CS2_35,1,0.8045319285550295
calce_CS2_35,1,0.8090914739158435
calce_CS2_35,1,0.8228112799273772
calce_CS2_35,1,0.8195215222924401
calce_CS2_35,1,0.8232436208755888
calce_CS2_35,1,0.8354701336480401
calce_CS2_35,1,0.8387827987991944
calce_CS2_35,1,0.8417068409503289
calce_CS2_35,1,0.8437643017268804
calce_CS2_35,1,0.8500458193007675
calce_CS2_35,1,0.8470110151978598
calce_CS2_35,1,0.8480764808849818
calce_CS2_35,1,0.8555791475108283
calce_CS2_35,1,0.8586434835007569
calce_CS2_35,1,0.85988955503421
calce_CS2_35,1,0.8611970397366483
calce_CS2_35,1,0.8666911724068163
calce_CS2_35,1,0.8619612657263562
calce_CS2_35,1,0.8624691235512891
calce_CS2_35,1,0.8640785018231222
calce_CS2_35,1,0.8660517761368184
calce_CS2_35,1,0.8674196768466778
calce_CS2_35,1,0.8675469197748727
calce_CS2_35,1,0.8688773689905187
calce_CS2_35,1,0.8712605395441279
calce_CS2_35,1,0.8727921706615274
calce_CS2_35,1,0.8738957863043714
calce_CS2_35,1,0.8755243455982326
calce_CS2_35,1,0.876428121261795
calce_CS2_35,1,0.8774461161781907
calce_CS2_35,1,0.8771958033361241
calce_CS2_35,1,0.8792213557595772
calce_CS2_35,1,0.8804835547696418
calce_CS2_35,1,0.8811703126991847
calce_CS2_35,1,0.8914666730467149
calce_CS2_35,1,0.8950773726259923
calce_CS2_35,1,0.8961450806530258
calce_CS2_35,1,0.8978193125029853
calce_CS2_35,1,0.8784635489780463
calce_CS2_35,1,0.8798355170611057
calce_CS2_35,1,0.8825879800461837
calce_CS2_35,1,0.8727630450201068
calce_CS2_35,1,0.872413517012371
calce_CS2_35,1,0.8839612434764452
calce_CS2_35,1,0.9599791849280292
calce_CS2_33,0,0.7827228055316254
calce_CS2_33,0,0.7795761698658499
calce_CS2_33,0,0.9121160108974035
calce_CS2_33,1,0.787000190271782
calce_CS2_33,1,0.7892350232038454
calce_CS2_33,1,0.7903229197773044
calce_CS2_33,1,0.7934581339552139
calce_CS2_33,1,0.7878381822553315
calce_CS2_33,1,0.7900183800454401
calce_CS2_33,1,0.7976623129710564
calce_CS2_33,1,0.7980838160552144
calce_CS2_33,1,0.8005563138277596
calce_CS2_33,1,0.796265947329174
calce_CS2_33,1,0.7943368559582631
calce_CS2_33,1,0.802044829404017
calce_CS2_33,1,0.8025075737130899
calce_CS2_33,1,0.8024580682283787
calce_CS2_33,1,0.8019644650374934
calce_CS2_33,1,0.7972296576900644
calce_CS2_33,1,0.8012894504686161
calce_CS2_33,1,0.8067034888004996
calce_CS2_33,1,0.8075399136959431
calce_CS2_33,1,0.9999582166362565
calce_CS2_33,1,0.8176223564730218
calce_CS2_33,1,0.8158747346607432
calce_CS2_33,1,0.8094717151038829
calce_CS2_33,1,0.8123933685916701
calce_CS2_33,1,0.8181383651243928
calce_CS2_33,1,0.9402953074902498
calce_CS2_33,1,0.9999483574373277
calce_CS2_33,1,0.822614411059876
calce_CS2_33,1,0.8223981551883429
calce_CS2_33,1,0.8195543930870094
calce_CS2_33,1,0.8133897674047548
calce_CS2_33,1,0.8163648929298548
calce_CS2_33,1,0.8224201032387705
calce_CS2_33,1,0.8226723206133983
calce_CS2_33,1,0.8235858277319583
calce_CS2_33,1,0.8190726735511645
calce_CS2_33,1,0.8169932280455917
calce_CS2_33,1,0.8253816191041375
calce_CS2_33,1,0.8252992149887378
calce_CS2_33,1,0.8256586020908447
calce_CS2_33,1,0.8252810800117872
calce_CS2_33,1,0.8206215705125816
calce_CS2_33,1,0.8195561630795997
calce_CS2_33,1,0.8192456651624422
calce_CS2_33,1,0.8184908385961082
calce_CS2_33,1,0.8178520723120762
calce_CS2_33,1,0.8177255799022537
calce_CS2_33,1,0.8174581612471817
calce_CS2_33,1,0.8179779446581119
calce_CS2_33,1,0.8171231757057119
calce_CS2_33,1,0.8176586705609187
calce_CS2_33,1,0.8168726775216753
calce_CS2_33,1,0.8166452637738489
calce_CS2_33,1,0.8216695631715977
calce_CS2_33,1,0.8285604809643331
calce_CS2_33,1,0.8286347235985368
calce_CS2_33,1,0.830582558705261
calce_CS2_33,1,0.8247876751725426
calce_CS2_33,1,0.8230877730130889
calce_CS2_33,1,0.8312886525687673
calce_CS2_33,1,0.832435615893089
calce_CS2_33,1,0.8329069308276209
calce_CS2_33,1,0.833373781723193
calce_CS2_33,1,0.8284329035437392
calce_CS2_33,1,0.8315574515120494
calce_CS2_33,1,0.837161696158937
calce_CS2_33,1,0.8379875314663185
calce_CS2_33,1,0.8391159954869144
calce_CS2_33,1,0.8339374415770096
calce_CS2_33,1,0.8318701264811562
calce_CS2_33,1,0.8394684648949033
calce_CS2_33,1,0.8399485557585595
calce_CS2_33,1,0.840564411262974
calce_CS2_33,1,0.8403775673275675
calce_CS2_33,1,0.8358291493974402
calce_CS2_33,1,0.8381969783021861
calce_CS2_33,1,0.8439215080109392
calce_CS2_33,1,0.83127772682275
calce_CS2_33,1,0.8276753453307959
calce_CS2_33,1,0.8277926662020346
calce_CS2_33,1,0.8282022269231303
calce_CS2_33,1,0.8275588089579683
calce_CS2_33,1,0.8281536154146248
calce_CS2_33,1,0.8285396948365156
calce_CS2_33,1,0.8292173057139006
calce_CS2_33,1,0.8295804980158377
calce_CS2_33,1,0.939901241120253
calce_CS2_33,1,0.8298441663801305
calce_CS2_33,1,0.8300459922181959
calce_CS2_33,1,0.8301210433399665
calce_CS2_33,1,0.8339001378349439
calce_CS2_33,1,0.8417367918463952
calce_CS2_33,1,0.8430626860012312
calce_CS2_33,1,0.8448274708368427
calce_CS2_33,1,0.8408583144745585
calce_CS2_33,1,0.8379990160182705
calce_CS2_33,1,0.8453627531496476
calce_CS2_33,1,0.8469993631653051
calce_CS2_33,1,0.8482295844078779
calce_CS2_33,1,0.9523989728127843
calce_CS2_33,1,0.843432924931314
calce_CS2_33,1,0.8416380445814374
calce_CS2_33,1,0.9522877121277898
calce_CS2_33,1,0.850586779488038
calce_CS2_33,1,0.8520083903649643
calce_CS2_33,1,0.852936403399327
calce_CS2_33,1,0.8467250146598275
calce_CS2_33,1,0.8475467912222985
calce_CS2_33,1,0.8546163689550214
calce_CS2_33,1,0.8539700314812848
calce_CS2_33,1,0.8553092016508281
calce_CS2_33,1,0.8544210234119669
calce_CS2_33,1,0.8501956557745575
calce_CS2_33,1,0.8557055776969098
calce_CS2_33,1,0.8579323526061216
calce_CS2_33,1,0.8588467155378592
calce_CS2_33,1,0.8601664250954602
calce_CS2_33,1,0.8547157020446147
calce_CS2_33,1,0.8535739315103021
calce_CS2_33,1,0.8530143788107832
calce_CS2_33,1,0.8526681464401653
calce_CS2_33,1,0.8510832688730499
calce_CS2_33,1,0.8508682637160853
calce_CS2_33,1,0.850570888115011
calce_CS2_33,1,0.8505217809502252
calce_CS2_33,1,0.8502481792149854
calce_CS2_33,1,0.8502404007618447
calce_CS2_33,1,0.8376984349971748
calce_CS2_33,1,0.8414700234198702
calce_CS2_33,1,0.8365175817609579
calce_CS2_33,1,0.8356236477147547
calce_CS2_33,1,0.8453733654712299
calce_CS2_33,1,0.8460653228822341
calce_CS2_33,1,0.848007879981092
calce_CS2_33,1,0.8479265629726224
calce_CS2_33,1,0.8431051519821066
calce_CS2_33,1,0.846423472661129
calce_CS2_33,1,0.8528338276413504
calce_CS2_33,1,0.8542146977815558
calce_CS2_33,1,0.8568397427525045
calce_CS2_33,1,0.8548819195369249
calce_CS2_33,1,0.8605612013539771
calce_CS2_33,1,0.8621484671637931
calce_CS2_33,1,0.8616727387315695
calce_CS2_33,1,0.8634667846370397
calce_CS2_33,1,0.865018584824655
calce_CS2_33,1,0.859247205182145
calce_CS2_33,1,0.8581419802199605
calce_CS2_33,1,0.857883542323991
calce_CS2_33,1,0.8578456622652956
calce_CS2_33,1,0.8576602735731107
calce_CS2_33,1,0.8552698551957258
calce_CS2_33,1,0.8537850408470838
calce_CS2_33,1,0.8530414161441008
calce_CS2_33,1,0.8587306717615542
calce_CS2_33,1,0.858521010004027
calce_CS2_33,1,0.8562049180509057
calce_CS2_33,1,0.8561803290208312
calce_CS2_33,1,0.854336716506463
calce_CS2_33,1,0.8552018347975703
calce_CS2_33,1,0.8601582263699721
calce_CS2_33,1,0.8596937309818575
calce_CS2_33,1,0.8595276539846141
calce_CS2_33,1,0.9537070407375727
calce_CS2_33,1,0.8582010439910731
calce_CS2_33,1,0.860618167177152
calce_CS2_33,1,0.8640878661014364
calce_CS2_33,1,0.864491349617097
calce_CS2_33,1,0.8654198020926893
calce_CS2_33,1,0.8647768248881226
calce_CS2_33,1,0.8629889927547956
calce_CS2_33,1,0.8669960067889357
calce_CS2_33,1,0.8678427778728002
calce_CS2_33,1,0.8677520803767976
calce_CS2_33,1,0.8691644100162512
calce_CS2_33,1,0.8658354867955343
calce_CS2_33,1,0.865287337790795
calce_CS2_33,1,0.8649988592809684
calce_CS2_33,1,0.8649934642789741
calce_CS2_33,1,0.8641905753621366
calce_CS2_33,1,0.8639380265432207
calce_CS2_33,1,0.8640658645349794
calce_CS2_33,1,0.8641563827651402
calce_CS2_33,1,0.8646177957864428
calce_CS2_33,1,0.8649566396931859
calce_CS2_33,1,0.8652342955269322
calce_CS2_33,1,0.8654759399163268
calce_CS2_33,1,0.8659278109564595
calce_CS2_33,1,0.8723479483271787
calce_CS2_33,1,0.8752046590786677
calce_CS2_33,1,0.8751375932982034
calce_CS2_33,1,0.9578313982354767
calce_CS2_33,1,0.8761064856551768
calce_CS2_33,1,0.8737657339004513
calce_CS2_33,1,0.8763634089415382
calce_CS2_33,1,0.8789952027796156
calce_CS2_33,1,0.8781984629541221
calce_CS2_33,1,0.9588913204856039
calce_CS2_33,1,0.8789595081564107
calce_CS2_33,1,0.876512460737425
calce_CS2_33,1,0.8793985328262983
calce_CS2_33,1,0.8664386288042498
calce_CS2_33,1,0.8645344964685876
calce_CS2_33,1,0.8665702903291137
calce_CS2_33,1,0.8746670174090768
calce_CS2_33,1,0.8755189195130914
calce_CS2_33,1,0.8765138306783241
calce_CS2_33,1,0.8772319633816824
calce_CS2_33,1,0.8750098232231297
calce_CS2_33,1,0.8788161902729263
calce_CS2_33,1,0.8830069404797409
calce_CS2_33,1,0.8829145419328825
calce_CS2_33,1,0.8836494356326992
calce_CS2_33,1,0.882402516450115
calce_CS2_33,1,0.8812078582428403
calce_CS2_33,1,0.8813694967243587
calce_CS2_33,1,0.8815530389200382
calce_CS2_33,1,0.8814851821694524
calce_CS2_33,1,0.881197922858113
calce_CS2_33,1,0.8821011433125282
calce_CS2_33,1,0.8825475388933679
calce_CS2_33,1,0.8832281955074636
calce_CS2_33,1,0.8838801851553909
calce_CS2_33,1,0.8841693682395992
calce_CS2_33,1,0.8845986217022165
calce_CS2_33,1,0.8849987139056117
calce_CS2_33,1,0.8858601173325615
calce_CS2_33,1,0.8929655738844033
calce_CS2_33,1,0.8935598821908575
calce_CS2_33,1,0.8946408218445205
calce_CS2_33,1,0.8956365775977974
calce_CS2_33,1,0.8924613129875549
calce_CS2_33,1,0.8945723963294601
calce_CS2_33,1,0.8995005748015993
calce_CS2_33,1,0.8994188800269128
calce_CS2_33,1,0.899595376272445
calce_CS2_33,1,0.899394718817539
calce_CS2_33,1,0.8968400918748901
calce_CS2_33,1,0.8987929872920128
calce_CS2_33,1,0.9021683351556923
calce_CS2_33,1,0.9019925518436321
calce_CS2_33,1,0.9033617733034907
calce_CS2_33,1,0.9022803464748544
calce_CS2_33,1,0.9004313710103745
calce_CS2_33,1,0.9033230034167903
calce_CS2_33,1,0.9067761417441632
calce_CS2_33,1,0.9061589765678759
calce_CS2_33,1,0.9127891534814279
calce_CS2_33,1,0.9741800075081142
calce_CS2_33,1,0.9077296092188321
calce_CS2_33,1,0.9110002917389844
calce_CS2_33,1,0.9730961552973666
calce_CS2_33,1,0.9100589732309284
calce_CS2_33,1,0.9046194728216502
calce_CS2_33,1,0.9042806236025767
calce_CS2_33,1,0.9045729737358537
calce_CS2_33,1,0.9051198418126705
calce_CS2_33,1,0.9042682375372775
calce_CS2_33,1,0.967123560023557
calce_CS2_33,1,0.9053992638761295
calce_CS2_33,1,0.906527843696009
calce_CS2_33,1,0.9071514322676806
calce_CS2_33,1,0.9079397664298122
calce_CS2_33,1,0.9082222515941873
calce_CS2_33,1,0.9087078307920615
calce_CS2_33,1,0.9686195755704017
calce_CS2_33,1,0.9094920923870881
calce_CS2_33,1,0.9186370805541662
calce_CS2_33,1,0.9220906870362044
calce_CS2_33,1,0.9238697162937004
calce_CS2_33,1,0.9255466250980652
calce_CS2_33,1,0.9212664385060061
calce_CS2_33,1,0.9195421804013777
calce_CS2_33,1,0.9260928344808914
calce_CS2_33,1,0.9281229641130393
calce_CS2_33,1,0.9289156569861635
calce_CS2_33,1,0.9311333304330603
calce_CS2_33,1,0.9270809391239768
calce_CS2_33,1,0.9253976443206122
calce_CS2_33,1,0.9314671658413508
calce_CS2_33,1,0.9335875309862285
calce_CS2_33,1,0.9976647111147249
calce_CS2_33,1,0.9187381230843041
calce_CS2_33,1,0.9226596775556327
calce_CS2_33,1,0.9228396919789799
calce_CS2_33,1,0.9191048854789742
calce_CS2_33,1,0.9223109144346697
calce_CS2_33,1,0.9283200793480457
calce_CS2_33,1,0.9293935303400181
calce_CS2_33,1,0.9312350494590608
calce_CS2_33,1,0.9314326244688138
calce_CS2_33,1,0.927785850518109
calce_CS2_33,1,0.9298794692585043
calce_CS2_33,1,0.9824419742054564
calce_CS2_33,1,0.9357631543297612
calce_CS2_33,1,0.9375180956705688
calce_CS2_33,1,0.9392762568483081
calce_CS2_33,1,0.934794951936419
calce_CS2_33,1,0.9337757939913591
calce_CS2_33,1,0.9394315713911254
calce_CS2_33,1,0.9384995555162917
calce_CS2_33,1,0.9391137726325142
calce_CS2_33,1,0.9401333507890043
calce_CS2_33,1,0.9372818868429738
calce_CS2_33,1,0.9368812548860592
calce_CS2_33,1,0.9405369726018868
calce_CS2_33,1,0.9410104163471598
calce_CS2_33,1,0.941449133941949
calce_CS2_33,1,0.9426852265859029
calce_CS2_33,1,0.9403184319479192
calce_CS2_33,1,0.9397384654866369
calce_CS2_33,1,0.9396703619352154
calce_CS2_33,1,0.9397498788506885
calce_CS2_33,1,0.9397223086023491
calce_CS2_33,1,0.9395414814114392
calce_CS2_33,1,0.9393254646060537
calce_CS2_33,1,0.9394393449229851
calce_CS2_33,1,0.9397125546314025
calce_CS2_33,1,0.9399920612017237
calce_CS2_33,1,0.9404691326162081
calce_CS2_33,1,0.9414861043669829
calce_CS2_33,1,0.9418147851127455
calce_CS2_33,1,0.9423547106293305
calce_CS2_33,1,0.9452263421253942
calce_CS2_33,1,0.9485789163357871
calce_CS2_33,1,0.9489227547731814
calce_CS2_33,1,0.9496614040335666
calce_CS2_33,1,0.9496233388669932
calce_CS2_33,1,0.947328234384447
calce_CS2_33,1,0.9488315488764802
calce_CS2_33,1,0.9515883084463093
calce_CS2_33,1,0.9518125801943718
calce_CS2_33,1,0.9374186657431878
calce_CS2_33,1,0.940866204837835
calce_CS2_33,1,0.9405277203989197
calce_CS2_33,1,0.9416059285667172
calce_CS2_33,1,0.9467832552464215
calce_CS2_33,1,0.9484200135494565
calce_CS2_33,1,0.9490343564661616
calce_CS2_33,1,0.9512012265299938
calce_CS2_33,1,0.9499195104424691
calce_CS2_33,1,0.9494340004123379
calce_CS2_33,1,0.9526916630303855
calce_CS2_33,1,0.9537139615612968
calce_CS2_33,1,0.9539995338025938
calce_CS2_33,1,0.9547240520075727
calce_CS2_33,1,0.9543744534523259
calce_CS2_33,1,0.9535250955728286
calce_CS2_33,1,0.953365665075689
calce_CS2_33,1,0.9535287025493472
calce_CS2_33,1,0.9534155892562686
calce_CS2_33,1,0.9535416715007105
calce_CS2_33,1,0.9536403530851121
calce_CS2_33,1,0.9536635721084192
calce_CS2_33,1,0.9538866543691105
calce_CS2_33,1,0.9538597868960342
calce_CS2_33,1,0.9539476449240039
calce_CS2_33,1,0.9541157775143334
calce_CS2_33,1,0.95416128531206
calce_CS2_33,1,0.9542131889994427
calce_CS2_33,1,0.9545456514033345
calce_CS2_33,1,0.9608423745475704
calce_CS2_33,1,0.9630220011891973
calce_CS2_33,1,0.96384377153258
calce_CS2_33,1,0.9648491077867667
calce_CS2_33,1,0.9630584632434108
calce_CS2_33,1,0.9619193362239197
calce_CS2_33,1,0.9638567631867955
calce_CS2_33,1,0.9646471262464144
calce_CS2_33,1,0.9645178532769886
calce_CS2_33,1,0.9909843620784253
calce_CS2_33,1,0.9652359622816599
calce_CS2_33,1,0.9635127638585015
calce_CS2_33,1,0.9630106192360091
calce_CS2_33,1,0.9653875027932658
calce_CS2_33,1,0.9655176365782695
calce_CS2_33,1,0.9653695906273484
calce_CS2_33,1,0.9657801590477907
calce_CS2_33,1,0.9649138680055597
calce_CS2_33,1,0.9646561495449241
calce_CS2_33,1,0.9666799151776284
calce_CS2_33,1,0.9675222166421397
calce_CS2_33,1,0.9654510649021265
calce_CS2_33,1,0.9664718837937945
calce_CS2_33,1,0.9650170739485991
calce_CS2_33,1,0.964788660213293
calce_CS2_33,1,0.966160946456705
calce_CS2_33,1,0.9666739673412924
calce_CS2_33,1,0.9663807328936177
calce_CS2_33,1,0.9665238983417734
calce_CS2_33,1,0.9911156516587554
calce_CS2_33,1,0.9657997650709387
calce_CS2_33,1,0.9653641620658969
calce_CS2_33,1,0.9652439934733178
calce_CS2_33,1,0.9652983799890356
calce_CS2_33,1,0.9651289191132486
calce_CS2_33,1,0.9651074851615512
calce_CS2_33,1,0.9651135462652393
calce_CS2_33,1,0.9650884540712057
calce_CS2_33,1,0.965173129651969
calce_CS2_33,1,0.9653376088453228
calce_CS2_33,1,0.9654289863751786
calce_CS2_33,1,0.9651205141121347
calce_CS2_33,1,0.9656815299013298
calce_CS2_33,1,0.9657866684164836
calce_CS2_33,1,0.9663194162007922
calce_CS2_33,1,0.9684166464317681
calce_CS2_33,1,0.9689478033007887
calce_CS2_33,1,0.9693659245210107
calce_CS2_33,1,0.9702612848021512
calce_CS2_33,1,0.9690566156749437
calce_CS2_33,1,0.9685582063231377
calce_CS2_33,1,0.9697811877515684
calce_CS2_33,1,0.970953675054274
calce_CS2_33,1,0.9712436594256654
calce_CS2_33,1,0.9713867714447635
calce_CS2_33,1,0.9710325181551395
calce_CS2_33,1,0.9696848171857118
calce_CS2_33,1,0.9700250926499621
calce_CS2_33,1,0.9716347818370835
calce_CS2_33,1,0.9720490300271826
calce_CS2_33,1,0.9726061168543361
calce_CS2_33,1,0.9729327655735183
calce_CS2_33,1,0.971275208174735
calce_CS2_33,1,0.9709503844805893
calce_CS2_33,1,0.9724022668478193
calce_CS2_33,1,0.9740687782460125
calce_CS2_33,1,0.9559756793278775
calce_CS2_33,1,0.9650317445686075
calce_CS2_33,1,0.9739525948586227
calce_CS2_33,1,0.9732153272050514
calce_CS2_33,1,0.973984354590043
calce_CS2_33,1,0.9785407970683102
calce_CS2_33,1,0.982308361077131
calce_CS2_33,1,0.9841194655993522
calce_CS2_33,1,0.9852672776847469
calce_CS2_33,1,0.9861300895329683
calce_CS2_33,1,0.9846402292880977
calce_CS2_33,1,0.9845946182592556
calce_CS2_33,1,0.9878661670316609
calce_CS2_33,1,0.98859856963187
calce_CS2_33,1,0.9891361484383149
calce_CS2_33,1,0.9896716073501257
calce_CS2_33,1,0.9896003620826155
calce_CS2_33,1,0.9885117490894152
calce_CS2_33,1,0.9882393241653651
calce_CS2_33,1,0.9905182139674509
calce_CS2_33,1,0.9907453802675594
calce_CS2_33,1,0.991003279895168
calce_CS2_33,1,0.9984676070131651
calce_CS2_33,1,0.9919197937922803
calce_CS2_33,1,0.9921854391204462
calce_CS2_33,1,0.992418913528142
calce_CS2_33,1,0.9926124588707111
calce_CS2_33,1,0.9926573165310574
calce_CS2_33,1,0.9922983989071845
calce_CS2_33,1,0.9914662004017739
calce_CS2_33,1,0.991411898080321
calce_CS2_33,1,0.9914375306764296
calce_CS2_33,1,0.9914289414032517
calce_CS2_33,1,0.9913905360930135
calce_CS2_33,1,0.9913842089925752
calce_CS2_33,1,0.9913695771751045
calce_CS2_33,1,0.9913771251785946
calce_CS2_33,1,0.9914479917927963
calce_CS2_33,1,0.9915777827957344
calce_CS2_33,1,0.9917162776261328
calce_CS2_33,1,0.991790864393674
calce_CS2_33,1,0.991870775695259
calce_CS2_33,1,0.9918737115556892
calce_CS2_33,1,0.9917980772204292
calce_CS2_33,1,0.9917760166614585
calce_CS2_33,1,0.9918307845515942
calce_CS2_33,1,0.9918951607468741
calce_CS2_33,1,0.9919153909135632
calce_CS2_33,1,0.9919358609805057
calce_CS2_33,1,0.998352556093465
calce_CS2_33,1,0.9912458478006766
calce_CS2_33,1,0.991567181107584
calce_CS2_33,1,0.9920203987631642
calce_CS2_33,1,0.9923343749189939
calce_CS2_33,1,0.9925201412720355
calce_CS2_33,1,0.9927448907739616
calce_CS2_33,1,0.9922624778439028
calce_CS2_33,1,0.9922915131764478
calce_CS2_33,1,0.9922760014352252
calce_CS2_33,1,0.9927012004412709
calce_CS2_33,1,0.9928570369896829
calce_CS2_33,1,0.9929926513318877
calce_CS2_33,1,0.9932519970228407
calce_CS2_33,1,0.9932621138137756
calce_CS2_33,1,0.9919868843509209
calce_CS2_33,1,0.9934969692288584
calce_CS2_33,1,0.9938815150708887
calce_CS2_33,1,0.9941760557072106
calce_CS2_33,1,0.9943943466368099
calce_CS2_33,1,0.9944429193321987
calce_CS2_33,1,0.9946159321364403
calce_CS2_33,1,0.9944396667145381
calce_CS2_33,1,0.9945928214596313
calce_CS2_33,1,0.9946910488023034
calce_CS2_33,1,0.9952920933775099
calce_CS2_33,1,0.9955368374466462
calce_CS2_33,1,0.995960899830232
calce_CS2_33,1,0.996173498765724
calce_CS2_33,1,0.9962406508928382
calce_CS2_33,1,0.9961663098940093
calce_CS2_33,1,0.9962602380034813
calce_CS2_33,1,0.9966234861980103
calce_CS2_33,1,0.9968158144908422
calce_CS2_33,1,0.9969118512738868
calce_CS2_33,1,0.9970061896288657
calce_CS2_33,1,0.9970794124232348
calce_CS2_33,1,0.997152454490456
calce_CS2_33,1,0.9970880995715314
calce_CS2_33,1,0.9970959373214798
calce_CS2_33,1,0.9973746591867543
calce_CS2_33,1,0.9974301229190017
calce_CS2_33,1,0.9974988746477939
calce_CS2_33,1,0.9975494050945889
calce_CS2_33,1,0.9976062988465515
calce_CS2_33,1,0.9976729473766698
calce_CS2_33,1,0.9977475367229556
calce_CS2_33,1,0.9978093409982204
calce_CS2_33,1,0.997889432055774
calce_CS2_33,1,0.9979609962546192
calce_CS2_33,1,0.9980843979826809
calce_CS2_33,1,0.9973136324206916
calce_CS2_33,1,0.9978870875502143
calce_CS2_33,1,0.9981841492744629
calce_CS2_33,1,0.9983887541012986
calce_CS2_33,1,0.998497144193846
calce_CS2_33,1,0.9985793383229212
calce_CS2_33,1,0.998629648721381
calce_CS2_33,1,0.9986068304085275
calce_CS2_33,1,0.9984919874832836
calce_CS2_33,1,0.9987092417443092
calce_CS2_33,1,0.9988481479284713
calce_CS2_33,1,0.9989268451802218
calce_CS2_33,1,0.9990150953979482
calce_CS2_33,1,0.9990995237897797
calce_CS2_33,1,0.999151425439906
calce_CS2_33,1,0.999174908803017
calce_CS2_33,1,0.9991191876259579
calce_CS2_33,1,0.9990991897040757
calce_CS2_33,1,0.9991176877411018
calce_CS2_33,1,0.9991379855070597
calce_CS2_33,1,0.9992778101453113
calce_CS2_33,1,0.9993220019244772
calce_CS2_33,1,0.9993501572997144
calce_CS2_33,1,0.9993903126675762
calce_CS2_33,1,0.9994181486528565
calce_CS2_33,1,0.9994234018116788
calce_CS2_33,1,0.9993596208068298
calce_CS2_33,1,0.9993793100054736
calce_CS2_33,1,0.9993921041338756
calce_CS2_33,1,0.999424345796045
calce_CS2_33,1,0.9994715183821465
calce_CS2_33,1,0.9995132596213951
calce_CS2_33,1,0.9995316054901748
calce_CS2_33,1,0.9995419991341954
calce_CS2_33,1,0.9995638065684714
calce_CS2_33,1,0.999569669180847
calce_CS2_33,1,0.9995990684925016
calce_CS2_33,1,0.9996119908164778
calce_CS2_33,1,0.9996158749571886
calce_CS2_33,1,0.9995770840458642
calce_CS2_33,1,0.9994887871741565
calce_CS2_33,1,0.9994565049711954
calce_CS2_33,1,0.9994442690936627
calce_CS2_33,1,0.9994568180090988
calce_CS2_33,1,0.9994499521232926
calce_CS2_33,1,0.9998643742327331
calce_CS2_33,1,0.9994555603368841
calce_CS2_33,1,0.9994443773896889
calce_CS2_33,1,0.9994648425113559
calce_CS2_33,1,0.9994767603811971
calce_CS2_33,1,0.9995518061068119
calce_CS2_33,1,0.9996559818631958
calce_CS2_33,1,0.9997313069869209
calce_CS2_33,1,0.9997819630234606
calce_CS2_33,1,0.9997991414190135
calce_CS2_33,1,0.9998236261037652
calce_CS2_33,1,0.9998260281461627
calce_CS2_33,1,0.9998482555965322
calce_CS2_33,1,0.9998549572801733
calce_CS2_33,1,0.9998625080589647
calce_CS2_33,1,0.9999380109950935
calce_CS2_33,1,0.9998650868581631
calce_CS2_33,1,0.9999372536982191
calce_CS2_33,1,0.9998479323835447
calce_CS2_33,1,0.9998568381577583
calce_CS2_33,1,0.9998663275276674
calce_CS2_33,1,0.9998548889684984
calce_CS2_33,1,0.9998531794742812
calce_CS2_33,1,0.9998676153060231
calce_CS2_33,1,0.9998946461847126
calce_CS2_33,1,0.9998998903794557
calce_CS2_33,1,0.9999080998667123
calce_CS2_33,1,0.9999039229399082
calce_CS2_33,1,0.9999022421548335
calce_CS2_33,1,0.9998920246469192
calce_CS2_33,1,0.9998994100765705
calce_CS2_33,1,0.99989292718796
calce_CS2_33,1,0.9998994020460543
calce_CS2_33,1,0.9998936712723964
calce_CS2_33,1,0.9998933147258138
calce_CS2_33,1,0.9998842406618117
calce_CS2_33,1,0.9998895635975906
calce_CS2_33,1,0.9998891150682164
calce_CS2_33,1,0.9999054666492837
calce_CS2_33,1,0.9999101232340584
calce_CS2_33,1,0.9999111010040163
calce_CS2_33,1,0.9999152611911335
calce_CS2_33,1,0.9999153704087009
calce_CS2_33,1,0.9999221699911197
calce_CS2_33,1,0.9999253545134887
calce_CS2_33,1,0.9999346277353902
calce_CS2_33,1,0.9999365305800463
calce_CS2_33,1,0.9999368430854303
calce_CS2_33,1,0.99994047882896
calce_CS2_33,1,0.999938310739628
calce_CS2_33,1,0.9999399770098872
calce_CS2_33,1,0.9999409740280166
calce_CS2_33,1,0.9999403381756365
calce_CS2_33,1,0.9999446605061022
calce_CS2_33,1,0.9999455273580534
calce_CS2_33,1,0.9999483037064353
calce_CS2_33,1,0.9999582543337079
calce_CS2_33,1,0.9999619711477697
calce_CS2_33,1,0.9999613206633777
calce_CS2_33,1,0.9999630089272993
calce_CS2_33,1,0.9999643792578002
calce_CS2_33,1,0.9999653454337177
calce_CS2_33,1,0.9999671645758016
calce_CS2_33,1,0.9999687922598638
calce_CS2_33,1,0.9999698400173002
calce_CS2_33,1,0.9999696740147167
calce_CS2_33,1,0.9999706077931144
calce_CS2_33,1,0.9999709632581884
calce_CS2_33,1,0.9999715872312375
calce_CS2_33,1,0.9999713911614905
calce_CS2_33,1,0.9999721802782515
calce_CS2_33,1,0.9999723745344572
calce_CS2_33,1,0.9999727578986384
calce_CS2_33,1,0.999972629635191
calce_CS2_33,1,0.9999731223388459
calce_CS2_33,1,0.999973455997569
calce_CS2_33,1,0.9999742277583445
calce_CS2_33,1,0.9999738958826925
calce_CS2_33,1,0.9999739022931566
calce_CS2_33,1,0.9999740554440585
calce_CS2_33,1,0.9999743766145067
calce_CS2_33,1,0.9999742151534969
calce_CS2_33,1,0.9999724948048698
calce_CS2_33,1,0.9999725916657064
calce_CS2_33,1,0.9999722084950415
calce_CS2_33,1,0.9999756727850447
calce_CS2_33,1,0.999973736932856
calce_CS2_33,1,0.9999733321631847
calce_CS2_33,1,0.9999737280768299
calce_CS2_33,1,0.9999736550943592
calce_CS2_33,1,0.9999735439633978
calce_CS2_33,1,0.9999734072968655
calce_CS2_33,1,0.9999742838274719
calce_CS2_33,1,0.9999741194363749
calce_CS2_33,1,0.9999750989779567
calce_CS2_33,1,0.9999748525250624
calce_CS2_33,1,0.9999755389356515
calce_CS2_33,1,0.9999758811780386
calce_CS2_33,1,0.9999761366985294
calce_CS2_33,1,0.9999758524999173
calce_CS2_33,1,0.9999760749919875
calce_CS2_33,1,0.9999763969596484
calce_CS2_33,1,0.9999765606141785
calce_CS2_33,1,0.9999799016855698
calce_CS2_33,1,0.9999788593583888
calce_CS2_33,1,0.6391821400290352
calce_CS2_33,1,0.6418917686641256
calce_CS2_33,1,0.6442135656517561
calce_CS2_33,1,0.6467575151823347
calce_CS2_33,1,0.6474601290592701
calce_CS2_33,1,0.6510739474286854
calce_CS2_33,1,0.6621110705159562
calce_CS2_33,1,0.6662562046849899
calce_CS2_33,1,0.6706641173111256
calce_CS2_33,1,0.6687655645952116
calce_CS2_33,1,0.6686016250361249
calce_CS2_33,1,0.6697941944063783
calce_CS2_33,1,0.6715558865776862
calce_CS2_33,1,0.6731687681251457
calce_CS2_33,1,0.6747575912829306
calce_CS2_33,1,0.6763513066083882
calce_CS2_33,1,0.6782686734518049
calce_CS2_33,1,0.6797772775029263
calce_CS2_33,1,0.6812969995810365
calce_CS2_33,1,0.682910767868154
calce_CS2_33,1,0.6843090545598699
calce_CS2_33,1,0.6909224319489973
calce_CS2_33,1,0.6980774068434834
calce_CS2_33,1,0.7011639190224167
calce_CS2_33,1,0.7037998757393258
calce_CS2_33,1,0.867466863378935
calce_CS2_33,1,0.6982571132036814
calce_CS2_33,1,0.8771568985159173
calce_CS2_33,1,0.7090203450159428
calce_CS2_33,1,0.7115616765452719
calce_CS2_33,1,0.7095397635337859
calce_CS2_33,1,0.7059623193954472
calce_CS2_33,1,0.7143203872415848
calce_CS2_33,1,0.7169222875204792
calce_CS2_33,1,0.7183465458746127
calce_CS2_33,1,0.7191830162004533
calce_CS2_33,1,0.7137375511406244
calce_CS2_33,1,0.7166554305878303
calce_CS2_33,1,0.7226475108728077
calce_CS2_33,1,0.7242483325113646
calce_CS2_33,1,0.7265174702640868
calce_CS2_33,1,0.7210913246231098
calce_CS2_33,1,0.72187324173294
calce_CS2_33,1,0.7296519017937244
calce_CS2_33,1,0.7311416261390149
calce_CS2_33,1,0.7326272963997155
calce_CS2_33,1,0.7274353154117686
calce_CS2_33,1,0.7264612213614111
calce_CS2_33,1,0.726156474568036
calce_CS2_33,1,0.7260850946786477
calce_CS2_33,1,0.7252795144975889
calce_CS2_33,1,0.7257257714956907
calce_CS2_33,1,0.7261807721368067
calce_CS2_33,1,0.7631498399079433
calce_CS2_33,1,0.7618577515046662
calce_CS2_33,1,0.7579053236962102
calce_CS2_33,1,0.7570730104743733
calce_CS2_33,1,0.7626318351345454
calce_CS2_33,1,0.7623043229558474
calce_CS2_33,1,0.764087131258212
calce_CS2_33,1,0.7632169953817538
calce_CS2_33,1,0.7600344578114206
calce_CS2_33,1,0.7658725969267
calce_CS2_33,1,0.7676958327431479
calce_CS2_33,1,0.7681194987051335
calce_CS2_33,1,0.7704944676338391
calce_CS2_33,1,0.7649200433555602
calce_CS2_33,1,0.7668652262542158
calce_CS2_33,1,0.7721455211953824
calce_CS2_33,1,0.7725874138626506
calce_CS2_33,1,0.7749153042151949
calce_CS2_33,1,0.7699120718322854
calce_CS2_33,1,0.7690082852883221
calce_CS2_33,1,0.7671914555579911
calce_CS2_33,1,0.7664208970395626
calce_CS2_33,1,0.7659807404619524
calce_CS2_33,1,0.7654808008478599
calce_CS2_33,1,0.7655591081066255
calce_CS2_33,1,0.7656857471890416
calce_CS2_33,1,0.7655958865441643
calce_CS2_33,1,0.7659088525259301
calce_CS2_33,1,0.7659895628710408
calce_CS2_33,1,0.7664080877138892
calce_CS2_33,1,0.7687989446193796
calce_CS2_33,1,0.7777166544318717
calce_CS2_33,1,0.7783060213636531
calce_CS2_33,1,0.7798344622395975
calce_CS2_33,1,0.7757464641872341
calce_CS2_33,1,0.7731518414550557
calce_CS2_33,1,0.7807424579146722
calce_CS2_33,1,0.7815258634952853
calce_CS2_33,1,0.7812436355264684
calce_CS2_33,1,0.7831060178378396
calce_CS2_33,1,0.7775680192635629
calce_CS2_33,1,0.9125473816180785
calce_CS2_33,1,0.7855980285014581
calce_CS2_33,1,0.784509145104317
calce_CS2_33,1,0.7858852119624636
calce_CS2_33,1,0.7821080142355648
calce_CS2_33,1,0.7795477736410082
calce_CS2_33,1,0.7869497969865845
calce_CS2_33,1,0.7872034857751314
calce_CS2_33,1,0.7878554608476455
calce_CS2_33,1,0.7681753389140115
calce_CS2_33,1,0.7717562999965202
calce_CS2_33,1,0.7672297953357666
calce_CS2_33,1,0.7677398270610093
calce_CS2_33,1,0.7683302491414384
calce_CS2_33,1,0.7691681180003387
calce_CS2_33,1,0.7693500371990256
calce_CS2_33,1,0.7702217376385455
calce_CS2_33,1,0.7711465431229562
calce_CS2_33,1,0.7719141138314298
calce_CS2_33,1,0.7725671208681761
calce_CS2_33,1,0.7729319448489552
calce_CS2_33,1,0.7733802532056319
calce_CS2_33,1,0.7729265746771089
calce_CS2_33,1,0.9075462938524977
calce_CS2_33,1,0.7836803622014706
calce_CS2_33,1,0.7847853467761952
calce_CS2_33,1,0.7866459828768666
calce_CS2_33,1,0.7823181343186013
calce_CS2_33,1,0.7807020156583403
calce_CS2_33,1,0.7893436351331801
calce_CS2_33,1,0.7902442819466142
calce_CS2_33,1,0.7907689193563098
calce_CS2_33,1,0.7904098103563005
calce_CS2_33,1,0.785382442960909
calce_CS2_33,1,0.7887282252296587
calce_CS2_33,1,0.7931435434976547
calce_CS2_33,1,0.7925599705920605
calce_CS2_33,1,0.7934867446276807
calce_CS2_33,1,0.7884659799479504
calce_CS2_33,1,0.7878274653993976
calce_CS2_33,1,0.7951723920635825
calce_CS2_33,1,0.7951253575344084
calce_CS2_33,1,0.7961755451006277
calce_CS2_33,1,0.7938023128926565
calce_CS2_33,1,0.7889646068598449
calce_CS2_33,1,0.7953173328671452
calce_CS2_33,1,0.7962572717208618
calce_CS2_33,1,0.7919491370659563
calce_CS2_33,1,0.7894183447073259
calce_CS2_33,1,0.7894777987186671
calce_CS2_33,1,0.7895814295983186
calce_CS2_33,1,0.7896781031063687
calce_CS2_33,1,0.7893391900355747
calce_CS2_33,1,0.789117210779125
calce_CS2_33,1,0.789306901135123
calce_CS2_33,1,0.7896629332517097
calce_CS2_33,1,0.7897346487425182
calce_CS2_33,1,0.7899486816908677
calce_CS2_33,1,0.7900053578918146
calce_CS2_33,1,0.7067314371399313
calce_CS2_33,1,0.7071518489366652
calce_CS2_33,1,0.7076708286002141
calce_CS2_33,1,0.7159446759398765
calce_CS2_33,1,0.7197434873995041
calce_CS2_33,1,0.7220939207242297
calce_CS2_33,1,0.7284786040104473
calce_CS2_33,1,0.7285802282882324
calce_CS2_33,1,0.7334391157012149
calce_CS2_33,1,0.7359467442497968
calce_CS2_33,1,0.7374394755323374
calce_CS2_33,1,0.7407105293157462
calce_CS2_33,1,0.7403118176101765
calce_CS2_33,1,0.7421980913330335
calce_CS2_33,1,0.7451702770961649
calce_CS2_33,1,0.7459352908017183
calce_CS2_33,1,0.7481279361227564
calce_CS2_33,1,0.7471719747591543
calce_CS2_33,1,0.7479703312713346
calce_CS2_33,1,0.7492787647029194
calce_CS2_33,1,0.7502360336400462
calce_CS2_33,1,0.7502412850599671
calce_CS2_33,1,0.7519743291326902
calce_CS2_33,1,0.9065627878165888
calce_CS2_33,1,0.753537427257905
calce_CS2_33,1,0.754743136347612
calce_CS2_33,1,0.7553954472400045
calce_CS2_33,1,0.907120789076859
calce_CS2_33,1,0.7569661799459614
calce_CS2_33,1,0.7578150587845833
calce_CS2_33,1,0.7635743507305454
calce_CS2_33,1,0.7650559888036226
calce_CS2_33,1,0.9800018634657277
calce_CS2_34,0,0.8219376101269693
calce_CS2_34,0,0.8221335840158207
calce_CS2_34,0,0.8240531246693618
calce_CS2_34,0,0.8252808024829942
calce_CS2_34,0,0.8264292933013843
calce_CS2_34,0,0.8271477507021044
calce_CS2_34,0,0.827638311694617
calce_CS2_34,0,0.9382410178662473
calce_CS2_34,0,0.8286324826231457
calce_CS2_34,0,0.8294428031355755
calce_CS2_34,0,0.8299291765968961
calce_CS2_34,0,0.8303015838237032
calce_CS2_34,0,0.8313020604504628
calce_CS2_34,0,0.8317775466855436
calce_CS2_34,0,0.8346047711033998
calce_CS2_34,0,0.8386150983941425
calce_CS2_34,0,0.8398594209079464
calce_CS2_34,0,0.8415690414609354
calce_CS2_34,0,0.837998884282358
calce_CS2_34,0,0.8375379485615273
calce_CS2_34,0,0.8434558231012581
calce_CS2_34,0,0.844257007601835
calce_CS2_34,0,0.8456153065154598
calce_CS2_34,0,0.8452795903425496
calce_CS2_34,0,0.8421296371093392
calce_CS2_34,0,0.8475444584552424
calce_CS2_34,0,0.8486359834891625
calce_CS2_34,0,0.850033584582964
calce_CS2_34,0,0.8506670977967138
calce_CS2_34,0,0.8463734392453376
calce_CS2_34,0,0.8478936744590336
calce_CS2_34,0,0.852224638877431
calce_CS2_34,0,0.8515715827003508
calce_CS2_34,0,0.8523476107516131
calce_CS2_34,0,0.8491742691402806
calce_CS2_34,0,0.8479036102758541
calce_CS2_34,0,0.8543565471504289
calce_CS2_34,0,0.8548912933833585
calce_CS2_34,0,0.85490916666057
calce_CS2_34,0,0.8547732873096858
calce_CS2_34,0,0.8506284454153129
calce_CS2_34,0,0.8493628338830136
calce_CS2_34,0,0.849321345374734
calce_CS2_34,0,0.8492994907810727
calce_CS2_34,0,0.8492533430789078
calce_CS2_34,0,0.8496886065050329
calce_CS2_34,0,0.8500115999187674
calce_CS2_34,0,0.8505664273516284
calce_CS2_34,0,0.8506113702895702
calce_CS2_34,0,0.8512120055585114
calce_CS2_34,0,0.8509712223836596
calce_CS2_34,0,0.8514059504239739
calce_CS2_34,0,0.8579208386947526
calce_CS2_34,0,0.8591090677542221
calce_CS2_34,0,0.8603258707352495
calce_CS2_34,0,0.8604344690057948
calce_CS2_34,0,0.8565811127909452
calce_CS2_34,0,0.8591267042693274
calce_CS2_34,0,0.8632119428369973
calce_CS2_34,0,0.8629219489931051
calce_CS2_34,0,0.8647442242661818
calce_CS2_34,0,0.8607193440373047
calce_CS2_34,0,0.861430371602497
calce_CS2_34,0,0.8668446084226096
calce_CS2_34,0,0.8672409890526439
calce_CS2_34,0,0.8682189151914609
calce_CS2_34,0,0.8646570587598412
calce_CS2_34,0,0.8633493734809463
calce_CS2_34,0,0.8688035913468585
calce_CS2_34,0,0.8690423616793156
calce_CS2_34,0,0.8696144577701271
calce_CS2_34,0,0.8682835968099909
calce_CS2_34,0,0.8656619491299328
calce_CS2_34,0,0.8704666185106339
calce_CS2_34,0,0.8714648076849063
calce_CS2_34,0,0.8720996422591341
calce_CS2_34,0,0.8726646368909599
calce_CS2_34,0,0.8685036909512185
calce_CS2_34,0,0.867832745284891
calce_CS2_34,0,0.8674714144623251
calce_CS2_34,0,0.8672153007483493
calce_CS2_34,0,0.8668326157068916
calce_CS2_34,0,0.8669273531919575
calce_CS2_34,0,0.866967924113434
calce_CS2_34,0,0.8670285517627778
calce_CS2_34,0,0.8671589792018636
calce_CS2_34,0,0.8670269799525423
calce_CS2_34,0,0.8670110874673983
calce_CS2_34,0,0.8671179849291181
calce_CS2_34,0,0.864929716097145
calce_CS2_34,0,0.8654174153478656
calce_CS2_34,0,0.861985468229994
calce_CS2_34,0,0.865210124694271
calce_CS2_34,0,0.8697142407127174
calce_CS2_34,0,0.8709909577582602
calce_CS2_34,0,0.8715206066355227
calce_CS2_34,0,0.8679949535270783
calce_CS2_34,0,0.8688426765300431
calce_CS2_34,0,0.8743285540019048
calce_CS2_34,0,0.8747607879425953
calce_CS2_34,0,0.8753165532155939
calce_CS2_34,0,0.8723205670249221
calce_CS2_34,0,0.8711585064337763
calce_CS2_34,0,0.8763889024918079
calce_CS2_34,0,0.8772231592547359
calce_CS2_34,0,0.8777570194415439
calce_CS2_34,0,0.8776163191216656
calce_CS2_34,0,0.8743302975897677
calce_CS2_34,0,0.8779296542299385
calce_CS2_34,0,0.8800574173235522
calce_CS2_34,0,0.8800688533908482
calce_CS2_34,0,0.8814109182408157
calce_CS2_34,1,0.877218115433565
calce_CS2_34,1,0.8768842073405403
calce_CS2_34,1,0.8766620409310629
calce_CS2_34,1,0.8763137123613818
calce_CS2_34,1,0.8756549421115126
calce_CS2_34,1,0.8753381080152425
calce_CS2_34,1,0.8752341879409207
calce_CS2_34,1,0.8752219782518493
calce_CS2_34,1,0.8752253852229184
calce_CS2_34,1,0.8751142449172565
calce_CS2_34,1,0.8749353559769397
calce_CS2_34,1,0.8750795453293531
calce_CS2_34,1,0.8789465544953198
calce_CS2_34,1,0.8830114340328424
calce_CS2_34,1,0.8836716014398645
calce_CS2_34,1,0.8849607472173345
calce_CS2_34,1,0.8804028438254484
calce_CS2_34,1,0.8804018778442758
calce_CS2_34,1,0.8857563985269363
calce_CS2_34,1,0.9757565517028735
calce_CS2_34,1,0.8852917385886537
calce_CS2_34,1,0.8849239394315739
calce_CS2_34,1,0.8812447562234815
calce_CS2_34,1,0.883307075722261
calce_CS2_34,1,0.886415923297339
calce_CS2_34,1,0.8867135484948117
calce_CS2_34,1,0.887502167178465
calce_CS2_34,1,0.8756717022926338
calce_CS2_34,1,0.8751899636718067
calce_CS2_34,1,0.8795056294779967
calce_CS2_34,1,0.8809563709122853
calce_CS2_34,1,0.881273800309304
calce_CS2_34,1,0.8822420088451687
calce_CS2_34,1,0.8819166413014589
calce_CS2_34,1,0.8797008134068539
calce_CS2_34,1,0.8795888952165549
calce_CS2_34,1,0.8797167972966374
calce_CS2_34,1,0.8798578747198291
calce_CS2_34,1,0.8776806794093888
calce_CS2_34,1,0.8810007345882731
calce_CS2_34,1,0.8801352295513846
calce_CS2_34,1,0.8827588061157601
calce_CS2_34,1,0.8842691957485845
calce_CS2_34,1,0.8836564830542971
calce_CS2_34,1,0.8836087574024659
calce_CS2_34,1,0.8816935289540314
calce_CS2_34,1,0.88200608916772
calce_CS2_34,1,0.8861087348169601
calce_CS2_34,1,0.8860535372487198
calce_CS2_34,1,0.8862621675426587
calce_CS2_34,1,0.8851749783424532
calce_CS2_34,1,0.8845690163976839
calce_CS2_34,1,0.8882775781886778
calce_CS2_34,1,0.8896835473418528
calce_CS2_34,1,0.8895342583976528
calce_CS2_34,1,0.8905534713356335
calce_CS2_34,1,0.8876446452205274
calce_CS2_34,1,0.8892642721301662
calce_CS2_34,1,0.89178659183498
calce_CS2_34,1,0.8916459677102351
calce_CS2_34,1,0.8912376206156412
calce_CS2_34,1,0.8897328882360885
calce_CS2_34,1,0.8889040967924445
calce_CS2_34,1,0.8887626462621607
calce_CS2_34,1,0.8889327553607034
calce_CS2_34,1,0.8883751742288779
calce_CS2_34,1,0.8880990151448703
calce_CS2_34,1,0.8881616549644971
calce_CS2_34,1,0.8882330896763616
calce_CS2_34,1,0.8885514540007271
calce_CS2_34,1,0.8887006925046081
calce_CS2_34,1,0.8886855882297264
calce_CS2_34,1,0.8888800466496475
calce_CS2_34,1,0.8891176045748714
calce_CS2_34,1,0.8945542385056908
calce_CS2_34,1,0.8956008077041827
calce_CS2_34,1,0.8957172207911135
calce_CS2_34,1,0.8968722264201259
calce_CS2_34,1,0.8939145937022369
calce_CS2_34,1,0.8952929320931641
calce_CS2_34,1,0.8982162257946584
calce_CS2_34,1,0.8972318472355483
calce_CS2_34,1,0.8979632713768098
calce_CS2_34,1,0.8962101446395315
calce_CS2_34,1,0.8953554672987771
calce_CS2_34,1,0.8991330955988366
calce_CS2_34,1,0.8990111698178391
calce_CS2_34,1,0.8989290856432746
calce_CS2_34,1,0.8863295488585655
calce_CS2_34,1,0.8881315921701147
calce_CS2_34,1,0.8862696459642677
calce_CS2_34,1,0.8864814426579636
calce_CS2_34,1,0.8924525794115431
calce_CS2_34,1,0.8931821409158277
calce_CS2_34,1,0.8936785905238435
calce_CS2_34,1,0.893724761520717
calce_CS2_34,1,0.8922300164895351
calce_CS2_34,1,0.8923441395724093
calce_CS2_34,1,0.892659186692455
calce_CS2_34,1,0.8927644355967169
calce_CS2_34,1,0.8927165103492475
calce_CS2_34,1,0.8933332701916065
calce_CS2_34,1,0.893675422518817
calce_CS2_34,1,0.8942002639357153
calce_CS2_34,1,0.8945697544446061
calce_CS2_34,1,0.8948345136503977
calce_CS2_34,1,0.8951736246603554
calce_CS2_34,1,0.8954883160923789
calce_CS2_34,1,0.9749886650672136
calce_CS2_34,1,0.9019514388191933
calce_CS2_34,1,0.9018129625749569
calce_CS2_34,1,0.9026948362551381
calce_CS2_34,1,0.9008422182738758
calce_CS2_34,1,0.8998760545140204
calce_CS2_34,1,0.904399713460162
calce_CS2_34,1,0.9052502972278761
calce_CS2_34,1,0.9057774386624585
calce_CS2_34,1,0.9068286304490185
calce_CS2_34,1,0.9031799736799778
calce_CS2_34,1,0.9041171368678939
calce_CS2_34,1,0.9074232614418666
calce_CS2_34,1,0.9073947478673378
calce_CS2_34,1,0.9082579638273014
calce_CS2_34,1,0.9065158296879988
calce_CS2_34,1,0.9049455444896022
calce_CS2_34,1,0.9091901469513615
calce_CS2_34,1,0.9101218312629458
calce_CS2_34,1,0.9109459842536609
calce_CS2_34,1,0.9158439536527063
calce_CS2_34,1,0.9102988671051513
calce_CS2_34,1,0.9095865168136005
calce_CS2_34,1,0.9174969889309504
calce_CS2_34,1,0.9186369299892461
calce_CS2_34,1,0.9195631271887813
calce_CS2_34,1,0.9177097652035564
calce_CS2_34,1,0.9141232987822596
calce_CS2_34,1,0.9133324241944283
calce_CS2_34,1,0.9129374309359184
calce_CS2_34,1,0.9004916474202315
calce_CS2_34,1,0.9003379604321274
calce_CS2_34,1,0.8967298088406326
calce_CS2_34,1,0.902484673008133
calce_CS2_34,1,0.9073859831215707
calce_CS2_34,1,0.9092146020245397
calce_CS2_34,1,0.9118849016463614
calce_CS2_34,1,0.9072532527836221
calce_CS2_34,1,0.9064576359279417
calce_CS2_34,1,0.9146452457530215
calce_CS2_34,1,0.9163498898389685
calce_CS2_34,1,0.9177854042717941
calce_CS2_34,1,0.920148608037654
calce_CS2_34,1,0.9195170843305818
calce_CS2_34,1,0.9153088924770454
calce_CS2_34,1,0.9179488988994482
calce_CS2_34,1,0.9221001061804095
calce_CS2_34,1,0.9231163155754831
calce_CS2_34,1,0.9243862213458766
calce_CS2_34,1,0.921229867586616
calce_CS2_34,1,0.9193129954951963
calce_CS2_34,1,0.9246769460180208
calce_CS2_34,1,0.9259069634859884
calce_CS2_34,1,0.9274529525542604
calce_CS2_34,1,0.9286655972262587
calce_CS2_34,1,0.9246093254460582
calce_CS2_34,1,0.9249170517161585
calce_CS2_34,1,0.9856051445515319
calce_CS2_34,1,0.9282577390751015
calce_CS2_34,1,0.9285159376110047
calce_CS2_34,1,0.9294850609260144
calce_CS2_34,1,0.9262992374005788
calce_CS2_34,1,0.9266185088299314
calce_CS2_34,1,0.9298540320127017
calce_CS2_34,1,0.9298327507385232
calce_CS2_34,1,0.9303626900989972
calce_CS2_34,1,0.9297553684672664
calce_CS2_34,1,0.9281760130843376
calce_CS2_34,1,0.9278160259025555
calce_CS2_34,1,0.9278301572823355
calce_CS2_34,1,0.9278167477122505
calce_CS2_34,1,0.9277011805000293
calce_CS2_34,1,0.9275145716903359
calce_CS2_34,1,0.9276204213422254
calce_CS2_34,1,0.9277587598921784
calce_CS2_34,1,0.9280424509455522
calce_CS2_34,1,0.9286858600122598
calce_CS2_34,1,0.9292367769740494
calce_CS2_34,1,0.929499482812454
calce_CS2_34,1,0.9299271018343924
calce_CS2_34,1,0.9349310815147286
calce_CS2_34,1,0.9356165130888316
calce_CS2_34,1,0.9361091631255878
calce_CS2_34,1,0.9366024140099843
calce_CS2_34,1,0.9340882520800093
calce_CS2_34,1,0.9352755395459823
calce_CS2_34,1,0.9381964996548734
calce_CS2_34,1,0.9385327601628206
calce_CS2_34,1,0.9392031439413548
calce_CS2_34,1,0.9872140850023238
calce_CS2_34,1,0.9368639708960345
calce_CS2_34,1,0.9078855502141244
calce_CS2_34,1,0.9107569862424556
calce_CS2_34,1,0.9090576580847202
calce_CS2_34,1,0.9090376862012082
calce_CS2_34,1,0.9137931717868781
calce_CS2_34,1,0.9165659907792706
calce_CS2_34,1,0.9181450077908285
calce_CS2_34,1,0.9197157144995045
calce_CS2_34,1,0.9172205862082883
calce_CS2_34,1,0.9183444680425572
calce_CS2_34,1,0.9226092510557027
calce_CS2_34,1,0.9992023612994257
calce_CS2_34,1,0.9012332971488046
calce_CS2_34,1,0.9152726939685799
calce_CS2_34,1,0.9181209143894452
calce_CS2_34,1,0.9163905528624731
calce_CS2_34,1,0.9245241361684293
calce_CS2_34,1,0.9312758299384708
calce_CS2_34,1,0.934947136790814
calce_CS2_34,1,0.937355393381915
calce_CS2_34,1,0.933972179460555
calce_CS2_34,1,0.9328711708683
calce_CS2_34,1,0.9403878656518955
calce_CS2_34,1,0.9424436344056613
calce_CS2_34,1,0.94425138703068
calce_CS2_34,1,0.9894521285029786
calce_CS2_34,1,0.9429692707823835
calce_CS2_34,1,0.9414912615142359
calce_CS2_34,1,0.9474079583170872
calce_CS2_34,1,0.9487556660647991
calce_CS2_34,1,0.9498370407801402
calce_CS2_34,1,0.9516352023597375
calce_CS2_34,1,0.9529867354196219
calce_CS2_34,1,0.9539724671218708
calce_CS2_34,1,0.9548556842596663
calce_CS2_34,1,0.9546421517525203
calce_CS2_34,1,0.9523748247789839
calce_CS2_34,1,0.9528990731710196
calce_CS2_34,1,0.9531005780573492
calce_CS2_34,1,0.9531281191596154
calce_CS2_34,1,0.953255659129933
calce_CS2_34,1,0.953463756838254
calce_CS2_34,1,0.953663670615698
calce_CS2_34,1,0.9542029244642058
calce_CS2_34,1,0.9548105331017449
calce_CS2_34,1,0.955284886349934
calce_CS2_34,1,0.9557106514090825
calce_CS2_34,1,0.9560730857736521
calce_CS2_34,1,0.9562231186078629
calce_CS2_34,1,0.9566204215077931
calce_CS2_34,1,0.9570469482352841
calce_CS2_34,1,0.9574870174044448
calce_CS2_34,1,0.9577782994716075
calce_CS2_34,1,0.9573918845047551
calce_CS2_34,1,0.9570902271371456
calce_CS2_34,1,0.9580822675078436
calce_CS2_34,1,0.9587723612045115
calce_CS2_34,1,0.9592985707937892
calce_CS2_34,1,0.9592025283046156
calce_CS2_34,1,0.9590078520393589
calce_CS2_34,1,0.9589265550839294
calce_CS2_34,1,0.9599221667598933
calce_CS2_34,1,0.951276649979465
calce_CS2_34,1,0.9549069211260295
calce_CS2_34,1,0.9570888176840419
calce_CS2_34,1,0.9587182662213577
calce_CS2_34,1,0.96011234121997
calce_CS2_34,1,0.96020981227808
calce_CS2_34,1,0.9607594403947705
calce_CS2_34,1,0.9619847009410494
calce_CS2_34,1,0.9629282339015517
calce_CS2_34,1,0.9644873079621292
calce_CS2_34,1,0.9653036247904047
calce_CS2_34,1,0.9650605447566816
calce_CS2_34,1,0.9655707988438791
calce_CS2_34,1,0.9663360660140954
calce_CS2_34,1,0.9669789880713588
calce_CS2_34,1,0.9674987116730344
calce_CS2_34,1,0.9678890534584257
calce_CS2_34,1,0.9681185131615172
calce_CS2_34,1,0.9680877771774689
calce_CS2_34,1,0.968373485599756
calce_CS2_34,1,0.968509552593116
calce_CS2_34,1,0.9687684262565269
calce_CS2_34,1,0.9689571644867783
calce_CS2_34,1,0.9692338734591353
calce_CS2_34,1,0.969456471231072
calce_CS2_34,1,0.9696639286753191
calce_CS2_34,1,0.9700459907293975
calce_CS2_34,1,0.9703526977123688
calce_CS2_34,1,0.9706804651165253
calce_CS2_34,1,0.9683161434223534
calce_CS2_34,1,0.9670928967220931
calce_CS2_34,1,0.9694391132742148
calce_CS2_34,1,0.9700819680335127
calce_CS2_34,1,0.9710861925606401
calce_CS2_34,1,0.9714885511253085
calce_CS2_34,1,0.9714625795151374
calce_CS2_34,1,0.9713023940848227
calce_CS2_34,1,0.9714519143340825
calce_CS2_34,1,0.9722553593099695
calce_CS2_34,1,0.9726402545698029
calce_CS2_34,1,0.972935379838324
calce_CS2_34,1,0.9730215124455667
calce_CS2_34,1,0.9720222019942608
calce_CS2_34,1,0.9726537150180169
calce_CS2_34,1,0.9735255864331644
calce_CS2_34,1,0.9743531600220633
calce_CS2_34,1,0.9748920820800658
calce_CS2_34,1,0.9752097023336417
calce_CS2_34,1,0.974876171599148
calce_CS2_34,1,0.97471084876061
calce_CS2_34,1,0.9619300188611994
calce_CS2_34,1,0.964696007485509
calce_CS2_34,1,0.9666358488501912
calce_CS2_34,1,0.9680625694694196
calce_CS2_34,1,0.9690975265844904
calce_CS2_34,1,0.9694480000951788
calce_CS2_34,1,0.9702728173723832
calce_CS2_34,1,0.970496396725301
calce_CS2_34,1,0.9721212764224819
calce_CS2_34,1,0.972661782363888
calce_CS2_34,1,0.9727653119554043
calce_CS2_34,1,0.9729132592706615
calce_CS2_34,1,0.9727573321447636
calce_CS2_34,1,0.9735466096553331
calce_CS2_34,1,0.9741085238861217
calce_CS2_34,1,0.9748709363923526
calce_CS2_34,1,0.9757570116004762
calce_CS2_34,1,0.9759546207455431
calce_CS2_34,1,0.9764299527970323
calce_CS2_34,1,0.9767828235412633
calce_CS2_34,1,0.9682180094872251
calce_CS2_34,1,0.9704347160411272
calce_CS2_34,1,0.9721796129444136
calce_CS2_34,1,0.9733689541596252
calce_CS2_34,1,0.9743574573711619
calce_CS2_34,1,0.9751682508944641
calce_CS2_34,1,0.9751799315706501
calce_CS2_34,1,0.9754862939318059
calce_CS2_34,1,0.9763771668175946
calce_CS2_34,1,0.9769280711688555
calce_CS2_34,1,0.9773448967582262
calce_CS2_34,1,0.9777581067979398
calce_CS2_34,1,0.9775422861412933
calce_CS2_34,1,0.9772741715880727
calce_CS2_34,1,0.9780746878480796
calce_CS2_34,1,0.9788792945868264
calce_CS2_34,1,0.9792811678216816
calce_CS2_34,1,0.9796812297726476
calce_CS2_34,1,0.979550933261553
calce_CS2_34,1,0.9804193351763805
calce_CS2_34,1,0.9809413214633429
calce_CS2_34,1,0.9813875166600591
calce_CS2_34,1,0.9816641529627033
calce_CS2_34,1,0.9819620009622346
calce_CS2_34,1,0.982031136013442
calce_CS2_34,1,0.9817739619442698
calce_CS2_34,1,0.981717525287443
calce_CS2_34,1,0.9823528316694095
calce_CS2_34,1,0.9828048876995074
calce_CS2_34,1,0.9830475867058852
calce_CS2_34,1,0.9832713177194189
calce_CS2_34,1,0.9834927168221445
calce_CS2_34,1,0.9836649887332336
calce_CS2_34,1,0.9838143582822481
calce_CS2_34,1,0.9840119608524105
calce_CS2_34,1,0.9842382104925002
calce_CS2_34,1,0.9844552959699959
calce_CS2_34,1,0.9845916667702833
calce_CS2_34,1,0.9845629389620351
calce_CS2_34,1,0.9845107228894022
calce_CS2_34,1,0.984889901155681
calce_CS2_34,1,0.985124309529425
calce_CS2_34,1,0.9850431620830634
calce_CS2_34,1,0.9851073073469094
calce_CS2_34,1,0.9846730619284612
calce_CS2_34,1,0.9844943857651275
calce_CS2_34,1,0.9849921689755073
calce_CS2_34,1,0.9852160301829586
calce_CS2_34,1,0.9856424809227832
calce_CS2_34,1,0.9857809578742249
calce_CS2_34,1,0.9786208111407985
calce_CS2_34,1,0.9810414402778745
calce_CS2_34,1,0.9821088164207247
calce_CS2_34,1,0.9829925526287355
calce_CS2_34,1,0.9837168608222713
calce_CS2_34,1,0.9842062185457527
calce_CS2_34,1,0.9842218094949066
calce_CS2_34,1,0.9847853564488489
calce_CS2_34,1,0.9853685627993632
calce_CS2_34,1,0.985784766501704
calce_CS2_34,1,0.9861311347560067
calce_CS2_34,1,0.9864098832816349
calce_CS2_34,1,0.9865971814856556
calce_CS2_34,1,0.9862850104890085
calce_CS2_34,1,0.9868465719669691
calce_CS2_34,1,0.9870663264746294
calce_CS2_34,1,0.9872853647490673
calce_CS2_34,1,0.987445827072078
calce_CS2_34,1,0.9874528371188169
calce_CS2_34,1,0.9872895052248426
calce_CS2_34,1,0.9873112429682902
calce_CS2_34,1,0.9874046647569323
calce_CS2_34,1,0.9874909948653697
calce_CS2_34,1,0.9875875309888281
calce_CS2_34,1,0.9873719004480679
calce_CS2_34,1,0.9872094127675346
calce_CS2_34,1,0.9870866126985042
calce_CS2_34,1,0.9874797549258179
calce_CS2_34,1,0.9876822572441813
calce_CS2_34,1,0.9880267861001649
calce_CS2_34,1,0.9880818463636875
calce_CS2_34,1,0.9877833299887903
calce_CS2_34,1,0.9877489148483138
calce_CS2_34,1,0.9880452101817537
calce_CS2_34,1,0.9882241832082629
calce_CS2_34,1,0.9890335429840347
calce_CS2_34,1,0.9892020209296193
calce_CS2_34,1,0.9890630527447904
calce_CS2_34,1,0.9886501522868958
calce_CS2_34,1,0.9885926190823102
calce_CS2_34,1,0.9891558395983878
calce_CS2_34,1,0.9892114298478998
calce_CS2_34,1,0.9894437981132547
calce_CS2_34,1,0.9895527274388946
calce_CS2_34,1,0.9891669792272403
calce_CS2_34,1,0.9892865826257461
calce_CS2_34,1,0.9894901303010186
calce_CS2_34,1,0.9897000715216084
calce_CS2_34,1,0.9899060881541796
calce_CS2_34,1,0.9901554838541273
calce_CS2_34,1,0.9881328667789121
calce_CS2_34,1,0.9893131381882347
calce_CS2_34,1,0.9898110435154704
calce_CS2_34,1,0.9901506482714291
calce_CS2_34,1,0.990401724932757
calce_CS2_34,1,0.9905954750653937
calce_CS2_34,1,0.9907634843993816
calce_CS2_34,1,0.9910043881595346
calce_CS2_34,1,0.9914035024167133
calce_CS2_34,1,0.9916635448464429
calce_CS2_34,1,0.9917852555091364
calce_CS2_34,1,0.9919009221699341
calce_CS2_34,1,0.9918321643350124
calce_CS2_34,1,0.9918455320759534
calce_CS2_34,1,0.9919469767526911
calce_CS2_34,1,0.9989286290495065
calce_CS2_34,1,0.9925071525509525
calce_CS2_34,1,0.9925114485614235
calce_CS2_34,1,0.992374699436973
calce_CS2_34,1,0.9922585341329281
calce_CS2_34,1,0.9922831254796277
calce_CS2_34,1,0.9927600609486533
calce_CS2_34,1,0.9929302991932829
calce_CS2_34,1,0.993172941006041
calce_CS2_34,1,0.9931233144141985
calce_CS2_34,1,0.9931612892755791
calce_CS2_34,1,0.9931991748271497
calce_CS2_34,1,0.9932572309152692
calce_CS2_34,1,0.9935882193686963
calce_CS2_34,1,0.9937396450835352
calce_CS2_34,1,0.9939341475979682
calce_CS2_34,1,0.994098664801232
calce_CS2_34,1,0.9940102063682712
calce_CS2_34,1,0.9939121306890606
calce_CS2_34,1,0.9939650642381812
calce_CS2_34,1,0.9942973690582785
calce_CS2_34,1,0.9943216054649641
calce_CS2_34,1,0.9946715211050737
calce_CS2_34,1,0.9947921332143379
calce_CS2_34,1,0.994944737853477
calce_CS2_34,1,0.9948268097775714
calce_CS2_34,1,0.9949907076369232
calce_CS2_34,1,0.9938818976879038
calce_CS2_34,1,0.9952913017067665
calce_CS2_34,1,0.995639592503581
calce_CS2_34,1,0.9958754910968036
calce_CS2_34,1,0.9960243658344351
calce_CS2_34,1,0.9961862649223389
calce_CS2_34,1,0.9995036009086697
calce_CS2_34,1,0.9960538157312514
calce_CS2_34,1,0.9961701240024496
calce_CS2_34,1,0.9964288857964306
calce_CS2_34,1,0.9965735590188298
calce_CS2_34,1,0.9966411795705207
calce_CS2_34,1,0.9967104015417089
calce_CS2_34,1,0.9966200993323524
calce_CS2_34,1,0.9995664134068625
calce_CS2_34,1,0.9965923405100952
calce_CS2_34,1,0.9966360102503075
calce_CS2_34,1,0.9966835010194667
calce_CS2_34,1,0.9967039873041688
calce_CS2_34,1,0.9967932087042745
calce_CS2_34,1,0.9968133544209835
calce_CS2_34,1,0.9966208436279393
calce_CS2_34,1,0.996645666676554
calce_CS2_34,1,0.9967933881724373
calce_CS2_34,1,0.9969353527528865
calce_CS2_34,1,0.9970094362190436
calce_CS2_34,1,0.9972988959611767
calce_CS2_34,1,0.9974111278783179
calce_CS2_34,1,0.9997006331900392
calce_CS2_34,1,0.9973594812322244
calce_CS2_34,1,0.9973819106835521
calce_CS2_34,1,0.99727604737908
calce_CS2_34,1,0.9975251461004118
calce_CS2_34,1,0.9977116387887796
calce_CS2_34,1,0.9978050232282718
calce_CS2_34,1,0.9978859494000695
calce_CS2_34,1,0.9978742478348881
calce_CS2_34,1,0.997670278466553
calce_CS2_34,1,0.9977277131061227
calce_CS2_34,1,0.9977854299711596
calce_CS2_34,1,0.9978778870641385
calce_CS2_34,1,0.998065723186024
calce_CS2_34,1,0.9981510082041565
calce_CS2_34,1,0.9981898855202784
calce_CS2_34,1,0.9981753249201931
calce_CS2_34,1,0.9981674061104552
calce_CS2_34,1,0.9982521183531368
calce_CS2_34,1,0.9983014558231817
calce_CS2_34,1,0.9983774686705155
calce_CS2_34,1,0.9984117928285466
calce_CS2_34,1,0.727649211138846
calce_CS2_34,1,0.7297846964098549
calce_CS2_34,1,0.7316261981061359
calce_CS2_34,1,0.7339535794959587
calce_CS2_34,1,0.735080962254887
calce_CS2_34,1,0.7383042952385066
calce_CS2_34,1,0.7461870361531829
calce_CS2_34,1,0.749631321148022
calce_CS2_34,1,0.7526399623577975
calce_CS2_34,1,0.7511449582357242
calce_CS2_34,1,0.7514857873899577
calce_CS2_34,1,0.752760940375173
calce_CS2_34,1,0.7539653236614692
calce_CS2_34,1,0.7552117244502168
calce_CS2_34,1,0.7565427080117674
calce_CS2_34,1,0.7578727956381328
calce_CS2_34,1,0.9108874812490008
calce_CS2_34,1,0.7597020445880498
calce_CS2_34,1,0.7609190620006009
calce_CS2_34,1,0.7622216788219711
calce_CS2_34,1,0.7634122853928892
calce_CS2_34,1,0.770018192332232
calce_CS2_34,1,0.7735562180849282
calce_CS2_34,1,0.7757520154540606
calce_CS2_34,1,0.7763431058898748
calce_CS2_34,1,0.7730864338189619
calce_CS2_34,1,0.7764122493640631
calce_CS2_34,1,0.7814485980811356
calce_CS2_34,1,0.7829802876744171
calce_CS2_34,1,0.7840744801429808
calce_CS2_34,1,0.7798753652516115
calce_CS2_34,1,0.7823416634126444
calce_CS2_34,1,0.7877113337321529
calce_CS2_34,1,0.7883638453546005
calce_CS2_34,1,0.7901461016675205
calce_CS2_34,1,0.7861601274752569
calce_CS2_34,1,0.7866851742310077
calce_CS2_34,1,0.7919753412414047
calce_CS2_34,1,0.7930341081254609
calce_CS2_34,1,0.7945274594439578
calce_CS2_34,1,0.9291018907405868
calce_CS2_34,1,0.7900645661062947
calce_CS2_34,1,0.7959454732599001
calce_CS2_34,1,0.7976051957583897
calce_CS2_34,1,0.7989137344102529
calce_CS2_34,1,0.7976030701612277
calce_CS2_34,1,0.7951130556224522
calce_CS2_34,1,0.7948408006751916
calce_CS2_34,1,0.7948089163368638
calce_CS2_34,1,0.7945990048717578
calce_CS2_34,1,0.794597111884401
calce_CS2_34,1,0.7949629456089796
calce_CS2_34,1,0.7952187800026341
calce_CS2_34,1,0.813136715839917
calce_CS2_34,1,0.8102745194569971
calce_CS2_34,1,0.8093939843055901
calce_CS2_34,1,0.816339408704323
calce_CS2_34,1,0.8158036460324997
calce_CS2_34,1,0.8169715251444236
calce_CS2_34,1,0.8167483341894293
calce_CS2_34,1,0.8137272339247165
calce_CS2_34,1,0.819325934411006
calce_CS2_34,1,0.820799771435118
calce_CS2_34,1,0.8220080405767958
calce_CS2_34,1,0.8234132105136757
calce_CS2_34,1,0.8193369649658001
calce_CS2_34,1,0.8212719077607293
calce_CS2_34,1,0.8258641353249143
calce_CS2_34,1,0.8256336327135558
calce_CS2_34,1,0.8270889548184714
calce_CS2_34,1,0.8236473518071032
calce_CS2_34,1,0.822737234201851
calce_CS2_34,1,0.8225000440611545
calce_CS2_34,1,0.8225624598597379
calce_CS2_34,1,0.8227694484682314
calce_CS2_34,1,0.8227370110055084
calce_CS2_34,1,0.8231366935195378
calce_CS2_34,1,0.9374320787600574
calce_CS2_34,1,0.8231616709894368
calce_CS2_34,1,0.8235878906934958
calce_CS2_34,1,0.8237394474918283
calce_CS2_34,1,0.8233937325840238
calce_CS2_34,1,0.8252838682723643
calce_CS2_34,1,0.8311762632438865
calce_CS2_34,1,0.8320795876082734
calce_CS2_34,1,0.8334107587516874
calce_CS2_34,1,0.8306486191997707
calce_CS2_34,1,0.8292473359282858
calce_CS2_34,1,0.8355028270484401
calce_CS2_34,1,0.8356698013348733
calce_CS2_34,1,0.8364130986451845
calce_CS2_34,1,0.8368295160514035
calce_CS2_34,1,0.8332997427726189
calce_CS2_34,1,0.8369838442733962
calce_CS2_34,1,0.8389757212007235
calce_CS2_34,1,0.8385770495598335
calce_CS2_34,1,0.8397334311656716
calce_CS2_34,1,0.8363081636020117
calce_CS2_34,1,0.8368263314783885
calce_CS2_34,1,0.841275921206126
calce_CS2_34,1,0.9488626719200324
calce_CS2_34,1,0.8406771438118116
calce_CS2_34,1,0.8400724450894748
calce_CS2_34,1,0.7802226007587703
calce_CS2_34,1,0.7807490914404873
calce_CS2_34,1,0.7812496990812009
calce_CS2_34,1,0.7876243373052222
calce_CS2_34,1,0.7903826677916855
calce_CS2_34,1,0.7924746831200347
calce_CS2_34,1,0.7963912103877876
calce_CS2_34,1,0.7966026205327581
calce_CS2_34,1,0.8009402922259101
calce_CS2_34,1,0.8022810403588524
calce_CS2_34,1,0.8036638932985013
calce_CS2_34,1,0.8058979633272461
calce_CS2_34,1,0.805553039688676
calce_CS2_34,1,0.8075037866148986
calce_CS2_34,1,0.8096003539432741
calce_CS2_34,1,0.8102542425050496
calce_CS2_34,1,0.8119031630879247
calce_CS2_34,1,0.8108901033317467
calce_CS2_34,1,0.811907131784029
calce_CS2_34,1,0.8127083257840645
calce_CS2_34,1,0.8132784111428449
calce_CS2_34,1,0.8139098581437034
calce_CS2_34,1,0.8147488351981859
calce_CS2_34,1,0.8158904591194459
calce_CS2_34,1,0.8165936396692373
calce_CS2_34,1,0.8172157975214185
calce_CS2_34,1,0.8175891370061344
calce_CS2_34,1,0.8186457812889484
calce_CS2_34,1,0.8193387005576582
calce_CS2_34,1,0.8234182714611975
calce_CS2_34,1,0.8250124813511448
calce_CS2_34,1,0.8260168003919911
calce_CS2_34,1,0.8134317956854937
calce_CS2_34,1,0.8146324208935147
calce_CS2_34,1,0.8124067473096058
calce_CS2_34,1,0.8142142454562291
calce_CS2_34,1,0.9619616111322868
