cell,y,p_raw
calce_CX2_36,0,-0.19999999999999996
calce_CX2_36,0,-0.21277937008438186
calce_CX2_36,0,-0.2167206931624095
calce_CX2_36,0,-0.20662274703438044
calce_CX2_36,0,-0.19819896427213757
calce_CX2_36,0,-0.20090318085827108
calce_CX2_36,0,-0.21124471646296006
calce_CX2_36,0,-0.21332048548477145
calce_CX2_36,0,-0.2131030642249767
calce_CX2_36,0,-0.21306584495553227
calce_CX2_36,0,-0.21282976787268537
calce_CX2_36,0,-0.21253633556175866
calce_CX2_36,0,-0.2125480421954351
calce_CX2_36,0,-0.21244292714967083
calce_CX2_36,0,-0.2125229226727714
calce_CX2_36,0,-0.21247127157910595
calce_CX2_36,0,-0.2120980764024596
calce_CX2_36,0,-0.21185643094446927
calce_CX2_36,0,-0.21156676059907875
calce_CX2_36,0,-0.21133467422938645
calce_CX2_36,0,-0.21149997100778117
calce_CX2_36,0,-0.21066978612361686
calce_CX2_36,0,-0.21030311614547426
calce_CX2_36,0,-0.20987891397084746
calce_CX2_36,0,-0.1996261967392815
calce_CX2_36,0,-0.19153456289977033
calce_CX2_36,0,-0.1919420205764789
calce_CX2_36,0,-0.18727310095161231
calce_CX2_36,0,-0.1850610968618892
calce_CX2_36,0,-0.1966633418657635
calce_CX2_36,0,-0.1994025537481362
calce_CX2_36,0,-0.19367931343225353
calce_CX2_36,0,-0.1832175274329093
calce_CX2_36,0,-0.18423597002982395
calce_CX2_36,0,-0.18507413658620475
calce_CX2_36,0,-0.17937508235694555
calce_CX2_36,0,-0.020702135707805325
calce_CX2_36,0,-0.1939523978291824
calce_CX2_36,0,-0.19536850108510917
calce_CX2_36,0,-0.178730928302271
calce_CX2_36,0,-0.17750376227579157
calce_CX2_36,0,-0.17733936754249235
calce_CX2_36,0,-0.17600068454162654
calce_CX2_36,0,-0.1759626873578427
calce_CX2_36,0,-0.18616770340296795
calce_CX2_36,0,-0.18805356294178532
calce_CX2_36,0,-0.1748710296120376
calce_CX2_36,0,-0.17277510548268737
calce_CX2_36,0,-0.17544212317617713
calce_CX2_36,0,-0.17340217810452496
calce_CX2_36,0,-0.1829388370614764
calce_CX2_36,0,-0.18734294856315037
calce_CX2_36,0,-0.1814856092492203
calce_CX2_36,1,-0.19151088078498357
calce_CX2_36,1,-0.19987733356344317
calce_CX2_36,1,-0.20087380030374669
calce_CX2_36,1,-0.18317394633432837
calce_CX2_36,1,-0.1828050835850652
calce_CX2_36,1,-0.179912461161851
calce_CX2_36,1,-0.18957068372306696
calce_CX2_36,1,-0.17725609917979335
calce_CX2_36,1,-0.1768355713464581
calce_CX2_36,1,-0.185859083700064
calce_CX2_36,1,-0.1921626252520976
calce_CX2_36,1,-0.19330343963508434
calce_CX2_36,1,-0.17293978830931955
calce_CX2_36,1,-0.17353420356384952
calce_CX2_36,1,-0.17057308474796673
calce_CX2_36,1,-0.1718692790053613
calce_CX2_36,1,-0.17495114510022813
calce_CX2_36,1,-0.18103240731357917
calce_CX2_36,1,-0.1824423574710844
calce_CX2_36,1,0.00018623669427164646
calce_CX2_36,1,-0.1646837637512586
calce_CX2_36,1,-0.1645139348670247
calce_CX2_36,1,-0.1626509418365264
calce_CX2_36,1,-0.1604459219559652
calce_CX2_36,1,-0.17352713274777898
calce_CX2_36,1,-0.17473199819736052
calce_CX2_36,1,-0.175841642850191
calce_CX2_36,1,-0.1765189819209524
calce_CX2_36,1,-0.17686549085549674
calce_CX2_36,1,-0.17725402870396756
calce_CX2_36,1,-0.17878712793846396
calce_CX2_36,1,-0.17809275714970751
calce_CX2_36,1,-0.024489659292334487
calce_CX2_36,1,-0.1780050241487926
calce_CX2_36,1,-0.1785050105766236
calce_CX2_36,1,-0.1791737499958289
calce_CX2_36,1,-0.17868734583265278
calce_CX2_36,1,-0.17909816179694638
calce_CX2_36,1,-0.1804776525537487
calce_CX2_36,1,-0.1801993082915192
calce_CX2_36,1,-0.17966333587368477
calce_CX2_36,1,-0.15843502650861552
calce_CX2_36,1,-0.15819498982558255
calce_CX2_36,1,-0.15990392395192954
calce_CX2_36,1,-0.15583897252421397
calce_CX2_36,1,-0.1597307158341662
calce_CX2_36,1,-0.16932780229576794
calce_CX2_36,1,-0.17123804586541713
calce_CX2_36,1,-0.1539547381855464
calce_CX2_36,1,-0.15284110429413433
calce_CX2_36,1,-0.15454548655517353
calce_CX2_36,1,-0.15444470478594696
calce_CX2_36,1,-0.1486202802923161
calce_CX2_36,1,-0.16263097381339175
calce_CX2_36,1,-0.16436538643799237
calce_CX2_36,1,-0.15122094604313174
calce_CX2_36,1,-0.1602717729103792
calce_CX2_36,1,-0.1616045242968962
calce_CX2_36,1,-0.17254582197322033
calce_CX2_36,1,-0.17592546854736557
calce_CX2_36,1,-0.17061910390949397
calce_CX2_36,1,0.00907843039410794
calce_CX2_36,1,-0.15962600643285174
calce_CX2_36,1,-0.15854459503767315
calce_CX2_36,1,-0.15659314725232598
calce_CX2_36,1,-0.15715605667503052
calce_CX2_36,1,-0.1656431867752548
calce_CX2_36,1,-0.16698864847022876
calce_CX2_36,1,-0.16804861253715853
calce_CX2_36,1,-0.16861561165840955
calce_CX2_36,1,-0.16994334387405718
calce_CX2_36,1,-0.17027377603227178
calce_CX2_36,1,-0.16868662683724078
calce_CX2_36,1,-0.16854643854744955
calce_CX2_36,1,-0.16818982985298359
calce_CX2_36,1,-0.16777491251978116
calce_CX2_36,1,-0.16746132592563556
calce_CX2_36,1,-0.16746250204531077
calce_CX2_36,1,-0.1674192529330838
calce_CX2_36,1,-0.16751657987140112
calce_CX2_36,1,-0.16734653715822534
calce_CX2_36,1,-0.16711346394814552
calce_CX2_36,1,-0.1565467347882038
calce_CX2_36,1,-0.147785331180318
calce_CX2_36,1,-0.14661387508195511
calce_CX2_36,1,-0.14465411816434592
calce_CX2_36,1,-0.14185508045575035
calce_CX2_36,1,-0.15373473812689797
calce_CX2_36,1,-0.157596526240678
calce_CX2_36,1,-0.154484615612418
calce_CX2_36,1,-0.1425598761596436
calce_CX2_36,1,-0.14215749700586133
calce_CX2_36,1,-0.13948459843977512
calce_CX2_36,1,-0.14007965399646993
calce_CX2_36,1,-0.14600176688121635
calce_CX2_36,1,-0.15206553751516938
calce_CX2_36,1,-0.15582588638935357
calce_CX2_36,1,-0.13839461564930078
calce_CX2_36,1,0.03321851841483625
calce_CX2_36,1,-0.13647507961900351
calce_CX2_36,1,-0.13521128295876716
calce_CX2_36,1,-0.13526875081312217
calce_CX2_36,1,-0.14770160357496154
calce_CX2_36,1,-0.15048379264675638
calce_CX2_36,1,-0.14175694610450396
calce_CX2_36,1,-0.13383374635778555
calce_CX2_36,1,-0.1377226291141832
calce_CX2_36,1,-0.13686722436979692
calce_CX2_36,1,0.03435211321798526
calce_CX2_36,1,-0.14458682308625315
calce_CX2_36,1,-0.14781879417060173
calce_CX2_36,1,-0.14049720050181636
calce_CX2_36,1,-0.13204312902603554
calce_CX2_36,1,-0.13304875112542713
calce_CX2_36,1,-0.13199459013351034
calce_CX2_36,1,-0.13093197724853578
calce_CX2_36,1,-0.1403946094586147
calce_CX2_36,1,-0.1435513866018232
calce_CX2_36,1,-0.14571984578163233
calce_CX2_36,1,-0.1466158691961985
calce_CX2_36,1,-0.1474572178206488
calce_CX2_36,1,-0.1492807884063776
calce_CX2_36,1,-0.14922599061261255
calce_CX2_36,1,-0.1499166901127259
calce_CX2_36,1,-0.15053629392422319
calce_CX2_36,1,-0.15079303416139755
calce_CX2_36,1,-0.15115822975226734
calce_CX2_36,1,-0.15124004572471772
calce_CX2_36,1,-0.15180569322918436
calce_CX2_36,1,-0.15212646947951614
calce_CX2_36,1,-0.15284794535465918
calce_CX2_36,1,-0.15276612796604994
calce_CX2_36,1,-0.15310801814083475
calce_CX2_36,1,-0.13672711471853194
calce_CX2_36,1,-0.1316849313473547
calce_CX2_36,1,-0.1301424150206918
calce_CX2_36,1,-0.12967726614006436
calce_CX2_36,1,-0.127401763800142
calce_CX2_36,1,-0.14015574071378256
calce_CX2_36,1,-0.14458957116420557
calce_CX2_36,1,-0.13928833433851795
calce_CX2_36,1,-0.12714700529699074
calce_CX2_36,1,-0.1302819456632952
calce_CX2_36,1,-0.12951574959642154
calce_CX2_36,1,-0.12927995735718878
calce_CX2_36,1,-0.1347256372070892
calce_CX2_36,1,-0.14091164079694674
calce_CX2_36,1,-0.1430960778364736
calce_CX2_36,1,-0.13117130820020573
calce_CX2_36,1,-0.1305197655352186
calce_CX2_36,1,-0.12929950427286474
calce_CX2_36,1,-0.12688600824731155
calce_CX2_36,1,-0.1254173735756413
calce_CX2_36,1,-0.14157304511388114
calce_CX2_36,1,-0.14153558779705477
calce_CX2_36,1,-0.1292400466771716
calce_CX2_36,1,-0.1288514467268399
calce_CX2_36,1,-0.13575855537187298
calce_CX2_36,1,-0.12845265206543
calce_CX2_36,1,0.04568785663290342
calce_CX2_36,1,-0.12355291254814638
calce_CX2_36,1,-0.12428405272859733
calce_CX2_36,1,-0.12480676878778652
calce_CX2_36,1,-0.1237387453782468
calce_CX2_36,1,-0.12073722787938035
calce_CX2_36,1,-0.13227967200067114
calce_CX2_36,1,-0.13656293550257037
calce_CX2_36,1,-0.13878098224306956
calce_CX2_36,1,-0.13892169727729475
calce_CX2_36,1,-0.13887414030833556
calce_CX2_36,1,-0.13865724968488957
calce_CX2_36,1,-0.13978661360111433
calce_CX2_36,1,-0.13309642276122158
calce_CX2_36,1,-0.14084301047459113
calce_CX2_36,1,-0.1442880302484736
calce_CX2_36,1,-0.14609159384942194
calce_CX2_36,1,-0.13616978850862516
calce_CX2_36,1,-0.13738407752991733
calce_CX2_36,1,-0.13809759794922016
calce_CX2_36,1,-0.14077495024043318
calce_CX2_36,1,-0.1399192377708548
calce_CX2_36,1,-0.147726209929404
calce_CX2_36,1,-0.14810312187065233
calce_CX2_36,1,-0.1384123714169282
calce_CX2_36,1,-0.13439042565403314
calce_CX2_36,1,0.024425929505629607
calce_CX2_36,1,-0.13623839454511832
calce_CX2_36,1,-0.1361022743677266
calce_CX2_36,1,-0.1421946025644466
calce_CX2_36,1,-0.1447688257827957
calce_CX2_36,1,-0.14546355842124692
calce_CX2_36,1,-0.1335435738077736
calce_CX2_36,1,-0.1344253983380823
calce_CX2_36,1,-0.1329969378694803
calce_CX2_36,1,-0.13262791070054614
calce_CX2_36,1,-0.1308852193402955
calce_CX2_36,1,-0.141640957729813
calce_CX2_36,1,-0.14272099344126
calce_CX2_36,1,-0.13192712757144154
calce_CX2_36,1,-0.13070708580976276
calce_CX2_36,1,-0.13116843807980672
calce_CX2_36,1,-0.13245122549178112
calce_CX2_36,1,-0.1311981383137295
calce_CX2_36,1,-0.1393169360656603
calce_CX2_36,1,-0.14107194537136136
calce_CX2_36,1,-0.14186208045124238
calce_CX2_36,1,-0.1429228503468456
calce_CX2_36,1,-0.143420128020455
calce_CX2_36,1,-0.14477401762372
calce_CX2_36,1,-0.14615354794271973
calce_CX2_36,1,-0.14728188726392377
calce_CX2_36,1,-0.14779882461652594
calce_CX2_36,1,-0.1479296193443279
calce_CX2_36,1,-0.14783454699310594
calce_CX2_36,1,-0.14836816619409354
calce_CX2_36,1,-0.14818496885540278
calce_CX2_36,1,-0.14843059327749297
calce_CX2_36,1,-0.14831224916505636
calce_CX2_36,1,-0.14876008130578156
calce_CX2_36,1,-0.14855164549604594
calce_CX2_36,1,-0.1327315833113517
calce_CX2_36,1,-0.12905708905020719
calce_CX2_36,1,0.027787821450344308
calce_CX2_36,1,-0.13441831374626634
calce_CX2_36,1,-0.1375130382873634
calce_CX2_36,1,-0.14302134133403854
calce_CX2_36,1,-0.14388611232215254
calce_CX2_36,1,-0.13167275864994277
calce_CX2_36,1,-0.13140793994980593
calce_CX2_36,1,-0.13329470614256633
calce_CX2_36,1,-0.13222023168802977
calce_CX2_36,1,-0.1295406281848388
calce_CX2_36,1,-0.13922865544450036
calce_CX2_36,1,-0.14076301328380358
calce_CX2_36,1,-0.13225568915946118
calce_CX2_36,1,-0.12799273138666034
calce_CX2_36,1,-0.13119247064738015
calce_CX2_36,1,-0.1309318601784557
calce_CX2_36,1,-0.12918857453026156
calce_CX2_36,1,-0.13594788254116275
calce_CX2_36,1,-0.1387475030412808
calce_CX2_36,1,-0.139420108994463
calce_CX2_36,1,-0.12673163090061557
calce_CX2_36,1,-0.1283493259020455
calce_CX2_36,1,-0.12695354150239235
calce_CX2_36,1,-0.12685172302634318
calce_CX2_36,1,-0.1288711777919439
calce_CX2_36,1,-0.1361812909961836
calce_CX2_36,1,-0.13820974484078197
calce_CX2_36,1,-0.1249484145048394
calce_CX2_36,1,-0.12419969571904077
calce_CX2_36,1,-0.12417372832717077
calce_CX2_36,1,-0.12519700401746892
calce_CX2_36,1,-0.1237297128199567
calce_CX2_36,1,-0.13295669260563736
calce_CX2_36,1,-0.13524416193066313
calce_CX2_36,1,-0.1353948985521951
calce_CX2_36,1,-0.13585549387663554
calce_CX2_36,1,-0.1361474441544076
calce_CX2_36,1,-0.13729619453184716
calce_CX2_36,1,-0.13893131802188274
calce_CX2_36,1,-0.13785046207650598
calce_CX2_36,1,-0.13784283061476998
calce_CX2_36,1,-0.13753733446681515
calce_CX2_36,1,-0.1374097354453896
calce_CX2_36,1,-0.13742528411489718
calce_CX2_36,1,-0.13756947404067232
calce_CX2_36,1,-0.1378154635627652
calce_CX2_36,1,-0.13783576563745392
calce_CX2_36,1,-0.13792497895164235
calce_CX2_36,1,-0.13763431751202193
calce_CX2_36,1,-0.12515234853068435
calce_CX2_36,1,0.03368755170543958
calce_CX2_36,1,-0.12914842428385875
calce_CX2_36,1,-0.13276338563995316
calce_CX2_36,1,-0.137823717558767
calce_CX2_36,1,-0.13836768067302352
calce_CX2_36,1,-0.12679622701488313
calce_CX2_36,1,-0.12579128854246557
calce_CX2_36,1,-0.12412355518521634
calce_CX2_36,1,-0.12446556105520079
calce_CX2_36,1,-0.12276998024579433
calce_CX2_36,1,-0.13331768695999113
calce_CX2_36,1,-0.134820846717442
calce_CX2_36,1,-0.12698162782443279
calce_CX2_36,1,-0.12249367214861195
calce_CX2_36,1,-0.1228867336147611
calce_CX2_36,1,-0.12294980666819333
calce_CX2_36,1,-0.12056365210289455
calce_CX2_36,1,-0.1289628743574439
calce_CX2_36,1,-0.13214361025481391
calce_CX2_36,1,-0.1327924629720324
calce_CX2_36,1,-0.11811823723105697
calce_CX2_36,1,-0.11889481759676801
calce_CX2_36,1,-0.12016481257164735
calce_CX2_36,1,-0.10999156279487432
calce_CX2_36,1,-0.10817376567697834
calce_CX2_36,1,-0.12259398681585876
calce_CX2_36,1,-0.12482715504615116
calce_CX2_36,1,-0.10708842832487353
calce_CX2_36,1,-0.10089517478860255
calce_CX2_36,1,-0.10332671087459111
calce_CX2_36,1,-0.09861577660264398
calce_CX2_36,1,-0.09562836258379226
calce_CX2_36,1,-0.11235263322278455
calce_CX2_36,1,-0.11765163151407199
calce_CX2_36,1,-0.11958169543724873
calce_CX2_36,1,-0.12077265091618916
calce_CX2_36,1,-0.12145848232118073
calce_CX2_36,1,-0.12467959106053872
calce_CX2_36,1,-0.1251910241135752
calce_CX2_36,1,0.027976231616711256
calce_CX2_36,1,-0.12459133790562471
calce_CX2_36,1,-0.12439768431646792
calce_CX2_36,1,0.029436128555933472
calce_CX2_36,1,-0.1236414274047074
calce_CX2_36,1,-0.1235336487119375
calce_CX2_36,1,-0.12378267109433871
calce_CX2_36,1,-0.12409318974882555
calce_CX2_36,1,-0.12438212593420139
calce_CX2_36,1,-0.12441976728799897
calce_CX2_36,1,-0.12463883506655637
calce_CX2_36,1,-0.10334775206102353
calce_CX2_36,1,-0.10208554153828353
calce_CX2_36,1,-0.11867352388486019
calce_CX2_36,1,-0.12272728616140993
calce_CX2_36,1,-0.11377965000739432
calce_CX2_36,1,-0.10140432245414877
calce_CX2_36,1,-0.1020917622722427
calce_CX2_36,1,-0.09943970884576481
calce_CX2_36,1,-0.09714673332601054
calce_CX2_36,1,-0.10517590334347438
calce_CX2_36,1,-0.11458546262272196
calce_CX2_36,1,-0.11620102217741157
calce_CX2_36,1,-0.09526801320596101
calce_CX2_36,1,-0.09375890863012226
calce_CX2_36,1,-0.09192502983653461
calce_CX2_36,1,-0.10144171629417675
calce_CX2_36,1,-0.09854865255708833
calce_CX2_36,1,-0.09228511572437348
calce_CX2_36,1,-0.10489852185681658
calce_CX2_36,1,-0.11112092294727038
calce_CX2_36,1,-0.11342618259789639
calce_CX2_36,1,-0.09350873040910368
calce_CX2_36,1,-0.0932336710614996
calce_CX2_36,1,-0.09121179343228192
calce_CX2_36,1,-0.08957816871945701
calce_CX2_36,1,-0.08810773604952293
calce_CX2_36,1,-0.10378416866132201
calce_CX2_36,1,-0.10891503210097275
calce_CX2_36,1,-0.09526941774980102
calce_CX2_36,1,-0.08897140410608739
calce_CX2_36,1,0.07578839615727317
calce_CX2_36,1,-0.08588433331444523
calce_CX2_36,1,-0.08562074308592693
calce_CX2_36,1,-0.09056723109789144
calce_CX2_36,1,-0.10047299675807331
calce_CX2_36,1,-0.10272868173207073
calce_CX2_36,1,-0.08578336465763214
calce_CX2_36,1,-0.08738293379719364
calce_CX2_36,1,-0.08920209187138162
calce_CX2_36,1,-0.08946707801449982
calce_CX2_36,1,-0.08780180182724073
calce_CX2_36,1,-0.09920517726389944
calce_CX2_36,1,-0.10125926595064394
calce_CX2_36,1,-0.09797681402198533
calce_CX2_36,1,-0.08876494330576834
calce_CX2_36,1,-0.09033323762230983
calce_CX2_36,1,-0.09007347842512126
calce_CX2_36,1,-0.08932026330905019
calce_CX2_36,1,-0.09130459874686248
calce_CX2_36,1,-0.09984809631578184
calce_CX2_36,1,-0.10129195779366373
calce_CX2_36,1,-0.10223971487642758
calce_CX2_36,1,-0.10302225740025961
calce_CX2_36,1,-0.10363348678520279
calce_CX2_36,1,-0.10408989606938479
calce_CX2_36,1,-0.10599214514568034
calce_CX2_36,1,-0.10687219710069173
calce_CX2_36,1,-0.10752878739694671
calce_CX2_36,1,-0.10748270737417998
calce_CX2_36,1,-0.10702157144387237
calce_CX2_36,1,-0.10700945759530711
calce_CX2_36,1,-0.10637470128433957
calce_CX2_36,1,-0.10381886522853634
calce_CX2_36,1,-0.10363485490905155
calce_CX2_36,1,-0.10345485492092377
calce_CX2_36,1,-0.09056488485950209
calce_CX2_36,1,-0.0901186156248609
calce_CX2_36,1,-0.10142972199878919
calce_CX2_36,1,-0.10753784944235112
calce_CX2_36,1,-0.10722784722142675
calce_CX2_36,1,-0.08923661956706352
calce_CX2_36,1,-0.08952465401511567
calce_CX2_36,1,-0.08875491391724788
calce_CX2_36,1,-0.08792071823802616
calce_CX2_36,1,-0.08623975662076255
calce_CX2_36,1,-0.09834204113590761
calce_CX2_36,1,-0.09946165640652016
calce_CX2_36,1,-0.08773116297745043
calce_CX2_36,1,-0.08326619283444192
calce_CX2_36,1,-0.0840137719048436
calce_CX2_36,1,-0.08301568155321293
calce_CX2_36,1,-0.0824402144625489
calce_CX2_36,1,-0.09346587638953896
calce_CX2_36,1,-0.0961073500055557
calce_CX2_36,1,-0.0961047932238922
calce_CX2_36,1,-0.07996410460895687
calce_CX2_36,1,-0.07954886426742924
calce_CX2_36,1,-0.08054327481136392
calce_CX2_36,1,-0.0784429649098275
calce_CX2_36,1,-0.07513322679797785
calce_CX2_36,1,-0.08916832689605514
calce_CX2_36,1,-0.09139847673616541
calce_CX2_36,1,-0.07952967733904881
calce_CX2_36,1,-0.0747124666326675
calce_CX2_36,1,-0.0769022857853755
calce_CX2_36,1,-0.07697640306921849
calce_CX2_36,1,-0.07517802841769006
calce_CX2_36,1,-0.0821185600968054
calce_CX2_36,1,-0.08672363599831345
calce_CX2_36,1,-0.08893917432823417
calce_CX2_36,1,-0.08896503729817518
calce_CX2_36,1,-0.0885589138039179
calce_CX2_36,1,0.07113883899283469
calce_CX2_36,1,-0.08813939477883281
calce_CX2_36,1,-0.08891682507742094
calce_CX2_36,1,-0.08979542064745971
calce_CX2_36,1,-0.09060966660962066
calce_CX2_36,1,-0.09075893762458553
calce_CX2_36,1,-0.09113026953112346
calce_CX2_36,1,-0.09219559737233696
calce_CX2_36,1,-0.09276917752463432
calce_CX2_36,1,-0.09270803383471271
calce_CX2_36,1,-0.09297455674834731
calce_CX2_36,1,-0.09393441513815493
calce_CX2_36,1,-0.09422965334385469
calce_CX2_36,1,-0.06812509395222122
calce_CX2_36,1,-0.06700780682564067
calce_CX2_36,1,-0.08013052202179016
calce_CX2_36,1,-0.08662733931082289
calce_CX2_36,1,-0.08792885176201137
calce_CX2_36,1,-0.07093903696972026
calce_CX2_36,1,-0.0719344005276018
calce_CX2_36,1,-0.07280854457072228
calce_CX2_36,1,-0.07349922660762331
calce_CX2_36,1,-0.07204272313254911
calce_CX2_36,1,-0.08302625080020865
calce_CX2_36,1,-0.08427616356724876
calce_CX2_36,1,-0.07329879324672273
calce_CX2_36,1,-0.06956821580543893
calce_CX2_36,1,-0.07037890318571283
calce_CX2_36,1,-0.07134826334935085
calce_CX2_36,1,-0.0703702139545046
calce_CX2_36,1,-0.07682630668540746
calce_CX2_36,1,-0.08027002953123186
calce_CX2_36,1,-0.07994239541284531
calce_CX2_36,1,-0.0661650316212361
calce_CX2_36,1,-0.06556960701791636
calce_CX2_36,1,-0.06492361233811572
calce_CX2_36,1,-0.06575119824103215
calce_CX2_36,1,0.10234090277857899
calce_CX2_36,1,-0.07169714078615741
calce_CX2_36,1,-0.07669822201857635
calce_CX2_36,1,-0.07893077754252942
calce_CX2_36,1,-0.07139259280298071
calce_CX2_36,1,-0.06947244327350799
calce_CX2_36,1,-0.07137955291467968
calce_CX2_36,1,-0.07147032833870226
calce_CX2_36,1,-0.0709723115731341
calce_CX2_36,1,-0.08016228359691935
calce_CX2_36,1,-0.08127890494592793
calce_CX2_36,1,-0.08208569603653404
calce_CX2_36,1,-0.08258718418017119
calce_CX2_36,1,-0.08296706021766698
calce_CX2_36,1,-0.08392082017490476
calce_CX2_36,1,-0.0848150019511279
calce_CX2_36,1,-0.08540788619836204
calce_CX2_36,1,-0.08587951745701894
calce_CX2_36,1,0.07141815278892427
calce_CX2_36,1,-0.08542296333390353
calce_CX2_36,1,-0.08616657188370302
calce_CX2_36,1,-0.08601960748564064
calce_CX2_36,1,-0.08636320026976618
calce_CX2_36,1,-0.08907167310819442
calce_CX2_36,1,-0.08707165005552941
calce_CX2_36,1,-0.08656383945245771
calce_CX2_36,1,-0.07873253403006975
calce_CX2_36,1,-0.07963028699972374
calce_CX2_36,1,-0.08782392637251935
calce_CX2_36,1,-0.09220251196712426
calce_CX2_36,1,-0.0923019652652376
calce_CX2_36,1,-0.0819651459348899
calce_CX2_36,1,-0.07855688985501175
calce_CX2_36,1,-0.07932538424262048
calce_CX2_36,1,-0.07932375893933219
calce_CX2_36,1,-0.07851225537244544
calce_CX2_36,1,-0.09056660163302799
calce_CX2_36,1,-0.09174261223055524
calce_CX2_36,1,-0.08579557913948155
calce_CX2_36,1,-0.07919357221774648
calce_CX2_36,1,-0.07746685822268229
calce_CX2_36,1,-0.07486166293444174
calce_CX2_36,1,-0.0750092632890863
calce_CX2_36,1,-0.08042546831164987
calce_CX2_36,1,-0.08847189803012423
calce_CX2_36,1,-0.08834210078988913
calce_CX2_36,1,-0.07815897671663308
calce_CX2_36,1,-0.07318984674795437
calce_CX2_36,1,0.2617254833391728
calce_CX2_36,1,-0.09241721160454175
calce_CX2_36,1,-0.07866096935623856
calce_CX2_36,1,-0.06231413935270802
calce_CX2_36,1,-0.07895442042173095
calce_CX2_36,1,-0.08716216329217485
calce_CX2_36,1,-0.08872315436573264
calce_CX2_36,1,-0.061124518637594716
calce_CX2_36,1,-0.05629261045293399
calce_CX2_36,1,-0.05382642435144269
calce_CX2_36,1,-0.05282900092581688
calce_CX2_36,1,-0.04974162875506394
calce_CX2_36,1,-0.06883596015021165
calce_CX2_36,1,-0.07328782234090425
calce_CX2_36,1,-0.059317097178121725
calce_CX2_36,1,-0.0494001191985155
calce_CX2_36,1,-0.04790886836855168
calce_CX2_36,1,-0.04635367208518093
calce_CX2_36,1,-0.04489964269235047
calce_CX2_36,1,-0.050475378048159936
calce_CX2_36,1,-0.059704407603
calce_CX2_36,1,-0.06309624739801967
calce_CX2_36,1,-0.04523757503318282
calce_CX2_36,1,-0.041759999409277215
calce_CX2_36,1,-0.04151190049839948
calce_CX2_36,1,-0.039264320412387144
calce_CX2_36,1,-0.03610901228445884
calce_CX2_36,1,-0.03386608087705134
calce_CX2_36,1,-0.032102381098529365
calce_CX2_36,1,-0.03041041437823855
calce_CX2_36,1,-0.029293561083105546
calce_CX2_36,1,-0.03133017752063649
calce_CX2_36,1,-0.036999651303905035
calce_CX2_36,1,-0.043407280032904616
calce_CX2_36,1,-0.042060046004868346
calce_CX2_36,1,-0.04220671087724326
calce_CX2_36,1,-0.04257025644003276
calce_CX2_36,1,-0.04351132625746734
calce_CX2_36,1,-0.043935955216473754
calce_CX2_36,1,-0.04469789104016331
calce_CX2_36,1,-0.044781996764368226
calce_CX2_36,1,-0.04457497273906197
calce_CX2_36,1,-0.04400457291977755
calce_CX2_36,1,-0.04311477932988339
calce_CX2_36,1,-0.04190372334292525
calce_CX2_36,1,-0.041989701623553755
calce_CX2_36,1,-0.04157016925885626
calce_CX2_36,1,-0.0414843053084174
calce_CX2_36,1,-0.04222785018715025
calce_CX2_36,1,-0.04226430759155664
calce_CX2_36,1,-0.041964002148830004
calce_CX2_36,1,-0.05118866984092074
calce_CX2_36,1,-0.05538521163138099
calce_CX2_36,1,-0.051747648164387705
calce_CX2_36,1,-0.04985907556443714
calce_CX2_36,1,-0.04871729997371832
calce_CX2_36,1,-0.04807161801346882
calce_CX2_36,1,-0.05163150155490592
calce_CX2_36,1,-0.051131469143714914
calce_CX2_36,1,-0.05228619804188828
calce_CX2_36,1,-0.050235254446432176
calce_CX2_36,1,-0.04813822230858478
calce_CX2_36,1,-0.047599041173603474
calce_CX2_36,1,-0.047215117162147546
calce_CX2_36,1,-0.04614418765534756
calce_CX2_36,1,-0.04656748104855801
calce_CX2_36,1,-0.05880486814910035
calce_CX2_36,1,-0.042951667164720875
calce_CX2_36,1,-0.03929351803019532
calce_CX2_36,1,-0.0367208053754855
calce_CX2_36,1,-0.03515330138274053
calce_CX2_36,1,-0.03371157014782056
calce_CX2_36,1,-0.03162265092588923
calce_CX2_36,1,-0.035313783048167124
calce_CX2_36,1,-0.0329775006435975
calce_CX2_36,1,-0.03419338156057672
calce_CX2_36,1,-0.030317010602095573
calce_CX2_36,1,-0.029256845528612296
calce_CX2_36,1,-0.024386261001588583
calce_CX2_36,1,-0.021924591948721983
calce_CX2_36,1,-0.02044337294713805
calce_CX2_36,1,-0.023670203131940126
calce_CX2_36,1,-0.022407499910385154
calce_CX2_36,1,-0.021271749548682828
calce_CX2_36,1,-0.018695946159290933
calce_CX2_36,1,-0.01813988224159724
calce_CX2_36,1,-0.016486399538375274
calce_CX2_36,1,-0.015099248349010441
calce_CX2_36,1,-0.014445914684207528
calce_CX2_36,1,-0.015797677289383083
calce_CX2_36,1,-0.015223077103839078
calce_CX2_36,1,-0.0147969342321983
calce_CX2_36,1,-0.01494136709459859
calce_CX2_36,1,-0.014783947119957785
calce_CX2_36,1,-0.013688675305209563
calce_CX2_36,1,-0.013948991933805721
calce_CX2_36,1,-0.014007599442514729
calce_CX2_36,1,-0.012139025038439999
calce_CX2_36,1,-0.01233723387367125
calce_CX2_36,1,-0.012369960506782296
calce_CX2_36,1,-0.012254189040174612
calce_CX2_36,1,-0.02050729738387369
calce_CX2_36,1,-0.02117088157248559
calce_CX2_36,1,-0.02102047305821486
calce_CX2_36,1,-0.020797544909727295
calce_CX2_36,1,-0.020882638682577892
calce_CX2_36,1,0.15327827758045232
calce_CX2_36,1,-0.0200164142370709
calce_CX2_36,1,-0.026727888225616447
calce_CX2_36,1,-0.025471541450311386
calce_CX2_36,1,-0.022382477109176624
calce_CX2_36,1,0.15432876882186564
calce_CX2_36,1,-0.013249113158754433
calce_CX2_36,1,-0.012018524164881472
calce_CX2_36,1,-0.011531053604984187
calce_CX2_36,1,-0.010449238900376856
calce_CX2_36,1,-0.012591107391249357
calce_CX2_36,1,-0.011482747174762387
calce_CX2_36,1,-0.013516510017720251
calce_CX2_36,1,-0.007023201561233372
calce_CX2_36,1,-0.00533101430422489
calce_CX2_36,1,-0.004797086860271693
calce_CX2_36,1,-0.004045695703134733
calce_CX2_36,1,-0.004221321320672877
calce_CX2_36,1,-0.006291106702443039
calce_CX2_36,1,-0.005966898281372424
calce_CX2_36,1,-0.005120614777751498
calce_CX2_36,1,-0.0025402190302191707
calce_CX2_36,1,-0.0012214688612366409
calce_CX2_36,1,-0.0007398840106926929
calce_CX2_36,1,0.0007792968556938895
calce_CX2_36,1,0.0019871547609257023
calce_CX2_36,1,0.002393331125885245
calce_CX2_36,1,-0.0005185621726537804
calce_CX2_36,1,-0.013274225043642285
calce_CX2_36,1,-0.015138505058715723
calce_CX2_36,1,-0.016973535120870964
calce_CX2_36,1,-0.018407625672317907
calce_CX2_36,1,-0.018692377140379413
calce_CX2_36,1,-0.019324048351487044
calce_CX2_36,1,-0.019699884144783852
calce_CX2_36,1,-0.019875540527468316
calce_CX2_36,1,-0.01994646212446749
calce_CX2_36,1,-0.02001121206110723
calce_CX2_36,1,-0.020009737373859582
calce_CX2_36,1,-0.01977585783139424
calce_CX2_36,1,-0.019127581065578658
calce_CX2_36,1,0.0007397176120674809
calce_CX2_36,1,-0.00029896435346044026
calce_CX2_36,1,0.0009727634123417594
calce_CX2_36,1,0.00447400116811425
calce_CX2_36,1,0.0009993192414088359
calce_CX2_36,1,-0.006188379511983477
calce_CX2_36,1,0.00012975333461395788
calce_CX2_36,1,0.0023999672084020762
calce_CX2_36,1,0.0009443222773046767
calce_CX2_36,1,-0.0010011011623319854
calce_CX2_36,1,-0.0008822593993053074
calce_CX2_36,1,-0.00393512790209416
calce_CX2_36,1,-0.003810083477819859
calce_CX2_36,1,-0.00029616453630443296
calce_CX2_36,1,0.0009171191826826686
calce_CX2_36,1,0.00264607204755829
calce_CX2_36,1,0.00655077667271986
calce_CX2_36,1,0.00844546092507592
calce_CX2_36,1,0.008683725227152883
calce_CX2_36,1,0.010760413649504641
calce_CX2_36,1,0.011577026052846828
calce_CX2_36,1,0.012635186662856679
calce_CX2_36,1,0.004693615096512782
calce_CX2_36,1,0.0012867730895318452
calce_CX2_36,1,0.0002774818128701284
calce_CX2_36,1,0.00014595583973930903
calce_CX2_36,1,0.17579703914733202
calce_CX2_36,1,0.0029216067209989482
calce_CX2_36,1,0.0011836663238384837
calce_CX2_36,1,0.0013408133130289324
calce_CX2_36,1,-0.003400801794585906
calce_CX2_36,1,-0.003119921802237635
calce_CX2_36,1,-0.0038880187141178135
calce_CX2_36,1,-0.0013807418610943811
calce_CX2_36,1,0.000109302007122003
calce_CX2_36,1,0.002955758114965623
calce_CX2_36,1,0.0036312928194706107
calce_CX2_36,1,0.0031383145085401853
calce_CX2_36,1,-0.0009388211535882318
calce_CX2_36,1,0.0007514154146494034
calce_CX2_36,1,0.0006161321050366375
calce_CX2_36,1,0.005960165057982136
calce_CX2_36,1,0.0068951842690170295
calce_CX2_36,1,0.007886182189463464
calce_CX2_36,1,0.010073956920326532
calce_CX2_36,1,0.009431538050929666
calce_CX2_36,1,0.0091084589926953
calce_CX2_36,1,0.01022460259761715
calce_CX2_36,1,0.011908802750339453
calce_CX2_36,1,0.013439945174469559
calce_CX2_36,1,0.013703538711853147
calce_CX2_36,1,0.014411390006023983
calce_CX2_36,1,0.015652362950144938
calce_CX2_36,1,0.01376282839462939
calce_CX2_36,1,0.014662743554610946
calce_CX2_36,1,0.014279882993145865
calce_CX2_36,1,0.015881789075467556
calce_CX2_36,1,0.018053617581021086
calce_CX2_36,1,0.018381413768544186
calce_CX2_36,1,0.01817572179682636
calce_CX2_36,1,0.01856598722642655
calce_CX2_36,1,0.019185724424112816
calce_CX2_36,1,0.02036271668147227
calce_CX2_36,1,0.020877068094299567
calce_CX2_36,1,0.023418631612738716
calce_CX2_36,1,0.02286546882255014
calce_CX2_36,1,0.024651683385824463
calce_CX2_36,1,0.023663723317008944
calce_CX2_36,1,0.025790465993328904
calce_CX2_36,1,0.21303348937236943
calce_CX2_36,1,0.02895790154415878
calce_CX2_36,1,0.01951360358640697
calce_CX2_36,1,0.01863504454475995
calce_CX2_36,1,0.009843681975854945
calce_CX2_36,1,0.003629025986662704
calce_CX2_36,1,0.0024333185742392294
calce_CX2_36,1,0.0026734077150355473
calce_CX2_36,1,0.004155795958148412
calce_CX2_36,1,0.006473915764768301
calce_CX2_36,1,0.009921915835206185
calce_CX2_36,1,0.007873559148022569
calce_CX2_36,1,0.011055064235134027
calce_CX2_36,1,0.010650788877420658
calce_CX2_36,1,0.011922762951444232
calce_CX2_36,1,0.013303776395770184
calce_CX2_36,1,0.014652755476302737
calce_CX2_36,1,0.01727972433653957
calce_CX2_36,1,0.019154527175404557
calce_CX2_36,1,0.010699612030514283
calce_CX2_36,1,0.021729142162742132
calce_CX2_36,1,0.021231474507140025
calce_CX2_36,1,0.01899662810813163
calce_CX2_36,1,0.2075847771517586
calce_CX2_36,1,0.024366652794550858
calce_CX2_36,1,0.025188452194939037
calce_CX2_36,1,0.016607846165575757
calce_CX2_36,1,0.20367072922771312
calce_CX2_36,1,0.20967619985803643
calce_CX2_36,1,0.020523007261954218
calce_CX2_36,1,0.020193745906288196
calce_CX2_36,1,0.01920327650568554
calce_CX2_36,1,0.019207011133958507
calce_CX2_36,1,0.02003106046751879
calce_CX2_36,1,0.017520436051278288
calce_CX2_36,1,0.016902964361696693
calce_CX2_36,1,0.01619597381786675
calce_CX2_36,1,0.018642457609731267
calce_CX2_36,1,0.02164840699508963
calce_CX2_36,1,0.02873795062994655
calce_CX2_36,1,0.029554834078463155
calce_CX2_36,1,0.026584959545139286
calce_CX2_36,1,0.026381742288794974
calce_CX2_36,1,0.027759977759351018
calce_CX2_36,1,0.029160888271990593
calce_CX2_36,1,0.029979469553154003
calce_CX2_36,1,0.030342551258659478
calce_CX2_36,1,0.031467945636507566
calce_CX2_36,1,0.22109274468267492
calce_CX2_36,1,0.03568139865685871
calce_CX2_36,1,0.03403795893955075
calce_CX2_36,1,0.030069203664408684
calce_CX2_36,1,0.02938548962628329
calce_CX2_36,1,0.019788573467492854
calce_CX2_36,1,0.019770352553017956
calce_CX2_36,1,0.01915211241200543
calce_CX2_36,1,0.019875687643028717
calce_CX2_36,1,0.021341115406638855
calce_CX2_36,1,0.02217854005075348
calce_CX2_36,1,0.017603198286098465
calce_CX2_36,1,0.01800817965301793
calce_CX2_36,1,0.01876815693656042
calce_CX2_36,1,0.021371975177034153
calce_CX2_36,1,0.02318775799418693
calce_CX2_36,1,0.025858863697636125
calce_CX2_36,1,0.027599569612054786
calce_CX2_36,1,0.02780094418936252
calce_CX2_36,1,0.028784203381849505
calce_CX2_36,1,0.02859870659281727
calce_CX2_36,1,0.028952774533317682
calce_CX2_36,1,0.030508527900199534
calce_CX2_36,1,0.03594127907278133
calce_CX2_36,1,0.03588381524280837
calce_CX2_36,1,0.036634827713503904
calce_CX2_36,1,0.03766708594497259
calce_CX2_36,1,0.038538293177589056
calce_CX2_36,1,0.03503408031219135
calce_CX2_36,1,0.035917710003192216
calce_CX2_36,1,0.03635582435041651
calce_CX2_36,1,0.039321529036697056
calce_CX2_36,1,0.04052576983006484
calce_CX2_36,1,0.04071835128535106
calce_CX2_36,1,0.03869082101138721
calce_CX2_36,1,0.0363261053724212
calce_CX2_36,1,0.03608276903155694
calce_CX2_36,1,0.038943337397477684
calce_CX2_36,1,0.04005024737946605
calce_CX2_36,1,0.040731628735332426
calce_CX2_36,1,0.04352581284270507
calce_CX2_36,1,0.04492892591445985
calce_CX2_36,1,0.044732265776429414
calce_CX2_36,1,0.04145650732030581
calce_CX2_36,1,0.0465221260741886
calce_CX2_36,1,0.04427760172866624
calce_CX2_36,1,0.048453885448284884
calce_CX2_36,1,0.04992564673804989
calce_CX2_36,1,0.05049476377464768
calce_CX2_36,1,0.050587868381982926
calce_CX2_36,1,0.051265255224544615
calce_CX2_36,1,0.045071638277131676
calce_CX2_36,1,0.046900648649568444
calce_CX2_36,1,0.042310476498516936
calce_CX2_36,1,0.04534931140724996
calce_CX2_36,1,0.05043538331035369
calce_CX2_36,1,0.04544505380935493
calce_CX2_36,1,0.040763316680445416
calce_CX2_36,1,0.052510628230096446
calce_CX2_36,1,0.05350463680219486
calce_CX2_36,1,0.0525831097705991
calce_CX2_36,1,0.051538540799904276
calce_CX2_36,1,0.05375846729836631
calce_CX2_36,1,0.047761583076926795
calce_CX2_36,1,0.04402174649403101
calce_CX2_36,1,0.04495521542493375
calce_CX2_36,1,0.05335909005478967
calce_CX2_36,1,0.057067917133991286
calce_CX2_36,1,0.05779429408503767
calce_CX2_36,1,0.060257373099706024
calce_CX2_36,1,0.05642133042799791
calce_CX2_36,1,0.0513054622015815
calce_CX2_36,1,0.05190302974685168
calce_CX2_36,1,0.054204124964392975
calce_CX2_36,1,0.057032573441909706
calce_CX2_36,1,0.05780165584297692
calce_CX2_36,1,0.057516498889784384
calce_CX2_36,1,0.05660192400135222
calce_CX2_36,1,0.05534076600486382
calce_CX2_36,1,0.05705296444301089
calce_CX2_36,1,0.05416614966997335
calce_CX2_36,1,0.05783646006047616
calce_CX2_36,1,0.056192859491423164
calce_CX2_36,1,0.058733776190080245
calce_CX2_36,1,0.06105342379909384
calce_CX2_36,1,0.061351292104338206
calce_CX2_36,1,0.06058187057677622
calce_CX2_36,1,0.05934464300973019
calce_CX2_36,1,0.061002313635484695
calce_CX2_36,1,0.054888983759347254
calce_CX2_36,1,0.06517659248172891
calce_CX2_36,1,0.0731978929293271
calce_CX2_36,1,0.07649977512409611
calce_CX2_36,1,0.07802654221203631
calce_CX2_36,1,0.06968613629737719
calce_CX2_36,1,0.06768699165700454
calce_CX2_36,1,0.06671380821152662
calce_CX2_36,1,0.06650347575100457
calce_CX2_36,1,0.06743956580961263
calce_CX2_36,1,0.0673816320081384
calce_CX2_36,1,0.07974462075815691
calce_CX2_36,1,0.07179772504648141
calce_CX2_36,1,0.06920366781782472
calce_CX2_36,1,0.0709977923142242
calce_CX2_36,1,0.0711384409278959
calce_CX2_36,1,0.06698001122630026
calce_CX2_36,1,0.06437189352454353
calce_CX2_36,1,0.06453155206062056
calce_CX2_36,1,0.0683962355586053
calce_CX2_36,1,0.07448297349321475
calce_CX2_36,1,0.07928314405500891
calce_CX2_36,1,0.08144846567121233
calce_CX2_36,1,0.07771318898207225
calce_CX2_36,1,0.07580009887801731
calce_CX2_36,1,0.06958420955914535
calce_CX2_36,1,0.07212431607290126
calce_CX2_36,1,0.0738545180319754
calce_CX2_36,1,0.07564492304132442
calce_CX2_36,1,0.07594640001034292
calce_CX2_36,1,0.07360085925355042
calce_CX2_36,1,0.07291972570578131
calce_CX2_36,1,0.07793596205163356
calce_CX2_36,1,0.07797598451775922
calce_CX2_36,1,0.07411236218408224
calce_CX2_36,1,0.07889365366880285
calce_CX2_36,1,0.08299590041947968
calce_CX2_36,1,0.08338137975858695
calce_CX2_36,1,0.08613564296721365
calce_CX2_36,1,0.08253908136298671
calce_CX2_36,1,0.07623205109451459
calce_CX2_36,1,0.07560912815697729
calce_CX2_36,1,0.07928307668735823
calce_CX2_36,1,0.08166238035631523
calce_CX2_36,1,0.08176508085644951
calce_CX2_36,1,0.0830942487471309
calce_CX2_36,1,0.08369533471851809
calce_CX2_36,1,0.08402025123364076
calce_CX2_36,1,0.07904581683247303
calce_CX2_36,1,0.07935849343023937
calce_CX2_36,1,0.07001288148898432
calce_CX2_36,1,0.06412633721816474
calce_CX2_36,1,0.06200118264538068
calce_CX2_36,1,0.06296726040494471
calce_CX2_36,1,0.06463321771330255
calce_CX2_36,1,0.06639004527218872
calce_CX2_36,1,0.06686156456301573
calce_CX2_36,1,0.06645147318140532
calce_CX2_36,1,0.06708063989023516
calce_CX2_36,1,0.25795348726093614
calce_CX2_36,1,0.06897254429204425
calce_CX2_36,1,0.06733754194804642
calce_CX2_36,1,0.07159021407299337
calce_CX2_36,1,0.07407364597657717
calce_CX2_36,1,0.07687506742629657
calce_CX2_36,1,0.07295820295195787
calce_CX2_36,1,0.06593619934776007
calce_CX2_36,1,0.058555341614017875
calce_CX2_36,1,0.05908534604664195
calce_CX2_36,1,0.061147941854117316
calce_CX2_36,1,0.06329602086069508
calce_CX2_36,1,0.0640955560116131
calce_CX2_36,1,0.06646645199836587
calce_CX2_36,1,0.060247790252858646
calce_CX2_36,1,0.05907738133245055
calce_CX2_36,1,0.06028715536232365
calce_CX2_36,1,0.06290648782151975
calce_CX2_36,1,0.06439689161358886
calce_CX2_36,1,0.06697261604153937
calce_CX2_36,1,0.06910575126911611
calce_CX2_36,1,0.07261408504571698
calce_CX2_36,1,0.07331209484171641
calce_CX2_36,1,0.0712397102637854
calce_CX2_36,1,0.07397317881462251
calce_CX2_36,1,0.07835905372341734
calce_CX2_36,1,0.08482590832150982
calce_CX2_36,1,0.08850885821789833
calce_CX2_36,1,0.08743251755625692
calce_CX2_36,1,0.0894921326396545
calce_CX2_36,1,0.08303375515265532
calce_CX2_36,1,0.07996163851953952
calce_CX2_36,1,0.07485362324175981
calce_CX2_36,1,0.07972936023445398
calce_CX2_36,1,0.08265917556716895
calce_CX2_36,1,0.08671237478716598
calce_CX2_36,1,0.08658017992101708
calce_CX2_36,1,0.08829399931782067
calce_CX2_36,1,0.0894947829958822
calce_CX2_36,1,0.0908076798202101
calce_CX2_36,1,0.08686914882382113
calce_CX2_36,1,0.08727029040370748
calce_CX2_36,1,0.0934704621595388
calce_CX2_36,1,0.09576849543272214
calce_CX2_36,1,0.09621658119151155
calce_CX2_36,1,0.09646250508521803
calce_CX2_36,1,0.0983110584626361
calce_CX2_36,1,0.10138839766007723
calce_CX2_36,1,0.0933674787868437
calce_CX2_36,1,0.09148098869620003
calce_CX2_36,1,0.09286550977332608
calce_CX2_36,1,0.2962202981170703
calce_CX2_36,1,0.1026757444403259
calce_CX2_36,1,0.0997749999554235
calce_CX2_36,1,0.10193054051395667
calce_CX2_36,1,0.09976000910771188
calce_CX2_36,1,0.09970764296353363
calce_CX2_36,1,0.04522324071882322
calce_CX2_36,1,0.04533899586950185
calce_CX2_36,1,0.044103275558396104
calce_CX2_36,1,0.04309185412205552
calce_CX2_36,1,0.04413929296434105
calce_CX2_36,1,0.045601153609390876
calce_CX2_36,1,0.03649712917863457
calce_CX2_36,1,0.03477033809414387
calce_CX2_36,1,0.03535468189875257
calce_CX2_36,1,0.04734457484249022
calce_CX2_36,1,0.0473855743837901
calce_CX2_36,1,0.047959159741050694
calce_CX2_36,1,0.04896819375712991
calce_CX2_36,1,0.04793673869243331
calce_CX2_36,1,0.041560683151022015
calce_CX2_36,1,0.03957790304307829
calce_CX2_36,1,0.042638784270957575
calce_CX2_36,1,0.04273651419997149
calce_CX2_36,1,0.04283115446504704
calce_CX2_36,1,0.04358932027425033
calce_CX2_36,1,0.04396425993135833
calce_CX2_36,1,0.04211970229297746
calce_CX2_36,1,0.03954979084974719
calce_CX2_36,1,0.04331603244919946
calce_CX2_36,1,0.04370675285228842
calce_CX2_36,1,0.045760784392687825
calce_CX2_36,1,0.04677577767073848
calce_CX2_36,1,0.0570904887808531
calce_CX2_36,1,0.05788252580247
calce_CX2_36,1,0.054506746740299095
calce_CX2_36,1,0.055485093428833676
calce_CX2_36,1,0.05146272815651298
calce_CX2_36,1,0.052309182870254545
calce_CX2_36,1,0.06109341653803746
calce_CX2_36,1,0.06326833762920214
calce_CX2_36,1,0.06381289407632618
calce_CX2_36,1,0.06451259875091908
calce_CX2_36,1,0.05993451158167129
calce_CX2_36,1,0.05283820654126736
calce_CX2_36,1,0.05234306019489865
calce_CX2_36,1,0.05336809841766499
calce_CX2_36,1,0.05622152477679154
calce_CX2_36,1,0.06289834188361787
calce_CX2_36,1,0.06341073951734699
calce_CX2_36,1,0.06372200344687184
calce_CX2_36,1,0.06290201998300149
calce_CX2_36,1,0.0638620153039039
calce_CX2_36,1,0.06863103945174986
calce_CX2_36,1,0.06633059012242692
calce_CX2_36,1,0.06789357515023042
calce_CX2_36,1,0.07958347118728637
calce_CX2_36,1,0.07223134910864659
calce_CX2_36,1,0.0737554973108745
calce_CX2_36,1,0.07467603149086033
calce_CX2_36,1,0.0766104696107065
calce_CX2_36,1,0.07744349789618399
calce_CX2_36,1,0.07697551737150776
calce_CX2_36,1,0.07753946512732635
calce_CX2_36,1,0.07214590320191006
calce_CX2_36,1,0.0709303496975614
calce_CX2_36,1,0.07124860433296398
calce_CX2_36,1,0.07395479806558025
calce_CX2_36,1,0.07230100641361292
calce_CX2_36,1,0.07525429155198271
calce_CX2_36,1,0.07766270853392743
calce_CX2_36,1,0.07247862546289596
calce_CX2_36,1,0.07412646289955416
calce_CX2_36,1,0.07222592256602889
calce_CX2_36,1,0.07576206403001806
calce_CX2_36,1,0.07706252928506985
calce_CX2_36,1,0.08113107114384088
calce_CX2_36,1,0.0849731621400589
calce_CX2_36,1,0.08793049144804532
calce_CX2_36,1,0.08602576920712413
calce_CX2_36,1,0.08028615494097224
calce_CX2_36,1,0.08396960283081611
calce_CX2_36,1,0.08806564297550501
calce_CX2_36,1,0.09123135994001141
calce_CX2_36,1,0.09224776306151727
calce_CX2_36,1,0.09739312207680972
calce_CX2_36,1,0.2892527252357491
calce_CX2_36,1,0.10169897047770615
calce_CX2_36,1,0.10056858815126857
calce_CX2_36,1,0.1000348224126959
calce_CX2_36,1,0.09432636747445278
calce_CX2_36,1,0.09426253254243444
calce_CX2_36,1,0.0942661754032591
calce_CX2_36,1,0.09508970165815767
calce_CX2_36,1,0.09768608274906487
calce_CX2_36,1,0.10069640788108536
calce_CX2_36,1,0.10061005195668815
calce_CX2_36,1,0.10086763589285763
calce_CX2_36,1,0.1021449114617552
calce_CX2_36,1,0.10195795393944174
calce_CX2_36,1,0.10165099878575956
calce_CX2_36,1,0.10237406127256743
calce_CX2_36,1,0.10263503233375959
calce_CX2_36,1,0.10361192993498969
calce_CX2_36,1,0.10211488213657138
calce_CX2_36,1,0.10182338311145966
calce_CX2_36,1,0.08201999694399831
calce_CX2_36,1,0.07971551276488975
calce_CX2_36,1,0.08096002234959354
calce_CX2_36,1,0.08223713912234432
calce_CX2_36,1,0.08410624580945414
calce_CX2_36,1,0.08213171352173565
calce_CX2_36,1,0.0797713755419065
calce_CX2_36,1,0.08200006105568536
calce_CX2_36,1,0.08570184327750352
calce_CX2_36,1,0.08768333600261624
calce_CX2_36,1,0.08964473213313684
calce_CX2_36,1,0.09176349745848011
calce_CX2_36,1,0.09339679655616306
calce_CX2_36,1,0.09232613701781955
calce_CX2_36,1,0.08998414212177963
calce_CX2_36,1,0.09004727989466021
calce_CX2_36,1,0.282149159235183
calce_CX2_36,1,0.09361415665500405
calce_CX2_36,1,0.09282642261045748
calce_CX2_36,1,0.09312505036990171
calce_CX2_36,1,0.09459349159429054
calce_CX2_36,1,0.09583401331898711
calce_CX2_36,1,0.09360525715752166
calce_CX2_36,1,0.09229195557882319
calce_CX2_36,1,0.09014088833199829
calce_CX2_36,1,0.0910758996566502
calce_CX2_36,1,0.06939382909551262
calce_CX2_36,1,0.0717422148636161
calce_CX2_36,1,0.07609710367570666
calce_CX2_36,1,0.07865410226494995
calce_CX2_36,1,0.07973260403603766
calce_CX2_36,1,0.0836890037027549
calce_CX2_36,1,0.08538674133876079
calce_CX2_36,1,0.08369855816343441
calce_CX2_36,1,0.07993936623169007
calce_CX2_36,1,0.07942774645249073
calce_CX2_36,1,0.08030589238065311
calce_CX2_36,1,0.08406991214542936
calce_CX2_36,1,0.0860290119692445
calce_CX2_36,1,0.08782352130356863
calce_CX2_36,1,0.08942940222323104
calce_CX2_36,1,0.28042423963087504
calce_CX2_36,1,0.09247881488631349
calce_CX2_36,1,0.09248955096232592
calce_CX2_36,1,0.09031803150965045
calce_CX2_36,1,0.09077050752170668
calce_CX2_36,1,0.09359324199320829
calce_CX2_36,1,0.0955580552008033
calce_CX2_36,1,0.09792363511729008
calce_CX2_36,1,0.09878107463107721
calce_CX2_36,1,0.0962523580225747
calce_CX2_36,1,0.0949585469999994
calce_CX2_36,1,0.09478257182314576
calce_CX2_36,1,0.09735329895752365
calce_CX2_36,1,0.1007278867827136
calce_CX2_36,1,0.10241726948016383
calce_CX2_36,1,0.10417240662128524
calce_CX2_36,1,0.1042022415711421
calce_CX2_36,1,0.10469489026117929
calce_CX2_36,1,0.10610673406619853
calce_CX2_36,1,0.10462433710989771
calce_CX2_36,1,0.10407999147429625
calce_CX2_36,1,0.10303250554979648
calce_CX2_36,1,0.10329086577390478
calce_CX2_36,1,0.10359185230088919
calce_CX2_36,1,0.10407109322454722
calce_CX2_36,1,0.10497049103643286
calce_CX2_36,1,0.10504304149154264
calce_CX2_36,1,0.2952870134445914
calce_CX2_36,1,0.10693850724304055
calce_CX2_36,1,0.294182298193835
calce_CX2_36,1,0.10653962654594884
calce_CX2_36,1,0.10542703827059219
calce_CX2_36,1,0.10454609182401342
calce_CX2_36,1,0.10444314951862599
calce_CX2_36,1,0.10547860115182806
calce_CX2_36,1,0.09349790243991352
calce_CX2_36,1,0.0917496018949806
calce_CX2_36,1,0.09097701966564409
calce_CX2_36,1,0.09109756906403887
calce_CX2_36,1,0.09110107901396358
calce_CX2_36,1,0.09170376649041057
calce_CX2_36,1,0.0906414921580968
calce_CX2_36,1,0.08895823293802574
calce_CX2_36,1,0.08889365666214255
calce_CX2_36,1,0.09053225312356117
calce_CX2_36,1,0.09419436530963499
calce_CX2_36,1,0.09654064796642092
calce_CX2_36,1,0.09788724207831045
calce_CX2_36,1,0.09929458825662818
calce_CX2_36,1,0.1000439657965092
calce_CX2_36,1,0.09968150332131942
calce_CX2_36,1,0.09735199672734274
calce_CX2_36,1,0.09690706744880218
calce_CX2_36,1,0.05388200681122912
calce_CX2_36,1,0.08571285950215535
calce_CX2_36,1,0.09455973678924512
calce_CX2_36,1,0.0984155656142286
calce_CX2_36,1,0.10410323714057046
calce_CX2_36,1,0.10464264058090489
calce_CX2_36,1,0.10555287710156958
calce_CX2_36,1,0.10730121680635296
calce_CX2_36,1,0.10863597663570745
calce_CX2_36,1,0.10900162840989247
calce_CX2_36,1,0.10959809148486588
calce_CX2_36,1,0.1107412502721089
calce_CX2_36,1,0.1123127247799629
calce_CX2_36,1,0.11283662054086041
calce_CX2_36,1,0.11286075293751752
calce_CX2_36,1,0.11391283490074722
calce_CX2_36,1,0.1144292640150898
calce_CX2_36,1,0.11380867957838803
calce_CX2_36,1,0.11377667961013982
calce_CX2_36,1,0.11570446163175807
calce_CX2_36,1,0.11647166785722485
calce_CX2_36,1,0.11667388633232689
calce_CX2_36,1,0.30854951468313313
calce_CX2_36,1,0.12079607092584954
calce_CX2_36,1,0.11683332383003753
calce_CX2_36,1,0.11644583075992598
calce_CX2_36,1,0.11489310454604929
calce_CX2_36,1,0.11336055572277082
calce_CX2_36,1,0.11483640983187882
calce_CX2_36,1,0.11879118319838511
calce_CX2_36,1,0.1202452934730397
calce_CX2_36,1,0.1204690881370406
calce_CX2_36,1,0.12119674160739535
calce_CX2_36,1,0.11941349384073663
calce_CX2_36,1,0.11855810850321458
calce_CX2_36,1,0.11608187975921469
calce_CX2_36,1,0.1206497225880434
calce_CX2_36,1,0.12228957155204145
calce_CX2_36,1,0.12288503522901284
calce_CX2_36,1,0.12291330940525369
calce_CX2_36,1,0.12309208831543372
calce_CX2_36,1,0.12192288572293253
calce_CX2_36,1,0.12081754106191589
calce_CX2_36,1,0.11894091747538493
calce_CX2_36,1,0.12121928284681127
calce_CX2_36,1,0.12337262665644289
calce_CX2_36,1,0.1231992206760939
calce_CX2_36,1,0.12339730618917744
calce_CX2_36,1,0.12462031872501644
calce_CX2_36,1,0.12317959904472708
calce_CX2_36,1,0.11090803864926657
calce_CX2_36,1,0.1115277064790684
calce_CX2_36,1,0.11385571108190007
calce_CX2_36,1,0.1156694881798489
calce_CX2_36,1,0.11885957112194045
calce_CX2_36,1,0.12054161163371335
calce_CX2_36,1,0.1209439848964311
calce_CX2_36,1,0.12281756952232104
calce_CX2_36,1,0.123741936445942
calce_CX2_36,1,0.12591433993507506
calce_CX2_36,1,0.126836711882247
calce_CX2_36,1,0.1283098717699951
calce_CX2_36,1,0.12881479257016415
calce_CX2_36,1,0.13008098170835714
calce_CX2_36,1,0.13097697667924724
calce_CX2_36,1,0.13147630638171226
calce_CX2_36,1,0.13134653184002276
calce_CX2_36,1,0.1332137363260416
calce_CX2_36,1,0.13465669970619532
calce_CX2_36,1,0.1353675479665747
calce_CX2_36,1,0.13601083409342252
calce_CX2_36,1,0.13740725744995486
calce_CX2_36,1,0.13820271373950987
calce_CX2_36,1,0.1375421987129023
calce_CX2_36,1,0.138106700907219
calce_CX2_36,1,0.13166042625680263
calce_CX2_36,1,0.12926980512884356
calce_CX2_36,1,0.13218628639047936
calce_CX2_36,1,0.13360358758635127
calce_CX2_36,1,0.13420610594449234
calce_CX2_36,1,0.13656823459098466
calce_CX2_36,1,0.13742506818509292
calce_CX2_36,1,0.1363748891041896
calce_CX2_36,1,0.13327996076787396
calce_CX2_36,1,0.13219759639622697
calce_CX2_36,1,0.13074135139162202
calce_CX2_36,1,0.13419085186905033
calce_CX2_36,1,0.13680275878314319
calce_CX2_36,1,0.13876545567998122
calce_CX2_36,1,0.1395390494340487
calce_CX2_36,1,0.14038863180988914
calce_CX2_36,1,0.13892685123441673
calce_CX2_36,1,0.13595974134443956
calce_CX2_36,1,0.13355166241840843
calce_CX2_36,1,0.13445994751995083
calce_CX2_36,1,0.1357356180921806
calce_CX2_36,1,0.13516674526033845
calce_CX2_36,1,0.13591185539237305
calce_CX2_36,1,0.13688983745154182
calce_CX2_36,1,0.13835848668085116
calce_CX2_36,1,0.170287042695072
calce_CX2_36,1,0.10963169291986274
calce_CX2_36,1,0.11644877109546459
calce_CX2_36,1,0.10492824830867054
calce_CX2_36,1,0.10076053431499443
calce_CX2_36,1,0.11207465179068532
calce_CX2_36,1,0.1286473890421016
calce_CX2_36,1,0.1300882328360412
calce_CX2_36,1,0.36626088764262044
calce_CX2_36,1,0.12460326293990742
calce_CX2_36,1,0.11979414686970868
calce_CX2_36,1,0.11319597444951301
calce_CX2_36,1,0.10996471378815542
calce_CX2_36,1,0.10789985550359604
calce_CX2_36,1,0.1058599937651713
calce_CX2_36,1,0.1033388930359116
calce_CX2_36,1,0.1018933192829361
calce_CX2_36,1,0.1008532729566376
calce_CX2_36,1,0.09950451923885317
calce_CX2_36,1,0.09859185204126308
calce_CX2_36,1,0.09778726698299689
calce_CX2_36,1,0.09755477308523175
calce_CX2_36,1,0.09675462144996771
calce_CX2_36,1,0.0957121262633539
calce_CX2_36,1,0.09477683870068854
calce_CX2_36,1,0.09422405558136815
calce_CX2_36,1,0.09409400742122964
calce_CX2_36,1,0.09381787837458411
calce_CX2_36,1,0.09326361665164984
calce_CX2_36,1,0.11996521295800222
calce_CX2_36,1,0.13797687206568432
calce_CX2_36,1,0.14092402366574674
calce_CX2_36,1,0.12785610695224547
calce_CX2_36,1,0.1483401004370083
calce_CX2_36,1,0.13435039157768058
calce_CX2_36,1,0.12580816974065034
calce_CX2_36,1,0.12094200125430188
calce_CX2_36,1,0.1462907287676889
calce_CX2_36,1,0.15367552635917592
calce_CX2_36,1,0.15630051506639164
calce_CX2_36,1,0.15771447646659142
calce_CX2_36,1,0.1604914961669115
calce_CX2_36,1,0.16051006305217763
calce_CX2_36,1,0.14320326211324252
calce_CX2_36,1,0.13632026900083583
calce_CX2_36,1,0.1528665599330289
calce_CX2_36,1,0.36433541948041753
calce_CX2_36,1,0.16867442173393177
calce_CX2_36,1,0.16846004250189373
calce_CX2_36,1,0.16949941489189768
calce_CX2_36,1,0.17131232385483186
calce_CX2_36,1,0.17146863687687008
calce_CX2_36,1,0.15140643368537587
calce_CX2_36,1,0.14538033041227338
calce_CX2_36,1,0.15973167122134857
calce_CX2_36,1,0.1712793980503673
calce_CX2_36,1,0.17428562778148005
calce_CX2_36,1,0.17362165726810308
calce_CX2_36,1,0.1755050257999372
calce_CX2_36,1,0.1811994761511434
calce_CX2_36,1,0.16340278257908603
calce_CX2_36,1,0.15294094002088776
calce_CX2_36,1,0.149391181497586
calce_CX2_36,1,0.17253067658932242
calce_CX2_36,1,0.17954867027257104
calce_CX2_36,1,0.18018389028047144
calce_CX2_36,1,0.18260375209605384
calce_CX2_36,1,0.185019768962846
calce_CX2_36,1,0.1838629661756005
calce_CX2_36,1,0.1666027497069822
calce_CX2_36,1,0.15813007608701546
calce_CX2_36,1,0.15244345785289914
calce_CX2_36,1,0.14752187818465257
calce_CX2_36,1,0.1444089915579898
calce_CX2_36,1,0.14075242619376815
calce_CX2_36,1,0.13781463216987644
calce_CX2_36,1,0.13571829765388876
calce_CX2_36,1,0.13541465528334384
calce_CX2_36,1,0.1344869551399126
calce_CX2_36,1,0.13261949157056407
calce_CX2_36,1,0.13185170207628505
calce_CX2_36,1,0.13222927100210635
calce_CX2_36,1,0.15611481580114117
calce_CX2_36,1,0.16357541589668056
calce_CX2_36,1,0.15749510124929955
calce_CX2_36,1,0.1434618470929192
calce_CX2_36,1,0.13810725612673413
calce_CX2_36,1,0.16131390931208456
calce_CX2_36,1,0.1739479765972165
calce_CX2_36,1,0.1812628264926821
calce_CX2_36,1,0.18030657161508723
calce_CX2_36,1,0.17984747631485598
calce_CX2_36,1,0.1876436608942853
calce_CX2_36,1,0.16671479882157836
calce_CX2_36,1,0.15837175172727103
calce_CX2_36,1,0.16546196003365843
calce_CX2_36,1,0.18471399809242905
calce_CX2_36,1,0.18542714722920173
calce_CX2_36,1,0.18522736422471908
calce_CX2_36,1,0.38852374260702727
calce_CX2_36,1,0.19147217827751706
calce_CX2_36,1,0.19986476157479116
calce_CX2_36,1,0.1787843649917612
calce_CX2_36,1,0.17006592234139262
calce_CX2_36,1,0.17313721077785837
calce_CX2_36,1,0.19223178342974367
calce_CX2_36,1,0.19220928859874953
calce_CX2_36,1,0.19187977998078432
calce_CX2_36,1,0.19508754398171269
calce_CX2_36,1,0.20271298989393993
calce_CX2_36,1,0.1937458846894211
calce_CX2_36,1,0.17761622518026166
calce_CX2_36,1,0.17191199308741567
calce_CX2_36,1,0.189226305139234
calce_CX2_36,1,0.2020592217001822
calce_CX2_36,1,0.20158691468288592
calce_CX2_36,1,0.20541422594299164
calce_CX2_36,1,0.20548521492399419
calce_CX2_36,1,0.214205743720015
calce_CX2_36,1,0.19821629239989325
calce_CX2_36,1,0.1847964320615174
calce_CX2_36,1,0.177894247216428
calce_CX2_36,1,0.17404429933500298
calce_CX2_36,1,0.17107008595175566
calce_CX2_36,1,0.1677524458134506
calce_CX2_36,1,0.16444884375773416
calce_CX2_36,1,0.16319200450543236
calce_CX2_36,1,0.16083472029959978
calce_CX2_36,1,0.16050840690765866
calce_CX2_36,1,0.15905044138148106
calce_CX2_36,1,0.15893628788792835
calce_CX2_36,1,0.15897694001785012
calce_CX2_36,1,0.12560226527255236
calce_CX2_36,1,0.13133928271879758
calce_CX2_36,1,0.13482513026784093
calce_CX2_36,1,0.13721909613749184
calce_CX2_36,1,0.13939190346003416
calce_CX2_36,1,0.1411336691476882
calce_CX2_36,1,0.13852139059339375
calce_CX2_36,1,0.1372835093322563
calce_CX2_36,1,0.13647437653500827
calce_CX2_36,1,0.14132096011433837
calce_CX2_36,1,0.14314929902966866
calce_CX2_36,1,0.1459910201137642
calce_CX2_36,1,0.14807893796501748
calce_CX2_36,1,0.14851027441855236
calce_CX2_36,1,0.14940190285345867
calce_CX2_36,1,0.14984020650855912
calce_CX2_36,1,0.15027636305608616
calce_CX2_36,1,0.1499057852381913
calce_CX2_36,1,0.14985535204344103
calce_CX2_36,1,0.14992342407201853
calce_CX2_36,1,0.1516754523263094
calce_CX2_36,1,0.1515647265371971
calce_CX2_36,1,0.15247555457525008
calce_CX2_36,1,0.1527928505408379
calce_CX2_36,1,0.15206493488616502
calce_CX2_36,1,0.15155940476283314
calce_CX2_36,1,0.15213358814561573
calce_CX2_36,1,0.15229141230425003
calce_CX2_36,1,0.15258104633856895
calce_CX2_36,1,0.15271520095922153
calce_CX2_36,1,0.1536824482581859
calce_CX2_36,1,0.15412280636997788
calce_CX2_36,1,0.152094791220588
calce_CX2_36,1,0.15197380706919805
calce_CX2_36,1,0.15151426141941193
calce_CX2_36,1,0.15130823565356932
calce_CX2_36,1,0.15112222588477842
calce_CX2_36,1,0.1522734575832022
calce_CX2_36,1,0.1545007407432646
calce_CX2_36,1,0.15477575880461913
calce_CX2_36,1,0.15113896004726468
calce_CX2_36,1,0.14698999442118643
calce_CX2_36,1,0.14466437630674778
calce_CX2_36,1,0.14695663627159428
calce_CX2_36,1,0.14403859158811105
calce_CX2_36,1,0.12641672769632162
calce_CX2_36,1,0.11873082597647733
calce_CX2_36,1,0.13093832012526363
calce_CX2_36,1,0.14001076330671058
calce_CX2_36,1,0.13610735734974067
calce_CX2_36,1,0.12805757527600103
calce_CX2_36,1,0.12744563784169705
calce_CX2_36,1,0.1326521486743697
calce_CX2_36,1,0.12381894981440744
calce_CX2_36,1,0.10784510854993135
calce_CX2_36,1,0.10273236681626452
calce_CX2_36,1,0.12298660553941798
calce_CX2_36,1,0.13351542908843006
calce_CX2_36,1,0.13561337794479478
calce_CX2_36,1,0.13758533595257116
calce_CX2_36,1,0.1401721349282804
calce_CX2_36,1,0.14080615746760905
calce_CX2_36,1,0.11808437626281176
calce_CX2_36,1,0.11076213502971533
calce_CX2_36,1,0.10500861197957922
calce_CX2_36,1,0.10229694273814638
calce_CX2_36,1,0.09949659962450208
calce_CX2_36,1,0.2929244942363777
calce_CX2_36,1,0.09756596225837932
calce_CX2_36,1,0.09337828894025013
calce_CX2_36,1,0.0905959493836721
calce_CX2_36,1,0.08824417698049347
calce_CX2_36,1,0.08665118797520266
calce_CX2_36,1,0.0861697280689454
calce_CX2_36,1,0.08484676728020135
calce_CX2_36,1,0.08324414551791004
calce_CX2_36,1,0.08241491665745615
calce_CX2_36,1,0.08077202557125096
calce_CX2_36,1,0.07757684484600347
calce_CX2_36,1,0.0775964702090075
calce_CX2_36,1,0.08131686268973937
calce_CX2_36,1,0.11811955547073527
calce_CX2_36,1,0.1263251008513674
calce_CX2_36,1,0.13013509645606125
calce_CX2_36,1,0.13472855446997578
calce_CX2_36,1,0.13444819268089747
calce_CX2_36,1,0.2276542282798194
calce_CX2_36,1,0.22928724064543005
calce_CX2_36,1,0.2406177284122727
calce_CX2_36,1,0.23271352702046877
calce_CX2_36,1,0.21965964913264013
calce_CX2_36,1,0.21513671688634495
calce_CX2_36,1,0.23650098593473023
calce_CX2_36,1,0.24964113321530423
calce_CX2_36,1,0.25043992105550905
calce_CX2_36,1,0.25003231800032566
calce_CX2_36,1,0.25364413291753307
calce_CX2_36,1,0.26013858990966776
calce_CX2_36,1,0.24930747663406183
calce_CX2_36,1,0.23861658188085366
calce_CX2_36,1,0.23304258924227705
calce_CX2_36,1,0.24951147968717136
calce_CX2_36,1,0.2630285262924218
calce_CX2_36,1,0.2620297169768877
calce_CX2_36,1,0.26115146097644315
calce_CX2_36,1,0.45579985393086375
calce_CX2_36,1,0.26422651173148504
calce_CX2_36,1,0.2723810506729403
calce_CX2_36,1,0.46211169427652626
calce_CX2_36,1,0.6988070469924917
calce_CX2_36,1,0.19159904134993055
calce_CX2_36,1,0.22640425504777772
calce_CX2_36,1,0.21378441499453138
calce_CX2_36,1,0.21423360563463234
calce_CX2_36,1,0.2216615524933252
calce_CX2_36,1,0.24875683245515767
calce_CX2_36,1,0.25563808229459484
calce_CX2_36,1,0.25700159557816316
calce_CX2_36,1,0.25968537934764246
calce_CX2_36,1,0.2640460137702242
calce_CX2_36,1,0.27737670377415047
calce_CX2_36,1,0.25489225476059874
calce_CX2_36,1,0.24527548440029245
calce_CX2_36,1,0.24143863324842396
calce_CX2_36,1,0.26958788999041305
calce_CX2_36,1,0.27562873097575846
calce_CX2_36,1,0.2735526523125793
calce_CX2_36,1,0.2771471334254334
calce_CX2_36,1,0.2772544985000558
calce_CX2_36,1,0.2836571225309559
calce_CX2_36,1,0.27053313673367874
calce_CX2_36,1,0.2576759599183056
calce_CX2_36,1,0.25325977975143343
calce_CX2_36,1,0.2827270678222411
calce_CX2_36,1,0.2948368239152469
calce_CX2_36,1,0.29855342476535207
calce_CX2_36,1,0.2994625693139402
calce_CX2_36,1,0.30075144431557127
calce_CX2_36,1,0.30678913313313294
calce_CX2_36,1,0.31173378050360256
calce_CX2_36,1,0.28407798851705013
calce_CX2_36,1,0.27576540731144317
calce_CX2_36,1,0.27102855535257
calce_CX2_36,1,0.3023553976727543
calce_CX2_36,1,0.30936017294402607
calce_CX2_36,1,0.30647121381077513
calce_CX2_36,1,0.30630146804637387
calce_CX2_36,1,0.30695502258025886
calce_CX2_36,1,0.31539061631744664
calce_CX2_36,1,0.31519464909195777
calce_CX2_36,1,0.29163377464521256
calce_CX2_36,1,0.28350371046881784
calce_CX2_36,1,0.27754012220396895
calce_CX2_36,1,0.27329816440084365
calce_CX2_36,1,0.2702576207505598
calce_CX2_36,1,0.26602656366951527
calce_CX2_36,1,0.26304356475853974
calce_CX2_36,1,0.2613760775169055
calce_CX2_36,1,0.2596620018664104
calce_CX2_36,1,0.2578668120756714
calce_CX2_36,1,0.2685101581882018
calce_CX2_36,1,0.2705605742994337
calce_CX2_36,1,0.27953913476655323
calce_CX2_36,1,0.2620931769610455
calce_CX2_36,1,0.25203302049879983
calce_CX2_36,1,0.24683546785750465
calce_CX2_36,1,0.2749381427898171
calce_CX2_36,1,0.2832957237787349
calce_CX2_36,1,0.28297647619888555
calce_CX2_36,1,0.28205636966700554
calce_CX2_36,1,0.28298061541726816
calce_CX2_36,1,0.2888156689873177
calce_CX2_36,1,0.2780377145208214
calce_CX2_36,1,0.26798389347567697
calce_CX2_36,1,0.26127564365031697
calce_CX2_36,1,0.275505016178322
calce_CX2_36,1,0.2906551266401475
calce_CX2_36,1,0.29017616536893953
calce_CX2_36,1,0.2870542254313274
calce_CX2_36,1,0.2912832326696231
calce_CX2_36,1,0.30378870531230534
calce_CX2_36,1,0.31023369975076326
calce_CX2_36,1,0.48207732855900576
calce_CX2_36,1,0.2811740052388174
calce_CX2_36,1,0.27501731299981347
calce_CX2_36,1,0.26872614095398173
calce_CX2_36,1,0.45661693475766507
calce_CX2_36,1,0.2662040857669695
calce_CX2_36,1,0.2625926274884405
calce_CX2_36,1,0.26179125311007423
calce_CX2_36,1,0.259078317447334
calce_CX2_36,1,0.2574398367972399
calce_CX2_36,1,0.25409410701006396
calce_CX2_36,1,0.25476354601816
calce_CX2_36,1,0.2532338798679966
calce_CX2_36,1,0.2511295960055099
calce_CX2_36,1,0.2518918520607337
calce_CX2_36,1,0.25096872628222044
calce_CX2_36,1,0.2493191304917679
calce_CX2_36,1,0.24958946140329008
calce_CX2_36,1,0.25013721309185866
calce_CX2_36,1,0.24923010923002398
calce_CX2_36,1,0.2493784178736741
calce_CX2_36,1,0.25040706666916035
calce_CX2_36,1,0.2751428789329493
calce_CX2_36,1,0.2984917984972464
calce_CX2_36,1,0.30730341744884054
calce_CX2_36,1,0.30893180302704265
calce_CX2_36,1,0.31145093586360967
calce_CX2_36,1,0.31745380254901573
calce_CX2_36,1,0.18285653061347407
calce_CX2_36,1,0.18589742573777135
calce_CX2_36,1,0.19766797141988102
calce_CX2_36,1,0.17531109159317682
calce_CX2_36,1,0.16799204857451322
calce_CX2_36,1,0.17123086428859158
calce_CX2_36,1,0.19913678318516848
calce_CX2_36,1,0.20436021236754387
calce_CX2_36,1,0.20363662638629765
calce_CX2_36,1,0.20552104494329182
calce_CX2_36,1,0.21070650774308342
calce_CX2_36,1,0.21006331545219004
calce_CX2_36,1,0.19298404108301048
calce_CX2_36,1,0.18662127064104705
calce_CX2_36,1,0.20552135702563312
calce_CX2_36,1,0.22153312091483068
calce_CX2_36,1,0.2226483287315274
calce_CX2_36,1,0.22446641396671052
calce_CX2_36,1,0.22876291967654294
calce_CX2_36,1,0.434071594137697
calce_CX2_36,1,0.23763505082891478
calce_CX2_36,1,0.21445460860890198
calce_CX2_36,1,0.20508306450371838
calce_CX2_36,1,0.20961824572379273
calce_CX2_36,1,0.2301483202515352
calce_CX2_36,1,0.2379001414766332
calce_CX2_36,1,0.23398309241235893
calce_CX2_36,1,0.22979576701562632
calce_CX2_36,1,0.23352942125914933
calce_CX2_36,1,0.23398805497229258
calce_CX2_36,1,0.2158192814978389
calce_CX2_36,1,0.20922854705926675
calce_CX2_36,1,0.21869360284334272
calce_CX2_36,1,0.24105095565589463
calce_CX2_36,1,0.24626047970607812
calce_CX2_36,1,0.2481274301056665
calce_CX2_36,1,0.25093612847540525
calce_CX2_36,1,0.2532463131937166
calce_CX2_36,1,0.45376634916508934
calce_CX2_36,1,0.24615204405240942
calce_CX2_36,1,0.2313661805440118
calce_CX2_36,1,0.22606672128922478
calce_CX2_36,1,0.22186754661590036
calce_CX2_36,1,0.21846291704225174
calce_CX2_36,1,0.21610570817160724
calce_CX2_36,1,0.2142178584114126
calce_CX2_36,1,0.21198513102723548
calce_CX2_36,1,0.20967495483576437
calce_CX2_36,1,0.20815975934011777
calce_CX2_36,1,0.20551361670576618
calce_CX2_36,1,-0.3067713403164243
calce_CX2_36,1,-0.31058812444054396
calce_CX2_36,1,-0.31160115481706274
calce_CX2_36,1,0.31881147659553505
calce_CX2_36,1,0.31650921800075765
calce_CX2_36,1,0.29261838725872524
calce_CX2_36,1,0.28800248107961046
calce_CX2_36,1,0.30092124615324733
calce_CX2_36,1,0.32492036661042684
calce_CX2_36,1,0.33066891551025446
calce_CX2_36,1,0.32987841016004205
calce_CX2_36,1,0.3297447049530268
calce_CX2_36,1,0.5078229202505717
calce_CX2_36,1,0.3319387861267181
calce_CX2_36,1,0.34194701221212553
calce_CX2_36,1,0.31668615465500394
calce_CX2_36,1,0.30729544889055493
calce_CX2_36,1,0.30222156048694254
calce_CX2_36,1,0.3253265697541237
calce_CX2_36,1,0.3382136831417412
calce_CX2_36,1,0.3397221002517237
calce_CX2_36,1,0.3354676730423992
calce_CX2_36,1,0.3369134223262145
calce_CX2_36,1,0.33989904794494
calce_CX2_36,1,0.34561955038413006
calce_CX2_36,1,0.33428508686702313
calce_CX2_36,1,0.31540830747580095
calce_CX2_36,1,0.30861044688701805
calce_CX2_36,1,0.30333803240380275
calce_CX2_36,1,0.29953631795185254
calce_CX2_36,1,0.2966904942891361
calce_CX2_36,1,0.29441268170115675
calce_CX2_36,1,0.292817504771245
calce_CX2_36,1,0.29089166090849594
calce_CX2_36,1,0.2895922514540584
calce_CX2_36,1,0.28799527926914303
calce_CX2_36,1,0.28723670409496016
calce_CX2_36,1,0.2867527855346321
calce_CX2_36,1,0.28625085643118053
calce_CX2_36,1,0.2858074265388396
calce_CX2_36,1,0.28587457812334205
calce_CX2_36,1,0.28530966997018636
calce_CX2_36,1,0.2856107538538877
calce_CX2_36,1,0.28474978070842905
calce_CX2_36,1,0.284500878006128
calce_CX2_36,1,0.2843981889534539
calce_CX2_36,1,0.28396919265485643
calce_CX2_36,1,0.2852142568462066
calce_CX2_36,1,0.326611351402928
calce_CX2_36,1,0.342909408422548
calce_CX2_36,1,0.34847290892467164
calce_CX2_36,1,0.35314000241903326
calce_CX2_36,1,0.35802128252679916
calce_CX2_36,1,-0.30474765105946755
calce_CX2_36,1,-0.3101701997043027
calce_CX2_36,1,-0.3096187567419555
calce_CX2_36,1,-0.29958127502306087
calce_CX2_36,1,-0.2936249114925693
calce_CX2_36,1,-0.2909298100206288
calce_CX2_36,1,-0.28804467021551683
calce_CX2_36,1,-0.2859850655388889
calce_CX2_36,1,-0.29644561540220704
calce_CX2_36,1,-0.29611768930035076
calce_CX2_36,1,-0.28400412128620744
calce_CX2_36,1,-0.28077774076087936
calce_CX2_36,1,-0.2788855730127451
calce_CX2_36,1,-0.27673370927338614
calce_CX2_36,1,-0.28464714356383336
calce_CX2_36,1,-0.28686802159262337
calce_CX2_36,1,-0.2812529361820102
calce_CX2_36,1,-0.27358590421673834
calce_CX2_36,1,-0.2717335099978144
calce_CX2_36,1,-0.27022415164812896
calce_CX2_36,1,-0.2685907066368538
calce_CX2_36,1,-0.2772484108015383
calce_CX2_36,1,-0.2801922084619606
calce_CX2_36,1,-0.28027835561146364
calce_CX2_36,1,-0.2802519660182625
calce_CX2_36,1,-0.280919496246524
calce_CX2_36,1,-0.28079621808853106
calce_CX2_36,1,-0.281044034966641
calce_CX2_36,1,-0.2797616767497375
calce_CX2_36,1,-0.27952249904034665
calce_CX2_36,1,-0.27962874310115526
calce_CX2_36,1,-0.2785395564100659
calce_CX2_36,1,-0.27904351220163126
calce_CX2_36,1,-0.27855505215462606
calce_CX2_36,1,-0.27788077469130745
calce_CX2_36,1,-0.277344958898748
calce_CX2_36,1,-0.27191250844323345
calce_CX2_36,1,-0.26196575150313195
calce_CX2_36,1,-0.25960441528016376
calce_CX2_36,1,-0.2576705718362031
calce_CX2_36,1,-0.25623208739302084
calce_CX2_36,1,-0.26646959525634206
calce_CX2_36,1,-0.11237760860079238
calce_CX2_36,1,-0.2634470812508938
calce_CX2_36,1,-0.25484947860276685
calce_CX2_36,1,-0.25247247874721634
calce_CX2_36,1,-0.2527405426313938
calce_CX2_36,1,-0.250355657341953
calce_CX2_36,1,-0.26138426442739715
calce_CX2_36,1,-0.26255838988611724
calce_CX2_36,1,-0.2252010682604879
calce_CX2_36,1,-0.22672827454126088
calce_CX2_36,1,-0.22841374376376566
calce_CX2_36,1,-0.23314824694751746
calce_CX2_36,1,-0.23354119070410806
calce_CX2_36,1,-0.22355298879405905
calce_CX2_36,1,-0.22308853435375275
calce_CX2_36,1,-0.22484259604560575
calce_CX2_36,1,-0.22075698097206953
calce_CX2_36,1,-0.2238495532230318
calce_CX2_36,1,-0.22723250626862157
calce_CX2_36,1,-0.22781317638227683
calce_CX2_36,1,-0.21580783457311004
calce_CX2_36,1,-0.21565626189489606
calce_CX2_36,1,-0.21406751986032146
calce_CX2_36,1,-0.21115936801471458
calce_CX2_36,1,-0.2176778611557142
calce_CX2_36,1,-0.22103052816984237
calce_CX2_36,1,-0.21750510809992418
calce_CX2_36,1,-0.20831161076710547
calce_CX2_36,1,-0.20832757272941893
calce_CX2_36,1,-0.2088051319314015
calce_CX2_36,1,-0.2036876332887978
calce_CX2_36,1,-0.21458689415311816
calce_CX2_36,1,-0.21565731717985392
calce_CX2_36,1,-0.21637149640452802
calce_CX2_36,1,-0.2208171656951754
calce_CX2_36,1,-0.22160027246355418
calce_CX2_36,1,-0.2223043273480323
calce_CX2_36,1,-0.22297649454617519
calce_CX2_36,1,-0.22387419732146796
calce_CX2_36,1,-0.2238082011246456
calce_CX2_36,1,-0.22403778555396747
calce_CX2_36,1,-0.22408706199091366
calce_CX2_36,1,-0.22420626509829678
calce_CX2_36,1,-0.22437751802412964
calce_CX2_36,1,-0.22429479452807843
calce_CX2_36,1,-0.22427025584184346
calce_CX2_36,1,-0.22443726716921586
calce_CX2_36,1,-0.21032621085140701
calce_CX2_36,1,-0.20378230134081354
calce_CX2_36,1,-0.20325296779342605
calce_CX2_36,1,-0.2006896289625062
calce_CX2_36,1,-0.1973233181817332
calce_CX2_36,1,-0.21295796480786677
calce_CX2_36,1,-0.21522099464293487
calce_CX2_36,1,-0.20241015202120916
calce_CX2_36,1,-0.1963053228861643
calce_CX2_36,1,-0.19869710436882237
calce_CX2_36,1,-0.1985922022233727
calce_CX2_36,1,-0.21143168816919755
calce_CX2_36,1,-0.22540154914431643
calce_CX2_36,1,-0.22959441871042707
calce_CX2_36,1,-0.21872316098981393
calce_CX2_36,1,-0.21027071893746885
calce_CX2_36,1,-0.21156360019107145
calce_CX2_36,1,-0.21008087963436206
calce_CX2_36,1,-0.20478730510783838
calce_CX2_36,1,-0.21656899403556285
calce_CX2_36,1,-0.21874973540390563
calce_CX2_36,1,-0.20850446668348765
calce_CX2_36,1,-0.20082723325839935
calce_CX2_36,1,-0.201373250050636
calce_CX2_36,1,-0.19971398775335591
calce_CX2_36,1,-0.1973441047684109
calce_CX2_36,1,-0.20929415386778616
calce_CX2_36,1,-0.2113328628779063
calce_CX2_36,1,-0.21167798269261162
calce_CX2_36,1,-0.2119864582018034
calce_CX2_36,1,-0.2120554784622981
calce_CX2_36,1,-0.21371212831957354
calce_CX2_36,1,-0.2136669416891479
calce_CX2_36,1,-0.21437486920801518
calce_CX2_36,1,-0.2135980162575719
calce_CX2_36,1,-0.2135156427674596
calce_CX2_36,1,-0.21319207536169116
calce_CX2_36,1,-0.2132018778620044
calce_CX2_36,1,-0.21314095412168932
calce_CX2_36,1,-0.21334581002775366
calce_CX2_36,1,-0.21460601057752804
calce_CX2_36,1,-0.21506192070666508
calce_CX2_36,1,-0.20142522368738858
calce_CX2_36,1,-0.1943724368985259
calce_CX2_36,1,-0.1935275482572152
calce_CX2_36,1,-0.19238448817182252
calce_CX2_36,1,-0.18908301052195797
calce_CX2_36,1,-0.20225681439593646
calce_CX2_36,1,-0.20477675645541948
calce_CX2_36,1,-0.192580917733702
calce_CX2_36,1,-0.18628055978624336
calce_CX2_36,1,-0.18756485971810632
calce_CX2_36,1,-0.18690788584472695
calce_CX2_36,1,-0.18450654335777616
calce_CX2_36,1,-0.19616958127228679
calce_CX2_36,1,-0.1996711310852044
calce_CX2_36,1,-0.189337117062087
calce_CX2_36,1,-0.18290375998330177
calce_CX2_36,1,-0.18653141407226115
calce_CX2_36,1,-0.1845987874158027
calce_CX2_36,1,-0.1831917448274889
calce_CX2_36,1,-0.2831553399854927
calce_CX2_36,1,-0.28478537310746455
calce_CX2_36,1,-0.2873544972115176
calce_CX2_36,1,-0.2863689907856224
calce_CX2_36,1,-0.27354710589850817
calce_CX2_36,1,-0.2706649434721291
calce_CX2_36,1,-0.26925251333709466
calce_CX2_36,1,-0.26346637607905676
calce_CX2_36,1,-0.2641121896147034
calce_CX2_36,1,-0.26268425233127246
calce_CX2_36,1,-0.25642143043205445
calce_CX2_36,1,-0.25347672116457254
calce_CX2_36,1,-0.2522754437214385
calce_CX2_36,1,-0.25097976437137914
calce_CX2_36,1,-0.2466017048326219
calce_CX2_36,1,-0.2488367692838902
calce_CX2_36,1,-0.24838556698402603
calce_CX2_36,1,-0.2433092833477588
calce_CX2_36,1,-0.24205310261567692
calce_CX2_36,1,-0.24179026209896826
calce_CX2_36,1,-0.2408588885823637
calce_CX2_36,1,-0.24088297161198802
calce_CX2_36,1,-0.24164539494282988
calce_CX2_36,1,-0.24044169646528335
calce_CX2_36,1,-0.23929997097082145
calce_CX2_36,1,-0.2387365372906043
calce_CX2_36,1,-0.23894909730684133
calce_CX2_36,1,-0.23806392978594615
calce_CX2_36,1,-0.2363631500251564
calce_CX2_36,1,-0.23564019611038867
calce_CX2_36,1,-0.23466453921768515
calce_CX2_36,1,-0.23352823589194105
calce_CX2_36,1,-0.23255376198227418
calce_CX2_36,1,-0.23278855031225087
calce_CX2_36,1,-0.2314607136824669
calce_CX2_36,1,-0.2305707226513496
calce_CX2_36,1,-0.22978492695240504
calce_CX2_36,1,-0.2227985437235327
calce_CX2_36,1,-0.21863383072682985
calce_CX2_36,1,-0.21781485697806757
calce_CX2_36,1,-0.21706338892049937
calce_CX2_38,0,-0.19999999999999996
calce_CX2_38,0,-0.2065771722398162
calce_CX2_38,0,-0.20906574173417503
calce_CX2_38,0,-0.20311256366075958
calce_CX2_38,0,-0.19640256567774017
calce_CX2_38,0,-0.19707163917393355
calce_CX2_38,0,-0.20373558689166904
calce_CX2_38,0,-0.20501693874005755
calce_CX2_38,0,-0.20439829552635258
calce_CX2_38,0,-0.2039820732665738
calce_CX2_38,0,-0.054174714223953924
calce_CX2_38,0,-0.202949988901028
calce_CX2_38,0,-0.20267432504590444
calce_CX2_38,0,-0.20300544382020846
calce_CX2_38,0,-0.2027360653923882
calce_CX2_38,0,-0.2022570851979626
calce_CX2_38,0,-0.20171570785222004
calce_CX2_38,0,-0.2013404037366373
calce_CX2_38,0,-0.20100049361350325
calce_CX2_38,0,-0.20079215048766796
calce_CX2_38,0,-0.20061055532593763
calce_CX2_38,0,-0.20007630923245867
calce_CX2_38,0,-0.1996405077699499
calce_CX2_38,0,-0.1993423737503074
calce_CX2_38,0,-0.19382658232460437
calce_CX2_38,0,-0.1867431723349312
calce_CX2_38,0,-0.1863300978763156
calce_CX2_38,0,-0.18390075261362138
calce_CX2_38,0,-0.1816661632696176
calce_CX2_38,0,-0.18841917571854838
calce_CX2_38,0,-0.1909169105933035
calce_CX2_38,0,-0.18589759661711192
calce_CX2_38,0,-0.17961631789029775
calce_CX2_38,0,-0.1803119901171908
calce_CX2_38,0,-0.18002794382209297
calce_CX2_38,0,-0.17569547137489694
calce_CX2_38,0,-0.18319301472613791
calce_CX2_38,0,-0.18556736260276552
calce_CX2_38,0,-0.1793997813884729
calce_CX2_38,0,-0.17348962149449076
calce_CX2_38,0,-0.17433177048727277
calce_CX2_38,0,-0.17162291121046114
calce_CX2_38,0,-0.17044791256007596
calce_CX2_38,0,-0.17808396103555135
calce_CX2_38,0,-0.1803645759630842
calce_CX2_38,0,-0.17377908668506237
calce_CX2_38,0,-0.16955930497806215
calce_CX2_38,0,-0.1703195830388311
calce_CX2_38,0,-0.17063649112092716
calce_CX2_38,0,-0.17020713244665175
calce_CX2_38,0,-0.1824474026739643
calce_CX2_38,0,-0.18342416598853395
calce_CX2_38,0,-0.18040661750036913
calce_CX2_38,0,-0.1892334526430821
calce_CX2_38,0,-0.1958834127762431
calce_CX2_38,0,-0.19501993047659072
calce_CX2_38,0,-0.1815541566727099
calce_CX2_38,0,-0.18124565126688674
calce_CX2_38,0,-0.17955697304386997
calce_CX2_38,0,-0.1807247483695783
calce_CX2_38,0,-0.17630548629260312
calce_CX2_38,0,-0.010966375363799186
calce_CX2_38,0,-0.1778634432456132
calce_CX2_38,0,-0.18456497879766898
calce_CX2_38,0,-0.18571975343579317
calce_CX2_38,0,-0.17381703415108152
calce_CX2_38,0,-0.17221164002111256
calce_CX2_38,0,-0.17043310446401339
calce_CX2_38,0,-0.16915795268241274
calce_CX2_38,0,-0.1700579021979055
calce_CX2_38,0,-0.17628895429496738
calce_CX2_38,0,-0.17723835436929292
calce_CX2_38,0,-0.16433935404675915
calce_CX2_38,0,-0.16458593548062872
calce_CX2_38,0,-0.16380704888682074
calce_CX2_38,0,-0.16314307927530713
calce_CX2_38,0,-0.16555328416440196
calce_CX2_38,0,-0.17028446575582679
calce_CX2_38,0,-0.17113299528658554
calce_CX2_38,0,-0.17146137288193397
calce_CX2_38,0,-0.17181731603141992
calce_CX2_38,0,-0.17222825598666558
calce_CX2_38,0,-0.17267921553963117
calce_CX2_38,0,-0.1727536496309422
calce_CX2_38,0,-0.17290607705637118
calce_CX2_38,0,-0.17278168856522258
calce_CX2_38,0,-0.1722591808960231
calce_CX2_38,0,-0.1726386797338355
calce_CX2_38,0,-0.17235560364305735
calce_CX2_38,0,-0.17261158664490472
calce_CX2_38,0,-0.17318237802514758
calce_CX2_38,0,-0.173406143810503
calce_CX2_38,0,-0.17298095630439392
calce_CX2_38,0,-0.006441240888417354
calce_CX2_38,0,-0.1565900615768484
calce_CX2_38,0,-0.15849566682091398
calce_CX2_38,0,-0.15614716462229095
calce_CX2_38,0,-0.15407817523299439
calce_CX2_38,0,-0.164053921660967
calce_CX2_38,0,-0.16570645009759932
calce_CX2_38,0,-0.15639463076030435
calce_CX2_38,0,-0.15208572537998033
calce_CX2_38,0,-0.15341297767808837
calce_CX2_38,0,-0.1528804456068139
calce_CX2_38,0,-0.14931057206503073
calce_CX2_38,0,-0.15827547412250154
calce_CX2_38,0,-0.16018378808941358
calce_CX2_38,0,-0.15203369280864154
calce_CX2_38,0,-0.14718698224411753
calce_CX2_38,0,-0.16158052978148174
calce_CX2_38,0,-0.16206990995613935
calce_CX2_38,0,-0.1684448970927478
calce_CX2_38,0,-0.17093210103114398
calce_CX2_38,0,-0.16718585281193754
calce_CX2_38,0,-0.15736201522063253
calce_CX2_38,0,-0.1576592950721324
calce_CX2_38,0,-0.1557570220612251
calce_CX2_38,0,-0.15327412761854475
calce_CX2_38,0,-0.15925633068132994
calce_CX2_38,0,-0.16142465582666554
calce_CX2_38,0,-0.16187840129137077
calce_CX2_38,0,-0.16195091373911552
calce_CX2_38,0,-0.16222938682470278
calce_CX2_38,0,-0.16277701996780158
calce_CX2_38,0,-0.1628530434823383
calce_CX2_38,0,-0.16216974492207636
calce_CX2_38,0,-0.16185378677109918
calce_CX2_38,0,-0.1615296989799464
calce_CX2_38,0,-0.1612212326347967
calce_CX2_38,0,-0.16094403003588076
calce_CX2_38,0,-0.16087090299003015
calce_CX2_38,0,-0.16092547722800554
calce_CX2_38,0,-0.16067459014800634
calce_CX2_38,0,-0.16047278788325592
calce_CX2_38,0,-0.15990092137226075
calce_CX2_38,0,-0.14601336251844332
calce_CX2_38,0,-0.14447288290690996
calce_CX2_38,0,-0.14349583901088958
calce_CX2_38,0,-0.14168042652207058
calce_CX2_38,0,-0.14511179535145557
calce_CX2_38,0,-0.15099887484803032
calce_CX2_38,0,-0.15225662603796453
calce_CX2_38,0,-0.14108145677526396
calce_CX2_38,0,-0.13978031540624736
calce_CX2_38,0,-0.13824008818931754
calce_CX2_38,0,-0.13868661231233959
calce_CX2_38,0,-0.14058882521750438
calce_CX2_38,0,-0.14602517723535913
calce_CX2_38,0,-0.14830251338721834
calce_CX2_38,0,-0.13732992185671677
calce_CX2_38,0,-0.13643941699613438
calce_CX2_38,0,-0.13487052531024335
calce_CX2_38,0,-0.13528623269168594
calce_CX2_38,0,-0.13596679814789137
calce_CX2_38,0,-0.14358141354032394
calce_CX2_38,0,-0.1449710536347132
calce_CX2_38,0,-0.13540090970226593
calce_CX2_38,0,-0.1341261010366087
calce_CX2_38,0,-0.1335459424739035
calce_CX2_38,0,-0.14404284253296373
calce_CX2_38,0,-0.14612900412766316
calce_CX2_38,1,-0.15417550150020154
calce_CX2_38,1,-0.1542075693606143
calce_CX2_38,1,-0.15432352704167196
calce_CX2_38,1,-0.15393124806661296
calce_CX2_38,1,-0.154507192086621
calce_CX2_38,1,-0.15497740417282635
calce_CX2_38,1,-0.15466731711648796
calce_CX2_38,1,-0.15435429177573956
calce_CX2_38,1,-0.15397079191779517
calce_CX2_38,1,-0.15359637984285912
calce_CX2_38,1,-0.15326763544147093
calce_CX2_38,1,-0.15294244917953959
calce_CX2_38,1,-0.15277160917728294
calce_CX2_38,1,-0.15290234393233515
calce_CX2_38,1,-0.15239491267670513
calce_CX2_38,1,-0.15213124732069894
calce_CX2_38,1,-0.1399863172832465
calce_CX2_38,1,-0.1360812259655123
calce_CX2_38,1,-0.1349125484265815
calce_CX2_38,1,0.02800610441303697
calce_CX2_38,1,-0.13196713155459716
calce_CX2_38,1,-0.13827788748005876
calce_CX2_38,1,-0.14220724429458576
calce_CX2_38,1,-0.14119798090258917
calce_CX2_38,1,-0.13089740647116455
calce_CX2_38,1,-0.1318714305184595
calce_CX2_38,1,-0.13110489466224517
calce_CX2_38,1,-0.12960141583023954
calce_CX2_38,1,-0.13343554737395913
calce_CX2_38,1,-0.13874011894743954
calce_CX2_38,1,-0.1405824341496158
calce_CX2_38,1,-0.12956860323676234
calce_CX2_38,1,-0.12952445466072915
calce_CX2_38,1,-0.12959888908825334
calce_CX2_38,1,-0.1284566458718247
calce_CX2_38,1,0.033125812195947235
calce_CX2_38,1,-0.13632150487588834
calce_CX2_38,1,-0.1383713081646547
calce_CX2_38,1,-0.13231484338220312
calce_CX2_38,1,-0.1271617296744696
calce_CX2_38,1,-0.12679338468612156
calce_CX2_38,1,-0.12554464620166395
calce_CX2_38,1,-0.12405421203127698
calce_CX2_38,1,-0.13022280429247235
calce_CX2_38,1,-0.12220787158338975
calce_CX2_38,1,-0.12099208752769319
calce_CX2_38,1,-0.12103616855572075
calce_CX2_38,1,-0.1214448661241948
calce_CX2_38,1,-0.14245601180594591
calce_CX2_38,1,-0.1489137061636917
calce_CX2_38,1,-0.15235792664456216
calce_CX2_38,1,-0.1530855734297023
calce_CX2_38,1,-0.14450532691059859
calce_CX2_38,1,-0.14585382999154317
calce_CX2_38,1,-0.14912374738620515
calce_CX2_38,1,-0.15047158497468438
calce_CX2_38,1,-0.15175438563213994
calce_CX2_38,1,-0.15312008936188992
calce_CX2_38,1,-0.15329398152716434
calce_CX2_38,1,-0.14555156412918113
calce_CX2_38,1,-0.14400407025059436
calce_CX2_38,1,-0.14493750946927275
calce_CX2_38,1,-0.14426085298745617
calce_CX2_38,1,-0.145525596974301
calce_CX2_38,1,-0.1478254825782359
calce_CX2_38,1,-0.14779785311529514
calce_CX2_38,1,-0.13841874235267437
calce_CX2_38,1,-0.1383137869220311
calce_CX2_38,1,-0.13719804581631234
calce_CX2_38,1,-0.13768617489440638
calce_CX2_38,1,-0.13663511479017276
calce_CX2_38,1,-0.14186516766476398
calce_CX2_38,1,-0.14238184972286017
calce_CX2_38,1,-0.13508783204409391
calce_CX2_38,1,-0.1346092272149586
calce_CX2_38,1,-0.13483126159090597
calce_CX2_38,1,-0.13578939934296197
calce_CX2_38,1,-0.13421351165596374
calce_CX2_38,1,-0.13924894259864873
calce_CX2_38,1,-0.14009831282044638
calce_CX2_38,1,-0.14040839939472716
calce_CX2_38,1,-0.14063913442469078
calce_CX2_38,1,-0.14086851925871835
calce_CX2_38,1,-0.14212527397271757
calce_CX2_38,1,-0.14264113645201115
calce_CX2_38,1,-0.1427372568593963
calce_CX2_38,1,-0.1428073925891281
calce_CX2_38,1,-0.14285525473556115
calce_CX2_38,1,-0.14247735133398554
calce_CX2_38,1,-0.14230394417546033
calce_CX2_38,1,-0.1421640300322241
calce_CX2_38,1,-0.1423758275305399
calce_CX2_38,1,-0.1423086749196606
calce_CX2_38,1,-0.1420743857534401
calce_CX2_38,1,-0.138711409962194
calce_CX2_38,1,-0.1306076379788358
calce_CX2_38,1,-0.1289304778092456
calce_CX2_38,1,-0.1288080314749368
calce_CX2_38,1,-0.14063457429417658
calce_CX2_38,1,-0.14240495662138197
calce_CX2_38,1,0.014203571009248517
calce_CX2_38,1,-0.14542635115950875
calce_CX2_38,1,-0.14691624425047956
calce_CX2_38,1,-0.14351049054542875
calce_CX2_38,1,-0.13829655064056479
calce_CX2_38,1,-0.13950037984268016
calce_CX2_38,1,-0.13913482008244715
calce_CX2_38,1,-0.13622853193038054
calce_CX2_38,1,-0.14032376670705793
calce_CX2_38,1,-0.14193681895911914
calce_CX2_38,1,-0.14071067116418234
calce_CX2_38,1,-0.1317604588183714
calce_CX2_38,1,-0.13165849246356798
calce_CX2_38,1,-0.13134377512346995
calce_CX2_38,1,-0.13093844589993597
calce_CX2_38,1,-0.1333014218696318
calce_CX2_38,1,-0.1368744436656909
calce_CX2_38,1,0.01250574666331894
calce_CX2_38,1,-0.12861196519664575
calce_CX2_38,1,-0.1262707354799686
calce_CX2_38,1,-0.12734563186851477
calce_CX2_38,1,-0.12793981996210357
calce_CX2_38,1,0.02592466338253252
calce_CX2_38,1,-0.12990349296486559
calce_CX2_38,1,-0.13268188543492798
calce_CX2_38,1,-0.13338542173212553
calce_CX2_38,1,-0.13414864474213994
calce_CX2_38,1,-0.13441517348705478
calce_CX2_38,1,-0.13493703425278392
calce_CX2_38,1,-0.13577125707815996
calce_CX2_38,1,-0.13558959679771376
calce_CX2_38,1,-0.1354277038566526
calce_CX2_38,1,-0.1354099297268142
calce_CX2_38,1,-0.13510288369263834
calce_CX2_38,1,-0.1348448017059367
calce_CX2_38,1,-0.1349907524267363
calce_CX2_38,1,-0.1351858241062579
calce_CX2_38,1,-0.13525368420916817
calce_CX2_38,1,-0.13520920736966835
calce_CX2_38,1,-0.1349641895774102
calce_CX2_38,1,0.018677107699204054
calce_CX2_38,1,-0.12234142570715612
calce_CX2_38,1,-0.1229883927130444
calce_CX2_38,1,-0.12321593862050173
calce_CX2_38,1,-0.12197409570677553
calce_CX2_38,1,-0.1268478743652206
calce_CX2_38,1,-0.1298198169754904
calce_CX2_38,1,-0.1288693225289136
calce_CX2_38,1,-0.1267888661391634
calce_CX2_38,1,-0.12844115516117338
calce_CX2_38,1,-0.13000780958753033
calce_CX2_38,1,-0.13448657683019194
calce_CX2_38,1,-0.1348652109270142
calce_CX2_38,1,-0.12665629396891775
calce_CX2_38,1,-0.12488094833851238
calce_CX2_38,1,-0.12480820182171659
calce_CX2_38,1,-0.12362831010227993
calce_CX2_38,1,-0.121854303560614
calce_CX2_38,1,-0.1289022074545222
calce_CX2_38,1,-0.12993521184367596
calce_CX2_38,1,-0.122273775418139
calce_CX2_38,1,-0.11844912509182037
calce_CX2_38,1,-0.12083822623756191
calce_CX2_38,1,-0.11490374078608556
calce_CX2_38,1,-0.10781558549409398
calce_CX2_38,1,-0.11894521429957272
calce_CX2_38,1,-0.12225011438428579
calce_CX2_38,1,0.024799885435364044
calce_CX2_38,1,-0.10629375212145675
calce_CX2_38,1,-0.10555037778760235
calce_CX2_38,1,-0.10385287457648718
calce_CX2_38,1,-0.10261808277687556
calce_CX2_38,1,-0.10434768832605035
calce_CX2_38,1,-0.11445886768907854
calce_CX2_38,1,-0.116652956922354
calce_CX2_38,1,-0.1179557631026652
calce_CX2_38,1,-0.11885734561435435
calce_CX2_38,1,-0.1199039229533394
calce_CX2_38,1,-0.12182414448383239
calce_CX2_38,1,-0.12217215622589517
calce_CX2_38,1,-0.12225389347738858
calce_CX2_38,1,-0.12113438051586756
calce_CX2_38,1,-0.12092103521023279
calce_CX2_38,1,-0.12079891718333235
calce_CX2_38,1,-0.12071312735199191
calce_CX2_38,1,-0.12123563306166152
calce_CX2_38,1,-0.12135062950514552
calce_CX2_38,1,-0.12144549962654672
calce_CX2_38,1,-0.12156418750360498
calce_CX2_38,1,-0.11884248209843751
calce_CX2_38,1,-0.10237872830747641
calce_CX2_38,1,-0.1003173041061064
calce_CX2_38,1,-0.09908263249952587
calce_CX2_38,1,-0.09771483550761717
calce_CX2_38,1,-0.10242964937556798
calce_CX2_38,1,-0.11041413769768071
calce_CX2_38,1,-0.11276071556257639
calce_CX2_38,1,-0.09842542080395011
calce_CX2_38,1,-0.10159690922338871
calce_CX2_38,1,-0.09991578230530629
calce_CX2_38,1,-0.10602165126483731
calce_CX2_38,1,-0.11183888674067077
calce_CX2_38,1,-0.11299112648483634
calce_CX2_38,1,-0.0969268505844425
calce_CX2_38,1,-0.09589061541085397
calce_CX2_38,1,-0.09407410447607534
calce_CX2_38,1,-0.09334570725344193
calce_CX2_38,1,-0.09527410702118466
calce_CX2_38,1,-0.09508156624753239
calce_CX2_38,1,-0.1092566211635444
calce_CX2_38,1,-0.11386215694007373
calce_CX2_38,1,-0.10623532275183678
calce_CX2_38,1,-0.0995275120563951
calce_CX2_38,1,-0.10097891005922399
calce_CX2_38,1,-0.09915149495411546
calce_CX2_38,1,-0.0982537711727598
calce_CX2_38,1,-0.1060673936021419
calce_CX2_38,1,-0.11100815992701796
calce_CX2_38,1,-0.10981346229886013
calce_CX2_38,1,-0.0990256923430266
calce_CX2_38,1,-0.09837854580497163
calce_CX2_38,1,-0.09564706887693097
calce_CX2_38,1,-0.09467939518312318
calce_CX2_38,1,-0.09792578256446238
calce_CX2_38,1,-0.10457518982868996
calce_CX2_38,1,-0.10615819399685
calce_CX2_38,1,-0.09401787173774845
calce_CX2_38,1,-0.09652842487785773
calce_CX2_38,1,-0.09722059385703419
calce_CX2_38,1,-0.09697803321874654
calce_CX2_38,1,-0.09495561018346776
calce_CX2_38,1,-0.10279284292206259
calce_CX2_38,1,-0.10374641868421841
calce_CX2_38,1,-0.09764217958431654
calce_CX2_38,1,-0.09498335365238664
calce_CX2_38,1,-0.09536726268717854
calce_CX2_38,1,-0.09517793713025746
calce_CX2_38,1,-0.09310219363041616
calce_CX2_38,1,-0.09901451637885417
calce_CX2_38,1,-0.10071516429867988
calce_CX2_38,1,-0.10142605573969077
calce_CX2_38,1,-0.10162418929979256
calce_CX2_38,1,-0.10167042317411856
calce_CX2_38,1,-0.10183956728713217
calce_CX2_38,1,-0.10204382569976833
calce_CX2_38,1,-0.1032480045453088
calce_CX2_38,1,-0.10339801327507758
calce_CX2_38,1,-0.10334831892099294
calce_CX2_38,1,-0.10303426097194257
calce_CX2_38,1,-0.10284005222862114
calce_CX2_38,1,-0.10260334009771799
calce_CX2_38,1,-0.10094055666034274
calce_CX2_38,1,-0.10073383780182155
calce_CX2_38,1,-0.1004622106073233
calce_CX2_38,1,-0.0998765320753956
calce_CX2_38,1,-0.09225981902555569
calce_CX2_38,1,-0.09357020700167862
calce_CX2_38,1,-0.09268990245775277
calce_CX2_38,1,-0.09729180901928869
calce_CX2_38,1,-0.10086538647286092
calce_CX2_38,1,-0.10060797825881629
calce_CX2_38,1,-0.09028968389517877
calce_CX2_38,1,-0.08911722745354911
calce_CX2_38,1,-0.0887210012342321
calce_CX2_38,1,-0.08725251552004565
calce_CX2_38,1,-0.08919227905192761
calce_CX2_38,1,-0.09493141405717942
calce_CX2_38,1,-0.09588035416126883
calce_CX2_38,1,-0.08725708453965952
calce_CX2_38,1,-0.08515069660596997
calce_CX2_38,1,-0.08638187387264962
calce_CX2_38,1,-0.08509707383292575
calce_CX2_38,1,-0.08347525155771762
calce_CX2_38,1,-0.0905289250080753
calce_CX2_38,1,-0.09172923016016699
calce_CX2_38,1,-0.0865867194129688
calce_CX2_38,1,-0.08085956082995227
calce_CX2_38,1,-0.08185090366616976
calce_CX2_38,1,0.07937395430531635
calce_CX2_38,1,-0.08097745224442687
calce_CX2_38,1,-0.07953903010897834
calce_CX2_38,1,-0.08725225092335409
calce_CX2_38,1,-0.08883580236663002
calce_CX2_38,1,-0.08160461123299789
calce_CX2_38,1,-0.0787851492038425
calce_CX2_38,1,-0.07948555538734181
calce_CX2_38,1,-0.07951824995985379
calce_CX2_38,1,0.08368873321505577
calce_CX2_38,1,-0.08053369350705086
calce_CX2_38,1,-0.08488831329279478
calce_CX2_38,1,-0.08596154828731539
calce_CX2_38,1,-0.08657809437223785
calce_CX2_38,1,-0.08713713977872628
calce_CX2_38,1,-0.08773285605641579
calce_CX2_38,1,-0.08831252344701845
calce_CX2_38,1,-0.08861320963458541
calce_CX2_38,1,-0.0890963381048242
calce_CX2_38,1,-0.08949343567034551
calce_CX2_38,1,-0.0899489933318115
calce_CX2_38,1,-0.09038671746509297
calce_CX2_38,1,-0.0904738896550622
calce_CX2_38,1,-0.09071022741178802
calce_CX2_38,1,-0.09105599516057505
calce_CX2_38,1,-0.09138772163813569
calce_CX2_38,1,-0.0915336941483238
calce_CX2_38,1,-0.08941558845108022
calce_CX2_38,1,0.10231443239137761
calce_CX2_38,1,-0.07056964290263879
calce_CX2_38,1,-0.07111716588719785
calce_CX2_38,1,-0.08159642458961036
calce_CX2_38,1,-0.08336899545535836
calce_CX2_38,1,-0.0756675670357837
calce_CX2_38,1,-0.07417664794990653
calce_CX2_38,1,-0.0738856774277854
calce_CX2_38,1,-0.07572560688224772
calce_CX2_38,1,-0.07488373532763659
calce_CX2_38,1,0.08356925152991301
calce_CX2_38,1,-0.0799690103010876
calce_CX2_38,1,-0.08120059807713287
calce_CX2_38,1,-0.07389016266792525
calce_CX2_38,1,-0.0732427748922092
calce_CX2_38,1,-0.07286986809171836
calce_CX2_38,1,-0.07403713675493218
calce_CX2_38,1,-0.07297960076627152
calce_CX2_38,1,-0.07800429013746679
calce_CX2_38,1,-0.07833871924524272
calce_CX2_38,1,-0.07287940197731035
calce_CX2_38,1,-0.06992199420526046
calce_CX2_38,1,-0.0704397203724616
calce_CX2_38,1,-0.06945851173604922
calce_CX2_38,1,-0.06897165338317879
calce_CX2_38,1,-0.0745211272952595
calce_CX2_38,1,-0.07740866701755877
calce_CX2_38,1,-0.07863034496260879
calce_CX2_38,1,-0.0734649268820905
calce_CX2_38,1,-0.07249991645691833
calce_CX2_38,1,-0.07377452199077894
calce_CX2_38,1,-0.0745251389771483
calce_CX2_38,1,-0.07397494655627235
calce_CX2_38,1,-0.07983672283393595
calce_CX2_38,1,-0.08097752437525252
calce_CX2_38,1,-0.08171040704948529
calce_CX2_38,1,-0.081270306292765
calce_CX2_38,1,-0.08172331861701876
calce_CX2_38,1,-0.08244562996018412
calce_CX2_38,1,-0.08276369921584548
calce_CX2_38,1,-0.08301465724925905
calce_CX2_38,1,-0.08329830306872976
calce_CX2_38,1,-0.08352236775532584
calce_CX2_38,1,-0.08359850082674258
calce_CX2_38,1,-0.08334419748388089
calce_CX2_38,1,-0.08346958789208447
calce_CX2_38,1,-0.08430954819073844
calce_CX2_38,1,-0.08414235300932538
calce_CX2_38,1,-0.08369170172847873
calce_CX2_38,1,-0.08334706610547993
calce_CX2_38,1,-0.08099733008497678
calce_CX2_38,1,-0.08159160794114007
calce_CX2_38,1,-0.08438315845048938
calce_CX2_38,1,-0.08784409383231084
calce_CX2_38,1,-0.08825802331587973
calce_CX2_38,1,-0.08224575004855017
calce_CX2_38,1,-0.0785211549305962
calce_CX2_38,1,-0.07918899719768857
calce_CX2_38,1,-0.07832553906117579
calce_CX2_38,1,-0.07734811876769454
calce_CX2_38,1,-0.08484278929836231
calce_CX2_38,1,-0.08569656950917848
calce_CX2_38,1,-0.08177928880409724
calce_CX2_38,1,-0.07758268984897765
calce_CX2_38,1,-0.07617145479015897
calce_CX2_38,1,-0.07532402267719684
calce_CX2_38,1,-0.07450148552737579
calce_CX2_38,1,0.07893981103089065
calce_CX2_38,1,-0.08140714258710713
calce_CX2_38,1,-0.08254591578981874
calce_CX2_38,1,-0.07720844949522787
calce_CX2_38,1,-0.07296134374579366
calce_CX2_38,1,0.5315079201427071
calce_CX2_38,1,-0.09744191809069758
calce_CX2_38,1,-0.09136812230103797
calce_CX2_38,1,-0.07212949350703624
calce_CX2_38,1,-0.07873583353820734
calce_CX2_38,1,-0.08567509623830905
calce_CX2_38,1,-0.08734654782979667
calce_CX2_38,1,0.08297937800903088
calce_CX2_38,1,-0.06344572697409423
calce_CX2_38,1,-0.06024027149466471
calce_CX2_38,1,-0.058937808829618965
calce_CX2_38,1,-0.057053066913368755
calce_CX2_38,1,-0.06711212233803732
calce_CX2_38,1,-0.0716921193612079
calce_CX2_38,1,-0.06885251240032186
calce_CX2_38,1,-0.05501862331742424
calce_CX2_38,1,-0.05435061430996291
calce_CX2_38,1,-0.05176016123842331
calce_CX2_38,1,-0.05074563681215316
calce_CX2_38,1,-0.05158715066324282
calce_CX2_38,1,-0.06132697195305037
calce_CX2_38,1,0.09218423562933853
calce_CX2_38,1,-0.056979195160330454
calce_CX2_38,1,-0.0471778848461355
calce_CX2_38,1,-0.04803619853672525
calce_CX2_38,1,-0.04643972446517963
calce_CX2_38,1,-0.04422829711967069
calce_CX2_38,1,-0.0417710911139344
calce_CX2_38,1,-0.04041163576536866
calce_CX2_38,1,-0.03920481672527598
calce_CX2_38,1,-0.0382044733180249
calce_CX2_38,1,-0.03885241133168549
calce_CX2_38,1,-0.042807748441971216
calce_CX2_38,1,-0.050075939267875236
calce_CX2_38,1,-0.04890401963459079
calce_CX2_38,1,-0.04885033778505887
calce_CX2_38,1,-0.049500989437504805
calce_CX2_38,1,-0.05044387427193542
calce_CX2_38,1,-0.05079232465273442
calce_CX2_38,1,-0.051270025029203414
calce_CX2_38,1,-0.051642240053795696
calce_CX2_38,1,-0.05142228678019489
calce_CX2_38,1,-0.05081912441569403
calce_CX2_38,1,-0.050237901158864395
calce_CX2_38,1,-0.04970119923471228
calce_CX2_38,1,-0.04949427987866439
calce_CX2_38,1,-0.04913689568966517
calce_CX2_38,1,-0.04929660371562994
calce_CX2_38,1,-0.04991704358270688
calce_CX2_38,1,-0.04966234017454585
calce_CX2_38,1,-0.048536374706244056
calce_CX2_38,1,-0.0578679426571177
calce_CX2_38,1,-0.05943114767798319
calce_CX2_38,1,-0.05669244965452824
calce_CX2_38,1,-0.055131389629607286
calce_CX2_38,1,0.10823697950855982
calce_CX2_38,1,-0.05197585638798907
calce_CX2_38,1,-0.05340967023430343
calce_CX2_38,1,-0.05520435413133651
calce_CX2_38,1,-0.05579529451600884
calce_CX2_38,1,-0.05479541235583574
calce_CX2_38,1,-0.05266162232276783
calce_CX2_38,1,-0.051840379543819926
calce_CX2_38,1,-0.05147358916810274
calce_CX2_38,1,-0.05079004122242814
calce_CX2_38,1,-0.05128006650491057
calce_CX2_38,1,-0.06115108265619873
calce_CX2_38,1,-0.048137606610093586
calce_CX2_38,1,0.11685779114839301
calce_CX2_38,1,-0.04176888791010058
calce_CX2_38,1,0.12255270566842946
calce_CX2_38,1,-0.03947269818592203
calce_CX2_38,1,-0.038627377683182695
calce_CX2_38,1,-0.037735760008724584
calce_CX2_38,1,-0.039785909136583975
calce_CX2_38,1,-0.03992382178634124
calce_CX2_38,1,-0.03806437796226869
calce_CX2_38,1,-0.03620930944149936
calce_CX2_38,1,-0.0328196805222547
calce_CX2_38,1,-0.03035032463917775
calce_CX2_38,1,-0.028920085331632484
calce_CX2_38,1,-0.03020832541351426
calce_CX2_38,1,-0.029712691676842762
calce_CX2_38,1,-0.02948461428632132
calce_CX2_38,1,-0.027307737793880404
calce_CX2_38,1,-0.02605775099603047
calce_CX2_38,1,-0.024710999568350767
calce_CX2_38,1,-0.023651539261900556
calce_CX2_38,1,-0.022698189489716136
calce_CX2_38,1,-0.023214244616018176
calce_CX2_38,1,-0.02367600094038458
calce_CX2_38,1,-0.023648601421105808
calce_CX2_38,1,-0.023394624988071655
calce_CX2_38,1,-0.023007440617628716
calce_CX2_38,1,-0.022492443645403926
calce_CX2_38,1,-0.02220788648674077
calce_CX2_38,1,-0.021690791073071813
calce_CX2_38,1,-0.020788752363264718
calce_CX2_38,1,-0.02061928025766968
calce_CX2_38,1,-0.02020077853833857
calce_CX2_38,1,-0.019079620111080442
calce_CX2_38,1,-0.028190156420900392
calce_CX2_38,1,-0.028942857515381948
calce_CX2_38,1,-0.028454536756682303
calce_CX2_38,1,-0.028188897645347488
calce_CX2_38,1,-0.027600151620066238
calce_CX2_38,1,-0.02724431291061502
calce_CX2_38,1,-0.03045365052708049
calce_CX2_38,1,-0.03228982544362402
calce_CX2_38,1,-0.029792163440655606
calce_CX2_38,1,-0.02606191655082335
calce_CX2_38,1,-0.02164970632694152
calce_CX2_38,1,-0.019201726633758076
calce_CX2_38,1,-0.017689012792585723
calce_CX2_38,1,-0.017157095288528157
calce_CX2_38,1,-0.018408827435747677
calce_CX2_38,1,-0.019191631058692926
calce_CX2_38,1,-0.017094284754145872
calce_CX2_38,1,-0.013909140508508444
calce_CX2_38,1,-0.01280370718193602
calce_CX2_38,1,-0.012236285849497985
calce_CX2_38,1,-0.01114122821981789
calce_CX2_38,1,-0.013165133962631637
calce_CX2_38,1,-0.013491616788476435
calce_CX2_38,1,-0.012896207926512804
calce_CX2_38,1,-0.009956699595800256
calce_CX2_38,1,-0.008672840707203422
calce_CX2_38,1,-0.007621248440955908
calce_CX2_38,1,0.16890251379044874
calce_CX2_38,1,-0.004377057492916281
calce_CX2_38,1,-0.0049496684891848775
calce_CX2_38,1,-0.0046623332227045955
calce_CX2_38,1,-0.01007964369421288
calce_CX2_38,1,-0.014302632179286956
calce_CX2_38,1,-0.0157657670992829
calce_CX2_38,1,-0.016891225486514894
calce_CX2_38,1,-0.0172238663867037
calce_CX2_38,1,-0.017596201759165542
calce_CX2_38,1,-0.017948254678405218
calce_CX2_38,1,-0.01796923030557307
calce_CX2_38,1,0.14986099617930004
calce_CX2_38,1,-0.01571482294203319
calce_CX2_38,1,-0.016526078865227944
calce_CX2_38,1,-0.016711550666654085
calce_CX2_38,1,-0.016647140590348997
calce_CX2_38,1,-0.011267970085542589
calce_CX2_38,1,-0.0038946756661950577
calce_CX2_38,1,-0.0037803895212711325
calce_CX2_38,1,-0.0018853746569367225
calce_CX2_38,1,0.0011883791166805713
calce_CX2_38,1,0.00307281078748467
calce_CX2_38,1,-0.0042128222555275485
calce_CX2_38,1,-0.008676225533109316
calce_CX2_38,1,-0.002825862211011998
calce_CX2_38,1,-0.0009536522270746639
calce_CX2_38,1,-0.002860357501053512
calce_CX2_38,1,-0.0034342337473345363
calce_CX2_38,1,-0.003624215522368801
calce_CX2_38,1,-0.006265015405799601
calce_CX2_38,1,-0.005886094977448408
calce_CX2_38,1,-0.0027044737059263024
calce_CX2_38,1,-0.001139351350606943
calce_CX2_38,1,0.0017235667198233218
calce_CX2_38,1,0.005495121554314419
calce_CX2_38,1,0.0057855598508436135
calce_CX2_38,1,0.007044449667879871
calce_CX2_38,1,0.009085431442633962
calce_CX2_38,1,0.009838611770064398
calce_CX2_38,1,-0.01903681395940504
calce_CX2_38,1,-0.0045774931086078885
calce_CX2_38,1,-0.00196209304306727
calce_CX2_38,1,0.0013739275817504781
calce_CX2_38,1,0.003259858031734564
calce_CX2_38,1,0.00473175186766206
calce_CX2_38,1,0.00657041676558312
calce_CX2_38,1,0.007040987410705135
calce_CX2_38,1,0.00345073315136335
calce_CX2_38,1,0.003280292156250475
calce_CX2_38,1,0.006317370459250626
calce_CX2_38,1,0.009635964186291313
calce_CX2_38,1,0.011343049315751585
calce_CX2_38,1,0.012981926861498239
calce_CX2_38,1,0.014394900121226462
calce_CX2_38,1,0.014233261611182768
calce_CX2_38,1,0.010190359888436418
calce_CX2_38,1,0.011129096534337357
calce_CX2_38,1,0.015929902153812847
calce_CX2_38,1,0.019739959651330685
calce_CX2_38,1,0.02127868755301976
calce_CX2_38,1,0.022618798460987688
calce_CX2_38,1,0.023915771054429102
calce_CX2_38,1,0.02241168692250428
calce_CX2_38,1,0.024427418556255076
calce_CX2_38,1,0.025335765915328157
calce_CX2_38,1,0.02695295659396424
calce_CX2_38,1,0.02801411160044931
calce_CX2_38,1,0.029126299782054166
calce_CX2_38,1,0.030123233055413978
calce_CX2_38,1,0.03108763271308479
calce_CX2_38,1,0.20582586373711353
calce_CX2_38,1,0.029588779619654004
calce_CX2_38,1,0.028116932949933227
calce_CX2_38,1,0.02920734629224986
calce_CX2_38,1,0.032319309942311136
calce_CX2_38,1,0.03339507295976474
calce_CX2_38,1,0.033538090406789456
calce_CX2_38,1,0.03405015975259884
calce_CX2_38,1,0.034759825239316866
calce_CX2_38,1,0.03598216170899349
calce_CX2_38,1,0.03621456424152847
calce_CX2_38,1,0.03689721878388452
calce_CX2_38,1,0.2139703805442693
calce_CX2_38,1,0.039501479838512044
calce_CX2_38,1,0.039609651573365046
calce_CX2_38,1,0.04011099639833382
calce_CX2_38,1,0.04079215082974996
calce_CX2_38,1,0.04027727794234259
calce_CX2_38,1,0.03676548532169421
calce_CX2_38,1,0.01575407691315378
calce_CX2_38,1,0.013197055105728994
calce_CX2_38,1,0.011602210310976524
calce_CX2_38,1,0.011456678567037248
calce_CX2_38,1,0.012525553360579478
calce_CX2_38,1,0.013543927830807934
calce_CX2_38,1,0.013776485738855926
calce_CX2_38,1,0.015050348657290158
calce_CX2_38,1,0.19336153326723415
calce_CX2_38,1,0.01848885515599319
calce_CX2_38,1,0.021217324022891004
calce_CX2_38,1,0.022119031966433833
calce_CX2_38,1,0.023504520838205423
calce_CX2_38,1,0.20562485974224776
calce_CX2_38,1,0.027760672757966898
calce_CX2_38,1,0.02646548161168949
calce_CX2_38,1,0.027201428035835362
calce_CX2_38,1,0.02563241206475908
calce_CX2_38,1,0.028726776521621034
calce_CX2_38,1,0.030195304609872076
calce_CX2_38,1,0.030297714473808357
calce_CX2_38,1,0.03186342597483238
calce_CX2_38,1,0.032879643841238315
calce_CX2_38,1,0.029198398445658302
calce_CX2_38,1,0.028537280684871935
calce_CX2_38,1,0.028739909281053855
calce_CX2_38,1,0.02970232767833214
calce_CX2_38,1,0.03054314573902217
calce_CX2_38,1,0.030468329861921717
calce_CX2_38,1,0.030685236000026928
calce_CX2_38,1,0.028607526394325178
calce_CX2_38,1,0.026932712880326837
calce_CX2_38,1,0.028138847489771468
calce_CX2_38,1,0.03069828428303989
calce_CX2_38,1,0.032600891900715245
calce_CX2_38,1,0.03494115665573094
calce_CX2_38,1,0.038580806315909655
calce_CX2_38,1,0.038818091481759964
calce_CX2_38,1,0.036386581876896584
calce_CX2_38,1,0.03767790606189192
calce_CX2_38,1,0.03678875062324527
calce_CX2_38,1,0.04045458666755808
calce_CX2_38,1,0.041244597136089856
calce_CX2_38,1,0.2252120814613806
calce_CX2_38,1,0.045494289847546665
calce_CX2_38,1,0.04504454319475637
calce_CX2_38,1,0.043589372037135976
calce_CX2_38,1,0.039120962512092516
calce_CX2_38,1,0.03907030236389397
calce_CX2_38,1,0.04082877207052027
calce_CX2_38,1,0.02646512188932937
calce_CX2_38,1,0.027670548750349466
calce_CX2_38,1,0.028270541206724564
calce_CX2_38,1,0.029372467718990602
calce_CX2_38,1,0.029597598902797673
calce_CX2_38,1,0.02947537902781061
calce_CX2_38,1,0.02540393891968129
calce_CX2_38,1,0.02768868582447437
calce_CX2_38,1,0.03143551873650763
calce_CX2_38,1,0.03356652658801029
calce_CX2_38,1,0.034996924764404636
calce_CX2_38,1,0.037183731195215786
calce_CX2_38,1,0.03773412236981488
calce_CX2_38,1,0.22045979302070395
calce_CX2_38,1,0.04116791934035757
calce_CX2_38,1,0.040187584281506705
calce_CX2_38,1,0.0408281517371305
calce_CX2_38,1,0.041552669988259905
calce_CX2_38,1,0.04615644922760853
calce_CX2_38,1,0.04737321117731963
calce_CX2_38,1,0.04853132966534568
calce_CX2_38,1,0.049750173756823224
calce_CX2_38,1,0.05002101335846221
calce_CX2_38,1,0.047717131715337535
calce_CX2_38,1,0.047582059573199054
calce_CX2_38,1,0.04869924241987145
calce_CX2_38,1,0.0511027067775679
calce_CX2_38,1,0.05236589434904071
calce_CX2_38,1,0.05264923556065648
calce_CX2_38,1,0.051188768555210706
calce_CX2_38,1,0.04976816488821534
calce_CX2_38,1,0.048518774215947524
calce_CX2_38,1,0.050453151837432375
calce_CX2_38,1,0.052921520564786384
calce_CX2_38,1,0.054389464203166704
calce_CX2_38,1,0.056826093106065234
calce_CX2_38,1,0.05788212999244846
calce_CX2_38,1,0.057238408378847305
calce_CX2_38,1,0.05531191175544792
calce_CX2_38,1,0.057518025331232514
calce_CX2_38,1,0.05958343954638512
calce_CX2_38,1,0.061671505259162096
calce_CX2_38,1,0.06294568835770975
calce_CX2_38,1,0.06385436117189935
calce_CX2_38,1,0.06446635424272218
calce_CX2_38,1,0.06185733126026538
calce_CX2_38,1,0.05904005336081908
calce_CX2_38,1,0.05955699936457237
calce_CX2_38,1,0.058873403613335595
calce_CX2_38,1,0.05848200566103601
calce_CX2_38,1,0.052510705253303924
calce_CX2_38,1,0.050189825417204514
calce_CX2_38,1,0.05116263093620721
calce_CX2_38,1,0.05620002760405107
calce_CX2_38,1,0.05825237093105906
calce_CX2_38,1,0.059052458224768345
calce_CX2_38,1,0.06080108425045838
calce_CX2_38,1,0.06460920340899134
calce_CX2_38,1,0.056230774384775084
calce_CX2_38,1,0.05425713907223473
calce_CX2_38,1,0.05803534040226499
calce_CX2_38,1,0.0624690336977588
calce_CX2_38,1,0.06479736681141435
calce_CX2_38,1,0.06693622234484864
calce_CX2_38,1,0.06648375103485882
calce_CX2_38,1,0.061442507473633334
calce_CX2_38,1,0.06178865776294329
calce_CX2_38,1,0.06089380090365093
calce_CX2_38,1,0.06450391624735985
calce_CX2_38,1,0.06617623249368954
calce_CX2_38,1,0.06668507559654357
calce_CX2_38,1,0.06662764641087338
calce_CX2_38,1,0.0659392723468375
calce_CX2_38,1,0.0626808156198797
calce_CX2_38,1,0.061986447105076614
calce_CX2_38,1,0.06583374328876157
calce_CX2_38,1,0.065323108591952
calce_CX2_38,1,0.06517833579059629
calce_CX2_38,1,0.06801010913982253
calce_CX2_38,1,0.06906001690802976
calce_CX2_38,1,0.0670913655923453
calce_CX2_38,1,0.06476239507352022
calce_CX2_38,1,0.0669836253833388
calce_CX2_38,1,0.06707270082847805
calce_CX2_38,1,0.07231161095186567
calce_CX2_38,1,0.07338950426004276
calce_CX2_38,1,0.078356118232217
calce_CX2_38,1,0.08017799598331121
calce_CX2_38,1,0.07799237083324406
calce_CX2_38,1,0.07634944852423253
calce_CX2_38,1,0.076874707497258
calce_CX2_38,1,0.07692774811170111
calce_CX2_38,1,0.07739983977687759
calce_CX2_38,1,0.07835680835690795
calce_CX2_38,1,0.08333837198008909
calce_CX2_38,1,0.0809257492484815
calce_CX2_38,1,0.07930529715948709
calce_CX2_38,1,0.08128869134870786
calce_CX2_38,1,0.07965501017315746
calce_CX2_38,1,0.08170278414026366
calce_CX2_38,1,0.06977195247206125
calce_CX2_38,1,0.06980688335242824
calce_CX2_38,1,0.07302750826817317
calce_CX2_38,1,0.07546534756509027
calce_CX2_38,1,0.07938781641859305
calce_CX2_38,1,0.0831908462361649
calce_CX2_38,1,0.08395040855861147
calce_CX2_38,1,0.07973543703972408
calce_CX2_38,1,0.07789683185149843
calce_CX2_38,1,0.07650421710362221
calce_CX2_38,1,0.07971031779718585
calce_CX2_38,1,0.08111133827746797
calce_CX2_38,1,0.08240285992854679
calce_CX2_38,1,0.0831223744536107
calce_CX2_38,1,0.08015108152482942
calce_CX2_38,1,0.07773180903957233
calce_CX2_38,1,0.0796091316678108
calce_CX2_38,1,0.07881398093107961
calce_CX2_38,1,0.08159453609920198
calce_CX2_38,1,0.083391181446134
calce_CX2_38,1,0.08511786523518072
calce_CX2_38,1,0.08668556494840285
calce_CX2_38,1,0.08742618595466578
calce_CX2_38,1,0.08427618727383568
calce_CX2_38,1,0.08449680587330854
calce_CX2_38,1,0.08452467237417927
calce_CX2_38,1,0.08795248873039674
calce_CX2_38,1,0.08917002271188412
calce_CX2_38,1,0.09045854514778273
calce_CX2_38,1,0.09123386925140209
calce_CX2_38,1,0.09151724089129976
calce_CX2_38,1,0.0868007807382527
calce_CX2_38,1,0.08913777623345864
calce_CX2_38,1,0.09515355427773942
calce_CX2_38,1,0.09497943231852413
calce_CX2_38,1,0.09814424655868814
calce_CX2_38,1,0.09971450213229271
calce_CX2_38,1,0.1017438586399354
calce_CX2_38,1,0.10345297425951783
calce_CX2_38,1,0.10430637205260618
calce_CX2_38,1,0.10514950512882437
calce_CX2_38,1,0.104904395218273
calce_CX2_38,1,0.106823200119752
calce_CX2_38,1,0.10566901526102912
calce_CX2_38,1,0.10606921984303874
calce_CX2_38,1,0.11211237912822702
calce_CX2_38,1,0.11386054856167305
calce_CX2_38,1,0.11576678466297541
calce_CX2_38,1,0.11393914074498435
calce_CX2_38,1,0.3045139910331832
calce_CX2_38,1,0.0806493388003443
calce_CX2_38,1,0.0782590172941856
calce_CX2_38,1,0.08270037258430707
calce_CX2_38,1,0.08556579054652347
calce_CX2_38,1,0.08799577047782758
calce_CX2_38,1,0.09015137623095204
calce_CX2_38,1,0.09129246520683143
calce_CX2_38,1,0.08727654073627156
calce_CX2_38,1,0.08663815803417974
calce_CX2_38,1,0.08859565131203706
calce_CX2_38,1,0.09097256217556382
calce_CX2_38,1,0.09322605085938074
calce_CX2_38,1,0.09528126268381043
calce_CX2_38,1,0.09842863322206363
calce_CX2_38,1,0.10064655437777004
calce_CX2_38,1,0.10030086989569598
calce_CX2_38,1,0.09900845029483907
calce_CX2_38,1,0.09825818169770639
calce_CX2_38,1,0.10061282639019864
calce_CX2_38,1,0.1050756699727674
calce_CX2_38,1,0.10696423191580962
calce_CX2_38,1,0.1095374002707884
calce_CX2_38,1,0.11036271246173734
calce_CX2_38,1,0.10735817647790924
calce_CX2_38,1,0.10527869852170635
calce_CX2_38,1,0.10450418293097175
calce_CX2_38,1,0.10703920372914033
calce_CX2_38,1,0.1093368921890876
calce_CX2_38,1,0.11112290572110517
calce_CX2_38,1,0.11126589546134291
calce_CX2_38,1,0.11258885263142293
calce_CX2_38,1,0.11396941993683163
calce_CX2_38,1,0.11423825307050872
calce_CX2_38,1,0.11139725930420286
calce_CX2_38,1,0.11266854303528684
calce_CX2_38,1,0.11753880630345137
calce_CX2_38,1,0.11956818544230308
calce_CX2_38,1,0.1205752141177695
calce_CX2_38,1,0.12166351020718091
calce_CX2_38,1,0.12357198071709696
calce_CX2_38,1,0.12405989453954958
calce_CX2_38,1,0.11799018650069126
calce_CX2_38,1,0.11856304397932915
calce_CX2_38,1,0.12109770577206647
calce_CX2_38,1,0.31875118040815476
calce_CX2_38,1,0.1262034191466852
calce_CX2_38,1,0.12577931030581346
calce_CX2_38,1,0.12648297580295553
calce_CX2_38,1,0.12233386104607613
calce_CX2_38,1,0.12212298715591208
calce_CX2_38,1,0.044846279446518644
calce_CX2_38,1,0.04640360011884004
calce_CX2_38,1,0.046861601597682934
calce_CX2_38,1,0.04771880696080155
calce_CX2_38,1,0.0485648323518767
calce_CX2_38,1,0.049680499917080234
calce_CX2_38,1,0.0465078080980732
calce_CX2_38,1,0.04640665588352566
calce_CX2_38,1,0.23042602882010665
calce_CX2_38,1,0.051969707347471195
calce_CX2_38,1,0.05278897960838147
calce_CX2_38,1,0.24078267174880807
calce_CX2_38,1,0.05597738486756143
calce_CX2_38,1,0.05576950999410235
calce_CX2_38,1,0.052886991519049076
calce_CX2_38,1,0.052142149372511826
calce_CX2_38,1,0.05224934493990541
calce_CX2_38,1,0.052922067871770784
calce_CX2_38,1,0.05372223493489803
calce_CX2_38,1,0.05413057873861438
calce_CX2_38,1,0.05457527884849567
calce_CX2_38,1,0.054097716890500136
calce_CX2_38,1,0.05155068093408144
calce_CX2_38,1,0.05003677482132807
calce_CX2_38,1,0.05240631529166795
calce_CX2_38,1,0.05418905080664782
calce_CX2_38,1,0.05584793903038754
calce_CX2_38,1,0.06113698775340837
calce_CX2_38,1,0.06321687395865394
calce_CX2_38,1,0.06356971853421856
calce_CX2_38,1,0.06132546257684579
calce_CX2_38,1,0.05947772616409963
calce_CX2_38,1,0.06049145579520254
calce_CX2_38,1,0.06545810794702867
calce_CX2_38,1,0.06738498344943677
calce_CX2_38,1,0.06813414963469755
calce_CX2_38,1,0.06849879135020964
calce_CX2_38,1,0.06578703747813253
calce_CX2_38,1,0.060344531170009486
calce_CX2_38,1,0.061450653625663376
calce_CX2_38,1,0.06290943004433791
calce_CX2_38,1,0.06413668841715403
calce_CX2_38,1,0.06895959695589327
calce_CX2_38,1,0.06996383306655363
calce_CX2_38,1,0.07080906238526119
calce_CX2_38,1,0.06927281332871249
calce_CX2_38,1,0.0693150982802998
calce_CX2_38,1,0.0713324648732091
calce_CX2_38,1,0.07272514058862445
calce_CX2_38,1,0.07392789547494194
calce_CX2_38,1,0.09464679481634664
calce_CX2_38,1,0.09467727122187586
calce_CX2_38,1,0.09758260152966558
calce_CX2_38,1,0.10055967020860868
calce_CX2_38,1,0.10321116648102113
calce_CX2_38,1,0.10487704811586329
calce_CX2_38,1,0.106467707296787
calce_CX2_38,1,0.1064413625048638
calce_CX2_38,1,0.10384770837953716
calce_CX2_38,1,0.10316102683611483
calce_CX2_38,1,0.10222842316810199
calce_CX2_38,1,0.10457545649147282
calce_CX2_38,1,0.10467850796213096
calce_CX2_38,1,0.10729849755260934
calce_CX2_38,1,0.10934843085075763
calce_CX2_38,1,0.1072361522204166
calce_CX2_38,1,0.10665605955121449
calce_CX2_38,1,0.10570990761700783
calce_CX2_38,1,0.10892461983517743
calce_CX2_38,1,0.11057813292390328
calce_CX2_38,1,0.11438918586238955
calce_CX2_38,1,0.30748699240407773
calce_CX2_38,1,0.11976307851548729
calce_CX2_38,1,0.11946828426404399
calce_CX2_38,1,0.1159406817641746
calce_CX2_38,1,0.11537395589926858
calce_CX2_38,1,0.1174166503184767
calce_CX2_38,1,0.12105318793962128
calce_CX2_38,1,0.12229865090029979
calce_CX2_38,1,0.12489349944287498
calce_CX2_38,1,0.1260462558685128
calce_CX2_38,1,0.1265868182569302
calce_CX2_38,1,0.12768439483647598
calce_CX2_38,1,0.12804132437979965
calce_CX2_38,1,0.12557846114983973
calce_CX2_38,1,0.12489068894877742
calce_CX2_38,1,0.12530502802871346
calce_CX2_38,1,0.12632319263085345
calce_CX2_38,1,0.12767167936025214
calce_CX2_38,1,0.12938059520767486
calce_CX2_38,1,0.12952964785330368
calce_CX2_38,1,0.13090614236854992
calce_CX2_38,1,0.1310297532104483
calce_CX2_38,1,0.13107898355810998
calce_CX2_38,1,0.13133827238083384
calce_CX2_38,1,0.13241144274747818
calce_CX2_38,1,0.32938136141126834
calce_CX2_38,1,0.13441446115536926
calce_CX2_38,1,0.13367331335763089
calce_CX2_38,1,0.1312618194348779
calce_CX2_38,1,0.10860894918830766
calce_CX2_38,1,0.11157941754240419
calce_CX2_38,1,0.11451055982514713
calce_CX2_38,1,0.11669415833950458
calce_CX2_38,1,0.1191737706011764
calce_CX2_38,1,0.11833119049002805
calce_CX2_38,1,0.11696013317633758
calce_CX2_38,1,0.11825919944916619
calce_CX2_38,1,0.12263650330906972
calce_CX2_38,1,0.1246670089047972
calce_CX2_38,1,0.12666185208409741
calce_CX2_38,1,0.12869215076160467
calce_CX2_38,1,0.13010024274325216
calce_CX2_38,1,0.13024674386566804
calce_CX2_38,1,0.12826689111238376
calce_CX2_38,1,0.1277986529084929
calce_CX2_38,1,0.12823742719553488
calce_CX2_38,1,0.13009855104050072
calce_CX2_38,1,0.33005106049355637
calce_CX2_38,1,0.13384593581068305
calce_CX2_38,1,0.13362794487240037
calce_CX2_38,1,0.1346108417070505
calce_CX2_38,1,0.1328608303802299
calce_CX2_38,1,0.13105038993540907
calce_CX2_38,1,0.1299547151930125
calce_CX2_38,1,0.2177652303221035
calce_CX2_38,1,0.11489737292404312
calce_CX2_38,1,0.11523484720979871
calce_CX2_38,1,0.11896775061854592
calce_CX2_38,1,0.12120130175839439
calce_CX2_38,1,0.12308448242728476
calce_CX2_38,1,0.12683707746098305
calce_CX2_38,1,0.1286323693287268
calce_CX2_38,1,0.12575269784265242
calce_CX2_38,1,0.12586606374922282
calce_CX2_38,1,0.12525688926876932
calce_CX2_38,1,0.1272512683864112
calce_CX2_38,1,0.13020224739599484
calce_CX2_38,1,0.13277252235620018
calce_CX2_38,1,0.13465853576443354
calce_CX2_38,1,0.1366033015624295
calce_CX2_38,1,0.13612953391442628
calce_CX2_38,1,0.1359261896218884
calce_CX2_38,1,0.33131882430683895
calce_CX2_38,1,0.13774195788653298
calce_CX2_38,1,0.13899679141322607
calce_CX2_38,1,0.14113748806515714
calce_CX2_38,1,0.1431825073609433
calce_CX2_38,1,0.14495954987814474
calce_CX2_38,1,0.146354723684889
calce_CX2_38,1,0.14312046562464098
calce_CX2_38,1,0.14259611772521363
calce_CX2_38,1,0.1426056420269034
calce_CX2_38,1,0.14736530008074122
calce_CX2_38,1,0.1504113109143801
calce_CX2_38,1,0.1523338155014673
calce_CX2_38,1,0.15340780878401228
calce_CX2_38,1,0.1545830250350344
calce_CX2_38,1,0.15539544413164175
calce_CX2_38,1,0.15597188603546475
calce_CX2_38,1,0.15578551727681178
calce_CX2_38,1,0.15471891548181038
calce_CX2_38,1,0.15453196239836597
calce_CX2_38,1,0.15461023260936424
calce_CX2_38,1,0.15642020805246515
calce_CX2_38,1,0.1568965059583841
calce_CX2_38,1,0.15785500784173434
calce_CX2_38,1,0.15787038647005414
calce_CX2_38,1,0.15674379348987233
calce_CX2_38,1,0.15581090881075343
calce_CX2_38,1,0.15674826461080582
calce_CX2_38,1,0.15886526815453839
calce_CX2_38,1,0.1588425397502944
calce_CX2_38,1,0.15952718055013637
calce_CX2_38,1,0.15961249214889617
calce_CX2_38,1,0.15713117010975663
calce_CX2_38,1,0.13772503880597398
calce_CX2_38,1,0.14362570700966104
calce_CX2_38,1,0.14764311943035346
calce_CX2_38,1,0.14995410964980727
calce_CX2_38,1,0.15212898554558618
calce_CX2_38,1,0.15439494943804088
calce_CX2_38,1,0.1537171294913745
calce_CX2_38,1,0.15187066534709726
calce_CX2_38,1,0.15274551915217627
calce_CX2_38,1,0.15437954543417987
calce_CX2_38,1,0.15953268034992607
calce_CX2_38,1,0.16230295099136915
calce_CX2_38,1,0.1641551387864234
calce_CX2_38,1,0.16587738320746814
calce_CX2_38,1,0.167608487002474
calce_CX2_38,1,0.1671868642932517
calce_CX2_38,1,0.16391314454280703
calce_CX2_38,1,0.1630505077938923
calce_CX2_38,1,0.790394421561902
calce_CX2_38,1,0.12328275235941633
calce_CX2_38,1,0.15260230108883888
calce_CX2_38,1,0.16174483754665048
calce_CX2_38,1,0.35716663805001825
calce_CX2_38,1,0.17217103417449986
calce_CX2_38,1,0.17290135939542073
calce_CX2_38,1,0.1735643887431989
calce_CX2_38,1,0.1757817871322993
calce_CX2_38,1,0.177025920025091
calce_CX2_38,1,0.17880293850657447
calce_CX2_38,1,0.1797214000661923
calce_CX2_38,1,0.1809723185387474
calce_CX2_38,1,0.18226331702748766
calce_CX2_38,1,0.18392880561318448
calce_CX2_38,1,0.18494377656825367
calce_CX2_38,1,0.18604739112517188
calce_CX2_38,1,0.18605944177299283
calce_CX2_38,1,0.18688642261318023
calce_CX2_38,1,0.18759731336838914
calce_CX2_38,1,0.18839622466515415
calce_CX2_38,1,0.189774499454615
calce_CX2_38,1,0.19110950769235102
calce_CX2_38,1,0.192217073028355
calce_CX2_38,1,0.19320065914494366
calce_CX2_38,1,0.19497310911119892
calce_CX2_38,1,0.19203540424524634
calce_CX2_38,1,0.19040096764916425
calce_CX2_38,1,0.1897181841432608
calce_CX2_38,1,0.19224917177263434
calce_CX2_38,1,0.19477964989458751
calce_CX2_38,1,0.19725391723762098
calce_CX2_38,1,0.19848868052409674
calce_CX2_38,1,0.1997962461791809
calce_CX2_38,1,0.19843640313453592
calce_CX2_38,1,0.19808316447080965
calce_CX2_38,1,0.19516855630762608
calce_CX2_38,1,0.19573658354815704
calce_CX2_38,1,0.20004090498329352
calce_CX2_38,1,0.39789445589714806
calce_CX2_38,1,0.2040552124060091
calce_CX2_38,1,0.20393811548263951
calce_CX2_38,1,0.20516406837471401
calce_CX2_38,1,0.20163446222968784
calce_CX2_38,1,0.20118289098542863
calce_CX2_38,1,0.20171996516347668
calce_CX2_38,1,0.19970190857225456
calce_CX2_38,1,0.39781101497117843
calce_CX2_38,1,0.20615759493628016
calce_CX2_38,1,0.20691977219470636
calce_CX2_38,1,0.20705297959086733
calce_CX2_38,1,0.18831515352453942
calce_CX2_38,1,0.19411812106364124
calce_CX2_38,1,0.19705300721548935
calce_CX2_38,1,0.19994360107841258
calce_CX2_38,1,0.20299978302755695
calce_CX2_38,1,0.2042933593872185
calce_CX2_38,1,0.20583232556109166
calce_CX2_38,1,0.20737923065434305
calce_CX2_38,1,0.2077585784283137
calce_CX2_38,1,0.20940391181432338
calce_CX2_38,1,0.21128853360739208
calce_CX2_38,1,0.2132311740020688
calce_CX2_38,1,0.21502156815027929
calce_CX2_38,1,0.21652980187247417
calce_CX2_38,1,0.21729155164568836
calce_CX2_38,1,0.2186558553732223
calce_CX2_38,1,0.21948093419676395
calce_CX2_38,1,0.22008067488400895
calce_CX2_38,1,0.22294074534421682
calce_CX2_38,1,0.2240888517389532
calce_CX2_38,1,0.22517043766210776
calce_CX2_38,1,0.22602358119662957
calce_CX2_38,1,0.2273270611076289
calce_CX2_38,1,0.228335232164395
calce_CX2_38,1,0.22825090743890275
calce_CX2_38,1,0.2271495035728558
calce_CX2_38,1,0.22223411503411772
calce_CX2_38,1,0.22038429764372847
calce_CX2_38,1,0.22429354154462877
calce_CX2_38,1,0.22532397380570102
calce_CX2_38,1,0.2270261077821174
calce_CX2_38,1,0.22973719531625625
calce_CX2_38,1,0.23120658342833456
calce_CX2_38,1,0.23239707581396596
calce_CX2_38,1,0.22849030091901545
calce_CX2_38,1,0.41870274850843336
calce_CX2_38,1,0.2289826985476615
calce_CX2_38,1,0.22646144573071414
calce_CX2_38,1,0.23043238341067052
calce_CX2_38,1,0.2328232197305471
calce_CX2_38,1,0.23404961061953078
calce_CX2_38,1,0.23583830276834084
calce_CX2_38,1,0.23723697178497583
calce_CX2_38,1,0.23515492028809604
calce_CX2_38,1,0.23188863460726306
calce_CX2_38,1,0.23117532718227163
calce_CX2_38,1,0.229877881616104
calce_CX2_38,1,0.2317968156156095
calce_CX2_38,1,0.2320230451497498
calce_CX2_38,1,0.23383488984572176
calce_CX2_38,1,0.26667335384921254
calce_CX2_38,1,0.2771536042456402
calce_CX2_38,1,0.2686906003661159
calce_CX2_38,1,0.25917516217245384
calce_CX2_38,1,0.2549107818216968
calce_CX2_38,1,0.2718496323608266
calce_CX2_38,1,0.28222852410177857
calce_CX2_38,1,0.28266207132482946
calce_CX2_38,1,0.2867055836942297
calce_CX2_38,1,0.2829201562949344
calce_CX2_38,1,0.2820891622068902
calce_CX2_38,1,0.2731657242232369
calce_CX2_38,1,0.2684139239404557
calce_CX2_38,1,0.26616962664403987
calce_CX2_38,1,0.2655210573015163
calce_CX2_38,1,0.262897352617374
calce_CX2_38,1,0.2618586629915971
calce_CX2_38,1,0.26101201524765527
calce_CX2_38,1,0.25963062195003883
calce_CX2_38,1,0.2598154295234323
calce_CX2_38,1,0.2600424651034886
calce_CX2_38,1,0.25801098073883266
calce_CX2_38,1,0.2574777901067248
calce_CX2_38,1,0.25955899648069414
calce_CX2_38,1,0.25783575349636423
calce_CX2_38,1,0.2575273413024437
calce_CX2_38,1,0.25774116418219517
calce_CX2_38,1,0.2670468644626228
calce_CX2_38,1,0.25832358382471665
calce_CX2_38,1,0.2578886740288002
calce_CX2_38,1,0.25810373024111055
calce_CX2_38,1,0.25808366945291294
calce_CX2_38,1,0.2854971335649974
calce_CX2_38,1,0.30525286148833547
calce_CX2_38,1,0.30654853065770704
calce_CX2_38,1,0.31631622565949097
calce_CX2_38,1,0.31897335309341196
calce_CX2_38,1,0.32291041065927595
calce_CX2_38,1,0.31319702041389336
calce_CX2_38,1,0.2986126234470424
calce_CX2_38,1,0.29380018741777203
calce_CX2_38,1,0.31167906493298014
calce_CX2_38,1,0.32526873254441135
calce_CX2_38,1,0.32548241171046977
calce_CX2_38,1,0.32792556657593164
calce_CX2_38,1,0.33016849991700226
calce_CX2_38,1,0.33332031786784483
calce_CX2_38,1,0.3413621834564499
calce_CX2_38,1,0.3293162021660481
calce_CX2_38,1,0.32238336097076936
calce_CX2_38,1,0.31631740143061765
calce_CX2_38,1,0.32638160921515363
calce_CX2_38,1,0.340626388278608
calce_CX2_38,1,0.34298696797114603
calce_CX2_38,1,0.34332649262136455
calce_CX2_38,1,0.34560459778036445
calce_CX2_38,1,0.34882209782620766
calce_CX2_38,1,0.352595130673419
calce_CX2_38,1,0.34898212551942454
calce_CX2_38,1,0.33598019396639894
calce_CX2_38,1,0.330658655302665
calce_CX2_38,1,0.33128251346117155
calce_CX2_38,1,0.34841628784006073
calce_CX2_38,1,0.35530916306454013
calce_CX2_38,1,0.35519503529815477
calce_CX2_38,1,0.35573356801602984
calce_CX2_38,1,0.35757208282162195
calce_CX2_38,1,0.36329415952986166
calce_CX2_38,1,0.36564780930121715
calce_CX2_38,1,0.34867497564258204
calce_CX2_38,1,0.34089754791255394
calce_CX2_38,1,0.33752973477003323
calce_CX2_38,1,0.3493317269240753
calce_CX2_38,1,0.3607376815553893
calce_CX2_38,1,0.36350470633850435
calce_CX2_38,1,0.36300693210095386
calce_CX2_38,1,0.36509164976047537
calce_CX2_38,1,0.36510859570469717
calce_CX2_38,1,0.37358875087775517
calce_CX2_38,1,0.36498739739416525
calce_CX2_38,1,0.35263425750265237
calce_CX2_38,1,0.34559452211941505
calce_CX2_38,1,0.34129421697222595
calce_CX2_38,1,0.33757542676749086
calce_CX2_38,1,0.33454087674257016
calce_CX2_38,1,0.33195393875062756
calce_CX2_38,1,0.34400459075717543
calce_CX2_38,1,0.34844056922519323
calce_CX2_38,1,0.35660149331212165
calce_CX2_38,1,0.34308643500094443
calce_CX2_38,1,0.33298020640420656
calce_CX2_38,1,0.32785149721426293
calce_CX2_38,1,0.33504560632175706
calce_CX2_38,1,0.35421540631612747
calce_CX2_38,1,0.36074797918611473
calce_CX2_38,1,0.36472398734725636
calce_CX2_38,1,0.36568896971358666
calce_CX2_38,1,0.36418573991271863
calce_CX2_38,1,0.37129471955593624
calce_CX2_38,1,0.37159070096398483
calce_CX2_38,1,0.35794509266393754
calce_CX2_38,1,0.35114329523217275
calce_CX2_38,1,0.34695821246001557
calce_CX2_38,1,0.3631871989836866
calce_CX2_38,1,0.37313298995019867
calce_CX2_38,1,0.37214484724059266
calce_CX2_38,1,0.37326813245769813
calce_CX2_38,1,0.5303892596811783
calce_CX2_38,1,0.37847081667110916
calce_CX2_38,1,0.38530688629071974
calce_CX2_38,1,0.39134624692586417
calce_CX2_38,1,0.37462527119386774
calce_CX2_38,1,0.36604627343980173
calce_CX2_38,1,0.36108525241024886
calce_CX2_38,1,0.36870959258424923
calce_CX2_38,1,0.38271144513151234
calce_CX2_38,1,0.38505691357790045
calce_CX2_38,1,0.38313543917055365
calce_CX2_38,1,0.38381192928873403
calce_CX2_38,1,0.38665930508115176
calce_CX2_38,1,0.39410732473965054
calce_CX2_38,1,0.39904242920023253
calce_CX2_38,1,0.38012037621029665
calce_CX2_38,1,0.372192883859056
calce_CX2_38,1,0.3678451984352352
calce_CX2_38,1,0.37700540722999315
calce_CX2_38,1,0.39327222539760903
calce_CX2_38,1,0.39812700598627976
calce_CX2_38,1,0.39640683007245836
calce_CX2_38,1,0.3976857989723768
calce_CX2_38,1,0.39923149435491984
calce_CX2_38,1,0.40688994912240745
calce_CX2_38,1,0.41240500805370567
calce_CX2_38,1,0.39768083946655125
calce_CX2_38,1,0.3854067651044896
calce_CX2_38,1,0.37974289439066583
calce_CX2_38,1,0.22405551628497422
calce_CX2_38,1,0.23016670590893462
calce_CX2_38,1,0.23384719598352544
calce_CX2_38,1,0.23665098987685806
calce_CX2_38,1,0.2387708325925869
calce_CX2_38,1,0.2416564309428919
calce_CX2_38,1,0.24118977866978053
calce_CX2_38,1,0.23815407251483056
calce_CX2_38,1,0.2365144338293581
calce_CX2_38,1,0.2407241436303863
calce_CX2_38,1,0.43266180274764265
calce_CX2_38,1,0.24802342204421512
calce_CX2_38,1,0.24945379551755997
calce_CX2_38,1,0.25145497101084846
calce_CX2_38,1,0.2528170491603299
calce_CX2_38,1,0.2543788390987711
calce_CX2_38,1,0.2552060249631314
calce_CX2_38,1,0.25591883160261397
calce_CX2_38,1,0.25630050625898015
calce_CX2_38,1,0.2572793909550444
calce_CX2_38,1,0.25742376280798496
calce_CX2_38,1,0.258375684677675
calce_CX2_38,1,0.25872063518010546
calce_CX2_38,1,0.2602082439196741
calce_CX2_38,1,0.26138683785066474
calce_CX2_38,1,0.26215045632179523
calce_CX2_38,1,0.2628395001545931
calce_CX2_38,1,0.2633147683903305
calce_CX2_38,1,0.2641456568519547
calce_CX2_38,1,0.26460250293511434
calce_CX2_38,1,0.26517488244891063
calce_CX2_38,1,0.2654833151843674
calce_CX2_38,1,0.2664549864006367
calce_CX2_38,1,0.2681028922695957
calce_CX2_38,1,0.2681523927142181
calce_CX2_38,1,0.2668745736933411
calce_CX2_38,1,0.2675049115111904
calce_CX2_38,1,0.26809515560858366
calce_CX2_38,1,0.26722968002742686
calce_CX2_38,1,0.26849301556808647
calce_CX2_38,1,0.27032197408023007
calce_CX2_38,1,0.27151113026701
calce_CX2_38,1,0.2732842134459986
calce_CX2_38,1,0.2738241606565368
calce_CX2_38,1,0.26537306093932955
calce_CX2_38,1,0.26587325641327664
calce_CX2_38,1,0.2634986554587486
calce_CX2_38,1,0.26809972653945513
calce_CX2_38,1,0.25809631990268567
calce_CX2_38,1,0.24713207130595094
calce_CX2_38,1,0.24902439629198925
calce_CX2_38,1,0.25244897914701603
calce_CX2_38,1,0.25642483634735735
calce_CX2_38,1,0.26223952341482004
calce_CX2_38,1,0.24198680777199666
calce_CX2_38,1,0.23327222822185523
calce_CX2_38,1,0.23290571325517606
calce_CX2_38,1,0.2577539577149618
calce_CX2_38,1,0.2618517609123674
calce_CX2_38,1,0.26398472925923555
calce_CX2_38,1,0.26699389988847866
calce_CX2_38,1,0.2703632117922856
calce_CX2_38,1,0.2753238248730394
calce_CX2_38,1,0.254958226523482
calce_CX2_38,1,0.24461713347550862
calce_CX2_38,1,0.23989719504800777
calce_CX2_38,1,0.2358880847460223
calce_CX2_38,1,0.2326635860389623
calce_CX2_38,1,0.23054050191954756
calce_CX2_38,1,0.2280113608731873
calce_CX2_38,1,0.22584411774323176
calce_CX2_38,1,0.22414171252562076
calce_CX2_38,1,0.22268039219170932
calce_CX2_38,1,0.22069542927731756
calce_CX2_38,1,0.2198667088228079
calce_CX2_38,1,0.21951512314957888
calce_CX2_38,1,0.2187893994344139
calce_CX2_38,1,0.21828393226546694
calce_CX2_38,1,0.39792862747659974
calce_CX2_38,1,0.21831642294271736
calce_CX2_38,1,0.21557003261432128
calce_CX2_38,1,0.21448571754228318
calce_CX2_38,1,0.21483353010510442
calce_CX2_38,1,0.22016524511432656
calce_CX2_38,1,0.2590550449191329
calce_CX2_38,1,0.2664650533484607
calce_CX2_38,1,0.27043658602123255
calce_CX2_38,1,0.27730684250419013
calce_CX2_38,1,0.2750838942591638
calce_CX2_38,1,0.2826114571552849
calce_CX2_38,1,0.41541169904203645
calce_CX2_38,1,0.558394284705322
calce_CX2_38,1,0.42319287643300635
calce_CX2_38,1,0.43174335382043594
calce_CX2_38,1,0.44269954672804795
calce_CX2_38,1,0.43272673556305197
calce_CX2_38,1,0.41997948086485104
calce_CX2_38,1,0.41662797396464474
calce_CX2_38,1,0.41440500467253055
calce_CX2_38,1,0.4301166796579479
calce_CX2_38,1,0.44315867708045975
calce_CX2_38,1,0.4449372127216538
calce_CX2_38,1,0.44265690294224025
calce_CX2_38,1,0.44497713032567343
calce_CX2_38,1,0.44755332419286276
calce_CX2_38,1,0.44956837852692433
calce_CX2_38,1,0.46027717746854085
calce_CX2_38,1,0.45429583930770523
calce_CX2_38,1,0.44078107029208147
calce_CX2_38,1,0.43501115875066193
calce_CX2_38,1,0.43195638675959197
calce_CX2_38,1,0.43851642207811004
calce_CX2_38,1,0.45475409983960446
calce_CX2_38,1,0.46095363141484963
calce_CX2_38,1,0.45561082589372875
calce_CX2_38,1,0.4557166839476132
calce_CX2_38,1,0.455328265476425
calce_CX2_38,1,0.45745784184630284
calce_CX2_38,1,0.46363025997718127
calce_CX2_38,1,0.47053785814453847
calce_CX2_38,1,0.45601971357905846
calce_CX2_38,1,0.39740352733725665
calce_CX2_38,1,0.4427839270520689
calce_CX2_38,1,0.44126460964887154
calce_CX2_38,1,0.43401065083604506
calce_CX2_38,1,0.4309660777066349
calce_CX2_38,1,0.5627773432306006
calce_CX2_38,1,0.42914079212765116
calce_CX2_38,1,0.44727158676439915
calce_CX2_38,1,0.4636142099671938
calce_CX2_38,1,0.47086535692175113
calce_CX2_38,1,0.5920111841452771
calce_CX2_38,1,0.46555166420100863
calce_CX2_38,1,0.4664231160872365
calce_CX2_38,1,0.46742300557383054
calce_CX2_38,1,0.4747662165031604
calce_CX2_38,1,0.48563870108103746
calce_CX2_38,1,0.4807772831664974
calce_CX2_38,1,0.46756844732100705
calce_CX2_38,1,0.46055877057699224
calce_CX2_38,1,0.45633331259858206
calce_CX2_38,1,0.4544016324133032
calce_CX2_38,1,0.47444320218211367
calce_CX2_38,1,0.48665587049921216
calce_CX2_38,1,0.4886315397640447
calce_CX2_38,1,0.48156344312993304
calce_CX2_38,1,0.48373775028490235
calce_CX2_38,1,0.48459681622154505
calce_CX2_38,1,0.48562376103501054
calce_CX2_38,1,0.49205339397200026
calce_CX2_38,1,0.49552779862159924
calce_CX2_38,1,0.48383464387609165
calce_CX2_38,1,0.47519300112760166
calce_CX2_38,1,0.4709398439743365
calce_CX2_38,1,0.46806817335029277
calce_CX2_38,1,0.4782599113712526
calce_CX2_38,1,0.49906416729582503
calce_CX2_38,1,0.5070594802908482
calce_CX2_38,1,0.5092322496634294
calce_CX2_38,1,0.5069751446770792
calce_CX2_38,1,0.5103524409443874
calce_CX2_38,1,0.5097727197545332
calce_CX2_38,1,0.5099675080501844
calce_CX2_38,1,0.5189957314519529
calce_CX2_38,1,0.5244477495583191
calce_CX2_38,1,0.5129283913515874
calce_CX2_38,1,0.4994059449530244
calce_CX2_38,1,0.49340508173529674
calce_CX2_38,1,0.48922290808734076
calce_CX2_38,1,0.4863853553021468
calce_CX2_38,1,0.5061318002722652
calce_CX2_38,1,0.46256624983920136
calce_CX2_38,1,0.47303140018447376
calce_CX2_38,1,0.48214783328597016
calce_CX2_38,1,0.49795297920822257
calce_CX2_38,1,0.48905386168296217
calce_CX2_38,1,0.47739938919377295
calce_CX2_38,1,0.46960757861059255
calce_CX2_38,1,0.46824475660831427
calce_CX2_38,1,0.47319555170330907
calce_CX2_38,1,0.49477770659609266
calce_CX2_38,1,0.5065913969512111
calce_CX2_38,1,0.5008204228244837
calce_CX2_38,1,0.503341394935221
calce_CX2_38,1,0.49940393522531124
calce_CX2_38,1,0.504953415929551
calce_CX2_38,1,0.5007621638575257
calce_CX2_38,1,0.5090541039790693
calce_CX2_38,1,0.5136843596955145
calce_CX2_38,1,0.5043496928499043
calce_CX2_38,1,0.49748188961183354
calce_CX2_38,1,0.49373782427658935
calce_CX2_38,1,0.49032205812621477
calce_CX2_38,1,0.48811996734957863
calce_CX2_38,1,0.5047099662798631
calce_CX2_38,1,0.5157399924653486
calce_CX2_38,1,0.5140942227233228
calce_CX2_38,1,0.5134246795468016
calce_CX2_38,1,0.5119619716469231
calce_CX2_38,1,0.5106996341086465
calce_CX2_38,1,0.5157413104001752
calce_CX2_38,1,0.5251185220336383
calce_CX2_38,1,0.5331889371790259
calce_CX2_38,1,0.535730478449562
calce_CX2_38,1,0.5221119057420586
calce_CX2_38,1,0.512661127577808
calce_CX2_38,1,0.5058854485401938
calce_CX2_38,1,0.5042299306976863
calce_CX2_38,1,0.5015478332280785
calce_CX2_38,1,0.49914565081944307
calce_CX2_38,1,0.49753011585754764
calce_CX2_38,1,0.49489219713653654
calce_CX2_38,1,0.49522391452967296
calce_CX2_38,1,0.49406780399678313
calce_CX2_38,1,0.4934857542056432
calce_CX2_38,1,0.49186385808901223
calce_CX2_38,1,0.4910823927152904
calce_CX2_38,1,0.4905571762128502
calce_CX2_38,1,0.48937555306382696
calce_CX2_38,1,0.48926254263395347
calce_CX2_38,1,0.48453681818345895
calce_CX2_38,1,0.37626804868020364
calce_CX2_38,1,0.38366809808505553
calce_CX2_38,1,0.3883590605807907
calce_CX2_38,1,0.39699047776335444
calce_CX2_38,1,0.38051913786329167
calce_CX2_38,1,0.37213300849782976
calce_CX2_38,1,0.36743865190722674
calce_CX2_38,1,0.37321341380263184
calce_CX2_38,1,0.3935981212398361
calce_CX2_38,1,0.40244388950682586
calce_CX2_38,1,0.40032085000000545
calce_CX2_38,1,0.40148421605842033
calce_CX2_38,1,0.5517153175711573
calce_CX2_38,1,0.40471988931964586
calce_CX2_38,1,0.41055631078694316
calce_CX2_38,1,0.41523174868407725
calce_CX2_38,1,0.40220143507987655
calce_CX2_38,1,0.39463815730248936
calce_CX2_38,1,0.38996290715421833
calce_CX2_38,1,0.39652910448069817
calce_CX2_38,1,0.41232206597462534
calce_CX2_38,1,0.42252327029510506
calce_CX2_38,1,0.42087320126778993
calce_CX2_38,1,0.42223348461372123
calce_CX2_38,1,0.42406144722991274
calce_CX2_38,1,0.42785881299036815
calce_CX2_38,1,0.43727848449152884
calce_CX2_38,1,0.4313568248856303
calce_CX2_38,1,0.4152557326383076
calce_CX2_38,1,0.40913701700229055
calce_CX2_38,1,0.40550973448788363
calce_CX2_38,1,0.41522677083207155
calce_CX2_38,1,0.42860569945499594
calce_CX2_38,1,0.43312177912303007
calce_CX2_38,1,0.4316249367769697
calce_CX2_38,1,0.42833888178894897
calce_CX2_38,1,0.42557008835846233
calce_CX2_38,1,0.42751994088279366
calce_CX2_38,1,0.43624747632104527
calce_CX2_38,1,0.42697917068622043
calce_CX2_38,1,0.4173221725354531
calce_CX2_38,1,0.5590461938425068
calce_CX2_38,1,0.41150617379490756
calce_CX2_38,1,0.5543508486154783
calce_CX2_38,1,0.41925256813529815
calce_CX2_38,1,0.43393901614970043
calce_CX2_38,1,0.44012580846722965
calce_CX2_38,1,0.44006222349376234
calce_CX2_38,1,0.44095665802027917
calce_CX2_38,1,0.44500534788592744
calce_CX2_38,1,-0.2998252149076248
calce_CX2_38,1,-0.29906645268033194
calce_CX2_38,1,-0.2999560130869259
calce_CX2_38,1,0.5190895593868388
calce_CX2_38,1,0.5418358296150436
calce_CX2_38,1,0.5327334961510839
calce_CX2_38,1,0.5197403621909839
calce_CX2_38,1,0.5156860511005906
calce_CX2_38,1,0.5139383195094623
calce_CX2_38,1,0.5124508852469445
calce_CX2_38,1,0.5418761094233913
calce_CX2_38,1,0.5514571636119197
calce_CX2_38,1,0.5553791535469093
calce_CX2_38,1,0.554213487054342
calce_CX2_38,1,0.6455006744368852
calce_CX2_38,1,0.5558760335150076
calce_CX2_38,1,0.5566559755443479
calce_CX2_38,1,0.5557534420609249
calce_CX2_38,1,0.5574536226093117
calce_CX2_38,1,0.5591369043747991
calce_CX2_38,1,0.565593294672734
calce_CX2_38,1,0.5652401990588667
calce_CX2_38,1,0.5501639142970671
calce_CX2_38,1,0.542588661224239
calce_CX2_38,1,0.5406410082159985
calce_CX2_38,1,0.5376399546253483
calce_CX2_38,1,0.5355394830316931
calce_CX2_38,1,0.5556987558795814
calce_CX2_38,1,0.5636390923398831
calce_CX2_38,1,0.5689118372622329
calce_CX2_38,1,0.5689066770654023
calce_CX2_38,1,0.5667806533114628
calce_CX2_38,1,0.5642685020850866
calce_CX2_38,1,0.5664644574148702
calce_CX2_38,1,0.5684793688095047
calce_CX2_38,1,0.5706491930411426
calce_CX2_38,1,0.5718535917047102
calce_CX2_38,1,0.5757573230580298
calce_CX2_38,1,0.5763355134900066
calce_CX2_38,1,0.5625906552564497
calce_CX2_38,1,0.5527784085078218
calce_CX2_38,1,0.5469161022325492
calce_CX2_38,1,0.5431433105987898
calce_CX2_38,1,0.5401636782442795
calce_CX2_38,1,0.5378584316442235
calce_CX2_38,1,0.53567697823695
calce_CX2_38,1,0.5341770375615627
calce_CX2_38,1,0.5327708423042816
calce_CX2_38,1,0.5311657629149334
calce_CX2_38,1,0.5307434537002556
calce_CX2_38,1,0.5291504438957675
calce_CX2_38,1,0.5307050977262185
calce_CX2_38,1,0.5273967567713386
calce_CX2_38,1,-0.29791271831009203
calce_CX2_38,1,-0.29879135919316635
calce_CX2_38,1,-0.29835981763293806
calce_CX2_38,1,-0.2920403131392979
calce_CX2_38,1,-0.28639815537002256
calce_CX2_38,1,-0.28422217345521306
calce_CX2_38,1,-0.2815252499342611
calce_CX2_38,1,-0.28026108210250844
calce_CX2_38,1,-0.2848071482760943
calce_CX2_38,1,-0.2848355337770212
calce_CX2_38,1,-0.27668743752651825
calce_CX2_38,1,-0.27426324657976875
calce_CX2_38,1,-0.10914301141982652
calce_CX2_38,1,-0.27070755212301734
calce_CX2_38,1,-0.2722757518721708
calce_CX2_38,1,-0.27596904456777493
calce_CX2_38,1,-0.2743632174836035
calce_CX2_38,1,-0.2674935353955066
calce_CX2_38,1,-0.26601406802643046
calce_CX2_38,1,-0.26483721453690645
calce_CX2_38,1,-0.2627951603220702
calce_CX2_38,1,-0.2682536938475051
calce_CX2_38,1,-0.2691689335391987
calce_CX2_38,1,-0.26930905520052484
calce_CX2_38,1,-0.2691738994517654
calce_CX2_38,1,-0.26904088178501007
calce_CX2_38,1,-0.26889902525108633
calce_CX2_38,1,-0.26863284169071444
calce_CX2_38,1,-0.268108420334084
calce_CX2_38,1,-0.2676578537311105
calce_CX2_38,1,-0.2672960194217868
calce_CX2_38,1,-0.26683096758975045
calce_CX2_38,1,-0.26646457668041235
calce_CX2_38,1,-0.26611822627646986
calce_CX2_38,1,-0.26556411447038486
calce_CX2_38,1,-0.26508412408205206
calce_CX2_38,1,-0.25974203583133626
calce_CX2_38,1,-0.2542660970586079
calce_CX2_38,1,-0.25221370070001603
calce_CX2_38,1,-0.25082917689752304
calce_CX2_38,1,-0.2492167404882315
calce_CX2_38,1,-0.25537593546576254
calce_CX2_38,1,-0.25622257847459506
calce_CX2_38,1,-0.24879498482990825
calce_CX2_38,1,-0.2459524759584375
calce_CX2_38,1,-0.24543923912973753
calce_CX2_38,1,-0.24412591004824336
calce_CX2_38,1,-0.2470532410076971
calce_CX2_38,1,-0.2502485153152898
calce_CX2_38,1,-0.24941047201366806
calce_CX2_38,1,-0.2177245386932456
calce_CX2_38,1,-0.21817253457725938
calce_CX2_38,1,-0.21773960068595088
calce_CX2_38,1,-0.22267190987553298
calce_CX2_38,1,-0.22344492528933846
calce_CX2_38,1,-0.218375721525228
calce_CX2_38,1,-0.21718882911059145
calce_CX2_38,1,-0.21729725721557114
calce_CX2_38,1,-0.21538211113233885
calce_CX2_38,1,-0.21393028239467404
calce_CX2_38,1,-0.2198531087178528
calce_CX2_38,1,-0.22048292781611578
calce_CX2_38,1,-0.21256237471968387
calce_CX2_38,1,-0.21160972042590687
calce_CX2_38,1,-0.21152827213908765
calce_CX2_38,1,-0.20927479184238384
calce_CX2_38,1,-0.2108325983353092
calce_CX2_38,1,-0.2152615990514739
calce_CX2_38,1,-0.21554719666327626
calce_CX2_38,1,-0.20664613036382762
calce_CX2_38,1,-0.20617588236965045
calce_CX2_38,1,-0.2060859151831449
calce_CX2_38,1,-0.20317398798714326
calce_CX2_38,1,-0.20882975791336644
calce_CX2_38,1,-0.2104859918970452
calce_CX2_38,1,-0.21131717750415646
calce_CX2_38,1,-0.21296347760324985
calce_CX2_38,1,-0.21352467959117205
calce_CX2_38,1,-0.214017121008651
calce_CX2_38,1,-0.2144421486150152
calce_CX2_38,1,-0.21509694919769284
calce_CX2_38,1,-0.21518925612754747
calce_CX2_38,1,-0.21518729850736218
calce_CX2_38,1,-0.2151462368181487
calce_CX2_38,1,-0.21506432929362895
calce_CX2_38,1,-0.21506753862944428
calce_CX2_38,1,-0.21500660429947915
calce_CX2_38,1,-0.21473765365728892
calce_CX2_38,1,-0.06607282917543322
calce_CX2_38,1,-0.20883010178099748
calce_CX2_38,1,-0.20177207814568843
calce_CX2_38,1,-0.20130161311266792
calce_CX2_38,1,-0.2002445373074735
calce_CX2_38,1,-0.19765350085719235
calce_CX2_38,1,-0.20507833121522534
calce_CX2_38,1,-0.2067006504229969
calce_CX2_38,1,-0.199674462777927
calce_CX2_38,1,-0.19586551249969675
calce_CX2_38,1,-0.19657496005619712
calce_CX2_38,1,-0.19594629288737775
calce_CX2_38,1,-0.21285983881221604
calce_CX2_38,1,-0.21899223247578625
calce_CX2_38,1,-0.2212908093409396
calce_CX2_38,1,-0.21637388023344517
calce_CX2_38,1,-0.20850895296390792
calce_CX2_38,1,-0.20796631462299486
calce_CX2_38,1,-0.20717972163630227
calce_CX2_38,1,-0.20347086692280603
calce_CX2_38,1,-0.20997092791404537
calce_CX2_38,1,-0.21188486678667307
calce_CX2_38,1,-0.20456149018041203
calce_CX2_38,1,-0.1997540871778961
calce_CX2_38,1,-0.2005573550292321
calce_CX2_38,1,-0.19846369308475675
calce_CX2_38,1,-0.1960419112185977
calce_CX2_38,1,-0.20368680889223745
calce_CX2_38,1,-0.2049213596205426
calce_CX2_38,1,-0.20519717306158003
calce_CX2_38,1,-0.20516957084113985
calce_CX2_38,1,-0.2051366257447298
calce_CX2_38,1,-0.20554105920060084
calce_CX2_38,1,-0.2056682259520708
calce_CX2_38,1,-0.20557314968127605
calce_CX2_38,1,-0.20520137377664427
calce_CX2_38,1,-0.20487073097804354
calce_CX2_38,1,-0.2045937802261515
calce_CX2_38,1,-0.2044615600181683
calce_CX2_38,1,-0.2045431495581893
calce_CX2_38,1,-0.2044188979403525
calce_CX2_38,1,-0.20537648087434346
calce_CX2_38,1,-0.2052236352592538
calce_CX2_38,1,-0.19349872856935157
calce_CX2_38,1,-0.19219883702416918
calce_CX2_38,1,-0.1904550960975424
calce_CX2_38,1,-0.18932371390478597
calce_CX2_38,1,-0.18978111127513253
calce_CX2_38,1,-0.19568716873240477
calce_CX2_38,1,-0.19690449345359717
calce_CX2_38,1,-0.18521202857099717
calce_CX2_38,1,-0.18469883447698598
calce_CX2_38,1,-0.18468192513237092
calce_CX2_38,1,-0.18392207213741152
calce_CX2_38,1,-0.18644341960224253
calce_CX2_38,1,-0.19136655244393153
calce_CX2_38,1,-0.1926499485300558
calce_CX2_38,1,-0.18258398897264716
calce_CX2_38,1,-0.18307937967242893
calce_CX2_38,1,-0.1836259204429992
calce_CX2_38,1,-0.18247997060101118
calce_CX2_38,1,-0.18603833092616473
calce_CX2_38,1,-0.2767486894188096
calce_CX2_38,1,-0.2752876929739485
calce_CX2_38,1,-0.27710713789655217
calce_CX2_38,1,-0.2753081465980223
calce_CX2_38,1,-0.26664890045527345
calce_CX2_38,1,-0.26414716149053796
calce_CX2_38,1,-0.2622437139051019
calce_CX2_38,1,-0.25675379701251266
calce_CX2_38,1,-0.25708685602563563
calce_CX2_38,1,-0.2555500635330159
calce_CX2_38,1,-0.25075919046595896
calce_CX2_38,1,-0.24885642416529974
calce_CX2_38,1,-0.24735853164911226
calce_CX2_38,1,-0.24605945701458976
calce_CX2_38,1,-0.24349374422345105
calce_CX2_38,1,-0.24423055445556474
calce_CX2_38,1,-0.24332129719370976
calce_CX2_38,1,-0.23848004452300553
calce_CX2_38,1,-0.23782587700678226
calce_CX2_38,1,-0.23692942500128789
calce_CX2_38,1,-0.2346885894953683
calce_CX2_38,1,-0.2359429902906327
calce_CX2_38,1,-0.23560809689355677
calce_CX2_38,1,-0.23448326876711056
calce_CX2_38,1,-0.23349100553326085
calce_CX2_38,1,-0.23249219777968166
calce_CX2_38,1,-0.23229694934630718
calce_CX2_38,1,-0.23107632698489566
calce_CX2_38,1,-0.2300431875331863
calce_CX2_38,1,-0.229027116198516
calce_CX2_38,1,-0.22817361714604645
calce_CX2_38,1,-0.22722785125021483
calce_CX2_38,1,-0.22631645955569746
calce_CX2_38,1,-0.22601955820252773
calce_CX2_38,1,-0.22479254451101993
calce_CX2_38,1,-0.22385120717354323
calce_CX2_38,1,-0.22308656456144504
calce_CX2_38,1,-0.2175443380072437
calce_CX2_38,1,-0.2157397154789249
calce_CX2_38,1,-0.21454540084711082
calce_CX2_37,0,-0.19999999999999996
calce_CX2_37,0,-0.20550898959704567
calce_CX2_37,0,-0.20813099675118352
calce_CX2_37,0,-0.20432527520296895
calce_CX2_37,0,-0.19698434543406396
calce_CX2_37,0,-0.1974184928165823
calce_CX2_37,0,-0.20248739796932935
calce_CX2_37,0,-0.20437728582652026
calce_CX2_37,0,-0.20362798512370484
calce_CX2_37,0,-0.20313067833422505
calce_CX2_37,0,-0.2028041765632862
calce_CX2_37,0,-0.20243057943260245
calce_CX2_37,0,-0.202030626701595
calce_CX2_37,0,-0.20232791082034018
calce_CX2_37,0,-0.20191700475748053
calce_CX2_37,0,-0.20137826483865484
calce_CX2_37,0,-0.20094250530166247
calce_CX2_37,0,-0.20045969773408112
calce_CX2_37,0,-0.20016159368784003
calce_CX2_37,0,-0.19986039397555277
calce_CX2_37,0,-0.19967444589114036
calce_CX2_37,0,-0.19910650679405595
calce_CX2_37,0,-0.1986727203278612
calce_CX2_37,0,-0.19835429685864836
calce_CX2_37,0,-0.1943708262329572
calce_CX2_37,0,-0.1867457590253384
calce_CX2_37,0,-0.18630885907822858
calce_CX2_37,0,-0.18387333652477256
calce_CX2_37,0,-0.18165387776042796
calce_CX2_37,0,-0.18724918985338113
calce_CX2_37,0,-0.1897114745589208
calce_CX2_37,0,-0.1871927250574924
calce_CX2_37,0,-0.17939666369929552
calce_CX2_37,0,-0.17969763596481036
calce_CX2_37,0,-0.17952735432848355
calce_CX2_37,0,-0.17614340469543432
calce_CX2_37,0,-0.18097937620293958
calce_CX2_37,0,-0.18398744000135114
calce_CX2_37,0,-0.18187911156153214
calce_CX2_37,0,-0.17324986223571737
calce_CX2_37,0,-0.17356238642622035
calce_CX2_37,0,-0.1717216370504595
calce_CX2_37,0,-0.17080239127054153
calce_CX2_37,0,-0.1752007871511716
calce_CX2_37,0,-0.1786895232189556
calce_CX2_37,0,-0.1777724118087728
calce_CX2_37,0,-0.1691405343395077
calce_CX2_37,0,-0.16955160457685592
calce_CX2_37,0,-0.17032136915227059
calce_CX2_37,0,-0.16987036513170872
calce_CX2_37,0,-0.18315607706209158
calce_CX2_37,0,-0.18394884826716595
calce_CX2_37,0,-0.18279887296518915
calce_CX2_37,0,-0.1869127192394896
calce_CX2_37,0,-0.19404146813239198
calce_CX2_37,0,-0.1951135277183863
calce_CX2_37,0,-0.1837251361802752
calce_CX2_37,0,-0.1822347906507884
calce_CX2_37,0,-0.18080786069654975
calce_CX2_37,0,-0.18531145152345319
calce_CX2_37,0,-0.17805408858608074
calce_CX2_37,0,-0.1773293410018456
calce_CX2_37,0,-0.181021272984218
calce_CX2_37,0,-0.18515309822631432
calce_CX2_37,0,-0.18591096838730037
calce_CX2_37,0,-0.174425730301765
calce_CX2_37,0,-0.17367446679154475
calce_CX2_37,0,-0.17157777527306695
calce_CX2_37,0,-0.17045027033373172
calce_CX2_37,0,-0.0006315118649837803
calce_CX2_37,0,-0.17511287707668632
calce_CX2_37,0,-0.17622871763300818
calce_CX2_37,0,-0.16705239306923492
calce_CX2_37,0,-0.16405388736844273
calce_CX2_37,0,-0.16380852074891838
calce_CX2_37,0,-0.16338627244613513
calce_CX2_37,0,-0.1611168171413796
calce_CX2_37,0,-0.16857272787299793
calce_CX2_37,0,-0.169736475355306
calce_CX2_37,0,-0.17024729913638892
calce_CX2_37,0,-0.17051930369405355
calce_CX2_37,0,-0.17088839594396876
calce_CX2_37,0,-0.1712001160873884
calce_CX2_37,0,-0.17163689360359713
calce_CX2_37,0,-0.17175337688864034
calce_CX2_37,0,-0.17201012083704315
calce_CX2_37,0,-0.17153174434098872
calce_CX2_37,0,-0.17137879976403958
calce_CX2_37,0,-0.17215833246866719
calce_CX2_37,0,-0.1718915668603972
calce_CX2_37,0,-0.17231243371782434
calce_CX2_37,0,-0.17278023185684477
calce_CX2_37,1,-0.17301822511393838
calce_CX2_37,1,-0.16561687802017755
calce_CX2_37,1,-0.15763264980621539
calce_CX2_37,1,-0.15818317154849193
calce_CX2_37,1,-0.1570369161974876
calce_CX2_37,1,-0.15484826194742818
calce_CX2_37,1,-0.1621186593067352
calce_CX2_37,1,-0.1649281200227788
calce_CX2_37,1,-0.16157009688114454
calce_CX2_37,1,-0.15301379252327474
calce_CX2_37,1,-0.15310295231656534
calce_CX2_37,1,-0.1528163627176672
calce_CX2_37,1,-0.1517896807183251
calce_CX2_37,1,-0.1559656817501519
calce_CX2_37,1,-0.1595726649791771
calce_CX2_37,1,-0.158835399560196
calce_CX2_37,1,-0.14746676601264297
calce_CX2_37,1,-0.1645039307585452
calce_CX2_37,1,-0.164545806019602
calce_CX2_37,1,0.00330640615596578
calce_CX2_37,1,-0.17177669832901032
calce_CX2_37,1,-0.17288065043138878
calce_CX2_37,1,-0.16244718035932992
calce_CX2_37,1,-0.16032491141504313
calce_CX2_37,1,-0.15933470070765077
calce_CX2_37,1,-0.15799293192717112
calce_CX2_37,1,-0.15706997177739557
calce_CX2_37,1,-0.1638992035942506
calce_CX2_37,1,-0.16477200437927197
calce_CX2_37,1,-0.16518578947164275
calce_CX2_37,1,-0.16522721908538873
calce_CX2_37,1,-0.16572929127900593
calce_CX2_37,1,-0.16569683470071117
calce_CX2_37,1,-0.16562327622603357
calce_CX2_37,1,-0.16525601083821873
calce_CX2_37,1,-0.16491375740744918
calce_CX2_37,1,-0.16465245431143116
calce_CX2_37,1,-0.16433713627669433
calce_CX2_37,1,-0.16429025067171976
calce_CX2_37,1,-0.1642785994715692
calce_CX2_37,1,-0.009581396334807257
calce_CX2_37,1,-0.16417904338441058
calce_CX2_37,1,-0.1641403435343426
calce_CX2_37,1,-0.16054470450787195
calce_CX2_37,1,-0.149901904202687
calce_CX2_37,1,-0.14877458620241435
calce_CX2_37,1,-0.1475483101094216
calce_CX2_37,1,-0.14555833779840077
calce_CX2_37,1,-0.15072867059263495
calce_CX2_37,1,-0.15497904782250072
calce_CX2_37,1,-0.15544817127403632
calce_CX2_37,1,-0.14491576762618075
calce_CX2_37,1,-0.14386386618680713
calce_CX2_37,1,-0.14224868111012035
calce_CX2_37,1,-0.14256718329617757
calce_CX2_37,1,-0.14513514260213156
calce_CX2_37,1,-0.14908907277265115
calce_CX2_37,1,-0.1519624317923427
calce_CX2_37,1,-0.14192951361742034
calce_CX2_37,1,-0.13960657430778933
calce_CX2_37,1,-0.13841989729729354
calce_CX2_37,1,-0.1383714444867954
calce_CX2_37,1,-0.13891281431765035
calce_CX2_37,1,-0.14655832928372792
calce_CX2_37,1,-0.1479303058445659
calce_CX2_37,1,-0.1382447510270688
calce_CX2_37,1,-0.13657818437110913
calce_CX2_37,1,-0.13766642403820617
calce_CX2_37,1,-0.1363320630788254
calce_CX2_37,1,-0.1335001337524624
calce_CX2_37,1,-0.14260907675106793
calce_CX2_37,1,-0.14463018517685478
calce_CX2_37,1,-0.13645045729447758
calce_CX2_37,1,-0.13293039600639334
calce_CX2_37,1,-0.1330016014938291
calce_CX2_37,1,-0.13229748249917894
calce_CX2_37,1,-0.13088637940096015
calce_CX2_37,1,-0.139103514335167
calce_CX2_37,1,0.020154622457788207
calce_CX2_37,1,-0.14153926405052875
calce_CX2_37,1,-0.14237394033752115
calce_CX2_37,1,-0.1429651882550047
calce_CX2_37,1,-0.1446164832457839
calce_CX2_37,1,-0.14532704036796118
calce_CX2_37,1,-0.14597187620818552
calce_CX2_37,1,-0.14638627094113
calce_CX2_37,1,-0.14677734946417798
calce_CX2_37,1,-0.14709476647751596
calce_CX2_37,1,-0.1473063489468004
calce_CX2_37,1,-0.14758196790887312
calce_CX2_37,1,-0.14801079764691838
calce_CX2_37,1,-0.14845540177881655
calce_CX2_37,1,-0.14848254534442995
calce_CX2_37,1,-0.14865222485896712
calce_CX2_37,1,-0.1367509997888544
calce_CX2_37,1,-0.13341626743938717
calce_CX2_37,1,-0.13278915400268
calce_CX2_37,1,-0.1317746676439565
calce_CX2_37,1,-0.12993517921726738
calce_CX2_37,1,-0.1389165418299999
calce_CX2_37,1,-0.141343145301841
calce_CX2_37,1,-0.13512897979189153
calce_CX2_37,1,-0.12983375984807155
calce_CX2_37,1,-0.13136667928399537
calce_CX2_37,1,-0.1304335223131048
calce_CX2_37,1,-0.1285201646881018
calce_CX2_37,1,-0.13531176385618915
calce_CX2_37,1,-0.13880350930182872
calce_CX2_37,1,-0.13769142563453673
calce_CX2_37,1,-0.12909129754377635
calce_CX2_37,1,-0.12946056515160032
calce_CX2_37,1,-0.12998041305442076
calce_CX2_37,1,-0.1289147814481444
calce_CX2_37,1,-0.13224556392608755
calce_CX2_37,1,-0.13764692341354556
calce_CX2_37,1,-0.13884186400732235
calce_CX2_37,1,-0.12891079569792596
calce_CX2_37,1,-0.13233933100540318
calce_CX2_37,1,-0.1332245680158236
calce_CX2_37,1,-0.131983591563264
calce_CX2_37,1,-0.12893567931917393
calce_CX2_37,1,-0.1274090689050852
calce_CX2_37,1,-0.12795325812543412
calce_CX2_37,1,-0.1276082974766075
calce_CX2_37,1,-0.12655515921858995
calce_CX2_37,1,-0.12480868786563193
calce_CX2_37,1,-0.1324510630879976
calce_CX2_37,1,-0.13413303796340592
calce_CX2_37,1,-0.13487398859245092
calce_CX2_37,1,-0.13521265248445513
calce_CX2_37,1,-0.13525018622136198
calce_CX2_37,1,-0.1357705864315487
calce_CX2_37,1,-0.14111360623873037
calce_CX2_37,1,-0.1340657258714958
calce_CX2_37,1,-0.13634012112224791
calce_CX2_37,1,-0.13720502365954312
calce_CX2_37,1,-0.13485687486334752
calce_CX2_37,1,-0.13059277931814595
calce_CX2_37,1,-0.13167994524990678
calce_CX2_37,1,-0.13428011711979315
calce_CX2_37,1,-0.13550334958355292
calce_CX2_37,1,-0.13677103978436878
calce_CX2_37,1,-0.1382248887855707
calce_CX2_37,1,-0.13881815906700956
calce_CX2_37,1,-0.1323223891774944
calce_CX2_37,1,-0.13140080688033073
calce_CX2_37,1,-0.13348735354845798
calce_CX2_37,1,-0.13365330720396995
calce_CX2_37,1,-0.1329306140528732
calce_CX2_37,1,-0.13603093746722994
calce_CX2_37,1,-0.13665780745363154
calce_CX2_37,1,-0.13052210715369317
calce_CX2_37,1,-0.12977871031249377
calce_CX2_37,1,-0.12957129094173192
calce_CX2_37,1,-0.12954613431980955
calce_CX2_37,1,-0.12777319598874914
calce_CX2_37,1,-0.13238420039379073
calce_CX2_37,1,-0.1338563949003304
calce_CX2_37,1,-0.13079111606657234
calce_CX2_37,1,-0.12734783280505435
calce_CX2_37,1,-0.1285196975709344
calce_CX2_37,1,-0.12871798680202517
calce_CX2_37,1,-0.1288552011265176
calce_CX2_37,1,-0.13124936372087714
calce_CX2_37,1,-0.13356389418000558
calce_CX2_37,1,-0.13439345225879296
calce_CX2_37,1,-0.13481437252270556
calce_CX2_37,1,-0.1350550641120547
calce_CX2_37,1,-0.1353825952690324
calce_CX2_37,1,-0.13701409919088792
calce_CX2_37,1,-0.1374461094868904
calce_CX2_37,1,-0.1377123696169048
calce_CX2_37,1,-0.13784262247043677
calce_CX2_37,1,-0.13800080158823236
calce_CX2_37,1,-0.13802094087685834
calce_CX2_37,1,-0.1377646792980204
calce_CX2_37,1,-0.13790868381961696
calce_CX2_37,1,-0.13824819654371112
calce_CX2_37,1,-0.13820090156179676
calce_CX2_37,1,-0.13814259494423797
calce_CX2_37,1,-0.13180711356627794
calce_CX2_37,1,-0.12708539071194835
calce_CX2_37,1,-0.13365340061786513
calce_CX2_37,1,-0.13215391793190678
calce_CX2_37,1,-0.13486336276050392
calce_CX2_37,1,-0.1365886575279851
calce_CX2_37,1,-0.13639979516548917
calce_CX2_37,1,0.02634111567409203
calce_CX2_37,1,-0.12892921998737317
calce_CX2_37,1,-0.1309699770162549
calce_CX2_37,1,-0.13032778601603134
calce_CX2_37,1,-0.12857478929655397
calce_CX2_37,1,-0.13353141688458314
calce_CX2_37,1,-0.13419651208650074
calce_CX2_37,1,-0.13022252920477118
calce_CX2_37,1,-0.12713712920368836
calce_CX2_37,1,-0.1291940632384888
calce_CX2_37,1,-0.1291490643883657
calce_CX2_37,1,-0.12749409855868354
calce_CX2_37,1,-0.13082780801135419
calce_CX2_37,1,-0.13260051239723158
calce_CX2_37,1,-0.13227082945807533
calce_CX2_37,1,-0.12487035042960515
calce_CX2_37,1,-0.12497214186406791
calce_CX2_37,1,-0.12509224007148134
calce_CX2_37,1,-0.12485352068146416
calce_CX2_37,1,-0.12473918854506472
calce_CX2_37,1,-0.1292455722619028
calce_CX2_37,1,-0.13042480251244393
calce_CX2_37,1,-0.12314277933032491
calce_CX2_37,1,-0.12146448466453219
calce_CX2_37,1,-0.12270190410362636
calce_CX2_37,1,-0.1233027829603559
calce_CX2_37,1,-0.1212655458364823
calce_CX2_37,1,-0.12664359214968912
calce_CX2_37,1,-0.1279243556517956
calce_CX2_37,1,-0.1284253480518348
calce_CX2_37,1,0.0230008819374512
calce_CX2_37,1,-0.1285020682669401
calce_CX2_37,1,-0.12919523249728837
calce_CX2_37,1,-0.12993559634764174
calce_CX2_37,1,-0.13008032134454717
calce_CX2_37,1,-0.129972701238931
calce_CX2_37,1,-0.129899210131176
calce_CX2_37,1,-0.12971639676513413
calce_CX2_37,1,-0.1294484178082279
calce_CX2_37,1,-0.1295949133355636
calce_CX2_37,1,-0.1297983319256627
calce_CX2_37,1,-0.1297456507244975
calce_CX2_37,1,-0.1297369042126959
calce_CX2_37,1,-0.12973967170554312
calce_CX2_37,1,-0.1250647160783892
calce_CX2_37,1,-0.12747828553612917
calce_CX2_37,1,-0.12669164296454494
calce_CX2_37,1,-0.1309485466044208
calce_CX2_37,1,0.020525877227178357
calce_CX2_37,1,-0.13224448489968
calce_CX2_37,1,-0.12400009787654398
calce_CX2_37,1,-0.12223531561314338
calce_CX2_37,1,-0.12237497616486392
calce_CX2_37,1,-0.12251392562039476
calce_CX2_37,1,-0.12071983865823954
calce_CX2_37,1,-0.12710794279598536
calce_CX2_37,1,-0.1284159811784128
calce_CX2_37,1,-0.12383076053456232
calce_CX2_37,1,-0.11986602308406913
calce_CX2_37,1,-0.12059688105209121
calce_CX2_37,1,-0.1203798128407767
calce_CX2_37,1,-0.11860519389433077
calce_CX2_37,1,-0.12280405784711901
calce_CX2_37,1,-0.1251178344185948
calce_CX2_37,1,-0.12520304580142871
calce_CX2_37,1,-0.11639345015000613
calce_CX2_37,1,-0.11673121220263172
calce_CX2_37,1,-0.11711506079726752
calce_CX2_37,1,-0.10828521150107917
calce_CX2_37,1,-0.10663441750366975
calce_CX2_37,1,-0.11744853649564257
calce_CX2_37,1,-0.1190901364765875
calce_CX2_37,1,-0.10688653563359674
calce_CX2_37,1,-0.10147829641939732
calce_CX2_37,1,-0.10108908017522578
calce_CX2_37,1,-0.0998116221557368
calce_CX2_37,1,-0.09778555267972255
calce_CX2_37,1,-0.10844679073220931
calce_CX2_37,1,-0.11175958297583277
calce_CX2_37,1,-0.11324562934678695
calce_CX2_37,1,-0.11446426055547754
calce_CX2_37,1,-0.11535434188740112
calce_CX2_37,1,-0.11708731590448673
calce_CX2_37,1,-0.1178538670397764
calce_CX2_37,1,-0.1183427068438776
calce_CX2_37,1,-0.11768596473303095
calce_CX2_37,1,-0.11728960376667841
calce_CX2_37,1,-0.11715229935919214
calce_CX2_37,1,-0.11695477412359379
calce_CX2_37,1,-0.11707416073363874
calce_CX2_37,1,-0.11741979030162719
calce_CX2_37,1,-0.11760346986496273
calce_CX2_37,1,-0.11772910660911673
calce_CX2_37,1,-0.1178051424072527
calce_CX2_37,1,-0.1075248060033751
calce_CX2_37,1,-0.1024544707151066
calce_CX2_37,1,-0.10099828847103876
calce_CX2_37,1,-0.11116274603278897
calce_CX2_37,1,-0.11454669090783753
calce_CX2_37,1,-0.1119247762265776
calce_CX2_37,1,-0.09933030131909926
calce_CX2_37,1,-0.09861371098067484
calce_CX2_37,1,-0.09774869583326629
calce_CX2_37,1,-0.09665051849182493
calce_CX2_37,1,-0.09746287944998766
calce_CX2_37,1,-0.10576467266654477
calce_CX2_37,1,-0.10771695552752492
calce_CX2_37,1,-0.09594304670100662
calce_CX2_37,1,-0.09151469908078058
calce_CX2_37,1,-0.09045687938692548
calce_CX2_37,1,-0.08915135097761095
calce_CX2_37,1,-0.08924408178440135
calce_CX2_37,1,-0.09310829716622337
calce_CX2_37,1,-0.0975469467119664
calce_CX2_37,1,-0.09787661481401311
calce_CX2_37,1,-0.08852986358439174
calce_CX2_37,1,-0.08739904597637416
calce_CX2_37,1,-0.08722399625054755
calce_CX2_37,1,-0.0859532946409639
calce_CX2_37,1,-0.08463833808202548
calce_CX2_37,1,-0.09123859111766375
calce_CX2_37,1,-0.0921908278041269
calce_CX2_37,1,-0.08641209831743235
calce_CX2_37,1,-0.08211235595837019
calce_CX2_37,1,-0.08409200017567997
calce_CX2_37,1,-0.08332126514143257
calce_CX2_37,1,-0.08196500427425524
calce_CX2_37,1,-0.08532415200389121
calce_CX2_37,1,-0.08799792844533583
calce_CX2_37,1,-0.08851459039493637
calce_CX2_37,1,-0.08044451185005608
calce_CX2_37,1,-0.07892388938213879
calce_CX2_37,1,-0.07983376539415044
calce_CX2_37,1,-0.07909074194090415
calce_CX2_37,1,-0.07621991161957675
calce_CX2_37,1,-0.08296619993396781
calce_CX2_37,1,-0.08442187680563751
calce_CX2_37,1,-0.07952774776228344
calce_CX2_37,1,-0.07512711139856854
calce_CX2_37,1,-0.07655711309309188
calce_CX2_37,1,-0.07643977756226483
calce_CX2_37,1,-0.07592949983855513
calce_CX2_37,1,-0.07843991460474298
calce_CX2_37,1,-0.08117653496018717
calce_CX2_37,1,-0.08187798192479223
calce_CX2_37,1,-0.08236759305984909
calce_CX2_37,1,-0.08269017061012474
calce_CX2_37,1,-0.08311800801953473
calce_CX2_37,1,-0.08351327844625056
calce_CX2_37,1,-0.08374494254089082
calce_CX2_37,1,-0.08405825117369436
calce_CX2_37,1,-0.0842870299270988
calce_CX2_37,1,-0.0846168752450206
calce_CX2_37,1,-0.08496943863447992
calce_CX2_37,1,-0.08506877040445904
calce_CX2_37,1,-0.08515627829642924
calce_CX2_37,1,-0.08536656093653383
calce_CX2_37,1,-0.08556573229530062
calce_CX2_37,1,-0.08566317728374473
calce_CX2_37,1,-0.08558085479985889
calce_CX2_37,1,-0.06829277218422303
calce_CX2_37,1,-0.06831294516060316
calce_CX2_37,1,-0.07299205175675127
calce_CX2_37,1,-0.07825418364762493
calce_CX2_37,1,-0.07962949443786305
calce_CX2_37,1,-0.07129596138442729
calce_CX2_37,1,-0.07123241054062324
calce_CX2_37,1,-0.07156834972398096
calce_CX2_37,1,-0.07214701761403486
calce_CX2_37,1,-0.07126905570580822
calce_CX2_37,1,-0.07527142829707312
calce_CX2_37,1,-0.07625093244747783
calce_CX2_37,1,-0.07214149492383137
calce_CX2_37,1,-0.069333685646503
calce_CX2_37,1,-0.0694799970647727
calce_CX2_37,1,-0.07025274474121979
calce_CX2_37,1,-0.06980084792445096
calce_CX2_37,1,-0.07141040412498267
calce_CX2_37,1,-0.07342103651609977
calce_CX2_37,1,-0.0738028385013535
calce_CX2_37,1,-0.06647115932004333
calce_CX2_37,1,0.09930177525039496
calce_CX2_37,1,-0.06485776484787042
calce_CX2_37,1,-0.0647930061867209
calce_CX2_37,1,-0.06421693581820109
calce_CX2_37,1,-0.0683050484829193
calce_CX2_37,1,-0.07112250457178393
calce_CX2_37,1,-0.07225008533092858
calce_CX2_37,1,-0.06883977383457196
calce_CX2_37,1,-0.06747082367405077
calce_CX2_37,1,-0.06919133746881889
calce_CX2_37,1,-0.06972486000901512
calce_CX2_37,1,-0.0691392918198892
calce_CX2_37,1,-0.07309668017394944
calce_CX2_37,1,-0.07428364627236761
calce_CX2_37,1,-0.07500291787313973
calce_CX2_37,1,0.08063852049532094
calce_CX2_37,1,-0.07503286211152382
calce_CX2_37,1,-0.07622815947176498
calce_CX2_37,1,-0.07694378107811728
calce_CX2_37,1,-0.07753061413930618
calce_CX2_37,1,-0.07783559518286043
calce_CX2_37,1,-0.07812083885637822
calce_CX2_37,1,-0.07818556517325381
calce_CX2_37,1,-0.07817239589015912
calce_CX2_37,1,-0.0779187524954269
calce_CX2_37,1,-0.07808234987785634
calce_CX2_37,1,-0.07884833694789772
calce_CX2_37,1,-0.07861087121913146
calce_CX2_37,1,-0.07829528060399304
calce_CX2_37,1,-0.076133093200485
calce_CX2_37,1,-0.07721094941699835
calce_CX2_37,1,-0.07860967467212243
calce_CX2_37,1,-0.08263992369629192
calce_CX2_37,1,-0.08304306565933173
calce_CX2_37,1,-0.07873032026653537
calce_CX2_37,1,-0.07512939665937912
calce_CX2_37,1,-0.07533654304922066
calce_CX2_37,1,0.08103252138835748
calce_CX2_37,1,-0.07389639772831491
calce_CX2_37,1,-0.07706790163082888
calce_CX2_37,1,-0.08055449085934785
calce_CX2_37,1,-0.08129658228915526
calce_CX2_37,1,-0.07590676034373622
calce_CX2_37,1,-0.07318505493240002
calce_CX2_37,1,-0.07292951494581656
calce_CX2_37,1,-0.07146149403941959
calce_CX2_37,1,0.08595584021072056
calce_CX2_37,1,-0.07398718209460398
calce_CX2_37,1,-0.07745025596802912
calce_CX2_37,1,-0.07764494780673725
calce_CX2_37,1,-0.07204671182758471
calce_CX2_37,1,-0.06896352609601364
calce_CX2_37,1,-0.09549359176516181
calce_CX2_37,1,-0.09033066360510622
calce_CX2_37,1,-0.08883815185100963
calce_CX2_37,1,-0.09443257865965715
calce_CX2_37,1,-0.10141468476383075
calce_CX2_37,1,-0.10331219018939275
calce_CX2_37,1,-0.0909807197791146
calce_CX2_37,1,-0.08907044640604
calce_CX2_37,1,-0.08873944010077317
calce_CX2_37,1,-0.0868382104799581
calce_CX2_37,1,-0.08549151828008161
calce_CX2_37,1,-0.09572670953666096
calce_CX2_37,1,-0.09887250102683376
calce_CX2_37,1,-0.09289338708492045
calce_CX2_37,1,-0.08609674390941535
calce_CX2_37,1,-0.08608120830441779
calce_CX2_37,1,-0.08362691090567531
calce_CX2_37,1,-0.08242423224967321
calce_CX2_37,1,-0.087635171877958
calce_CX2_37,1,-0.09309764930217679
calce_CX2_37,1,-0.09462175068027756
calce_CX2_37,1,-0.08300923970805829
calce_CX2_37,1,-0.08546741662511803
calce_CX2_37,1,-0.08651901436040355
calce_CX2_37,1,-0.08641343958772019
calce_CX2_37,1,0.07525003860798496
calce_CX2_37,1,-0.08993808379306512
calce_CX2_37,1,-0.0931384215844483
calce_CX2_37,1,-0.0935484912723975
calce_CX2_37,1,-0.08616091606842358
calce_CX2_37,1,-0.08695219902619788
calce_CX2_37,1,-0.08680648759165366
calce_CX2_37,1,-0.08645498850186084
calce_CX2_37,1,-0.0856273969930702
calce_CX2_37,1,-0.09195650102732178
calce_CX2_37,1,-0.09311244493440474
calce_CX2_37,1,-0.09375025157114858
calce_CX2_37,1,-0.09410990200734237
calce_CX2_37,1,-0.09440135845654718
calce_CX2_37,1,-0.09475225483623173
calce_CX2_37,1,-0.09559008264653046
calce_CX2_37,1,-0.09636601024804459
calce_CX2_37,1,-0.09650276515311018
calce_CX2_37,1,-0.09664383189090797
calce_CX2_37,1,-0.09644629388388615
calce_CX2_37,1,-0.09634186368571052
calce_CX2_37,1,-0.09626288619556145
calce_CX2_37,1,-0.09492582881406075
calce_CX2_37,1,-0.09476904558221377
calce_CX2_37,1,-0.09458244003318061
calce_CX2_37,1,-0.08165172304559987
calce_CX2_37,1,-0.07437843074855088
calce_CX2_37,1,-0.056408046421703606
calce_CX2_37,1,-0.05251589454439065
calce_CX2_37,1,-0.06545454116576677
calce_CX2_37,1,-0.06820261218010859
calce_CX2_37,1,-0.05823218513167161
calce_CX2_37,1,-0.04906597243253674
calce_CX2_37,1,-0.0462688800364891
calce_CX2_37,1,-0.044160640654084204
calce_CX2_37,1,-0.04313105454018562
calce_CX2_37,1,-0.04625812027188403
calce_CX2_37,1,-0.05446651691249127
calce_CX2_37,1,-0.057089233520954075
calce_CX2_37,1,-0.04421343646841014
calce_CX2_37,1,-0.0399763723739619
calce_CX2_37,1,-0.03888959924248647
calce_CX2_37,1,-0.03786691176999879
calce_CX2_37,1,-0.03506262515258818
calce_CX2_37,1,-0.0431974111005764
calce_CX2_37,1,-0.04843217554236101
calce_CX2_37,1,-0.05033942308245798
calce_CX2_37,1,-0.035401353209173925
calce_CX2_37,1,-0.03393407604269982
calce_CX2_37,1,-0.03331141100546331
calce_CX2_37,1,-0.03272979903287554
calce_CX2_37,1,-0.029502577048982404
calce_CX2_37,1,-0.027966999687424998
calce_CX2_37,1,-0.026895909903708937
calce_CX2_37,1,-0.025866579097848286
calce_CX2_37,1,-0.02514179119443083
calce_CX2_37,1,-0.027190233528345487
calce_CX2_37,1,-0.03404212656458794
calce_CX2_37,1,-0.03792815321033305
calce_CX2_37,1,-0.03732330348423307
calce_CX2_37,1,-0.03771698155487635
calce_CX2_37,1,-0.03838891550013346
calce_CX2_37,1,-0.03924057880914977
calce_CX2_37,1,-0.03972619735939409
calce_CX2_37,1,-0.04020755992528402
calce_CX2_37,1,-0.04060351199731249
calce_CX2_37,1,-0.04038229808434113
calce_CX2_37,1,-0.03995936856930915
calce_CX2_37,1,-0.039425719854009555
calce_CX2_37,1,-0.038648290050428025
calce_CX2_37,1,-0.03846003918718699
calce_CX2_37,1,-0.038019366734200366
calce_CX2_37,1,-0.03818867665751724
calce_CX2_37,1,-0.03842162062537258
calce_CX2_37,1,-0.03847954920069219
calce_CX2_37,1,-0.04578641017712093
calce_CX2_37,1,-0.048180924432896566
calce_CX2_37,1,-0.04601618472757585
calce_CX2_37,1,-0.04475665702060816
calce_CX2_37,1,-0.044116885744688084
calce_CX2_37,1,-0.04393896127886454
calce_CX2_37,1,-0.044912322003272775
calce_CX2_37,1,-0.04618652401560852
calce_CX2_37,1,-0.046833071412820226
calce_CX2_37,1,-0.045302469856374095
calce_CX2_37,1,-0.04335186584102757
calce_CX2_37,1,-0.04247525223267534
calce_CX2_37,1,-0.041856733889006126
calce_CX2_37,1,-0.0408887002310212
calce_CX2_37,1,-0.04096347377846343
calce_CX2_37,1,-0.05135803137868977
calce_CX2_37,1,-0.03825608274990644
calce_CX2_37,1,-0.03555580620270693
calce_CX2_37,1,-0.03302891053519397
calce_CX2_37,1,-0.031254477403977354
calce_CX2_37,1,-0.029962824064733495
calce_CX2_37,1,-0.02858842865259148
calce_CX2_37,1,-0.029777289996553824
calce_CX2_37,1,-0.0299871565576334
calce_CX2_37,1,-0.03015618656257324
calce_CX2_37,1,-0.027835502926673916
calce_CX2_37,1,-0.026224540921427564
calce_CX2_37,1,-0.021660064080953334
calce_CX2_37,1,0.14845868478573465
calce_CX2_37,1,-0.01674103272184302
calce_CX2_37,1,-0.01811561810495288
calce_CX2_37,1,-0.018606648687812588
calce_CX2_37,1,-0.018449837539000202
calce_CX2_37,1,-0.016770033803819917
calce_CX2_37,1,-0.014913184374283683
calce_CX2_37,1,-0.01417519607365858
calce_CX2_37,1,-0.013396530035386323
calce_CX2_37,1,-0.012671939629866014
calce_CX2_37,1,-0.01223042847945055
calce_CX2_37,1,-0.013929190266696478
calce_CX2_37,1,-0.014440483116974323
calce_CX2_37,1,-0.013949232245840548
calce_CX2_37,1,-0.013952830367176539
calce_CX2_37,1,-0.013197807485763935
calce_CX2_37,1,-0.013156932677184097
calce_CX2_37,1,-0.012753989487886974
calce_CX2_37,1,-0.01222116499369963
calce_CX2_37,1,-0.011911759233595665
calce_CX2_37,1,-0.011514376358804368
calce_CX2_37,1,-0.011184592531381155
calce_CX2_37,1,-0.017546598579001538
calce_CX2_37,1,-0.01908428641980675
calce_CX2_37,1,-0.01846302691638191
calce_CX2_37,1,-0.01853242880088568
calce_CX2_37,1,-0.0182930503382015
calce_CX2_37,1,-0.01806585987350484
calce_CX2_37,1,-0.01968921953719749
calce_CX2_37,1,-0.024586422089365123
calce_CX2_37,1,-0.020312486270452457
calce_CX2_37,1,-0.017227154298009473
calce_CX2_37,1,-0.013707831026995798
calce_CX2_37,1,-0.01133116744573659
calce_CX2_37,1,-0.009624864042990677
calce_CX2_37,1,-0.00870612393407455
calce_CX2_37,1,0.16246614917112523
calce_CX2_37,1,-0.009769708361762164
calce_CX2_37,1,-0.011594948310365227
calce_CX2_37,1,-0.009429810267958527
calce_CX2_37,1,-0.006311218933785834
calce_CX2_37,1,-0.004979542816697657
calce_CX2_37,1,-0.004413254762700269
calce_CX2_37,1,-0.0032672980868360124
calce_CX2_37,1,-0.004610816879843549
calce_CX2_37,1,-0.005675152250695592
calce_CX2_37,1,-0.0052166451044456386
calce_CX2_37,1,-0.002448266735423199
calce_CX2_37,1,-0.0008466792933307099
calce_CX2_37,1,0.00033691952747316734
calce_CX2_37,1,0.0004600845289944866
calce_CX2_37,1,0.001425933568053428
calce_CX2_37,1,0.002032123035553224
calce_CX2_37,1,0.0026186612830811917
calce_CX2_37,1,-0.0013756446889870988
calce_CX2_37,1,-0.005852634687685376
calce_CX2_37,1,-0.00725030158211637
calce_CX2_37,1,-0.008152919089869592
calce_CX2_37,1,-0.008706348667337549
calce_CX2_37,1,-0.008903037117562018
calce_CX2_37,1,-0.009247090534551416
calce_CX2_37,1,-0.009519184992514806
calce_CX2_37,1,-0.010045899653371437
calce_CX2_37,1,-0.009993721107474984
calce_CX2_37,1,-0.009824254797864418
calce_CX2_37,1,-0.009546575175643057
calce_CX2_37,1,-0.009521148109788435
calce_CX2_37,1,0.15709778353954995
calce_CX2_37,1,0.0021994379480368975
calce_CX2_37,1,0.002233772461078698
calce_CX2_37,1,0.0022140337227531948
calce_CX2_37,1,0.004872906444136849
calce_CX2_37,1,0.0016686690029560358
calce_CX2_37,1,-0.0034185938779265346
calce_CX2_37,1,0.0008604444086445229
calce_CX2_37,1,0.00281422791783148
calce_CX2_37,1,0.0006307984956080981
calce_CX2_37,1,9.454316073576052e-06
calce_CX2_37,1,-0.0002527815370799713
calce_CX2_37,1,-0.002237353718339552
calce_CX2_37,1,-0.002550839314649278
calce_CX2_37,1,-0.00020601732533975792
calce_CX2_37,1,0.0007850191725169431
calce_CX2_37,1,0.00180344266965482
calce_CX2_37,1,0.006125873469439935
calce_CX2_37,1,0.007654285847443987
calce_CX2_37,1,0.008029212262729013
calce_CX2_37,1,0.009262821965220658
calce_CX2_37,1,0.010040156009295753
calce_CX2_37,1,0.010762343812119823
calce_CX2_37,1,0.007143759213694145
calce_CX2_37,1,0.004806758947273337
calce_CX2_37,1,0.004018162394168745
calce_CX2_37,1,0.004116089729124028
calce_CX2_37,1,0.0038753539393999725
calce_CX2_37,1,0.0037212429161108673
calce_CX2_37,1,0.004114226859345926
calce_CX2_37,1,0.0027819963251057844
calce_CX2_37,1,0.001148235479667914
calce_CX2_37,1,0.0005996213419098284
calce_CX2_37,1,0.002846834962488165
calce_CX2_37,1,0.0042678779963526425
calce_CX2_37,1,0.0050102119204963325
calce_CX2_37,1,0.00594460559987775
calce_CX2_37,1,0.006878041643300525
calce_CX2_37,1,0.005771333930784772
calce_CX2_37,1,0.0036976545860687438
calce_CX2_37,1,0.0034547078573741175
calce_CX2_37,1,0.007169360283282855
calce_CX2_37,1,0.010071055738048007
calce_CX2_37,1,0.011449422220574323
calce_CX2_37,1,0.01252953814070501
calce_CX2_37,1,0.013646041062130743
calce_CX2_37,1,0.013022813535145561
calce_CX2_37,1,0.013780991427363887
calce_CX2_37,1,0.19070281648460385
calce_CX2_37,1,0.016507631473988815
calce_CX2_37,1,0.016524772288993406
calce_CX2_37,1,0.017051536128131928
calce_CX2_37,1,0.01790008783326069
calce_CX2_37,1,0.018577792533093107
calce_CX2_37,1,0.018114829555369805
calce_CX2_37,1,0.016373234881585486
calce_CX2_37,1,0.01630435338888858
calce_CX2_37,1,0.016434636956113136
calce_CX2_37,1,0.018819608630115336
calce_CX2_37,1,0.019900160506136078
calce_CX2_37,1,0.020477608389985247
calce_CX2_37,1,0.020942181718509145
calce_CX2_37,1,0.021255998544370325
calce_CX2_37,1,0.02190702667449429
calce_CX2_37,1,0.02240508189420598
calce_CX2_37,1,0.02284330836785775
calce_CX2_37,1,0.022880627932489905
calce_CX2_37,1,0.02374901900961457
calce_CX2_37,1,0.02452394681853276
calce_CX2_37,1,0.02504575852352786
calce_CX2_37,1,0.025732094747655254
calce_CX2_37,1,0.02531729764487778
calce_CX2_37,1,0.022979002433399787
calce_CX2_37,1,0.02000073390342627
calce_CX2_37,1,0.017192143759567013
calce_CX2_37,1,0.016014709118131965
calce_CX2_37,1,0.01523985485380508
calce_CX2_37,1,0.015323798364911378
calce_CX2_37,1,0.01574430541258609
calce_CX2_37,1,0.015879985556638387
calce_CX2_37,1,0.014868587696535318
calce_CX2_37,1,0.014178601937436142
calce_CX2_37,1,0.01511635720531146
calce_CX2_37,1,0.017103712985259367
calce_CX2_37,1,0.01832840913592182
calce_CX2_37,1,0.019530277207831293
calce_CX2_37,1,0.020714007188272987
calce_CX2_37,1,0.021553128064769278
calce_CX2_37,1,0.022118419542840884
calce_CX2_37,1,0.022410100511870645
calce_CX2_37,1,0.02217103595812775
calce_CX2_37,1,0.023844304644819125
calce_CX2_37,1,0.024935863669034997
calce_CX2_37,1,0.02546763933469165
calce_CX2_37,1,0.026407850581490644
calce_CX2_37,1,0.027259909512293956
calce_CX2_37,1,0.02510408541040343
calce_CX2_37,1,0.02404409872681801
calce_CX2_37,1,0.024255571563794986
calce_CX2_37,1,0.024871164129676826
calce_CX2_37,1,0.025254013939148057
calce_CX2_37,1,0.025653136652023067
calce_CX2_37,1,0.026198616190533985
calce_CX2_37,1,0.025061448708006417
calce_CX2_37,1,0.024394924308268173
calce_CX2_37,1,0.20181206775764604
calce_CX2_37,1,0.026118123004873817
calce_CX2_37,1,0.027055543572384044
calce_CX2_37,1,0.028041473738071865
calce_CX2_37,1,0.031938794506137125
calce_CX2_37,1,0.033375337369029534
calce_CX2_37,1,0.03390476253940278
calce_CX2_37,1,0.032057240683049604
calce_CX2_37,1,0.030919730107578758
calce_CX2_37,1,0.031298471640125225
calce_CX2_37,1,0.03437846075393425
calce_CX2_37,1,0.03576132355762751
calce_CX2_37,1,0.03711480020693336
calce_CX2_37,1,0.03819871607654568
calce_CX2_37,1,0.038597784254909784
calce_CX2_37,1,0.03625374806176773
calce_CX2_37,1,0.033822742099361425
calce_CX2_37,1,0.03358253632829156
calce_CX2_37,1,0.02499670012236621
calce_CX2_37,1,0.024876704061321253
calce_CX2_37,1,0.024735271774157797
calce_CX2_37,1,0.025000332747779352
calce_CX2_37,1,0.025601493965392463
calce_CX2_37,1,0.026396837898185255
calce_CX2_37,1,0.023237296654420758
calce_CX2_37,1,0.024619528397506696
calce_CX2_37,1,0.025675959708823304
calce_CX2_37,1,0.02829057492070519
calce_CX2_37,1,0.02999102974730672
calce_CX2_37,1,0.03147570000213562
calce_CX2_37,1,0.0328857355996669
calce_CX2_37,1,0.03376842700297511
calce_CX2_37,1,0.03465237446730052
calce_CX2_37,1,0.03523145684084328
calce_CX2_37,1,0.0362898825901139
calce_CX2_37,1,0.03765608139749177
calce_CX2_37,1,0.04190305705673636
calce_CX2_37,1,0.044383796548810195
calce_CX2_37,1,0.0460016360843275
calce_CX2_37,1,0.04675817668266258
calce_CX2_37,1,0.04730573951548511
calce_CX2_37,1,0.045373876833897375
calce_CX2_37,1,0.04558296958672592
calce_CX2_37,1,0.04567475460522674
calce_CX2_37,1,0.22519630019208847
calce_CX2_37,1,0.050764628771438836
calce_CX2_37,1,0.0497162550014838
calce_CX2_37,1,0.050324516545430464
calce_CX2_37,1,0.04875414919705634
calce_CX2_37,1,0.047006653798069675
calce_CX2_37,1,0.04721508384385742
calce_CX2_37,1,0.049551672524375645
calce_CX2_37,1,0.05176045213850489
calce_CX2_37,1,0.05357544181441565
calce_CX2_37,1,0.05518475490265995
calce_CX2_37,1,0.05693844625518363
calce_CX2_37,1,0.05707595879943317
calce_CX2_37,1,0.05560122289428804
calce_CX2_37,1,0.05652634374454768
calce_CX2_37,1,0.057373574359080415
calce_CX2_37,1,0.060221609475334836
calce_CX2_37,1,0.062082038118052574
calce_CX2_37,1,0.06282214476785497
calce_CX2_37,1,0.06391735089902206
calce_CX2_37,1,0.06409637665006696
calce_CX2_37,1,0.06021512755001135
calce_CX2_37,1,0.05873539677773554
calce_CX2_37,1,0.23935903242051526
calce_CX2_37,1,0.06614820332079374
calce_CX2_37,1,0.06303962587782885
calce_CX2_37,1,0.06384463023462983
calce_CX2_37,1,0.06737659100612048
calce_CX2_37,1,0.07016702168078559
calce_CX2_37,1,0.07131398097592645
calce_CX2_37,1,0.25033245503647694
calce_CX2_37,1,0.07539563028969165
calce_CX2_37,1,0.07084281061442499
calce_CX2_37,1,0.06952817120525845
calce_CX2_37,1,0.06816509074922106
calce_CX2_37,1,0.24940983936701944
calce_CX2_37,1,0.07753253242130442
calce_CX2_37,1,0.07973414856394045
calce_CX2_37,1,0.08180272690618118
calce_CX2_37,1,0.08269330770210126
calce_CX2_37,1,0.08092697090255163
calce_CX2_37,1,0.0768191985511455
calce_CX2_37,1,0.0767986829351921
calce_CX2_37,1,0.07648717037028008
calce_CX2_37,1,0.07965675052336951
calce_CX2_37,1,0.08095792801512058
calce_CX2_37,1,0.08174245870680164
calce_CX2_37,1,0.08208891115620842
calce_CX2_37,1,0.08208867855679602
calce_CX2_37,1,0.0794644615483101
calce_CX2_37,1,0.08050478986513288
calce_CX2_37,1,0.08077386976721157
calce_CX2_37,1,0.2620110823483991
calce_CX2_37,1,0.08483799030184191
calce_CX2_37,1,0.08508180339408378
calce_CX2_37,1,0.08688636648154935
calce_CX2_37,1,0.08845838260062389
calce_CX2_37,1,0.08812901661159211
calce_CX2_37,1,0.08700620006502369
calce_CX2_37,1,0.08851298656524398
calce_CX2_37,1,0.08994508857694139
calce_CX2_37,1,0.09409269002704057
calce_CX2_37,1,0.09636182911508606
calce_CX2_37,1,0.10122411751797666
calce_CX2_37,1,0.10340577848831745
calce_CX2_37,1,0.10526968288611738
calce_CX2_37,1,0.10174528461513033
calce_CX2_37,1,0.10160112974359925
calce_CX2_37,1,0.10112152839152722
calce_CX2_37,1,0.10122258264089745
calce_CX2_37,1,0.10233356828455742
calce_CX2_37,1,0.10375910325523696
calce_CX2_37,1,0.10786922104272623
calce_CX2_37,1,0.10602293610723956
calce_CX2_37,1,0.09348145759251669
calce_CX2_37,1,0.08972721472825984
calce_CX2_37,1,0.09132066887284551
calce_CX2_37,1,0.09333805564632291
calce_CX2_37,1,0.09555267568988646
calce_CX2_37,1,0.10038466494556553
calce_CX2_37,1,0.10321425330188716
calce_CX2_37,1,0.10293813849126054
calce_CX2_37,1,0.09783780951899745
calce_CX2_37,1,0.09640761363326789
calce_CX2_37,1,0.09753821583398758
calce_CX2_37,1,0.0999813765122829
calce_CX2_37,1,0.10191835320184517
calce_CX2_37,1,0.10388340528549989
calce_CX2_37,1,0.10484305950172268
calce_CX2_37,1,0.10263703338214336
calce_CX2_37,1,0.1007793535104834
calce_CX2_37,1,0.10173581101986995
calce_CX2_37,1,0.10135841210684315
calce_CX2_37,1,0.1044473840073803
calce_CX2_37,1,0.10611344905673181
calce_CX2_37,1,0.10746191638460223
calce_CX2_37,1,0.10878043679882043
calce_CX2_37,1,0.11097411343473462
calce_CX2_37,1,0.10857710877026217
calce_CX2_37,1,0.1080856756094799
calce_CX2_37,1,0.10867104648810344
calce_CX2_37,1,0.1096064032985955
calce_CX2_37,1,0.11232042242099294
calce_CX2_37,1,0.1137056783820165
calce_CX2_37,1,0.11538818075357526
calce_CX2_37,1,0.1159867292607939
calce_CX2_37,1,0.11684826299488027
calce_CX2_37,1,0.11308553194612947
calce_CX2_37,1,0.11201407021138199
calce_CX2_37,1,0.08733278458219618
calce_CX2_37,1,0.08805096557892889
calce_CX2_37,1,0.0911479575876657
calce_CX2_37,1,0.0922057383113768
calce_CX2_37,1,0.09416912854388415
calce_CX2_37,1,0.09478634213373494
calce_CX2_37,1,0.09603745105860872
calce_CX2_37,1,0.09653293057334777
calce_CX2_37,1,0.09632860313430669
calce_CX2_37,1,0.09610859100473412
calce_CX2_37,1,0.09686602069477301
calce_CX2_37,1,0.0974276153763155
calce_CX2_37,1,0.10049294892461358
calce_CX2_37,1,0.10443502653548942
calce_CX2_37,1,0.10660049746060773
calce_CX2_37,1,0.09144569142412884
calce_CX2_37,1,0.0857145915062052
calce_CX2_37,1,0.087615232525039
calce_CX2_37,1,0.09062883593192761
calce_CX2_37,1,0.0930815786026915
calce_CX2_37,1,0.09572605000151024
calce_CX2_37,1,0.09870625379716536
calce_CX2_37,1,0.09654500143413303
calce_CX2_37,1,0.09633380774116218
calce_CX2_37,1,0.09608249868828866
calce_CX2_37,1,0.09996869776314465
calce_CX2_37,1,0.10286560480168105
calce_CX2_37,1,0.10482907506231776
calce_CX2_37,1,0.1069711422502001
calce_CX2_37,1,0.11077585672654167
calce_CX2_37,1,0.11233246212665093
calce_CX2_37,1,0.11229528556392643
calce_CX2_37,1,0.11142928741483737
calce_CX2_37,1,0.1121447179040056
calce_CX2_37,1,0.115613670395738
calce_CX2_37,1,0.1210482603361156
calce_CX2_37,1,0.12531200310261859
calce_CX2_37,1,0.30793764686141184
calce_CX2_37,1,0.1314130853976413
calce_CX2_37,1,0.12810666153696748
calce_CX2_37,1,0.12616506739282263
calce_CX2_37,1,0.12334905102755
calce_CX2_37,1,0.12338630828028752
calce_CX2_37,1,0.1265203277361603
calce_CX2_37,1,0.12930942771365062
calce_CX2_37,1,0.13166916639859727
calce_CX2_37,1,0.13318567267748627
calce_CX2_37,1,0.13497727744878485
calce_CX2_37,1,0.13618078310602566
calce_CX2_37,1,0.1353070153974143
calce_CX2_37,1,0.13536996451500438
calce_CX2_37,1,0.13497233526990915
calce_CX2_37,1,0.13720668788541834
calce_CX2_37,1,0.14103663338034234
calce_CX2_37,1,0.14147354935165146
calce_CX2_37,1,0.1429578694965853
calce_CX2_37,1,0.14372368071228114
calce_CX2_37,1,0.14354013386800302
calce_CX2_37,1,0.1435773504273301
calce_CX2_37,1,0.1363968819960265
calce_CX2_37,1,0.13761607092137773
calce_CX2_37,1,0.13881123212704516
calce_CX2_37,1,0.1417946479477875
calce_CX2_37,1,0.14143488824217543
calce_CX2_37,1,0.1418001195540468
calce_CX2_37,1,0.05356859718491547
calce_CX2_37,1,0.054118632165209846
calce_CX2_37,1,0.054096700743585635
calce_CX2_37,1,0.054390502041026356
calce_CX2_37,1,0.054733566666608
calce_CX2_37,1,0.05591367020487792
calce_CX2_37,1,0.054253981471973134
calce_CX2_37,1,0.2328180206416658
calce_CX2_37,1,0.05600246083512106
calce_CX2_37,1,0.0553898190496247
calce_CX2_37,1,0.058953337041619314
calce_CX2_37,1,0.060380557462918705
calce_CX2_37,1,0.061731372097721726
calce_CX2_37,1,0.06314595007262547
calce_CX2_37,1,0.06232213601561232
calce_CX2_37,1,0.06133791239078501
calce_CX2_37,1,0.06130682983764946
calce_CX2_37,1,0.24104876074116377
calce_CX2_37,1,0.06493371891488275
calce_CX2_37,1,0.06375235854485883
calce_CX2_37,1,0.06433522605315578
calce_CX2_37,1,0.06487386804734963
calce_CX2_37,1,0.06419527035399475
calce_CX2_37,1,0.06252306771612282
calce_CX2_37,1,0.0606548732421347
calce_CX2_37,1,0.06261031634546699
calce_CX2_37,1,0.06489050825091547
calce_CX2_37,1,0.06662783552255624
calce_CX2_37,1,0.0704035830400227
calce_CX2_37,1,0.07343876287627338
calce_CX2_37,1,0.07478758650445383
calce_CX2_37,1,0.07194472716226818
calce_CX2_37,1,0.07204141170906597
calce_CX2_37,1,0.06982305959762358
calce_CX2_37,1,0.0734331486598212
calce_CX2_37,1,0.07761365944355447
calce_CX2_37,1,0.07874456898933391
calce_CX2_37,1,0.2614150115787435
calce_CX2_37,1,0.08287250716969663
calce_CX2_37,1,0.07954569522397914
calce_CX2_37,1,0.07414157516642905
calce_CX2_37,1,0.07493408244778343
calce_CX2_37,1,0.07530298179523598
calce_CX2_37,1,0.07711102507749368
calce_CX2_37,1,0.0807593955825856
calce_CX2_37,1,0.08316791233579657
calce_CX2_37,1,0.08437608023689558
calce_CX2_37,1,0.08523417347567408
calce_CX2_37,1,0.08330968723351728
calce_CX2_37,1,0.08425396202248436
calce_CX2_37,1,-0.2941589266341236
calce_CX2_37,1,-0.29240112582439015
calce_CX2_37,1,-0.29321313707925745
calce_CX2_37,1,-0.29183174146096924
calce_CX2_37,1,-0.2920217163176344
calce_CX2_37,1,-0.29141613444295333
calce_CX2_37,1,-0.2864016100824507
calce_CX2_37,1,-0.28058803487845707
calce_CX2_37,1,-0.2785770693204699
calce_CX2_37,1,-0.2759078938547228
calce_CX2_37,1,-0.27351004678768365
calce_CX2_37,1,-0.2781168620698369
calce_CX2_37,1,-0.27829621266415305
calce_CX2_37,1,-0.2714388150941538
calce_CX2_37,1,-0.26883093840652905
calce_CX2_37,1,-0.26728987601420084
calce_CX2_37,1,-0.26570299022917676
calce_CX2_37,1,-0.2679593116657415
calce_CX2_37,1,-0.11141634045238458
calce_CX2_37,1,-0.2704471751816755
calce_CX2_37,1,-0.26291855321169844
calce_CX2_37,1,-0.26134779601129643
calce_CX2_37,1,-0.26026537452385745
calce_CX2_37,1,-0.25857201883867087
calce_CX2_37,1,-0.26173205210621764
calce_CX2_37,1,-0.2634739547258813
calce_CX2_37,1,-0.26376790132672
calce_CX2_37,1,-0.26375892426638603
calce_CX2_37,1,-0.2637200983705088
calce_CX2_37,1,-0.2636588738077368
calce_CX2_37,1,-0.26353513153374286
calce_CX2_37,1,-0.2631797844403938
calce_CX2_37,1,-0.2627236428985218
calce_CX2_37,1,-0.26241914683251877
calce_CX2_37,1,-0.2619775238347162
calce_CX2_37,1,-0.26160416045128554
calce_CX2_37,1,-0.2614506085652859
calce_CX2_37,1,-0.2610292547828832
calce_CX2_37,1,-0.260498051580508
calce_CX2_37,1,-0.26006414810054457
calce_CX2_37,1,-0.25211464390679206
calce_CX2_37,1,-0.09117170824991438
calce_CX2_37,1,-0.24896428335495147
calce_CX2_37,1,-0.24764455981266176
calce_CX2_37,1,-0.24804586664785555
calce_CX2_37,1,-0.25224557514817203
calce_CX2_37,1,-0.2528487734585887
calce_CX2_37,1,-0.2453159191223202
calce_CX2_37,1,-0.24340107751654538
calce_CX2_37,1,-0.24229977111112855
calce_CX2_37,1,-0.2401419927228572
calce_CX2_37,1,-0.24463402562137682
calce_CX2_37,1,-0.24659004654274286
calce_CX2_37,1,-0.2141632166070888
calce_CX2_37,1,-0.21602346347492118
calce_CX2_37,1,-0.21567042593784636
calce_CX2_37,1,-0.220352915637668
calce_CX2_37,1,-0.22099185223546325
calce_CX2_37,1,-0.21603359137568834
calce_CX2_37,1,-0.21487485374581938
calce_CX2_37,1,-0.21485834623168287
calce_CX2_37,1,-0.21305422935528018
calce_CX2_37,1,-0.211763128216381
calce_CX2_37,1,-0.21682408523299834
calce_CX2_37,1,-0.21736384707581924
calce_CX2_37,1,-0.20984514769802298
calce_CX2_37,1,-0.20885611418065886
calce_CX2_37,1,-0.20844071602081016
calce_CX2_37,1,-0.2066179323645223
calce_CX2_37,1,-0.20665644961739948
calce_CX2_37,1,-0.21156260637790703
calce_CX2_37,1,-0.21230942613991077
calce_CX2_37,1,-0.2037255251726755
calce_CX2_37,1,-0.202858057886941
calce_CX2_37,1,-0.20284651163397194
calce_CX2_37,1,-0.1999981472791892
calce_CX2_37,1,-0.20294796275080684
calce_CX2_37,1,-0.20585384793521078
calce_CX2_37,1,-0.20632116227032204
calce_CX2_37,1,-0.20790611816947635
calce_CX2_37,1,-0.20854221045491705
calce_CX2_37,1,-0.208988224408307
calce_CX2_37,1,-0.20937831907587046
calce_CX2_37,1,-0.20999671641732442
calce_CX2_37,1,-0.2099201234668917
calce_CX2_37,1,-0.21007702539084816
calce_CX2_37,1,-0.21016977498734613
calce_CX2_37,1,-0.21012912071072387
calce_CX2_37,1,-0.21016798159114658
calce_CX2_37,1,-0.2101223726199144
calce_CX2_37,1,-0.21008203198542708
calce_CX2_37,1,-0.21001428849942272
calce_CX2_37,1,-0.2067928998999291
calce_CX2_37,1,-0.19758974273686358
calce_CX2_37,1,-0.1968247010762756
calce_CX2_37,1,-0.19614313506753533
calce_CX2_37,1,-0.1943680530893176
calce_CX2_37,1,-0.03315486593787065
calce_CX2_37,1,-0.20226410208641843
calce_CX2_37,1,-0.20320424212959187
calce_CX2_37,1,-0.19372471797466717
calce_CX2_37,1,-0.19383365005306796
calce_CX2_37,1,-0.19342346733795557
calce_CX2_37,1,-0.21239277925877298
calce_CX2_37,1,-0.044873712510316466
calce_CX2_37,1,-0.21885364711775868
calce_CX2_37,1,-0.21903144720230627
calce_CX2_37,1,-0.20934078093592556
calce_CX2_37,1,-0.20795903844880748
calce_CX2_37,1,-0.20646714484316897
calce_CX2_37,1,-0.20514910157559307
calce_CX2_37,1,-0.20471369995334165
calce_CX2_37,1,-0.20965798940097113
calce_CX2_37,1,-0.21010361652201404
calce_CX2_37,1,-0.20020578601205186
calce_CX2_37,1,-0.19938257882594257
calce_CX2_37,1,-0.19927802158964358
calce_CX2_37,1,-0.19732806043500117
calce_CX2_37,1,-0.19949099770731837
calce_CX2_37,1,-0.20293956799776547
calce_CX2_37,1,-0.20338748162824172
calce_CX2_37,1,-0.20343569011924245
calce_CX2_37,1,-0.20328714646198476
calce_CX2_37,1,-0.20355530369015495
calce_CX2_37,1,-0.20366162048977676
calce_CX2_37,1,-0.20371169437682535
calce_CX2_37,1,-0.2033802434452472
calce_CX2_37,1,-0.20293855219827628
calce_CX2_37,1,-0.20263731192424905
calce_CX2_37,1,-0.2024200590641907
calce_CX2_37,1,-0.2023187797872743
calce_CX2_37,1,-0.20223333609246752
calce_CX2_37,1,-0.20231062588904436
calce_CX2_37,1,-0.20291849058673295
calce_CX2_37,1,-0.20130960183708058
calce_CX2_37,1,-0.19107508212622593
calce_CX2_37,1,-0.19043572198751435
calce_CX2_37,1,-0.18859105176015278
calce_CX2_37,1,-0.18667504174116234
calce_CX2_37,1,-0.1904435616256791
calce_CX2_37,1,-0.19369544495555036
calce_CX2_37,1,-0.19307280721417752
calce_CX2_37,1,-0.183361431612735
calce_CX2_37,1,-0.18353490010931217
calce_CX2_37,1,-0.182876354401733
calce_CX2_37,1,-0.18187396037375914
calce_CX2_37,1,-0.18568021931159973
calce_CX2_37,1,-0.18906190386708277
calce_CX2_37,1,-0.18873735000001057
calce_CX2_37,1,-0.18044842906683956
calce_CX2_37,1,-0.18109162463005757
calce_CX2_37,1,-0.18130924827127715
calce_CX2_37,1,-0.18017923644057954
calce_CX2_37,1,-0.27235238242669335
calce_CX2_37,1,-0.27007832582745817
calce_CX2_37,1,-0.2719812350133852
calce_CX2_37,1,-0.27077923894810496
calce_CX2_37,1,-0.26289529967564484
calce_CX2_37,1,-0.2599039703809023
calce_CX2_37,1,-0.2581167378585507
calce_CX2_37,1,-0.25404964508486905
calce_CX2_37,1,-0.25275666356047566
calce_CX2_37,1,-0.25130901052255905
calce_CX2_37,1,-0.24787325913773706
calce_CX2_37,1,-0.24501523578006457
calce_CX2_37,1,-0.24376150100837246
calce_CX2_37,1,-0.24193817554687547
calce_CX2_37,1,-0.23901315408327362
calce_CX2_37,1,-0.2396744818470511
calce_CX2_37,1,-0.2388755517268979
calce_CX2_37,1,-0.06899191037509522
calce_CX2_37,1,-0.23484452919073817
calce_CX2_37,1,-0.23424724694472565
calce_CX2_37,1,-0.23337408915409563
calce_CX2_37,1,-0.23099558620370897
calce_CX2_37,1,-0.23281577116595753
calce_CX2_37,1,-0.23192342742736005
calce_CX2_37,1,-0.23093693327082665
calce_CX2_37,1,-0.23000830841734077
calce_CX2_37,1,-0.22927958938960868
calce_CX2_37,1,-0.22898050785182988
calce_CX2_37,1,-0.22770248186354425
calce_CX2_37,1,-0.22677119050962524
calce_CX2_37,1,-0.22586774237714446
calce_CX2_37,1,-0.22498842116014828
calce_CX2_37,1,-0.22424606521104562
calce_CX2_37,1,-0.22357883508510001
calce_CX2_37,1,-0.22334139022573374
calce_CX2_37,1,-0.2221161594917629
calce_CX2_37,1,-0.22133531356089775
calce_CX2_37,1,-0.2192821848285189
calce_CX2_37,1,-0.2149214473887915
calce_CX2_37,1,-0.2137336282976101
calce_CX2_37,1,-0.21255344262159825
calce_CS2_36,1,-0.19999999999999996
calce_CS2_36,1,-0.20480125769221402
calce_CS2_36,1,-0.20723341352540947
calce_CS2_36,1,-0.20312994202083035
calce_CS2_36,1,-0.19577084630825115
calce_CS2_36,1,-0.1954174720964852
calce_CS2_36,1,-0.19470128756611393
calce_CS2_36,1,0.6594283566881178
calce_CS2_36,1,-0.1877169602505293
calce_CS2_36,1,-0.185053045508912
calce_CS2_36,1,-0.1935805649050355
calce_CS2_36,1,-0.1953087605440259
calce_CS2_36,1,-0.1905880904217203
calce_CS2_36,1,-0.18497549168016914
calce_CS2_36,1,-0.18524364912311875
calce_CS2_36,1,-0.1858697428277868
calce_CS2_36,1,-0.18519859550053552
calce_CS2_36,1,-0.1836518038709748
calce_CS2_36,1,-0.18393085051256797
calce_CS2_36,1,-0.1906919613815452
calce_CS2_36,1,-0.1936601192384828
calce_CS2_36,1,-0.19327209966788272
calce_CS2_36,1,-0.1838771721453537
calce_CS2_36,1,-0.18478458305037193
calce_CS2_36,1,-0.1828984202364895
calce_CS2_36,1,-0.18164940728835832
calce_CS2_36,1,-0.18403540485554992
calce_CS2_36,1,-0.18879195873650878
calce_CS2_36,1,-0.1897553012151415
calce_CS2_36,1,-0.17926974581718857
calce_CS2_36,1,-0.17949380896171074
calce_CS2_36,1,-0.179152686111811
calce_CS2_36,1,-0.17916392878276932
calce_CS2_36,1,-0.17883468251683432
calce_CS2_36,1,-0.1845693227558931
calce_CS2_36,1,-0.18573332419053157
calce_CS2_36,1,-0.18627625880289878
calce_CS2_36,1,-0.18662567777806094
calce_CS2_36,1,-0.18703007748983713
calce_CS2_36,1,-0.18739533876000758
calce_CS2_36,1,-0.1880527969470127
calce_CS2_36,1,-0.1879875414749962
calce_CS2_36,1,-0.18834032447414717
calce_CS2_36,1,-0.187799101467639
calce_CS2_36,1,-0.18745766927775653
calce_CS2_36,1,-0.1885346238268507
calce_CS2_36,1,-0.18800991800809752
calce_CS2_36,1,-0.18835062716270956
calce_CS2_36,1,-0.18846120362727814
calce_CS2_36,1,-0.1889452089377791
calce_CS2_36,1,-0.18538970185363512
calce_CS2_36,1,-0.1747613559557879
calce_CS2_36,1,-0.17614158565087312
calce_CS2_36,1,-0.17420810771223016
calce_CS2_36,1,-0.17242857684052437
calce_CS2_36,1,-0.17635766336910397
calce_CS2_36,1,-0.18108658161514235
calce_CS2_36,1,-0.18186891472168876
calce_CS2_36,1,-0.17070289933823835
calce_CS2_36,1,-0.17013267664725995
calce_CS2_36,1,-0.17034543513789913
calce_CS2_36,1,-0.1700398041258806
calce_CS2_36,1,-0.16743998539942473
calce_CS2_36,1,-0.17541795623670553
calce_CS2_36,1,-0.17675634844708632
calce_CS2_36,1,-0.05365393390967799
calce_CS2_36,1,-0.17842952397848877
calce_CS2_36,1,-0.17746838753609817
calce_CS2_36,1,-0.18240099368947016
calce_CS2_36,1,-0.18466419609203477
calce_CS2_36,1,-0.1850564643650081
calce_CS2_36,1,-0.1729894341497582
calce_CS2_36,1,-0.17287361805313972
calce_CS2_36,1,-0.17181413778029975
calce_CS2_36,1,-0.17113147759926794
calce_CS2_36,1,-0.17204682581365294
calce_CS2_36,1,-0.17713915717737594
calce_CS2_36,1,-0.17805557662651916
calce_CS2_36,1,-0.17834981119127113
calce_CS2_36,1,-0.17852355793131713
calce_CS2_36,1,-0.17916175374533194
calce_CS2_36,1,-0.17912472262191015
calce_CS2_36,1,-0.17899375850396793
calce_CS2_36,1,-0.17866721962259557
calce_CS2_36,1,-0.17845327177388115
calce_CS2_36,1,-0.1781371464859346
calce_CS2_36,1,-0.06347772466767032
calce_CS2_36,1,-0.17764627859272275
calce_CS2_36,1,-0.17766636044798512
calce_CS2_36,1,-0.17760390195022613
calce_CS2_36,1,-0.06404535713678727
calce_CS2_36,1,-0.17730865017727115
calce_CS2_36,1,-0.17705756350757418
calce_CS2_36,1,-0.1653671521948905
calce_CS2_36,1,-0.16253936615197595
calce_CS2_36,1,-0.16161226502061599
calce_CS2_36,1,-0.1598403706388304
calce_CS2_36,1,-0.1573804637955567
calce_CS2_36,1,-0.1672166678770628
calce_CS2_36,1,-0.16873416805180597
calce_CS2_36,1,-0.1618186772299154
calce_CS2_36,1,-0.15659082286141113
calce_CS2_36,1,-0.15678724739722416
calce_CS2_36,1,-0.15504826834851693
calce_CS2_36,1,-0.15540449938236034
calce_CS2_36,1,-0.16079407935977197
calce_CS2_36,1,-0.16245782166121514
calce_CS2_36,1,-0.1631164484269444
calce_CS2_36,1,-0.1524504094919188
calce_CS2_36,1,-0.15193189469153112
calce_CS2_36,1,-0.15005789068532238
calce_CS2_36,1,-0.15056551001402974
calce_CS2_36,1,-0.15213714287428115
calce_CS2_36,1,-0.15838914748099775
calce_CS2_36,1,-0.15933053760873017
calce_CS2_36,1,-0.15010450176482915
calce_CS2_36,1,-0.1536891748229423
calce_CS2_36,1,-0.15213402975818657
calce_CS2_36,1,-0.14825928457411552
calce_CS2_36,1,-0.15709313533877034
calce_CS2_36,1,-0.15848849077249094
calce_CS2_36,1,-0.15001409546337696
calce_CS2_36,1,-0.1458627183465544
calce_CS2_36,1,-0.1460968754543044
calce_CS2_36,1,-0.14517344690193035
calce_CS2_36,1,-0.14300902829206075
calce_CS2_36,1,-0.15013274657161435
calce_CS2_36,1,-0.15228048329676758
calce_CS2_36,1,-0.1528500826586704
calce_CS2_36,1,-0.15301127218433874
calce_CS2_36,1,-0.15330302068145174
calce_CS2_36,1,-0.15475555395608154
calce_CS2_36,1,-0.1552249590745568
calce_CS2_36,1,-0.15555274456452117
calce_CS2_36,1,-0.15578582642686756
calce_CS2_36,1,-0.1558758813508434
calce_CS2_36,1,-0.15587051679521113
calce_CS2_36,1,-0.15585219300582676
calce_CS2_36,1,-0.1558725282378881
calce_CS2_36,1,-0.15597986913370676
calce_CS2_36,1,-0.1564379147407291
calce_CS2_36,1,-0.04190954348162357
calce_CS2_36,1,-0.15589619965790635
calce_CS2_36,1,-0.15535927658950532
calce_CS2_36,1,-0.1410665700965088
calce_CS2_36,1,-0.1394303312842552
calce_CS2_36,1,-0.13869047917889554
calce_CS2_36,1,-0.13758314834042418
calce_CS2_36,1,-0.13672153107567553
calce_CS2_36,1,-0.1452056389721451
calce_CS2_36,1,-0.14690497183630036
calce_CS2_36,1,-0.13756882899703915
calce_CS2_36,1,-0.13422189162363274
calce_CS2_36,1,-0.13525953961403836
calce_CS2_36,1,-0.13270787426407993
calce_CS2_36,1,-0.12995554017842914
calce_CS2_36,1,-0.13958048117085997
calce_CS2_36,1,-0.14280250146392515
calce_CS2_36,1,-0.14066793800071875
calce_CS2_36,1,-0.12993476356078892
calce_CS2_36,1,-0.13037434641319634
calce_CS2_36,1,-0.1318460052600694
calce_CS2_36,1,-0.13023764794977555
calce_CS2_36,1,-0.13168859730417115
calce_CS2_36,1,-0.13968965728067695
calce_CS2_36,1,-0.14099297388147258
calce_CS2_36,1,-0.13598346594290533
calce_CS2_36,1,-0.1358896218299288
calce_CS2_36,1,-0.13303905441639152
calce_CS2_36,1,-0.12935385216882578
calce_CS2_36,1,-0.1270590487468416
calce_CS2_36,1,-0.12726793203602238
calce_CS2_36,1,-0.1269224188284962
calce_CS2_36,1,-0.1258224155835812
calce_CS2_36,1,-0.1234396854248504
calce_CS2_36,1,-0.13207981656907974
calce_CS2_36,1,-0.13420710326205076
calce_CS2_36,1,-0.13498218474719115
calce_CS2_36,1,-0.13536248849591836
calce_CS2_36,1,-0.1355377996880307
calce_CS2_36,1,-0.13574194501536074
calce_CS2_36,1,-0.13593798116277533
calce_CS2_36,1,-0.12202389906929234
calce_CS2_36,1,-0.11946822710741478
calce_CS2_36,1,-0.12427159404552857
calce_CS2_36,1,-0.12595263863441675
calce_CS2_36,1,-0.12601977309627033
calce_CS2_36,1,-0.11258671108864315
calce_CS2_36,1,-0.11163295715836796
calce_CS2_36,1,-0.11324457323272996
calce_CS2_36,1,-0.11185618670357511
calce_CS2_36,1,-0.10962071957988395
calce_CS2_36,1,-0.11796373004668392
calce_CS2_36,1,-0.11866605263055874
calce_CS2_36,1,-0.11215601581054635
calce_CS2_36,1,-0.10556602314715036
calce_CS2_36,1,-0.10490085700532115
calce_CS2_36,1,-0.1063016435770272
calce_CS2_36,1,-0.10640062695973951
calce_CS2_36,1,-0.10609198080556792
calce_CS2_36,1,-0.11420710464756101
calce_CS2_36,1,-0.11521236466752571
calce_CS2_36,1,-0.10329024281018917
calce_CS2_36,1,-0.09620351361638291
calce_CS2_36,1,-0.0991695697044701
calce_CS2_36,1,-0.10082355050406777
calce_CS2_36,1,-0.09680484525161515
calce_CS2_36,1,-0.10519787122403257
calce_CS2_36,1,-0.1085630025690364
calce_CS2_36,1,-0.10940641037893117
calce_CS2_36,1,-0.09469365272218466
calce_CS2_36,1,-0.0914509937053829
calce_CS2_36,1,-0.0935377345318732
calce_CS2_36,1,-0.09676116232562804
calce_CS2_36,1,-0.09314070634553795
calce_CS2_36,1,-0.10292641076712872
calce_CS2_36,1,-0.10488964821072078
calce_CS2_36,1,-0.10557964970093359
calce_CS2_36,1,-0.10599690496126057
calce_CS2_36,1,-0.1060695693251229
calce_CS2_36,1,-0.106428812082906
calce_CS2_36,1,-0.1072760075681588
calce_CS2_36,1,-0.10701711201644915
calce_CS2_36,1,-0.1066801672549168
calce_CS2_36,1,-0.1065225822917586
calce_CS2_36,1,-0.10601458039693878
calce_CS2_36,1,-0.10567169562702516
calce_CS2_36,1,-0.10519170759132235
calce_CS2_36,1,-0.10507232494013397
calce_CS2_36,1,-0.10494349399156677
calce_CS2_36,1,-0.10470528942671475
calce_CS2_36,1,-0.10436263796774237
calce_CS2_36,1,-0.09823340764186872
calce_CS2_36,1,-0.09435618919668776
calce_CS2_36,1,-0.10230245417621397
calce_CS2_36,1,-0.10451341187770313
calce_CS2_36,1,-0.10463446596419812
calce_CS2_36,1,-0.08737313202011132
calce_CS2_36,1,-0.08584697297343569
calce_CS2_36,1,-0.08613588007476136
calce_CS2_36,1,-0.08585643001283816
calce_CS2_36,1,-0.08258516313551922
calce_CS2_36,1,-0.09326981932776757
calce_CS2_36,1,-0.09596073041992514
calce_CS2_36,1,-0.09274333752457276
calce_CS2_36,1,-0.0803055211386321
calce_CS2_36,1,-0.08171625026396423
calce_CS2_36,1,-0.08045324252573272
calce_CS2_36,1,-0.07866750938143918
calce_CS2_36,1,-0.0754313684101412
calce_CS2_36,1,-0.08820170871783506
calce_CS2_36,1,-0.08996874345001848
calce_CS2_36,1,-0.08165882834180238
calce_CS2_36,1,-0.07154203128824033
calce_CS2_36,1,-0.07293884342096413
calce_CS2_36,1,-0.07308013650894296
calce_CS2_36,1,-0.0586641540819689
calce_CS2_36,1,-0.05267166987549765
calce_CS2_36,1,-0.07417568890657078
calce_CS2_36,1,-0.07714104954105505
calce_CS2_36,1,-0.0628768865568704
calce_CS2_36,1,-0.047715568883025083
calce_CS2_36,1,-0.0479001154434503
calce_CS2_36,1,-0.044861111047584834
calce_CS2_36,1,-0.043323201478859374
calce_CS2_36,1,-0.04677336005651733
calce_CS2_36,1,-0.06362749078343233
calce_CS2_36,1,-0.06740313125497199
calce_CS2_36,1,-0.0693810067713505
calce_CS2_36,1,-0.07055456230635315
calce_CS2_36,1,-0.07140113398637349
calce_CS2_36,1,-0.07380243013905308
calce_CS2_36,1,-0.0742772131720415
calce_CS2_36,1,-0.07475206007265034
calce_CS2_36,1,-0.07349695402747325
calce_CS2_36,1,-0.07252974375479238
calce_CS2_36,1,-0.07206075966745285
calce_CS2_36,1,-0.07160993296244689
calce_CS2_36,1,-0.07100378896375037
calce_CS2_36,1,-0.07115861910038956
calce_CS2_36,1,-0.07121137130651845
calce_CS2_36,1,-0.07106282212743753
calce_CS2_36,1,-0.052524823828928424
calce_CS2_36,1,-0.045047657318109446
calce_CS2_36,1,-0.05952569485950787
calce_CS2_36,1,0.059776935730024516
calce_CS2_36,1,-0.06570267494330373
calce_CS2_36,1,-0.04619127879670981
calce_CS2_36,1,-0.03500633187128965
calce_CS2_36,1,-0.03474495749663642
calce_CS2_36,1,-0.033485892598885125
calce_CS2_36,1,-0.031265710114246614
calce_CS2_36,1,-0.03694390902071787
calce_CS2_36,1,-0.04850435759214178
calce_CS2_36,1,-0.0513242604188181
calce_CS2_36,1,-0.033957455094533406
calce_CS2_36,1,-0.02398759370231396
calce_CS2_36,1,-0.020515098328389825
calce_CS2_36,1,0.5371056769091835
calce_CS2_36,1,-0.05003301951397543
calce_CS2_36,1,-0.037730207522993164
calce_CS2_36,1,-0.036983533843083505
calce_CS2_36,1,-0.04018062556709279
calce_CS2_36,1,-0.051872872257050395
calce_CS2_36,1,-0.0537526941705867
calce_CS2_36,1,-0.03658739572813163
calce_CS2_36,1,-0.02660917387651851
calce_CS2_36,1,-0.026959247674130937
calce_CS2_36,1,-0.021837990125337825
calce_CS2_36,1,-0.020511069476743415
calce_CS2_36,1,-0.023762692284821085
calce_CS2_36,1,-0.036593458029488324
calce_CS2_36,1,-0.03977080800506694
calce_CS2_36,1,-0.025091267577800447
calce_CS2_36,1,-0.014678227197140736
calce_CS2_36,1,-0.014340453044390689
calce_CS2_36,1,-0.009878511084978836
calce_CS2_36,1,-0.007705476198562544
calce_CS2_36,1,-0.008324505525995618
calce_CS2_36,1,-0.023989728854312498
calce_CS2_36,1,-0.027486389379771214
calce_CS2_36,1,-0.01392633569155366
calce_CS2_36,1,-0.0067685548436206
calce_CS2_36,1,-0.010591405971807522
calce_CS2_36,1,-0.00792470643844545
calce_CS2_36,1,-0.006464284961838818
calce_CS2_36,1,-0.0037275197548992667
calce_CS2_36,1,-0.02094025929532195
calce_CS2_36,1,-0.023295749757922257
calce_CS2_36,1,-0.01719506727178899
calce_CS2_36,1,-0.004720075223808351
calce_CS2_36,1,-0.006132646718896795
calce_CS2_36,1,-0.004479566416022429
calce_CS2_36,1,-0.004007879892577337
calce_CS2_36,1,-0.0007038866068533878
calce_CS2_36,1,-0.014639194653311871
calce_CS2_36,1,-0.017655464183103597
calce_CS2_36,1,-0.01948476993548709
calce_CS2_36,1,-0.02010319939707228
calce_CS2_36,1,-0.020400974595598975
calce_CS2_36,1,-0.020411477387997867
calce_CS2_36,1,-0.02010109846996233
calce_CS2_36,1,-0.020905240385011403
calce_CS2_36,1,-0.02097092773515752
calce_CS2_36,1,-0.02080132294569037
calce_CS2_36,1,-0.02058287310120721
calce_CS2_36,1,-0.02078736045768681
calce_CS2_36,1,-0.02110191160147179
calce_CS2_36,1,-0.020539406655811443
calce_CS2_36,1,-0.01471206267028402
calce_CS2_36,1,-0.005968215836243074
calce_CS2_36,1,-0.005353104158546285
calce_CS2_36,1,-0.015344279762136481
calce_CS2_36,1,-0.015465042091257208
calce_CS2_36,1,0.0011436340658331767
calce_CS2_36,1,0.008600914545307536
calce_CS2_36,1,0.009030585725683382
calce_CS2_36,1,0.011119037661142306
calce_CS2_36,1,0.014331312053625034
calce_CS2_36,1,0.016860820048330227
calce_CS2_36,1,0.0038434601866939033
calce_CS2_36,1,0.0009800226872559437
calce_CS2_36,1,0.0001992219545465801
calce_CS2_36,1,0.0195794194448089
calce_CS2_36,1,0.02145124854189795
calce_CS2_36,1,0.020862778716405517
calce_CS2_36,1,0.024624623021794023
calce_CS2_36,1,0.024400345406333845
calce_CS2_36,1,0.01748847496787098
calce_CS2_36,1,0.13356516131009977
calce_CS2_36,1,0.010720924624618489
calce_CS2_36,1,0.018379341964107287
calce_CS2_36,1,0.029050696092575823
calce_CS2_36,1,0.0345838217734773
calce_CS2_36,1,0.028303072739909507
calce_CS2_36,1,0.03150910456383238
calce_CS2_36,1,0.16232363823421103
calce_CS2_36,1,0.031449343580220446
calce_CS2_36,1,0.021779933453802913
calce_CS2_36,1,0.01437893469416196
calce_CS2_36,1,0.1387810977845294
calce_CS2_36,1,0.032924027553311586
calce_CS2_36,1,0.029777534007822903
calce_CS2_36,1,0.030150798610451557
calce_CS2_36,1,0.029920300208964634
calce_CS2_36,1,0.03281343446478102
calce_CS2_36,1,0.023580639345598176
calce_CS2_36,1,0.01958085045697866
calce_CS2_36,1,0.01870877027699258
calce_CS2_36,1,0.017518455966726965
calce_CS2_36,1,0.017485764356683364
calce_CS2_36,1,0.01620553542303904
calce_CS2_36,1,0.015648332064806536
calce_CS2_36,1,0.014633003006700118
calce_CS2_36,1,0.015152313497966086
calce_CS2_36,1,0.01518364357705293
calce_CS2_36,1,0.01486712450367833
calce_CS2_36,1,0.014096506766922867
calce_CS2_36,1,0.013629193966147368
calce_CS2_36,1,0.030807599241151618
calce_CS2_36,1,0.041170543382035185
calce_CS2_36,1,0.046511891475175204
calce_CS2_36,1,0.03237552132617627
calce_CS2_36,1,0.031016803907444657
calce_CS2_36,1,0.038831333720046324
calce_CS2_36,1,0.0509026374226379
calce_CS2_36,1,0.04991554397633691
calce_CS2_36,1,0.05116926401655664
calce_CS2_36,1,0.0511652942371158
calce_CS2_36,1,0.05219067603525418
calce_CS2_36,1,0.04405885839801715
calce_CS2_36,1,0.04025243236707343
calce_CS2_36,1,0.03925885078917035
calce_CS2_36,1,0.05471445882487336
calce_CS2_36,1,0.05826513251809484
calce_CS2_36,1,0.057847744683485636
calce_CS2_36,1,0.05652797166967183
calce_CS2_36,1,0.05827105511751651
calce_CS2_36,1,0.05884448017953958
calce_CS2_36,1,0.049991884641573336
calce_CS2_36,1,0.04789966471692786
calce_CS2_36,1,0.04737610822506333
calce_CS2_36,1,0.06529858713326475
calce_CS2_36,1,0.06793766611535934
calce_CS2_36,1,0.06567066141634292
calce_CS2_36,1,0.06675830336686317
calce_CS2_36,1,0.0693972733303937
calce_CS2_36,1,0.06862075748102514
calce_CS2_36,1,0.053892257891831274
calce_CS2_36,1,0.1748335242101563
calce_CS2_36,1,0.17695102936337748
calce_CS2_36,1,0.062347496160042204
calce_CS2_36,1,0.06443331655155937
calce_CS2_36,1,0.06347320570130022
calce_CS2_36,1,0.06032830113590304
calce_CS2_36,1,0.059606657507615624
calce_CS2_36,1,0.06087388929695692
calce_CS2_36,1,0.05043635075619313
calce_CS2_36,1,0.04719608695828581
calce_CS2_36,1,0.045751811561427824
calce_CS2_36,1,0.04462376015427372
calce_CS2_36,1,0.044301098447563025
calce_CS2_36,1,0.04420406235344587
calce_CS2_36,1,0.04366202471674918
calce_CS2_36,1,0.043290956396412894
calce_CS2_36,1,0.04306023703275419
calce_CS2_36,1,0.04301158985076814
calce_CS2_36,1,0.043258359697985305
calce_CS2_36,1,0.043493663472348176
calce_CS2_36,1,0.040145836825606684
calce_CS2_36,1,0.04914863416639226
calce_CS2_36,1,0.05591797557108624
calce_CS2_36,1,0.0431537046425422
calce_CS2_36,1,0.04272718984699475
calce_CS2_36,1,0.04325940973701892
calce_CS2_36,1,0.05933173099111433
calce_CS2_36,1,0.06720260754849328
calce_CS2_36,1,0.0659713771853313
calce_CS2_36,1,0.07015594180651963
calce_CS2_36,1,0.07103177878062983
calce_CS2_36,1,0.07270764239678851
calce_CS2_36,1,0.056355668629290756
calce_CS2_36,1,0.055073474272734235
calce_CS2_36,1,0.054881301034388597
calce_CS2_36,1,0.07239945345077847
calce_CS2_36,1,0.07848497636530061
calce_CS2_36,1,0.07847790189442383
calce_CS2_36,1,0.08259420451551736
calce_CS2_36,1,0.08494507600767653
calce_CS2_36,1,0.08565869855656305
calce_CS2_36,1,0.06916589363287862
calce_CS2_36,1,0.06769122511393766
calce_CS2_36,1,0.06773131243352715
calce_CS2_36,1,0.0860984014909234
calce_CS2_36,1,0.09318843789946973
calce_CS2_36,1,0.09637984741919348
calce_CS2_36,1,0.07531568287002666
calce_CS2_36,1,0.09056590076024096
calce_CS2_36,1,0.12688083981504594
calce_CS2_36,1,0.1389959524765626
calce_CS2_36,1,0.11511799473412831
calce_CS2_36,1,0.11233151303826305
calce_CS2_36,1,0.11230586211884253
calce_CS2_36,1,0.1489689424976547
calce_CS2_36,1,0.16368622489359563
calce_CS2_36,1,0.17128924304143311
calce_CS2_36,1,0.1803662945941782
calce_CS2_36,1,0.31505495617221696
calce_CS2_36,1,0.1865754650257918
calce_CS2_36,1,0.18781389797388448
calce_CS2_36,1,0.16501513108857246
calce_CS2_36,1,0.15847951367923152
calce_CS2_36,1,0.1548548976863865
calce_CS2_36,1,0.1884324164638408
calce_CS2_36,1,0.1972965401844763
calce_CS2_36,1,0.1986375068697377
calce_CS2_36,1,0.2050095067811767
calce_CS2_36,1,0.2075557203605043
calce_CS2_36,1,0.21510624755286578
calce_CS2_36,1,0.20348740950012856
calce_CS2_36,1,0.1867864309839844
calce_CS2_36,1,0.18190733809179604
calce_CS2_36,1,0.17830982977239462
calce_CS2_36,1,0.2104333600830678
calce_CS2_36,1,0.22199118693610387
calce_CS2_36,1,0.2182880989943179
calce_CS2_36,1,0.22152809231749837
calce_CS2_36,1,0.2231067960555042
calce_CS2_36,1,0.2299746301532366
calce_CS2_36,1,0.2352737619942047
calce_CS2_36,1,0.23790700436857648
calce_CS2_36,1,0.38591663293253003
calce_CS2_36,1,0.2444753478149818
calce_CS2_36,1,0.24669999097139028
calce_CS2_36,1,0.2514960283278015
calce_CS2_36,1,0.25048188783862424
calce_CS2_36,1,0.24890698238273468
calce_CS2_36,1,0.23084967125928435
calce_CS2_36,1,0.23027900003650426
calce_CS2_36,1,0.23167926147351725
calce_CS2_36,1,0.23234284406775996
calce_CS2_36,1,0.23308029977540656
calce_CS2_36,1,0.2336110629937188
calce_CS2_36,1,0.23248122967067297
calce_CS2_36,1,0.2323272813040923
calce_CS2_36,1,0.232751609668859
calce_CS2_36,1,0.19496762843199222
calce_CS2_36,1,0.20772940364465142
calce_CS2_36,1,0.21931509014022055
calce_CS2_36,1,0.22856231973176822
calce_CS2_36,1,0.23587960366418947
calce_CS2_36,1,0.24070888941798907
calce_CS2_36,1,0.24479285206908774
calce_CS2_36,1,0.24648309015289482
calce_CS2_36,1,0.24923903672155368
calce_CS2_36,1,0.23401516616482054
calce_CS2_36,1,0.24039855130801824
calce_CS2_36,1,0.24124789690430004
calce_CS2_36,1,0.24496264150950953
calce_CS2_36,1,0.25134429667250546
calce_CS2_36,1,0.25817886444380167
calce_CS2_36,1,0.26142605055396717
calce_CS2_36,1,0.2640146163846261
calce_CS2_36,1,0.26523569138223535
calce_CS2_36,1,0.2676375345527583
calce_CS2_36,1,0.26982378506805105
calce_CS2_36,1,0.26577786465128106
calce_CS2_36,1,0.23333308471629377
calce_CS2_36,1,0.2613629330002377
calce_CS2_36,1,0.26919927143556044
calce_CS2_36,1,0.2771968282072905
calce_CS2_36,1,0.2828841870747072
calce_CS2_36,1,0.287526028102594
calce_CS2_36,1,0.41281066889246315
calce_CS2_36,1,0.2928239849778451
calce_CS2_36,1,0.2950214751967669
calce_CS2_36,1,0.29873011809418004
calce_CS2_36,1,0.30112764158978245
calce_CS2_36,1,0.2967500180669802
calce_CS2_36,1,0.29941429695755817
calce_CS2_36,1,0.297178465192694
calce_CS2_36,1,0.30019278040281894
calce_CS2_36,1,0.30788653945211397
calce_CS2_36,1,0.31022362756870925
calce_CS2_36,1,0.3134819447419717
calce_CS2_36,1,0.3265802029608155
calce_CS2_36,1,0.32993831555780234
calce_CS2_36,1,0.33465634796596805
calce_CS2_36,1,0.33635392563572414
calce_CS2_36,1,0.33510781149197355
calce_CS2_36,1,0.33212534571646884
calce_CS2_36,1,0.33282391198949535
calce_CS2_36,1,0.33606487239714167
calce_CS2_36,1,0.33962894694463136
calce_CS2_36,1,0.3452206047717181
calce_CS2_36,1,0.34955081824709505
calce_CS2_36,1,0.32025101444328447
calce_CS2_36,1,0.33468288100797805
calce_CS2_36,1,0.34706841928490256
calce_CS2_36,1,0.3554566525951052
calce_CS2_36,1,0.36079629502062704
calce_CS2_36,1,0.365471070346755
calce_CS2_36,1,0.36933173284810283
calce_CS2_36,1,0.49479494016360365
calce_CS2_36,1,0.37440851426232413
calce_CS2_36,1,0.37644527198395406
calce_CS2_36,1,0.37537123889182766
calce_CS2_36,1,0.37196541618760903
calce_CS2_36,1,0.36405709542320813
calce_CS2_36,1,0.38466510368212836
calce_CS2_36,1,0.3895421852635366
calce_CS2_36,1,0.3972629804896872
calce_CS2_36,1,0.39708265101844475
calce_CS2_36,1,0.41446541684751104
calce_CS2_36,1,0.41812607891063264
calce_CS2_36,1,0.4245703894012354
calce_CS2_36,1,0.4257529109134309
calce_CS2_36,1,0.42809507931620705
calce_CS2_36,1,0.43062729130658245
calce_CS2_36,1,0.42882831620183487
calce_CS2_36,1,0.4173642443815496
calce_CS2_36,1,0.41962185438100424
calce_CS2_36,1,0.41797681991889774
calce_CS2_36,1,0.41349192418369085
calce_CS2_36,1,0.41495928402835797
calce_CS2_36,1,0.4295323904286815
calce_CS2_36,1,0.43358901704165803
calce_CS2_36,1,0.43193309239070143
calce_CS2_36,1,0.4389415911467067
calce_CS2_36,1,0.44027114959997166
calce_CS2_36,1,0.43827955271960556
calce_CS2_36,1,0.4420189104509115
calce_CS2_36,1,0.4410675890521342
calce_CS2_36,1,0.43663310310334663
calce_CS2_36,1,0.43182310342176766
calce_CS2_36,1,0.43450877484606826
calce_CS2_36,1,0.43563931640201875
calce_CS2_36,1,0.44055995035551637
calce_CS2_36,1,0.44598781959184486
calce_CS2_36,1,0.4513750410166437
calce_CS2_36,1,0.45438667233409447
calce_CS2_36,1,0.45769417409317686
calce_CS2_36,1,0.45989690336112443
calce_CS2_36,1,0.46200741994781325
calce_CS2_36,1,0.46380011164996665
calce_CS2_36,1,0.46374012041790064
calce_CS2_36,1,0.40984486749300125
calce_CS2_36,1,0.42555161550995985
calce_CS2_36,1,0.43742212095042693
calce_CS2_36,1,0.44725492740784517
calce_CS2_36,1,0.45275356374474923
calce_CS2_36,1,0.46005928156305015
calce_CS2_36,1,0.4662372356849858
calce_CS2_36,1,0.46672494891587174
calce_CS2_36,1,0.46889774058603884
calce_CS2_36,1,0.4716568853333957
calce_CS2_36,1,0.47388656429309295
calce_CS2_36,1,0.4767722973900995
calce_CS2_36,1,0.4771025314990304
calce_CS2_36,1,0.47301693631985936
calce_CS2_36,1,0.4798856592910196
calce_CS2_36,1,0.48461549595910186
calce_CS2_36,1,0.49719159354872006
calce_CS2_36,1,0.48070165292139433
calce_CS2_36,1,0.47809432271624713
calce_CS2_36,1,0.48582396120054877
calce_CS2_36,1,0.5068929839220742
calce_CS2_36,1,0.5088814422527305
calce_CS2_36,1,0.5103997156879185
calce_CS2_36,1,0.5032203240402183
calce_CS2_36,1,0.49535196073109944
calce_CS2_36,1,0.49279833313944077
calce_CS2_36,1,0.49191192845754234
calce_CS2_36,1,0.49342250799130505
calce_CS2_36,1,0.4918867668438586
calce_CS2_36,1,0.48842873316803925
calce_CS2_36,1,0.48382724552121475
calce_CS2_36,1,0.48470799823035066
calce_CS2_36,1,0.48711685226723483
calce_CS2_36,1,0.49243060052391
calce_CS2_36,1,0.49726012109852746
calce_CS2_36,1,0.49936728175980255
calce_CS2_36,1,0.5003346514755174
calce_CS2_36,1,0.5028545140558316
calce_CS2_36,1,0.5049356531247369
calce_CS2_36,1,0.5222693640507988
calce_CS2_36,1,0.5285280022226259
calce_CS2_36,1,0.531166868135746
calce_CS2_36,1,0.5330565062541784
calce_CS2_36,1,0.5268286330225103
calce_CS2_36,1,0.528386671383547
calce_CS2_36,1,0.5301462429366639
calce_CS2_36,1,0.5333334030846144
calce_CS2_36,1,0.5367767985643613
calce_CS2_36,1,0.5370036861635519
calce_CS2_36,1,0.5397159058923577
calce_CS2_36,1,0.5990905420830086
calce_CS2_36,1,0.5928161904012643
calce_CS2_36,1,0.5980998340731936
calce_CS2_36,1,0.6006659953189979
calce_CS2_36,1,0.6016326693879073
calce_CS2_36,1,0.6053287467304136
calce_CS2_36,1,0.6101458629141038
calce_CS2_36,1,0.6141209017019595
calce_CS2_36,1,0.6162654915789992
calce_CS2_36,1,0.61824242358719
calce_CS2_36,1,0.6203420638531254
calce_CS2_36,1,0.6213264857403731
calce_CS2_36,1,0.6225194214561786
calce_CS2_36,1,0.6237349297890624
calce_CS2_36,1,0.6243009524668642
calce_CS2_36,1,0.6250302815033221
calce_CS2_36,1,0.6616567027076898
calce_CS2_36,1,0.6313430116484986
calce_CS2_36,1,0.6303720320682038
calce_CS2_36,1,0.630448403938255
calce_CS2_36,1,0.6293840904993793
calce_CS2_36,1,0.6274435623408504
calce_CS2_36,1,0.6251402507177755
calce_CS2_36,1,0.6212697633573104
calce_CS2_36,1,0.6226890223078081
calce_CS2_36,1,0.6220201233564977
calce_CS2_36,1,0.6243545751505202
calce_CS2_36,1,0.6233383401344111
calce_CS2_36,1,0.6258769322461539
calce_CS2_36,1,0.6264804998845058
calce_CS2_36,1,0.6319574522050442
calce_CS2_36,1,0.6324798224726988
calce_CS2_36,1,0.634657175103021
calce_CS2_36,1,0.669373053851991
calce_CS2_36,1,0.637614408337931
calce_CS2_36,1,0.6387848299230316
calce_CS2_36,1,0.6386954264909532
calce_CS2_36,1,0.6390009945902346
calce_CS2_36,1,0.6401431568451365
calce_CS2_36,1,0.640682213257206
calce_CS2_36,1,0.6414602542753159
calce_CS2_36,1,0.6423145548893814
calce_CS2_36,1,0.6430359177491014
calce_CS2_36,1,0.6434806462237952
calce_CS2_36,1,0.644681372515382
calce_CS2_36,1,0.6441722170121169
calce_CS2_36,1,0.6411835262806802
calce_CS2_36,1,0.6388627878857376
calce_CS2_36,1,0.6405116458733089
calce_CS2_36,1,0.6353630478657566
calce_CS2_36,1,-0.29402490035754103
calce_CS2_36,1,-0.29287029930310426
calce_CS2_36,1,-0.29241763370428364
calce_CS2_36,1,-0.29137401178445277
calce_CS2_36,1,-0.2886017004056387
calce_CS2_36,1,-0.2882899869545241
calce_CS2_36,1,-0.28427592558782333
calce_CS2_36,1,-0.2750409751138385
calce_CS2_36,1,-0.27191590071307314
calce_CS2_36,1,-0.2695628518801929
calce_CS2_36,1,-0.26615269821999443
calce_CS2_36,1,-0.27112774003346884
calce_CS2_36,1,-0.2724775024518036
calce_CS2_36,1,-0.2725846441445423
calce_CS2_36,1,-0.27241698692804905
calce_CS2_36,1,-0.272013584983805
calce_CS2_36,1,-0.2717233774099139
calce_CS2_36,1,-0.2715214667128294
calce_CS2_36,1,-0.27089751185755406
calce_CS2_36,1,-0.27017283109585644
calce_CS2_36,1,-0.2695519831697244
calce_CS2_36,1,-0.26893257480265853
calce_CS2_36,1,-0.2685351968938663
calce_CS2_36,1,-0.26826319751121597
calce_CS2_36,1,-0.2674683761936447
calce_CS2_36,1,-0.26682632550066865
calce_CS2_36,1,-0.26626486394316884
calce_CS2_36,1,-0.25633918747024764
calce_CS2_36,1,-0.25253123174568914
calce_CS2_36,1,-0.25032464531107523
calce_CS2_36,1,-0.24874998095454637
calce_CS2_36,1,-0.24675129540561946
calce_CS2_36,1,-0.25448115834580154
calce_CS2_36,1,-0.25574512373167435
calce_CS2_36,1,-0.24660056827555898
calce_CS2_36,1,-0.2429443417103614
calce_CS2_36,1,-0.24249955308178883
calce_CS2_36,1,-0.24106490139996084
calce_CS2_36,1,-0.24165622793264485
calce_CS2_36,1,-0.24831770921669882
calce_CS2_36,1,-0.24926176253747778
calce_CS2_36,1,-0.23964116136452884
calce_CS2_36,1,-0.23803516738260688
calce_CS2_36,1,-0.237653182760319
calce_CS2_36,1,-0.23701444668480587
calce_CS2_36,1,-0.23576956518708614
calce_CS2_36,1,-0.24322558294912788
calce_CS2_36,1,-0.24453454677924014
calce_CS2_36,1,-0.236515101053693
calce_CS2_36,1,-0.23516837122424428
calce_CS2_36,1,-0.23413916777438315
calce_CS2_36,1,-0.2331101519316039
calce_CS2_36,1,-0.23103596716319386
calce_CS2_36,1,-0.21664607629146504
calce_CS2_36,1,-0.21641668225133692
calce_CS2_36,1,-0.21577457439181869
calce_CS2_36,1,-0.22092200948939134
calce_CS2_36,1,-0.22198645377776627
calce_CS2_36,1,-0.21704917439911875
calce_CS2_36,1,-0.21420941741398458
calce_CS2_36,1,-0.2140885421046963
calce_CS2_36,1,-0.21367598117648856
calce_CS2_36,1,-0.21108778128216987
calce_CS2_36,1,-0.21744847077558083
calce_CS2_36,1,-0.21890510985457046
calce_CS2_36,1,-0.11161714481782292
calce_CS2_36,1,-0.20946519373038308
calce_CS2_36,1,-0.20941488632590755
calce_CS2_36,1,-0.209217648560732
calce_CS2_36,1,-0.20669373398356283
calce_CS2_36,1,-0.20989699530062156
calce_CS2_36,1,-0.21435617127268825
calce_CS2_36,1,-0.1072808280084323
calce_CS2_36,1,-0.20580962101077405
calce_CS2_36,1,-0.20461009889609483
calce_CS2_36,1,-0.20488543053380703
calce_CS2_36,1,-0.2030830188261632
calce_CS2_36,1,-0.20119595239587396
calce_CS2_36,1,-0.2095004288136093
calce_CS2_36,1,-0.21045076219812597
calce_CS2_36,1,-0.21212803477520925
calce_CS2_36,1,-0.21334070547265505
calce_CS2_36,1,-0.214147364872598
calce_CS2_36,1,-0.21471081229270395
calce_CS2_36,1,-0.21522464135705088
calce_CS2_36,1,-0.21598443588930039
calce_CS2_36,1,-0.21604522353640898
calce_CS2_36,1,-0.21626194160878232
calce_CS2_36,1,-0.21648251813711705
calce_CS2_36,1,-0.21661627362762603
calce_CS2_36,1,-0.21671368345449626
calce_CS2_36,1,-0.21684863848095626
calce_CS2_36,1,-0.21685277063183084
calce_CS2_36,1,-0.2168455366090356
calce_CS2_36,1,-0.2101694231481157
calce_CS2_36,1,-0.20294336315191286
calce_CS2_36,1,-0.20247744734638506
calce_CS2_36,1,-0.20182461531715745
calce_CS2_36,1,-0.1997407066661263
calce_CS2_36,1,-0.20707905487928935
calce_CS2_36,1,-0.20975561937921405
calce_CS2_36,1,-0.20766104978195132
calce_CS2_36,1,-0.19833899520646037
calce_CS2_36,1,-0.20650484981443684
calce_CS2_36,1,-0.20806315590481228
calce_CS2_36,1,-0.2134491042050528
calce_CS2_36,1,-0.21416177657079816
calce_CS2_36,1,-0.2021287008140007
calce_CS2_36,1,-0.20211871720101682
calce_CS2_36,1,-0.20247926710359776
calce_CS2_36,1,-0.2013324937601142
calce_CS2_36,1,-0.2009802701851804
calce_CS2_36,1,-0.20864410073400563
calce_CS2_36,1,-0.20988195343687166
calce_CS2_36,1,-0.20077104174687999
calce_CS2_36,1,-0.1989615027998204
calce_CS2_36,1,-0.19884285953105718
calce_CS2_36,1,-0.19856307842140875
calce_CS2_36,1,-0.19573857486273438
calce_CS2_36,1,-0.20479005605830825
calce_CS2_36,1,-0.20668659428076075
calce_CS2_36,1,-0.19887443844043995
calce_CS2_36,1,-0.19536763900397314
calce_CS2_36,1,-0.19652352560727693
calce_CS2_36,1,-0.1956339348754358
calce_CS2_36,1,-0.19331344850938237
calce_CS2_36,1,-0.20135448906844333
calce_CS2_36,1,-0.20348693615353985
calce_CS2_36,1,-0.09569954633448541
calce_CS2_36,1,-0.20454472393570056
calce_CS2_36,1,-0.20498163894030053
calce_CS2_36,1,-0.20553408401211226
calce_CS2_36,1,-0.2060244055004099
calce_CS2_36,1,-0.20636683597418481
calce_CS2_36,1,-0.20638689771509378
calce_CS2_36,1,-0.206340466132384
calce_CS2_36,1,-0.20627648218790307
calce_CS2_36,1,-0.20631539459211323
calce_CS2_36,1,-0.2064314401825158
calce_CS2_36,1,-0.2065755391804327
calce_CS2_36,1,-0.20668157863918202
calce_CS2_36,1,-0.20771256074951472
calce_CS2_36,1,-0.20787190359394914
calce_CS2_36,1,-0.19792010586591957
calce_CS2_36,1,-0.19556639555432354
calce_CS2_36,1,-0.1951044911289027
calce_CS2_36,1,-0.19420956324068517
calce_CS2_36,1,-0.19133107674376137
calce_CS2_36,1,-0.19950026779121877
calce_CS2_36,1,-0.20105904300642563
calce_CS2_36,1,-0.1944770651241503
calce_CS2_36,1,-0.1904990050154034
calce_CS2_36,1,-0.19113214878505835
calce_CS2_36,1,-0.19435189644628137
calce_CS2_36,1,-0.20176145448607397
calce_CS2_36,1,-0.20334600914126044
calce_CS2_36,1,-0.19780453364648454
calce_CS2_36,1,-0.19329390568318994
calce_CS2_36,1,-0.19466257283628552
calce_CS2_36,1,-0.19406470755022354
calce_CS2_36,1,-0.07820270909620486
calce_CS2_36,1,-0.19551157306146916
calce_CS2_36,1,-0.19950729755907537
calce_CS2_36,1,-0.2006138546127456
calce_CS2_36,1,-0.19139934020692595
calce_CS2_36,1,-0.19150267642662555
calce_CS2_36,1,-0.1909824026278184
calce_CS2_36,1,-0.1907872025567
calce_CS2_36,1,-0.19096909204495316
calce_CS2_36,1,-0.19816111709081596
calce_CS2_36,1,-0.19933017109598317
calce_CS2_36,1,-0.19125038575679676
calce_CS2_36,1,-0.19080544003949196
calce_CS2_36,1,-0.19131453333135218
calce_CS2_36,1,-0.19859375875062635
calce_CS2_36,1,-0.19964591113269492
calce_CS2_36,1,-0.1996264843162091
calce_CS2_36,1,-0.1997821607795227
calce_CS2_36,1,-0.199922591783814
calce_CS2_36,1,-0.20002289917792204
calce_CS2_36,1,-0.20023197550978455
calce_CS2_36,1,-0.20109270498047405
calce_CS2_36,1,-0.20094209238819838
calce_CS2_36,1,-0.20100211663931433
calce_CS2_36,1,-0.09602860969307447
calce_CS2_36,1,-0.20071801938274425
calce_CS2_36,1,-0.20072372388025572
calce_CS2_36,1,-0.20076170477895738
calce_CS2_36,1,-0.20065646216962962
calce_CS2_36,1,-0.20072953641007918
calce_CS2_36,1,-0.20074006768076424
calce_CS2_36,1,-0.20063741155594994
calce_CS2_36,1,-0.2005414852392684
calce_CS2_36,1,-0.19211242497129133
calce_CS2_36,1,-0.1913610628401211
calce_CS2_36,1,-0.1904499516131608
calce_CS2_36,1,-0.18788022416328376
calce_CS2_36,1,-0.18569723165336516
calce_CS2_36,1,-0.19314251775896618
calce_CS2_36,1,-0.1949894721037122
calce_CS2_36,1,-0.18995704959645854
calce_CS2_36,1,-0.18550604844490237
calce_CS2_36,1,-0.185806735394775
calce_CS2_36,1,-0.26483342450851977
calce_CS2_36,1,-0.26242478626533616
calce_CS2_36,1,-0.26560208530495455
calce_CS2_36,1,-0.265255131227899
calce_CS2_36,1,-0.2572586046728216
calce_CS2_36,1,-0.14610144460249297
calce_CS2_36,1,-0.25345311409219407
calce_CS2_36,1,-0.2513909454846568
calce_CS2_36,1,-0.24484915310974786
calce_CS2_36,1,-0.24681263257354136
calce_CS2_36,1,-0.24509322090236507
calce_CS2_36,1,-0.23917301133727076
calce_CS2_36,1,-0.23787540055818157
calce_CS2_36,1,-0.23638431544098903
calce_CS2_36,1,-0.23539930699362244
calce_CS2_36,1,-0.2322091472769081
calce_CS2_36,1,-0.2337351288740519
calce_CS2_36,1,-0.233176382510214
calce_CS2_36,1,-0.22887026100348162
calce_CS2_36,1,-0.22818446659608238
calce_CS2_36,1,-0.22752048369720534
calce_CS2_36,1,-0.22673113284126933
calce_CS2_36,1,-0.22515224652355426
calce_CS2_36,1,-0.22735792022628898
calce_CS2_36,1,-0.22670649366298035
calce_CS2_36,1,-0.22597005194580566
calce_CS2_36,1,-0.22547942523636655
calce_CS2_36,1,-0.2250950766837767
calce_CS2_36,1,-0.11424019045646394
calce_CS2_36,1,-0.11355625291983995
calce_CS2_36,1,-0.22341421824812802
calce_CS2_36,1,-0.22264203942882244
calce_CS2_36,1,-0.22210970950722175
calce_CS2_36,1,-0.22154199361828786
calce_CS2_36,1,-0.10905407629903396
calce_CS2_36,1,-0.22048607750914306
calce_CS2_36,1,-0.2207171608794276
calce_CS2_36,1,-0.21946395410710107
calce_CS2_36,1,-0.21881451403850138
calce_CS2_36,1,-0.21774076073485626
calce_CS2_36,1,-0.21163590121920506
calce_CS2_36,1,-0.21024485498497225
calce_CS2_36,1,-0.20911245941844725
calce_CS2_36,1,0.7036039721464223
calce_CS2_35,0,-0.19999999999999996
calce_CS2_35,0,-0.20267509662305594
calce_CS2_35,0,-0.20535340588999795
calce_CS2_35,0,-0.20606944239709102
calce_CS2_35,0,-0.20614867095021094
calce_CS2_35,0,-0.20581364925726797
calce_CS2_35,0,-0.2057422298573668
calce_CS2_35,0,-0.2059008222594978
calce_CS2_35,0,-0.20550178485747206
calce_CS2_35,0,-0.20487045844694118
calce_CS2_35,0,-0.20420902519139972
calce_CS2_35,0,-0.20298430975839254
calce_CS2_35,0,-0.2026238282052204
calce_CS2_35,0,-0.20210545709169803
calce_CS2_35,0,-0.20156297551519398
calce_CS2_35,0,-0.20138614112819386
calce_CS2_35,0,-0.09207863782377224
calce_CS2_35,0,-0.2003060456358663
calce_CS2_35,0,-0.19174112640022978
calce_CS2_35,0,-0.18310720527493274
calce_CS2_35,0,-0.1843971481634178
calce_CS2_35,0,-0.1823260900460988
calce_CS2_35,0,-0.17916535849818838
calce_CS2_35,0,-0.18674757757663096
calce_CS2_35,0,-0.18921582078736876
calce_CS2_35,0,-0.18583056254785957
calce_CS2_35,0,-0.17489857210537096
calce_CS2_35,0,-0.05155244819121674
calce_CS2_35,0,-0.17374333529731634
calce_CS2_35,0,-0.17244033552211913
calce_CS2_35,0,-0.16962354590747675
calce_CS2_35,0,-0.17909461576199337
calce_CS2_35,0,-0.1801984032409396
calce_CS2_35,0,-0.17093146193566577
calce_CS2_35,0,-0.16607981127702698
calce_CS2_35,0,-0.1644875884181125
calce_CS2_35,0,-0.16345838636525256
calce_CS2_35,0,-0.16107653418813972
calce_CS2_35,0,-0.17062379958849772
calce_CS2_35,0,-0.17275897285251351
calce_CS2_35,0,-0.1675351735503927
calce_CS2_35,0,-0.15739800515721936
calce_CS2_35,0,-0.15813124423329838
calce_CS2_35,0,-0.15733325500359552
calce_CS2_35,0,-0.15627859234730357
calce_CS2_35,0,-0.1622687488952852
calce_CS2_35,0,-0.16590699739686798
calce_CS2_35,0,-0.16651035800366354
calce_CS2_35,0,-0.15245538418316518
calce_CS2_35,0,-0.1510280977502766
calce_CS2_35,0,-0.16206362766658833
calce_CS2_35,0,-0.1681929212277532
calce_CS2_35,0,-0.16881730571844278
calce_CS2_35,0,-0.16870059156209494
calce_CS2_35,0,-0.16860526024707034
calce_CS2_35,0,-0.16872854874548415
calce_CS2_35,0,-0.16866857849358396
calce_CS2_35,0,-0.16860762868093115
calce_CS2_35,0,-0.16821140280758795
calce_CS2_35,0,-0.1678236541186784
calce_CS2_35,0,-0.16749801695836453
calce_CS2_35,0,-0.1671765515388436
calce_CS2_35,0,-0.16695943293327753
calce_CS2_35,0,-0.16684724006889318
calce_CS2_35,0,-0.1668473269384203
calce_CS2_35,0,-0.16663067275392818
calce_CS2_35,0,-0.16648651271821358
calce_CS2_35,0,-0.1661007503722307
calce_CS2_35,0,-0.1516088423391958
calce_CS2_35,0,-0.14902943839193794
calce_CS2_35,0,-0.14851089295922637
calce_CS2_35,0,-0.14634354636790037
calce_CS2_35,0,-0.14504602688970358
calce_CS2_35,0,-0.15725365556746396
calce_CS2_35,0,-0.15880460157259635
calce_CS2_35,0,-0.15042239622735198
calce_CS2_35,0,-0.14394830178929952
calce_CS2_35,0,-0.14388874210836278
calce_CS2_35,0,-0.14379626903333353
calce_CS2_35,0,-0.14309066766100853
calce_CS2_35,0,-0.15083618948471955
calce_CS2_35,0,-0.15306658830922115
calce_CS2_35,0,-0.15502159308002716
calce_CS2_35,0,-0.14068190746166453
calce_CS2_35,0,-0.13909126533200433
calce_CS2_35,0,-0.1388288734977804
calce_CS2_35,0,-0.13984369266588592
calce_CS2_35,0,-0.13991208705056235
calce_CS2_35,0,-0.14973638000163514
calce_CS2_35,0,-0.15087886965027797
calce_CS2_35,0,-0.1418002032071094
calce_CS2_35,0,-0.13711498548371193
calce_CS2_35,0,-0.1373749025313935
calce_CS2_35,0,-0.13638829045932677
calce_CS2_35,0,-0.134479837967326
calce_CS2_35,0,-0.14345891909506714
calce_CS2_35,0,-0.147021693841199
calce_CS2_35,0,-0.1453184795490492
calce_CS2_35,0,-0.13261116088160418
calce_CS2_35,0,-0.13313108645496052
calce_CS2_35,0,-0.13757502564027857
calce_CS2_35,0,-0.13640611468419295
calce_CS2_35,0,-0.145490059963176
calce_CS2_35,0,-0.14678899779369436
calce_CS2_35,0,-0.1469875655137035
calce_CS2_35,0,-0.14706755204133837
calce_CS2_35,0,-0.14715409932817336
calce_CS2_35,0,-0.14895507356964355
calce_CS2_35,0,-0.14934990161662798
calce_CS2_35,0,-0.14967700632657155
calce_CS2_35,0,-0.14984558703073192
calce_CS2_35,0,-0.14999809486747073
calce_CS2_35,0,-0.1501088784618908
calce_CS2_35,0,-0.1501530416424267
calce_CS2_35,0,-0.1503468529194496
calce_CS2_35,0,-0.15055363923117515
calce_CS2_35,0,-0.151013889704541
calce_CS2_35,0,-0.15070689203939314
calce_CS2_35,0,-0.1507254799187756
calce_CS2_35,0,-0.13907623740023634
calce_CS2_35,0,-0.13419616916473132
calce_CS2_35,0,-0.13449850970613653
calce_CS2_35,0,-0.13424818176826958
calce_CS2_35,0,-0.13240976409873595
calce_CS2_35,0,-0.14015625518796793
calce_CS2_35,0,-0.14355897792994798
calce_CS2_35,0,-0.025711207819040793
calce_CS2_35,0,-0.13395437132047916
calce_CS2_35,0,-0.13191359828323312
calce_CS2_35,0,-0.13286610011472555
calce_CS2_35,0,-0.13043851238012816
calce_CS2_35,0,-0.1280077303965772
calce_CS2_35,0,-0.14025190923366437
calce_CS2_35,0,-0.14279807137741873
calce_CS2_35,0,-0.13672951193098193
calce_CS2_35,0,-0.1289808152061731
calce_CS2_35,0,-0.13004973458096636
calce_CS2_35,0,-0.13107862414462634
calce_CS2_35,0,-0.1302120531545392
calce_CS2_35,0,-0.13509113703730113
calce_CS2_35,0,-0.14134105719869916
calce_CS2_35,0,-0.14266495643240817
calce_CS2_35,0,-0.13203298154660859
calce_CS2_35,0,-0.1295806137384754
calce_CS2_35,0,-0.12996907332840035
calce_CS2_35,0,-0.12915520456210838
calce_CS2_35,0,-0.1276891844686363
calce_CS2_35,0,-0.13344721037252116
calce_CS2_35,0,-0.12630678431331033
calce_CS2_35,0,-0.12523823640366916
calce_CS2_35,0,-0.1316248758099976
calce_CS2_35,0,-0.1305844508910644
calce_CS2_35,0,-0.12852698068428337
calce_CS2_35,0,-0.13694606361876216
calce_CS2_35,0,-0.13845467128885958
calce_CS2_35,0,-0.13913555835471514
calce_CS2_35,0,-0.13951449003218352
calce_CS2_35,0,-0.13969002301543
calce_CS2_35,0,-0.140082323000574
calce_CS2_35,0,-0.08566824934034467
calce_CS2_35,0,-0.14163243863196273
calce_CS2_35,0,-0.14600741925993233
calce_CS2_35,0,-0.14878612919823475
calce_CS2_35,0,-0.14969724640025117
calce_CS2_35,0,-0.14093750069490718
calce_CS2_35,0,-0.1408906038739588
calce_CS2_35,0,-0.14368861460262494
calce_CS2_35,0,-0.14565623030981711
calce_CS2_35,0,-0.1454737960307464
calce_CS2_35,0,-0.1497206893041767
calce_CS2_35,0,-0.1505124570551002
calce_CS2_35,0,-0.14584832452904772
calce_CS2_35,0,-0.14233758973030053
calce_CS2_35,0,-0.14215930390211196
calce_CS2_35,0,-0.144666148199459
calce_CS2_35,0,-0.1445941284979828
calce_CS2_35,0,-0.14599696878969792
calce_CS2_35,0,-0.14822949010369135
calce_CS2_35,0,-0.14855926484200077
calce_CS2_35,0,-0.1406374582592126
calce_CS2_35,0,-0.1404448684434666
calce_CS2_35,0,-0.13998319526869918
calce_CS2_35,0,-0.13906739695936998
calce_CS2_35,0,-0.1371082684260212
calce_CS2_35,0,-0.14338649291741234
calce_CS2_35,0,-0.14479795115631555
calce_CS2_35,0,-0.14068175000878358
calce_CS2_35,0,-0.13647164743509532
calce_CS2_35,0,-0.13735112544451356
calce_CS2_35,0,-0.138188284454566
calce_CS2_35,0,-0.13974825536178115
calce_CS2_35,0,-0.140533002465568
calce_CS2_35,0,-0.1438741096243824
calce_CS2_35,0,-0.14448849159548516
calce_CS2_35,0,-0.14472848626917334
calce_CS2_35,0,-0.14487113529666873
calce_CS2_35,0,-0.14486537621818074
calce_CS2_35,0,-0.14588145992446433
calce_CS2_35,0,-0.14621451451771417
calce_CS2_35,0,-0.14636352747508397
calce_CS2_35,0,-0.14636095269910432
calce_CS2_35,0,-0.14635403810329473
calce_CS2_35,0,-0.14605587954217758
calce_CS2_35,0,-0.1461368393007736
calce_CS2_35,0,-0.14598649110226836
calce_CS2_35,0,-0.14602098972773558
calce_CS2_35,0,-0.14602503518325594
calce_CS2_35,0,-0.14598226030058692
calce_CS2_35,0,-0.14570222716300496
calce_CS2_35,0,-0.1383852447098296
calce_CS2_35,0,-0.15599291838445273
calce_CS2_35,0,-0.15391497632467
calce_CS2_35,0,-0.15519958789778032
calce_CS2_35,0,-0.16131751991754872
calce_CS2_35,0,-0.1626353117432312
calce_CS2_35,0,-0.15516681745216598
calce_CS2_35,0,-0.15380542237917794
calce_CS2_35,0,-0.15433011473252456
calce_CS2_35,0,-0.15380970859933774
calce_CS2_35,0,-0.1517635164267076
calce_CS2_35,0,-0.15782211607288377
calce_CS2_35,0,-0.15885598707451454
calce_CS2_35,0,-0.15583492034979718
calce_CS2_35,0,-0.14868373686399572
calce_CS2_35,0,-0.14949275173258358
calce_CS2_35,0,-0.14936528208969357
calce_CS2_35,0,-0.14181914736696755
calce_CS2_35,0,-0.14251222383615614
calce_CS2_35,0,-0.14979609118403914
calce_CS2_35,0,-0.15081469320651275
calce_CS2_35,0,-0.1401521220612384
calce_CS2_35,0,-0.13440878683293755
calce_CS2_35,0,-0.1333132725627083
calce_CS2_35,0,-0.13138161560588713
calce_CS2_35,0,-0.12953216901544118
calce_CS2_35,0,-0.13982316024569952
calce_CS2_35,0,-0.14222393187071536
calce_CS2_35,0,-0.14311567681651516
calce_CS2_35,0,-0.026818470264896144
calce_CS2_35,0,-0.14329214349915353
calce_CS2_35,0,-0.14393732124680492
calce_CS2_35,0,-0.14443910284758155
calce_CS2_35,0,-0.14445993709724436
calce_CS2_35,0,-0.1440186644541107
calce_CS2_35,0,-0.14257130233338433
calce_CS2_35,0,-0.14199763038733237
calce_CS2_35,0,-0.1414387843198721
calce_CS2_35,0,-0.1408609885459572
calce_CS2_35,0,-0.14072209926924872
calce_CS2_35,0,-0.1404684836715996
calce_CS2_35,0,-0.14016343807915277
calce_CS2_35,0,-0.13976235822532834
calce_CS2_35,0,-0.1394163947262601
calce_CS2_35,0,-0.12244447705215955
calce_CS2_35,0,-0.1205185548238703
calce_CS2_35,0,-0.1143166466943607
calce_CS2_35,0,-0.11338934637180098
calce_CS2_35,0,-0.11088358173410295
calce_CS2_35,0,-0.12490686717162991
calce_CS2_35,0,-0.12755186306129873
calce_CS2_35,0,-0.120996057036858
calce_CS2_35,0,-0.11790291638686679
calce_CS2_35,0,-0.12252704807891057
calce_CS2_35,0,-0.12775305630112477
calce_CS2_35,0,-0.12839503640300332
calce_CS2_35,0,-0.1146443298244455
calce_CS2_35,0,-0.10972375182445493
calce_CS2_35,0,-0.10800155830754676
calce_CS2_35,0,-0.10771829677936495
calce_CS2_35,0,-0.10184911621070913
calce_CS2_35,0,-0.10443450388943731
calce_CS2_35,0,-0.11004170635594157
calce_CS2_35,0,-0.11757426503574875
calce_CS2_35,0,-0.1198138602431984
calce_CS2_35,0,-0.10926726776393236
calce_CS2_35,0,-0.10660620620514594
calce_CS2_35,0,-0.10629032940886152
calce_CS2_35,0,-0.10408958719574435
calce_CS2_35,0,-0.10277986185718135
calce_CS2_35,0,-0.111692431541082
calce_CS2_35,0,-0.11483876208123156
calce_CS2_35,0,-0.11284071770484239
calce_CS2_35,0,-0.10242704657229196
calce_CS2_35,0,-0.10207732218184318
calce_CS2_35,0,-0.09941570437848368
calce_CS2_35,0,-0.09813179964443786
calce_CS2_35,0,-0.09777954893986252
calce_CS2_35,0,-0.10685299095462353
calce_CS2_35,0,-0.10856566399218959
calce_CS2_35,0,-0.09876821240390632
calce_CS2_35,1,-0.09659331600547927
calce_CS2_35,1,-0.09797898764871527
calce_CS2_35,1,-0.09713690328147218
calce_CS2_35,1,-0.09649285715325229
calce_CS2_35,1,-0.10153307975272352
calce_CS2_35,1,-0.10493943654084714
calce_CS2_35,1,-0.105727089393446
calce_CS2_35,1,-0.0949334145616968
calce_CS2_35,1,-0.09447093203572599
calce_CS2_35,1,-0.0944099487661112
calce_CS2_35,1,-0.09370759215927849
calce_CS2_35,1,-0.09124191586051578
calce_CS2_35,1,-0.09945233913673135
calce_CS2_35,1,-0.1008390316239266
calce_CS2_35,1,-0.10130745153319898
calce_CS2_35,1,-0.10125395002332371
calce_CS2_35,1,-0.10115656135408713
calce_CS2_35,1,-0.10098395066705412
calce_CS2_35,1,-0.10085781898689072
calce_CS2_35,1,0.02281293686304975
calce_CS2_35,1,-0.10035095088083146
calce_CS2_35,1,-0.10047077976717722
calce_CS2_35,1,0.02318035182530831
calce_CS2_35,1,-0.09964934324859032
calce_CS2_35,1,-0.09945471537956174
calce_CS2_35,1,-0.09905818342626271
calce_CS2_35,1,-0.09773615519446943
calce_CS2_35,1,-0.09728377874614424
calce_CS2_35,1,-0.09481723123820662
calce_CS2_35,1,-0.09204670334662512
calce_CS2_35,1,-0.09411900059981726
calce_CS2_35,1,-0.0979834173130657
calce_CS2_35,1,-0.09802992117603626
calce_CS2_35,1,-0.08804358491783659
calce_CS2_35,1,-0.08558280223056292
calce_CS2_35,1,-0.08524654812539789
calce_CS2_35,1,-0.08334151081195096
calce_CS2_35,1,-0.08176144233259985
calce_CS2_35,1,-0.08755019170680656
calce_CS2_35,1,-0.08930566568001042
calce_CS2_35,1,-0.08984254306131578
calce_CS2_35,1,-0.07869310755359593
calce_CS2_35,1,-0.07692427425567261
calce_CS2_35,1,-0.0766494576518374
calce_CS2_35,1,-0.07484145486218663
calce_CS2_35,1,-0.07538312564070127
calce_CS2_35,1,-0.08202309422674536
calce_CS2_35,1,-0.08264284443590741
calce_CS2_35,1,-0.07894421809259444
calce_CS2_35,1,-0.07197008417288786
calce_CS2_35,1,-0.0690511895348167
calce_CS2_35,1,-0.07178235476810735
calce_CS2_35,1,-0.06823639835759843
calce_CS2_35,1,-0.06573923433634288
calce_CS2_35,1,-0.07554650521984285
calce_CS2_35,1,-0.07676743073173808
calce_CS2_35,1,-0.06892295778918267
calce_CS2_35,1,-0.06395288070748628
calce_CS2_35,1,-0.06629490777017755
calce_CS2_35,1,-0.06607046019410634
calce_CS2_35,1,-0.06456349673477946
calce_CS2_35,1,-0.06629631021194937
calce_CS2_35,1,-0.07080986471034434
calce_CS2_35,1,-0.07112486376255245
calce_CS2_35,1,-0.0714940500463982
calce_CS2_35,1,-0.07158716082255201
calce_CS2_35,1,0.055904044152764176
calce_CS2_35,1,-0.07131624976442252
calce_CS2_35,1,-0.07198317211666305
calce_CS2_35,1,-0.0722724697571655
calce_CS2_35,1,-0.07234857871619249
calce_CS2_35,1,-0.07231575426043946
calce_CS2_35,1,-0.07245065365608694
calce_CS2_35,1,-0.07270359862837816
calce_CS2_35,1,-0.07208629767005459
calce_CS2_35,1,-0.07204965643606442
calce_CS2_35,1,-0.0720548576090484
calce_CS2_35,1,-0.07214148636671147
calce_CS2_35,1,-0.05945420844372962
calce_CS2_35,1,-0.05540015534524956
calce_CS2_35,1,-0.05670817155877994
calce_CS2_35,1,-0.06261313239873367
calce_CS2_35,1,-0.06328973789566639
calce_CS2_35,1,-0.0548380270427794
calce_CS2_35,1,-0.052674035234948735
calce_CS2_35,1,-0.05203016037995878
calce_CS2_35,1,-0.05300110988826423
calce_CS2_35,1,-0.05221673757093648
calce_CS2_35,1,-0.05578742744819487
calce_CS2_35,1,-0.058345312778675384
calce_CS2_35,1,-0.058615925831085436
calce_CS2_35,1,-0.049214201534926616
calce_CS2_35,1,-0.04644685008520788
calce_CS2_35,1,-0.04770205580340625
calce_CS2_35,1,-0.04730676763248909
calce_CS2_35,1,-0.045888944572810675
calce_CS2_35,1,-0.05034948889254576
calce_CS2_35,1,-0.051468377949051014
calce_CS2_35,1,-0.05160540728472418
calce_CS2_35,1,-0.04133314635810437
calce_CS2_35,1,-0.038589556698395366
calce_CS2_35,1,-0.038655833249583216
calce_CS2_35,1,-0.03694811786470409
calce_CS2_35,1,-0.03535290184308171
calce_CS2_35,1,-0.045211978536829234
calce_CS2_35,1,-0.047613256562512696
calce_CS2_35,1,-0.048427114080150324
calce_CS2_35,1,0.09179736569009411
calce_CS2_35,1,-0.036824942391775806
calce_CS2_35,1,-0.0384702052961603
calce_CS2_35,1,-0.039875898720506675
calce_CS2_35,1,-0.03957631713323473
calce_CS2_35,1,-0.04414262156111437
calce_CS2_35,1,-0.04806380306705338
calce_CS2_35,1,-0.0491920713302344
calce_CS2_35,1,-0.04959207220234518
calce_CS2_35,1,-0.04960498541523428
calce_CS2_35,1,-0.049844308304217155
calce_CS2_35,1,-0.0499247973208774
calce_CS2_35,1,-0.049687306620979754
calce_CS2_35,1,-0.04953802609792246
calce_CS2_35,1,-0.049399347201919186
calce_CS2_35,1,-0.04925865928377837
calce_CS2_35,1,-0.04896980454666733
calce_CS2_35,1,-0.0485749979675727
calce_CS2_35,1,-0.048104408762775885
calce_CS2_35,1,0.07265863039616749
calce_CS2_35,1,-0.0473540731675568
calce_CS2_35,1,-0.0485555414938621
calce_CS2_35,1,-0.044065413170962464
calce_CS2_35,1,-0.041796051350230345
calce_CS2_35,1,-0.048759498733290774
calce_CS2_35,1,-0.04869227031894152
calce_CS2_35,1,-0.04032060977596652
calce_CS2_35,1,-0.03343481221758615
calce_CS2_35,1,-0.033291683310960885
calce_CS2_35,1,-0.033533393327995764
calce_CS2_35,1,-0.03141197657033579
calce_CS2_35,1,-0.030705555999619993
calce_CS2_35,1,-0.0425290114202328
calce_CS2_35,1,-0.04319124644534289
calce_CS2_35,1,-0.03755151637671583
calce_CS2_35,1,-0.030265814339871078
calce_CS2_35,1,-0.028799009018330657
calce_CS2_35,1,-0.030427495060016296
calce_CS2_35,1,-0.02849496469120638
calce_CS2_35,1,-0.02768153720914479
calce_CS2_35,1,-0.0369338880894704
calce_CS2_35,1,-0.03855125986152064
calce_CS2_35,1,-0.03671216895127227
calce_CS2_35,1,-0.023110135494419315
calce_CS2_35,1,-0.01927721208440014
calce_CS2_35,1,-0.04878621307368236
calce_CS2_35,1,-0.035243488341984985
calce_CS2_35,1,-0.010570522879494892
calce_CS2_35,1,0.0027040402773493843
calce_CS2_35,1,-0.008050342588208359
calce_CS2_35,1,-0.008730716551189621
calce_CS2_35,1,-0.006822831539527119
calce_CS2_35,1,0.01648650532662288
calce_CS2_35,1,0.15550921667237483
calce_CS2_35,1,0.029734814620689387
calce_CS2_35,1,0.034357781005288524
calce_CS2_35,1,0.03760669289231078
calce_CS2_35,1,0.04088277197478196
calce_CS2_35,1,0.028141713775150623
calce_CS2_35,1,0.025003436163317905
calce_CS2_35,1,0.0316611139810028
calce_CS2_35,1,0.047966103483813693
calce_CS2_35,1,0.05068721027619705
calce_CS2_35,1,0.05466152678420744
calce_CS2_35,1,0.05703859361073582
calce_CS2_35,1,0.06713577962849071
calce_CS2_35,1,0.05436239741304527
calce_CS2_35,1,0.047914026951216826
calce_CS2_35,1,0.0446518284701356
calce_CS2_35,1,0.06377794304269369
calce_CS2_35,1,0.07343801535349592
calce_CS2_35,1,0.07288693794479084
calce_CS2_35,1,0.07563387705901436
calce_CS2_35,1,0.07800697947054058
calce_CS2_35,1,0.08046897521862273
calce_CS2_35,1,0.0856926343401817
calce_CS2_35,1,0.08771462818976017
calce_CS2_35,1,0.08648905271246077
calce_CS2_35,1,0.09090343404872048
calce_CS2_35,1,0.0917495274591531
calce_CS2_35,1,0.08603751835694584
calce_CS2_35,1,0.07760784823187716
calce_CS2_35,1,0.07446657946314461
calce_CS2_35,1,0.07954452275970636
calce_CS2_35,1,0.07694181919476295
calce_CS2_35,1,0.07950178349367454
calce_CS2_35,1,0.07553552380976103
calce_CS2_35,1,0.07440020641444722
calce_CS2_35,1,0.07704044146856803
calce_CS2_35,1,0.07335215954321905
calce_CS2_35,1,0.07620329465215481
calce_CS2_35,1,0.07670037163978372
calce_CS2_35,1,0.0777458602047637
calce_CS2_35,1,0.07901552026179304
calce_CS2_35,1,0.08086594607798225
calce_CS2_35,1,0.04841792630416053
calce_CS2_35,1,0.05737423247171736
calce_CS2_35,1,0.1863787160694128
calce_CS2_35,1,0.07082950355038586
calce_CS2_35,1,0.07410026701023209
calce_CS2_35,1,0.0770636100035631
calce_CS2_35,1,0.07894852690258503
calce_CS2_35,1,0.08035147967209322
calce_CS2_35,1,0.20300307475423907
calce_CS2_35,1,0.08122171380154075
calce_CS2_35,1,0.08262753385824329
calce_CS2_35,1,0.08775045984080732
calce_CS2_35,1,0.09155763359266855
calce_CS2_35,1,0.09429451509866349
calce_CS2_35,1,0.09624896439114738
calce_CS2_35,1,0.09772810066001192
calce_CS2_35,1,0.2273299406873206
calce_CS2_35,1,0.10140236880907272
calce_CS2_35,1,0.09574635250745545
calce_CS2_35,1,0.09004338838145143
calce_CS2_35,1,0.10273577601120554
calce_CS2_35,1,0.10710540133613011
calce_CS2_35,1,0.11069326676600066
calce_CS2_35,1,0.1133063170572195
calce_CS2_35,1,0.11571051163529267
calce_CS2_35,1,0.11796352037494329
calce_CS2_35,1,0.25570987665124967
calce_CS2_35,1,0.12136542898145497
calce_CS2_35,1,0.12021712148283537
calce_CS2_35,1,0.11911389231981451
calce_CS2_35,1,0.12157581941212414
calce_CS2_35,1,0.1259693306003279
calce_CS2_35,1,0.1286058225221801
calce_CS2_35,1,0.13558416546908791
calce_CS2_35,1,0.13890254297006333
calce_CS2_35,1,0.14136353240779087
calce_CS2_35,1,0.1419104446847037
calce_CS2_35,1,0.14060506928828387
calce_CS2_35,1,0.27994283836929723
calce_CS2_35,1,0.14256379618029047
calce_CS2_35,1,0.14454883192633372
calce_CS2_35,1,0.1478093229826204
calce_CS2_35,1,0.1492540995424988
calce_CS2_35,1,0.15116467248409204
calce_CS2_35,1,0.1523433278706361
calce_CS2_35,1,0.15352558633859914
calce_CS2_35,1,0.15494522134097932
calce_CS2_35,1,0.15359775129478725
calce_CS2_35,1,0.15353535433957266
calce_CS2_35,1,0.1527869803323284
calce_CS2_35,1,0.12188762263029096
calce_CS2_35,1,0.13470950814676075
calce_CS2_35,1,0.1435600382253136
calce_CS2_35,1,0.14911944533430477
calce_CS2_35,1,0.15364286306759767
calce_CS2_35,1,0.15629181779147694
calce_CS2_35,1,0.15981436705660013
calce_CS2_35,1,0.16065332264191223
calce_CS2_35,1,0.15991544994749896
calce_CS2_35,1,0.15875450254307955
calce_CS2_35,1,0.16600441475584327
calce_CS2_35,1,0.1718696889664867
calce_CS2_35,1,0.17713739579794685
calce_CS2_35,1,0.18259710890726777
calce_CS2_35,1,0.18671092739417072
calce_CS2_35,1,0.1891369688901512
calce_CS2_35,1,0.19153305910083274
calce_CS2_35,1,0.19086846018029968
calce_CS2_35,1,0.1891214860212329
calce_CS2_35,1,0.18980132669972827
calce_CS2_35,1,0.1878704219130798
calce_CS2_35,1,0.1966009724764184
calce_CS2_35,1,0.2019307058569615
calce_CS2_35,1,0.20378926933521724
calce_CS2_35,1,0.20614949525044368
calce_CS2_35,1,0.20795203238028948
calce_CS2_35,1,0.2094988528328301
calce_CS2_35,1,0.20750473364623634
calce_CS2_35,1,0.20587479131862363
calce_CS2_35,1,0.2082173601659133
calce_CS2_35,1,0.21146776841365955
calce_CS2_35,1,0.21876257507743802
calce_CS2_35,1,0.22101371553923033
calce_CS2_35,1,0.22532382497881553
calce_CS2_35,1,0.22735544081860082
calce_CS2_35,1,0.2295154282420664
calce_CS2_35,1,0.23144632862078696
calce_CS2_35,1,0.2337129028435675
calce_CS2_35,1,0.2357704062422854
calce_CS2_35,1,0.23789986957942932
calce_CS2_35,1,0.39403941114128854
calce_CS2_35,1,0.21973033921315666
calce_CS2_35,1,0.21387676637571185
calce_CS2_35,1,0.2120013976981534
calce_CS2_35,1,0.210961135610352
calce_CS2_35,1,0.21123815435186877
calce_CS2_35,1,0.21131192481474992
calce_CS2_35,1,0.2117845528359107
calce_CS2_35,1,0.21230638346506092
calce_CS2_35,1,0.21316894209781378
calce_CS2_35,1,0.21772540064352008
calce_CS2_35,1,0.23079204671471354
calce_CS2_35,1,0.2399595796551497
calce_CS2_35,1,0.2467530575385457
calce_CS2_35,1,0.2521016884716957
calce_CS2_35,1,0.2568285913221041
calce_CS2_35,1,0.2614916609832272
calce_CS2_35,1,0.2636082416774753
calce_CS2_35,1,0.26704906419000574
calce_CS2_35,1,0.2650012906799831
calce_CS2_35,1,0.2671793461037403
calce_CS2_35,1,0.27298869784543467
calce_CS2_35,1,0.27067914689035033
calce_CS2_35,1,0.2715975492542131
calce_CS2_35,1,0.283925092288252
calce_CS2_35,1,0.28716478707545345
calce_CS2_35,1,0.2871628919284275
calce_CS2_35,1,0.281999041854069
calce_CS2_35,1,0.28041435680644566
calce_CS2_35,1,0.28072603163679055
calce_CS2_35,1,0.28042454652245774
calce_CS2_35,1,0.2746689993964192
calce_CS2_35,1,0.2781768229610838
calce_CS2_35,1,0.2830977214441527
calce_CS2_35,1,0.2879125671022571
calce_CS2_35,1,0.2901904292730638
calce_CS2_35,1,0.2932796689713507
calce_CS2_35,1,0.3000978197151942
calce_CS2_35,1,0.30940403604214073
calce_CS2_35,1,0.31314623593565244
calce_CS2_35,1,0.31305763809607756
calce_CS2_35,1,0.31540081433022227
calce_CS2_35,1,0.32027668758358785
calce_CS2_35,1,0.32164029399450167
calce_CS2_35,1,0.32613882677458983
calce_CS2_35,1,0.32901040828487454
calce_CS2_35,1,0.31955934050594076
calce_CS2_35,1,0.3441846664027595
calce_CS2_35,1,0.35402399408893415
calce_CS2_35,1,0.35812416190712093
calce_CS2_35,1,0.37506888721272924
calce_CS2_35,1,0.38485785418820784
calce_CS2_35,1,0.39229222646185413
calce_CS2_35,1,0.39843228317196766
calce_CS2_35,1,0.40371691903618623
calce_CS2_35,1,0.40889331543586843
calce_CS2_35,1,0.41757571064106147
calce_CS2_35,1,0.4184828472172176
calce_CS2_35,1,0.41833394615008773
calce_CS2_35,1,0.41368751808193016
calce_CS2_35,1,0.4146764476985568
calce_CS2_35,1,0.41795444046565633
calce_CS2_35,1,0.42068093052748334
calce_CS2_35,1,0.42843257942993673
calce_CS2_35,1,0.43566920645861906
calce_CS2_35,1,0.44109575536051276
calce_CS2_35,1,0.5432263579138683
calce_CS2_35,1,0.44613172760148745
calce_CS2_35,1,0.44942713666157535
calce_CS2_35,1,0.45380670643152177
calce_CS2_35,1,0.5515008108030757
calce_CS2_35,1,0.5636065266113052
calce_CS2_35,1,0.46075285981280834
calce_CS2_35,1,0.46340947107694486
calce_CS2_35,1,0.45980246789117435
calce_CS2_35,1,0.45740908364533456
calce_CS2_35,1,0.5539170153582615
calce_CS2_35,1,0.45270915006498896
calce_CS2_35,1,0.45278079198457466
calce_CS2_35,1,0.45616849061730924
calce_CS2_35,1,0.46639918641693406
calce_CS2_35,1,0.47767292964268093
calce_CS2_35,1,0.4809030624460565
calce_CS2_35,1,0.48454332920432247
calce_CS2_35,1,0.4877438483185834
calce_CS2_35,1,0.49016850551505126
calce_CS2_35,1,0.49281090365151675
calce_CS2_35,1,0.4960697613088517
calce_CS2_35,1,0.49905742526435254
calce_CS2_35,1,0.49782495971556817
calce_CS2_35,1,0.49630436061162475
calce_CS2_35,1,0.49575666985022876
calce_CS2_35,1,0.49877307753449807
calce_CS2_35,1,0.5037944063161861
calce_CS2_35,1,0.5024016329925656
calce_CS2_35,1,0.5084715397205772
calce_CS2_35,1,0.31955934050594076
calce_CS2_35,1,0.3441846664027595
calce_CS2_35,1,0.35402399408893415
calce_CS2_35,1,0.35812416190712093
calce_CS2_35,1,0.37506888721272924
calce_CS2_35,1,0.38485785418820784
calce_CS2_35,1,0.39229222646185413
calce_CS2_35,1,0.39843228317196766
calce_CS2_35,1,0.40371691903618623
calce_CS2_35,1,0.40889331543586843
calce_CS2_35,1,0.41757571064106147
calce_CS2_35,1,0.4184828472172176
calce_CS2_35,1,0.41833394615008773
calce_CS2_35,1,0.41368751808193016
calce_CS2_35,1,0.4146764476985568
calce_CS2_35,1,0.41795444046565633
calce_CS2_35,1,0.42068093052748334
calce_CS2_35,1,0.42843257942993673
calce_CS2_35,1,0.43566920645861906
calce_CS2_35,1,0.44109575536051276
calce_CS2_35,1,0.5432263579138683
calce_CS2_35,1,0.44613172760148745
calce_CS2_35,1,0.44942713666157535
calce_CS2_35,1,0.45380670643152177
calce_CS2_35,1,0.5515008108030757
calce_CS2_35,1,0.5636065266113052
calce_CS2_35,1,0.46075285981280834
calce_CS2_35,1,0.46340947107694486
calce_CS2_35,1,0.45980246789117435
calce_CS2_35,1,0.45740908364533456
calce_CS2_35,1,0.5539170153582615
calce_CS2_35,1,0.45270915006498896
calce_CS2_35,1,0.45278079198457466
calce_CS2_35,1,0.45616849061730924
calce_CS2_35,1,0.46639918641693406
calce_CS2_35,1,0.47767292964268093
calce_CS2_35,1,0.4809030624460565
calce_CS2_35,1,0.48454332920432247
calce_CS2_35,1,0.4877438483185834
calce_CS2_35,1,0.49016850551505126
calce_CS2_35,1,0.49281090365151675
calce_CS2_35,1,0.4960697613088517
calce_CS2_35,1,0.49905742526435254
calce_CS2_35,1,0.49782495971556817
calce_CS2_35,1,0.49630436061162475
calce_CS2_35,1,0.49575666985022876
calce_CS2_35,1,0.49877307753449807
calce_CS2_35,1,0.5037944063161861
calce_CS2_35,1,0.5024016329925656
calce_CS2_35,1,0.5084715397205772
calce_CS2_35,1,-0.29303811171520966
calce_CS2_35,1,-0.2923351068165594
calce_CS2_35,1,-0.29209813319413946
calce_CS2_35,1,-0.2917250127655784
calce_CS2_35,1,-0.28621079403422267
calce_CS2_35,1,-0.28430653960907404
calce_CS2_35,1,-0.27840715481608713
calce_CS2_35,1,-0.2667076097748
calce_CS2_35,1,-0.26192887427909506
calce_CS2_35,1,-0.25863506332737707
calce_CS2_35,1,-0.25432928937218
calce_CS2_35,1,-0.26023648701091995
calce_CS2_35,1,-0.26167975426749046
calce_CS2_35,1,-0.26149194038085044
calce_CS2_35,1,-0.26108010993755926
calce_CS2_35,1,-0.2605376853219692
calce_CS2_35,1,-0.2600881510812756
calce_CS2_35,1,-0.25960071852075917
calce_CS2_35,1,-0.2588903723814744
calce_CS2_35,1,-0.25794876814756673
calce_CS2_35,1,-0.25726245830175576
calce_CS2_35,1,-0.2565065780433462
calce_CS2_35,1,-0.2558576891740316
calce_CS2_35,1,-0.25527622243085046
calce_CS2_35,1,-0.2546590391956336
calce_CS2_35,1,-0.25387222473965454
calce_CS2_35,1,-0.2531238303963492
calce_CS2_35,1,-0.24275898261461148
calce_CS2_35,1,-0.23553007497974932
calce_CS2_35,1,-0.23199257189386202
calce_CS2_35,1,-0.22938179855383511
calce_CS2_35,1,-0.2264835573789732
calce_CS2_35,1,-0.23630335098104105
calce_CS2_35,1,-0.23859394627315056
calce_CS2_35,1,-0.23087072227062455
calce_CS2_35,1,-0.22340915878791456
calce_CS2_35,1,-0.22107245284206645
calce_CS2_35,1,-0.21976928252774908
calce_CS2_35,1,-0.2174644295485224
calce_CS2_35,1,-0.22732710921483457
calce_CS2_35,1,-0.22960987886356365
calce_CS2_35,1,-0.22455240176350766
calce_CS2_35,1,-0.21527843068330954
calce_CS2_35,1,-0.2142789836706731
calce_CS2_35,1,-0.21342413277792804
calce_CS2_35,1,-0.21181847869418213
calce_CS2_35,1,-0.21795424027252586
calce_CS2_35,1,-0.2218837553634423
calce_CS2_35,1,-0.22309166658018098
calce_CS2_35,1,-0.21078646289228242
calce_CS2_35,1,-0.20978689697797126
calce_CS2_35,1,-0.208646039576609
calce_CS2_35,1,-0.20675311576089417
calce_CS2_35,1,-0.2115611454596693
calce_CS2_35,1,-0.21093224665061805
calce_CS2_35,1,-0.21786085138997335
calce_CS2_35,1,-0.218868954965741
calce_CS2_35,1,-0.2053655073080236
calce_CS2_35,1,-0.20485035663184425
calce_CS2_35,1,-0.2056649477836432
calce_CS2_35,1,-0.2032781463153459
calce_CS2_35,1,-0.20150929660847594
calce_CS2_35,1,-0.21012482011335898
calce_CS2_35,1,-0.21057558200938753
calce_CS2_35,1,-0.20027392373225084
calce_CS2_35,1,-0.1962700688673662
calce_CS2_35,1,-0.19383704703181037
calce_CS2_35,1,-0.19244124846870214
calce_CS2_35,1,-0.1888739293352656
calce_CS2_35,1,-0.19914482998189276
calce_CS2_35,1,-0.20005146402898055
calce_CS2_35,1,-0.18978818450342716
calce_CS2_35,1,-0.18317066160939355
calce_CS2_35,1,-0.1840871999397914
calce_CS2_35,1,-0.06621895957120416
calce_CS2_35,1,-0.17984539789386533
calce_CS2_35,1,-0.18526423327687158
calce_CS2_35,1,-0.1897993014959144
calce_CS2_35,1,-0.19009542425986237
calce_CS2_35,1,-0.18991911170904952
calce_CS2_35,1,-0.18961789277750718
calce_CS2_35,1,-0.18927470110366051
calce_CS2_35,1,-0.18950426969842837
calce_CS2_35,1,-0.18930430425443612
calce_CS2_35,1,-0.18886314929258774
calce_CS2_35,1,-0.18819880785866272
calce_CS2_35,1,-0.18769167720763635
calce_CS2_35,1,-0.1872643063765418
calce_CS2_35,1,-0.18705251561655434
calce_CS2_35,1,-0.18694719399587456
calce_CS2_35,1,-0.18691822835768557
calce_CS2_35,1,-0.1875817801992915
calce_CS2_35,1,-0.18815595593889511
calce_CS2_35,1,-0.0831070342364093
calce_CS2_35,1,-0.16961080931409278
calce_CS2_35,1,-0.17094095233979834
calce_CS2_35,1,-0.1681468325737674
calce_CS2_35,1,-0.16722843573804158
calce_CS2_35,1,-0.16438370845700578
calce_CS2_35,1,-0.17560219474995598
calce_CS2_35,1,-0.17650901910809114
calce_CS2_35,1,-0.1625285853915539
calce_CS2_35,1,-0.16019311145007975
calce_CS2_35,1,-0.1656700765279876
calce_CS2_35,1,-0.05914847717985505
calce_CS2_35,1,-0.17546438891428495
calce_CS2_35,1,-0.1758347168948492
calce_CS2_35,1,-0.16174765820607395
calce_CS2_35,1,-0.16331587081504295
calce_CS2_35,1,-0.16383725642323832
calce_CS2_35,1,-0.16308300272851517
calce_CS2_35,1,-0.16454722325027515
calce_CS2_35,1,-0.172167645421752
calce_CS2_35,1,-0.17403408347069238
calce_CS2_35,1,-0.1622502821153038
calce_CS2_35,1,-0.16097866199057353
calce_CS2_35,1,-0.046138748201951296
calce_CS2_35,1,-0.1591234206913823
calce_CS2_35,1,-0.1609645839217212
calce_CS2_35,1,-0.1683575217665434
calce_CS2_35,1,-0.17208550432159475
calce_CS2_35,1,-0.17281627083795137
calce_CS2_35,1,-0.15878510975104154
calce_CS2_35,1,-0.16170033285939311
calce_CS2_35,1,-0.16582786659031357
calce_CS2_35,1,-0.06546656644669657
calce_CS2_35,1,-0.17306718272710953
calce_CS2_35,1,-0.17355630906738495
calce_CS2_35,1,-0.17388217985408594
calce_CS2_35,1,-0.1742278290420024
calce_CS2_35,1,-0.17458806966725293
calce_CS2_35,1,-0.17488236212183894
calce_CS2_35,1,-0.17602504648745032
calce_CS2_35,1,-0.17633306914669478
calce_CS2_35,1,-0.17652234717263837
calce_CS2_35,1,-0.17659825884726799
calce_CS2_35,1,-0.17706170699732937
calce_CS2_35,1,-0.17721702970985997
calce_CS2_35,1,-0.17728105093191016
calce_CS2_35,1,-0.17736753022489737
calce_CS2_35,1,-0.17748635847732352
calce_CS2_35,1,-0.17744928531650672
calce_CS2_35,1,-0.1774667183638312
calce_CS2_35,1,-0.17742423690862874
calce_CS2_35,1,-0.16774924807192193
calce_CS2_35,1,-0.1648796168191523
calce_CS2_35,1,-0.16420776225100397
calce_CS2_35,1,-0.1610029979712072
calce_CS2_35,1,-0.1588064164377856
calce_CS2_35,1,-0.16766495294587236
calce_CS2_35,1,-0.1704972332668544
calce_CS2_35,1,-0.16945107089734357
calce_CS2_35,1,-0.15838231063865038
calce_CS2_35,1,-0.25356227205376425
calce_CS2_35,1,-0.24997294078009036
calce_CS2_35,1,-0.2536130993052299
calce_CS2_35,1,-0.2532512137131293
calce_CS2_35,1,-0.24405183277688436
calce_CS2_35,1,-0.1322001876592419
calce_CS2_35,1,-0.23880711586570724
calce_CS2_35,1,-0.2361744192234596
calce_CS2_35,1,-0.2279494742967043
calce_CS2_35,1,-0.22996556270415147
calce_CS2_35,1,-0.22768234463277404
calce_CS2_35,1,-0.2199047790201698
calce_CS2_35,1,-0.21771820406890563
calce_CS2_35,1,-0.21575778512986066
calce_CS2_35,1,-0.2143606745305342
calce_CS2_35,1,-0.2100001701644414
calce_CS2_35,1,-0.2121251817459231
calce_CS2_35,1,-0.21138310400095506
calce_CS2_35,1,-0.20603262799226796
calce_CS2_35,1,-0.20378081954303773
calce_CS2_35,1,-0.20285348614816745
calce_CS2_35,1,-0.201872996432632
calce_CS2_35,1,-0.19766608734869096
calce_CS2_35,1,-0.20129630716657165
calce_CS2_35,1,-0.20091159017271476
calce_CS2_35,1,-0.19968449568530633
calce_CS2_35,1,-0.1981631181385991
calce_CS2_35,1,-0.19709732418228076
calce_CS2_35,1,-0.1969977107877947
calce_CS2_35,1,-0.1959512666164419
calce_CS2_35,1,-0.19405405863638792
calce_CS2_35,1,-0.19281889538648633
calce_CS2_35,1,-0.19192100178190774
calce_CS2_35,1,-0.19058365378821274
calce_CS2_35,1,-0.18983500024087152
calce_CS2_35,1,-0.18898607772884835
calce_CS2_35,1,-0.18919537818976118
calce_CS2_35,1,-0.18749104803853556
calce_CS2_35,1,-0.1864165084917615
calce_CS2_35,1,-0.18582773013117593
calce_CS2_35,1,-0.1766256961820517
calce_CS2_35,1,-0.17321704775723434
calce_CS2_35,1,-0.17218927198335832
calce_CS2_35,1,-0.17055868536473573
calce_CS2_35,1,-0.1881315405099454
calce_CS2_35,1,-0.18696941554023794
calce_CS2_35,1,-0.1846029472976679
calce_CS2_35,1,-0.19284250148107673
calce_CS2_35,1,-0.193125431653686
calce_CS2_35,1,-0.18340424038185354
calce_CS2_35,1,-0.08017852635404465
calce_CS2_33,0,-0.19999999999999996
calce_CS2_33,0,-0.20183488918518844
calce_CS2_33,0,-0.09451656723322521
calce_CS2_33,1,-0.19747467232980354
calce_CS2_33,1,-0.1961405319633851
calce_CS2_33,1,-0.19548733253948392
calce_CS2_33,1,-0.1935908189161536
calce_CS2_33,1,-0.19697561621094994
calce_CS2_33,1,-0.19567043577544674
calce_CS2_33,1,-0.19101393857822113
calce_CS2_33,1,-0.19075339401465152
calce_CS2_33,1,-0.18921681523956557
calce_CS2_33,1,-0.19187419539463557
calce_CS2_33,1,-0.1930554619507342
calce_CS2_33,1,-0.1882848448966148
calce_CS2_33,1,-0.18799404280889553
calce_CS2_33,1,-0.18802517802091434
calce_CS2_33,1,-0.18833529601241794
calce_CS2_33,1,-0.19128095571732073
calce_CS2_33,1,-0.18875844922946916
calce_CS2_33,1,-0.1853334147944069
calce_CS2_33,1,-0.18479781026223718
calce_CS2_33,1,0.6773829680601027
calce_CS2_33,1,-0.17819679046086478
calce_CS2_33,1,-0.17936079185970555
calce_CS2_33,1,-0.18355396635490073
calce_CS2_33,1,-0.1816543171208448
calce_CS2_33,1,-0.17785144815136555
calce_CS2_33,1,-0.05294365971856052
calce_CS2_33,1,0.6562634717082076
calce_CS2_33,1,-0.17482330978341154
calce_CS2_33,1,-0.17497097726597555
calce_CS2_33,1,-0.17689982864698317
calce_CS2_33,1,-0.18100126597640176
calce_CS2_33,1,-0.17903519004536517
calce_CS2_33,1,-0.1749559967587846
calce_CS2_33,1,-0.17478374303980515
calce_CS2_33,1,-0.17415824280883396
calce_CS2_33,1,-0.17722421146718192
calce_CS2_33,1,-0.1786168135139552
calce_CS2_33,1,-0.17292116026755933
calce_CS2_33,1,-0.17297814552351953
calce_CS2_33,1,-0.1727294615259688
calce_CS2_33,1,-0.17299068363357673
calce_CS2_33,1,-0.17617879390798352
calce_CS2_33,1,-0.17689863551595397
calce_CS2_33,1,-0.17710779902292473
calce_CS2_33,1,-0.1776151146168784
calce_CS2_33,1,-0.17804314548995792
calce_CS2_33,1,-0.1781277682974184
calce_CS2_33,1,-0.17830651997947233
calce_CS2_33,1,-0.1779588921472508
calce_CS2_33,1,-0.17853014892759833
calce_CS2_33,1,-0.17817251186837513
calce_CS2_33,1,-0.17869716828181637
calce_CS2_33,1,-0.1788486426858944
calce_CS2_33,1,-0.17546745176899237
calce_CS2_33,1,-0.1707064756012856
calce_CS2_33,1,-0.17065436429736636
calce_CS2_33,1,-0.1692807195169027
calce_CS2_33,1,-0.1733314196173743
calce_CS2_33,1,-0.17449958722750558
calce_CS2_33,1,-0.16877966778103093
calce_CS2_33,1,-0.1679621952204523
calce_CS2_33,1,-0.16762498053370156
calce_CS2_33,1,-0.16729020934260874
calce_CS2_33,1,-0.17079598109271155
calce_CS2_33,1,-0.16858848599577114
calce_CS2_33,1,-0.16454578648937435
calce_CS2_33,1,-0.16394064636662797
calce_CS2_33,1,-0.16310971499738858
calce_CS2_33,1,-0.1668850165167297
calce_CS2_33,1,-0.1683657912793346
calce_CS2_33,1,-0.16284921325874813
calce_CS2_33,1,-0.16249364431396374
calce_CS2_33,1,-0.16203625786166231
calce_CS2_33,1,-0.16217517498311795
calce_CS2_33,1,-0.1655170344659147
calce_CS2_33,1,-0.1637867765166907
calce_CS2_33,1,-0.15951747494058632
calce_CS2_33,1,-0.16878743352151493
calce_CS2_33,1,-0.17132638319543514
calce_CS2_33,1,-0.17124436238282514
calce_CS2_33,1,-0.17095768481871776
calce_CS2_33,1,-0.1714078117927702
calce_CS2_33,1,-0.17099173940512913
calce_CS2_33,1,-0.17072106228903638
calce_CS2_33,1,-0.1702448237714892
calce_CS2_33,1,-0.16998894714244517
calce_CS2_33,1,-0.053641245120206515
calce_CS2_33,1,-0.16980291564505212
calce_CS2_33,1,-0.16966036231182513
calce_CS2_33,1,-0.16960731797527095
calce_CS2_33,1,-0.1669118667008147
calce_CS2_33,1,-0.16116157608356374
calce_CS2_33,1,-0.16016599875370396
calce_CS2_33,1,-0.15883019344079274
calce_CS2_33,1,-0.16181747573012617
calce_CS2_33,1,-0.16393221341508313
calce_CS2_33,1,-0.15842257701563
calce_CS2_33,1,-0.1571691048328504
calce_CS2_33,1,-0.1562196325821812
calce_CS2_33,1,-0.029083908981485163
calce_CS2_33,1,-0.1598867748906746
calce_CS2_33,1,-0.161235451160762
calce_CS2_33,1,-0.02932828799924303
calce_CS2_33,1,-0.1543825680578168
calce_CS2_33,1,-0.15326307018635676
calce_CS2_33,1,-0.15252747171462877
calce_CS2_33,1,-0.1573799902974311
calce_CS2_33,1,-0.15674738156088353
calce_CS2_33,1,-0.15118599866618954
calce_CS2_33,1,-0.1517036201643851
calce_CS2_33,1,-0.15062901616800295
calce_CS2_33,1,-0.15134264272806597
calce_CS2_33,1,-0.15468903076334795
calce_CS2_33,1,-0.15030936421654595
calce_CS2_33,1,-0.148499906605146
calce_CS2_33,1,-0.14775004818275117
calce_CS2_33,1,-0.14666057879906758
calce_CS2_33,1,-0.15110627825701672
calce_CS2_33,1,-0.15201990012206312
calce_CS2_33,1,-0.15246548904519175
calce_CS2_33,1,-0.15274050172031872
calce_CS2_33,1,-0.1539925926540363
calce_CS2_33,1,-0.15416160326750594
calce_CS2_33,1,-0.15439503252895992
calce_CS2_33,1,-0.1544335430542746
calce_CS2_33,1,-0.15464791468036276
calce_CS2_33,1,-0.15465400451152556
calce_CS2_33,1,-0.1641527673484512
calce_CS2_33,1,-0.16136106571206998
calce_CS2_33,1,-0.16501605479345893
calce_CS2_33,1,-0.165666252961711
calce_CS2_33,1,-0.15841448410978698
calce_CS2_33,1,-0.15788581812176838
calce_CS2_33,1,-0.1563912070609924
calce_CS2_33,1,-0.1564540858590615
calce_CS2_33,1,-0.16013399933932992
calce_CS2_33,1,-0.1576114224692592
calce_CS2_33,1,-0.15260896779595678
calce_CS2_33,1,-0.15150790228094535
calce_CS2_33,1,-0.14939068082953932
calce_CS2_33,1,-0.15097277808939957
calce_CS2_33,1,-0.14633300414778794
calce_CS2_33,1,-0.14500803408835516
calce_CS2_33,1,-0.1454064861241794
calce_CS2_33,1,-0.1438977909860092
calce_CS2_33,1,-0.14257929116050916
calce_CS2_33,1,-0.14742033271726196
calce_CS2_33,1,-0.1483283502042737
calce_CS2_33,1,-0.14853982195771953
calce_CS2_33,1,-0.14857079107133075
calce_CS2_33,1,-0.14872225770640113
calce_CS2_33,1,-0.15066070685299215
calce_CS2_33,1,-0.15185142081413072
calce_CS2_33,1,-0.15244399070943215
calce_CS2_33,1,-0.14784543870189792
calce_CS2_33,1,-0.14801761938563796
calce_CS2_33,1,-0.149905637335905
calce_CS2_33,1,-0.1499255453473035
calce_CS2_33,1,-0.1514101930448596
calce_CS2_33,1,-0.15071547541885755
calce_CS2_33,1,-0.14666737366454674
calce_CS2_33,1,-0.14705179033319637
calce_CS2_33,1,-0.1471889772873194
calce_CS2_33,1,-0.026169359938301606
calce_CS2_33,1,-0.14827997500818157
calce_CS2_33,1,-0.1462856713187244
calce_CS2_33,1,-0.14337160758324952
calce_CS2_33,1,-0.14302868759177756
calce_CS2_33,1,-0.1422363142958064
calce_CS2_33,1,-0.1427855421728672
calce_CS2_33,1,-0.14430120897725152
calce_CS2_33,1,-0.14088048968599498
calce_CS2_33,1,-0.1401464875923566
calce_CS2_33,1,-0.14022529665807115
calce_CS2_33,1,-0.138992855304512
calce_CS2_33,1,-0.14188005810276372
calce_CS2_33,1,-0.14234964551985752
calce_CS2_33,1,-0.1425961311538162
calce_CS2_33,1,-0.1426007365865165
calce_CS2_33,1,-0.14328439665082238
calce_CS2_33,1,-0.14349873752107312
calce_CS2_33,1,-0.14339028199675274
calce_CS2_33,1,-0.1433134359215592
calce_CS2_33,1,-0.14292104402702432
calce_CS2_33,1,-0.1426321676734249
calce_CS2_33,1,-0.14239500000440253
calce_CS2_33,1,-0.14218825656987233
calce_CS2_33,1,-0.14180080655180394
calce_CS2_33,1,-0.13617277134540673
calce_CS2_33,1,-0.1335906271727607
calce_CS2_33,1,-0.13365182444797274
calce_CS2_33,1,-0.016436984267176435
calce_CS2_33,1,-0.13276496158373197
calce_CS2_33,1,-0.13489750231707476
calce_CS2_33,1,-0.13252879190923517
calce_CS2_33,1,-0.13008496781672774
calce_CS2_33,1,-0.13082959241047054
calce_CS2_33,1,-0.013789034292685187
calce_CS2_33,1,-0.13011841793102674
calce_CS2_33,1,-0.13239158687037078
calce_CS2_33,1,-0.12970640693709634
calce_CS2_33,1,-0.14136148217009337
calce_CS2_33,1,-0.14299196622164156
calce_CS2_33,1,-0.14124801754613958
calce_CS2_33,1,-0.13408043255410595
calce_CS2_33,1,-0.13330348945473414
calce_CS2_33,1,-0.13239032515382876
calce_CS2_33,1,-0.1317272624409892
calce_CS2_33,1,-0.13376833622490514
calce_CS2_33,1,-0.1302526382852005
calce_CS2_33,1,-0.1262700208848676
calce_CS2_33,1,-0.12635915240863937
calce_CS2_33,1,-0.125648548376061
calce_CS2_33,1,-0.12685197097678713
calce_CS2_33,1,-0.1279946256504232
calce_CS2_33,1,-0.12784060689336396
calce_CS2_33,1,-0.12766549662459037
calce_CS2_33,1,-0.1277302633826506
calce_CS2_33,1,-0.12800408675906272
calce_CS2_33,1,-0.12714117021303872
calce_CS2_33,1,-0.1267125777052266
calce_CS2_33,1,-0.126056340515322
calce_CS2_33,1,-0.12542462175270153
calce_CS2_33,1,-0.12514344296319257
calce_CS2_33,1,-0.1247249438490271
calce_CS2_33,1,-0.12433365484734038
calce_CS2_33,1,-0.12348716751505218
calce_CS2_33,1,-0.11628345722761191
calce_CS2_33,1,-0.11566207815971441
calce_CS2_33,1,-0.11452402337105272
calce_CS2_33,1,-0.11346650162871552
calce_CS2_33,1,-0.11680831031030559
calce_CS2_33,1,-0.11459636890658031
calce_CS2_33,1,-0.10927643062405679
calce_CS2_33,1,-0.10936648641532654
calce_CS2_33,1,-0.10917184518903611
calce_CS2_33,1,-0.10939310794490176
calce_CS2_33,1,-0.11217636919058938
calce_CS2_33,1,-0.11005428899728076
calce_CS2_33,1,-0.10629925963973519
calce_CS2_33,1,-0.10649764159657671
calce_CS2_33,1,-0.10494392401072195
calce_CS2_33,1,-0.10617268235079758
calce_CS2_33,1,-0.10824575331612796
calce_CS2_33,1,-0.10498818745602412
calce_CS2_33,1,-0.10098203760948954
calce_CS2_33,1,-0.10170768800398955
calce_CS2_33,1,-0.09367653780493002
calce_CS2_33,1,0.03414936803312074
calce_CS2_33,1,-0.09985245063383741
calce_CS2_33,1,-0.09589617960954921
calce_CS2_33,1,0.029939250648996274
calce_CS2_33,1,-0.09704805651355164
calce_CS2_33,1,-0.10349933580216675
calce_CS2_33,1,-0.10389020456990639
calce_CS2_33,1,-0.10355304679887511
calce_CS2_33,1,-0.10291987330315011
calce_CS2_33,1,-0.10390446866690473
calce_CS2_33,1,0.009339529068515096
calce_CS2_33,1,-0.10259509159538915
calce_CS2_33,1,-0.10127449795795673
calce_CS2_33,1,-0.10053866864610927
calce_CS2_33,1,-0.09960206504856572
calce_CS2_33,1,-0.09926469599687138
calce_CS2_33,1,-0.09868258618961256
calce_CS2_33,1,0.014136244302152545
calce_CS2_33,1,-0.09773650845737247
calce_CS2_33,1,-0.08612072154933714
calce_CS2_33,1,-0.08142280782383116
calce_CS2_33,1,-0.07892795294642518
calce_CS2_33,1,-0.07652683972814756
calce_CS2_33,1,-0.08256106624024784
calce_CS2_33,1,-0.08490739490993249
calce_CS2_33,1,-0.07573400026620225
calce_CS2_33,1,-0.07273912878047306
calce_CS2_33,1,-0.0715485214775714
calce_CS2_33,1,-0.06815125110086595
calce_CS2_33,1,-0.07428593427482777
calce_CS2_33,1,-0.07674216126368161
calce_CS2_33,1,-0.06763110250039939
calce_CS2_33,1,-0.06427145452440342
calce_CS2_33,1,0.27607356841584896
calce_CS2_33,1,-0.08598588154264963
calce_CS2_33,1,-0.0806306025134036
calce_CS2_33,1,-0.08037885659027544
calce_CS2_33,1,-0.0854951539137695
calce_CS2_33,1,-0.0811168157895037
calce_CS2_33,1,-0.07244420235181392
calce_CS2_33,1,-0.07082482943270485
calce_CS2_33,1,-0.06799301062751928
calce_CS2_33,1,-0.06768503010186966
calce_CS2_33,1,-0.07324179774509387
calce_CS2_33,1,-0.07008426676850787
calce_CS2_33,1,0.07343438658040935
calce_CS2_33,1,-0.06071904971518538
calce_CS2_33,1,-0.05777093843083392
calce_CS2_33,1,-0.05473887575237202
calce_CS2_33,1,-0.06231355802286531
calce_CS2_33,1,-0.06396836430218722
calce_CS2_33,1,-0.0544670945305995
calce_CS2_33,1,-0.056088328737967985
calce_CS2_33,1,-0.055022507984110236
calce_CS2_33,1,-0.05323087948622962
calce_CS2_33,1,-0.05817220815657109
calce_CS2_33,1,-0.05884958574359522
calce_CS2_33,1,-0.05251372260553511
calce_CS2_33,1,-0.05166667098323585
calce_CS2_33,1,-0.050876041385991444
calce_CS2_33,1,-0.048618170344399414
calce_CS2_33,1,-0.05290259047295098
calce_CS2_33,1,-0.05392814536132451
calce_CS2_33,1,-0.054047966140942316
calce_CS2_33,1,-0.05390805239299312
calce_CS2_33,1,-0.05395658310079432
calce_CS2_33,1,-0.05427437137941571
calce_CS2_33,1,-0.05465283871007731
calce_CS2_33,1,-0.054453474686830816
calce_CS2_33,1,-0.05397374761652307
calce_CS2_33,1,-0.053480853875990775
calce_CS2_33,1,-0.052634579108973956
calce_CS2_33,1,-0.05080916204164532
calce_CS2_33,1,-0.050212831289318416
calce_CS2_33,1,-0.04922634053487118
calce_CS2_33,1,-0.04382909846776273
calce_CS2_33,1,-0.0371797989891669
calce_CS2_33,1,-0.03647485252483118
calce_CS2_33,1,-0.034945142803536444
calce_CS2_33,1,-0.03502449181620515
calce_CS2_33,1,-0.0397069305706611
calce_CS2_33,1,-0.03666228166939178
calce_CS2_33,1,-0.03085221415554884
calce_CS2_33,1,-0.030365839394878247
calce_CS2_33,1,-0.05794002146447297
calce_CS2_33,1,-0.051925356572232184
calce_CS2_33,1,-0.052530212950491095
calce_CS2_33,1,-0.05059212785700362
calce_CS2_33,1,-0.04079042891237583
calce_CS2_33,1,-0.03750408046060194
calce_CS2_33,1,-0.03624507850274172
calce_CS2_33,1,-0.03168666433014333
calce_CS2_33,1,-0.03440560142707916
calce_CS2_33,1,-0.0354183370591975
calce_CS2_33,1,-0.028438427285859547
calce_CS2_33,1,-0.026153732137320862
calce_CS2_33,1,-0.02550693947933458
calce_CS2_33,1,-0.023848668439628296
calce_CS2_33,1,-0.024651956718931722
calce_CS2_33,1,-0.02657941205350478
calce_CS2_33,1,-0.026937469186651186
calce_CS2_33,1,-0.026571297813649752
calce_CS2_33,1,-0.026825472293662167
calce_CS2_33,1,-0.026542117962386036
calce_CS2_33,1,-0.026319832453107428
calce_CS2_33,1,-0.026267464954793263
calce_CS2_33,1,-0.025763055607776364
calce_CS2_33,1,-0.02582392825264146
calce_CS2_33,1,-0.025624746180885283
calce_CS2_33,1,-0.02524256407833514
calce_CS2_33,1,-0.02513889109700007
calce_CS2_33,1,-0.025020527733830455
calce_CS2_33,1,-0.024259322727483545
calce_CS2_33,1,-0.008739209721943753
calce_CS2_33,1,-0.002804041439622429
calce_CS2_33,1,-0.0004786554355770134
calce_CS2_33,1,0.0024363692590605446
calce_CS2_33,1,-0.0027019224219019256
calce_CS2_33,1,-0.005847409289418404
calce_CS2_33,1,-0.00044148574699165444
calce_CS2_33,1,0.001844322928597264
calce_CS2_33,1,0.0014671070942209319
calce_CS2_33,1,0.1407439406176345
calce_CS2_33,1,0.003579523060873613
calce_CS2_33,1,-0.001421372715562419
calce_CS2_33,1,-0.002835898965533712
calce_CS2_33,1,0.004030670346733434
calce_CS2_33,1,0.004419610688997988
calce_CS2_33,1,0.003977245374867433
calce_CS2_33,1,0.0052085574974395366
calce_CS2_33,1,0.002626887898483421
calce_CS2_33,1,0.00187070231278319
calce_CS2_33,1,0.00795757592089863
calce_CS2_33,1,0.010596798018903342
calce_CS2_33,1,0.0042204665805013475
calce_CS2_33,1,0.007315666648424535
calce_CS2_33,1,0.0029312118115634167
calce_CS2_33,1,0.0022588429618329853
calce_CS2_33,1,0.006363358898618943
calce_CS2_33,1,0.007939169391031897
calce_CS2_33,1,0.007035618629203322
calce_CS2_33,1,0.007475803388329205
calce_CS2_33,1,0.14221950727951638
calce_CS2_33,1,0.005267712626520704
calce_CS2_33,1,0.003961059363932207
calce_CS2_33,1,0.003603384892323147
calce_CS2_33,1,0.003765115107099537
calce_CS2_33,1,0.003261988737696009
calce_CS2_33,1,0.003198519684430079
calce_CS2_33,1,0.0032164636837400673
calce_CS2_33,1,0.0031421973413028326
calce_CS2_33,1,0.0033930214399819913
calce_CS2_33,1,0.003881922468170651
calce_CS2_33,1,0.004154502042673203
calce_CS2_33,1,0.0032370958247074366
calce_CS2_33,1,0.0049114694454360786
calce_CS2_33,1,0.005228193884221244
calce_CS2_33,1,0.0068476439402586076
calce_CS2_33,1,0.01347278167257182
calce_CS2_33,1,0.015218201005550602
calce_CS2_33,1,0.016612626056382918
calce_CS2_33,1,0.019661702460325392
calce_CS2_33,1,0.015579329983712142
calce_CS2_33,1,0.01393516503078529
calce_CS2_33,1,0.018015882945705886
calce_CS2_33,1,0.022081221862999767
calce_CS2_33,1,0.023111219027627472
calce_CS2_33,1,0.023623259543621544
calce_CS2_33,1,0.022360274141073333
calce_CS2_33,1,0.017688570609121212
calce_CS2_33,1,0.018848820424721358
calce_CS2_33,1,0.024516530962107153
calce_CS2_33,1,0.02602559782173497
calce_CS2_33,1,0.02808962985642205
calce_CS2_33,1,0.029318932116771612
calce_CS2_33,1,0.02322388447443191
calce_CS2_33,1,0.02206959139521214
calce_CS2_33,1,0.027329664455781333
calce_CS2_33,1,0.0337094681289124
calce_CS2_33,1,-0.020923464710539408
calce_CS2_33,1,0.0029745413681200317
calce_CS2_33,1,0.0332519320594884
calce_CS2_33,1,0.030394008229421177
calce_CS2_33,1,0.03337680590466208
calce_CS2_33,1,0.05303628061849408
calce_CS2_33,1,0.07266510039801122
calce_CS2_33,1,0.08361474244386591
calce_CS2_33,1,0.0912097793111104
calce_CS2_33,1,0.09731308234298164
calce_CS2_33,1,0.0869912788720063
calce_CS2_33,1,0.08669107746993532
calce_CS2_33,1,0.11081900110513943
calce_CS2_33,1,0.11709928773041056
calce_CS2_33,1,0.12196816124784116
calce_CS2_33,1,0.12706072155533188
calce_CS2_33,1,0.12636826374573662
calce_CS2_33,1,0.1163343025465392
calce_CS2_33,1,0.11397050263784436
calce_CS2_33,1,0.13567160167013492
calce_CS2_33,1,0.1381118586444855
calce_CS2_33,1,0.14095524026761153
calce_CS2_33,1,0.31815245606698184
calce_CS2_33,1,0.15175804551691907
calce_CS2_33,1,0.15511714254350795
calce_CS2_33,1,0.15816433262341034
calce_CS2_33,1,0.1607618383146563
calce_CS2_33,1,0.1613734956234566
calce_CS2_33,1,0.15657998893405123
calce_CS2_33,1,0.14626780613367973
calce_CS2_33,1,0.14563002605818276
calce_CS2_33,1,0.1459305808848863
calce_CS2_33,1,0.14582976817155557
calce_CS2_33,1,0.14538022483045743
calce_CS2_33,1,0.14530635538649528
calce_CS2_33,1,0.1451357334204637
calce_CS2_33,1,0.14522371502684261
calce_CS2_33,1,0.1460534990072332
calce_CS2_33,1,0.147591065034955
calce_CS2_33,1,0.14925786901896565
calce_CS2_33,1,0.15016701610837524
calce_CS2_33,1,0.1511501998851027
calce_CS2_33,1,0.15118650335378847
calce_CS2_33,1,0.1502553681069453
calce_CS2_33,1,0.14998538404586026
calce_CS2_33,1,0.1506569790200306
calce_CS2_33,1,0.15145212931767538
calce_CS2_33,1,0.1517032986189818
calce_CS2_33,1,0.15195808173555703
calce_CS2_33,1,0.31092417997529476
calce_CS2_33,1,0.143704281895636
calce_CS2_33,1,0.14746459429721015
calce_CS2_33,1,0.1530171311943309
calce_CS2_33,1,0.1570503564058311
calce_CS2_33,1,0.15951455643100787
calce_CS2_33,1,0.16257837893604477
calce_CS2_33,1,0.15611251002732718
calce_CS2_33,1,0.15649021023935383
calce_CS2_33,1,0.15628825363417087
calce_CS2_33,1,0.1619754751420872
calce_CS2_33,1,0.1641425920666516
calce_CS2_33,1,0.16606703733514028
calce_CS2_33,1,0.16985255112321362
calce_CS2_33,1,0.17000313231640518
calce_CS2_33,1,0.15259595303227302
calce_CS2_33,1,0.1735633919953039
calce_CS2_33,1,0.179678283119576
calce_CS2_33,1,0.18462606176020402
calce_CS2_33,1,0.18845620843954947
calce_CS2_33,1,0.18932862564457753
calce_CS2_33,1,0.1924989436072977
calce_CS2_33,1,0.18926996872872492
calce_CS2_33,1,0.1920696440190306
calce_CS2_33,1,0.19390706591746365
calce_CS2_33,1,0.20594478782269576
calce_CS2_33,1,0.21129117046813028
calce_CS2_33,1,0.2212859567586266
calce_CS2_33,1,0.22669742373323798
calce_CS2_33,1,0.22846910790835562
calce_CS2_33,1,0.22650959719747665
calce_CS2_33,1,0.22899181954310044
calce_CS2_33,1,0.23921401376482765
calce_CS2_33,1,0.24507962387016613
calce_CS2_33,1,0.24814211986060053
calce_CS2_33,1,0.25124433095683374
calce_CS2_33,1,0.25372011751864376
calce_CS2_33,1,0.25625223818799536
calce_CS2_33,1,0.2540179425408302
calce_CS2_33,1,0.2542874084974782
calce_CS2_33,1,0.2643736986334313
calce_CS2_33,1,0.2665078268042954
calce_CS2_33,1,0.26921794370074725
calce_CS2_33,1,0.2712576037208201
calce_CS2_33,1,0.2736049444949079
calce_CS2_33,1,0.27642659648591117
calce_CS2_33,1,0.27968166581014464
calce_CS2_33,1,0.28246133562464704
calce_CS2_33,1,0.28618221757156403
calce_CS2_33,1,0.2896281490872473
calce_CS2_33,1,0.2958638818188163
calce_CS2_33,1,0.26207686641934724
calce_CS2_33,1,0.2860713082526226
calce_CS2_33,1,0.3012048996638003
calce_CS2_33,1,0.31314256434922483
calce_CS2_33,1,0.32009565450464394
calce_CS2_33,1,0.32571070703608235
calce_CS2_33,1,0.32931001071864713
calce_CS2_33,1,0.32766146776869765
calce_CS2_33,1,0.31975367125539655
calce_CS2_33,1,0.33528296226360454
calce_CS2_33,1,0.34664707396687183
calce_CS2_33,1,0.35370962743338347
calce_CS2_33,1,0.36227290952147523
calce_CS2_33,1,0.37121539884638877
calce_CS2_33,1,0.37713858321279714
calce_CS2_33,1,0.37993854915064795
calce_CS2_33,1,0.37341836429703185
calce_CS2_33,1,0.37117838744371273
calce_CS2_33,1,0.37324860750448996
calce_CS2_33,1,0.3755707456306067
calce_CS2_33,1,0.39322772606458556
calce_CS2_33,1,0.39952674040389147
calce_CS2_33,1,0.40375769076828855
calce_CS2_33,1,0.41012014844743394
calce_CS2_33,1,0.41478143036178977
calce_CS2_33,1,0.41568605234280603
calce_CS2_33,1,0.40522102950930444
calce_CS2_33,1,0.40833609687730543
calce_CS2_33,1,0.4104136726434853
calce_CS2_33,1,0.41584948418779133
calce_CS2_33,1,0.42437735155522477
calce_CS2_33,1,0.43258348787871864
calce_CS2_33,1,0.43641529413758856
calce_CS2_33,1,0.43865329375599776
calce_CS2_33,1,0.44351873350622095
calce_CS2_33,1,0.44486823823108324
calce_CS2_33,1,0.45192539604180926
calce_CS2_33,1,0.45519259490022357
calce_CS2_33,1,0.45619592221229516
calce_CS2_33,1,0.4466016189654746
calce_CS2_33,1,0.42769088306490083
calce_CS2_33,1,0.42158336448034567
calce_CS2_33,1,0.41936274591935097
calce_CS2_33,1,0.42164082924213236
calce_CS2_33,1,0.4203879841561968
calce_CS2_33,1,0.5600018648391156
calce_CS2_33,1,0.42141015708601687
calce_CS2_33,1,0.41938218478023653
calce_CS2_33,1,0.4231253078874028
calce_CS2_33,1,0.42537160579133937
calce_CS2_33,1,0.44081201372673995
calce_CS2_33,1,0.46719279659047835
calce_CS2_33,1,0.49183547848030135
calce_CS2_33,1,0.5126656557449634
calce_CS2_33,1,0.520848052209022
calce_CS2_33,1,0.5338093160968189
calce_CS2_33,1,0.5351765279817842
calce_CS2_33,1,0.5488055748596139
calce_CS2_33,1,0.5533090343655498
calce_CS2_33,1,0.5586393620115231
calce_CS2_33,1,0.6380584884029137
calce_CS2_33,1,0.5605271080641259
calce_CS2_33,1,0.6368479507279019
calce_CS2_33,1,0.5485934365448535
calce_CS2_33,1,0.554610394668021
calce_CS2_33,1,0.5614482019458504
calce_CS2_33,1,0.5532620883341989
calce_CS2_33,1,0.5520944077072211
calce_CS2_33,1,0.5624133555821199
calce_CS2_33,1,0.5851833644157052
calce_CS2_33,1,0.5902737693461926
calce_CS2_33,1,0.5988041494135131
calce_CS2_33,1,0.5943728292131198
calce_CS2_33,1,0.5926438001391172
calce_CS2_33,1,0.5827329293871403
calce_CS2_33,1,0.5897965892229173
calce_CS2_33,1,0.5835697831824358
calce_CS2_33,1,0.5897886302970103
calce_CS2_33,1,0.584265034621798
calce_CS2_33,1,0.5839312825940913
calce_CS2_33,1,0.5757928941565515
calce_CS2_33,1,0.5804860526849838
calce_CS2_33,1,0.5800819559050261
calce_CS2_33,1,0.5959877042977783
calce_CS2_33,1,0.601023687380686
calce_CS2_33,1,0.6021142241841422
calce_CS2_33,1,0.6068923603337089
calce_CS2_33,1,0.6070209381590137
calce_CS2_33,1,0.6153711026097126
calce_CS2_33,1,0.6195360511343065
calce_CS2_33,1,0.63276067185056
calce_CS2_33,1,0.6357056062058893
calce_CS2_33,1,0.6361976808312604
calce_CS2_33,1,0.6421085208181269
calce_CS2_33,1,0.6385417193254678
calce_CS2_33,1,0.6412715382220135
calce_CS2_33,1,0.6429414078656204
calce_CS2_33,1,0.6418732159528182
calce_CS2_33,1,0.6493706707898221
calce_CS2_33,1,0.6509446412657224
calce_CS2_33,1,0.6561598019692322
calce_CS2_33,1,0.6774729513445945
calce_CS2_33,1,0.6867691976904362
calce_CS2_33,1,0.6850784011853056
calce_CS2_33,1,0.6895274982768088
calce_CS2_33,1,0.6932906739040179
calce_CS2_33,1,0.6960320283719051
calce_CS2_33,1,0.7014074958398046
calce_CS2_33,1,0.7064759309620612
calce_CS2_33,1,0.7098803686959648
calce_CS2_33,1,0.7093331718832523
calce_CS2_33,1,0.7124510178700519
calce_CS2_33,1,0.7136640045500845
calce_CS2_33,1,0.7158296042086678
calce_CS2_33,1,0.7151440301904144
calce_CS2_33,1,0.7179324103674296
calce_CS2_33,1,0.7186309547199715
calce_CS2_33,1,0.7200240599915018
calce_CS2_33,1,0.7195557936952122
calce_CS2_33,1,0.7213666946146756
calce_CS2_33,1,0.7226119873239016
calce_CS2_33,1,0.7255534147194969
calce_CS2_33,1,0.7242778801976903
calce_CS2_33,1,0.7243023643036388
calce_CS2_33,1,0.7248891034499185
calce_CS2_33,1,0.7261308750377878
calce_CS2_33,1,0.7255046697793215
calce_CS2_33,1,0.7190659127845618
calce_CS2_33,1,0.7194175949584111
calce_CS2_33,1,0.7180335744539655
calce_CS2_33,1,0.7313057386216341
calce_CS2_33,1,0.7236727028144702
calce_CS2_33,1,0.722147991106576
calce_CS2_33,1,0.723639092640296
calce_CS2_33,1,0.7233625419676114
calce_CS2_33,1,0.7229429041416396
calce_CS2_33,1,0.7224292524689905
calce_CS2_33,1,0.725770532182787
calce_CS2_33,1,0.7251352921503167
calce_CS2_33,1,0.7289816584395005
calce_CS2_33,1,0.7279998508521608
calce_CS2_33,1,0.7307587456933083
calce_CS2_33,1,0.7321633828699925
calce_CS2_33,1,0.733225151565174
calce_CS2_33,1,0.7320449189367654
calce_CS2_33,1,0.7329677037072766
calce_CS2_33,1,0.7343183709201315
calce_CS2_33,1,0.735011987410094
calce_CS2_33,1,0.7503423889548148
calce_CS2_33,1,0.74530196596749
calce_CS2_33,1,-0.2707567860442368
calce_CS2_33,1,-0.26958364019037084
calce_CS2_33,1,-0.2685752843029725
calce_CS2_33,1,-0.2674670577572864
calce_CS2_33,1,-0.26716034076565287
calce_CS2_33,1,-0.2655783337759692
calce_CS2_33,1,-0.2606983611468605
calce_CS2_33,1,-0.25884571776376175
calce_CS2_33,1,-0.2568629782989189
calce_CS2_33,1,-0.2577186037640513
calce_CS2_33,1,-0.25779237028259794
calce_CS2_33,1,-0.25725533810333356
calce_CS2_33,1,-0.2564602172624384
calce_CS2_33,1,-0.2557303480339723
calce_CS2_33,1,-0.25500955179251306
calce_CS2_33,1,-0.25428470144844373
calce_CS2_33,1,-0.25341017631159835
calce_CS2_33,1,-0.25272016441175604
calce_CS2_33,1,-0.25202332660249827
calce_CS2_33,1,-0.25128142679279786
calce_CS2_33,1,-0.25063695389094565
calce_CS2_33,1,-0.24756765146178994
calce_CS2_33,1,-0.24420579881722126
calce_CS2_33,1,-0.2427416766205701
calce_CS2_33,1,-0.2414843994896243
calce_CS2_33,1,-0.14047282987056597
calce_CS2_33,1,-0.24412078749728394
calce_CS2_33,1,-0.13179672678254517
calce_CS2_33,1,-0.23897506050880324
calce_CS2_33,1,-0.23774392948756806
calce_CS2_33,1,-0.23872395047467498
calce_CS2_33,1,-0.24044813049053237
calce_CS2_33,1,-0.23640016520118112
calce_CS2_33,1,-0.2351256301311806
calce_CS2_33,1,-0.23442496003275592
calce_CS2_33,1,-0.23401245104586255
calce_CS2_33,1,-0.236684708139834
calce_CS2_33,1,-0.23525667380528348
calce_CS2_33,1,-0.23229587529554907
calce_CS2_33,1,-0.2314982502188545
calce_CS2_33,1,-0.2303626983160434
calce_CS2_33,1,-0.23306854552074197
calce_CS2_33,1,-0.23268064392725885
calce_CS2_33,1,-0.22878441111669012
calce_CS2_33,1,-0.22803025380036468
calce_CS2_33,1,-0.22727551287657088
calce_CS2_33,1,-0.22990171166676787
calce_CS2_33,1,-0.23039091784009358
calce_CS2_33,1,-0.23054374347662865
calce_CS2_33,1,-0.2305795240302635
calce_CS2_33,1,-0.23098293507292844
calce_CS2_33,1,-0.23075955363940626
calce_CS2_33,1,-0.23053156252390616
calce_CS2_33,1,-0.21112289105254667
calce_CS2_33,1,-0.2118341594519384
calce_CS2_33,1,-0.2139935903599992
calce_CS2_33,1,-0.2144452576965412
calce_CS2_33,1,-0.21140836224487236
calce_CS2_33,1,-0.21158863204928813
calce_CS2_33,1,-0.21060525533021046
calce_CS2_33,1,-0.2110858503246924
calce_CS2_33,1,-0.21283334854649283
calce_CS2_33,1,-0.2096152507629132
calce_CS2_33,1,-0.20859887895896922
calce_CS2_33,1,-0.20836190916220954
calce_CS2_33,1,-0.20702787802481293
calce_CS2_33,1,-0.21014407069547425
calce_CS2_33,1,-0.20906259050793197
calce_CS2_33,1,-0.20609475480022188
calce_CS2_33,1,-0.20584420366116452
calce_CS2_33,1,-0.2045185890506418
calce_CS2_33,1,-0.20735590408161508
calce_CS2_33,1,-0.20786379837834335
calce_CS2_33,1,-0.208880600456111
calce_CS2_33,1,-0.20931017883859715
calce_CS2_33,1,-0.2095551194663512
calce_CS2_33,1,-0.20983294071510006
calce_CS2_33,1,-0.20978945178275388
calce_CS2_33,1,-0.20971909982429016
calce_CS2_33,1,-0.20976902293156363
calce_CS2_33,1,-0.20959509362883844
calce_CS2_33,1,-0.20955021307085242
calce_CS2_33,1,-0.20931731156871636
calce_CS2_33,1,-0.20798124153161046
calce_CS2_33,1,-0.20291039830205992
calce_CS2_33,1,-0.2025702186167604
calce_CS2_33,1,-0.20168498414410418
calce_CS2_33,1,-0.20404293228311188
calce_CS2_33,1,-0.20552367557762308
calce_CS2_33,1,-0.20115700672606707
calce_CS2_33,1,-0.2007002104600384
calce_CS2_33,1,-0.20086491055124966
calce_CS2_33,1,-0.19977523256787277
calce_CS2_33,1,-0.20299608802155
calce_CS2_33,1,-0.09397892271271546
calce_CS2_33,1,-0.19830652110734936
calce_CS2_33,1,-0.19894978880335357
calce_CS2_33,1,-0.19813646938708396
calce_CS2_33,1,-0.20035999920231573
calce_CS2_33,1,-0.20185136180103647
calce_CS2_33,1,-0.19750463774366733
calce_CS2_33,1,-0.19735373396632816
calce_CS2_33,1,-0.19696531101735792
calce_CS2_33,1,-0.2083306534318241
calce_CS2_33,1,-0.20631515788574828
calce_CS2_33,1,-0.2088592005949086
calce_CS2_33,1,-0.20857428557929958
calce_CS2_33,1,-0.20824391719495083
calce_CS2_33,1,-0.2077740797683323
calce_CS2_33,1,-0.20767191046669642
calce_CS2_33,1,-0.20718156189578685
calce_CS2_33,1,-0.20665991157909236
calce_CS2_33,1,-0.20622582507522647
calce_CS2_33,1,-0.20585571721684426
calce_CS2_33,1,-0.20564861772044485
calce_CS2_33,1,-0.2053938046036312
calce_CS2_33,1,-0.20565166790688805
calce_CS2_33,1,-0.10007043830119322
calce_CS2_33,1,-0.1994378211339467
calce_CS2_33,1,-0.19878684397061996
calce_CS2_33,1,-0.19768518564317716
calce_CS2_33,1,-0.20023704316942004
calce_CS2_33,1,-0.20118055631678655
calce_CS2_33,1,-0.19607543002767058
calce_CS2_33,1,-0.19553463190263076
calce_CS2_33,1,-0.19521882419861958
calce_CS2_33,1,-0.19543505412494255
calce_CS2_33,1,-0.19843406830728438
calce_CS2_33,1,-0.1964439818647532
calce_CS2_33,1,-0.19378207185256313
calce_CS2_33,1,-0.19413628219013435
calce_CS2_33,1,-0.19357341458528232
calce_CS2_33,1,-0.1966007943877871
calce_CS2_33,1,-0.19698200758525397
calce_CS2_33,1,-0.1925448412841272
calce_CS2_33,1,-0.19257362647588672
calce_CS2_33,1,-0.19192973781645473
calce_CS2_33,1,-0.1933813308897696
calce_CS2_33,1,-0.19630251264025578
calce_CS2_33,1,-0.19245610645308275
calce_CS2_33,1,-0.19187952641589956
calce_CS2_33,1,-0.1945062517458379
calce_CS2_33,1,-0.19603063486058592
calce_CS2_33,1,-0.19599497846006497
calce_CS2_33,1,-0.1959328101736324
calce_CS2_33,1,-0.19587479537211494
calce_CS2_33,1,-0.19607809489978512
calce_CS2_33,1,-0.19621112087549075
calce_CS2_33,1,-0.1960974511206599
calce_CS2_33,1,-0.195883900257242
calce_CS2_33,1,-0.1958408526652523
calce_CS2_33,1,-0.19571231419325674
calce_CS2_33,1,-0.195678260941771
calce_CS2_33,1,-0.2400784900374675
calce_CS2_33,1,-0.23987619911175107
calce_CS2_33,1,-0.2396262451383624
calce_CS2_33,1,-0.23560533592844646
calce_CS2_33,1,-0.2337356331504279
calce_CS2_33,1,-0.23257104599301393
calce_CS2_33,1,-0.22937654074251057
calce_CS2_33,1,-0.22932531753923313
calce_CS2_33,1,-0.22686197255380214
calce_CS2_33,1,-0.22557949392819987
calce_CS2_33,1,-0.22481235711256753
calce_CS2_33,1,-0.2231214217794606
calce_CS2_33,1,-0.223328268148147
calce_CS2_33,1,-0.22234786278970042
calce_CS2_33,1,-0.22079349104398105
calce_CS2_33,1,-0.22039148507962913
calce_CS2_33,1,-0.21923482860903998
calce_CS2_33,1,-0.21973992954433652
calce_CS2_33,1,-0.21931818957520455
calce_CS2_33,1,-0.2186250757006165
calce_CS2_33,1,-0.2181164579653636
calce_CS2_33,1,-0.21811366419170652
calce_CS2_33,1,-0.2171895267846211
calce_CS2_33,1,-0.10123338084110678
calce_CS2_33,1,-0.21635229373074494
calce_CS2_33,1,-0.21570404328707915
calce_CS2_33,1,-0.2153524311065398
calce_CS2_33,1,-0.10057493081630231
calce_CS2_33,1,-0.21450315470662318
calce_CS2_33,1,-0.21404262497863646
calce_CS2_33,1,-0.21088862299167643
calce_CS2_33,1,-0.21006869016898988
calce_CS2_33,1,0.06021440173630488
calce_CS2_34,0,-0.19999999999999996
calce_CS2_34,0,-0.1998564381194443
calce_CS2_34,0,-0.19844366549427872
calce_CS2_34,0,-0.19753373505880478
calce_CS2_34,0,-0.1966779222549988
calce_CS2_34,0,-0.1961402778957544
calce_CS2_34,0,-0.19577215932332215
calce_CS2_34,0,-0.07233765701319517
calce_CS2_34,0,-0.1950235780783509
calce_CS2_34,0,-0.19441087872330554
calce_CS2_34,0,-0.19404201101012997
calce_CS2_34,0,-0.19375900843941596
calce_CS2_34,0,-0.19299626313463014
calce_CS2_34,0,-0.1926324968007156
calce_CS2_34,0,-0.1904524292294284
calce_CS2_34,0,-0.1873082000824715
calce_CS2_34,0,-0.18631980792297798
calce_CS2_34,0,-0.18495163011459992
calce_CS2_34,0,-0.1877953946209151
calce_CS2_34,0,-0.18815884562998553
calce_CS2_34,0,-0.18342768926431352
calce_CS2_34,0,-0.18277605291176713
calce_CS2_34,0,-0.18166501741633556
calce_CS2_34,0,-0.18194036056184992
calce_CS2_34,0,-0.18450038825597093
calce_CS2_34,0,-0.1800732276436754
calce_CS2_34,0,-0.1791652562527205
calce_CS2_34,0,-0.17799479069060475
calce_CS2_34,0,-0.17746127491118113
calce_CS2_34,0,-0.18104141672696694
calce_CS2_34,0,-0.17978331879142717
calce_CS2_34,0,-0.17614160353811315
calce_CS2_34,0,-0.17669631552210996
calce_CS2_34,0,-0.17603692352668476
calce_CS2_34,0,-0.17871550853626395
calce_CS2_34,0,-0.17977506238233076
calce_CS2_34,0,-0.1743165113440608
calce_CS2_34,0,-0.17385525238495714
calce_CS2_34,0,-0.17383981098430412
calce_CS2_34,0,-0.17395716268852857
calce_CS2_34,0,-0.17749387955353035
calce_CS2_34,0,-0.1785576470148612
calce_CS2_34,0,-0.17859239406127558
calce_CS2_34,0,-0.17861069434045795
calce_CS2_34,0,-0.17864932965633595
calce_CS2_34,0,-0.17828453514192333
calce_CS2_34,0,-0.17801327180619197
calce_CS2_34,0,-0.17754617944006557
calce_CS2_34,0,-0.17750828080729075
calce_CS2_34,0,-0.1770008837974748
calce_CS2_34,0,-0.17720449206450417
calce_CS2_34,0,-0.17683668459745372
calce_CS2_34,0,-0.17121503221981438
calce_CS2_34,0,-0.17016667661412876
calce_CS2_34,0,-0.1690854221084256
calce_CS2_34,0,-0.16898853854849738
calce_CS2_34,0,-0.17238831371551477
calce_CS2_34,0,-0.17015106064964935
calce_CS2_34,0,-0.16648891854019576
calce_CS2_34,0,-0.16675188526560913
calce_CS2_34,0,-0.1650915995414748
calce_CS2_34,0,-0.16873409304974574
calce_CS2_34,0,-0.1680971066544532
calce_CS2_34,0,-0.16315434927459171
calce_CS2_34,0,-0.16278585990709893
calce_CS2_34,0,-0.16187274310206035
calce_CS2_34,0,-0.16517144455697297
calce_CS2_34,0,-0.16636413241447112
calce_CS2_34,0,-0.1613240662629195
calce_CS2_34,0,-0.1610994003035362
calce_CS2_34,0,-0.1605596794556443
calce_CS2_34,0,-0.1618121457509547
calce_CS2_34,0,-0.1642483024446838
calce_CS2_34,0,-0.15975199793672357
calce_CS2_34,0,-0.15880013762078216
calce_CS2_34,0,-0.1581914846322101
calce_CS2_34,0,-0.15764761930135052
calce_CS2_34,0,-0.16160575999171978
calce_CS2_34,0,-0.16223400467402793
calce_CS2_34,0,-0.1625712198952296
calce_CS2_34,0,-0.16280976886838516
calce_CS2_34,0,-0.16316548364425454
calce_CS2_34,0,-0.16307750359716133
calce_CS2_34,0,-0.16303981030437553
calce_CS2_34,0,-0.16298346473330672
calce_CS2_34,0,-0.1628621755036308
calce_CS2_34,0,-0.16298492580255153
calce_CS2_34,0,-0.1629996977704884
calce_CS2_34,0,-0.16290030843372239
calce_CS2_34,0,-0.1649215414346168
calce_CS2_34,0,-0.1644734786570684
calce_CS2_34,0,-0.1675979046074103
calce_CS2_34,0,-0.16466408951741673
calce_CS2_34,0,-0.16046533723563672
calce_CS2_34,0,-0.15925277696539875
calce_CS2_34,0,-0.15874674279629875
calce_CS2_34,0,-0.16208236818470034
calce_CS2_34,0,-0.16128731365300353
calce_CS2_34,0,-0.15603386132746233
calce_CS2_34,0,-0.15561166661548376
calce_CS2_34,0,-0.1550669710879351
calce_CS2_34,0,-0.15797906652852434
calce_CS2_34,0,-0.15909289029751494
calce_CS2_34,0,-0.15401006834683473
calce_CS2_34,0,-0.15318236849604194
calce_CS2_34,0,-0.15265016300222678
calce_CS2_34,0,-0.15279062100540275
calce_CS2_34,0,-0.15603216073675874
calce_CS2_34,0,-0.15247763529131275
calce_CS2_34,0,-0.15033374015458856
calce_CS2_34,0,-0.15032212901517594
calce_CS2_34,0,-0.14895282676791277
calce_CS2_34,1,-0.15318738718318337
calce_CS2_34,1,-0.15351923768534492
calce_CS2_34,1,-0.153739606680097
calce_CS2_34,1,-0.154084431490346
calce_CS2_34,1,-0.15473430169145475
calce_CS2_34,1,-0.15504580371789312
calce_CS2_34,1,-0.1551478270208656
calce_CS2_34,1,-0.15515980907206472
calce_CS2_34,1,-0.15515646572180997
calce_CS2_34,1,-0.15526549027755
calce_CS2_34,1,-0.15544079919712672
calce_CS2_34,1,-0.15529951225873395
calce_CS2_34,1,-0.1514570798110494
calce_CS2_34,1,-0.1473021809723234
calce_CS2_34,1,-0.14661562682024099
calce_CS2_34,1,-0.14526513965590837
calce_CS2_34,1,-0.14998260301144994
calce_CS2_34,1,-0.14998358618347896
calce_CS2_34,1,-0.1444250450313631
calce_CS2_34,1,0.03207593493059735
calce_CS2_34,1,-0.14491627613963798
calce_CS2_34,1,-0.14530388092584812
calce_CS2_34,1,-0.14912308578881395
calce_CS2_34,1,-0.14699513938969433
calce_CS2_34,1,-0.14372480908047036
calce_CS2_34,1,-0.14340765081326778
calce_CS2_34,1,-0.1425637466108296
calce_CS2_34,1,-0.15471780461650475
calce_CS2_34,1,-0.15519122199803792
calce_CS2_34,1,-0.15089284261427172
calce_CS2_34,1,-0.14941809305068776
calce_CS2_34,1,-0.14909334044560474
calce_CS2_34,1,-0.14809813159260632
calce_CS2_34,1,-0.14843336055363576
calce_CS2_34,1,-0.15069532441418076
calce_CS2_34,1,-0.1508086148728247
calce_CS2_34,1,-0.1506791371163444
calce_CS2_34,1,-0.15053618378103217
calce_CS2_34,1,-0.15272638881558476
calce_CS2_34,1,-0.1493727509513113
calce_CS2_34,1,-0.15025471782760158
calce_CS2_34,1,-0.14756401728313717
calce_CS2_34,1,-0.1459912231622228
calce_CS2_34,1,-0.14663138728145753
calce_CS2_34,1,-0.1466811281697048
calce_CS2_34,1,-0.14866277300534358
calce_CS2_34,1,-0.14834128148402637
calce_CS2_34,1,-0.14405139931693778
calce_CS2_34,1,-0.14411000172660837
calce_CS2_34,1,-0.14388837202310456
calce_CS2_34,1,-0.14503944083841036
calce_CS2_34,1,-0.14567689575617515
calce_CS2_34,1,-0.14172892398074954
calce_CS2_34,1,-0.14020222177373298
calce_CS2_34,1,-0.14036513606869272
calce_CS2_34,1,-0.13924904024930573
calce_CS2_34,1,-0.1424107297410011
calce_CS2_34,1,-0.14065927448274396
calce_CS2_34,1,-0.1378864500936452
calce_CS2_34,1,-0.13804252557431174
calce_CS2_34,1,-0.1384947342981956
calce_CS2_34,1,-0.14014833515617653
calce_CS2_34,1,-0.14105069411822557
calce_CS2_34,1,-0.1412041114776812
calce_CS2_34,1,-0.14101959019176058
calce_CS2_34,1,-0.14162349167289434
calce_CS2_34,1,-0.14192161612539278
calce_CS2_34,1,-0.14185405044960553
calce_CS2_34,1,-0.1417769578885456
calce_CS2_34,1,-0.1414328534494952
calce_CS2_34,1,-0.14127125283105635
calce_CS2_34,1,-0.14128761688043212
calce_CS2_34,1,-0.14107679097705117
calce_CS2_34,1,-0.1408187993757254
calce_CS2_34,1,-0.13477780481853918
calce_CS2_34,1,-0.1335835234719438
calce_CS2_34,1,-0.13345002728310795
calce_CS2_34,1,-0.1321183435478892
calce_CS2_34,1,-0.13550258943637916
calce_CS2_34,1,-0.13393594575808376
calce_CS2_34,1,-0.13055203604988974
calce_CS2_34,1,-0.13170101847217874
calce_CS2_34,1,-0.1308482254519614
calce_CS2_34,1,-0.1328833055851778
calce_CS2_34,1,-0.13386443643971913
calce_CS2_34,1,-0.12947295409084714
calce_CS2_34,1,-0.1296169514802301
calce_CS2_34,1,-0.12971380804238597
calce_CS2_34,1,-0.14381671658546358
calce_CS2_34,1,-0.1418864814420564
calce_CS2_34,1,-0.14388042105720178
calce_CS2_34,1,-0.14365505196009198
calce_CS2_34,1,-0.13714485587004
calce_CS2_34,1,-0.13632782024733237
calce_CS2_34,1,-0.1357690331772462
calce_CS2_34,1,-0.1357169479065058
calce_CS2_34,1,-0.1373931334355012
calce_CS2_34,1,-0.1372658810952203
calce_CS2_34,1,-0.13691397266537175
calce_CS2_34,1,-0.13679620689502991
calce_CS2_34,1,-0.13684984432080416
calce_CS2_34,1,-0.13615795676672193
calce_CS2_34,1,-0.13577260625724796
calce_CS2_34,1,-0.1351793726126006
calce_CS2_34,1,-0.13476017551718877
calce_CS2_34,1,-0.13445900123097876
calce_CS2_34,1,-0.13407226985484355
calce_CS2_34,1,-0.13371239784898792
calce_CS2_34,1,0.02864977904884669
calce_CS2_34,1,-0.12610053071695215
calce_CS2_34,1,-0.12626823431648515
calce_CS2_34,1,-0.12519660276556976
calce_CS2_34,1,-0.1274379875910594
calce_CS2_34,1,-0.12859214544195752
calce_CS2_34,1,-0.1231000653932448
calce_CS2_34,1,-0.12204155064911071
calce_CS2_34,1,-0.1213812683475951
calce_CS2_34,1,-0.12005463231183577
calce_CS2_34,1,-0.1246033760362042
calce_CS2_34,1,-0.12344985588173174
calce_CS2_34,1,-0.11929823225283676
calce_CS2_34,1,-0.11933460235227034
calce_CS2_34,1,-0.11822905471976719
calce_CS2_34,1,-0.12045079322596919
calce_CS2_34,1,-0.12242177621775474
calce_CS2_34,1,-0.1170246263763528
calce_CS2_34,1,-0.11580967081217874
calce_CS2_34,1,-0.11472544259880235
calce_CS2_34,1,-0.10808824345285595
calce_CS2_34,1,-0.11557752655978493
calce_CS2_34,1,-0.11650912193574159
calce_CS2_34,1,-0.10576899284927599
calce_CS2_34,1,-0.10414486557015312
calce_CS2_34,1,-0.10280992683017198
calce_CS2_34,1,-0.1054673981803329
calce_CS2_34,1,-0.11045883156608438
calce_CS2_34,1,-0.11153402753927633
calce_CS2_34,1,-0.1120677001127075
calce_CS2_34,1,-0.12785792330042478
calce_CS2_34,1,-0.12804160438096313
calce_CS2_34,1,-0.13228325727719714
calce_CS2_34,1,-0.12545277174783953
calce_CS2_34,1,-0.11934578008310837
calce_CS2_34,1,-0.11699287967734873
calce_CS2_34,1,-0.11347914617147736
calce_CS2_34,1,-0.11951493585012873
calce_CS2_34,1,-0.1205243641831828
calce_CS2_34,1,-0.1097443188370184
calce_CS2_34,1,-0.10738283235398272
calce_CS2_34,1,-0.10536001433626219
calce_CS2_34,1,-0.10195881306448773
calce_CS2_34,1,-0.10287661930154235
calce_CS2_34,1,-0.10883008487586132
calce_CS2_34,1,-0.10512759537082761
calce_CS2_34,1,-0.09908014199977278
calce_CS2_34,1,-0.09755489063587441
calce_CS2_34,1,-0.09562266534519304
calce_CS2_34,1,-0.10037189091888588
calce_CS2_34,1,-0.1031718207743455
calce_CS2_34,1,-0.09517612566660516
calce_CS2_34,1,-0.09326917762400677
calce_CS2_34,1,-0.09083061720644259
calce_CS2_34,1,-0.0888841045025468
calce_CS2_34,1,-0.09528012883171078
calce_CS2_34,1,-0.09480613916325187
calce_CS2_34,1,0.0890161842681243
calce_CS2_34,1,-0.0895421745277708
calce_CS2_34,1,-0.08912597934678423
calce_CS2_34,1,-0.08755134860990266
calce_CS2_34,1,-0.09265489323781073
calce_CS2_34,1,-0.09215270224254579
calce_CS2_34,1,-0.08694658465748462
calce_CS2_34,1,-0.08698154566116179
calce_CS2_34,1,-0.08610802566341025
calce_CS2_34,1,-0.08710858714074066
calce_CS2_34,1,-0.08967362225488074
calce_CS2_34,1,-0.0902509865399761
calce_CS2_34,1,-0.0902283721032725
calce_CS2_34,1,-0.09024983152740018
calce_CS2_34,1,-0.0904346222895801
calce_CS2_34,1,-0.09073243366176642
calce_CS2_34,1,-0.09056359373862843
calce_CS2_34,1,-0.09034258751891433
calce_CS2_34,1,-0.0898881462730724
calce_CS2_34,1,-0.08885132046946409
calce_CS2_34,1,-0.08795665577035006
calce_CS2_34,1,-0.0875277653288764
calce_CS2_34,1,-0.08682647043220793
calce_CS2_34,1,-0.07831136804805694
calce_CS2_34,1,-0.07709794101834011
calce_CS2_34,1,-0.07621834503854441
calce_CS2_34,1,-0.07533132229173078
calce_CS2_34,1,-0.07978724094553225
calce_CS2_34,1,-0.07770306528509197
calce_CS2_34,1,-0.07241996493592862
calce_CS2_34,1,-0.07179689055293847
calce_CS2_34,1,-0.07054513714555699
calce_CS2_34,1,0.10189324323365712
calce_CS2_34,1,-0.07485834578890749
calce_CS2_34,1,-0.11870715788348318
calce_CS2_34,1,-0.11497487930175154
calce_CS2_34,1,-0.11719648501518676
calce_CS2_34,1,-0.11722237210352338
calce_CS2_34,1,-0.11090872590119116
calce_CS2_34,1,-0.1070803473703168
calce_CS2_34,1,-0.10484825600959113
calce_CS2_34,1,-0.10258865681816132
calce_CS2_34,1,-0.10615971806579838
calce_CS2_34,1,-0.1045635169442144
calce_CS2_34,1,-0.09831824857801341
calce_CS2_34,1,0.40051806614394364
calce_CS2_34,1,-0.12696796686664313
calce_CS2_34,1,-0.10888011892273253
calce_CS2_34,1,-0.10488260770016133
calce_CS2_34,1,-0.10732596900708435
calce_CS2_34,1,-0.09541103148342844
calce_CS2_34,1,-0.08458832778722702
calce_CS2_34,1,-0.07828308155512187
calce_CS2_34,1,-0.07396473677898252
calce_CS2_34,1,-0.07998911874328973
calce_CS2_34,1,-0.0818878078676305
calce_CS2_34,1,-0.06830109041231003
calce_CS2_34,1,-0.06430607412557177
calce_CS2_34,1,-0.06068074259864897
calce_CS2_34,1,0.12275717484011184
calce_CS2_34,1,-0.06326310668593516
calce_CS2_34,1,-0.06617319873099792
calce_CS2_34,1,-0.05407651301779348
calce_CS2_34,1,-0.051142120756085374
calce_CS2_34,1,-0.04873434802553023
calce_CS2_34,1,-0.04461953000969865
calce_CS2_34,1,-0.04143003642072263
calce_CS2_34,1,-0.03904835294644715
calce_CS2_34,1,-0.03687276064850342
calce_CS2_34,1,-0.03740243785405595
calce_CS2_34,1,-0.04288473645707902
calce_CS2_34,1,-0.041639537075027544
calce_CS2_34,1,-0.041157413261346254
calce_CS2_34,1,-0.041091365055353046
calce_CS2_34,1,-0.04078502077678159
calce_CS2_34,1,-0.04028347036870861
calce_CS2_34,1,-0.03979963141913512
calce_CS2_34,1,-0.0384845352631914
calce_CS2_34,1,-0.036984958854942906
calce_CS2_34,1,-0.035800844912124874
calce_CS2_34,1,-0.034727779049407825
calce_CS2_34,1,-0.03380654721789178
calce_CS2_34,1,-0.033423071547295735
calce_CS2_34,1,-0.03240149660659353
calce_CS2_34,1,-0.03129478909727634
calce_CS2_34,1,-0.030141886444932764
calce_CS2_34,1,-0.029372490520271688
calce_CS2_34,1,-0.030392080522428255
calce_CS2_34,1,-0.031181907619154736
calce_CS2_34,1,-0.028564156425937237
calce_CS2_34,1,-0.026707998117198706
calce_CS2_34,1,-0.025272553448323243
calce_CS2_34,1,-0.02553586774820893
calce_CS2_34,1,-0.026067784926765536
calce_CS2_34,1,-0.026289198481892928
calce_CS2_34,1,-0.023548259060313215
calce_CS2_34,1,-0.045451474311402174
calce_CS2_34,1,-0.03674531021373284
calce_CS2_34,1,-0.031185585514591718
calce_CS2_34,1,-0.026854568142970714
calce_CS2_34,1,-0.023017293956540508
calce_CS2_34,1,-0.02274421460807685
calce_CS2_34,1,-0.02119224285013821
calce_CS2_34,1,-0.017656056116709617
calce_CS2_34,1,-0.014857541964510057
calce_CS2_34,1,-0.010079644981893288
calce_CS2_34,1,-0.007496797159164181
calce_CS2_34,1,-0.008271979075249791
calce_CS2_34,1,-0.006638716286739399
calce_CS2_34,1,-0.00414489183243949
calce_CS2_34,1,-0.002007099340080143
calce_CS2_34,1,-0.0002493658164725021
calce_CS2_34,1,0.001088744910056949
calce_CS2_34,1,0.001882702313767859
calce_CS2_34,1,0.0017760323077594675
calce_CS2_34,1,0.002771444906457532
calce_CS2_34,1,0.0032485659895026275
calce_CS2_34,1,0.004161843831905543
calce_CS2_34,1,0.004832320893999542
calce_CS2_34,1,0.005822474721746795
calce_CS2_34,1,0.006625279576550569
calce_CS2_34,1,0.007378598255551538
calce_CS2_34,1,0.008779093191361165
calce_CS2_34,1,0.009915948628914983
calce_CS2_34,1,0.011143540382682948
calce_CS2_34,1,0.00257096813538793
calce_CS2_34,1,-0.0016241524888762626
calce_CS2_34,1,0.00656247428307799
calce_CS2_34,1,0.008911862862004072
calce_CS2_34,1,0.012681684753672151
calce_CS2_34,1,0.014227879247163067
calce_CS2_34,1,0.014127437412966515
calce_CS2_34,1,0.01350989525585855
calce_CS2_34,1,0.014086216904709903
calce_CS2_34,1,0.017234155909305215
calce_CS2_34,1,0.018773698169460173
calce_CS2_34,1,0.019968493981071367
calce_CS2_34,1,0.020319584474566832
calce_CS2_34,1,0.01631161043920526
calce_CS2_34,1,0.01882791869667133
calce_CS2_34,1,0.022396387312319188
calce_CS2_34,1,0.025890927584122037
calce_CS2_34,1,0.028226123238341172
calce_CS2_34,1,0.029625376287304106
calce_CS2_34,1,0.028156485172770696
calce_CS2_34,1,0.027435420816019462
calce_CS2_34,1,-0.01781619001788448
calce_CS2_34,1,-0.009424800410607448
calce_CS2_34,1,-0.0031530284545537857
calce_CS2_34,1,0.001688622450870203
calce_CS2_34,1,0.005333509013753179
calce_CS2_34,1,0.006594624637206614
calce_CS2_34,1,0.009618766139861346
calce_CS2_34,1,0.010452518269190358
calce_CS2_34,1,0.016702707423101426
calce_CS2_34,1,0.018860427502465194
calce_CS2_34,1,0.019278448038982043
calce_CS2_34,1,0.019878502269896514
calce_CS2_34,1,0.019246173137346445
calce_CS2_34,1,0.022483836951417202
calce_CS2_34,1,0.02484662502909274
calce_CS2_34,1,0.028133580760768995
calce_CS2_34,1,0.03207801843274383
calce_CS2_34,1,0.032976844955001194
calce_CS2_34,1,0.035168755302092736
calce_CS2_34,1,0.0368240354757412
calce_CS2_34,1,0.002228690158136981
calce_CS2_34,1,0.010221893964894702
calce_CS2_34,1,0.01693362319693903
calce_CS2_34,1,0.021746967506645176
calce_CS2_34,1,0.025909358650482495
calce_CS2_34,1,0.029441777034906136
calce_CS2_34,1,0.029493483558630906
calce_CS2_34,1,0.030858186706921753
calce_CS2_34,1,0.034923223599478526
calce_CS2_34,1,0.03751252288778584
calce_CS2_34,1,0.03951207412635194
calce_CS2_34,1,0.041530071378658606
calce_CS2_34,1,0.040471539930457046
calce_CS2_34,1,0.03917028089738839
calce_CS2_34,1,0.04310110396648503
calce_CS2_34,1,0.04719601264141793
calce_CS2_34,1,0.049298782074836955
calce_CS2_34,1,0.0514321084105962
calce_CS2_34,1,0.050732821637837655
calce_CS2_34,1,0.05547830047707969
calce_CS2_34,1,0.05843102177981552
calce_CS2_34,1,0.061018571279760514
calce_CS2_34,1,0.06265356179212345
calce_CS2_34,1,0.06444120496505701
calce_CS2_34,1,0.06486028619480055
calce_CS2_34,1,0.06330928113941725
calce_CS2_34,1,0.06297178943394077
calce_CS2_34,1,0.06683139014521722
calce_CS2_34,1,0.06966171885064243
calce_CS2_34,1,0.07121156886909397
calce_CS2_34,1,0.07265973022806238
calce_CS2_34,1,0.07411166219122989
calce_CS2_34,1,0.0752547257241214
calce_CS2_34,1,0.07625546347686818
calce_CS2_34,1,0.0775933987284646
calce_CS2_34,1,0.07914542152854132
calce_CS2_34,1,0.08065532692020783
calce_CS2_34,1,0.08161448338842703
calce_CS2_34,1,0.08141173513358835
calce_CS2_34,1,0.08104416620201482
calce_CS2_34,1,0.08374155367076175
calce_CS2_34,1,0.08544262153848314
calce_CS2_34,1,0.08485077739451286
calce_CS2_34,1,0.08531835424515277
calce_CS2_34,1,0.08219096182493368
calce_CS2_34,1,0.08092941338907189
calce_CS2_34,1,0.08448047796560954
calce_CS2_34,1,0.08611542115017767
calce_CS2_34,1,0.08929856957515125
calce_CS2_34,1,0.09035226625608705
calce_CS2_34,1,0.0458641084626904
calce_CS2_34,1,0.059006416113554394
calce_CS2_34,1,0.06533306012351103
calce_CS2_34,1,0.0708582242913941
calce_CS2_34,1,0.07560123172161204
calce_CS2_34,1,0.07892463820718687
calce_CS2_34,1,0.07903217968258314
calce_CS2_34,1,0.08299125073984981
calce_CS2_34,1,0.08724345273318912
calce_CS2_34,1,0.09038138949814878
calce_CS2_34,1,0.09306262870800763
calce_CS2_34,1,0.09526881137166121
calce_CS2_34,1,0.09677641226173561
calce_CS2_34,1,0.0942750281300142
calce_CS2_34,1,0.09881639116335561
calce_CS2_34,1,0.10064583367407398
calce_CS2_34,1,0.10250009880725552
calce_CS2_34,1,0.10387861141863786
calce_CS2_34,1,0.10393922974254877
calce_CS2_34,1,0.1025354527710487
calce_CS2_34,1,0.10272124989700693
calce_CS2_34,1,0.10352333931576674
calce_CS2_34,1,0.10426978060791137
calce_CS2_34,1,0.10511051449807196
calce_CS2_34,1,0.10324136879226742
calce_CS2_34,1,0.10185358185098847
calce_CS2_34,1,0.10081625894436841
calce_CS2_34,1,0.10417230854765014
calce_CS2_34,1,0.10594178593817671
calce_CS2_34,1,0.10901938056822946
calce_CS2_34,1,0.10951931364276202
calce_CS2_34,1,0.10683574163987952
calce_CS2_34,1,0.10653053341719065
calce_CS2_34,1,0.10918641321039324
calce_CS2_34,1,0.11082234572184924
calce_CS2_34,1,0.1185411577506128
calce_CS2_34,1,0.12021861269264766
calce_CS2_34,1,0.1188331232148453
calce_CS2_34,1,0.11481698893445758
calce_CS2_34,1,0.11426888267792557
calce_CS2_34,1,0.11975624582629085
calce_CS2_34,1,0.12031305445751828
calce_CS2_34,1,0.1226716680215153
calce_CS2_34,1,0.12379507506521581
calce_CS2_34,1,0.11986759716445483
calce_CS2_34,1,0.12107033572247317
calce_CS2_34,1,0.1231480916578579
calce_CS2_34,1,0.12533324313365912
calce_CS2_34,1,0.12752082213159488
calce_CS2_34,1,0.13022893291230964
calce_CS2_34,1,0.1099846069162419
calce_CS2_34,1,0.1213391813588931
calce_CS2_34,1,0.1265061566009098
calce_CS2_34,1,0.13017578207377634
calce_CS2_34,1,0.13297026813342305
calce_CS2_34,1,0.13517664708202126
calce_CS2_34,1,0.1371266550940976
calce_CS2_34,1,0.13998492437676513
calce_CS2_34,1,0.14489157152995924
calce_CS2_34,1,0.14821152981218255
calce_CS2_34,1,0.14980084695635543
calce_CS2_34,1,0.15133303253416097
calce_CS2_34,1,0.1504196325213396
calce_CS2_34,1,0.1505966149719652
calce_CS2_34,1,0.15194914681171856
calce_CS2_34,1,0.36887003749766084
calce_CS2_34,1,0.15973631377550646
calce_CS2_34,1,0.15979823977770935
calce_CS2_34,1,0.15784412441313556
calce_CS2_34,1,0.15621127346683195
calce_CS2_34,1,0.15655489806042233
calce_CS2_34,1,0.1634433461996735
calce_CS2_34,1,0.16601174166297816
calce_CS2_34,1,0.1697806775748395
calce_CS2_34,1,0.1689991258857444
calce_CS2_34,1,0.16959667294178604
calce_CS2_34,1,0.17019610741738833
calce_CS2_34,1,0.17112115077133427
calce_CS2_34,1,0.17655100903231513
calce_CS2_34,1,0.17912866819666307
calce_CS2_34,1,0.18253205348377477
calce_CS2_34,1,0.1854965266082299
calce_CS2_34,1,0.18389251093754422
calce_CS2_34,1,0.18214140208662266
calce_CS2_34,1,0.18308300053193305
calce_CS2_34,1,0.18918855206939456
calce_CS2_34,1,0.1896476026687277
calce_CS2_34,1,0.19650147978149346
calce_CS2_34,1,0.19896813479069897
calce_CS2_34,1,0.20217181234255088
calce_CS2_34,1,0.19968783366141085
calce_CS2_34,1,0.2031557477012702
calce_CS2_34,1,0.1816072523052491
calce_CS2_34,1,0.20982000650221988
calce_CS2_34,1,0.21809292359929044
calce_CS2_34,1,0.22407883510593596
calce_CS2_34,1,0.22803463376084854
calce_CS2_34,1,0.23250758138800676
calce_CS2_34,1,0.4513774739693762
calce_CS2_34,1,0.22883461381014614
calce_CS2_34,1,0.23205323407251166
calce_CS2_34,1,0.2395779734996234
calce_CS2_34,1,0.2440255181300669
calce_CS2_34,1,0.24616888747181054
calce_CS2_34,1,0.2484080312117497
calce_CS2_34,1,0.24549612793647668
calce_CS2_34,1,0.46588281161378553
calce_CS2_34,1,0.2446165773601694
calce_CS2_34,1,0.2460035239839542
calce_CS2_34,1,0.2475323426995789
calce_CS2_34,1,0.24819858324334987
calce_CS2_34,1,0.2511491439612439
calce_CS2_34,1,0.251826684005509
calce_CS2_34,1,0.2455198102531404
calce_CS2_34,1,0.24631263310193718
calce_CS2_34,1,0.2511551610777756
calce_CS2_34,1,0.25602324222284645
calce_CS2_34,1,0.2586536624525382
calce_CS2_34,1,0.2695946052086249
calce_CS2_34,1,0.27415468610497595
calce_CS2_34,1,0.5055945343780368
calce_CS2_34,1,0.27203223941681876
calce_CS2_34,1,0.2729488577124335
calce_CS2_34,1,0.2686894317165912
calce_CS2_34,1,0.27899387876807935
calce_CS2_34,1,0.2874100265772329
calce_CS2_34,1,0.29188514987383896
calce_CS2_34,1,0.2959196715961945
calce_CS2_34,1,0.29532686135890074
calce_CS2_34,1,0.2854859054602421
calce_CS2_34,1,0.28816719742555785
calce_CS2_34,1,0.29093066562797076
calce_CS2_34,1,0.2955108778947233
calce_CS2_34,1,0.30546323364344796
calce_CS2_34,1,0.31030491238448793
calce_CS2_34,1,0.31258644936002217
calce_CS2_34,1,0.31172627404158276
calce_CS2_34,1,0.31126133798145766
calce_CS2_34,1,0.31634245526056914
calce_CS2_34,1,0.31941629513258984
calce_CS2_34,1,0.32433103339938846
calce_CS2_34,1,0.32662614544559687
calce_CS2_34,1,-0.25859964780682176
calce_CS2_34,1,-0.2574419867353097
calce_CS2_34,1,-0.25643906240772485
calce_CS2_34,1,-0.2551652602840475
calce_CS2_34,1,-0.2545456790386571
calce_CS2_34,1,-0.25276484000447885
calce_CS2_34,1,-0.24834898868493305
calce_CS2_34,1,-0.24639121229161165
calce_CS2_34,1,-0.2446663354040275
calce_CS2_34,1,-0.24552517563356657
calce_CS2_34,1,-0.24532968307395753
calce_CS2_34,1,-0.24459668468129414
calce_CS2_34,1,-0.24390203204039107
calce_CS2_34,1,-0.24318072854265038
calce_CS2_34,1,-0.2424077300955343
calce_CS2_34,1,-0.24163238348490945
calce_CS2_34,1,-0.11480270496898393
calce_CS2_34,1,-0.2405613105963158
calce_CS2_34,1,-0.23984562504443252
calce_CS2_34,1,-0.23907682761121873
calce_CS2_34,1,-0.2383715993532194
calce_CS2_34,1,-0.23441338305794246
calce_CS2_34,1,-0.2322606262535225
calce_CS2_34,1,-0.230912588100743
calce_CS2_34,1,-0.23054810730123276
calce_CS2_34,1,-0.2325478316512748
calce_CS2_34,1,-0.2305054269814828
calce_CS2_34,1,-0.22737093061007707
calce_CS2_34,1,-0.22640736355207336
calce_CS2_34,1,-0.22571600717424456
calce_CS2_34,1,-0.22835558132138578
calce_CS2_34,1,-0.22680970884791818
calce_CS2_34,1,-0.22339965588213762
calce_CS2_34,1,-0.22298100944321786
calce_CS2_34,1,-0.22183269126527816
calce_CS2_34,1,-0.22439114021317974
calce_CS2_34,1,-0.22405613496790933
calce_CS2_34,1,-0.22064662878096586
calce_CS2_34,1,-0.2199566182885595
calce_CS2_34,1,-0.21897893437964555
calce_CS2_34,1,-0.08817629818689798
calce_CS2_34,1,-0.22188538091738352
calce_CS2_34,1,-0.218045685190275
calce_CS2_34,1,-0.21694721115605442
calce_CS2_34,1,-0.21607641760609297
calce_CS2_34,1,-0.21694862225212908
calce_CS2_34,1,-0.21859411253037875
calce_CS2_34,1,-0.21877312497717294
calce_CS2_34,1,-0.21879407796131578
calce_CS2_34,1,-0.21893196228708312
calce_CS2_34,1,-0.2189332052561681
calce_CS2_34,1,-0.2186928343385608
calce_CS2_34,1,-0.21852454928489107
calce_CS2_34,1,-0.20632381498165886
calce_CS2_34,1,-0.20833075800923306
calce_CS2_34,1,-0.20894350834041475
calce_CS2_34,1,-0.20404984536316295
calce_CS2_34,1,-0.20443237067066033
calce_CS2_34,1,-0.20359741133619713
calce_CS2_34,1,-0.2037572972941588
calce_CS2_34,1,-0.20590681147744805
calce_CS2_34,1,-0.20190150042382227
calce_CS2_34,1,-0.20083109534256205
calce_CS2_34,1,-0.19994841999673718
calce_CS2_34,1,-0.19891597818903073
calce_CS2_34,1,-0.20189351459808424
calce_CS2_34,1,-0.20048674216088558
calce_CS2_34,1,-0.19709961366590112
calce_CS2_34,1,-0.1972712925954896
calce_CS2_34,1,-0.19618434302351673
calce_CS2_34,1,-0.19874331770368814
calce_CS2_34,1,-0.1994134498981568
calce_CS2_34,1,-0.1995876525717616
calce_CS2_34,1,-0.19954182942607135
calce_CS2_34,1,-0.19938977624978316
calce_CS2_34,1,-0.1994136139091064
calce_CS2_34,1,-0.19911965592000636
calce_CS2_34,1,-0.07382470150762266
calce_CS2_34,1,-0.19910126821705276
calce_CS2_34,1,-0.1987871825765235
calce_CS2_34,1,-0.19867535513420032
calce_CS2_34,1,-0.1989303334996938
calce_CS2_34,1,-0.19753145646135795
calce_CS2_34,1,-0.19309236636865235
calce_CS2_34,1,-0.1924009970092906
calce_CS2_34,1,-0.19137673823525836
calce_CS2_34,1,-0.19349484152495133
calce_CS2_34,1,-0.19455888648752195
calce_CS2_34,1,-0.18975369474187598
calce_CS2_34,1,-0.18962344256155594
calce_CS2_34,1,-0.1890423223683667
calce_CS2_34,1,-0.18871583273742631
calce_CS2_34,1,-0.19146240815388393
calce_CS2_34,1,-0.18859466225684673
calce_CS2_34,1,-0.18702238538967475
calce_CS2_34,1,-0.1873383259176855
calce_CS2_34,1,-0.18642016630285374
calce_CS2_34,1,-0.18912449058067415
calce_CS2_34,1,-0.1887183321264908
calce_CS2_34,1,-0.18518705635249277
calce_CS2_34,1,-0.050906017869052245
calce_CS2_34,1,-0.1856668841370711
calce_CS2_34,1,-0.1861499759313423
calce_CS2_34,1,-0.2281386905823044
calce_CS2_34,1,-0.2278093631157312
calce_CS2_34,1,-0.22749569796414604
calce_CS2_34,1,-0.22345540104392825
calce_CS2_34,1,-0.22167973310366818
calce_CS2_34,1,-0.2203215257624631
calce_CS2_34,1,-0.21775133313938455
calce_CS2_34,1,-0.21761155623472295
calce_CS2_34,1,-0.21471939258782946
calce_CS2_34,1,-0.21381588584588518
calce_CS2_34,1,-0.21287915562042103
calce_CS2_34,1,-0.2113552243179051
calce_CS2_34,1,-0.21159137260720207
calce_CS2_34,1,-0.21025159803163995
calce_CS2_34,1,-0.2088000936214207
calce_CS2_34,1,-0.2083448928758196
calce_CS2_34,1,-0.20719164478432628
calce_CS2_34,1,-0.20790108848451805
calce_CS2_34,1,-0.2071888597516367
calce_CS2_34,1,-0.20662569441806666
calce_CS2_34,1,-0.2062238473432576
calce_CS2_34,1,-0.20577764225127493
calce_CS2_34,1,-0.20518297777139805
calce_CS2_34,1,-0.20437044618035394
calce_CS2_34,1,-0.2038680262695476
calce_CS2_34,1,-0.20342224991031155
calce_CS2_34,1,-0.20315418630318471
calce_CS2_34,1,-0.20239318079158286
calce_CS2_34,1,-0.201892258041537
calce_CS2_34,1,-0.19891224804724916
calce_CS2_34,1,-0.19773303835988998
calce_CS2_34,1,-0.19698580959523193
calce_CS2_34,1,-0.206115566916669
calce_CS2_34,1,-0.20526561598369364
calce_CS2_34,1,-0.20683789324011692
calce_CS2_34,1,-0.20556213308865523
calce_CS2_34,1,-0.017723700504526763
