source,target,H,feature_set,model,seed,raw_AUC,raw_Brier,raw_ECE10,raw_LogLoss,raw_PRAUC,raw_SensAtFPR10,raw_CalSlope,raw_CalIntercept,raw_AUC_lo,raw_AUC_hi,raw_AUC_percell_mean,raw_AUC_percell_std,raw_n_cells_valid,iso_AUC,iso_Brier,iso_ECE10,iso_LogLoss,iso_PRAUC,iso_SensAtFPR10,iso_CalSlope,iso_CalIntercept,iso_AUC_lo,iso_AUC_hi,iso_AUC_percell_mean,iso_AUC_percell_std,iso_n_cells_valid,platt_AUC,platt_Brier,platt_ECE10,platt_LogLoss,platt_PRAUC,platt_SensAtFPR10,platt_CalSlope,platt_CalIntercept,platt_AUC_lo,platt_AUC_hi,platt_AUC_percell_mean,platt_AUC_percell_std,platt_n_cells_valid,temp_AUC,temp_Brier,temp_ECE10,temp_LogLoss,temp_PRAUC,temp_SensAtFPR10,temp_CalSlope,temp_CalIntercept,temp_AUC_lo,temp_AUC_hi,temp_AUC_percell_mean,temp_AUC_percell_std,temp_n_cells_valid
nasa,oxford,10,common_with_soh,gru,42,0.03775456228510976,0.7027278273109714,0.7018196975101124,3.1915241109430643,0.15668416464469648,0.0,-5.839295502508834,19.80860358796497,0.010695187165775402,0.056777207861459546,0.06785714285714287,0.14842808255721013,5,0.05058185665167945,0.7221567738798272,0.719869720285589,8.936522944482174,0.1568800966840257,0.0,-0.5714371502457173,3.5920968685576105,,,0.17619047619047618,0.2496667279728906,5,0.03775456228510976,0.6086307613374536,0.6358224961975446,1.814028756872893,0.15668416464469648,0.0,-40.41431820894162,92.12010153717695,0.010695187165775402,0.056777207861459546,0.06785714285714287,0.14842808255721013,5,0.03775456228510976,0.6227436403189501,0.6308276696903343,1.939641291568109,0.15668416464469648,0.0,-10.035923426186985,19.78150020371127,,,0.06785714285714287,0.14842808255721013,5
nasa,oxford,10,common_with_soh,gru,1,0.10043639248875959,0.7001142272800016,0.7055447686802258,2.99289546225927,0.17458568210776396,0.013157894736842105,-7.355260613100487,28.04384288878132,0.04059454191033138,0.18006993006993005,0.238989898989899,0.4264731287636157,5,0.5,0.7236363636363636,0.7236363636363636,9.997406098288021,0.27636363636363637,0.0,-0.0693101170803827,-0.0050168339304807325,,,0.5,0.0,5,0.10043639248875959,0.47362521865040985,0.5215289842823922,1.2246094672911179,0.17458568210776396,0.013157894736842105,-90.22505624770045,122.45519186590492,0.04059454191033138,0.18006993006993005,0.238989898989899,0.4264731287636157,5,0.10043639248875959,0.5726375429900905,0.6048121841931123,1.6120665683184972,0.17458568210776396,0.013157894736842105,-14.729003254039979,28.044014334019455,,,0.238989898989899,0.4264731287636157,5
nasa,oxford,10,common_with_soh,gru,7,0.6005686326368685,0.6739742605978,0.6942181062698365,3.0971840896623526,0.3278136838655345,0.013157894736842105,2.246484152851511,-11.601514766305323,0.48679867986798675,0.7113867893526126,0.6611495784916837,0.17276197548593963,5,0.5301507537688442,0.6959090881448852,0.7014964957670732,9.44802553690333,0.2889733840304182,0.21052631578947367,0.7116733775196309,-10.732507482042582,,,0.5303986291486291,0.007013393170131148,5,0.6005686326368685,0.5512165630107927,0.5980074540797621,1.5419239314915596,0.3278136838655345,0.013157894736842105,38.2119945029786,-81.01521693935238,0.48679867986798675,0.7113867893526126,0.6611495784916837,0.17276197548593963,5,0.6005686326368685,0.5935615438855896,0.6355842343195212,1.8598380695177388,0.3278136838655345,0.013157894736842105,3.884611335186462,-11.545464760050907,,,0.6611495784916837,0.17276197548593963,5
nasa,oxford,20,common_with_soh,gru,42,0.03881248346998148,0.7215093258658118,0.722074432589791,4.7470692075879874,0.21777503358506092,0.0,-26.523515899541422,167.425962315669,0.026949317738791414,0.04600389863547755,0.025537518037518046,0.003509593030903712,5,0.5,0.7236363636363636,0.7236363636363636,9.997406098288021,0.27636363636363637,0.0,-0.0693101170803827,-0.0050168339304807325,,,0.5,0.0,5,0.03881248346998148,0.6769813215424494,0.6906310508662665,2.4780282587286098,0.21777503358506092,0.0,-0.26218826081445623,-0.07750215218764443,0.026949317738791414,0.04600389863547755,0.025537518037518046,0.003509593030903712,5,0.03881248346998148,0.6616062381084831,0.6780426795907248,2.2748486133352994,0.21777503358506092,0.0,-56.47594161627125,167.38653141845936,,,0.025537518037518046,0.003509593030903712,5
nasa,oxford,20,common_with_soh,gru,1,0.19842634223750333,0.6535774946870009,0.6721732475540855,2.4261292915999806,0.1920389922085885,0.013157894736842105,-0.017187524398663483,-0.9066762058947734,0.15648148148148144,0.26470588235294124,0.32802669552669556,0.37617409633874893,5,0.3109957683152605,0.5428444350188811,0.5311131354895506,4.776058120823326,0.24368229833028152,0.013157894736842105,-0.3006717294069245,-0.1494325567565567,,,0.38565320498215233,0.23759742345419954,5,0.19842634223750333,0.4286602042147667,0.4792698372415865,1.100469255439017,0.1920389922085885,0.013157894736842105,1.3777490627862439,-2.5651773735345547,0.15648148148148144,0.26470588235294124,0.32802669552669556,0.37617409633874893,5,0.19842634223750333,0.4139071797566118,0.4615486484870088,1.0617571589093597,0.1920389922085885,0.013157894736842105,-0.054316851584486035,-0.9061338552500252,,,0.32802669552669556,0.37617409633874893,5
nasa,oxford,20,common_with_soh,gru,7,0.19217799523935464,0.5566036826024494,0.5943241856314919,1.630749816516844,0.1824060432957429,0.0,7.585503374296282,-18.295260170344946,0.16378264310208387,0.21907883387959287,0.23435786435786438,0.14961819681362692,5,0.5380521026183549,0.4840243046548308,0.5331360723755577,1.2750792912976285,0.29251259756155723,0.0,12.607061832438989,-20.643989709509555,,,0.4509810511126301,0.1503050939006873,5,0.19217799523935464,0.5217490212688519,0.5676521846307512,1.4419123025194085,0.1824060432957429,0.0,27.002837656937263,-53.2019758738307,0.16378264310208387,0.21907883387959287,0.23435786435786438,0.14961819681362692,5,0.19217799523935464,0.3851395022892725,0.4353132794288134,0.9904968426942404,0.1824060432957429,0.0,21.124102594206132,-22.27399446544308,,,0.23435786435786438,0.14961819681362692,5
nasa,oxford,30,common_with_soh,gru,42,0.9885281671515473,0.7222189123163344,0.7226725129647689,5.01607725100452,0.9699850656081672,1.0,2032.8432841176555,-14204.675330229218,0.9821238129094509,1.0,1.0,0.0,5,0.5,0.7236363636363636,0.7236363636363636,9.997406098288021,0.27636363636363637,0.0,-0.0693101170803827,-0.0050168339304807325,,,0.5,0.0,5,0.9885281671515473,0.5186788225298754,0.5645360881789011,1.3780589278579276,0.9699850656081672,1.0,-0.42479525571421545,-0.2552797641522694,0.9821238129094509,1.0,1.0,0.0,5,0.9885281671515473,0.5512513365650337,0.5932845400622153,1.5099552043472382,0.9699850656081672,1.0,4045.36643581301,-7723.202282361147,,,1.0,0.0,5
nasa,oxford,30,common_with_soh,gru,1,0.2882835228775456,0.3977398399522037,0.4311547036604447,1.0458322083650182,0.1998096634546328,0.0,0.3227198219203293,-1.2763133837134215,0.2534496753246753,0.3227513227513228,0.2896890331890332,0.04917468822790053,5,0.3060698227982015,0.3880897512138773,0.44181200027465817,0.9988051422449346,0.2007482387666793,0.013157894736842105,2.4353984237272317,-3.372975669812213,,,0.3636771284271284,0.19242527684640673,5,0.2882835228775456,0.3167769130365328,0.3434487092018011,0.833448770376243,0.1998096634546328,0.0,0.800087776888875,-1.3914091125648265,0.2534496753246753,0.3227513227513228,0.2896890331890332,0.04917468822790053,5,0.2882835228775456,0.2709913691977981,0.2710712844275376,0.7352096504740464,0.1998096634546328,0.0,1.5204845428214007,-1.2758792147906433,,,0.2896890331890332,0.04917468822790053,5
nasa,oxford,30,common_with_soh,gru,7,0.9820153398571807,0.1648584816498477,0.13382432336876676,0.4798020330964818,0.9583222079276739,0.9210526315789473,27.488242540444432,27.567809094949855,0.9717637499365193,0.9985346643465518,1.0,0.0,5,0.48875958741073794,0.3423648360891996,0.37427638836205007,0.8811798571002296,0.2776861263370763,0.039473684210526314,158.66715137919468,-117.08686324702349,,,0.4580503341687553,0.06700924441127752,5,0.9820153398571807,0.1900289141358541,0.29749143599535477,0.5682174176809733,0.9583222079276739,0.9210526315789473,78.24559530672393,34.61429087078462,0.9717637499365193,0.9985346643465518,1.0,0.0,5,0.9820153398571807,0.2041832411530433,0.14693405892510875,0.5979464476977098,0.9583222079276739,0.9210526315789473,147.69223941498532,27.484821467362277,,,1.0,0.0,5
nasa,oxford,50,common_with_soh,gru,42,0.3514943136736313,0.7111269673947566,0.7137157932194796,3.725903142222047,0.21501158078188612,0.0,-28.390199218794308,122.56219071304425,0.2662297128589264,0.4412540584415585,0.3422366522366523,0.12140089145458798,5,0.35675085956096275,0.5301220524402037,0.5409685759110885,3.822743409176986,0.26278051197267144,0.0,-0.8421684783596002,0.3962136178865103,,,0.35589251537935745,0.03773634842915847,5,0.3514943136736313,0.47187822373980776,0.5208178340444022,1.219170169235289,0.21501158078188612,0.0,-877.6795270513451,1194.829239995631,0.2662297128589264,0.4412540584415585,0.3422366522366523,0.12140089145458798,5,0.3514943136736313,0.3903938577934792,0.4219119893461606,0.9998328525352416,0.21501158078188612,0.0,-164.24680049692137,122.03136902638781,,,0.3422366522366523,0.12140089145458798,5
nasa,oxford,50,common_with_soh,gru,1,0.7429251520761704,0.4163946913557997,0.4893215207620101,1.1313666592831684,0.38970538553607975,0.02631578947368421,1.8679496402639966,-3.9939576535449994,0.5181467181467182,0.8817610869007947,0.7634569757727652,0.26300256527598276,5,0.5619545093890506,0.33556409074992694,0.3707359515536916,0.8701712816256953,0.31447625391108425,0.10526315789473684,29.179043673941187,-19.021849161622782,,,0.4709361471861472,0.2026521360281041,5,0.7429251520761704,0.28799133226044016,0.3211029934283268,0.7705929326009998,0.38970538553607975,0.02631578947368421,10.97285995639474,-6.267589841017287,0.5181467181467182,0.8817610869007947,0.7634569757727652,0.26300256527598276,5,0.7429251520761704,0.25714323161649666,0.25216131585472634,0.7074530327259584,0.38970538553607975,0.02631578947368421,21.679714641434614,-3.9947955822357444,,,0.7634569757727652,0.26300256527598276,5
nasa,oxford,50,common_with_soh,gru,7,0.9801639777836552,0.13754283323039815,0.20499039053239607,0.4097125716860588,0.9548310486319842,0.9210526315789473,13.032176920558173,10.351778903409029,0.9694719471947195,0.9968741225303681,0.9888888888888889,0.024845199749997673,5,0.6552829939169532,0.44345059580634566,0.4934205373850735,1.135141419421477,0.3824789407891901,0.02631578947368421,-0.4728858567521734,-0.39175616216387005,,,0.66574008885851,0.12782361374816945,5,0.9801639777836552,0.2115529310928039,0.37410707382832376,0.615729539936079,0.9548310486319842,0.9210526315789473,44.384531531143914,-0.7938904876924561,0.9694719471947195,0.9968741225303681,0.9888888888888889,0.024845199749997673,5,0.9801639777836552,0.2017374849290961,0.15538012395162945,0.594950733629167,0.9548310486319842,0.9210526315789473,73.87084143367402,10.355642618476105,,,0.9888888888888889,0.024845199749997673,5
nasa,oxford,10,common_no_soh,gru,42,0.12291721766728378,0.6691221474831088,0.6273289979587902,3.5310428343814193,0.16977453315248836,0.0,-1.313811898380048,2.1196811935202877,0.013420724094881403,0.23888156159324717,0.10769921014657857,0.14261586882758695,5,0.20100502512562812,0.5824019040201642,0.49040753256190905,6.429673752661935,0.28044280442804426,0.0,-0.8825004410843926,0.2684926242823166,,,0.19683261183261186,0.03768835177166378,5,0.12291721766728378,0.34347536151832636,0.4480122885941197,0.8863286071368801,0.16977453315248836,0.0,-6.29172091568777,0.8909308669022433,0.013420724094881403,0.23888156159324717,0.10769921014657857,0.14261586882758695,5,0.12291721766728378,0.4393325809188427,0.5047652252915353,1.1286545676092326,0.16977453315248836,0.0,-6.120482299214666,2.1178576005911625,,,0.10769921014657857,0.14261586882758695,5
nasa,oxford,10,common_no_soh,gru,1,0.29962311557788945,0.7073294871254121,0.7114965735782276,3.2915383292915577,0.20366755779822854,0.0,-98.43596553862527,417.68261962483336,0.21598002496878904,0.3824848324980217,0.28555988455988457,0.11799566802548374,5,0.3601891034117958,0.4305423770989008,0.3582404628666964,3.759145032803326,0.2618600134741242,0.0,-11.6918365899332,0.5132531702123609,,,0.3505889154704945,0.04848167946719652,5,0.29962311557788945,0.22201056257377802,0.14825678780681795,0.636783524899535,0.20366755779822854,0.0,0.2665579236250658,-0.881226492700629,0.21598002496878904,0.3824848324980217,0.28555988455988457,0.11799566802548374,5,0.29962311557788945,0.33617879775726905,0.36424081655285556,0.87142609753606,0.20366755779822854,0.0,-716.1799441848993,394.70539591063516,,,0.28555988455988457,0.11799566802548374,5
nasa,oxford,10,common_no_soh,gru,7,0.013422375033060034,0.6260835393438461,0.6168795275688171,2.528041447400177,0.1552373598659892,0.0,-55.017653581477354,87.93241260971635,0.0005215123859191659,0.021864686468646866,0.0,0.0,5,0.4808582385612271,0.2897687036569793,0.29963632258501915,0.7733510858916071,0.27030568846358316,0.02631578947368421,-0.26953561910953777,-0.8797599295751438,,,0.5103746107693476,0.06881717713997755,5,0.98657762496694,0.19389971653850904,0.22494601388354699,0.5748640450429495,0.9690500430504301,0.9473684210526315,489.2611915021547,399.9830648723316,0.9781353135313531,0.9994784876140809,1.0,0.0,5,0.013422375033060034,0.2794561879592008,0.2627288355204812,0.7524272655389906,0.1552373598659892,0.0,-965.070608983897,85.50451872455929,,,0.0,0.0,5
nasa,oxford,20,common_no_soh,gru,42,0.011372652737371064,0.668374232321251,0.72702562418851,2.648790117830366,0.15516899429760408,0.0,-6.645999001789233,7.688019429022622,0.0003663339133620291,0.0187018701870187,0.0,0.0,5,0.44472361809045224,0.3187393754871615,0.29234673890200524,1.675936754829725,0.28044280442804426,0.0,-0.986544494100205,-0.7183985396337375,,,0.445312049062049,0.02570272302167079,5,0.011372652737371064,0.26407340140953633,0.31813327579946965,0.7213365712580627,0.15516899429760408,0.0,-63.43386517164702,-5.189377464489292,0.0003663339133620291,0.0187018701870187,0.0,0.0,5,0.011372652737371064,0.2942564688128935,0.27151873263671383,0.7823985292765752,0.15516899429760408,0.0,-92.24374422380293,7.706943035837703,,,0.0,0.0,5
nasa,oxford,20,common_no_soh,gru,1,0.04449880983866702,0.7039974548684341,0.7077432183785872,3.1412865188929677,0.158734188453652,0.0,-12.240190382590683,47.96263895429922,0.027680311890838204,0.05286679193540194,0.05371212121212121,0.06325636758721667,5,0.490015868817773,0.28514462506475574,0.2918181757493452,0.7639062839376922,0.2724349581339713,0.18421052631578946,-0.24561580045459397,-0.8949811988012818,,,0.4964446343130554,0.023660540284451862,5,0.9555011901613331,0.21404592593852892,0.1217066836270233,0.6345512050006088,0.784351667777623,0.881578947368421,328.120348613756,555.0209124670822,0.947133208064598,0.9723196881091618,0.9462878787878788,0.06325636758721667,5,0.04449880983866702,0.27847382507652674,0.27571852554303455,0.7503522857099384,0.158734188453652,0.0,-244.4725074894074,47.89786409938281,,,0.05371212121212121,0.06325636758721667,5
nasa,oxford,20,common_no_soh,gru,7,0.4012166093626025,0.6928945235467624,0.698895042592829,3.093192890788252,0.22736950800951722,0.0,-4.313963751015097,14.203823594914056,0.33192883895131087,0.47290952255341595,0.38773304473304476,0.10504866029546497,5,0.36809045226130654,0.39892153526715696,0.3200965394757011,3.31546287066917,0.24725230381539828,0.0,-1.010781784015999,-0.6569690093162631,,,0.3672345636819321,0.08183837948674169,5,0.4012166093626025,0.262614151893493,0.24865606330369017,0.7184006664704374,0.22736950800951722,0.0,-227.6853940929787,21.043071092747923,0.33192883895131087,0.47290952255341595,0.38773304473304476,0.10504866029546497,5,0.4012166093626025,0.3071076468187075,0.31480992248719986,0.8096623908149482,0.22736950800951722,0.0,-46.67708502920291,14.188171663314312,,,0.38773304473304476,0.10504866029546497,5
nasa,oxford,30,common_no_soh,gru,42,0.013620735255223485,0.5955939049355976,0.611808240847154,1.9850505865660377,0.15587665182699204,0.0,-432.5610488388805,765.9362922923474,0.0003663339133620291,0.02072012594586359,0.0,0.0,5,0.411134620470775,0.3626716123986706,0.32883116505362764,2.3978109962816028,0.25928129984051035,0.0,-1.050171388029887,-0.5679826539536262,,,0.40622309561783243,0.04191801640271987,5,0.013620735255223485,0.24502446482484092,0.21182182359605223,0.683194396782782,0.15587665182699204,0.0,-4338.896275193167,-210.28407949266366,0.0003663339133620291,0.02072012594586359,0.0,0.0,5,0.013620735255223485,0.268192474049132,0.2529914379936332,0.7296463272870094,0.15587665182699204,0.0,-3868.9617029009382,342.9291366318835,,,0.0,0.0,5
nasa,oxford,30,common_no_soh,gru,1,0.04192012695054218,0.7120532793429417,0.7130787721547214,3.5515234535269413,0.15862837332798502,0.0,-6.503889616241233,27.87533382920383,0.0283625730994152,0.05243664717348926,0.03913852813852815,0.016747549711953066,5,0.4958013752975403,0.32799523457010454,0.35778269594365897,0.8535090460604688,0.3008690392989624,0.13157894736842105,-0.40648143770240297,-0.7389949733208688,,,0.5007884294068504,0.023072004954926097,5,0.9580798730494579,0.22053351403148963,0.1444374623786182,0.6337564570061144,0.7887274516239752,0.9078947368421053,1290.5000174265972,410.5946813606223,0.9475633528265106,0.9716374269005847,0.9608614718614719,0.016747549711953077,5,0.04192012695054218,0.2834162926562307,0.2817077327987364,0.7603793720290719,0.15862837332798502,0.0,-130.05342034173145,27.870816594794103,,,0.03913852813852815,0.016747549711953066,5
nasa,oxford,30,common_no_soh,gru,7,0.5514414176143877,0.6839200460751291,0.694406192519448,2.8714097429950187,0.2777190917582625,0.0,-0.8201200016770724,2.004834127931457,0.5014044943820225,0.6066394279877425,0.5478730158730158,0.07632786987778853,5,0.3401877810103147,0.387916320998894,0.33087246266278353,2.1292698432004196,0.25644652369609927,0.0,-3.337259117414724,-5.078013436409767,,,0.347876129718235,0.045731376935460796,5,0.5514414176143877,0.3127677118555424,0.33497938903346536,0.8211110689542428,0.2777190917582625,0.0,-11.268388087775516,4.126888252349805,0.5014044943820225,0.6066394279877425,0.5478730158730158,0.07632786987778853,5,0.5514414176143877,0.3409003271353426,0.3645917710338773,0.883631655159617,0.2777190917582625,0.0,-5.302936431886259,1.9924473777001641,,,0.5478730158730158,0.07632786987778853,5
nasa,oxford,50,common_no_soh,gru,42,0.011438772811425548,0.6766351353493918,0.6936405762759121,3.100782867472388,0.15517809315601858,0.0,-6.651881416586872,12.393927728823302,0.0003663339133620291,0.0187018701870187,0.0,0.0,5,0.3668341708542714,0.3911836504577988,0.3286520214514299,3.0886753792509927,0.27636363636363637,0.0,-1.03877932567118,-0.6015437582569502,,,0.3638203463203463,0.027651198640091672,5,0.011438772811425548,0.28295558717441216,0.28549264094438653,0.7594478504244746,0.15517809315601858,0.0,-581.0840405634491,141.16115746726288,0.0003663339133620291,0.0187018701870187,0.0,0.0,5,0.011438772811425548,0.28474336055627775,0.26618516473528075,0.7631785349481062,0.15517809315601858,0.0,-132.89108780426568,12.3808649830368,,,0.0,0.0,5
nasa,oxford,50,common_no_soh,gru,1,0.01262893414440624,0.6980025395819953,0.6820230793952942,3.3010179983862917,0.15522289748555487,0.0,-3.1385910015941074,8.032078584606516,0.0003663339133620291,0.019883040935672516,0.0,0.0,5,0.2926143877281142,0.5028282723192201,0.449298489744013,4.7514769657626195,0.27588481564874756,0.0,-4.053528183123047,1.2958191647060096,,,0.33875541125541125,0.10837432113996191,5,0.01262893414440624,0.3286059195378204,0.34752209735279926,0.8547260926975506,0.15522289748555487,0.0,-65.3403019855939,31.05902696227362,0.0003663339133620291,0.019883040935672516,0.0,0.0,5,0.01262893414440624,0.28640960868464815,0.2712695902855924,0.7664338544890318,0.15522289748555487,0.0,-62.18015408628236,8.015742543716515,,,0.0,0.0,5
nasa,oxford,50,common_no_soh,gru,7,0.013819095477386934,0.7018853782273391,0.6976960253715515,3.3720960570556584,0.15527038601029347,0.0,-9.92467755121446,31.01772522625528,0.0003663339133620291,0.021052631578947364,0.0,0.0,5,0.31407035175879394,0.4173998566720027,0.2857409472899003,3.7754068903934033,0.24619455795873615,0.0,-3.3770840980570047,-1.5834529713768848,,,0.31821559580770103,0.017439517886899576,5,0.013819095477386934,0.34599428302243457,0.3771330678951492,0.8928809737263016,0.15527038601029347,0.0,-219.57202260853478,135.16373402362828,0.0003663339133620291,0.021052631578947364,0.0,0.0,5,0.013819095477386934,0.3211725148586728,0.322958147537342,0.8390002481326333,0.15527038601029347,0.0,-101.96645434495686,31.046184349347715,,,0.0,0.0,5
calce,oxford,10,common_with_soh,gru,42,0.018381380587146254,0.7120630407694746,0.708518762588501,4.254643109111434,0.1554307434381425,0.0,-6.556244670021687,24.741430845162718,0.002924931535028153,0.02929042904290429,0.0,0.0,5,0.3969849246231156,0.3494947851566773,0.3524655992605469,4.419409162563566,0.27636363636363637,0.0,-0.5432255406106143,-8.236851932526864,,,0.39712481962481955,0.010394569523532123,5,0.026976990214229037,0.36053880923835935,0.36671998484340845,4.112310813425637,0.23253737554165152,0.0,-2.4837188743611582,-35.019975822418864,0.002930671306896237,0.048184818481848204,0.010416666666666663,0.0232923747656228,5,0.018381380587146254,0.4652667377263782,0.5612900680455237,1.2263951069633858,0.1554307434381425,0.0,-29.821423676752115,24.71457501172754,,,0.0,0.0,5
calce,oxford,10,common_with_soh,gru,1,0.01461253636604073,0.7221920213836922,0.745212846886028,5.842630997132061,0.15530133603856058,0.0,-1.379399311033716,5.038765105856232,0.0010325538501875836,0.02158965896589659,0.011111111111111117,0.024845199749997677,5,0.08040201005025127,0.5070332912409979,0.6041035230457782,4.421589384070599,0.27636363636363637,0.0,-1.0663803801355582,-13.867587156102907,,,0.07358044733044734,0.058268595902396594,5,0.01461253636604073,0.6721268228998584,0.7279927313426366,4.951419490098157,0.1682961384240581,0.0,-0.9227745665603048,-11.803834364063086,0.0010325538501875836,0.02158965896589659,0.011111111111111117,0.024845199749997677,5,0.01461253636604073,0.5514217380614033,0.6268639154266741,1.4943238473438087,0.15530133603856058,0.0,-6.536484426494875,5.046757738727058,,,0.011111111111111117,0.024845199749997677,5
calce,oxford,10,common_with_soh,gru,7,0.11042052367098648,0.7235786544331553,0.7213440691341053,7.04530992610266,0.1620328730078487,0.0,-1.5276106515864498,12.794553413090776,0.04249233912155259,0.2365792759051186,0.2338364471785524,0.24321307820755506,5,0.2552234858503042,0.641080634490296,0.7157760626348583,1.7769321144601464,0.20487867494093026,0.07894736842105263,-13.871652023961273,24.015660422993307,,,0.34631218197007674,0.1693698343256719,5,0.11042052367098648,0.6095963329967548,0.6697275410524547,1.804602772047665,0.1620328730078487,0.0,-212.4857847855333,495.3895337230296,0.04249233912155259,0.2365792759051186,0.2338364471785524,0.24321307820755506,5,0.11042052367098648,0.609696006988564,0.6675355599579997,1.8023874467482324,0.1620328730078487,0.0,-6.409349706960846,12.794170004501385,,,0.2338364471785524,0.24321307820755506,5
calce,oxford,20,common_with_soh,gru,42,0.021951864586088336,0.7099110466536934,0.7049678832834417,4.161163960586143,0.1556321813335497,0.0,-5.764399680963044,20.164479145757827,0.0033104150751209573,0.03563284114453235,0.005555555555555558,0.012422599874998838,5,0.2740015868817773,0.410218328261604,0.3633662586320531,1.1724237844066334,0.22815925436222803,0.0,-59.33442288320631,-71.55502865440623,,,0.2625711437685122,0.032866039491290695,5,0.021951864586088336,0.6761070380857598,0.7477583748475753,1.954614484140013,0.1556321813335497,0.0,-2.1021256426343626,-0.6650965888640756,0.0033104150751209573,0.03563284114453235,0.005555555555555558,0.012422599874998838,5,0.021951864586088336,0.5720473269300986,0.5670302932294784,1.69986170398879,0.1556321813335497,0.0,-15.633959133665515,20.141214882394923,,,0.005555555555555558,0.012422599874998838,5
calce,oxford,20,common_with_soh,gru,1,0.01309177466278762,0.721245667202753,0.714604538787495,6.876914974484349,0.15526190479551477,0.0,-2.411985235036463,10.723015781068385,0.0,0.019103313840155938,0.0,0.0,5,0.12814070351758794,0.5246290856906879,0.6349893272735856,4.43992071044847,0.27636363636363637,0.0,-0.8006839650907367,-10.662908239679684,,,0.12187770562770561,0.05349270118167316,5,0.01309177466278762,0.6692349617249765,0.7310605980310318,4.899903533934404,0.18516942459433186,0.0,-12.669314759348223,-174.3911861457602,0.0,0.019103313840155938,0.0,0.0,5,0.01309177466278762,0.5353118505659638,0.5951283177418084,1.4445740178385003,0.15526190479551477,0.0,-13.901708960841434,10.703605272403314,,,0.0,0.0,5
calce,oxford,20,common_with_soh,gru,7,0.32421978312615707,0.7233589416091935,0.7234521105072715,6.60616629255498,0.22312067754520518,0.05263157894736842,-0.3429748613657767,2.127400762149376,0.20566905005107253,0.5260611735330837,0.5411942355889725,0.4029787967755709,5,0.3271621264215816,0.5864577512539308,0.622487205680121,1.813545117897244,0.2083378435284225,0.05263157894736842,-0.18665490557407013,-0.8301252377712501,,,0.4803859649122807,0.3178447954541294,5,0.32421978312615707,0.5908876924794154,0.6253612640918409,1.7069786056274197,0.22312067754520518,0.05263157894736842,3.10497303081628,-7.850553948523466,0.20566905005107253,0.5260611735330837,0.5411942355889725,0.4029787967755709,5,0.32421978312615707,0.5805900023539685,0.6150598193837667,1.6618557399510951,0.22312067754520518,0.05263157894736842,-1.4663981012271932,2.130512319954707,,,0.5411942355889725,0.4029787967755709,5
calce,oxford,30,common_with_soh,gru,42,0.022613065326633167,0.718807322796679,0.7169000170447609,4.986447143711604,0.15611293387564126,0.0,-5.453167673495311,24.218907537317023,0.0003663339133620291,0.04200206398348815,0.002631578947368421,0.00588438941447313,5,0.2386934673366834,0.47164229665953245,0.4757744289189577,5.622639105593661,0.27636363636363637,0.0,-1.1196557355782375,-15.691790840576534,,,0.23471320346320348,0.03422351682659799,5,0.022613065326633167,0.47233001211918607,0.48647395627876444,4.612744254188569,0.15611293387564126,0.0,-15.305467457831709,-211.84059324127998,0.0003663339133620291,0.04200206398348815,0.002631578947368421,0.00588438941447313,5,0.022613065326633167,0.561174751464109,0.5634184865279439,1.6121294161808621,0.15611293387564126,0.0,-19.05891684998108,24.37944213530685,,,0.002631578947368421,0.00588438941447313,5
calce,oxford,30,common_with_soh,gru,1,0.3575112404125892,0.7236275656179699,0.7236297971552068,8.75324129614542,0.22366229000266083,0.039473684210526314,-1.3695335627999536,15.482402787982805,0.2344643537933664,0.5450218476903871,0.515655825168983,0.2989879024178874,5,0.41001057921184875,0.7070163367322181,0.6952387298237194,9.550987683265745,0.24136443383255518,0.06578947368421052,-0.12883706548875568,0.6140703257328185,,,0.45028024606971967,0.07639801900359797,5,0.3575112404125892,0.621917892119347,0.6490927193786781,1.9053177834961046,0.22366229000266083,0.039473684210526314,-7.389323660338476,17.63957561927987,0.2344643537933664,0.5450218476903871,0.515655825168983,0.2989879024178874,5,0.3575112404125892,0.6045408467452568,0.6348717749809921,1.7884846029178094,0.22366229000266083,0.039473684210526314,-7.07197971040469,15.485964973897829,,,0.515655825168983,0.2989879024178874,5
calce,oxford,30,common_with_soh,gru,7,0.37017323459402274,0.7234383076364717,0.7235101374712857,6.5912007310373655,0.22439510700738358,0.013157894736842105,0.7455843933423959,-7.806771248259551,0.2933790556581377,0.49141697877652935,0.5208745917824865,0.30942624171870003,5,0.4286564400952129,0.5306848609850099,0.5643450346860018,1.495299938245404,0.24602367553929713,0.013157894736842105,-0.4049350797067888,-0.25888275280607675,,,0.5191708058023847,0.17816689684508707,5,0.37017323459402274,0.6090904133823078,0.6399895227963197,1.8172166205790226,0.22439510700738358,0.013157894736842105,17.412271381269797,-42.770464235860935,0.2933790556581377,0.49141697877652935,0.5208745917824865,0.30942624171870003,5,0.37017323459402274,0.6082315276831934,0.639829481658075,1.8165632019261477,0.22439510700738358,0.013157894736842105,2.854534442272281,-7.836431028498578,,,0.5208745917824865,0.30942624171870003,5
calce,oxford,50,common_with_soh,gru,42,0.013157894736842105,0.7233902893225669,0.7233898318897594,6.46130935010748,0.1553093433615047,0.0,-30.25894105620099,238.95352665347377,0.00026075619295958213,0.019856787364785942,0.0,0.0,5,0.11709865115048929,0.6408752959905128,0.5893922441655939,6.3314529907219494,0.26126106349790557,0.0,-6.236061613661054,0.9746595359510208,,,0.11108263081947292,0.05879623485413818,5,0.013157894736842105,0.6557161720365994,0.6743317772975491,2.202876182523996,0.1553093433615047,0.0,-424.78696065895355,1246.9705082456317,0.00026075619295958213,0.019856787364785942,0.0,0.0,5,0.013157894736842105,0.662149649986728,0.6738667048138582,2.2939374012029505,0.1553093433615047,0.0,-82.26691268178072,225.52956119702347,,,0.0,0.0,5
calce,oxford,50,common_with_soh,gru,1,0.017852419994710392,0.7230242162041102,0.7205434476245534,5.970986987344142,0.15545726543711474,0.0,-2.0544881771707875,12.799250672997324,0.0022503617551889663,0.02604944487587578,0.02777777777777777,0.06211299937499414,5,0.05478048135413912,0.8776632406940916,0.8884323703158987,11.232012252597968,0.27280750379274127,0.0,-0.3243800334781217,-3.2097795834717324,,,0.06748737373737373,0.06359065844039975,5,0.017852419994710392,0.8841632850051516,0.8960436071766367,7.96033494839776,0.15545726543711474,0.0,-0.31302208290544425,-2.8010152843818084,0.0022503617551889663,0.02604944487587578,0.02777777777777777,0.06211299937499414,5,0.017852419994710392,0.6495516325270345,0.658576375969113,2.1357762767634516,0.15545726543711474,0.0,-6.0113699512528775,12.825201392912694,,,0.02777777777777777,0.06211299937499414,5
calce,oxford,50,common_with_soh,gru,7,0.016067177995239355,0.7234446373230555,0.723486519943584,6.475374151510507,0.1554764494400069,0.0,-26.69950924860845,230.39774632434538,0.0017834849295523458,0.024478188004672184,0.011111111111111117,0.024845199749997677,5,0.10205633430309441,0.6462450891395106,0.7007260530645196,2.0392757047539996,0.17111898996484148,0.02631578947368421,-6.961427810683978,16.154961113909724,,,0.3040820802005012,0.4069539725766292,5,0.016067177995239355,0.611039875662694,0.6280933179673471,1.8359751101066268,0.1554764494400069,0.0,-21.111627752117464,43.62350707679903,0.0017834849295523458,0.024478188004672184,0.011111111111111117,0.024845199749997677,5,0.016067177995239355,0.5947571129576037,0.6253807177985374,1.729051850908605,0.1554764494400069,0.0,-106.29326347966976,230.27249188069266,,,0.011111111111111117,0.024845199749997677,5
calce,oxford,10,common_no_soh,gru,42,0.2512232213700079,0.72354713735197,0.7235757946968079,7.063029898852964,0.19195627782951774,0.0,0.030479045244307886,-1.2600655814853787,0.21787743506493507,0.29544401544401544,0.255505145439356,0.062326639259819315,5,0.4655514414176144,0.7122251839911975,0.7175709429654208,8.460800036244697,0.25922466046201453,0.0,-0.02384693402548657,-0.6883071148998009,,,0.4342046403888509,0.16087513122534167,5,0.2512232213700079,0.6859201297722526,0.6971255759527623,2.6337444679448363,0.19195627782951774,0.0,6.961665589915067,-26.058869670494918,0.21787743506493507,0.29544401544401544,0.255505145439356,0.062326639259819315,5,0.2512232213700079,0.6677198844089071,0.6839664207739654,2.349314409908774,0.19195627782951774,0.0,0.09166841490644045,-1.2550790107176601,,,0.255505145439356,0.062326639259819315,5
calce,oxford,10,common_no_soh,gru,1,0.42257339328220045,0.7223731056879366,0.7227171243320812,5.155387659527094,0.2290554925119584,0.0,-2.4714053345403353,16.272570347629497,0.3256704980842912,0.47223942208462333,0.44427504366978054,0.1424978209240726,5,0.3831327691087013,0.4185775707556974,0.4174933911385862,3.0835771626234023,0.2691490980250546,0.0,-1.5606735569081907,-6.206272238072999,,,0.3935743145743146,0.07461002882427108,5,0.42257339328220045,0.4480835448133039,0.46282214928991683,3.2747680270016803,0.2290554925119584,0.0,-0.12010059356452465,-1.8789255995193614,0.3256704980842912,0.47223942208462333,0.44427504366978054,0.1424978209240726,5,0.42257339328220045,0.5939900455888737,0.6255564395528902,1.7287142534932558,0.2290554925119584,0.0,-7.8370363650306745,16.272206125004164,,,0.44427504366978054,0.1424978209240726,5
calce,oxford,10,common_no_soh,gru,7,0.014744776514149696,0.7223831659709672,0.741188699765639,6.277810417468361,0.15532051982739387,0.0,-1.180510142266981,4.626372251562487,0.0003663339133620291,0.02173581839419024,0.0,0.0,5,0.06126024861147842,0.8643464341332673,0.8740185362642461,11.636156425817674,0.27280203349282295,0.0,-0.34630823623684565,-3.635475331804756,,,0.0523989898989899,0.0674383095452956,5,0.014744776514149696,0.8479379988031143,0.8669428576071297,6.056373078515675,0.19381174723495082,0.0,-0.5625307034747913,-6.64967773362691,0.0003663339133620291,0.02173581839419024,0.0,0.0,5,0.014744776514149696,0.6397518425735319,0.7108588002114736,2.0010439463018628,0.15532051982739387,0.0,-4.0513507607505215,4.623849681827088,,,0.0,0.0,5
calce,oxford,20,common_no_soh,gru,42,0.269307061623909,0.7236008438320906,0.7236139800331809,7.8973249697626535,0.19499052893584873,0.0,0.3548003262820984,-4.852105509441873,0.220658835546476,0.3218632958801498,0.29694677982835876,0.09172613882474198,5,0.5,0.7236363636363636,0.7236363636363636,9.997406098288021,0.27636363636363637,0.0,-0.0693101170803827,-0.0050168339304807325,,,0.5,0.0,5,0.269307061623909,0.7221120423816604,0.7225847573137003,4.961234649927832,0.19499052893584873,0.0,24.515952109125433,-169.13502653319225,0.220658835546476,0.3218632958801498,0.29694677982835876,0.09172613882474198,5,0.269307061623909,0.7200084573795856,0.7212066571789131,4.388712753374053,0.19499052893584873,0.0,0.6386061356985946,-4.850910998006317,,,0.29694677982835876,0.09172613882474198,5
calce,oxford,20,common_no_soh,gru,1,0.01639777836551177,0.7235764423810429,0.7235538304935802,7.450964234412108,0.15549149518492103,0.0,-3.6040292581412197,32.76690350974132,0.00014867677668748005,0.024355005159958726,0.0,0.0,5,0.04615181169002909,0.8720897058764455,0.8768226973712444,9.338903530945029,0.21902206546697936,0.0,-0.4807992738695416,0.047038225425224886,,,0.04118525480367586,0.04709322291247498,5,0.01639777836551177,0.7695610163352082,0.8203082598517724,2.623009120236813,0.15549149518492103,0.0,-1.4412339058806638,1.0685619751820312,0.00014867677668748005,0.024355005159958726,0.0,0.0,5,0.01639777836551177,0.6271213611485241,0.643212572357218,1.947128823214741,0.15549149518492103,0.0,-14.415297914749233,32.77174278585789,,,0.0,0.0,5
calce,oxford,20,common_no_soh,gru,7,0.0139513356254959,0.7223128695027351,0.7222291679815812,5.108075040078731,0.15531699804602817,0.0,-6.238790399896509,39.14925302548502,0.0,0.022345233863186223,0.0,0.0,5,0.02552234858503041,0.8756348392221209,0.8728219319744543,9.679512101523235,0.1896573492040068,0.0,-0.5562055244308101,0.4059755592771957,,,0.03848684210526316,0.07251820291857665,5,0.0139513356254959,0.8953221155469399,0.8960747385121217,4.909079481926795,0.15531699804602817,0.0,-0.6857771530060379,-0.7027371655300727,0.0,0.022345233863186223,0.0,0.0,5,0.0139513356254959,0.6392295477492084,0.6534422939814879,2.0452341743598597,0.15531699804602817,0.0,-16.157419232817745,39.15875699971047,,,0.0,0.0,5
calce,oxford,30,common_no_soh,gru,42,0.062119809574186724,0.7235506668898707,0.7235349639979276,7.109540938789499,0.15763072672453268,0.0,-3.7389049162257018,33.7710553276313,0.01598569969356486,0.14450686641697877,0.1654190779980254,0.18582933078670053,5,0.45394736842105265,0.7297148354870319,0.7360390830039977,10.014473182916998,0.2586068996887886,0.21052631578947367,-0.7620857048985092,9.469420880743943,,,0.46821052631578947,0.04353112046287648,5,0.062119809574186724,0.7227154226951137,0.718959303817349,5.219986476729365,0.15763072672453268,0.0,-2.5588693302275165,15.863086959857778,0.01598569969356486,0.14450686641697877,0.1654190779980254,0.18582933078670053,5,0.062119809574186724,0.6870742992273862,0.6937055099479394,2.6622839498400612,0.15763072672453268,0.0,-10.107380327787455,33.7969639776951,,,0.1654190779980254,0.18582933078670053,5
calce,oxford,30,common_no_soh,gru,1,0.012728114255487963,0.7233634506491022,0.7234148532694036,6.335924305050188,0.15628388543109334,0.0,-140.16891501623758,1135.5940809536294,0.0003663339133620291,0.020132013201320135,0.0,0.0,5,0.5,0.7236363636363636,0.7236363636363636,9.997406098288021,0.27636363636363637,0.0,-0.0693101170803827,-0.0050168339304807325,,,0.5,0.0,5,0.012728114255487963,0.7236359965588457,0.7236360154901271,9.997406098288021,0.15628388543109334,0.0,-0.0693101170803827,-0.0050168339304807325,0.0003663339133620291,0.020132013201320135,0.0,0.0,5,0.012728114255487963,0.6901896532727905,0.6982466084709557,2.7457733781969615,0.15628388543109334,0.0,-325.8158667581332,1133.24638043294,,,0.0,0.0,5
calce,oxford,30,common_no_soh,gru,7,0.963733139381116,0.7232793342611794,0.7233951577273282,6.012220895608271,0.9597112711418176,0.9473684210526315,81.01243833580394,-678.1548201343466,0.8495126705653021,1.0,0.9352380952380951,0.1448120213999864,5,0.5,0.27636363636363637,0.27636363636363637,3.8181054596559436,0.27636363636363637,0.0,0.06931011708023993,-0.005016833930459956,,,0.5,0.0,5,0.963733139381116,0.27636363636363637,0.27636363636363637,3.8181054596559436,0.9597112711418176,0.9473684210526315,0.06931011708023993,-0.005016833930459956,0.8495126705653021,1.0,0.9352380952380951,0.1448120213999864,5,0.963733139381116,0.4840725442039461,0.5338353898178654,1.2577954021474271,0.9597112711418176,0.9473684210526315,462.68570945871784,-674.7195138859755,,,0.9352380952380951,0.1448120213999864,5
calce,oxford,50,common_no_soh,gru,42,0.01282729436656969,0.723479863118532,0.7233010788397356,7.097557671083253,0.15519273600121322,0.0,-2.152641046750279,16.670438637946106,0.00219464537429995,0.028070175438596478,0.007619047619047621,0.0170367083999984,5,0.5,0.7236363636363636,0.7236363636363636,9.997406098288021,0.27636363636363637,0.0,-0.0693101170803827,-0.0050168339304807325,,,0.5,0.0,5,0.01282729436656969,0.7236363635585299,0.7236363617710801,9.997406098288021,0.15519273600121322,0.0,-0.0693101170803827,-0.0050168339304807325,0.00219464537429995,0.028070175438596478,0.007619047619047621,0.0170367083999984,5,0.01282729436656969,0.7001564213197364,0.6979670312140783,3.0313789463189185,0.15519273600121322,0.0,-5.071794388375714,16.632274339706935,,,0.007619047619047621,0.0170367083999984,5
calce,oxford,50,common_no_soh,gru,1,0.014777836551176936,0.7232469424137652,0.7229862013730136,6.064253364496433,0.15539405756109462,0.0,-4.474238846910961,32.33640830329367,0.0,0.02317106710671067,0.0,0.0,5,0.0707154192012695,0.9169403142844241,0.9176693902401762,11.190274682064906,0.18185134901431405,0.0,-0.25778597052155583,0.4564623785113916,,,0.22246240601503758,0.2554674830307908,5,0.014777836551176936,0.9200358027105501,0.9193592927128356,12.15143217498898,0.15539405756109462,0.0,-0.23873668745212998,-0.3823499779646512,0.0,0.02317106710671067,0.0,0.0,5,0.014777836551176936,0.6484427780752838,0.6871375230082003,2.13223093932499,0.15539405756109462,0.0,-13.137404718985577,32.28882894736756,,,0.0,0.0,5
calce,oxford,50,common_no_soh,gru,7,0.17429251520761702,0.7235302071997722,0.723546904000369,7.004991685735969,0.17429253960642282,0.0,-2.0565576137374997,18.308129690850176,0.12191011235955057,0.23220973782771537,0.19992382471329842,0.08678852004403587,5,0.5,0.7236363636363636,0.7236363636363636,9.997406098288021,0.27636363636363637,0.0,-0.0693101170803827,-0.0050168339304807325,,,0.5,0.0,5,0.5,0.7236363636363636,0.7236363636363636,9.997406098288021,0.27636363636363637,0.0,-0.0693101170803827,-0.0050168339304807325,0.5,0.5,0.5,0.0,5,0.17429251520761702,0.6838560305706469,0.6935460142933773,2.607075065915341,0.17429253960642282,0.0,-5.5936503246879825,18.316173800765924,,,0.19992382471329842,0.08678852004403587,5
nasa+calce,oxford,10,common_with_soh,gru,42,0.01629859825443004,0.7235407401565785,0.7235478745807301,7.030193474025665,0.155399610458858,0.0,-15.214841807476313,140.000368846337,0.0030557677616501154,0.03177387914230018,0.013432539682539688,0.02975955678568862,5,0.46710526315789475,0.715463944003788,0.7172354464097457,3.739142433638886,0.27091744319634786,0.21052631578947367,-3.6415385097697746,17.79469948630333,,,0.47706766917293236,0.034923982443589754,5,0.01629859825443004,0.6134120448257482,0.6426467809037398,1.845052656491534,0.155399610458858,0.0,-855.6031070030494,2076.258270252394,0.0030557677616501154,0.03177387914230018,0.013432539682539688,0.02975955678568862,5,0.01629859825443004,0.6454345237564116,0.6630459708671294,2.1038193872120394,0.155399610458858,0.0,-52.206723427371166,139.48186744909518,,,0.013432539682539688,0.02975955678568862,5
nasa+calce,oxford,10,common_with_soh,gru,1,0.014348056069822795,0.7234588194076547,0.7221926199306141,7.213461020623402,0.15531132533316483,0.0,-1.9210324275512836,13.92012739313582,0.0008025682182985572,0.022222222222222223,0.005555555555555558,0.012422599874998838,5,0.037159481618619414,0.8482297239047465,0.8762422579526901,7.729892334498013,0.21589574185390945,0.0,-0.8605625096368766,-0.18972377273468244,,,0.05138036378825852,0.03665347821054434,5,0.014348056069822795,0.5627086368333136,0.6032853854639487,1.5597724909338389,0.15531132533316483,0.0,-57.77821371702356,110.09613665550205,0.0008025682182985572,0.022222222222222223,0.005555555555555558,0.012422599874998838,5,0.014348056069822795,0.6212272218843763,0.6746618669012512,1.8979177185052871,0.15531132533316483,0.0,-7.82074721226752,13.939088868967158,,,0.005555555555555558,0.012422599874998838,5
nasa+calce,oxford,10,common_with_soh,gru,7,0.013752975403332453,0.7206097735307816,0.7209077832915566,5.196365416869883,0.15514345993014542,0.0,-33.75502685592943,186.79872082066697,0.0009715812484819052,0.03329308262894601,0.061309523809523814,0.13653835832109934,5,0.33496429516001053,0.44258599396025905,0.4511135639656674,1.3194106008807367,0.26353363445468714,0.0,-1.9958450136934878,-5.6049019560796305,,,0.3443799270904534,0.038954762289389384,5,0.013752975403332453,0.5414255948576674,0.5720467676359641,1.474008575071031,0.15514345993014542,0.0,-75.3434214219738,120.10096292193602,0.0009715812484819052,0.03329308262894601,0.061309523809523814,0.13653835832109934,5,0.013752975403332453,0.5066743374973045,0.5315979968630447,1.3681787826565233,0.15514345993014542,0.0,-145.93265864003087,179.26046409974958,,,0.061309523809523814,0.13653835832109934,5
nasa+calce,oxford,20,common_with_soh,gru,42,0.11723089129859827,0.7236347597323491,0.7236349435286088,9.903353312301508,0.16962470136251806,0.0,-11.8382888218698,159.64184384993112,0.06371941554543648,0.17777777777777776,0.18430625806941597,0.1778670882730451,5,0.45394736842105265,0.7236366214554318,0.7235651271993464,9.997477438525367,0.2585353372611227,0.2236842105263158,-1.208090152027113,15.631194270453724,,,0.47033082706766915,0.028479353021671445,5,0.11723089129859827,0.6133227764416128,0.6429000142342104,1.8444487773485054,0.16962470136251806,0.0,-0.3386113640113374,-0.13912040892993,0.06371941554543648,0.17777777777777776,0.18430625806941597,0.1778670882730451,5,0.11990875429780483,0.6655162773605082,0.6807042746699801,2.317119159862084,0.16962470136251806,0.039473684210526314,-51.27196092445322,158.70105325408827,,,0.20430625806941594,0.2107638208689063,5
nasa+calce,oxford,20,common_with_soh,gru,1,0.024266067177995235,0.7212941048217513,0.7115769958496093,5.864787754819232,0.15571303910535408,0.0,-1.1402688360552036,5.336586708890771,0.005813953488372093,0.03904397007845284,0.03373015873015872,0.07431873333463507,5,0.06972361809045227,0.7430298818548274,0.8011400139331819,4.715289830670029,0.24428661419156739,0.0,-0.2874712405406479,-2.546887351099753,,,0.19250541125541126,0.18783792605848557,5,0.024266067177995235,0.7264544347738131,0.8020631211429374,4.536872063660513,0.15571303910535408,0.0,-0.32898777337541174,-2.4810591012840186,0.005813953488372093,0.03904397007845284,0.03373015873015872,0.07431873333463507,5,0.024266067177995235,0.5297684011445322,0.615965290715084,1.4169560394228442,0.15571303910535408,0.0,-5.747195866568056,5.343256483779752,,,0.03373015873015872,0.07431873333463507,5
nasa+calce,oxford,20,common_with_soh,gru,7,0.01778629992065591,0.72334735861195,0.7140726668184454,6.94957878731374,0.15532738531358425,0.0,-1.1626690827810973,6.805079127933067,0.003493246390312065,0.035216434336023485,0.04464285714285714,0.09927081238960327,5,0.03639910076699286,0.7860257591270924,0.8324181368066506,6.930126518758232,0.2242798025038936,0.0,-0.49217944176283435,-1.6991784499292646,,,0.0960515873015873,0.11276651788846431,5,0.01778629992065591,0.7774591316859991,0.8393702704648286,4.3699262879137715,0.15532738531358425,0.0,-0.5959134654592466,-1.7292746572152455,0.003493246390312065,0.035216434336023485,0.04464285714285714,0.09927081238960327,5,0.01778629992065591,0.5852748055606571,0.6811756666697486,1.6558701534064981,0.15532738531358425,0.0,-5.542898956849049,6.808735731679387,,,0.04464285714285714,0.09927081238960327,5
nasa+calce,oxford,30,common_with_soh,gru,42,0.023075905845014545,0.7235259751160081,0.7231707399541681,7.101011644474121,0.1556218033610368,0.0,-8.04254246874837,70.50472427988856,0.004142300194931774,0.059470710674992565,0.05884920634920635,0.0862371526539368,5,0.1543242528431632,0.6501749519880162,0.7367486639456315,1.8267032446547236,0.17737654907857253,0.0,-41.41904345609504,67.3910459820634,,,0.22376277815751497,0.13687980057771135,5,0.023075905845014545,0.6953922050440331,0.7512075322182048,2.677640312743081,0.1556218033610368,0.0,-16.554274485712945,32.74217311809064,0.004142300194931774,0.059470710674992565,0.05884920634920635,0.0862371526539368,5,0.023075905845014545,0.5679605145689581,0.6306383367837088,1.5886371605826757,0.1556218033610368,0.0,-39.74281534090893,70.48317670855134,,,0.05884920634920635,0.0862371526539368,5
nasa+calce,oxford,30,common_with_soh,gru,1,0.9831724411531341,0.7235516238230918,0.7235920819369229,7.306178046470584,0.9658572912867476,0.9605263157894737,4.4783039003704035,-50.52813121578085,0.9567251461988304,0.9965067536096879,0.9277777777777778,0.16149379837498484,5,0.7728775456228512,0.5982382289754744,0.6390191923488269,1.775979784901816,0.495853666605475,0.05263157894736842,29.594753406766387,-79.05729482239722,,,0.7442420634920635,0.07983581922289124,5,0.9831724411531341,0.5918485001888232,0.6268959317115269,1.7122665934472348,0.9658572912867476,0.9605263157894737,514.5549164898465,-1159.5240141236584,0.9567251461988304,0.9965067536096879,0.9277777777777778,0.16149379837498484,5,0.9831724411531341,0.5922549376290759,0.6364112854788855,1.7203687970576362,0.9658572912867476,0.9605263157894737,20.088501681176385,-50.53133960885843,,,0.9277777777777778,0.16149379837498484,5
nasa+calce,oxford,30,common_with_soh,gru,7,0.018811161068500396,0.7236049347536965,0.7235334710641341,8.122590954800634,0.1555335962043467,0.0,-1.9754014253767855,18.66458977144568,0.0036561441055823094,0.030560116767013337,0.027976190476190467,0.062003571427301556,5,0.0731618619412854,0.6346781642007597,0.6278809038075533,2.4247789352933746,0.2189388401997734,0.0,-21.275724046740564,35.791746792698866,,,0.0901545530492899,0.07610220560891315,5,0.018811161068500396,0.5478051970687662,0.5892382207387213,1.4948413006602925,0.1555335962043467,0.0,-409.64866139640003,761.8895321613525,0.0036561441055823094,0.030560116767013337,0.027976190476190467,0.062003571427301556,5,0.018811161068500396,0.5866722375501142,0.5997629898295136,1.6836234214122494,0.1555335962043467,0.0,-10.350174606477873,18.66875787550532,,,0.027976190476190467,0.062003571427301556,5
nasa+calce,oxford,50,common_with_soh,gru,42,0.21879132504628404,0.7236002166773498,0.7235951636054299,7.687253213188271,0.17910385263779988,0.0,-3.5287580240002354,35.8450822442619,0.11783170667370088,0.40152933832709115,0.39485892762208546,0.3124430216477118,5,0.258760909812219,0.7273692665468675,0.7305663595416327,4.311394385847411,0.20451850114085945,0.013157894736842105,-92.2030495258155,544.8226939331349,,,0.3111957735247209,0.13372245324054047,5,0.21879132504628404,0.6326825400964255,0.6583294229735682,1.9871933919867537,0.17910385263779988,0.0,-117.48909064021197,309.741657941578,0.11783170667370088,0.40152933832709115,0.39485892762208546,0.3124430216477118,5,0.21879132504628404,0.6360890942943574,0.6633408034821848,2.015626908496504,0.17910385263779988,0.0,-13.942360588143446,35.852489544857086,,,0.39485892762208546,0.3124430216477118,5
nasa+calce,oxford,50,common_with_soh,gru,1,0.2859693202856387,0.7235916282966177,0.7236102325266057,8.528266505938472,0.1937540834897465,0.0,-0.2800306874899653,2.2828347438540004,0.2192297546821419,0.3769506866416979,0.3557182919419762,0.1555298581348746,5,0.4032332716212642,0.6358388074228617,0.6574491640654477,2.1765701505849315,0.23526811495137198,0.039473684210526314,-0.10024876648165186,-0.673798853555436,,,0.4865724538619275,0.1805615742338232,5,0.2859693202856387,0.5826953753890759,0.6190831568550533,1.6627767660144321,0.1937540834897465,0.0,7.502099017487689,-17.124448739466988,0.2192297546821419,0.3769506866416979,0.3557182919419762,0.1555298581348746,5,0.2859693202856387,0.6170187823894682,0.6440582558532457,1.893411571652564,0.1937540834897465,0.0,-1.3214469221497258,2.2881001951141804,,,0.3557182919419762,0.1555298581348746,5
nasa+calce,oxford,50,common_with_soh,gru,7,0.7351891034117958,0.7236078067105323,0.7236175146969882,7.8941288544082555,0.39650374350639506,0.0,1.0097533909190484,-12.02908576123943,0.7111580058032182,0.7616997893579998,0.7381221614642668,0.025474996380844703,5,0.5167944988098387,0.7150205387257166,0.7177177405357361,3.7173019562852216,0.2833728238220071,0.06578947368421052,12.837324772740784,-67.05856614873058,,,0.5263742879927091,0.07889011754431258,5,0.7351891034117958,0.6674078236975161,0.6837867328453974,2.34161251849509,0.39650374350639506,0.0,39.0087724562238,-125.21881048999856,0.7111580058032182,0.7616997893579998,0.7381221614642668,0.025474996380844703,5,0.7351891034117958,0.6448559383102451,0.6674506034219414,2.0964582627697803,0.39650374350639506,0.0,3.92572837829908,-12.073714329601836,,,0.7381221614642668,0.025474996380844703,5
nasa+calce,oxford,10,common_no_soh,gru,42,0.013422375033060038,0.7232125152297677,0.7232025835730813,5.951345702561094,0.15528380997572455,0.0,-9.394850591775441,69.96615001478445,0.0,0.020110710476867605,0.0,0.0,5,0.05167283787357838,0.4122565647086828,0.5543566370010375,1.048159647293292,0.23649283990185593,0.0,-10.932210032909948,6.975081935298057,,,0.08992342598921546,0.06296544887821391,5,0.013422375033060038,0.548371777973102,0.5899612501277932,1.4972905717292493,0.15528380997572455,0.0,-1170.6427915720733,2185.1179454299227,0.0,0.020110710476867605,0.0,0.0,5,0.013422375033060038,0.5486600592028207,0.5797808913504149,1.4994593059753958,0.15528380997572455,0.0,-41.590363960283625,69.9498833862303,,,0.0,0.0,5
nasa+calce,oxford,10,common_no_soh,gru,1,0.013951335625495899,0.7233865484704476,0.7233309520374644,6.356896712657155,0.15529134940580658,0.0,-7.424216670863197,58.01660847302071,0.0,0.02031384896653293,0.0,0.0,5,0.47758529489553025,0.6229354048758363,0.6503450057723306,1.9121237342980137,0.2800167560970885,0.07894736842105263,-0.3283732652082515,-0.12942365484501356,,,0.44389935064935065,0.07059471270644195,5,0.013951335625495899,0.5429866758975451,0.5852231167587919,1.474327923150076,0.15529134940580658,0.0,-878.3825052951152,1604.0050322572602,0.0,0.02031384896653293,0.0,0.0,5,0.013951335625495899,0.6096034581732118,0.6289865615809213,1.8219882233289477,0.15529134940580658,0.0,-27.208794309067066,57.61145452889923,,,0.0,0.0,5
nasa+calce,oxford,10,common_no_soh,gru,7,0.012364453848188309,0.723608951278324,0.7236137160387907,7.904671763671948,0.15996804218264518,0.0,-36.721999701100785,382.56246013106414,0.0003663339133620291,0.019883040935672516,0.0,0.0,5,0.18616106850039674,0.6870661044702997,0.6819200288165699,7.021090952890923,0.24783298097251585,0.0,-49.17017088219309,121.0031222343816,,,0.1604274891774892,0.09801620918563868,5,0.012364453848188309,0.5363605233687178,0.5799719338209877,1.4469412492961908,0.15996804218264518,0.0,-0.4105113534065748,-0.2298654570786639,0.0003663339133620291,0.019883040935672516,0.0,0.0,5,0.012364453848188309,0.6150903634746857,0.6411516526839376,1.857627425735716,0.15996804218264518,0.0,-163.6812155296697,382.154431169973,,,0.0,0.0,5
nasa+calce,oxford,20,common_no_soh,gru,42,0.013752975403332451,0.7232694566190601,0.72317312782461,6.332943461872677,0.15546184722369444,0.0,-11.000983547890929,77.77983414285019,0.0003663339133620291,0.021052631578947364,0.0,0.0,5,0.15657233536101564,0.5297665615720373,0.5586422070589933,1.43115003424043,0.24615737531572748,0.0,-718.4571346594781,1018.6580524379099,,,0.15773340548340548,0.0523931854022271,5,0.013752975403332451,0.5359842935216552,0.5794894289099375,1.4454137491988042,0.15546184722369444,0.0,-2227.410291531424,3963.2377535043397,0.0003663339133620291,0.021052631578947364,0.0,0.0,5,0.013752975403332451,0.5398988889042718,0.5920018329715905,1.466474314411234,0.15546184722369444,0.0,-53.807212109996094,77.63144959093134,,,0.0,0.0,5
nasa+calce,oxford,20,common_no_soh,gru,1,0.017720179846601423,0.7235327372211887,0.7235501553795555,6.9555728246655795,0.15845254764050593,0.0,-31.50894662657667,285.1694961131505,0.0,0.031578947368421054,0.0,0.0,5,0.1608040201005025,0.6438250596197718,0.6497606548396024,4.918491979147283,0.27636363636363637,0.0,-476.7697338820977,1002.78840415198,,,0.15532287157287156,0.04755548460762154,5,0.017720179846601423,0.5711840345471828,0.6092259625329525,1.6025980309267325,0.15845254764050593,0.0,-0.37995358483779,-0.18538912408747552,0.0,0.031578947368421054,0.0,0.0,5,0.017720179846601423,0.6154520547220518,0.6407613164965601,1.8611220794688743,0.15845254764050593,0.0,-123.47624170545674,285.1148920036778,,,0.0,0.0,5
nasa+calce,oxford,20,common_no_soh,gru,7,0.012926474477651415,0.7236205608978755,0.7236183326894586,8.326604592145285,0.15538378994629937,0.0,-8.133934481939049,87.27887053850499,0.0003663339133620291,0.020467836257309937,0.0,0.0,5,0.25,0.7243021351924251,0.7141330940073186,10.007258664953882,0.20533205555746925,0.07894736842105263,-1.3953880107104957,17.622306884650854,,,0.3367218045112782,0.1559290967210778,5,0.012926474477651415,0.5451351507809835,0.5874800955979186,1.4834116513205575,0.15538378994629937,0.0,-0.40305133992497605,-0.21803416059356584,0.0003663339133620291,0.020467836257309937,0.0,0.0,5,0.012926474477651415,0.6339342643664463,0.6526332879137152,1.9992427724641013,0.15538378994629937,0.0,-34.00691797377924,84.37113308522429,,,0.0,0.0,5
nasa+calce,oxford,30,common_no_soh,gru,42,0.012562814070351761,0.7231041745870632,0.7221177085963163,7.062945090627922,0.1552292371983227,0.0,-1.802939334278062,11.356453916611185,0.0003663339133620291,0.02066276803118908,0.0,0.0,5,0.05431764083575772,0.8574426012637743,0.8780823973904957,9.382617652969355,0.20426051287477762,0.0,-0.8335246256444155,-0.5646993067566571,,,0.04218381180223285,0.05781992230669194,5,0.012562814070351761,0.5437440953130399,0.5851227662957562,1.477516327748387,0.1552292371983227,0.0,-217.56179064620935,395.30401139895633,0.0003663339133620291,0.02066276803118908,0.0,0.0,5,0.012562814070351761,0.619008879705659,0.6888513257772203,1.8991476461618633,0.1552292371983227,0.0,-7.18538242698755,11.3561522797606,,,0.0,0.0,5
nasa+calce,oxford,30,common_no_soh,gru,1,0.05054879661465221,0.7233714907937381,0.7231571173667908,6.57291270242202,0.1566386018264233,0.0,-3.112446381533862,23.354572121867886,0.008333333333333331,0.15489874110563764,0.20003968253968255,0.2515193971002274,5,0.04373842898704046,0.4582434168180479,0.5293881266225469,1.275195831815673,0.21107258328979409,0.0,-14.549860682434486,-19.86006974540079,,,0.09870300751879699,0.09243899671787782,5,0.05054879661465221,0.5417078688668358,0.5839976802905111,1.4689682771010606,0.1566386018264233,0.0,-452.4138333455791,821.3683462453868,0.008333333333333331,0.15489874110563764,0.20003968253968255,0.2515193971002274,5,0.05054879661465221,0.5443300802717013,0.6428291621631796,1.4860880839141715,0.1566386018264233,0.0,-15.610271029887707,23.367198725992335,,,0.20003968253968255,0.2515193971002274,5
nasa+calce,oxford,30,common_no_soh,gru,7,0.013521555144141762,0.7236354827941603,0.7236347449909557,9.944590032728083,0.16070665321535477,0.0,-4.2842149792491035,55.6120210927247,0.0006554307116104884,0.0202630643441166,9.920634920634925e-05,0.00022183214062497923,5,0.5,0.7236363636363636,0.7236363636363636,9.997406098288021,0.27636363636363637,0.0,-0.0693101170803827,-0.0050168339304807325,,,0.5,0.0,5,0.013521555144141762,0.5851566398174433,0.6205801971946016,1.67477879333875,0.16070665321535477,0.0,-0.366874955948336,-0.16923799139617018,0.0006554307116104884,0.0202630643441166,9.920634920634925e-05,0.00022183214062497923,5,0.013521555144141762,0.669863118448072,0.6816109150803243,2.374518207051138,0.16070665321535477,0.0,-18.27386886231401,55.61424079381372,,,9.920634920634925e-05,0.00022183214062497923,5
nasa+calce,oxford,50,common_no_soh,gru,42,0.7515538217402803,0.7235757698393817,0.7235288858413697,7.36376741928034,0.5611745978436612,0.2236842105263158,0.19672394907642116,-2.9761619716914374,0.5853073067792138,0.9394506866416978,0.8103494341915394,0.22707068070869738,5,0.714791060565988,0.5011951917705901,0.5892665850032459,1.9216962211077568,0.4435441059435638,0.3157894736842105,0.4614624155410065,-2.442792133206565,,,0.7682881066302119,0.13862963422260413,5,0.7515538217402803,0.6078403491743134,0.640516664332341,1.8083452373611253,0.5611745978436612,0.2236842105263158,-25.163335033420704,58.75313059703356,0.5853073067792138,0.9394506866416978,0.8103494341915394,0.22707068070869738,5,0.7515538217402803,0.6330205680979312,0.6650812747407061,1.99200861041596,0.5611745978436612,0.2236842105263158,0.7557242075151291,-2.9829061449458716,,,0.8103494341915394,0.22707068070869738,5
nasa+calce,oxford,50,common_no_soh,gru,1,0.01738957947632901,0.7235737410257603,0.7235744554346258,7.3561600480008105,0.1555001124994813,0.0,-9.799364079767493,92.04356014242234,0.0018726591760299637,0.025798588187496824,0.016666666666666673,0.03726779962499651,5,0.1861280084633695,0.6434967053795713,0.6521303313428706,2.4988792041873675,0.2308501030279747,0.0,-41.51548866223932,90.44695196612683,,,0.18716850839219262,0.029897545410925368,5,0.01738957947632901,0.5691149487944366,0.6074512425023914,1.5924503012066196,0.1555001124994813,0.0,-2279.3581011321553,4622.443627661989,0.0018726591760299637,0.025798588187496824,0.016666666666666673,0.03726779962499651,5,0.01738957947632901,0.6140571806958529,0.6748378803692271,1.85250455497509,0.1555001124994813,0.0,-40.87848247465738,91.9659075010662,,,0.016666666666666673,0.03726779962499651,5
nasa+calce,oxford,50,common_no_soh,gru,7,0.013984395662523142,0.7236153920111936,0.7236159354990179,8.09724316199691,0.15814020971956244,0.0,-6.5086676330755395,68.53994913748514,0.0,0.021532679904524905,0.0,0.0,5,0.051805078021687365,0.7048284678311098,0.6705034882372076,3.6336674209810247,0.23693013427877102,0.0,-1.6357418032260254,4.310727669088416,,,0.045500569605832764,0.05486828665666513,5,0.013984395662523142,0.5681620518011486,0.6067462952708339,1.5878201772425844,0.15814020971956244,0.0,-0.3826873974355251,-0.1890101911504246,0.0,0.021532679904524905,0.0,0.0,5,0.013984395662523142,0.6212748214964465,0.644076958176501,1.9006585008113044,0.15814020971956244,0.0,-28.97511564349978,68.49625967344033,,,0.0,0.0,5
nasa,severson,10,common_with_soh,gru,42,0.8125761984545163,0.08857731601606766,0.12311496242514001,0.37480924153876916,0.045977310424334936,0.3671875,0.2694422765955313,-3.4525369046484653,0.7474590282613515,0.8588857036941969,0.9999815105901734,0.00011693729528911191,40,0.7129143963400911,0.07934199269728441,0.10737470997375566,0.8077666386467826,0.03234006426791888,0.2548828125,0.09664365050702421,-3.762990634911673,,,0.8033035748543913,0.06448824043734352,40,0.8125761984545163,0.07754726764472705,0.13390801731371815,0.278292532162544,0.045977310424334936,0.3671875,0.39948954426893957,-3.3870651377765904,0.7474590282613515,0.8588857036941969,0.9999815105901734,0.00011693729528911191,40,0.8125761984545163,0.09387164542472633,0.1737480648145835,0.32620076910269785,0.045977310424334936,0.3671875,0.4640318391245199,-3.4542608306487437,,,0.9999815105901734,0.00011693729528911191,40
nasa,severson,10,common_with_soh,gru,1,0.8277097953489909,0.05182256870783778,0.10732958451818961,0.22507375734601356,0.07253185957137409,0.640625,0.3547984441674643,-3.359795445743286,0.7591312017302787,0.943739850460504,0.9956607565241203,0.027443785411611354,40,0.4999762585341245,0.06360567069440577,0.1666569366233678,0.5402247385025783,0.01771735120367807,0.13232421875,-0.010735210615398227,-4.0430693183181035,,,0.4880879319104297,0.05320377693980338,40,0.8277097953489909,0.03854537000505569,0.08496836110643667,0.1611658109282735,0.07253185957137409,0.640625,0.5129201670538558,-2.9125704878668977,0.7591312017302787,0.943739850460504,0.9956607565241203,0.027443785411611354,40,0.8277097953489909,0.0846213880785159,0.23798885397696198,0.33189700470745337,0.07253185957137409,0.640625,0.7113140980072562,-3.3590292443494043,,,0.9956607565241203,0.027443785411611354,40
nasa,severson,10,common_with_soh,gru,7,0.8679209013224957,0.024277658393962835,0.021535139925482706,0.09186541321801249,0.06283720398025534,0.37744140625,0.5607289465015133,-1.86046035381028,0.8334405610641471,0.9169354092335869,0.9999494863313455,0.00029310211969652396,40,0.6367566070327249,0.03899531681036064,0.12698218007096945,0.18768507460959255,0.024178448031747395,0.11962890625,0.43162653400402984,-3.126982570417483,,,0.7211927252695035,0.07101047141678335,40,0.8679209013224957,0.022035955779299923,0.03739025800912804,0.10735598083800095,0.06283720398025534,0.37744140625,0.6127669242463686,-2.252198310695894,0.8334405610641471,0.9169354092335869,0.9999494863313455,0.00029310211969652396,40,0.8679209013224957,0.027981355610511693,0.06976272095371029,0.12712900479341777,0.06283720398025534,0.37744140625,0.9762509497019262,-1.8575234483876433,,,0.9999494863313455,0.00029310211969652396,40
nasa,severson,20,common_with_soh,gru,42,0.7759203881531563,0.11203095351313554,0.126318914497865,0.5051635826017974,0.0466563788604861,0.32107843137254904,0.17900563825575572,-3.346494471824479,0.6971877675267903,0.834702532541196,0.9940803857976158,0.013489941096387724,40,0.7212820763735682,0.1512555612437149,0.24351440672387642,1.431401486876262,0.04546674288186048,0.3075980392156863,0.1002538938342575,-3.81890797138729,,,0.7965588178339207,0.10742041582700909,40,0.7759203881531563,0.1248670807574837,0.2021868058197459,0.4781230904100675,0.0466563788604861,0.32107843137254904,0.2941921013843076,-3.5768398195590287,0.6971877675267903,0.834702532541196,0.9940803857976158,0.013489941096387724,40,0.7759203881531563,0.10549769599766684,0.17435904023894178,0.35379144807917673,0.0466563788604861,0.32107843137254904,0.3816083748688307,-3.3451468502345203,,,0.9940803857976158,0.013489941096387724,40
nasa,severson,20,common_with_soh,gru,1,0.8559118730392788,0.13631534311467214,0.26441349165764055,0.3967623730042165,0.39449736886373693,0.41625816993464054,2.227418979923289,-3.9841528616740742,0.8179792913556629,0.9101597633139028,0.9999336510951855,0.00023539348654693618,40,0.8124363833304785,0.19395103619501045,0.41609516563170684,0.579120710880715,0.3756228144098328,0.41625816993464054,3.2061077377611213,-3.8258532757994668,,,0.912554892294434,0.10881446934134095,40,0.8559118730392788,0.12586207300604005,0.3010993094377102,0.4131168541850894,0.39449736886373693,0.41625816993464054,3.4461513982349787,-3.3964294006086284,0.8179792913556629,0.9101597633139028,0.9999336510951855,0.00023539348654693618,40,0.8559118730392788,0.1697094904981178,0.3834487583449506,0.5244551870227862,0.39449736886373693,0.41625816993464054,6.968577763133779,-3.9782412593202463,,,0.9999336510951855,0.00023539348654693618,40
nasa,severson,20,common_with_soh,gru,7,0.8643491818542665,0.08657017466732461,0.09535798041258123,0.26624423002870384,0.07085270947635273,0.36642156862745096,0.26841683753880824,-2.8626482292819078,0.8310174820296765,0.8995962943517369,0.9999851152310889,8.811228121850256e-05,40,0.7142395546627474,0.10052534481544279,0.18377178199158764,0.3314827096404245,0.05018220645273201,0.37540849673202614,0.4814007731014044,-3.2453244809306714,,,0.7865361270401825,0.10069430625059309,40,0.8643491818542665,0.10316179829296089,0.21084844090837787,0.362772810575685,0.07085270947635273,0.36642156862745096,0.5134530672625979,-3.369792868341327,0.8310174820296765,0.8995962943517369,0.9999851152310889,8.811228121850256e-05,40,0.8643491818542665,0.06687266471628607,0.13043529832991682,0.2284229173487008,0.07085270947635273,0.36642156862745096,0.6088462601599315,-2.8594227514600647,,,0.9999851152310889,8.811228121850256e-05,40
nasa,severson,30,common_with_soh,gru,42,0.8356921365794758,0.08134497481469354,0.08348060204796343,0.2960926524756418,0.06548040505073549,0.25842696629213485,0.250300088061642,-2.946810561549524,0.7910008995014096,0.8747026884052066,0.9999851483785861,5.3488709243748956e-05,40,0.6175466466639661,0.3410362223081683,0.5583083538983095,0.9806599287086313,0.03710549297526072,0.2011938202247191,0.055394383307964305,-3.716036929922956,,,0.6219334693587584,0.1879709404717424,40,0.8356921365794758,0.11591329950958641,0.2710367149719284,0.40776180151387825,0.06548040505073549,0.25842696629213485,0.5536478872384065,-3.2839334444991315,0.7910008995014096,0.8747026884052066,0.9999851483785861,5.3488709243748956e-05,40,0.8356921365794758,0.09773158030801411,0.24788081672107112,0.35595532911370736,0.06548040505073549,0.25842696629213485,0.9211031909294143,-2.944520703584253,,,0.9999851483785861,5.3488709243748956e-05,40
nasa,severson,30,common_with_soh,gru,1,0.8965405233443848,0.05024581900689667,0.10454190613269267,0.17665274371196843,0.45957561429596167,0.5976123595505618,1.0074448847960387,-2.279223729851536,0.8652045974720595,0.9376570902436611,0.9999370286682978,0.000398265670944784,40,0.772458058266119,0.3010222798826621,0.5286738685939846,0.7969994622567496,0.43446324347323334,0.5972612359550562,4.4541513675960305,-5.30948448709096,,,0.8486931409524953,0.09725242882233638,40,0.8965405233443848,0.08484914976116174,0.24663610042628398,0.3303247652468444,0.45957561429596167,0.5976123595505618,2.0838049094438813,-2.351862376387808,0.8652045974720595,0.9376570902436611,0.9999370286682978,0.000398265670944784,40,0.8965405233443848,0.1427228955604312,0.34997973658153425,0.4715742661258346,0.45957561429596167,0.5976123595505618,4.716585593197762,-2.2732543538298575,,,0.9999370286682978,0.000398265670944784,40
nasa,severson,30,common_with_soh,gru,7,0.843192769153302,0.025767475006099095,0.0213772493328249,0.1090795624146571,0.06981324257134915,0.2970505617977528,0.5862362390420879,-0.8565003034815417,0.8113090941301939,0.8798725770242075,0.9999651476926052,0.00021387917523609835,40,0.840653874392917,0.15747375428481364,0.2246573250200089,0.3999739236901482,0.07586695486305464,0.3356741573033708,0.31833175498659105,-2.9090386855771984,,,0.9602216212224738,0.05001472521797483,40,0.843192769153302,0.09450077022356636,0.26543417158125654,0.364189798050138,0.06981324257134915,0.2970505617977528,1.8276414573271995,-2.061482379893503,0.8113090941301939,0.8798725770242075,0.9999651476926052,0.00021387917523609835,40,0.843192769153302,0.08022998000195625,0.2372159903189973,0.32396953294074443,0.06981324257134915,0.2970505617977528,3.1582317854610573,-0.8569219203095628,,,0.9999651476926052,0.00021387917523609835,40
nasa,severson,50,common_with_soh,gru,42,0.8761287069513571,0.0590100104356927,0.05678779808876365,0.20335705509496788,0.11250768217629312,0.5424890350877193,0.3104720257177901,-2.18917604700617,0.8385483116752817,0.9183865893399645,0.9999687615758596,0.00013732065730733337,40,0.8292737403297428,0.383967459315381,0.5907466430500179,0.9683008408643479,0.09032573301253968,0.33771929824561403,3.2834479388573055,-5.448931414579619,,,0.9634212906709181,0.035073838330106355,40,0.8761287069513571,0.11938747277155222,0.28666132385645104,0.4193466813805964,0.11250768217629312,0.5424890350877193,0.5568507151378794,-3.03131039812176,0.8385483116752817,0.9183865893399645,0.9999687615758596,0.00013732065730733337,40,0.8761287069513571,0.10782077600061822,0.27609848519619695,0.3900951721806344,0.11250768217629312,0.5424890350877193,1.80568729574201,-2.187765929183442,,,0.9999687615758596,0.00013732065730733337,40
nasa,severson,50,common_with_soh,gru,1,0.7448217270613553,0.1025246905416041,0.17848293349272612,0.397488080663372,0.06035345187923516,0.23218201754385964,0.2565704002324202,-3.1234487765284187,0.6695534468612884,0.8126422230108801,1.0,0.0,40,0.588119905065624,0.35985809636955657,0.5741747088233885,0.916675460653806,0.043001824325901314,0.23218201754385964,4.638607828780714,-5.478601885559477,,,0.602953263831304,0.13908574751089683,40,0.7448217270613553,0.17599012343282885,0.3776160219605851,0.542761706778147,0.06035345187923516,0.23218201754385964,1.150613506212042,-3.076368606304962,0.6695534468612884,0.8126422230108801,1.0,0.0,40,0.7448217270613553,0.2209260378830362,0.43665940587253727,0.6348818370551632,0.06035345187923516,0.23218201754385964,2.9709714539827634,-3.1233458205415996,,,1.0,0.0,40
nasa,severson,50,common_with_soh,gru,7,0.8717396317565446,0.029226033427832143,0.016481127251085075,0.11815346850421934,0.2206702818443817,0.6175986842105263,1.6588808541206201,3.025341423058574,0.8355728728482801,0.9178285935834073,1.0,0.0,40,0.7598909633112627,0.26461701960783873,0.3353188952361545,0.6731945550419425,0.0645240626740288,0.20751096491228072,0.2285430363998124,-2.968565924550124,,,0.9229629231035952,0.08714932003228483,40,0.8717396317565446,0.16831068216293854,0.37214841460596915,0.5277683848226392,0.2206702818443817,0.6175986842105263,55.7852963981202,17.434057786349754,0.8355728728482801,0.9178285935834073,1.0,0.0,40,0.8717396317565446,0.09302224490607014,0.25182122476066154,0.3550538141941803,0.2206702818443817,0.6175986842105263,9.455157732526208,3.060197498017093,,,1.0,0.0,40
nasa,severson,10,common_no_soh,gru,42,0.8477102241720166,0.04515771227148993,0.08229589935045234,0.15725348064554223,0.05158984756953086,0.27685546875,0.5643213334627809,-2.697022099378382,0.7932599392323288,0.8884851912046839,0.996920660248543,0.0104531979746614,40,0.5562117187534142,0.04201422823009572,0.1251081282136987,0.194515882306115,0.023957266693030523,0.18017578125,0.4681510613006261,-3.179720977386926,,,0.526355703745977,0.09653584239520298,40,0.8477102241720166,0.057854712412591804,0.1930274874422351,0.26055467208712657,0.05158984756953086,0.27685546875,1.281415440885407,-2.4272226567608386,0.7932599392323288,0.8884851912046839,0.996920660248543,0.0104531979746614,40,0.8477102241720166,0.12463649910604568,0.3220298083437125,0.42854843473104437,0.05158984756953086,0.27685546875,2.6543119657911904,-2.6861526035169,,,0.996920660248543,0.0104531979746614,40
nasa,severson,10,common_no_soh,gru,1,0.7189971323143005,0.3761264809172873,0.4354994162242316,1.370476018946772,0.03439713588622976,0.30029296875,0.24442396096877342,-4.193848896565699,0.5607585667884004,0.8197997751439211,0.9707531852311513,0.06678019994278576,40,0.6937156250204852,0.20320629704761609,0.3259388266967761,1.1834894153382054,0.03071131276630104,0.21826171875,0.10478793067736149,-3.9002046520767983,,,0.8397538622126011,0.0766254247401598,40,0.7189971323143005,0.16624166842828977,0.3861416587859219,0.5234477345949079,0.03439713588622976,0.30029296875,12.020212052215996,0.3639012147546217,0.5607585667884004,0.8197997751439211,0.9707531852311513,0.06678019994278576,40,0.7189971323143005,0.23382283294622278,0.45259406932195445,0.6587499227218271,0.03439713588622976,0.30029296875,1.880268138766764,-4.194893505823659,,,0.9707531852311513,0.06678019994278576,40
nasa,severson,10,common_no_soh,gru,7,0.8318988282718105,0.14266401951581376,0.3208031259037547,0.4486224745157684,0.05896344192317537,0.3173828125,1.5769372248442528,-3.5176576035234,0.7554661294518674,0.8806717184158334,0.9925677361173555,0.018528716550177723,40,0.5495972836246417,0.30359786311617076,0.5276743518644421,0.7986802203656688,0.019502486698939406,0.0,2.6254385621793883,-4.725048917447918,,,0.540641418256268,0.051528386348861095,40,0.16810117172818959,0.16271191159215465,0.3784786223342647,0.5155959204992528,0.01014837841480969,0.0,-8.399508023670007,-8.18031852893743,0.11932828158416665,0.24453387054813247,0.007432263882644566,0.018528716550177713,40,0.8318988282718105,0.2389590942256614,0.4711006995072875,0.6710429759870257,0.05896344192317537,0.3173828125,28.242387843714535,-3.512539243348079,,,0.9925677361173555,0.018528716550177723,40
nasa,severson,20,common_no_soh,gru,42,0.8455741346828759,0.14942347041862836,0.28911301215718577,0.4359892404695445,0.06822191398464329,0.2973856209150327,1.3600936827468366,-3.5734135264649445,0.7995356150784819,0.880981500522275,0.9991700212443966,0.003046809749031214,40,0.8732308184679103,0.21110673396470198,0.42707609923259926,0.6089008938569722,0.08099633606749108,0.7312091503267973,31.525470238100773,-6.883581641870459,,,0.9625094215486302,0.04230828470224303,40,0.8455741346828759,0.17511026981801314,0.39380087741363373,0.5413065717093204,0.06822191398464329,0.2973856209150327,10.688494127140368,-1.1416494661356347,0.7995356150784819,0.880981500522275,0.9991700212443966,0.003046809749031214,40,0.8455741346828759,0.22736499324997025,0.4551445476568442,0.647650267119876,0.06822191398464329,0.2973856209150327,18.617081277632806,-3.5634158996523335,,,0.9991700212443966,0.003046809749031214,40
nasa,severson,20,common_no_soh,gru,1,0.6752083497431414,0.46163170136455,0.5307725093660735,1.5998374531130026,0.03521361540715087,0.2602124183006536,0.22101979533839014,-4.074138554609312,0.5221668740434404,0.7900605954488124,0.9706483136603751,0.06297831997298002,40,0.6473270217772054,0.25064601955955534,0.45863617582765825,0.6841764017889111,0.029926234369779006,0.0886437908496732,3.811918065911838,-4.591147471023408,,,0.6648376463485295,0.09485428265196817,40,0.32479165025685863,0.13573663931393998,0.29224648431617906,0.4337611406128508,0.01439482493625827,0.0,-0.9248597378592498,-4.876397135918351,0.20993940455118767,0.47783312595655975,0.029351686339624754,0.06297831997298002,40,0.6752083497431414,0.24901049295003472,0.47691454855112225,0.6910254565882198,0.03521361540715087,0.2602124183006536,4.55666034705412,-4.088311814512914,,,0.9706483136603751,0.06297831997298002,40
nasa,severson,20,common_no_soh,gru,7,0.7774755739649237,0.1544730045377419,0.23482563060713302,0.5619597724994434,0.04800320035990787,0.25,0.30463710652165327,-3.6354587010728996,0.6817776558745693,0.8477745532919337,0.9906684217646504,0.02227626209243234,40,0.7715025382031796,0.21573436958778425,0.4421299021288678,0.6242127620978571,0.04489848701681138,0.22058823529411764,42.39167524272631,-2.3169068233439982,,,0.9096189816358514,0.07865513229866726,40,0.7774755739649237,0.161372049175283,0.3737169646260715,0.5118812952447337,0.04800320035990787,0.25,2.646046980792589,-2.9003028936404305,0.6817776558745693,0.8477745532919337,0.9906684217646504,0.02227626209243234,40,0.7774755739649237,0.21947613843274344,0.44534241464872765,0.6318153306778123,0.04800320035990787,0.25,3.294586908597059,-3.635976884165514,,,0.9906684217646504,0.02227626209243234,40
nasa,severson,30,common_no_soh,gru,42,0.8241357640898432,0.036460070638593044,0.03411345181718953,0.13213331662290997,0.07663460730142173,0.24473314606741572,0.5248912347922098,-2.0466261680779914,0.7791877786278589,0.8884998193744027,0.9595603972343986,0.09660442603400186,40,0.8026680123870245,0.16390066875799103,0.3739504962785944,0.5165524678022106,0.07703717353075515,0.24473314606741572,4.005635528910895,-2.654298646567033,,,0.8821961004627908,0.14967996205211703,40,0.8241357640898432,0.23204231180888074,0.45630182523374996,0.6572140361723761,0.07663460730142173,0.24473314606741572,0.2909497525574868,-3.6603886386687083,0.7791877786278589,0.8884998193744027,0.9595603972343986,0.09660442603400186,40,0.8241357640898432,0.20883592188305375,0.4306747825335174,0.61054495435513,0.07663460730142173,0.24473314606741572,10.554715709140472,-2.0449428630258173,,,0.9595603972343986,0.09660442603400186,40
nasa,severson,30,common_no_soh,gru,1,0.6334516736961439,0.1634093500037076,0.2675656080836225,0.45376785088622607,0.03669265514627791,0.24578651685393257,0.083049813230604,-3.5565627961128112,0.48162812470895056,0.7643017439900978,0.8166019875142176,0.09841176671464766,40,0.6966200685449432,0.2870281288082978,0.48875371256829453,0.763394387570158,0.04123489321565241,0.2563202247191011,4.1514416072393505,-5.548430461522222,,,0.7235033091622843,0.057206797445032674,40,0.36654832630385614,0.23533647632069593,0.45921536788972156,0.6637436687301465,0.01808580932546786,0.0,-0.340446325333976,-3.71035855181953,0.2356982560099021,0.5183718752910493,0.18339801248578233,0.09841176671464763,40,0.6334516736961439,0.2305871927327038,0.4542164014071777,0.6541999350517779,0.03669265514627791,0.24578651685393257,1.6787197071892759,-3.5562361273583742,,,0.8166019875142176,0.09841176671464766,40
nasa,severson,30,common_no_soh,gru,7,0.692697526709277,0.22374309294841013,0.3147446378201485,0.7151842752656336,0.044681952699548964,0.2226123595505618,0.23383341080229758,-3.5572317963800257,0.5705658544335775,0.7907532738619728,0.9873878456284612,0.03671682301505521,40,0.5075119007200538,0.08728828702114563,0.21280860773490995,0.33840597164918323,0.02930703941222494,0.10077247191011236,0.2057495871157507,-3.4487772951012197,,,0.4826207741157614,0.05410773470798943,40,0.692697526709277,0.1617419452348375,0.3560509029989557,0.5053866425375756,0.044681952699548964,0.2226123595505618,0.9886107090517693,-3.3067434037763315,0.5705658544335775,0.7907532738619728,0.9873878456284612,0.03671682301505521,40,0.692697526709277,0.21131062028900865,0.4256290564050137,0.6136262366334531,0.044681952699548964,0.2226123595505618,1.5195255482188816,-3.5551361855335832,,,0.9873878456284612,0.03671682301505521,40
nasa,severson,50,common_no_soh,gru,42,0.6544828820449454,0.33134926784502444,0.39315533572171746,0.9105217634550941,0.04789236562278828,0.20093201754385964,0.2066110240831462,-3.362481177904251,0.56985884688874,0.7147036130178497,0.9788817573848553,0.09286103856983433,40,0.6357291698741456,0.2428051218824582,0.4609047684253603,0.6787283370725974,0.03969318935214608,0.2722039473684211,3.9849576412058103,-3.372228283491572,,,0.9475988580556681,0.09757010994119569,40,0.6544828820449454,0.2985711163542358,0.5179939347760194,0.7906560750646722,0.04789236562278828,0.20093201754385964,8.283788520960858,-5.122909769788015,0.56985884688874,0.7147036130178497,0.9788817573848553,0.09286103856983433,40,0.6544828820449454,0.23841518044757645,0.4560481851161971,0.6698638911351269,0.04789236562278828,0.20093201754385964,4.133972847072782,-3.3629270989693403,,,0.9788817573848553,0.09286103856983433,40
nasa,severson,50,common_no_soh,gru,1,0.6398737963012209,0.15145767376406036,0.25426892066329154,0.44227784581971574,0.043079866653949916,0.20668859649122806,0.043717021635696136,-3.320918980119283,0.5227818225820532,0.7534511723551307,0.9423738583430697,0.12588518485242817,40,0.49786506805142666,0.1712776365871639,0.3750975870687425,0.5338939048430308,0.031216980193037022,0.0849780701754386,-7.451872016733437,-6.280871683336035,,,0.49469712401537064,0.02674206062733842,40,0.6398737963012209,0.24244358638560293,0.4574059821250498,0.6779003550814999,0.043079866653949916,0.20668859649122806,-0.2119492772361091,-3.444102338512178,0.5227818225820532,0.7534511723551307,0.9423738583430697,0.12588518485242817,40,0.6398737963012209,0.22029306181292793,0.4347653652901645,0.6333701262700357,0.043079866653949916,0.20668859649122806,0.876322304669557,-3.319108742748276,,,0.9423738583430697,0.12588518485242817,40
nasa,severson,50,common_no_soh,gru,7,0.6659136611909366,0.16254991722735354,0.24839465619068185,0.4456916285033406,0.04568270257075367,0.17434210526315788,0.2848144375986233,-3.056260496813977,0.5639883758483054,0.7591949437294817,0.9872314321747899,0.03449375901568223,40,0.5024636778776024,0.1851494663076769,0.39345470295546286,0.5624975759532616,0.0314816877713245,0.05016447368421053,0.9525573317612871,-3.141822302952479,,,0.4898376961482812,0.03764672854959515,40,0.6659136611909366,0.2199707718346455,0.43014615291103325,0.6321303275734397,0.04568270257075367,0.17434210526315788,1.010954687194002,-3.3262849758427633,0.5639883758483054,0.7591949437294817,0.9872314321747899,0.03449375901568223,40,0.6659136611909366,0.20977947505378514,0.4225358491677649,0.6116414584776835,0.04568270257075367,0.17434210526315788,2.9122994553129167,-3.0585118883903193,,,0.9872314321747899,0.03449375901568223,40
calce,severson,10,common_with_soh,gru,42,0.396803830656285,0.982270194858997,0.9823406702942318,9.466845863888372,0.02361052509682431,0.3095703125,-0.4155161816645653,-0.04232357985378108,0.029616517108372944,0.6518762975702909,0.03654497450762888,0.16151556278869286,40,0.4046021425377692,0.6099771309711013,0.7554945636744093,2.468496766481266,0.028871628813064,0.2978515625,0.048253824445402,-4.146097111087781,,,0.06687704322338468,0.15885530885028262,40,0.396803830656285,0.7742450761796031,0.8599122472171385,2.3395867860926693,0.02361052509682431,0.3095703125,-0.4292150784478154,-3.16319421932498,0.029616517108372944,0.6518762975702909,0.03654497450762888,0.16151556278869286,40,0.396803830656285,0.7820251708902813,0.8743742601185347,2.1934588823944177,0.02361052509682431,0.3095703125,-1.5610802601955653,-0.7367483495493731,,,0.03654497450762888,0.16151556278869286,40
calce,severson,10,common_with_soh,gru,1,0.28134985456549033,0.9806163633995423,0.98149821400929,6.873090614799851,0.011303604325611078,0.0,-22.857409575915074,155.6027772429181,0.04872069065862499,0.4363318478964761,0.09145904204008702,0.22642110523562833,40,0.4883210851325691,0.027764931600812042,0.10241456014167682,0.16287112409340923,0.017103155861939584,0.0810546875,1.6125824487044464,-0.8093545553412191,,,0.5178129461675582,0.05401812515676348,40,0.28134985456549033,0.0455483623206906,0.16640215965499605,0.23163946282034847,0.011303604325611078,0.0,-4.833223760243207,-11.498726055757533,0.04872069065862499,0.4363318478964761,0.09145904204008702,0.22642110523562833,40,0.28134985456549033,0.6522696022200775,0.7968345747566898,1.6584236169254207,0.011303604325611078,0.0,-1.8733436249490856,-1.256718424850491,,,0.09145904204008702,0.22642110523562833,40
calce,severson,10,common_with_soh,gru,7,0.8004400501825366,0.9815070611269818,0.9819585561537362,8.015808571752542,0.044868348918810405,0.33251953125,1.9246422959827734,-20.87235689039018,0.7278868488458707,0.8493217637286874,0.9999543963827598,0.00028842260004251224,40,0.6806560434069961,0.619124085137127,0.7698480008299879,1.6292998605548363,0.027525612507121624,0.2412109375,5.032722400926253,-12.862927190463356,,,0.766363269587308,0.05710428673117211,40,0.8004400501825366,0.8144857251192226,0.8928932380620594,2.372444814123281,0.044868348918810405,0.33251953125,253.2084747347116,-595.3607210131224,0.7278868488458707,0.8493217637286874,0.9999543963827598,0.00028842260004251224,40,0.8004400501825366,0.7490118774626644,0.8555096657545109,2.0465638204031396,0.044868348918810405,0.33251953125,8.071268420365218,-20.864231652515333,,,0.9999543963827598,0.00028842260004251224,40
calce,severson,20,common_with_soh,gru,42,0.8448921083069114,0.7171176957805665,0.8298516712579944,2.3534854017798894,0.06065425680746786,0.2397875816993464,0.5255540834915067,-5.368206952646082,0.8096856394531334,0.8934686542915572,0.9752768007270838,0.02683895192709,40,0.7896933585880995,0.03852696593012864,0.07065643074867789,0.15435884562579022,0.051872119935473,0.24223856209150327,0.24759189856496336,-2.590441671011077,,,0.9057339386559431,0.047572442195936565,40,0.8448921083069114,0.1146641479988842,0.14526651705112847,0.3375007145712583,0.06065425680746786,0.2397875816993464,0.29044590015613625,-2.9105714877788573,0.8096856394531334,0.8934686542915572,0.9752768007270838,0.02683895192709,40,0.8448921083069114,0.4667730084515903,0.6643729638674009,1.1914489090896296,0.06065425680746786,0.2397875816993464,1.4271420585439292,-5.3685636728362445,,,0.9752768007270838,0.02683895192709,40
calce,severson,20,common_with_soh,gru,1,0.8746012183759352,0.9747521404074309,0.9768504049812582,6.392386175567245,0.10232743861350027,0.7103758169934641,3.026570870243466,-25.81785924471555,0.8053068479554963,0.9712778615548894,0.9905645973136045,0.01721130147832884,40,0.5,0.021020092735703245,0.021020092735703245,0.29040429209989305,0.021020092735703245,0.0,0.2765926378256852,-0.02002044417438878,,,0.5,0.0,40,0.8746012183759352,0.02101032894305668,0.02097394027623081,0.1976890121599983,0.10232743861350027,0.7103758169934641,0.5662140244795444,2.5276241064523317,0.8053068479554963,0.9712778615548894,0.9905645973136045,0.01721130147832884,40,0.8746012183759352,0.5594386064179815,0.7344376111058496,1.387683526721045,0.10232743861350027,0.7103758169934641,17.44581300767405,-25.77322666740515,,,0.9905645973136045,0.01721130147832884,40
calce,severson,20,common_with_soh,gru,7,0.6106546533113473,0.8749523260796473,0.9242799210252579,2.900055889746,0.11611976658936535,0.4959150326797386,1.8096513301563861,-9.361480609693787,0.35648695239125744,0.9298797795512946,0.9272543988702326,0.19413258687766982,40,0.4989470098492098,0.02060344976069669,0.005020091975552098,0.10271192508920661,0.021051158264240446,0.027369281045751634,0.8807038875838321,-0.21381304918712657,,,0.5005238499279007,0.01023766013383643,40,0.6106546533113473,0.018963210333878076,0.007436772509968332,0.14445272056210837,0.11611976658936535,0.4959150326797386,0.12366200869442322,-3.044285733672601,0.35648695239125744,0.9298797795512946,0.9272543988702326,0.19413258687766982,40,0.6106546533113473,0.43350797587284046,0.6427732839333615,1.075993057450752,0.11611976658936535,0.4959150326797386,7.732949247770079,-9.365174574516134,,,0.9272543988702326,0.19413258687766982,40
calce,severson,30,common_with_soh,gru,42,0.590805604957658,0.9754670647051104,0.9755055260948968,10.02200658937519,0.02771548850366662,0.006671348314606741,1.8315874426443433,-22.830476286952152,0.49847592761048654,0.6642903216063887,0.5986992266884485,0.09740890362167406,40,0.5662121958947998,0.9570378880432402,0.9659224795866275,12.033495294654294,0.028082630774540256,0.020014044943820225,0.43566850373047666,-9.563536166870472,,,0.5513650538350555,0.03477050154980487,40,0.590805604957658,0.9532399579687014,0.9641038239134418,4.431342791389125,0.02771548850366662,0.006671348314606741,3.8073487583652192,-21.498083594406626,0.49847592761048654,0.6642903216063887,0.5986992266884485,0.09740890362167406,40,0.590805604957658,0.8809480983002378,0.9258754101041433,2.9380526351322627,0.02771548850366662,0.006671348314606741,6.363812063386105,-22.848183197020973,,,0.5986992266884485,0.09740890362167406,40
calce,severson,30,common_with_soh,gru,1,0.20126158208432246,0.9752924886576332,0.9754138600610283,8.747586113863147,0.014205729069597488,0.012991573033707866,-5.5341281821451895,45.011797788600354,0.010381498508219913,0.3864957103554501,0.0014038077228076683,0.005465141645987093,40,0.5017935266669489,0.3197560685753741,0.5439663177945657,0.8335697242962444,0.024578009198579054,0.05828651685393258,-0.9427748825548825,-3.423143388104152,,,0.5010965612828887,0.027501213408929314,40,0.20126158208432246,0.5378795940515874,0.7102059563302024,1.335375921130482,0.014205729069597488,0.012991573033707866,-2.5960767865125973,-1.8907968973246938,0.010381498508219913,0.3864957103554501,0.0014038077228076683,0.005465141645987093,40,0.20126158208432246,0.7058828430884494,0.8255251140064449,1.8569433204110366,0.014205729069597488,0.012991573033707866,-28.613870319456765,45.082031854675726,,,0.0014038077228076683,0.005465141645987093,40
calce,severson,30,common_with_soh,gru,7,0.31973476335236384,0.9696159095875233,0.9723403533448187,6.917897077146058,0.02598136199404917,0.23174157303370788,-0.5457917440548766,-0.07708367942934886,0.04844476981291722,0.5793913043938755,0.13855295450044808,0.17788574491745482,40,0.367295964406454,0.4227712224651622,0.6173422122855672,1.0693315107417514,0.029739942264525598,0.23103932584269662,-0.549541630690289,-3.9531082121723067,,,0.2353590317877871,0.1831579868597346,40,0.31973476335236384,0.7449067924869678,0.8254165437485481,2.12159948628817,0.02598136199404917,0.23174157303370788,-0.09535308553027275,-3.6030769620762535,0.04844476981291722,0.5793913043938755,0.13855295450044808,0.17788574491745482,40,0.31973476335236384,0.7276611614717866,0.8365726478768096,1.9648238156029045,0.02598136199404917,0.23174157303370788,-2.0780352962784754,-0.08237381255912424,,,0.13855295450044808,0.17788574491745482,40
calce,severson,50,common_with_soh,gru,42,0.16349469362472951,0.9684757498718884,0.9685721180487309,8.890802351109183,0.018257935775702,0.01425438596491228,-13.942878392141548,124.05897282592971,0.013564312280491198,0.3299366824380797,0.0014472619519293845,0.00835320586887898,40,0.4377046298616048,0.9683574356269713,0.9683697445130974,13.33460195938298,0.02783943896581421,0.0,-0.327100237910547,0.9540668724042208,,,0.41391958362483194,0.10807977822713935,40,0.16349469362472951,0.8779662752257371,0.9206601698717324,2.942750910096896,0.018257935775702,0.01425438596491228,-1.03341805295955,-0.3455714870970851,0.013564312280491198,0.3299366824380797,0.0014472619519293845,0.00835320586887898,40,0.16349469362472951,0.8933444410372859,0.928919890985901,3.126751530279668,0.018257935775702,0.01425438596491228,-40.172388366124416,124.07756323541999,,,0.0014472619519293845,0.00835320586887898,40
calce,severson,50,common_with_soh,gru,1,0.5053774245721494,0.9612168176096285,0.9648170072312169,5.386028596557229,0.034093077165600554,0.05866228070175439,-0.5985636494227564,-0.10753274355920968,0.32413735200359456,0.6439511516401129,0.6640921581783036,0.39512630758258,40,0.5,0.03132405976300876,0.03132405976300876,0.43275884705057593,0.03132405976300876,0.0,0.24709214314698755,-0.0178851270103153,,,0.5,0.0,40,0.5053774245721494,0.03132405976300804,0.03132405974432249,0.43275884705057593,0.034093077165600554,0.05866228070175439,0.24709214314698755,-0.0178851270103153,0.32413735200359456,0.6439511516401129,0.6640921581783036,0.39512630758258,40,0.5053774245721494,0.7340114460588196,0.8388344469896178,1.9821478948283615,0.034093077165600554,0.05866228070175439,-1.4135600464901898,-0.7422729144340874,,,0.6640921581783036,0.39512630758258,40
calce,severson,50,common_with_soh,gru,7,0.38709577577561116,0.9656226757495366,0.9670969288511495,6.256463066182144,0.027050390000418603,0.13157894736842105,-2.7068074440097516,13.998626500665045,0.22100301940981829,0.5547050399559336,0.20135396489626495,0.17283338139030208,40,0.5,0.03132405976300876,0.03132405976300876,0.43275884705057593,0.03132405976300876,0.0,0.24709214314698755,-0.0178851270103153,,,0.5,0.0,40,0.38709577577561116,0.031284532686863355,0.030494166798935924,0.2590044267992763,0.027050390000418603,0.13157894736842105,-0.23920684067442724,-5.357121280990287,0.22100301940981829,0.5547050399559336,0.20135396489626495,0.17283338139030208,40,0.38709577577561116,0.6761110981480828,0.8035415278991547,1.7507882294444104,0.027050390000418603,0.13157894736842105,-11.020051487334928,14.38146338800881,,,0.20135396489626495,0.17283338139030208,40
calce,severson,10,common_no_soh,gru,42,0.3834238971600444,0.5865368094999855,0.7531798402468365,1.4786442821208257,0.023760924058617173,0.29443359375,-2.8356253641159905,-0.6950424316655799,0.02435219252233811,0.6375927687988299,0.06924372648728741,0.1596750573070681,40,0.5,0.01758543705993474,0.01758543705993474,0.2429527737829988,0.01758543705993474,0.0,0.28967344334040496,-0.020967264519086527,,,0.5,0.0,40,0.3834238971600444,0.017585437061116014,0.017585409249665195,0.24295279962971633,0.023760924058617173,0.29443359375,0.2897358803280487,-0.020999987026960838,0.02435219252233811,0.6375927687988299,0.06924372648728741,0.1596750573070681,40,0.3834238971600444,0.35659274386619383,0.5817986160609704,0.9104089238468904,0.023760924058617173,0.29443359375,-8.408639508893627,-0.7963894871903554,,,0.06924372648728741,0.1596750573070681,40
calce,severson,10,common_no_soh,gru,1,0.43481965550625157,0.9795272270245338,0.9809395516295419,6.409187307774303,0.021668660920459683,0.20556640625,-8.177427197016497,48.97545253208777,0.11946754630484982,0.6250190421608978,0.163134931733188,0.3178437352307095,40,0.5085912269091092,0.01738820155417052,0.010583576523154597,0.09084268955299327,0.01799845058343878,0.111328125,1.0521678616818249,-0.2971420340470105,,,0.506901627781436,0.05933878121410825,40,0.43481965550625157,0.01758543674095624,0.01758542332465648,0.2429527737829988,0.021668660920459683,0.20556640625,0.28967344334040496,-0.020967264519086527,0.11946754630484982,0.6250190421608978,0.163134931733188,0.3178437352307095,40,0.43481965550625157,0.7725196284519958,0.8689525342204067,2.1410578235300037,0.021668660920459683,0.20556640625,-25.946003863755823,49.0023895886173,,,0.163134931733188,0.3178437352307095,40
calce,severson,10,common_no_soh,gru,7,0.5046192707058701,0.9823295386487503,0.9823712888839583,9.87125990331854,0.017746505723421402,0.0,-0.39644986638198054,-0.039456166730757164,0.5010397158879519,0.5094479481696217,0.500108870395432,0.0003336288946910707,40,0.5,0.9824145629400652,0.9824145629400652,13.572558784153518,0.01758543705993474,0.0,-0.28967344334100115,-0.020967264519190235,,,0.5,0.0,40,0.5046192707058701,0.9475563388358192,0.964510318180878,3.9522937935526823,0.017746505723421402,0.0,-0.945652631948023,-0.23613894453916678,0.5010397158879519,0.5094479481696217,0.500108870395432,0.0003336288946910707,40,0.5046192707058701,0.8850279901508437,0.9315319710305793,2.9267791003991794,0.017746505723421402,0.0,-1.230988813792664,-0.4207064961620627,,,0.500108870395432,0.0003336288946910707,40
calce,severson,20,common_no_soh,gru,42,0.41217966800708283,0.7666417518148416,0.8537524914195933,2.267654615705565,0.02293139820030763,0.16299019607843138,-1.0044196532542686,-2.016928379709728,0.1642997552797605,0.5732004762249702,0.23090733645586656,0.39829652546732325,40,0.49586447040662385,0.022376657163291937,0.024245542819522483,0.2946100739533414,0.021020092735703245,0.0,-0.3607835022294696,-8.817081108784423,,,0.5,0.0,40,0.41217966800708283,0.021240191453154547,0.02151837789217234,0.2902981594435298,0.02293139820030763,0.16299019607843138,-0.12222583057538722,-5.520092128334881,0.1642997552797605,0.5732004762249702,0.23090733645586656,0.39829652546732325,40,0.41217966800708283,0.576960400349096,0.7385344020690889,1.461680993215652,0.02293139820030763,0.16299019607843138,-1.8078016839156055,-2.021068344254137,,,0.23090733645586656,0.39829652546732325,40
calce,severson,20,common_no_soh,gru,1,0.785712973339121,0.4616867860761055,0.6606184958641357,1.1596507451770492,0.04837895882439948,0.3014705882352941,3.0057244759554766,-6.855209874148494,0.7148802621856272,0.8355044854305667,0.9999967716190461,1.3384572338841186e-05,40,0.5,0.021020092735703245,0.021020092735703245,0.29040429209989305,0.021020092735703245,0.0,0.2765926378256852,-0.02002044417438878,,,0.5,0.0,40,0.5,0.021020092735703245,0.021020092735703245,0.29040429209989305,0.021020092735703245,0.0,0.2765926378256852,-0.02002044417438878,0.5,0.5,0.5,0.0,40,0.785712973339121,0.299236379232913,0.5281924138241875,0.7922159119768842,0.04837895882439948,0.3014705882352941,12.084637219869924,-6.87310053263554,,,0.9999967716190461,1.3384572338841186e-05,40
calce,severson,20,common_no_soh,gru,7,0.3756018404581423,0.9704704182453631,0.9745587479069165,5.392944814210824,0.033258947047202274,0.10661764705882353,-2.0407306355996573,7.036226862902484,0.15594470439569108,0.5105305883592696,0.20581833089960808,0.3600940725203239,40,0.3212406932024585,0.03208890230298133,0.03413804659903227,0.23901952174801555,0.01899282646908502,0.08374183006535947,-0.1850530995103719,-4.955914994065652,,,0.4133080339172507,0.23909902506277284,40,0.3756018404581423,0.022692848282517546,0.022749142433151136,0.2336611260824079,0.033258947047202274,0.10661764705882353,-0.013771779542328435,-3.9818928804265075,0.15594470439569108,0.5105305883592696,0.20581833089960808,0.3600940725203239,40,0.3756018404581423,0.780558927700471,0.8712415436635594,2.19530517320021,0.033258947047202274,0.10661764705882353,-5.433470811767754,7.3377447994915705,,,0.20581833089960808,0.3600940725203239,40
calce,severson,30,common_no_soh,gru,42,0.16008049443216354,0.24852144232077952,0.46900424578489563,0.6930918568929005,0.013802730172096916,0.0014044943820224719,-8.233330315544425,-4.660245185735252,0.10100212720946683,0.21059229749505975,0.0005155380951487374,0.0032056616168829968,40,0.5,0.02445474841147175,0.02445474841147175,0.33785581041678736,0.02445474841147175,0.0,0.2654228791794838,-0.019211950025086796,,,0.5,0.0,40,0.5,0.02445474841147175,0.02445474841147175,0.33785581041678736,0.02445474841147175,0.0,0.2654228791794838,-0.019211950025086796,0.5,0.5,0.5,0.0,40,0.16008049443216354,0.24920798349963974,0.47338552806981593,0.6917232758620858,0.013802730172096916,0.0014044943820224719,-22.31070068680202,-4.668939337798708,,,0.0005155380951487374,0.0032056616168829968,40
calce,severson,30,common_no_soh,gru,1,0.7257216725355804,0.9754881459565455,0.9755160864892334,10.186556308108733,0.2562493588486749,0.7194522471910112,8.614490023152651,-94.13663101441077,0.4528543370409994,0.9934384342482151,0.9764231654766657,0.14158347449673206,40,0.5,0.9755452515885282,0.9755452515885282,13.477655747519929,0.02445474841147175,0.0,-0.2654228791800282,-0.01921195002518297,,,0.5,0.0,40,0.7257216725355804,0.975545197522032,0.975545223907356,13.477655747519929,0.2562493588486749,0.7194522471910112,-0.2654228791800282,-0.01921195002518297,0.4528543370409994,0.9934384342482151,0.9764231654766657,0.14158347449673206,40,0.7257216725355804,0.9538561850588111,0.9643839836035043,4.3844946522338955,0.2562493588486749,0.7194522471910112,20.06447978516074,-94.13199816020153,,,0.9764231654766657,0.14158347449673206,40
calce,severson,30,common_no_soh,gru,7,0.4128757302475763,0.9713464085180633,0.973058644640329,7.590515004944331,0.03239239401302406,0.1716994382022472,-0.5186935502241219,-0.06230775980319875,0.15995622230795378,0.5989748136546778,0.24003205948433912,0.41129782723355574,40,0.5,0.02445474841147175,0.02445474841147175,0.33785581041678736,0.02445474841147175,0.0,0.2654228791794838,-0.019211950025086796,,,0.5,0.0,40,0.4337341660602595,0.02445474841147089,0.024454748411452783,0.33785581041678736,0.03550418137610033,0.1716994382022472,0.2654228791794838,-0.019211950025086796,0.19897837756505155,0.6068009235454234,0.5131046498323915,0.2792111407456021,40,0.4128757302475763,0.6160994293623906,0.7661709290263834,1.558765232455708,0.03239239401302406,0.1716994382022472,-2.994015998105795,-0.04491164480851865,,,0.24003205948433912,0.41129782723355574,40
calce,severson,50,common_no_soh,gru,42,0.376751115794419,0.5250537800038686,0.6966357189891328,1.4069993434711092,0.03449788556458325,0.20559210526315788,-0.28165019601438046,-3.1387307441827246,0.14903653401652975,0.5677943199039517,0.2557712875261905,0.43417882179573875,40,0.49413182994716875,0.031325444123602934,0.031199086339061877,0.432884506450138,0.03132405976300876,0.0,-0.522188046716545,-10.634039458957105,,,0.5,0.0,40,0.5319266492545275,0.03132454434907924,0.031290873967043456,0.4327922702569963,0.03270860497607629,0.13322368421052633,-1.3294949753482803,-21.791915972098373,0.4759974933219281,0.580076303085755,0.5362966198776137,0.11948078668345313,40,0.376751115794419,0.3717882435333637,0.5805957064791928,0.9557219899897463,0.03449788556458325,0.20559210526315788,-0.6676693543150729,-3.138880176316688,,,0.2557712875261905,0.43417882179573875,40
calce,severson,50,common_no_soh,gru,1,0.3341546095106375,0.9684859601518561,0.9685778660819679,8.940757290505015,0.02298469857234018,0.0,-0.3675148218043418,-0.03977882993498326,0.26029067570977704,0.44021793509837037,0.2963756807385887,0.23840616172386994,40,0.5,0.9686759402369912,0.9686759402369912,13.382752710886336,0.03132405976300876,0.0,-0.24709214314750003,-0.017885127010421477,,,0.5,0.0,40,0.3341546095106375,0.9686759402264249,0.9686759402315356,13.382752710886336,0.02298469857234018,0.0,-0.24709214314750003,-0.017885127010421477,0.26029067570977704,0.44021793509837037,0.2963756807385887,0.23840616172386994,40,0.3341546095106375,0.8899376454894682,0.9271422724642363,3.082955771236633,0.02298469857234018,0.0,-0.9925134157362658,-0.3161314043801736,,,0.2963756807385887,0.23840616172386994,40
calce,severson,50,common_no_soh,gru,7,0.9122626730502883,0.9681702797189582,0.9684162861003348,8.006570989685432,0.41709269628729273,0.7245065789473685,42.909393625575504,-364.0193823860079,0.831755771205056,0.9890401572359614,0.9982088422759918,0.0066233002733664436,40,0.5000088643052157,0.9686595802388884,0.9686614633473575,13.382518665316258,0.03132459770904532,0.0,-0.24708161388031805,-0.017926382101869386,,,0.5,0.0,40,0.507774911749621,0.9686607756677138,0.9686636844063105,13.382521857612552,0.03180310267812027,0.0,-0.24708662579399573,-0.01791609759175478,0.505167660679961,0.5103059973325541,0.5039573985574481,0.014407433248167432,40,0.9122626730502883,0.8821829928566296,0.9230383944670761,2.991547766833098,0.41709269628729273,0.7245065789473685,104.62643125997907,-326.6898676645358,,,0.9982088422759918,0.0066233002733664436,40
nasa+calce,severson,10,common_with_soh,gru,42,0.80339525026262,0.01755276003914083,0.01605807571133942,0.1015812954280608,0.06413224529387143,0.5791015625,0.56773827464239,-0.33839277803302137,0.6993348250803261,0.9645718932209096,0.989416647839364,0.01876979557981166,40,0.5,0.01758543705993474,0.01758543705993474,0.2429527737829988,0.01758543705993474,0.0,0.28967344334040496,-0.020967264519086527,,,0.5,0.0,40,0.80339525026262,0.01758543705993474,0.01758543705993474,0.2429527737829988,0.06413224529387143,0.5791015625,0.28967344334040496,-0.020967264519086527,0.6993348250803261,0.9645718932209096,0.989416647839364,0.01876979557981166,40,0.80339525026262,0.027794434229224913,0.09895383028900229,0.15428613959375925,0.06413224529387143,0.5791015625,1.9588380808157526,-0.3344353008643757,,,0.989416647839364,0.01876979557981166,40
nasa+calce,severson,10,common_with_soh,gru,1,0.8618185678628827,0.021133864409593233,0.029118306674593402,0.1007773225358335,0.06539539597467671,0.40673828125,0.6442502700670658,-2.0512112470424366,0.8234100749242935,0.9312014643354339,0.9972792389468138,0.008349683912480128,40,0.5,0.01758543705993474,0.01758543705993474,0.2429527737829988,0.01758543705993474,0.0,0.28967344334040496,-0.020967264519086527,,,0.5,0.0,40,0.8618185678628827,0.01758543705995764,0.017585432771106576,0.24295277672894244,0.06539539597467671,0.40673828125,0.2896930685364208,-0.020977278841312633,0.8234100749242935,0.9312014643354339,0.9972792389468138,0.008349683912480128,40,0.8618185678628827,0.10536701046046476,0.2965658314078641,0.3903522391738046,0.06539539597467671,0.40673828125,2.634856970359383,-2.0446606815138786,,,0.9972792389468138,0.008349683912480128,40
nasa+calce,severson,10,common_with_soh,gru,7,0.7845245447749962,0.024231334440283518,0.0289966451447405,0.09708368716679448,0.08560222494452106,0.658203125,0.5110124980672068,-2.0543227413339578,0.6625848936524668,0.9523348654931734,0.9960038407379013,0.019879254451010173,40,0.49999125965807784,0.01758552764025099,0.017584189838628556,0.24295406859693813,0.01758543705993474,0.0,0.28967586211229235,-0.020976152589069836,,,0.5,0.0,40,0.7845245447749962,0.01758561857410785,0.01758608938767693,0.24295451329858686,0.08560222494452106,0.658203125,0.28967551815429154,-0.02097748685991434,0.6625848936524668,0.9523348654931734,0.9960038407379013,0.019879254451010173,40,0.7845245447749962,0.08024082258615307,0.2445731323886731,0.3214151538345219,0.08560222494452106,0.658203125,2.3043055069945813,-2.0536707950932396,,,0.9960038407379013,0.019879254451010173,40
nasa+calce,severson,20,common_with_soh,gru,42,0.8267182799557391,0.026603195490467663,0.03586795580527478,0.12007681169043308,0.1030820536968248,0.7508169934640523,0.5453021057603523,-2.292150663719688,0.7254090000756409,0.9630707099928769,0.9992281347863152,0.003463641747222629,40,0.5,0.021020092735703245,0.021020092735703245,0.29040429209989305,0.021020092735703245,0.0,0.2765926378256852,-0.02002044417438878,,,0.5,0.0,40,0.8267182799557391,0.02102009273570328,0.021020092659417875,0.29040429210044394,0.1030820536968248,0.7508169934640523,0.2765926454036373,-0.02002044825501394,0.7254090000756409,0.9630707099928769,0.9992281347863152,0.003463641747222629,40,0.8267182799557391,0.11955479699543084,0.31449500888272364,0.4224720360691063,0.1030820536968248,0.7508169934640523,2.3928140987354447,-2.282822922087915,,,0.9992281347863152,0.003463641747222629,40
nasa+calce,severson,20,common_with_soh,gru,1,0.928926178063701,0.018859596260467824,0.004141686496724845,0.07721167858948798,0.6532298097484773,0.738562091503268,3.590534612429131,8.692308497881946,0.8684633504764399,0.9994664608803517,0.9997938061669618,0.0013040843037627186,40,0.5,0.021020092735703245,0.021020092735703245,0.29040429209989305,0.021020092735703245,0.0,0.2765926378256852,-0.02002044417438878,,,0.5,0.0,40,0.928926178063701,0.021020092735703245,0.021020092735703245,0.29040429209989305,0.6532298097484773,0.738562091503268,0.2765926378256852,-0.02002044417438878,0.8684633504764399,0.9994664608803517,0.9997938061669618,0.0013040843037627186,40,0.928926178063701,0.09544047736292782,0.2774398123455493,0.3666342827148645,0.6532298097484773,0.738562091503268,17.989231026299674,8.643059146822008,,,0.9997938061669618,0.0013040843037627186,40
nasa+calce,severson,20,common_with_soh,gru,7,0.6428468665091784,0.02062375949953008,0.008801552502828436,0.10383056364065388,0.11290109475928146,0.5870098039215687,0.8321611276634211,-0.18707114930185662,0.38032265751915056,0.9646118453778925,0.972905733665371,0.15567301777051018,40,0.5,0.021020092735703245,0.021020092735703245,0.29040429209989305,0.021020092735703245,0.0,0.2765926378256852,-0.02002044417438878,,,0.5,0.0,40,0.6428468665091784,0.021020092735703245,0.021020092735703245,0.29040429209989305,0.11290109475928146,0.5870098039215687,0.2765926378256852,-0.02002044417438878,0.38032265751915056,0.9646118453778925,0.972905733665371,0.15567301777051018,40,0.6428468665091784,0.08948286407876598,0.2625416362634189,0.35276326885636095,0.11290109475928146,0.5870098039215687,4.733389506038669,0.5197371116789804,,,0.972905733665371,0.15567301777051018,40
nasa+calce,severson,30,common_with_soh,gru,42,0.7362148076570089,0.024254463570662906,0.021408156990154793,0.1378931370080721,0.4256909700895494,0.6934691011235955,4.943622980523403,24.364882473352584,0.4768926973173301,0.9908756008443712,0.98043415099607,0.12371800069086812,40,0.5,0.02445474841147175,0.02445474841147175,0.33785581041678736,0.02445474841147175,0.0,0.2654228791794838,-0.019211950025086796,,,0.5,0.0,40,0.5,0.02445474841147175,0.02445474841147175,0.33785581041678736,0.02445474841147175,0.0,0.2654228791794838,-0.019211950025086796,0.5,0.5,0.5,0.0,40,0.7362148076570089,0.06796689910274756,0.2111768754953062,0.29605152899081266,0.4256909700895494,0.6934691011235955,24.46261399691463,24.393266650866074,,,0.98043415099607,0.12371800069086812,40
nasa+calce,severson,30,common_with_soh,gru,1,0.6840086177397783,0.023599606291077192,0.016786937083794164,0.11569973060485715,0.21426325070697844,0.6337780898876404,1.4361750197929029,3.171207780513039,0.42735783581538866,0.9732484857213346,0.9654659000141411,0.15980162098986764,40,0.5,0.02445474841147175,0.02445474841147175,0.33785581041678736,0.02445474841147175,0.0,0.2654228791794838,-0.019211950025086796,,,0.5,0.0,40,0.6840086177397783,0.02445474841147175,0.02445474841147175,0.33785581041678736,0.21426325070697844,0.6337780898876404,0.2654228791794838,-0.019211950025086796,0.42735783581538866,0.9732484857213346,0.9654659000141411,0.15980162098986764,40,0.6840086177397783,0.0712863082966596,0.21950294181550173,0.3044271451586385,0.21426325070697844,0.6337780898876404,6.451874377238542,3.180512550527362,,,0.9654659000141411,0.15980162098986764,40
nasa+calce,severson,30,common_with_soh,gru,7,0.9161506302794016,0.12058818202249862,0.31208460438559643,0.425180019909767,0.6061915105536552,0.757373595505618,52.311266587683356,29.023179684846042,0.8409207230221949,0.9968635035827119,0.9995223986452686,0.0030087566307774615,40,0.5,0.02445474841147175,0.02445474841147175,0.33785581041678736,0.02445474841147175,0.0,0.2654228791794838,-0.019211950025086796,,,0.5,0.0,40,0.9161506302794016,0.02445474841138821,0.024454748410591056,0.33785581041678736,0.6061915105536552,0.757373595505618,0.2654228791794838,-0.019211950025086796,0.8409207230221949,0.9968635035827119,0.9995223986452686,0.0030087566307774615,40,0.9161506302794016,0.22005870479053716,0.4431375942515863,0.6331766282134015,0.6061915105536552,0.757373595505618,268.66156170284813,28.404362382033835,,,0.9995223986452686,0.0030087566307774615,40
nasa+calce,severson,50,common_with_soh,gru,42,0.7052431011892322,0.03131910433335271,0.03126492755582405,0.30290336367392223,0.06551567801917783,0.26343201754385964,0.7989762175861977,4.411857927001869,0.6009704299394485,0.7915617546412392,0.990778109101783,0.017832326928177357,40,0.5,0.03132405976300876,0.03132405976300876,0.43275884705057593,0.03132405976300876,0.0,0.24709214314698755,-0.0178851270103153,,,0.5,0.0,40,0.5,0.03132405976300876,0.03132405976300876,0.43275884705057593,0.03132405976300876,0.0,0.24709214314698755,-0.0178851270103153,0.5,0.5,0.5,0.0,40,0.7052431011892322,0.03210355425798256,0.044378476507943514,0.15542116179628607,0.06551567801917783,0.26343201754385964,3.1828497711910195,4.47901205565421,,,0.990778109101783,0.017832326928177357,40
nasa+calce,severson,50,common_with_soh,gru,1,0.8167149856347713,0.7172996122866157,0.8286872189756711,2.150006245042357,0.24406621604301576,0.7804276315789473,0.7312793610485321,-5.451794120316601,0.6724150399624169,0.9562804616939053,0.9906641857263493,0.0474545176035191,40,0.7862130170883588,0.027316644103062858,0.02624670097628444,0.20373725687172695,0.1742268299831853,0.6408991228070176,0.263903066265365,-0.7242437045563163,,,0.8781429518835603,0.08110095628953808,40,0.8167151338591733,0.03664074385261235,0.04168356876935829,0.35880904450358775,0.24406632974770745,0.7804276315789473,0.1473541364002118,-1.6474132442909317,0.6724154869467136,0.9562804616939053,0.9906645717849993,0.04745209890475728,40,0.8167149856347713,0.3612336151481487,0.5771813181534715,0.923475466545583,0.24406621604301576,0.7804276315789473,3.4516856844939467,-5.456408377737368,,,0.9906641857263493,0.0474545176035191,40
nasa+calce,severson,50,common_with_soh,gru,7,0.8547306908897803,0.1581068400557376,0.3635354695604156,0.5033746733837864,0.5393911726016684,0.7689144736842105,5.050338005370119,-2.5449469345031552,0.6948246566712627,0.9882321228324331,0.998613512631507,0.00869894737907579,40,0.5,0.03132405976300876,0.03132405976300876,0.43275884705057593,0.03132405976300876,0.0,0.24709214314698755,-0.0178851270103153,,,0.5,0.0,40,0.5,0.03132405976300876,0.03132405976300876,0.43275884705057593,0.03132405976300876,0.0,0.24709214314698755,-0.0178851270103153,0.5,0.5,0.5,0.0,40,0.8547306908897803,0.22182781726733705,0.43951959631462834,0.6366479691279116,0.5393911726016684,0.7689144736842105,19.593756500254024,-2.5461365446436828,,,0.998613512631507,0.00869894737907579,40
nasa+calce,severson,10,common_no_soh,gru,42,0.7668704347077338,0.03405745297247174,0.0411205105699954,0.13619744658802388,0.03715201868008774,0.267578125,0.2839395784702072,-2.8796877098253995,0.6508798252052713,0.8426338214370932,0.977402181938092,0.04867842309853508,40,0.6223118007214332,0.01733009648367969,0.007338585947353244,0.170450346188954,0.027380688468186042,0.26416015625,0.10692429499116687,-2.8995096599813994,,,0.5474210592541272,0.1231622555797383,40,0.7668704347077338,0.02320414504483096,0.026376451036128585,0.20514937769565839,0.03715201868008774,0.267578125,0.10541634674446998,-2.8469225464312484,0.6508798252052713,0.8426338214370932,0.977402181938092,0.04867842309853508,40,0.7668704347077338,0.0854647196803348,0.2491754482161999,0.33239550400383117,0.03715201868008774,0.267578125,1.2541910999866595,-2.8820683182855915,,,0.977402181938092,0.04867842309853508,40
nasa+calce,severson,10,common_no_soh,gru,1,0.7448276700754455,0.023977854586226005,0.07916507264861303,0.13858509428609744,0.03594895578519207,0.28125,1.6414042423004733,-0.44801238741619737,0.6333167301673873,0.8136931309218638,0.97110403306067,0.03182510805955473,40,0.5239901217748139,0.017425289700331137,0.012372592590328947,0.09147290051783931,0.018559605809526904,0.14599609375,1.0688918763152115,-0.30683073216081125,,,0.5281051701774973,0.05377311508249064,40,0.7448276700754455,0.017585436382311477,0.017585419239092594,0.2429527737829988,0.03594895578519207,0.28125,0.28967344334040496,-0.020967264519086527,0.6333167301673873,0.8136931309218638,0.97110403306067,0.03182510805955473,40,0.7448276700754455,0.12788874350467183,0.3325511425425613,0.4414019064974375,0.03594895578519207,0.28125,6.020440569143877,-0.47438355976050356,,,0.97110403306067,0.03182510805955473,40
nasa+calce,severson,10,common_no_soh,gru,7,0.6946049270707235,0.055741066799561464,0.06067101456905237,0.2310835648641663,0.03307387777987252,0.29150390625,0.15498251430148266,-3.2882620922302954,0.5162330994870533,0.8024785173505509,0.9686564327427168,0.06331994198476874,40,0.6068813544163582,0.017326813330425257,0.006539765328103533,0.15882311229592336,0.023768126319751073,0.0693359375,0.08715465398416003,-3.1886527253828025,,,0.5570887666271046,0.13351965097357232,40,0.6946049270707235,0.038744413211753106,0.043235671534002706,0.17207621235108778,0.03307387777987252,0.29150390625,0.13792761487336078,-3.0805159642234976,0.5162330994870533,0.8024785173505509,0.9686564327427168,0.06331994198476874,40,0.6946049270707235,0.07910207174948479,0.22587986956412182,0.31134408850765816,0.03307387777987252,0.29150390625,0.6934193829693749,-3.2861295413952476,,,0.9686564327427168,0.06331994198476874,40
nasa+calce,severson,20,common_no_soh,gru,42,0.6310360146701677,0.39658780833218604,0.5511071819949167,1.2116996833172757,0.039295555916076474,0.14910130718954248,0.23740862982731695,-4.034232673618663,0.5162777933977516,0.7807716151144198,0.9451711471215081,0.04689244860628682,40,0.4813964550285843,0.025674144013654737,0.07134004436425637,0.14494232362438272,0.020249908461665234,0.0727124183006536,1.4107921698574006,-0.6171017328027871,,,0.4713255756709218,0.04157258619025915,40,0.6310360146701677,0.2656995127460591,0.4145108809827157,0.7307115403374912,0.039295555916076474,0.14910130718954248,0.33725142532987284,-3.8183785694061227,0.5162777933977516,0.7807716151144198,0.9451711471215081,0.04689244860628682,40,0.6310360146701677,0.2802928537123474,0.504741894783938,0.7561269774441169,0.039295555916076474,0.14910130718954248,1.1838885391307528,-4.045544809700281,,,0.9451711471215081,0.04689244860628682,40
nasa+calce,severson,20,common_no_soh,gru,1,0.895115821643244,0.027046781948381154,0.026978395745850352,0.14911248289435206,0.09791469502381271,0.6617647058823529,0.30806937446731153,-1.712316230493005,0.8527076398977393,0.9384226996361928,0.990802264378171,0.02800419890479645,40,0.49565396624916674,0.02106220397129205,0.020423135891299717,0.2910233438196696,0.021020092735703245,0.0,-0.39783518503591453,-9.32844193767237,,,0.5,0.0,40,0.895115821643244,0.02422654801050728,0.025362151514596445,0.29866529246409984,0.09791469502381271,0.6617647058823529,-0.3964818836574008,-9.310627343714716,0.8527076398977393,0.9384226996361928,0.990802264378171,0.02800419890479645,40,0.895115821643244,0.035541362209309514,0.1171050647168031,0.18425600197728412,0.09791469502381271,0.6617647058823529,1.2067811573820508,-1.713571770807875,,,0.990802264378171,0.02800419890479645,40
nasa+calce,severson,20,common_no_soh,gru,7,0.7172938212242995,0.023801463994138752,0.019886844529408535,0.1188800081447248,0.04335395547324443,0.2741013071895425,0.30129309968930795,-2.2898544386553614,0.6432062683315319,0.8291889898091881,0.7438809729515319,0.11686856246338144,40,0.4966889450233309,0.0210476967220844,0.02059886684012603,0.29083994996510704,0.021020092735703245,0.0,-0.389177872534382,-9.211128963717897,,,0.5,0.0,40,0.7172938212242995,0.021716633371011748,0.022090053822077238,0.23000719436990677,0.04335395547324443,0.2741013071895425,-0.11490133774599612,-5.085170001374646,0.6432062683315319,0.8291889898091881,0.7438809729515319,0.11686856246338144,40,0.7172938212242995,0.06475362068923614,0.20728981965231047,0.2848988181313035,0.04335395547324443,0.2741013071895425,1.3048210523152008,-2.2873211715269197,,,0.7438809729515319,0.11686856246338144,40
nasa+calce,severson,30,common_no_soh,gru,42,0.3781855522239698,0.024295775493319106,0.0061757885874496946,0.12260044549116703,0.018036008275796322,0.0028089887640449437,-0.6070504553774665,-6.206583460162591,0.29010091500235,0.4444156867203259,0.14654658306782078,0.21662370508226195,40,0.49335897616448965,0.02455831744983183,0.02330414634107785,0.33906328273311453,0.02445474841147175,0.0,-0.49510071043227544,-10.512817073921145,,,0.45982581788668775,0.07452933545207006,40,0.3781855522239698,0.024208635347895604,0.017747933304316905,0.12970537403249838,0.018036008275796322,0.0028089887640449437,-8.815286165013061,-47.86726296353014,0.29010091500235,0.4444156867203259,0.14654658306782078,0.21662370508226195,40,0.3781855522239698,0.08268694392043076,0.2404994651141623,0.3343309262111098,0.018036008275796322,0.0028089887640449437,-2.4013374524676157,-6.186252791795185,,,0.14654658306782078,0.21662370508226195,40
nasa+calce,severson,30,common_no_soh,gru,1,0.7196447359325076,0.2834694030165273,0.39125933248538336,0.7251446629159909,0.04617926289775171,0.23139044943820225,0.665644750263705,-3.803935276059739,0.605870792405371,0.8070109226198263,0.9898731141523471,0.044924477600952216,40,0.686557689682151,0.02369001766446774,0.010765752971676132,0.10515198474100211,0.03867337906218827,0.2029494382022472,1.0751993792009793,-0.16864486091212916,,,0.8356764702430919,0.09720990606687484,40,0.7196447359325076,0.043127181233623725,0.08143494485007086,0.16807918321753085,0.04617926289775171,0.23139044943820225,0.3112912189985013,-2.620758111652943,0.605870792405371,0.8070109226198263,0.9898731141523471,0.044924477600952216,40,0.7196447359325076,0.20851528636132607,0.416916311831222,0.6025741985296562,0.04617926289775171,0.23139044943820225,3.327827405239883,-3.805600983803882,,,0.9898731141523471,0.044924477600952216,40
nasa+calce,severson,30,common_no_soh,gru,7,0.869792512447253,0.025692720494003403,0.025544657084197158,0.17444187032290112,0.11306141643875812,0.644311797752809,0.4595004370819251,-0.305173792515013,0.8240029877078949,0.9216803969454407,0.9837752271117726,0.04224548928416052,40,0.4999911981128754,0.024454794102575953,0.02445388143773717,0.3378567010895143,0.02445474841147175,0.0,0.26542453740930794,-0.019219840988647572,,,0.5,0.0,40,0.869792512447253,0.02445474841147175,0.02445474841147175,0.33785581041678736,0.11306141643875812,0.644311797752809,0.2654228791794838,-0.019211950025086796,0.8240029877078949,0.9216803969454407,0.9837752271117726,0.04224548928416052,40,0.869792512447253,0.03891692245934713,0.12356660175192072,0.2006839603064828,0.11306141643875812,0.644311797752809,1.9645306934396591,-0.29747505135242347,,,0.9837752271117726,0.04224548928416052,40
nasa+calce,severson,50,common_no_soh,gru,42,0.7581000650593349,0.09773379076115041,0.1075089790869424,0.4928292809084556,0.0602904903669036,0.21463815789473684,0.1393492304376292,-3.0547849646698637,0.6946117993317934,0.8160836401974265,0.9805793849687191,0.01855373542363187,40,0.6255238226064352,0.03830340532864239,0.040804314619014716,0.2878246633586707,0.044702758329592654,0.3042763157894737,0.09411890368794201,-2.5441722605429193,,,0.7022027605716797,0.21465456796093166,40,0.7581000650593349,0.06784838993549157,0.07304239028331636,0.4935620988154952,0.0602904903669036,0.21463815789473684,0.05069633907762831,-2.79912474604274,0.6946117993317934,0.8160836401974265,0.9805793849687191,0.01855373542363187,40,0.7581000650593349,0.12186686735827602,0.267087569295666,0.41966899559036486,0.0602904903669036,0.21463815789473684,0.5345629342330134,-3.0544168358215744,,,0.9805793849687191,0.01855373542363187,40
nasa+calce,severson,50,common_no_soh,gru,1,0.8387793772988875,0.030113103356483845,0.020117375177656584,0.12839079159288178,0.08399181248615586,0.21737938596491227,0.959196514606102,0.48598806684160495,0.8013850563735337,0.8811058013596869,0.9993899752439944,0.0024932343451213113,40,0.500123762515777,0.031323644269885105,0.03132443536570698,0.4326700940470383,0.03138400382557373,0.00027412280701754384,0.24711042315765044,-0.01788853015551327,,,0.5000148632580261,9.400349762688728e-05,40,0.8387793772988875,0.031329987871474285,0.031331194363806915,0.43277410755268103,0.08399181248615586,0.21737938596491227,0.24708895155498103,-0.017902095702557817,0.8013850563735337,0.8811058013596869,0.9993899752439944,0.0024932343451213113,40,0.8387793772988875,0.07919745054538142,0.22335620903794728,0.32219766227250757,0.08399181248615586,0.21737938596491227,4.001255868515499,0.4834963621298736,,,0.9993899752439944,0.0024932343451213113,40
nasa+calce,severson,50,common_no_soh,gru,7,0.7752144250646629,0.031246689246939484,0.030433045171071517,0.2121878385465456,0.21612784502633262,0.7288925438596491,2.350494458523087,12.94447073310754,0.547094236090671,0.980318137679986,0.9900435474157234,0.06297013516356727,40,0.5,0.03132405976300876,0.03132405976300876,0.43275884705057593,0.03132405976300876,0.0,0.24709214314698755,-0.0178851270103153,,,0.5,0.0,40,0.7752144250646629,0.03132405976300875,0.03132405976300862,0.43275884705057593,0.21612784502633262,0.7288925438596491,0.24709214314698755,-0.0178851270103153,0.547094236090671,0.980318137679986,0.9900435474157234,0.06297013516356727,40,0.7752144250646629,0.04889611558658876,0.13835924231662491,0.23345452471187242,0.21612784502633262,0.7288925438596491,10.515070262464922,13.01278428316911,,,0.9900435474157234,0.06297013516356727,40
