  nasa        with_soh         xgboost       H=10 -> oxford      : raw=0.975 [0.960,0.992] percell=0.976
  nasa        with_soh         xgboost       H=10 -> severson    : raw=0.844 [0.753,0.994] percell=0.985
  nasa        with_soh         xgboost       H=10 -> ba_nmc_hnei : raw=0.988 [0.981,0.993] percell=0.988
  nasa        with_soh         xgboost       H=10 -> ba_nca_snl  : raw=0.979 [0.973,0.985] percell=0.985
  nasa        with_soh         xgboost       H=10 -> ba_nmc_snl  : raw=0.732 [0.573,0.952] percell=0.940
  nasa        with_soh         xgboost       H=20 -> oxford      : raw=0.957 [0.931,0.987] percell=0.959
  nasa        with_soh         xgboost       H=20 -> severson    : raw=0.871 [0.767,0.997] percell=0.997
  nasa        with_soh         xgboost       H=20 -> ba_nmc_hnei : raw=0.948 [0.926,0.966] percell=0.949
  nasa        with_soh         xgboost       H=20 -> ba_nca_snl  : raw=0.967 [0.959,0.976] percell=0.976
  nasa        with_soh         xgboost       H=20 -> ba_nmc_snl  : raw=0.738 [0.600,0.964] percell=0.945
  nasa        with_soh         xgboost       H=20 -> ba_lfp_snl  : raw=0.991 [0.985,0.997] percell=0.963
  nasa        with_soh         xgboost       H=30 -> oxford      : raw=0.941 [0.907,0.979] percell=0.943
  nasa        with_soh         xgboost       H=30 -> severson    : raw=0.874 [0.762,0.993] percell=0.998
  nasa        with_soh         xgboost       H=30 -> ba_nmc_hnei : raw=0.893 [0.866,0.917] percell=0.895
  nasa        with_soh         xgboost       H=30 -> ba_nca_snl  : raw=0.952 [0.934,0.969] percell=0.963
  nasa        with_soh         xgboost       H=30 -> ba_nmc_snl  : raw=0.665 [0.555,0.943] percell=0.916
  nasa        with_soh         xgboost       H=50 -> oxford      : raw=0.945 [0.910,0.983] percell=0.947
  nasa        with_soh         xgboost       H=50 -> severson    : raw=0.908 [0.833,0.984] percell=0.998
  nasa        with_soh         xgboost       H=50 -> ba_nmc_hnei : raw=0.714 [0.651,0.779] percell=0.708
  nasa        with_soh         xgboost       H=50 -> ba_nca_snl  : raw=0.899 [0.839,0.948] percell=0.914
  nasa        with_soh         xgboost       H=50 -> ba_nmc_snl  : raw=0.540 [0.441,0.893] percell=0.861
/home/touhid/.local/lib/python3.14/site-packages/sklearn/utils/validation.py:2827: UserWarning: X does not have valid feature names, but LGBMClassifier was fitted with feature names
  warnings.warn(
/home/touhid/.local/lib/python3.14/site-packages/sklearn/utils/validation.py:2827: UserWarning: X does not have valid feature names, but LGBMClassifier was fitted with feature names
  warnings.warn(
/home/touhid/.local/lib/python3.14/site-packages/sklearn/utils/validation.py:2827: UserWarning: X does not have valid feature names, but LGBMClassifier was fitted with feature names
  warnings.warn(
/home/touhid/.local/lib/python3.14/site-packages/sklearn/utils/validation.py:2827: UserWarning: X does not have valid feature names, but LGBMClassifier was fitted with feature names
  warnings.warn(
/home/touhid/.local/lib/python3.14/site-packages/sklearn/utils/validation.py:2827: UserWarning: X does not have valid feature names, but LGBMClassifier was fitted with feature names
  warnings.warn(
/home/touhid/.local/lib/python3.14/site-packages/sklearn/utils/validation.py:2827: UserWarning: X does not have valid feature names, but LGBMClassifier was fitted with feature names
  warnings.warn(
/home/touhid/.local/lib/python3.14/site-packages/sklearn/utils/validation.py:2827: UserWarning: X does not have valid feature names, but LGBMClassifier was fitted with feature names
  warnings.warn(
/home/touhid/.local/lib/python3.14/site-packages/sklearn/utils/validation.py:2827: UserWarning: X does not have valid feature names, but LGBMClassifier was fitted with feature names
  warnings.warn(
/home/touhid/.local/lib/python3.14/site-packages/sklearn/utils/validation.py:2827: UserWarning: X does not have valid feature names, but LGBMClassifier was fitted with feature names
  warnings.warn(
  nasa        with_soh         lightgbm      H=10 -> oxford      : raw=0.990 [0.982,0.998] percell=0.990
  nasa        with_soh         lightgbm      H=10 -> severson    : raw=0.850 [0.747,1.000] percell=0.995
  nasa        with_soh         lightgbm      H=10 -> ba_nmc_hnei : raw=0.998 [0.997,0.999] percell=0.998
  nasa        with_soh         lightgbm      H=10 -> ba_nca_snl  : raw=0.989 [0.982,0.995] percell=0.995
  nasa        with_soh         lightgbm      H=10 -> ba_nmc_snl  : raw=0.792 [0.652,0.987] percell=0.924
/home/touhid/.local/lib/python3.14/site-packages/sklearn/utils/validation.py:2827: UserWarning: X does not have valid feature names, but LGBMClassifier was fitted with feature names
  warnings.warn(
/home/touhid/.local/lib/python3.14/site-packages/sklearn/utils/validation.py:2827: UserWarning: X does not have valid feature names, but LGBMClassifier was fitted with feature names
  warnings.warn(
/home/touhid/.local/lib/python3.14/site-packages/sklearn/utils/validation.py:2827: UserWarning: X does not have valid feature names, but LGBMClassifier was fitted with feature names
  warnings.warn(
/home/touhid/.local/lib/python3.14/site-packages/sklearn/utils/validation.py:2827: UserWarning: X does not have valid feature names, but LGBMClassifier was fitted with feature names
  warnings.warn(
/home/touhid/.local/lib/python3.14/site-packages/sklearn/utils/validation.py:2827: UserWarning: X does not have valid feature names, but LGBMClassifier was fitted with feature names
  warnings.warn(
/home/touhid/.local/lib/python3.14/site-packages/sklearn/utils/validation.py:2827: UserWarning: X does not have valid feature names, but LGBMClassifier was fitted with feature names
  warnings.warn(
/home/touhid/.local/lib/python3.14/site-packages/sklearn/utils/validation.py:2827: UserWarning: X does not have valid feature names, but LGBMClassifier was fitted with feature names
  warnings.warn(
/home/touhid/.local/lib/python3.14/site-packages/sklearn/utils/validation.py:2827: UserWarning: X does not have valid feature names, but LGBMClassifier was fitted with feature names
  warnings.warn(
/home/touhid/.local/lib/python3.14/site-packages/sklearn/utils/validation.py:2827: UserWarning: X does not have valid feature names, but LGBMClassifier was fitted with feature names
  warnings.warn(
/home/touhid/.local/lib/python3.14/site-packages/sklearn/utils/validation.py:2827: UserWarning: X does not have valid feature names, but LGBMClassifier was fitted with feature names
  warnings.warn(
  nasa        with_soh         lightgbm      H=20 -> oxford      : raw=1.000 [1.000,1.000] percell=1.000
  nasa        with_soh         lightgbm      H=20 -> severson    : raw=0.849 [0.724,0.998] percell=0.992
  nasa        with_soh         lightgbm      H=20 -> ba_nmc_hnei : raw=0.988 [0.980,0.995] percell=0.989
  nasa        with_soh         lightgbm      H=20 -> ba_nca_snl  : raw=0.988 [0.983,0.992] percell=0.996
  nasa        with_soh         lightgbm      H=20 -> ba_nmc_snl  : raw=0.594 [0.528,0.891] percell=0.805
  nasa        with_soh         lightgbm      H=20 -> ba_lfp_snl  : raw=0.998 [0.997,1.000] percell=0.996
/home/touhid/.local/lib/python3.14/site-packages/sklearn/utils/validation.py:2827: UserWarning: X does not have valid feature names, but LGBMClassifier was fitted with feature names
  warnings.warn(
/home/touhid/.local/lib/python3.14/site-packages/sklearn/utils/validation.py:2827: UserWarning: X does not have valid feature names, but LGBMClassifier was fitted with feature names
  warnings.warn(
/home/touhid/.local/lib/python3.14/site-packages/sklearn/utils/validation.py:2827: UserWarning: X does not have valid feature names, but LGBMClassifier was fitted with feature names
  warnings.warn(
/home/touhid/.local/lib/python3.14/site-packages/sklearn/utils/validation.py:2827: UserWarning: X does not have valid feature names, but LGBMClassifier was fitted with feature names
  warnings.warn(
/home/touhid/.local/lib/python3.14/site-packages/sklearn/utils/validation.py:2827: UserWarning: X does not have valid feature names, but LGBMClassifier was fitted with feature names
  warnings.warn(
/home/touhid/.local/lib/python3.14/site-packages/sklearn/utils/validation.py:2827: UserWarning: X does not have valid feature names, but LGBMClassifier was fitted with feature names
  warnings.warn(
/home/touhid/.local/lib/python3.14/site-packages/sklearn/utils/validation.py:2827: UserWarning: X does not have valid feature names, but LGBMClassifier was fitted with feature names
  warnings.warn(
/home/touhid/.local/lib/python3.14/site-packages/sklearn/utils/validation.py:2827: UserWarning: X does not have valid feature names, but LGBMClassifier was fitted with feature names
  warnings.warn(
/home/touhid/.local/lib/python3.14/site-packages/sklearn/utils/validation.py:2827: UserWarning: X does not have valid feature names, but LGBMClassifier was fitted with feature names
  warnings.warn(
  nasa        with_soh         lightgbm      H=30 -> oxford      : raw=1.000 [1.000,1.000] percell=1.000
  nasa        with_soh         lightgbm      H=30 -> severson    : raw=0.905 [0.825,0.991] percell=0.997
  nasa        with_soh         lightgbm      H=30 -> ba_nmc_hnei : raw=0.997 [0.995,0.999] percell=0.998
  nasa        with_soh         lightgbm      H=30 -> ba_nca_snl  : raw=0.982 [0.976,0.988] percell=0.993
  nasa        with_soh         lightgbm      H=30 -> ba_nmc_snl  : raw=0.775 [0.689,0.951] percell=0.958
/home/touhid/.local/lib/python3.14/site-packages/sklearn/utils/validation.py:2827: UserWarning: X does not have valid feature names, but LGBMClassifier was fitted with feature names
  warnings.warn(
/home/touhid/.local/lib/python3.14/site-packages/sklearn/utils/validation.py:2827: UserWarning: X does not have valid feature names, but LGBMClassifier was fitted with feature names
  warnings.warn(
/home/touhid/.local/lib/python3.14/site-packages/sklearn/utils/validation.py:2827: UserWarning: X does not have valid feature names, but LGBMClassifier was fitted with feature names
  warnings.warn(
/home/touhid/.local/lib/python3.14/site-packages/sklearn/utils/validation.py:2827: UserWarning: X does not have valid feature names, but LGBMClassifier was fitted with feature names
  warnings.warn(
/home/touhid/.local/lib/python3.14/site-packages/sklearn/utils/validation.py:2827: UserWarning: X does not have valid feature names, but LGBMClassifier was fitted with feature names
  warnings.warn(
/home/touhid/.local/lib/python3.14/site-packages/sklearn/utils/validation.py:2827: UserWarning: X does not have valid feature names, but LGBMClassifier was fitted with feature names
  warnings.warn(
/home/touhid/.local/lib/python3.14/site-packages/sklearn/utils/validation.py:2827: UserWarning: X does not have valid feature names, but LGBMClassifier was fitted with feature names
  warnings.warn(
/home/touhid/.local/lib/python3.14/site-packages/sklearn/utils/validation.py:2827: UserWarning: X does not have valid feature names, but LGBMClassifier was fitted with feature names
  warnings.warn(
/home/touhid/.local/lib/python3.14/site-packages/sklearn/utils/validation.py:2827: UserWarning: X does not have valid feature names, but LGBMClassifier was fitted with feature names
  warnings.warn(
  nasa        with_soh         lightgbm      H=50 -> oxford      : raw=0.999 [0.997,1.000] percell=0.998
  nasa        with_soh         lightgbm      H=50 -> severson    : raw=0.918 [0.851,0.986] percell=0.997
  nasa        with_soh         lightgbm      H=50 -> ba_nmc_hnei : raw=0.984 [0.976,0.990] percell=0.984
  nasa        with_soh         lightgbm      H=50 -> ba_nca_snl  : raw=0.949 [0.921,0.973] percell=0.968
  nasa        with_soh         lightgbm      H=50 -> ba_nmc_snl  : raw=0.531 [0.431,0.801] percell=0.744
  nasa        with_soh         random_forest H=10 -> oxford      : raw=1.000 [1.000,1.000] percell=1.000
  nasa        with_soh         random_forest H=10 -> severson    : raw=0.888 [0.806,1.000] percell=0.999
  nasa        with_soh         random_forest H=10 -> ba_nmc_hnei : raw=0.999 [0.999,1.000] percell=1.000
  nasa        with_soh         random_forest H=10 -> ba_nca_snl  : raw=0.983 [0.971,0.993] percell=0.992
  nasa        with_soh         random_forest H=10 -> ba_nmc_snl  : raw=0.880 [0.741,0.995] percell=0.984
  nasa        with_soh         random_forest H=20 -> oxford      : raw=1.000 [1.000,1.000] percell=1.000
  nasa        with_soh         random_forest H=20 -> severson    : raw=0.861 [0.739,0.998] percell=0.999
  nasa        with_soh         random_forest H=20 -> ba_nmc_hnei : raw=0.999 [0.998,1.000] percell=1.000
  nasa        with_soh         random_forest H=20 -> ba_nca_snl  : raw=0.970 [0.959,0.982] percell=0.990
  nasa        with_soh         random_forest H=20 -> ba_nmc_snl  : raw=0.795 [0.606,0.961] percell=0.949
  nasa        with_soh         random_forest H=20 -> ba_lfp_snl  : raw=0.998 [0.997,0.999] percell=0.993
  nasa        with_soh         random_forest H=30 -> oxford      : raw=0.980 [0.970,0.993] percell=0.982
  nasa        with_soh         random_forest H=30 -> severson    : raw=0.862 [0.729,0.994] percell=0.998
  nasa        with_soh         random_forest H=30 -> ba_nmc_hnei : raw=0.997 [0.996,0.998] percell=0.999
  nasa        with_soh         random_forest H=30 -> ba_nca_snl  : raw=0.956 [0.939,0.971] percell=0.986
  nasa        with_soh         random_forest H=30 -> ba_nmc_snl  : raw=0.809 [0.686,0.952] percell=0.978
  nasa        with_soh         random_forest H=50 -> oxford      : raw=0.996 [0.993,1.000] percell=1.000
  nasa        with_soh         random_forest H=50 -> severson    : raw=0.911 [0.830,0.987] percell=0.998
  nasa        with_soh         random_forest H=50 -> ba_nmc_hnei : raw=0.954 [0.929,0.973] percell=0.953
  nasa        with_soh         random_forest H=50 -> ba_nca_snl  : raw=0.844 [0.800,0.891] percell=0.912
  nasa        with_soh         random_forest H=50 -> ba_nmc_snl  : raw=0.639 [0.542,0.864] percell=0.892
  nasa        no_soh           xgboost       H=10 -> oxford      : raw=0.502 [0.500,0.506] percell=0.502
  nasa        no_soh           xgboost       H=10 -> severson    : raw=0.592 [0.516,0.729] percell=0.667
  nasa        no_soh           xgboost       H=10 -> ba_nmc_hnei : raw=0.700 [0.599,0.788] percell=0.701
  nasa        no_soh           xgboost       H=10 -> ba_nca_snl  : raw=0.625 [0.569,0.696] percell=0.597
  nasa        no_soh           xgboost       H=10 -> ba_nmc_snl  : raw=0.435 [0.254,0.745] percell=0.425
  nasa        no_soh           xgboost       H=20 -> oxford      : raw=0.518 [0.513,0.522] percell=0.519
  nasa        no_soh           xgboost       H=20 -> severson    : raw=0.595 [0.510,0.726] percell=0.676
  nasa        no_soh           xgboost       H=20 -> ba_nmc_hnei : raw=0.629 [0.526,0.722] percell=0.626
  nasa        no_soh           xgboost       H=20 -> ba_nca_snl  : raw=0.693 [0.620,0.754] percell=0.678
  nasa        no_soh           xgboost       H=20 -> ba_nmc_snl  : raw=0.452 [0.268,0.792] percell=0.608
  nasa        no_soh           xgboost       H=20 -> ba_lfp_snl  : raw=0.523 [0.522,0.524] percell=0.523
  nasa        no_soh           xgboost       H=30 -> oxford      : raw=0.672 [0.545,0.802] percell=0.658
  nasa        no_soh           xgboost       H=30 -> severson    : raw=0.611 [0.554,0.691] percell=0.703
  nasa        no_soh           xgboost       H=30 -> ba_nmc_hnei : raw=0.584 [0.474,0.685] percell=0.574
  nasa        no_soh           xgboost       H=30 -> ba_nca_snl  : raw=0.627 [0.524,0.720] percell=0.608
  nasa        no_soh           xgboost       H=30 -> ba_nmc_snl  : raw=0.459 [0.276,0.803] percell=0.657
  nasa        no_soh           xgboost       H=50 -> oxford      : raw=0.689 [0.591,0.807] percell=0.762
  nasa        no_soh           xgboost       H=50 -> severson    : raw=0.660 [0.597,0.738] percell=0.785
  nasa        no_soh           xgboost       H=50 -> ba_nmc_hnei : raw=0.481 [0.387,0.571] percell=0.485
  nasa        no_soh           xgboost       H=50 -> ba_nca_snl  : raw=0.690 [0.605,0.748] percell=0.677
  nasa        no_soh           xgboost       H=50 -> ba_nmc_snl  : raw=0.449 [0.284,0.822] percell=0.702
/home/touhid/.local/lib/python3.14/site-packages/sklearn/utils/validation.py:2827: UserWarning: X does not have valid feature names, but LGBMClassifier was fitted with feature names
  warnings.warn(
/home/touhid/.local/lib/python3.14/site-packages/sklearn/utils/validation.py:2827: UserWarning: X does not have valid feature names, but LGBMClassifier was fitted with feature names
  warnings.warn(
/home/touhid/.local/lib/python3.14/site-packages/sklearn/utils/validation.py:2827: UserWarning: X does not have valid feature names, but LGBMClassifier was fitted with feature names
  warnings.warn(
/home/touhid/.local/lib/python3.14/site-packages/sklearn/utils/validation.py:2827: UserWarning: X does not have valid feature names, but LGBMClassifier was fitted with feature names
  warnings.warn(
/home/touhid/.local/lib/python3.14/site-packages/sklearn/utils/validation.py:2827: UserWarning: X does not have valid feature names, but LGBMClassifier was fitted with feature names
  warnings.warn(
/home/touhid/.local/lib/python3.14/site-packages/sklearn/utils/validation.py:2827: UserWarning: X does not have valid feature names, but LGBMClassifier was fitted with feature names
  warnings.warn(
/home/touhid/.local/lib/python3.14/site-packages/sklearn/utils/validation.py:2827: UserWarning: X does not have valid feature names, but LGBMClassifier was fitted with feature names
  warnings.warn(
/home/touhid/.local/lib/python3.14/site-packages/sklearn/utils/validation.py:2827: UserWarning: X does not have valid feature names, but LGBMClassifier was fitted with feature names
  warnings.warn(
/home/touhid/.local/lib/python3.14/site-packages/sklearn/utils/validation.py:2827: UserWarning: X does not have valid feature names, but LGBMClassifier was fitted with feature names
  warnings.warn(
  nasa        no_soh           lightgbm      H=10 -> oxford      : raw=0.521 [0.487,0.537] percell=0.442
  nasa        no_soh           lightgbm      H=10 -> severson    : raw=0.704 [0.653,0.793] percell=0.817
  nasa        no_soh           lightgbm      H=10 -> ba_nmc_hnei : raw=0.987 [0.981,0.993] percell=0.990
  nasa        no_soh           lightgbm      H=10 -> ba_nca_snl  : raw=0.806 [0.722,0.870] percell=0.839
  nasa        no_soh           lightgbm      H=10 -> ba_nmc_snl  : raw=0.336 [0.192,0.432] percell=0.204
/home/touhid/.local/lib/python3.14/site-packages/sklearn/utils/validation.py:2827: UserWarning: X does not have valid feature names, but LGBMClassifier was fitted with feature names
  warnings.warn(
/home/touhid/.local/lib/python3.14/site-packages/sklearn/utils/validation.py:2827: UserWarning: X does not have valid feature names, but LGBMClassifier was fitted with feature names
  warnings.warn(
/home/touhid/.local/lib/python3.14/site-packages/sklearn/utils/validation.py:2827: UserWarning: X does not have valid feature names, but LGBMClassifier was fitted with feature names
  warnings.warn(
/home/touhid/.local/lib/python3.14/site-packages/sklearn/utils/validation.py:2827: UserWarning: X does not have valid feature names, but LGBMClassifier was fitted with feature names
  warnings.warn(
/home/touhid/.local/lib/python3.14/site-packages/sklearn/utils/validation.py:2827: UserWarning: X does not have valid feature names, but LGBMClassifier was fitted with feature names
  warnings.warn(
/home/touhid/.local/lib/python3.14/site-packages/sklearn/utils/validation.py:2827: UserWarning: X does not have valid feature names, but LGBMClassifier was fitted with feature names
  warnings.warn(
/home/touhid/.local/lib/python3.14/site-packages/sklearn/utils/validation.py:2827: UserWarning: X does not have valid feature names, but LGBMClassifier was fitted with feature names
  warnings.warn(
/home/touhid/.local/lib/python3.14/site-packages/sklearn/utils/validation.py:2827: UserWarning: X does not have valid feature names, but LGBMClassifier was fitted with feature names
  warnings.warn(
/home/touhid/.local/lib/python3.14/site-packages/sklearn/utils/validation.py:2827: UserWarning: X does not have valid feature names, but LGBMClassifier was fitted with feature names
  warnings.warn(
/home/touhid/.local/lib/python3.14/site-packages/sklearn/utils/validation.py:2827: UserWarning: X does not have valid feature names, but LGBMClassifier was fitted with feature names
  warnings.warn(
  nasa        no_soh           lightgbm      H=20 -> oxford      : raw=0.533 [0.497,0.543] percell=0.448
  nasa        no_soh           lightgbm      H=20 -> severson    : raw=0.527 [0.422,0.672] percell=0.535
  nasa        no_soh           lightgbm      H=20 -> ba_nmc_hnei : raw=0.654 [0.548,0.753] percell=0.651
  nasa        no_soh           lightgbm      H=20 -> ba_nca_snl  : raw=0.562 [0.494,0.604] percell=0.523
  nasa        no_soh           lightgbm      H=20 -> ba_nmc_snl  : raw=0.267 [0.090,0.545] percell=0.288
  nasa        no_soh           lightgbm      H=20 -> ba_lfp_snl  : raw=0.760 [0.649,0.853] percell=0.471
/home/touhid/.local/lib/python3.14/site-packages/sklearn/utils/validation.py:2827: UserWarning: X does not have valid feature names, but LGBMClassifier was fitted with feature names
  warnings.warn(
/home/touhid/.local/lib/python3.14/site-packages/sklearn/utils/validation.py:2827: UserWarning: X does not have valid feature names, but LGBMClassifier was fitted with feature names
  warnings.warn(
/home/touhid/.local/lib/python3.14/site-packages/sklearn/utils/validation.py:2827: UserWarning: X does not have valid feature names, but LGBMClassifier was fitted with feature names
  warnings.warn(
/home/touhid/.local/lib/python3.14/site-packages/sklearn/utils/validation.py:2827: UserWarning: X does not have valid feature names, but LGBMClassifier was fitted with feature names
  warnings.warn(
/home/touhid/.local/lib/python3.14/site-packages/sklearn/utils/validation.py:2827: UserWarning: X does not have valid feature names, but LGBMClassifier was fitted with feature names
  warnings.warn(
/home/touhid/.local/lib/python3.14/site-packages/sklearn/utils/validation.py:2827: UserWarning: X does not have valid feature names, but LGBMClassifier was fitted with feature names
  warnings.warn(
/home/touhid/.local/lib/python3.14/site-packages/sklearn/utils/validation.py:2827: UserWarning: X does not have valid feature names, but LGBMClassifier was fitted with feature names
  warnings.warn(
/home/touhid/.local/lib/python3.14/site-packages/sklearn/utils/validation.py:2827: UserWarning: X does not have valid feature names, but LGBMClassifier was fitted with feature names
  warnings.warn(
/home/touhid/.local/lib/python3.14/site-packages/sklearn/utils/validation.py:2827: UserWarning: X does not have valid feature names, but LGBMClassifier was fitted with feature names
  warnings.warn(
  nasa        no_soh           lightgbm      H=30 -> oxford      : raw=0.539 [0.533,0.545] percell=0.540
  nasa        no_soh           lightgbm      H=30 -> severson    : raw=0.622 [0.545,0.732] percell=0.648
  nasa        no_soh           lightgbm      H=30 -> ba_nmc_hnei : raw=0.741 [0.631,0.834] percell=0.730
  nasa        no_soh           lightgbm      H=30 -> ba_nca_snl  : raw=0.747 [0.678,0.814] percell=0.807
  nasa        no_soh           lightgbm      H=30 -> ba_nmc_snl  : raw=0.369 [0.249,0.525] percell=0.383
/home/touhid/.local/lib/python3.14/site-packages/sklearn/utils/validation.py:2827: UserWarning: X does not have valid feature names, but LGBMClassifier was fitted with feature names
  warnings.warn(
/home/touhid/.local/lib/python3.14/site-packages/sklearn/utils/validation.py:2827: UserWarning: X does not have valid feature names, but LGBMClassifier was fitted with feature names
  warnings.warn(
/home/touhid/.local/lib/python3.14/site-packages/sklearn/utils/validation.py:2827: UserWarning: X does not have valid feature names, but LGBMClassifier was fitted with feature names
  warnings.warn(
/home/touhid/.local/lib/python3.14/site-packages/sklearn/utils/validation.py:2827: UserWarning: X does not have valid feature names, but LGBMClassifier was fitted with feature names
  warnings.warn(
/home/touhid/.local/lib/python3.14/site-packages/sklearn/utils/validation.py:2827: UserWarning: X does not have valid feature names, but LGBMClassifier was fitted with feature names
  warnings.warn(
/home/touhid/.local/lib/python3.14/site-packages/sklearn/utils/validation.py:2827: UserWarning: X does not have valid feature names, but LGBMClassifier was fitted with feature names
  warnings.warn(
/home/touhid/.local/lib/python3.14/site-packages/sklearn/utils/validation.py:2827: UserWarning: X does not have valid feature names, but LGBMClassifier was fitted with feature names
  warnings.warn(
/home/touhid/.local/lib/python3.14/site-packages/sklearn/utils/validation.py:2827: UserWarning: X does not have valid feature names, but LGBMClassifier was fitted with feature names
  warnings.warn(
/home/touhid/.local/lib/python3.14/site-packages/sklearn/utils/validation.py:2827: UserWarning: X does not have valid feature names, but LGBMClassifier was fitted with feature names
  warnings.warn(
  nasa        no_soh           lightgbm      H=50 -> oxford      : raw=0.533 [0.497,0.543] percell=0.448
  nasa        no_soh           lightgbm      H=50 -> severson    : raw=0.632 [0.568,0.682] percell=0.814
  nasa        no_soh           lightgbm      H=50 -> ba_nmc_hnei : raw=0.875 [0.822,0.921] percell=0.867
  nasa        no_soh           lightgbm      H=50 -> ba_nca_snl  : raw=0.863 [0.820,0.894] percell=0.851
  nasa        no_soh           lightgbm      H=50 -> ba_nmc_snl  : raw=0.429 [0.300,0.739] percell=0.551
  nasa        no_soh           random_forest H=10 -> oxford      : raw=0.539 [0.533,0.545] percell=0.540
  nasa        no_soh           random_forest H=10 -> severson    : raw=0.724 [0.651,0.836] percell=0.838
  nasa        no_soh           random_forest H=10 -> ba_nmc_hnei : raw=0.992 [0.988,0.996] percell=0.998
  nasa        no_soh           random_forest H=10 -> ba_nca_snl  : raw=0.869 [0.826,0.913] percell=0.891
  nasa        no_soh           random_forest H=10 -> ba_nmc_snl  : raw=0.524 [0.377,0.674] percell=0.534
  nasa        no_soh           random_forest H=20 -> oxford      : raw=0.521 [0.487,0.537] percell=0.442
  nasa        no_soh           random_forest H=20 -> severson    : raw=0.674 [0.561,0.826] percell=0.836
  nasa        no_soh           random_forest H=20 -> ba_nmc_hnei : raw=0.990 [0.986,0.996] percell=0.999
  nasa        no_soh           random_forest H=20 -> ba_nca_snl  : raw=0.863 [0.825,0.903] percell=0.896
  nasa        no_soh           random_forest H=20 -> ba_nmc_snl  : raw=0.468 [0.238,0.668] percell=0.364
  nasa        no_soh           random_forest H=20 -> ba_lfp_snl  : raw=0.824 [0.768,0.941] percell=0.777
  nasa        no_soh           random_forest H=30 -> oxford      : raw=0.309 [0.112,0.500] percell=0.324
  nasa        no_soh           random_forest H=30 -> severson    : raw=0.746 [0.655,0.861] percell=0.858
  nasa        no_soh           random_forest H=30 -> ba_nmc_hnei : raw=0.984 [0.979,0.990] percell=0.989
  nasa        no_soh           random_forest H=30 -> ba_nca_snl  : raw=0.844 [0.794,0.897] percell=0.891
  nasa        no_soh           random_forest H=30 -> ba_nmc_snl  : raw=0.549 [0.297,0.657] percell=0.426
  nasa        no_soh           random_forest H=50 -> oxford      : raw=0.334 [0.147,0.507] percell=0.341
  nasa        no_soh           random_forest H=50 -> severson    : raw=0.756 [0.677,0.844] percell=0.848
  nasa        no_soh           random_forest H=50 -> ba_nmc_hnei : raw=0.976 [0.969,0.982] percell=0.981
  nasa        no_soh           random_forest H=50 -> ba_nca_snl  : raw=0.869 [0.832,0.906] percell=0.888
  nasa        no_soh           random_forest H=50 -> ba_nmc_snl  : raw=0.390 [0.263,0.569] percell=0.395
  nasa        common_with_soh  xgboost       H=10 -> oxford      : raw=0.984 [0.973,0.996] percell=0.985
  nasa        common_with_soh  xgboost       H=10 -> severson    : raw=0.785 [0.622,1.000] percell=0.984
  nasa        common_with_soh  xgboost       H=10 -> ba_nmc_hnei : raw=0.984 [0.971,0.993] percell=0.984
  nasa        common_with_soh  xgboost       H=10 -> ba_nca_snl  : raw=0.989 [0.982,0.994] percell=0.995
  nasa        common_with_soh  xgboost       H=10 -> ba_nmc_snl  : raw=0.584 [0.420,0.934] percell=0.926
  nasa        common_with_soh  xgboost       H=20 -> oxford      : raw=0.965 [0.942,0.989] percell=0.966
  nasa        common_with_soh  xgboost       H=20 -> severson    : raw=0.828 [0.680,0.998] percell=0.986
  nasa        common_with_soh  xgboost       H=20 -> ba_nmc_hnei : raw=0.943 [0.914,0.968] percell=0.943
  nasa        common_with_soh  xgboost       H=20 -> ba_nca_snl  : raw=0.973 [0.952,0.988] percell=0.987
  nasa        common_with_soh  xgboost       H=20 -> ba_nmc_snl  : raw=0.581 [0.423,0.925] percell=0.911
  nasa        common_with_soh  xgboost       H=20 -> ba_lfp_snl  : raw=0.995 [0.991,0.999] percell=0.978
  nasa        common_with_soh  xgboost       H=30 -> oxford      : raw=0.953 [0.924,0.984] percell=0.955
  nasa        common_with_soh  xgboost       H=30 -> severson    : raw=0.859 [0.724,0.995] percell=0.989
  nasa        common_with_soh  xgboost       H=30 -> ba_nmc_hnei : raw=0.859 [0.819,0.896] percell=0.857
  nasa        common_with_soh  xgboost       H=30 -> ba_nca_snl  : raw=0.952 [0.924,0.974] percell=0.966
  nasa        common_with_soh  xgboost       H=30 -> ba_nmc_snl  : raw=0.543 [0.403,0.914] percell=0.873
  nasa        common_with_soh  xgboost       H=50 -> oxford      : raw=0.953 [0.924,0.984] percell=0.955
  nasa        common_with_soh  xgboost       H=50 -> severson    : raw=0.902 [0.802,0.986] percell=0.994
  nasa        common_with_soh  xgboost       H=50 -> ba_nmc_hnei : raw=0.758 [0.687,0.822] percell=0.753
  nasa        common_with_soh  xgboost       H=50 -> ba_nca_snl  : raw=0.910 [0.848,0.955] percell=0.921
  nasa        common_with_soh  xgboost       H=50 -> ba_nmc_snl  : raw=0.480 [0.350,0.875] percell=0.806
/home/touhid/.local/lib/python3.14/site-packages/sklearn/utils/validation.py:2827: UserWarning: X does not have valid feature names, but LGBMClassifier was fitted with feature names
  warnings.warn(
/home/touhid/.local/lib/python3.14/site-packages/sklearn/utils/validation.py:2827: UserWarning: X does not have valid feature names, but LGBMClassifier was fitted with feature names
  warnings.warn(
/home/touhid/.local/lib/python3.14/site-packages/sklearn/utils/validation.py:2827: UserWarning: X does not have valid feature names, but LGBMClassifier was fitted with feature names
  warnings.warn(
/home/touhid/.local/lib/python3.14/site-packages/sklearn/utils/validation.py:2827: UserWarning: X does not have valid feature names, but LGBMClassifier was fitted with feature names
  warnings.warn(
/home/touhid/.local/lib/python3.14/site-packages/sklearn/utils/validation.py:2827: UserWarning: X does not have valid feature names, but LGBMClassifier was fitted with feature names
  warnings.warn(
/home/touhid/.local/lib/python3.14/site-packages/sklearn/utils/validation.py:2827: UserWarning: X does not have valid feature names, but LGBMClassifier was fitted with feature names
  warnings.warn(
/home/touhid/.local/lib/python3.14/site-packages/sklearn/utils/validation.py:2827: UserWarning: X does not have valid feature names, but LGBMClassifier was fitted with feature names
  warnings.warn(
/home/touhid/.local/lib/python3.14/site-packages/sklearn/utils/validation.py:2827: UserWarning: X does not have valid feature names, but LGBMClassifier was fitted with feature names
  warnings.warn(
/home/touhid/.local/lib/python3.14/site-packages/sklearn/utils/validation.py:2827: UserWarning: X does not have valid feature names, but LGBMClassifier was fitted with feature names
  warnings.warn(
  nasa        common_with_soh  lightgbm      H=10 -> oxford      : raw=1.000 [0.999,1.000] percell=1.000
  nasa        common_with_soh  lightgbm      H=10 -> severson    : raw=0.856 [0.748,0.997] percell=0.990
  nasa        common_with_soh  lightgbm      H=10 -> ba_nmc_hnei : raw=0.998 [0.997,0.999] percell=0.999
  nasa        common_with_soh  lightgbm      H=10 -> ba_nca_snl  : raw=0.995 [0.993,0.997] percell=0.997
  nasa        common_with_soh  lightgbm      H=10 -> ba_nmc_snl  : raw=0.621 [0.466,0.940] percell=0.945
/home/touhid/.local/lib/python3.14/site-packages/sklearn/utils/validation.py:2827: UserWarning: X does not have valid feature names, but LGBMClassifier was fitted with feature names
  warnings.warn(
/home/touhid/.local/lib/python3.14/site-packages/sklearn/utils/validation.py:2827: UserWarning: X does not have valid feature names, but LGBMClassifier was fitted with feature names
  warnings.warn(
/home/touhid/.local/lib/python3.14/site-packages/sklearn/utils/validation.py:2827: UserWarning: X does not have valid feature names, but LGBMClassifier was fitted with feature names
  warnings.warn(
/home/touhid/.local/lib/python3.14/site-packages/sklearn/utils/validation.py:2827: UserWarning: X does not have valid feature names, but LGBMClassifier was fitted with feature names
  warnings.warn(
/home/touhid/.local/lib/python3.14/site-packages/sklearn/utils/validation.py:2827: UserWarning: X does not have valid feature names, but LGBMClassifier was fitted with feature names
  warnings.warn(
/home/touhid/.local/lib/python3.14/site-packages/sklearn/utils/validation.py:2827: UserWarning: X does not have valid feature names, but LGBMClassifier was fitted with feature names
  warnings.warn(
/home/touhid/.local/lib/python3.14/site-packages/sklearn/utils/validation.py:2827: UserWarning: X does not have valid feature names, but LGBMClassifier was fitted with feature names
  warnings.warn(
/home/touhid/.local/lib/python3.14/site-packages/sklearn/utils/validation.py:2827: UserWarning: X does not have valid feature names, but LGBMClassifier was fitted with feature names
  warnings.warn(
/home/touhid/.local/lib/python3.14/site-packages/sklearn/utils/validation.py:2827: UserWarning: X does not have valid feature names, but LGBMClassifier was fitted with feature names
  warnings.warn(
/home/touhid/.local/lib/python3.14/site-packages/sklearn/utils/validation.py:2827: UserWarning: X does not have valid feature names, but LGBMClassifier was fitted with feature names
  warnings.warn(
  nasa        common_with_soh  lightgbm      H=20 -> oxford      : raw=0.999 [0.998,1.000] percell=1.000
  nasa        common_with_soh  lightgbm      H=20 -> severson    : raw=0.877 [0.770,0.997] percell=0.992
  nasa        common_with_soh  lightgbm      H=20 -> ba_nmc_hnei : raw=0.994 [0.988,0.999] percell=0.996
  nasa        common_with_soh  lightgbm      H=20 -> ba_nca_snl  : raw=0.992 [0.990,0.995] percell=0.996
  nasa        common_with_soh  lightgbm      H=20 -> ba_nmc_snl  : raw=0.573 [0.416,0.909] percell=0.909
  nasa        common_with_soh  lightgbm      H=20 -> ba_lfp_snl  : raw=0.998 [0.997,0.999] percell=0.995
/home/touhid/.local/lib/python3.14/site-packages/sklearn/utils/validation.py:2827: UserWarning: X does not have valid feature names, but LGBMClassifier was fitted with feature names
  warnings.warn(
/home/touhid/.local/lib/python3.14/site-packages/sklearn/utils/validation.py:2827: UserWarning: X does not have valid feature names, but LGBMClassifier was fitted with feature names
  warnings.warn(
/home/touhid/.local/lib/python3.14/site-packages/sklearn/utils/validation.py:2827: UserWarning: X does not have valid feature names, but LGBMClassifier was fitted with feature names
  warnings.warn(
/home/touhid/.local/lib/python3.14/site-packages/sklearn/utils/validation.py:2827: UserWarning: X does not have valid feature names, but LGBMClassifier was fitted with feature names
  warnings.warn(
/home/touhid/.local/lib/python3.14/site-packages/sklearn/utils/validation.py:2827: UserWarning: X does not have valid feature names, but LGBMClassifier was fitted with feature names
  warnings.warn(
/home/touhid/.local/lib/python3.14/site-packages/sklearn/utils/validation.py:2827: UserWarning: X does not have valid feature names, but LGBMClassifier was fitted with feature names
  warnings.warn(
/home/touhid/.local/lib/python3.14/site-packages/sklearn/utils/validation.py:2827: UserWarning: X does not have valid feature names, but LGBMClassifier was fitted with feature names
  warnings.warn(
/home/touhid/.local/lib/python3.14/site-packages/sklearn/utils/validation.py:2827: UserWarning: X does not have valid feature names, but LGBMClassifier was fitted with feature names
  warnings.warn(
/home/touhid/.local/lib/python3.14/site-packages/sklearn/utils/validation.py:2827: UserWarning: X does not have valid feature names, but LGBMClassifier was fitted with feature names
  warnings.warn(
  nasa        common_with_soh  lightgbm      H=30 -> oxford      : raw=0.999 [0.998,1.000] percell=1.000
  nasa        common_with_soh  lightgbm      H=30 -> severson    : raw=0.903 [0.815,0.995] percell=0.997
  nasa        common_with_soh  lightgbm      H=30 -> ba_nmc_hnei : raw=0.994 [0.987,0.999] percell=0.996
  nasa        common_with_soh  lightgbm      H=30 -> ba_nca_snl  : raw=0.987 [0.983,0.991] percell=0.994
  nasa        common_with_soh  lightgbm      H=30 -> ba_nmc_snl  : raw=0.534 [0.390,0.884] percell=0.883
/home/touhid/.local/lib/python3.14/site-packages/sklearn/utils/validation.py:2827: UserWarning: X does not have valid feature names, but LGBMClassifier was fitted with feature names
  warnings.warn(
/home/touhid/.local/lib/python3.14/site-packages/sklearn/utils/validation.py:2827: UserWarning: X does not have valid feature names, but LGBMClassifier was fitted with feature names
  warnings.warn(
/home/touhid/.local/lib/python3.14/site-packages/sklearn/utils/validation.py:2827: UserWarning: X does not have valid feature names, but LGBMClassifier was fitted with feature names
  warnings.warn(
/home/touhid/.local/lib/python3.14/site-packages/sklearn/utils/validation.py:2827: UserWarning: X does not have valid feature names, but LGBMClassifier was fitted with feature names
  warnings.warn(
/home/touhid/.local/lib/python3.14/site-packages/sklearn/utils/validation.py:2827: UserWarning: X does not have valid feature names, but LGBMClassifier was fitted with feature names
  warnings.warn(
/home/touhid/.local/lib/python3.14/site-packages/sklearn/utils/validation.py:2827: UserWarning: X does not have valid feature names, but LGBMClassifier was fitted with feature names
  warnings.warn(
/home/touhid/.local/lib/python3.14/site-packages/sklearn/utils/validation.py:2827: UserWarning: X does not have valid feature names, but LGBMClassifier was fitted with feature names
  warnings.warn(
/home/touhid/.local/lib/python3.14/site-packages/sklearn/utils/validation.py:2827: UserWarning: X does not have valid feature names, but LGBMClassifier was fitted with feature names
  warnings.warn(
/home/touhid/.local/lib/python3.14/site-packages/sklearn/utils/validation.py:2827: UserWarning: X does not have valid feature names, but LGBMClassifier was fitted with feature names
  warnings.warn(
  nasa        common_with_soh  lightgbm      H=50 -> oxford      : raw=0.988 [0.957,1.000] percell=0.931
  nasa        common_with_soh  lightgbm      H=50 -> severson    : raw=0.907 [0.819,0.986] percell=0.995
  nasa        common_with_soh  lightgbm      H=50 -> ba_nmc_hnei : raw=0.983 [0.968,0.995] percell=0.981
  nasa        common_with_soh  lightgbm      H=50 -> ba_nca_snl  : raw=0.960 [0.943,0.974] percell=0.978
  nasa        common_with_soh  lightgbm      H=50 -> ba_nmc_snl  : raw=0.471 [0.328,0.858] percell=0.783
  nasa        common_with_soh  random_forest H=10 -> oxford      : raw=0.992 [0.983,1.000] percell=0.992
  nasa        common_with_soh  random_forest H=10 -> severson    : raw=0.883 [0.797,1.000] percell=0.997
  nasa        common_with_soh  random_forest H=10 -> ba_nmc_hnei : raw=0.998 [0.998,0.999] percell=0.999
  nasa        common_with_soh  random_forest H=10 -> ba_nca_snl  : raw=0.992 [0.987,0.996] percell=0.997
  nasa        common_with_soh  random_forest H=10 -> ba_nmc_snl  : raw=0.556 [0.386,0.888] percell=0.888
  nasa        common_with_soh  random_forest H=20 -> oxford      : raw=0.990 [0.983,0.998] percell=0.990
  nasa        common_with_soh  random_forest H=20 -> severson    : raw=0.900 [0.817,0.998] percell=0.997
  nasa        common_with_soh  random_forest H=20 -> ba_nmc_hnei : raw=0.991 [0.984,0.998] percell=0.993
  nasa        common_with_soh  random_forest H=20 -> ba_nca_snl  : raw=0.986 [0.981,0.991] percell=0.997
  nasa        common_with_soh  random_forest H=20 -> ba_nmc_snl  : raw=0.528 [0.316,0.850] percell=0.787
  nasa        common_with_soh  random_forest H=20 -> ba_lfp_snl  : raw=0.998 [0.995,1.000] percell=0.991
  nasa        common_with_soh  random_forest H=30 -> oxford      : raw=0.975 [0.960,0.992] percell=0.976
  nasa        common_with_soh  random_forest H=30 -> severson    : raw=0.880 [0.766,0.995] percell=0.995
  nasa        common_with_soh  random_forest H=30 -> ba_nmc_hnei : raw=0.986 [0.970,0.997] percell=0.984
  nasa        common_with_soh  random_forest H=30 -> ba_nca_snl  : raw=0.965 [0.946,0.981] percell=0.993
  nasa        common_with_soh  random_forest H=30 -> ba_nmc_snl  : raw=0.526 [0.341,0.857] percell=0.827
  nasa        common_with_soh  random_forest H=50 -> oxford      : raw=0.955 [0.931,0.985] percell=0.959
  nasa        common_with_soh  random_forest H=50 -> severson    : raw=0.893 [0.789,0.985] percell=0.994
  nasa        common_with_soh  random_forest H=50 -> ba_nmc_hnei : raw=0.865 [0.791,0.921] percell=0.848
  nasa        common_with_soh  random_forest H=50 -> ba_nca_snl  : raw=0.952 [0.913,0.976] percell=0.974
  nasa        common_with_soh  random_forest H=50 -> ba_nmc_snl  : raw=0.495 [0.360,0.849] percell=0.818
  nasa        common_no_soh    xgboost       H=10 -> oxford      : raw=0.520 [0.519,0.522] percell=0.521
  nasa        common_no_soh    xgboost       H=10 -> severson    : raw=0.700 [0.686,0.716] percell=0.836
  nasa        common_no_soh    xgboost       H=10 -> ba_nmc_hnei : raw=0.628 [0.561,0.691] percell=0.632
  nasa        common_no_soh    xgboost       H=10 -> ba_nca_snl  : raw=0.794 [0.717,0.856] percell=0.815
  nasa        common_no_soh    xgboost       H=10 -> ba_nmc_snl  : raw=0.526 [0.353,0.870] percell=0.819
  nasa        common_no_soh    xgboost       H=20 -> oxford      : raw=0.510 [0.509,0.511] percell=0.510
  nasa        common_no_soh    xgboost       H=20 -> severson    : raw=0.735 [0.683,0.808] percell=0.791
  nasa        common_no_soh    xgboost       H=20 -> ba_nmc_hnei : raw=0.588 [0.508,0.662] percell=0.591
  nasa        common_no_soh    xgboost       H=20 -> ba_nca_snl  : raw=0.715 [0.639,0.778] percell=0.722
  nasa        common_no_soh    xgboost       H=20 -> ba_nmc_snl  : raw=0.488 [0.315,0.836] percell=0.763
  nasa        common_no_soh    xgboost       H=20 -> ba_lfp_snl  : raw=0.601 [0.507,0.658] percell=0.592
  nasa        common_no_soh    xgboost       H=30 -> oxford      : raw=0.520 [0.519,0.522] percell=0.521
  nasa        common_no_soh    xgboost       H=30 -> severson    : raw=0.701 [0.681,0.719] percell=0.835
  nasa        common_no_soh    xgboost       H=30 -> ba_nmc_hnei : raw=0.580 [0.490,0.660] percell=0.584
  nasa        common_no_soh    xgboost       H=30 -> ba_nca_snl  : raw=0.769 [0.674,0.846] percell=0.785
  nasa        common_no_soh    xgboost       H=30 -> ba_nmc_snl  : raw=0.467 [0.291,0.828] percell=0.709
  nasa        common_no_soh    xgboost       H=50 -> oxford      : raw=0.547 [0.537,0.587] percell=0.633
  nasa        common_no_soh    xgboost       H=50 -> severson    : raw=0.754 [0.706,0.808] percell=0.821
  nasa        common_no_soh    xgboost       H=50 -> ba_nmc_hnei : raw=0.529 [0.444,0.605] percell=0.532
  nasa        common_no_soh    xgboost       H=50 -> ba_nca_snl  : raw=0.803 [0.694,0.880] percell=0.817
  nasa        common_no_soh    xgboost       H=50 -> ba_nmc_snl  : raw=0.426 [0.259,0.820] percell=0.652
/home/touhid/.local/lib/python3.14/site-packages/sklearn/utils/validation.py:2827: UserWarning: X does not have valid feature names, but LGBMClassifier was fitted with feature names
  warnings.warn(
/home/touhid/.local/lib/python3.14/site-packages/sklearn/utils/validation.py:2827: UserWarning: X does not have valid feature names, but LGBMClassifier was fitted with feature names
  warnings.warn(
/home/touhid/.local/lib/python3.14/site-packages/sklearn/utils/validation.py:2827: UserWarning: X does not have valid feature names, but LGBMClassifier was fitted with feature names
  warnings.warn(
/home/touhid/.local/lib/python3.14/site-packages/sklearn/utils/validation.py:2827: UserWarning: X does not have valid feature names, but LGBMClassifier was fitted with feature names
  warnings.warn(
/home/touhid/.local/lib/python3.14/site-packages/sklearn/utils/validation.py:2827: UserWarning: X does not have valid feature names, but LGBMClassifier was fitted with feature names
  warnings.warn(
/home/touhid/.local/lib/python3.14/site-packages/sklearn/utils/validation.py:2827: UserWarning: X does not have valid feature names, but LGBMClassifier was fitted with feature names
  warnings.warn(
/home/touhid/.local/lib/python3.14/site-packages/sklearn/utils/validation.py:2827: UserWarning: X does not have valid feature names, but LGBMClassifier was fitted with feature names
  warnings.warn(
/home/touhid/.local/lib/python3.14/site-packages/sklearn/utils/validation.py:2827: UserWarning: X does not have valid feature names, but LGBMClassifier was fitted with feature names
  warnings.warn(
/home/touhid/.local/lib/python3.14/site-packages/sklearn/utils/validation.py:2827: UserWarning: X does not have valid feature names, but LGBMClassifier was fitted with feature names
  warnings.warn(
  nasa        common_no_soh    lightgbm      H=10 -> oxford      : raw=0.514 [0.473,0.522] percell=0.421
  nasa        common_no_soh    lightgbm      H=10 -> severson    : raw=0.705 [0.684,0.734] percell=0.845
  nasa        common_no_soh    lightgbm      H=10 -> ba_nmc_hnei : raw=0.610 [0.552,0.665] percell=0.599
  nasa        common_no_soh    lightgbm      H=10 -> ba_nca_snl  : raw=0.865 [0.790,0.912] percell=0.859
  nasa        common_no_soh    lightgbm      H=10 -> ba_nmc_snl  : raw=0.471 [0.283,0.823] percell=0.683
/home/touhid/.local/lib/python3.14/site-packages/sklearn/utils/validation.py:2827: UserWarning: X does not have valid feature names, but LGBMClassifier was fitted with feature names
  warnings.warn(
/home/touhid/.local/lib/python3.14/site-packages/sklearn/utils/validation.py:2827: UserWarning: X does not have valid feature names, but LGBMClassifier was fitted with feature names
  warnings.warn(
/home/touhid/.local/lib/python3.14/site-packages/sklearn/utils/validation.py:2827: UserWarning: X does not have valid feature names, but LGBMClassifier was fitted with feature names
  warnings.warn(
/home/touhid/.local/lib/python3.14/site-packages/sklearn/utils/validation.py:2827: UserWarning: X does not have valid feature names, but LGBMClassifier was fitted with feature names
  warnings.warn(
/home/touhid/.local/lib/python3.14/site-packages/sklearn/utils/validation.py:2827: UserWarning: X does not have valid feature names, but LGBMClassifier was fitted with feature names
  warnings.warn(
/home/touhid/.local/lib/python3.14/site-packages/sklearn/utils/validation.py:2827: UserWarning: X does not have valid feature names, but LGBMClassifier was fitted with feature names
  warnings.warn(
/home/touhid/.local/lib/python3.14/site-packages/sklearn/utils/validation.py:2827: UserWarning: X does not have valid feature names, but LGBMClassifier was fitted with feature names
  warnings.warn(
/home/touhid/.local/lib/python3.14/site-packages/sklearn/utils/validation.py:2827: UserWarning: X does not have valid feature names, but LGBMClassifier was fitted with feature names
  warnings.warn(
/home/touhid/.local/lib/python3.14/site-packages/sklearn/utils/validation.py:2827: UserWarning: X does not have valid feature names, but LGBMClassifier was fitted with feature names
  warnings.warn(
/home/touhid/.local/lib/python3.14/site-packages/sklearn/utils/validation.py:2827: UserWarning: X does not have valid feature names, but LGBMClassifier was fitted with feature names
  warnings.warn(
  nasa        common_no_soh    lightgbm      H=20 -> oxford      : raw=0.523 [0.485,0.540] percell=0.439
  nasa        common_no_soh    lightgbm      H=20 -> severson    : raw=0.697 [0.683,0.711] percell=0.827
  nasa        common_no_soh    lightgbm      H=20 -> ba_nmc_hnei : raw=0.610 [0.519,0.691] percell=0.607
  nasa        common_no_soh    lightgbm      H=20 -> ba_nca_snl  : raw=0.820 [0.724,0.885] percell=0.820
  nasa        common_no_soh    lightgbm      H=20 -> ba_nmc_snl  : raw=0.434 [0.242,0.770] percell=0.567
  nasa        common_no_soh    lightgbm      H=20 -> ba_lfp_snl  : raw=0.868 [0.790,0.930] percell=0.634
/home/touhid/.local/lib/python3.14/site-packages/sklearn/utils/validation.py:2827: UserWarning: X does not have valid feature names, but LGBMClassifier was fitted with feature names
  warnings.warn(
/home/touhid/.local/lib/python3.14/site-packages/sklearn/utils/validation.py:2827: UserWarning: X does not have valid feature names, but LGBMClassifier was fitted with feature names
  warnings.warn(
/home/touhid/.local/lib/python3.14/site-packages/sklearn/utils/validation.py:2827: UserWarning: X does not have valid feature names, but LGBMClassifier was fitted with feature names
  warnings.warn(
/home/touhid/.local/lib/python3.14/site-packages/sklearn/utils/validation.py:2827: UserWarning: X does not have valid feature names, but LGBMClassifier was fitted with feature names
  warnings.warn(
/home/touhid/.local/lib/python3.14/site-packages/sklearn/utils/validation.py:2827: UserWarning: X does not have valid feature names, but LGBMClassifier was fitted with feature names
  warnings.warn(
/home/touhid/.local/lib/python3.14/site-packages/sklearn/utils/validation.py:2827: UserWarning: X does not have valid feature names, but LGBMClassifier was fitted with feature names
  warnings.warn(
/home/touhid/.local/lib/python3.14/site-packages/sklearn/utils/validation.py:2827: UserWarning: X does not have valid feature names, but LGBMClassifier was fitted with feature names
  warnings.warn(
/home/touhid/.local/lib/python3.14/site-packages/sklearn/utils/validation.py:2827: UserWarning: X does not have valid feature names, but LGBMClassifier was fitted with feature names
  warnings.warn(
/home/touhid/.local/lib/python3.14/site-packages/sklearn/utils/validation.py:2827: UserWarning: X does not have valid feature names, but LGBMClassifier was fitted with feature names
  warnings.warn(
  nasa        common_no_soh    lightgbm      H=30 -> oxford      : raw=0.523 [0.487,0.540] percell=0.444
  nasa        common_no_soh    lightgbm      H=30 -> severson    : raw=0.692 [0.678,0.707] percell=0.834
  nasa        common_no_soh    lightgbm      H=30 -> ba_nmc_hnei : raw=0.599 [0.506,0.688] percell=0.592
  nasa        common_no_soh    lightgbm      H=30 -> ba_nca_snl  : raw=0.844 [0.745,0.912] percell=0.825
  nasa        common_no_soh    lightgbm      H=30 -> ba_nmc_snl  : raw=0.436 [0.270,0.775] percell=0.586
/home/touhid/.local/lib/python3.14/site-packages/sklearn/utils/validation.py:2827: UserWarning: X does not have valid feature names, but LGBMClassifier was fitted with feature names
  warnings.warn(
/home/touhid/.local/lib/python3.14/site-packages/sklearn/utils/validation.py:2827: UserWarning: X does not have valid feature names, but LGBMClassifier was fitted with feature names
  warnings.warn(
/home/touhid/.local/lib/python3.14/site-packages/sklearn/utils/validation.py:2827: UserWarning: X does not have valid feature names, but LGBMClassifier was fitted with feature names
  warnings.warn(
/home/touhid/.local/lib/python3.14/site-packages/sklearn/utils/validation.py:2827: UserWarning: X does not have valid feature names, but LGBMClassifier was fitted with feature names
  warnings.warn(
/home/touhid/.local/lib/python3.14/site-packages/sklearn/utils/validation.py:2827: UserWarning: X does not have valid feature names, but LGBMClassifier was fitted with feature names
  warnings.warn(
/home/touhid/.local/lib/python3.14/site-packages/sklearn/utils/validation.py:2827: UserWarning: X does not have valid feature names, but LGBMClassifier was fitted with feature names
  warnings.warn(
/home/touhid/.local/lib/python3.14/site-packages/sklearn/utils/validation.py:2827: UserWarning: X does not have valid feature names, but LGBMClassifier was fitted with feature names
  warnings.warn(
/home/touhid/.local/lib/python3.14/site-packages/sklearn/utils/validation.py:2827: UserWarning: X does not have valid feature names, but LGBMClassifier was fitted with feature names
  warnings.warn(
/home/touhid/.local/lib/python3.14/site-packages/sklearn/utils/validation.py:2827: UserWarning: X does not have valid feature names, but LGBMClassifier was fitted with feature names
  warnings.warn(
  nasa        common_no_soh    lightgbm      H=50 -> oxford      : raw=0.523 [0.487,0.540] percell=0.444
  nasa        common_no_soh    lightgbm      H=50 -> severson    : raw=0.728 [0.685,0.775] percell=0.814
  nasa        common_no_soh    lightgbm      H=50 -> ba_nmc_hnei : raw=0.628 [0.529,0.716] percell=0.624
  nasa        common_no_soh    lightgbm      H=50 -> ba_nca_snl  : raw=0.843 [0.749,0.900] percell=0.802
  nasa        common_no_soh    lightgbm      H=50 -> ba_nmc_snl  : raw=0.409 [0.268,0.744] percell=0.548
  nasa        common_no_soh    random_forest H=10 -> oxford      : raw=0.523 [0.487,0.540] percell=0.444
  nasa        common_no_soh    random_forest H=10 -> severson    : raw=0.717 [0.688,0.756] percell=0.851
  nasa        common_no_soh    random_forest H=10 -> ba_nmc_hnei : raw=0.989 [0.980,0.996] percell=0.996
  nasa        common_no_soh    random_forest H=10 -> ba_nca_snl  : raw=0.918 [0.882,0.950] percell=0.924
  nasa        common_no_soh    random_forest H=10 -> ba_nmc_snl  : raw=0.514 [0.353,0.843] percell=0.804
  nasa        common_no_soh    random_forest H=20 -> oxford      : raw=0.523 [0.487,0.540] percell=0.444
  nasa        common_no_soh    random_forest H=20 -> severson    : raw=0.672 [0.642,0.705] percell=0.854
  nasa        common_no_soh    random_forest H=20 -> ba_nmc_hnei : raw=0.892 [0.827,0.947] percell=0.890
  nasa        common_no_soh    random_forest H=20 -> ba_nca_snl  : raw=0.895 [0.831,0.949] percell=0.914
  nasa        common_no_soh    random_forest H=20 -> ba_nmc_snl  : raw=0.503 [0.350,0.833] percell=0.790
  nasa        common_no_soh    random_forest H=20 -> ba_lfp_snl  : raw=0.824 [0.753,0.970] percell=0.819
  nasa        common_no_soh    random_forest H=30 -> oxford      : raw=0.523 [0.487,0.540] percell=0.444
  nasa        common_no_soh    random_forest H=30 -> severson    : raw=0.662 [0.632,0.695] percell=0.850
  nasa        common_no_soh    random_forest H=30 -> ba_nmc_hnei : raw=0.826 [0.757,0.888] percell=0.824
  nasa        common_no_soh    random_forest H=30 -> ba_nca_snl  : raw=0.882 [0.805,0.938] percell=0.891
  nasa        common_no_soh    random_forest H=30 -> ba_nmc_snl  : raw=0.500 [0.351,0.838] percell=0.789
  nasa        common_no_soh    random_forest H=50 -> oxford      : raw=0.523 [0.487,0.540] percell=0.444
  nasa        common_no_soh    random_forest H=50 -> severson    : raw=0.654 [0.623,0.688] percell=0.845
  nasa        common_no_soh    random_forest H=50 -> ba_nmc_hnei : raw=0.896 [0.831,0.948] percell=0.887
  nasa        common_no_soh    random_forest H=50 -> ba_nca_snl  : raw=0.877 [0.811,0.933] percell=0.900
  nasa        common_no_soh    random_forest H=50 -> ba_nmc_snl  : raw=0.457 [0.315,0.828] percell=0.720
  calce       with_soh         xgboost       H=10 -> oxford      : raw=0.862 [0.797,0.926] percell=0.810
  calce       with_soh         xgboost       H=10 -> severson    : raw=0.857 [0.760,0.988] percell=0.978
  calce       with_soh         xgboost       H=10 -> ba_nmc_hnei : raw=0.996 [0.996,0.997] percell=0.998
  calce       with_soh         xgboost       H=10 -> ba_nca_snl  : raw=0.982 [0.967,0.994] percell=0.995
  calce       with_soh         xgboost       H=10 -> ba_nmc_snl  : raw=0.843 [0.707,0.997] percell=0.961
  calce       with_soh         xgboost       H=20 -> oxford      : raw=0.850 [0.764,0.910] percell=0.763
  calce       with_soh         xgboost       H=20 -> severson    : raw=0.850 [0.749,0.967] percell=0.957
  calce       with_soh         xgboost       H=20 -> ba_nmc_hnei : raw=0.996 [0.995,0.997] percell=0.998
  calce       with_soh         xgboost       H=20 -> ba_nca_snl  : raw=0.970 [0.954,0.985] percell=0.976
  calce       with_soh         xgboost       H=20 -> ba_nmc_snl  : raw=0.842 [0.711,0.996] percell=0.971
  calce       with_soh         xgboost       H=20 -> ba_lfp_snl  : raw=0.967 [0.937,0.989] percell=0.903
  calce       with_soh         xgboost       H=30 -> oxford      : raw=0.891 [0.823,0.927] percell=0.772
  calce       with_soh         xgboost       H=30 -> severson    : raw=0.880 [0.791,0.971] percell=0.969
  calce       with_soh         xgboost       H=30 -> ba_nmc_hnei : raw=0.997 [0.996,0.999] percell=1.000
  calce       with_soh         xgboost       H=30 -> ba_nca_snl  : raw=0.970 [0.954,0.984] percell=0.976
  calce       with_soh         xgboost       H=30 -> ba_nmc_snl  : raw=0.837 [0.697,0.995] percell=0.953
  calce       with_soh         xgboost       H=50 -> oxford      : raw=0.836 [0.784,0.885] percell=0.725
  calce       with_soh         xgboost       H=50 -> severson    : raw=0.876 [0.777,0.964] percell=0.972
  calce       with_soh         xgboost       H=50 -> ba_nmc_hnei : raw=0.993 [0.991,0.995] percell=0.995
  calce       with_soh         xgboost       H=50 -> ba_nca_snl  : raw=0.954 [0.934,0.971] percell=0.950
  calce       with_soh         xgboost       H=50 -> ba_nmc_snl  : raw=0.837 [0.723,0.991] percell=0.977
/home/touhid/.local/lib/python3.14/site-packages/sklearn/utils/validation.py:2827: UserWarning: X does not have valid feature names, but LGBMClassifier was fitted with feature names
  warnings.warn(
/home/touhid/.local/lib/python3.14/site-packages/sklearn/utils/validation.py:2827: UserWarning: X does not have valid feature names, but LGBMClassifier was fitted with feature names
  warnings.warn(
/home/touhid/.local/lib/python3.14/site-packages/sklearn/utils/validation.py:2827: UserWarning: X does not have valid feature names, but LGBMClassifier was fitted with feature names
  warnings.warn(
/home/touhid/.local/lib/python3.14/site-packages/sklearn/utils/validation.py:2827: UserWarning: X does not have valid feature names, but LGBMClassifier was fitted with feature names
  warnings.warn(
/home/touhid/.local/lib/python3.14/site-packages/sklearn/utils/validation.py:2827: UserWarning: X does not have valid feature names, but LGBMClassifier was fitted with feature names
  warnings.warn(
/home/touhid/.local/lib/python3.14/site-packages/sklearn/utils/validation.py:2827: UserWarning: X does not have valid feature names, but LGBMClassifier was fitted with feature names
  warnings.warn(
/home/touhid/.local/lib/python3.14/site-packages/sklearn/utils/validation.py:2827: UserWarning: X does not have valid feature names, but LGBMClassifier was fitted with feature names
  warnings.warn(
/home/touhid/.local/lib/python3.14/site-packages/sklearn/utils/validation.py:2827: UserWarning: X does not have valid feature names, but LGBMClassifier was fitted with feature names
  warnings.warn(
  calce       with_soh         lightgbm      H=10 -> oxford      : raw=0.847 [0.746,0.932] percell=0.708
  calce       with_soh         lightgbm      H=10 -> severson    : raw=0.720 [0.697,0.750] percell=0.868
  calce       with_soh         lightgbm      H=10 -> ba_nmc_hnei : raw=0.996 [0.995,0.997] percell=0.997
  calce       with_soh         lightgbm      H=10 -> ba_nca_snl  : raw=0.980 [0.968,0.990] percell=0.987
  calce       with_soh         lightgbm      H=10 -> ba_nmc_snl  : raw=0.848 [0.722,0.995] percell=0.966
/home/touhid/.local/lib/python3.14/site-packages/sklearn/utils/validation.py:2827: UserWarning: X does not have valid feature names, but LGBMClassifier was fitted with feature names
  warnings.warn(
/home/touhid/.local/lib/python3.14/site-packages/sklearn/utils/validation.py:2827: UserWarning: X does not have valid feature names, but LGBMClassifier was fitted with feature names
  warnings.warn(
/home/touhid/.local/lib/python3.14/site-packages/sklearn/utils/validation.py:2827: UserWarning: X does not have valid feature names, but LGBMClassifier was fitted with feature names
  warnings.warn(
/home/touhid/.local/lib/python3.14/site-packages/sklearn/utils/validation.py:2827: UserWarning: X does not have valid feature names, but LGBMClassifier was fitted with feature names
  warnings.warn(
/home/touhid/.local/lib/python3.14/site-packages/sklearn/utils/validation.py:2827: UserWarning: X does not have valid feature names, but LGBMClassifier was fitted with feature names
  warnings.warn(
/home/touhid/.local/lib/python3.14/site-packages/sklearn/utils/validation.py:2827: UserWarning: X does not have valid feature names, but LGBMClassifier was fitted with feature names
  warnings.warn(
/home/touhid/.local/lib/python3.14/site-packages/sklearn/utils/validation.py:2827: UserWarning: X does not have valid feature names, but LGBMClassifier was fitted with feature names
  warnings.warn(
/home/touhid/.local/lib/python3.14/site-packages/sklearn/utils/validation.py:2827: UserWarning: X does not have valid feature names, but LGBMClassifier was fitted with feature names
  warnings.warn(
/home/touhid/.local/lib/python3.14/site-packages/sklearn/utils/validation.py:2827: UserWarning: X does not have valid feature names, but LGBMClassifier was fitted with feature names
  warnings.warn(
  calce       with_soh         lightgbm      H=20 -> oxford      : raw=0.889 [0.827,0.932] percell=0.837
  calce       with_soh         lightgbm      H=20 -> severson    : raw=0.863 [0.782,0.957] percell=0.952
  calce       with_soh         lightgbm      H=20 -> ba_nmc_hnei : raw=0.993 [0.992,0.995] percell=0.994
  calce       with_soh         lightgbm      H=20 -> ba_nca_snl  : raw=0.975 [0.960,0.986] percell=0.974
  calce       with_soh         lightgbm      H=20 -> ba_nmc_snl  : raw=0.844 [0.707,0.996] percell=0.953
  calce       with_soh         lightgbm      H=20 -> ba_lfp_snl  : raw=0.977 [0.960,0.994] percell=0.968
/home/touhid/.local/lib/python3.14/site-packages/sklearn/utils/validation.py:2827: UserWarning: X does not have valid feature names, but LGBMClassifier was fitted with feature names
  warnings.warn(
/home/touhid/.local/lib/python3.14/site-packages/sklearn/utils/validation.py:2827: UserWarning: X does not have valid feature names, but LGBMClassifier was fitted with feature names
  warnings.warn(
/home/touhid/.local/lib/python3.14/site-packages/sklearn/utils/validation.py:2827: UserWarning: X does not have valid feature names, but LGBMClassifier was fitted with feature names
  warnings.warn(
/home/touhid/.local/lib/python3.14/site-packages/sklearn/utils/validation.py:2827: UserWarning: X does not have valid feature names, but LGBMClassifier was fitted with feature names
  warnings.warn(
/home/touhid/.local/lib/python3.14/site-packages/sklearn/utils/validation.py:2827: UserWarning: X does not have valid feature names, but LGBMClassifier was fitted with feature names
  warnings.warn(
/home/touhid/.local/lib/python3.14/site-packages/sklearn/utils/validation.py:2827: UserWarning: X does not have valid feature names, but LGBMClassifier was fitted with feature names
  warnings.warn(
/home/touhid/.local/lib/python3.14/site-packages/sklearn/utils/validation.py:2827: UserWarning: X does not have valid feature names, but LGBMClassifier was fitted with feature names
  warnings.warn(
/home/touhid/.local/lib/python3.14/site-packages/sklearn/utils/validation.py:2827: UserWarning: X does not have valid feature names, but LGBMClassifier was fitted with feature names
  warnings.warn(
  calce       with_soh         lightgbm      H=30 -> oxford      : raw=0.804 [0.708,0.865] percell=0.660
  calce       with_soh         lightgbm      H=30 -> severson    : raw=0.887 [0.811,0.966] percell=0.966
  calce       with_soh         lightgbm      H=30 -> ba_nmc_hnei : raw=0.992 [0.989,0.995] percell=0.992
  calce       with_soh         lightgbm      H=30 -> ba_nca_snl  : raw=0.969 [0.953,0.982] percell=0.963
  calce       with_soh         lightgbm      H=30 -> ba_nmc_snl  : raw=0.836 [0.712,0.987] percell=0.962
/home/touhid/.local/lib/python3.14/site-packages/sklearn/utils/validation.py:2827: UserWarning: X does not have valid feature names, but LGBMClassifier was fitted with feature names
  warnings.warn(
/home/touhid/.local/lib/python3.14/site-packages/sklearn/utils/validation.py:2827: UserWarning: X does not have valid feature names, but LGBMClassifier was fitted with feature names
  warnings.warn(
/home/touhid/.local/lib/python3.14/site-packages/sklearn/utils/validation.py:2827: UserWarning: X does not have valid feature names, but LGBMClassifier was fitted with feature names
  warnings.warn(
/home/touhid/.local/lib/python3.14/site-packages/sklearn/utils/validation.py:2827: UserWarning: X does not have valid feature names, but LGBMClassifier was fitted with feature names
  warnings.warn(
/home/touhid/.local/lib/python3.14/site-packages/sklearn/utils/validation.py:2827: UserWarning: X does not have valid feature names, but LGBMClassifier was fitted with feature names
  warnings.warn(
/home/touhid/.local/lib/python3.14/site-packages/sklearn/utils/validation.py:2827: UserWarning: X does not have valid feature names, but LGBMClassifier was fitted with feature names
  warnings.warn(
/home/touhid/.local/lib/python3.14/site-packages/sklearn/utils/validation.py:2827: UserWarning: X does not have valid feature names, but LGBMClassifier was fitted with feature names
  warnings.warn(
/home/touhid/.local/lib/python3.14/site-packages/sklearn/utils/validation.py:2827: UserWarning: X does not have valid feature names, but LGBMClassifier was fitted with feature names
  warnings.warn(
  calce       with_soh         lightgbm      H=50 -> oxford      : raw=0.681 [0.474,0.844] percell=0.580
  calce       with_soh         lightgbm      H=50 -> severson    : raw=0.493 [0.448,0.531] percell=0.657
  calce       with_soh         lightgbm      H=50 -> ba_nmc_hnei : raw=0.989 [0.986,0.992] percell=0.990
  calce       with_soh         lightgbm      H=50 -> ba_nca_snl  : raw=0.951 [0.928,0.970] percell=0.941
  calce       with_soh         lightgbm      H=50 -> ba_nmc_snl  : raw=0.823 [0.686,0.983] percell=0.951
  calce       with_soh         random_forest H=10 -> oxford      : raw=0.763 [0.645,0.886] percell=0.727
  calce       with_soh         random_forest H=10 -> severson    : raw=0.909 [0.844,0.997] percell=0.999
  calce       with_soh         random_forest H=10 -> ba_nmc_hnei : raw=0.999 [0.998,0.999] percell=1.000
  calce       with_soh         random_forest H=10 -> ba_nca_snl  : raw=0.984 [0.969,0.996] percell=0.998
  calce       with_soh         random_forest H=10 -> ba_nmc_snl  : raw=0.839 [0.711,0.998] percell=0.972
  calce       with_soh         random_forest H=20 -> oxford      : raw=0.850 [0.773,0.899] percell=0.766
  calce       with_soh         random_forest H=20 -> severson    : raw=0.902 [0.834,0.984] percell=0.996
  calce       with_soh         random_forest H=20 -> ba_nmc_hnei : raw=0.998 [0.997,0.999] percell=1.000
  calce       with_soh         random_forest H=20 -> ba_nca_snl  : raw=0.981 [0.966,0.994] percell=0.998
  calce       with_soh         random_forest H=20 -> ba_nmc_snl  : raw=0.840 [0.713,0.997] percell=0.971
  calce       with_soh         random_forest H=20 -> ba_lfp_snl  : raw=0.997 [0.994,0.999] percell=0.986
  calce       with_soh         random_forest H=30 -> oxford      : raw=0.817 [0.731,0.920] percell=0.836
  calce       with_soh         random_forest H=30 -> severson    : raw=0.886 [0.821,0.957] percell=0.963
  calce       with_soh         random_forest H=30 -> ba_nmc_hnei : raw=0.998 [0.997,0.999] percell=1.000
  calce       with_soh         random_forest H=30 -> ba_nca_snl  : raw=0.976 [0.961,0.989] percell=0.990
  calce       with_soh         random_forest H=30 -> ba_nmc_snl  : raw=0.837 [0.710,0.997] percell=0.964
  calce       with_soh         random_forest H=50 -> oxford      : raw=0.807 [0.761,0.859] percell=0.815
  calce       with_soh         random_forest H=50 -> severson    : raw=0.912 [0.857,0.964] percell=0.984
  calce       with_soh         random_forest H=50 -> ba_nmc_hnei : raw=0.997 [0.996,0.998] percell=0.999
  calce       with_soh         random_forest H=50 -> ba_nca_snl  : raw=0.977 [0.959,0.991] percell=0.993
  calce       with_soh         random_forest H=50 -> ba_nmc_snl  : raw=0.837 [0.716,0.995] percell=0.976
  calce       no_soh           xgboost       H=10 -> oxford      : raw=0.438 [0.306,0.567] percell=0.385
  calce       no_soh           xgboost       H=10 -> severson    : raw=0.691 [0.677,0.704] percell=0.815
  calce       no_soh           xgboost       H=10 -> ba_nmc_hnei : raw=0.989 [0.977,0.999] percell=0.993
  calce       no_soh           xgboost       H=10 -> ba_nca_snl  : raw=0.875 [0.835,0.920] percell=0.909
  calce       no_soh           xgboost       H=10 -> ba_nmc_snl  : raw=0.838 [0.707,0.994] percell=0.945
  calce       no_soh           xgboost       H=20 -> oxford      : raw=0.416 [0.264,0.554] percell=0.360
  calce       no_soh           xgboost       H=20 -> severson    : raw=0.682 [0.670,0.695] percell=0.806
  calce       no_soh           xgboost       H=20 -> ba_nmc_hnei : raw=0.986 [0.970,0.999] percell=0.991
  calce       no_soh           xgboost       H=20 -> ba_nca_snl  : raw=0.868 [0.827,0.915] percell=0.902
  calce       no_soh           xgboost       H=20 -> ba_nmc_snl  : raw=0.839 [0.719,0.991] percell=0.962
  calce       no_soh           xgboost       H=20 -> ba_lfp_snl  : raw=0.543 [0.541,0.544] percell=0.543
  calce       no_soh           xgboost       H=30 -> oxford      : raw=0.435 [0.167,0.628] percell=0.394
  calce       no_soh           xgboost       H=30 -> severson    : raw=0.681 [0.668,0.693] percell=0.809
  calce       no_soh           xgboost       H=30 -> ba_nmc_hnei : raw=0.988 [0.974,0.999] percell=0.992
  calce       no_soh           xgboost       H=30 -> ba_nca_snl  : raw=0.870 [0.828,0.917] percell=0.905
  calce       no_soh           xgboost       H=30 -> ba_nmc_snl  : raw=0.835 [0.706,0.991] percell=0.951
  calce       no_soh           xgboost       H=50 -> oxford      : raw=0.400 [0.116,0.618] percell=0.352
  calce       no_soh           xgboost       H=50 -> severson    : raw=0.667 [0.655,0.679] percell=0.796
  calce       no_soh           xgboost       H=50 -> ba_nmc_hnei : raw=0.985 [0.967,0.998] percell=0.989
  calce       no_soh           xgboost       H=50 -> ba_nca_snl  : raw=0.859 [0.816,0.908] percell=0.896
  calce       no_soh           xgboost       H=50 -> ba_nmc_snl  : raw=0.834 [0.719,0.991] percell=0.967
/home/touhid/.local/lib/python3.14/site-packages/sklearn/utils/validation.py:2827: UserWarning: X does not have valid feature names, but LGBMClassifier was fitted with feature names
  warnings.warn(
/home/touhid/.local/lib/python3.14/site-packages/sklearn/utils/validation.py:2827: UserWarning: X does not have valid feature names, but LGBMClassifier was fitted with feature names
  warnings.warn(
/home/touhid/.local/lib/python3.14/site-packages/sklearn/utils/validation.py:2827: UserWarning: X does not have valid feature names, but LGBMClassifier was fitted with feature names
  warnings.warn(
/home/touhid/.local/lib/python3.14/site-packages/sklearn/utils/validation.py:2827: UserWarning: X does not have valid feature names, but LGBMClassifier was fitted with feature names
  warnings.warn(
/home/touhid/.local/lib/python3.14/site-packages/sklearn/utils/validation.py:2827: UserWarning: X does not have valid feature names, but LGBMClassifier was fitted with feature names
  warnings.warn(
/home/touhid/.local/lib/python3.14/site-packages/sklearn/utils/validation.py:2827: UserWarning: X does not have valid feature names, but LGBMClassifier was fitted with feature names
  warnings.warn(
/home/touhid/.local/lib/python3.14/site-packages/sklearn/utils/validation.py:2827: UserWarning: X does not have valid feature names, but LGBMClassifier was fitted with feature names
  warnings.warn(
/home/touhid/.local/lib/python3.14/site-packages/sklearn/utils/validation.py:2827: UserWarning: X does not have valid feature names, but LGBMClassifier was fitted with feature names
  warnings.warn(
  calce       no_soh           lightgbm      H=10 -> oxford      : raw=0.461 [0.233,0.617] percell=0.408
  calce       no_soh           lightgbm      H=10 -> severson    : raw=0.689 [0.616,0.811] percell=0.763
  calce       no_soh           lightgbm      H=10 -> ba_nmc_hnei : raw=0.967 [0.938,0.990] percell=0.972
  calce       no_soh           lightgbm      H=10 -> ba_nca_snl  : raw=0.808 [0.757,0.870] percell=0.851
  calce       no_soh           lightgbm      H=10 -> ba_nmc_snl  : raw=0.843 [0.713,0.991] percell=0.947
/home/touhid/.local/lib/python3.14/site-packages/sklearn/utils/validation.py:2827: UserWarning: X does not have valid feature names, but LGBMClassifier was fitted with feature names
  warnings.warn(
/home/touhid/.local/lib/python3.14/site-packages/sklearn/utils/validation.py:2827: UserWarning: X does not have valid feature names, but LGBMClassifier was fitted with feature names
  warnings.warn(
/home/touhid/.local/lib/python3.14/site-packages/sklearn/utils/validation.py:2827: UserWarning: X does not have valid feature names, but LGBMClassifier was fitted with feature names
  warnings.warn(
/home/touhid/.local/lib/python3.14/site-packages/sklearn/utils/validation.py:2827: UserWarning: X does not have valid feature names, but LGBMClassifier was fitted with feature names
  warnings.warn(
/home/touhid/.local/lib/python3.14/site-packages/sklearn/utils/validation.py:2827: UserWarning: X does not have valid feature names, but LGBMClassifier was fitted with feature names
  warnings.warn(
/home/touhid/.local/lib/python3.14/site-packages/sklearn/utils/validation.py:2827: UserWarning: X does not have valid feature names, but LGBMClassifier was fitted with feature names
  warnings.warn(
/home/touhid/.local/lib/python3.14/site-packages/sklearn/utils/validation.py:2827: UserWarning: X does not have valid feature names, but LGBMClassifier was fitted with feature names
  warnings.warn(
/home/touhid/.local/lib/python3.14/site-packages/sklearn/utils/validation.py:2827: UserWarning: X does not have valid feature names, but LGBMClassifier was fitted with feature names
  warnings.warn(
/home/touhid/.local/lib/python3.14/site-packages/sklearn/utils/validation.py:2827: UserWarning: X does not have valid feature names, but LGBMClassifier was fitted with feature names
  warnings.warn(
  calce       no_soh           lightgbm      H=20 -> oxford      : raw=0.462 [0.307,0.579] percell=0.410
  calce       no_soh           lightgbm      H=20 -> severson    : raw=0.643 [0.530,0.721] percell=0.830
  calce       no_soh           lightgbm      H=20 -> ba_nmc_hnei : raw=0.992 [0.990,0.995] percell=0.994
  calce       no_soh           lightgbm      H=20 -> ba_nca_snl  : raw=0.909 [0.872,0.943] percell=0.931
  calce       no_soh           lightgbm      H=20 -> ba_nmc_snl  : raw=0.834 [0.705,0.983] percell=0.936
  calce       no_soh           lightgbm      H=20 -> ba_lfp_snl  : raw=0.749 [0.737,0.759] percell=0.754
/home/touhid/.local/lib/python3.14/site-packages/sklearn/utils/validation.py:2827: UserWarning: X does not have valid feature names, but LGBMClassifier was fitted with feature names
  warnings.warn(
/home/touhid/.local/lib/python3.14/site-packages/sklearn/utils/validation.py:2827: UserWarning: X does not have valid feature names, but LGBMClassifier was fitted with feature names
  warnings.warn(
/home/touhid/.local/lib/python3.14/site-packages/sklearn/utils/validation.py:2827: UserWarning: X does not have valid feature names, but LGBMClassifier was fitted with feature names
  warnings.warn(
/home/touhid/.local/lib/python3.14/site-packages/sklearn/utils/validation.py:2827: UserWarning: X does not have valid feature names, but LGBMClassifier was fitted with feature names
  warnings.warn(
/home/touhid/.local/lib/python3.14/site-packages/sklearn/utils/validation.py:2827: UserWarning: X does not have valid feature names, but LGBMClassifier was fitted with feature names
  warnings.warn(
/home/touhid/.local/lib/python3.14/site-packages/sklearn/utils/validation.py:2827: UserWarning: X does not have valid feature names, but LGBMClassifier was fitted with feature names
  warnings.warn(
/home/touhid/.local/lib/python3.14/site-packages/sklearn/utils/validation.py:2827: UserWarning: X does not have valid feature names, but LGBMClassifier was fitted with feature names
  warnings.warn(
/home/touhid/.local/lib/python3.14/site-packages/sklearn/utils/validation.py:2827: UserWarning: X does not have valid feature names, but LGBMClassifier was fitted with feature names
  warnings.warn(
  calce       no_soh           lightgbm      H=30 -> oxford      : raw=0.409 [0.113,0.625] percell=0.357
  calce       no_soh           lightgbm      H=30 -> severson    : raw=0.628 [0.523,0.707] percell=0.828
  calce       no_soh           lightgbm      H=30 -> ba_nmc_hnei : raw=0.991 [0.989,0.994] percell=0.993
  calce       no_soh           lightgbm      H=30 -> ba_nca_snl  : raw=0.905 [0.869,0.940] percell=0.928
  calce       no_soh           lightgbm      H=30 -> ba_nmc_snl  : raw=0.829 [0.694,0.981] percell=0.948
/home/touhid/.local/lib/python3.14/site-packages/sklearn/utils/validation.py:2827: UserWarning: X does not have valid feature names, but LGBMClassifier was fitted with feature names
  warnings.warn(
/home/touhid/.local/lib/python3.14/site-packages/sklearn/utils/validation.py:2827: UserWarning: X does not have valid feature names, but LGBMClassifier was fitted with feature names
  warnings.warn(
/home/touhid/.local/lib/python3.14/site-packages/sklearn/utils/validation.py:2827: UserWarning: X does not have valid feature names, but LGBMClassifier was fitted with feature names
  warnings.warn(
/home/touhid/.local/lib/python3.14/site-packages/sklearn/utils/validation.py:2827: UserWarning: X does not have valid feature names, but LGBMClassifier was fitted with feature names
  warnings.warn(
/home/touhid/.local/lib/python3.14/site-packages/sklearn/utils/validation.py:2827: UserWarning: X does not have valid feature names, but LGBMClassifier was fitted with feature names
  warnings.warn(
/home/touhid/.local/lib/python3.14/site-packages/sklearn/utils/validation.py:2827: UserWarning: X does not have valid feature names, but LGBMClassifier was fitted with feature names
  warnings.warn(
/home/touhid/.local/lib/python3.14/site-packages/sklearn/utils/validation.py:2827: UserWarning: X does not have valid feature names, but LGBMClassifier was fitted with feature names
  warnings.warn(
/home/touhid/.local/lib/python3.14/site-packages/sklearn/utils/validation.py:2827: UserWarning: X does not have valid feature names, but LGBMClassifier was fitted with feature names
  warnings.warn(
  calce       no_soh           lightgbm      H=50 -> oxford      : raw=0.470 [0.168,0.680] percell=0.423
  calce       no_soh           lightgbm      H=50 -> severson    : raw=0.659 [0.647,0.670] percell=0.782
  calce       no_soh           lightgbm      H=50 -> ba_nmc_hnei : raw=0.975 [0.955,0.992] percell=0.980
  calce       no_soh           lightgbm      H=50 -> ba_nca_snl  : raw=0.847 [0.805,0.896] percell=0.883
  calce       no_soh           lightgbm      H=50 -> ba_nmc_snl  : raw=0.831 [0.716,0.990] percell=0.969
  calce       no_soh           random_forest H=10 -> oxford      : raw=0.441 [0.318,0.533] percell=0.379
  calce       no_soh           random_forest H=10 -> severson    : raw=0.691 [0.563,0.768] percell=0.840
  calce       no_soh           random_forest H=10 -> ba_nmc_hnei : raw=0.988 [0.975,0.998] percell=0.992
  calce       no_soh           random_forest H=10 -> ba_nca_snl  : raw=0.904 [0.872,0.939] percell=0.926
  calce       no_soh           random_forest H=10 -> ba_nmc_snl  : raw=0.835 [0.708,0.993] percell=0.959
  calce       no_soh           random_forest H=20 -> oxford      : raw=0.501 [0.320,0.641] percell=0.435
  calce       no_soh           random_forest H=20 -> severson    : raw=0.665 [0.547,0.749] percell=0.870
  calce       no_soh           random_forest H=20 -> ba_nmc_hnei : raw=0.981 [0.963,0.996] percell=0.986
  calce       no_soh           random_forest H=20 -> ba_nca_snl  : raw=0.925 [0.891,0.959] percell=0.961
  calce       no_soh           random_forest H=20 -> ba_nmc_snl  : raw=0.835 [0.717,0.992] percell=0.967
  calce       no_soh           random_forest H=20 -> ba_lfp_snl  : raw=0.582 [0.578,0.586] percell=0.584
  calce       no_soh           random_forest H=30 -> oxford      : raw=0.498 [0.339,0.631] percell=0.558
  calce       no_soh           random_forest H=30 -> severson    : raw=0.637 [0.538,0.711] percell=0.848
  calce       no_soh           random_forest H=30 -> ba_nmc_hnei : raw=0.981 [0.962,0.996] percell=0.986
  calce       no_soh           random_forest H=30 -> ba_nca_snl  : raw=0.920 [0.882,0.954] percell=0.950
  calce       no_soh           random_forest H=30 -> ba_nmc_snl  : raw=0.833 [0.707,0.993] percell=0.971
  calce       no_soh           random_forest H=50 -> oxford      : raw=0.515 [0.380,0.633] percell=0.565
  calce       no_soh           random_forest H=50 -> severson    : raw=0.663 [0.651,0.675] percell=0.790
  calce       no_soh           random_forest H=50 -> ba_nmc_hnei : raw=0.979 [0.958,0.995] percell=0.984
  calce       no_soh           random_forest H=50 -> ba_nca_snl  : raw=0.854 [0.810,0.904] percell=0.890
  calce       no_soh           random_forest H=50 -> ba_nmc_snl  : raw=0.831 [0.709,0.990] percell=0.963
  calce       common_with_soh  xgboost       H=10 -> oxford      : raw=0.887 [0.826,0.923] percell=0.794
  calce       common_with_soh  xgboost       H=10 -> severson    : raw=0.783 [0.694,0.904] percell=0.931
  calce       common_with_soh  xgboost       H=10 -> ba_nmc_hnei : raw=0.995 [0.995,0.996] percell=0.997
  calce       common_with_soh  xgboost       H=10 -> ba_nca_snl  : raw=0.976 [0.959,0.990] percell=0.984
  calce       common_with_soh  xgboost       H=10 -> ba_nmc_snl  : raw=0.830 [0.706,0.995] percell=0.973
  calce       common_with_soh  xgboost       H=20 -> oxford      : raw=0.838 [0.793,0.879] percell=0.710
  calce       common_with_soh  xgboost       H=20 -> severson    : raw=0.598 [0.579,0.621] percell=0.788
  calce       common_with_soh  xgboost       H=20 -> ba_nmc_hnei : raw=0.993 [0.991,0.995] percell=0.994
  calce       common_with_soh  xgboost       H=20 -> ba_nca_snl  : raw=0.967 [0.948,0.983] percell=0.971
  calce       common_with_soh  xgboost       H=20 -> ba_nmc_snl  : raw=0.828 [0.709,0.989] percell=0.966
  calce       common_with_soh  xgboost       H=20 -> ba_lfp_snl  : raw=0.790 [0.690,0.853] percell=0.808
  calce       common_with_soh  xgboost       H=30 -> oxford      : raw=0.858 [0.798,0.897] percell=0.715
  calce       common_with_soh  xgboost       H=30 -> severson    : raw=0.665 [0.621,0.717] percell=0.834
  calce       common_with_soh  xgboost       H=30 -> ba_nmc_hnei : raw=0.991 [0.989,0.994] percell=0.993
  calce       common_with_soh  xgboost       H=30 -> ba_nca_snl  : raw=0.959 [0.940,0.977] percell=0.959
  calce       common_with_soh  xgboost       H=30 -> ba_nmc_snl  : raw=0.824 [0.697,0.986] percell=0.960
  calce       common_with_soh  xgboost       H=50 -> oxford      : raw=0.816 [0.776,0.859] percell=0.699
  calce       common_with_soh  xgboost       H=50 -> severson    : raw=0.769 [0.687,0.843] percell=0.900
  calce       common_with_soh  xgboost       H=50 -> ba_nmc_hnei : raw=0.994 [0.991,0.997] percell=0.997
  calce       common_with_soh  xgboost       H=50 -> ba_nca_snl  : raw=0.953 [0.933,0.971] percell=0.949
  calce       common_with_soh  xgboost       H=50 -> ba_nmc_snl  : raw=0.826 [0.704,0.989] percell=0.968
/home/touhid/.local/lib/python3.14/site-packages/sklearn/utils/validation.py:2827: UserWarning: X does not have valid feature names, but LGBMClassifier was fitted with feature names
  warnings.warn(
/home/touhid/.local/lib/python3.14/site-packages/sklearn/utils/validation.py:2827: UserWarning: X does not have valid feature names, but LGBMClassifier was fitted with feature names
  warnings.warn(
/home/touhid/.local/lib/python3.14/site-packages/sklearn/utils/validation.py:2827: UserWarning: X does not have valid feature names, but LGBMClassifier was fitted with feature names
  warnings.warn(
/home/touhid/.local/lib/python3.14/site-packages/sklearn/utils/validation.py:2827: UserWarning: X does not have valid feature names, but LGBMClassifier was fitted with feature names
  warnings.warn(
/home/touhid/.local/lib/python3.14/site-packages/sklearn/utils/validation.py:2827: UserWarning: X does not have valid feature names, but LGBMClassifier was fitted with feature names
  warnings.warn(
/home/touhid/.local/lib/python3.14/site-packages/sklearn/utils/validation.py:2827: UserWarning: X does not have valid feature names, but LGBMClassifier was fitted with feature names
  warnings.warn(
/home/touhid/.local/lib/python3.14/site-packages/sklearn/utils/validation.py:2827: UserWarning: X does not have valid feature names, but LGBMClassifier was fitted with feature names
  warnings.warn(
/home/touhid/.local/lib/python3.14/site-packages/sklearn/utils/validation.py:2827: UserWarning: X does not have valid feature names, but LGBMClassifier was fitted with feature names
  warnings.warn(
  calce       common_with_soh  lightgbm      H=10 -> oxford      : raw=0.891 [0.839,0.918] percell=0.814
  calce       common_with_soh  lightgbm      H=10 -> severson    : raw=0.735 [0.673,0.823] percell=0.880
  calce       common_with_soh  lightgbm      H=10 -> ba_nmc_hnei : raw=0.995 [0.994,0.996] percell=0.996
  calce       common_with_soh  lightgbm      H=10 -> ba_nca_snl  : raw=0.975 [0.958,0.990] percell=0.982
  calce       common_with_soh  lightgbm      H=10 -> ba_nmc_snl  : raw=0.868 [0.757,0.995] percell=0.979
/home/touhid/.local/lib/python3.14/site-packages/sklearn/utils/validation.py:2827: UserWarning: X does not have valid feature names, but LGBMClassifier was fitted with feature names
  warnings.warn(
/home/touhid/.local/lib/python3.14/site-packages/sklearn/utils/validation.py:2827: UserWarning: X does not have valid feature names, but LGBMClassifier was fitted with feature names
  warnings.warn(
/home/touhid/.local/lib/python3.14/site-packages/sklearn/utils/validation.py:2827: UserWarning: X does not have valid feature names, but LGBMClassifier was fitted with feature names
  warnings.warn(
/home/touhid/.local/lib/python3.14/site-packages/sklearn/utils/validation.py:2827: UserWarning: X does not have valid feature names, but LGBMClassifier was fitted with feature names
  warnings.warn(
/home/touhid/.local/lib/python3.14/site-packages/sklearn/utils/validation.py:2827: UserWarning: X does not have valid feature names, but LGBMClassifier was fitted with feature names
  warnings.warn(
/home/touhid/.local/lib/python3.14/site-packages/sklearn/utils/validation.py:2827: UserWarning: X does not have valid feature names, but LGBMClassifier was fitted with feature names
  warnings.warn(
/home/touhid/.local/lib/python3.14/site-packages/sklearn/utils/validation.py:2827: UserWarning: X does not have valid feature names, but LGBMClassifier was fitted with feature names
  warnings.warn(
/home/touhid/.local/lib/python3.14/site-packages/sklearn/utils/validation.py:2827: UserWarning: X does not have valid feature names, but LGBMClassifier was fitted with feature names
  warnings.warn(
/home/touhid/.local/lib/python3.14/site-packages/sklearn/utils/validation.py:2827: UserWarning: X does not have valid feature names, but LGBMClassifier was fitted with feature names
  warnings.warn(
  calce       common_with_soh  lightgbm      H=20 -> oxford      : raw=0.810 [0.702,0.848] percell=0.657
  calce       common_with_soh  lightgbm      H=20 -> severson    : raw=0.548 [0.502,0.579] percell=0.726
  calce       common_with_soh  lightgbm      H=20 -> ba_nmc_hnei : raw=0.992 [0.991,0.994] percell=0.994
  calce       common_with_soh  lightgbm      H=20 -> ba_nca_snl  : raw=0.967 [0.948,0.982] percell=0.960
  calce       common_with_soh  lightgbm      H=20 -> ba_nmc_snl  : raw=0.834 [0.730,0.995] percell=0.972
  calce       common_with_soh  lightgbm      H=20 -> ba_lfp_snl  : raw=0.670 [0.530,0.754] percell=0.687
/home/touhid/.local/lib/python3.14/site-packages/sklearn/utils/validation.py:2827: UserWarning: X does not have valid feature names, but LGBMClassifier was fitted with feature names
  warnings.warn(
/home/touhid/.local/lib/python3.14/site-packages/sklearn/utils/validation.py:2827: UserWarning: X does not have valid feature names, but LGBMClassifier was fitted with feature names
  warnings.warn(
/home/touhid/.local/lib/python3.14/site-packages/sklearn/utils/validation.py:2827: UserWarning: X does not have valid feature names, but LGBMClassifier was fitted with feature names
  warnings.warn(
/home/touhid/.local/lib/python3.14/site-packages/sklearn/utils/validation.py:2827: UserWarning: X does not have valid feature names, but LGBMClassifier was fitted with feature names
  warnings.warn(
/home/touhid/.local/lib/python3.14/site-packages/sklearn/utils/validation.py:2827: UserWarning: X does not have valid feature names, but LGBMClassifier was fitted with feature names
  warnings.warn(
/home/touhid/.local/lib/python3.14/site-packages/sklearn/utils/validation.py:2827: UserWarning: X does not have valid feature names, but LGBMClassifier was fitted with feature names
  warnings.warn(
/home/touhid/.local/lib/python3.14/site-packages/sklearn/utils/validation.py:2827: UserWarning: X does not have valid feature names, but LGBMClassifier was fitted with feature names
  warnings.warn(
/home/touhid/.local/lib/python3.14/site-packages/sklearn/utils/validation.py:2827: UserWarning: X does not have valid feature names, but LGBMClassifier was fitted with feature names
  warnings.warn(
  calce       common_with_soh  lightgbm      H=30 -> oxford      : raw=0.853 [0.794,0.887] percell=0.718
  calce       common_with_soh  lightgbm      H=30 -> severson    : raw=0.622 [0.598,0.651] percell=0.752
  calce       common_with_soh  lightgbm      H=30 -> ba_nmc_hnei : raw=0.991 [0.990,0.994] percell=0.992
  calce       common_with_soh  lightgbm      H=30 -> ba_nca_snl  : raw=0.962 [0.944,0.979] percell=0.964
  calce       common_with_soh  lightgbm      H=30 -> ba_nmc_snl  : raw=0.831 [0.716,0.994] percell=0.973
/home/touhid/.local/lib/python3.14/site-packages/sklearn/utils/validation.py:2827: UserWarning: X does not have valid feature names, but LGBMClassifier was fitted with feature names
  warnings.warn(
/home/touhid/.local/lib/python3.14/site-packages/sklearn/utils/validation.py:2827: UserWarning: X does not have valid feature names, but LGBMClassifier was fitted with feature names
  warnings.warn(
/home/touhid/.local/lib/python3.14/site-packages/sklearn/utils/validation.py:2827: UserWarning: X does not have valid feature names, but LGBMClassifier was fitted with feature names
  warnings.warn(
/home/touhid/.local/lib/python3.14/site-packages/sklearn/utils/validation.py:2827: UserWarning: X does not have valid feature names, but LGBMClassifier was fitted with feature names
  warnings.warn(
/home/touhid/.local/lib/python3.14/site-packages/sklearn/utils/validation.py:2827: UserWarning: X does not have valid feature names, but LGBMClassifier was fitted with feature names
  warnings.warn(
/home/touhid/.local/lib/python3.14/site-packages/sklearn/utils/validation.py:2827: UserWarning: X does not have valid feature names, but LGBMClassifier was fitted with feature names
  warnings.warn(
/home/touhid/.local/lib/python3.14/site-packages/sklearn/utils/validation.py:2827: UserWarning: X does not have valid feature names, but LGBMClassifier was fitted with feature names
  warnings.warn(
/home/touhid/.local/lib/python3.14/site-packages/sklearn/utils/validation.py:2827: UserWarning: X does not have valid feature names, but LGBMClassifier was fitted with feature names
  warnings.warn(
  calce       common_with_soh  lightgbm      H=50 -> oxford      : raw=0.832 [0.772,0.877] percell=0.694
  calce       common_with_soh  lightgbm      H=50 -> severson    : raw=0.472 [0.417,0.520] percell=0.639
  calce       common_with_soh  lightgbm      H=50 -> ba_nmc_hnei : raw=0.988 [0.985,0.991] percell=0.989
  calce       common_with_soh  lightgbm      H=50 -> ba_nca_snl  : raw=0.951 [0.928,0.971] percell=0.947
  calce       common_with_soh  lightgbm      H=50 -> ba_nmc_snl  : raw=0.817 [0.700,0.985] percell=0.970
  calce       common_with_soh  random_forest H=10 -> oxford      : raw=0.894 [0.844,0.929] percell=0.892
  calce       common_with_soh  random_forest H=10 -> severson    : raw=0.554 [0.464,0.610] percell=0.758
  calce       common_with_soh  random_forest H=10 -> ba_nmc_hnei : raw=0.998 [0.997,0.999] percell=0.999
  calce       common_with_soh  random_forest H=10 -> ba_nca_snl  : raw=0.971 [0.946,0.995] percell=0.997
  calce       common_with_soh  random_forest H=10 -> ba_nmc_snl  : raw=0.845 [0.731,0.996] percell=0.983
  calce       common_with_soh  random_forest H=20 -> oxford      : raw=0.882 [0.845,0.913] percell=0.882
  calce       common_with_soh  random_forest H=20 -> severson    : raw=0.537 [0.460,0.591] percell=0.735
  calce       common_with_soh  random_forest H=20 -> ba_nmc_hnei : raw=0.997 [0.996,0.999] percell=0.999
  calce       common_with_soh  random_forest H=20 -> ba_nca_snl  : raw=0.977 [0.959,0.992] percell=0.992
  calce       common_with_soh  random_forest H=20 -> ba_nmc_snl  : raw=0.833 [0.702,0.997] percell=0.970
  calce       common_with_soh  random_forest H=20 -> ba_lfp_snl  : raw=0.546 [0.447,0.634] percell=0.707
  calce       common_with_soh  random_forest H=30 -> oxford      : raw=0.997 [0.989,1.000] percell=0.995
  calce       common_with_soh  random_forest H=30 -> severson    : raw=0.480 [0.350,0.586] percell=0.654
  calce       common_with_soh  random_forest H=30 -> ba_nmc_hnei : raw=0.997 [0.996,0.999] percell=0.999
  calce       common_with_soh  random_forest H=30 -> ba_nca_snl  : raw=0.967 [0.942,0.992] percell=0.996
  calce       common_with_soh  random_forest H=30 -> ba_nmc_snl  : raw=0.834 [0.713,0.996] percell=0.976
  calce       common_with_soh  random_forest H=50 -> oxford      : raw=0.942 [0.888,0.993] percell=0.956
  calce       common_with_soh  random_forest H=50 -> severson    : raw=0.416 [0.327,0.494] percell=0.574
  calce       common_with_soh  random_forest H=50 -> ba_nmc_hnei : raw=0.995 [0.994,0.996] percell=0.997
  calce       common_with_soh  random_forest H=50 -> ba_nca_snl  : raw=0.793 [0.749,0.857] percell=0.832
  calce       common_with_soh  random_forest H=50 -> ba_nmc_snl  : raw=0.813 [0.671,0.991] percell=0.929
  calce       common_no_soh    xgboost       H=10 -> oxford      : raw=0.480 [0.352,0.653] percell=0.437
  calce       common_no_soh    xgboost       H=10 -> severson    : raw=0.685 [0.672,0.697] percell=0.805
  calce       common_no_soh    xgboost       H=10 -> ba_nmc_hnei : raw=0.994 [0.988,0.998] percell=0.996
  calce       common_no_soh    xgboost       H=10 -> ba_nca_snl  : raw=0.868 [0.827,0.914] percell=0.900
  calce       common_no_soh    xgboost       H=10 -> ba_nmc_snl  : raw=0.824 [0.714,0.984] percell=0.957
  calce       common_no_soh    xgboost       H=20 -> oxford      : raw=0.450 [0.288,0.641] percell=0.414
  calce       common_no_soh    xgboost       H=20 -> severson    : raw=0.682 [0.670,0.695] percell=0.806
  calce       common_no_soh    xgboost       H=20 -> ba_nmc_hnei : raw=0.986 [0.970,0.998] percell=0.990
  calce       common_no_soh    xgboost       H=20 -> ba_nca_snl  : raw=0.868 [0.827,0.915] percell=0.902
  calce       common_no_soh    xgboost       H=20 -> ba_nmc_snl  : raw=0.823 [0.721,0.979] percell=0.959
  calce       common_no_soh    xgboost       H=20 -> ba_lfp_snl  : raw=0.543 [0.541,0.544] percell=0.543
  calce       common_no_soh    xgboost       H=30 -> oxford      : raw=0.482 [0.257,0.643] percell=0.435
  calce       common_no_soh    xgboost       H=30 -> severson    : raw=0.701 [0.687,0.715] percell=0.844
  calce       common_no_soh    xgboost       H=30 -> ba_nmc_hnei : raw=0.994 [0.987,0.999] percell=0.998
  calce       common_no_soh    xgboost       H=30 -> ba_nca_snl  : raw=0.894 [0.853,0.938] percell=0.931
  calce       common_no_soh    xgboost       H=30 -> ba_nmc_snl  : raw=0.822 [0.716,0.984] percell=0.963
  calce       common_no_soh    xgboost       H=50 -> oxford      : raw=0.439 [0.211,0.636] percell=0.409
  calce       common_no_soh    xgboost       H=50 -> severson    : raw=0.661 [0.649,0.672] percell=0.785
  calce       common_no_soh    xgboost       H=50 -> ba_nmc_hnei : raw=0.979 [0.959,0.996] percell=0.985
  calce       common_no_soh    xgboost       H=50 -> ba_nca_snl  : raw=0.850 [0.807,0.900] percell=0.886
  calce       common_no_soh    xgboost       H=50 -> ba_nmc_snl  : raw=0.818 [0.715,0.987] percell=0.963
/home/touhid/.local/lib/python3.14/site-packages/sklearn/utils/validation.py:2827: UserWarning: X does not have valid feature names, but LGBMClassifier was fitted with feature names
  warnings.warn(
/home/touhid/.local/lib/python3.14/site-packages/sklearn/utils/validation.py:2827: UserWarning: X does not have valid feature names, but LGBMClassifier was fitted with feature names
  warnings.warn(
/home/touhid/.local/lib/python3.14/site-packages/sklearn/utils/validation.py:2827: UserWarning: X does not have valid feature names, but LGBMClassifier was fitted with feature names
  warnings.warn(
/home/touhid/.local/lib/python3.14/site-packages/sklearn/utils/validation.py:2827: UserWarning: X does not have valid feature names, but LGBMClassifier was fitted with feature names
  warnings.warn(
/home/touhid/.local/lib/python3.14/site-packages/sklearn/utils/validation.py:2827: UserWarning: X does not have valid feature names, but LGBMClassifier was fitted with feature names
  warnings.warn(
/home/touhid/.local/lib/python3.14/site-packages/sklearn/utils/validation.py:2827: UserWarning: X does not have valid feature names, but LGBMClassifier was fitted with feature names
  warnings.warn(
/home/touhid/.local/lib/python3.14/site-packages/sklearn/utils/validation.py:2827: UserWarning: X does not have valid feature names, but LGBMClassifier was fitted with feature names
  warnings.warn(
/home/touhid/.local/lib/python3.14/site-packages/sklearn/utils/validation.py:2827: UserWarning: X does not have valid feature names, but LGBMClassifier was fitted with feature names
  warnings.warn(
  calce       common_no_soh    lightgbm      H=10 -> oxford      : raw=0.390 [0.241,0.517] percell=0.376
  calce       common_no_soh    lightgbm      H=10 -> severson    : raw=0.681 [0.604,0.808] percell=0.761
  calce       common_no_soh    lightgbm      H=10 -> ba_nmc_hnei : raw=0.986 [0.973,0.995] percell=0.988
  calce       common_no_soh    lightgbm      H=10 -> ba_nca_snl  : raw=0.814 [0.764,0.875] percell=0.856
  calce       common_no_soh    lightgbm      H=10 -> ba_nmc_snl  : raw=0.846 [0.676,0.979] percell=0.916
/home/touhid/.local/lib/python3.14/site-packages/sklearn/utils/validation.py:2827: UserWarning: X does not have valid feature names, but LGBMClassifier was fitted with feature names
  warnings.warn(
/home/touhid/.local/lib/python3.14/site-packages/sklearn/utils/validation.py:2827: UserWarning: X does not have valid feature names, but LGBMClassifier was fitted with feature names
  warnings.warn(
/home/touhid/.local/lib/python3.14/site-packages/sklearn/utils/validation.py:2827: UserWarning: X does not have valid feature names, but LGBMClassifier was fitted with feature names
  warnings.warn(
/home/touhid/.local/lib/python3.14/site-packages/sklearn/utils/validation.py:2827: UserWarning: X does not have valid feature names, but LGBMClassifier was fitted with feature names
  warnings.warn(
/home/touhid/.local/lib/python3.14/site-packages/sklearn/utils/validation.py:2827: UserWarning: X does not have valid feature names, but LGBMClassifier was fitted with feature names
  warnings.warn(
/home/touhid/.local/lib/python3.14/site-packages/sklearn/utils/validation.py:2827: UserWarning: X does not have valid feature names, but LGBMClassifier was fitted with feature names
  warnings.warn(
/home/touhid/.local/lib/python3.14/site-packages/sklearn/utils/validation.py:2827: UserWarning: X does not have valid feature names, but LGBMClassifier was fitted with feature names
  warnings.warn(
/home/touhid/.local/lib/python3.14/site-packages/sklearn/utils/validation.py:2827: UserWarning: X does not have valid feature names, but LGBMClassifier was fitted with feature names
  warnings.warn(
/home/touhid/.local/lib/python3.14/site-packages/sklearn/utils/validation.py:2827: UserWarning: X does not have valid feature names, but LGBMClassifier was fitted with feature names
  warnings.warn(
  calce       common_no_soh    lightgbm      H=20 -> oxford      : raw=0.346 [0.141,0.543] percell=0.337
  calce       common_no_soh    lightgbm      H=20 -> severson    : raw=0.693 [0.609,0.811] percell=0.755
  calce       common_no_soh    lightgbm      H=20 -> ba_nmc_hnei : raw=0.985 [0.971,0.995] percell=0.988
  calce       common_no_soh    lightgbm      H=20 -> ba_nca_snl  : raw=0.807 [0.756,0.870] percell=0.850
  calce       common_no_soh    lightgbm      H=20 -> ba_nmc_snl  : raw=0.853 [0.705,0.980] percell=0.920
  calce       common_no_soh    lightgbm      H=20 -> ba_lfp_snl  : raw=0.665 [0.658,0.672] percell=0.669
/home/touhid/.local/lib/python3.14/site-packages/sklearn/utils/validation.py:2827: UserWarning: X does not have valid feature names, but LGBMClassifier was fitted with feature names
  warnings.warn(
/home/touhid/.local/lib/python3.14/site-packages/sklearn/utils/validation.py:2827: UserWarning: X does not have valid feature names, but LGBMClassifier was fitted with feature names
  warnings.warn(
/home/touhid/.local/lib/python3.14/site-packages/sklearn/utils/validation.py:2827: UserWarning: X does not have valid feature names, but LGBMClassifier was fitted with feature names
  warnings.warn(
/home/touhid/.local/lib/python3.14/site-packages/sklearn/utils/validation.py:2827: UserWarning: X does not have valid feature names, but LGBMClassifier was fitted with feature names
  warnings.warn(
/home/touhid/.local/lib/python3.14/site-packages/sklearn/utils/validation.py:2827: UserWarning: X does not have valid feature names, but LGBMClassifier was fitted with feature names
  warnings.warn(
/home/touhid/.local/lib/python3.14/site-packages/sklearn/utils/validation.py:2827: UserWarning: X does not have valid feature names, but LGBMClassifier was fitted with feature names
  warnings.warn(
/home/touhid/.local/lib/python3.14/site-packages/sklearn/utils/validation.py:2827: UserWarning: X does not have valid feature names, but LGBMClassifier was fitted with feature names
  warnings.warn(
/home/touhid/.local/lib/python3.14/site-packages/sklearn/utils/validation.py:2827: UserWarning: X does not have valid feature names, but LGBMClassifier was fitted with feature names
  warnings.warn(
  calce       common_no_soh    lightgbm      H=30 -> oxford      : raw=0.398 [0.120,0.611] percell=0.346
  calce       common_no_soh    lightgbm      H=30 -> severson    : raw=0.670 [0.658,0.682] percell=0.790
  calce       common_no_soh    lightgbm      H=30 -> ba_nmc_hnei : raw=0.987 [0.980,0.994] percell=0.990
  calce       common_no_soh    lightgbm      H=30 -> ba_nca_snl  : raw=0.854 [0.813,0.901] percell=0.887
  calce       common_no_soh    lightgbm      H=30 -> ba_nmc_snl  : raw=0.859 [0.713,0.987] percell=0.940
/home/touhid/.local/lib/python3.14/site-packages/sklearn/utils/validation.py:2827: UserWarning: X does not have valid feature names, but LGBMClassifier was fitted with feature names
  warnings.warn(
/home/touhid/.local/lib/python3.14/site-packages/sklearn/utils/validation.py:2827: UserWarning: X does not have valid feature names, but LGBMClassifier was fitted with feature names
  warnings.warn(
/home/touhid/.local/lib/python3.14/site-packages/sklearn/utils/validation.py:2827: UserWarning: X does not have valid feature names, but LGBMClassifier was fitted with feature names
  warnings.warn(
/home/touhid/.local/lib/python3.14/site-packages/sklearn/utils/validation.py:2827: UserWarning: X does not have valid feature names, but LGBMClassifier was fitted with feature names
  warnings.warn(
/home/touhid/.local/lib/python3.14/site-packages/sklearn/utils/validation.py:2827: UserWarning: X does not have valid feature names, but LGBMClassifier was fitted with feature names
  warnings.warn(
/home/touhid/.local/lib/python3.14/site-packages/sklearn/utils/validation.py:2827: UserWarning: X does not have valid feature names, but LGBMClassifier was fitted with feature names
  warnings.warn(
/home/touhid/.local/lib/python3.14/site-packages/sklearn/utils/validation.py:2827: UserWarning: X does not have valid feature names, but LGBMClassifier was fitted with feature names
  warnings.warn(
/home/touhid/.local/lib/python3.14/site-packages/sklearn/utils/validation.py:2827: UserWarning: X does not have valid feature names, but LGBMClassifier was fitted with feature names
  warnings.warn(
  calce       common_no_soh    lightgbm      H=50 -> oxford      : raw=0.385 [0.113,0.579] percell=0.347
  calce       common_no_soh    lightgbm      H=50 -> severson    : raw=0.659 [0.647,0.670] percell=0.782
  calce       common_no_soh    lightgbm      H=50 -> ba_nmc_hnei : raw=0.963 [0.924,0.993] percell=0.969
  calce       common_no_soh    lightgbm      H=50 -> ba_nca_snl  : raw=0.847 [0.805,0.896] percell=0.883
  calce       common_no_soh    lightgbm      H=50 -> ba_nmc_snl  : raw=0.861 [0.710,0.984] percell=0.948
  calce       common_no_soh    random_forest H=10 -> oxford      : raw=0.473 [0.374,0.566] percell=0.559
  calce       common_no_soh    random_forest H=10 -> severson    : raw=0.672 [0.557,0.740] percell=0.863
  calce       common_no_soh    random_forest H=10 -> ba_nmc_hnei : raw=0.988 [0.974,0.998] percell=0.991
  calce       common_no_soh    random_forest H=10 -> ba_nca_snl  : raw=0.927 [0.890,0.960] percell=0.961
  calce       common_no_soh    random_forest H=10 -> ba_nmc_snl  : raw=0.831 [0.723,0.991] percell=0.979
  calce       common_no_soh    random_forest H=20 -> oxford      : raw=0.461 [0.395,0.505] percell=0.390
  calce       common_no_soh    random_forest H=20 -> severson    : raw=0.648 [0.537,0.724] percell=0.845
  calce       common_no_soh    random_forest H=20 -> ba_nmc_hnei : raw=0.990 [0.983,0.997] percell=0.993
  calce       common_no_soh    random_forest H=20 -> ba_nca_snl  : raw=0.919 [0.882,0.952] percell=0.948
  calce       common_no_soh    random_forest H=20 -> ba_nmc_snl  : raw=0.851 [0.734,0.987] percell=0.976
  calce       common_no_soh    random_forest H=20 -> ba_lfp_snl  : raw=0.571 [0.568,0.574] percell=0.573
  calce       common_no_soh    random_forest H=30 -> oxford      : raw=0.606 [0.443,0.726] percell=0.596
  calce       common_no_soh    random_forest H=30 -> severson    : raw=0.637 [0.538,0.711] percell=0.848
  calce       common_no_soh    random_forest H=30 -> ba_nmc_hnei : raw=0.988 [0.980,0.994] percell=0.990
  calce       common_no_soh    random_forest H=30 -> ba_nca_snl  : raw=0.920 [0.882,0.954] percell=0.950
  calce       common_no_soh    random_forest H=30 -> ba_nmc_snl  : raw=0.846 [0.726,0.990] percell=0.978
  calce       common_no_soh    random_forest H=50 -> oxford      : raw=0.590 [0.466,0.721] percell=0.588
  calce       common_no_soh    random_forest H=50 -> severson    : raw=0.661 [0.650,0.673] percell=0.786
  calce       common_no_soh    random_forest H=50 -> ba_nmc_hnei : raw=0.978 [0.957,0.994] percell=0.983
  calce       common_no_soh    random_forest H=50 -> ba_nca_snl  : raw=0.850 [0.808,0.900] percell=0.887
  calce       common_no_soh    random_forest H=50 -> ba_nmc_snl  : raw=0.827 [0.717,0.987] percell=0.967
  nasa+calce  with_soh         xgboost       H=10 -> oxford      : raw=0.980 [0.948,0.990] percell=0.909
  nasa+calce  with_soh         xgboost       H=10 -> severson    : raw=0.878 [0.794,0.995] percell=0.994
  nasa+calce  with_soh         xgboost       H=10 -> ba_nmc_hnei : raw=0.998 [0.997,0.999] percell=1.000
  nasa+calce  with_soh         xgboost       H=10 -> ba_nca_snl  : raw=0.979 [0.966,0.991] percell=0.999
  nasa+calce  with_soh         xgboost       H=10 -> ba_nmc_snl  : raw=0.815 [0.699,0.984] percell=0.992
  nasa+calce  with_soh         xgboost       H=20 -> oxford      : raw=0.917 [0.878,0.965] percell=0.826
  nasa+calce  with_soh         xgboost       H=20 -> severson    : raw=0.896 [0.812,0.995] percell=0.995
  nasa+calce  with_soh         xgboost       H=20 -> ba_nmc_hnei : raw=0.993 [0.983,0.999] percell=0.996
  nasa+calce  with_soh         xgboost       H=20 -> ba_nca_snl  : raw=0.972 [0.956,0.988] percell=0.997
  nasa+calce  with_soh         xgboost       H=20 -> ba_nmc_snl  : raw=0.772 [0.677,0.979] percell=0.981
  nasa+calce  with_soh         xgboost       H=20 -> ba_lfp_snl  : raw=0.998 [0.997,1.000] percell=0.993
  nasa+calce  with_soh         xgboost       H=30 -> oxford      : raw=0.991 [0.984,0.998] percell=0.990
  nasa+calce  with_soh         xgboost       H=30 -> severson    : raw=0.906 [0.824,0.991] percell=0.995
  nasa+calce  with_soh         xgboost       H=30 -> ba_nmc_hnei : raw=0.995 [0.987,0.999] percell=0.998
  nasa+calce  with_soh         xgboost       H=30 -> ba_nca_snl  : raw=0.971 [0.956,0.986] percell=0.994
  nasa+calce  with_soh         xgboost       H=30 -> ba_nmc_snl  : raw=0.770 [0.675,0.982] percell=0.984
  nasa+calce  with_soh         xgboost       H=50 -> oxford      : raw=0.932 [0.865,0.964] percell=0.836
  nasa+calce  with_soh         xgboost       H=50 -> severson    : raw=0.917 [0.845,0.981] percell=0.995
  nasa+calce  with_soh         xgboost       H=50 -> ba_nmc_hnei : raw=0.992 [0.981,0.999] percell=0.995
  nasa+calce  with_soh         xgboost       H=50 -> ba_nca_snl  : raw=0.957 [0.938,0.977] percell=0.981
  nasa+calce  with_soh         xgboost       H=50 -> ba_nmc_snl  : raw=0.766 [0.661,0.972] percell=0.973
/home/touhid/.local/lib/python3.14/site-packages/sklearn/utils/validation.py:2827: UserWarning: X does not have valid feature names, but LGBMClassifier was fitted with feature names
  warnings.warn(
/home/touhid/.local/lib/python3.14/site-packages/sklearn/utils/validation.py:2827: UserWarning: X does not have valid feature names, but LGBMClassifier was fitted with feature names
  warnings.warn(
/home/touhid/.local/lib/python3.14/site-packages/sklearn/utils/validation.py:2827: UserWarning: X does not have valid feature names, but LGBMClassifier was fitted with feature names
  warnings.warn(
/home/touhid/.local/lib/python3.14/site-packages/sklearn/utils/validation.py:2827: UserWarning: X does not have valid feature names, but LGBMClassifier was fitted with feature names
  warnings.warn(
/home/touhid/.local/lib/python3.14/site-packages/sklearn/utils/validation.py:2827: UserWarning: X does not have valid feature names, but LGBMClassifier was fitted with feature names
  warnings.warn(
/home/touhid/.local/lib/python3.14/site-packages/sklearn/utils/validation.py:2827: UserWarning: X does not have valid feature names, but LGBMClassifier was fitted with feature names
  warnings.warn(
/home/touhid/.local/lib/python3.14/site-packages/sklearn/utils/validation.py:2827: UserWarning: X does not have valid feature names, but LGBMClassifier was fitted with feature names
  warnings.warn(
/home/touhid/.local/lib/python3.14/site-packages/sklearn/utils/validation.py:2827: UserWarning: X does not have valid feature names, but LGBMClassifier was fitted with feature names
  warnings.warn(
/home/touhid/.local/lib/python3.14/site-packages/sklearn/utils/validation.py:2827: UserWarning: X does not have valid feature names, but LGBMClassifier was fitted with feature names
  warnings.warn(
/home/touhid/.local/lib/python3.14/site-packages/sklearn/utils/validation.py:2827: UserWarning: X does not have valid feature names, but LGBMClassifier was fitted with feature names
  warnings.warn(
  nasa+calce  with_soh         lightgbm      H=10 -> oxford      : raw=0.996 [0.988,1.000] percell=0.996
  nasa+calce  with_soh         lightgbm      H=10 -> severson    : raw=0.870 [0.780,0.993] percell=0.988
  nasa+calce  with_soh         lightgbm      H=10 -> ba_nmc_hnei : raw=0.998 [0.998,0.999] percell=0.999
  nasa+calce  with_soh         lightgbm      H=10 -> ba_nca_snl  : raw=0.990 [0.982,0.997] percell=0.999
  nasa+calce  with_soh         lightgbm      H=10 -> ba_nmc_snl  : raw=0.892 [0.777,0.997] percell=0.998
/home/touhid/.local/lib/python3.14/site-packages/sklearn/utils/validation.py:2827: UserWarning: X does not have valid feature names, but LGBMClassifier was fitted with feature names
  warnings.warn(
/home/touhid/.local/lib/python3.14/site-packages/sklearn/utils/validation.py:2827: UserWarning: X does not have valid feature names, but LGBMClassifier was fitted with feature names
  warnings.warn(
/home/touhid/.local/lib/python3.14/site-packages/sklearn/utils/validation.py:2827: UserWarning: X does not have valid feature names, but LGBMClassifier was fitted with feature names
  warnings.warn(
/home/touhid/.local/lib/python3.14/site-packages/sklearn/utils/validation.py:2827: UserWarning: X does not have valid feature names, but LGBMClassifier was fitted with feature names
  warnings.warn(
/home/touhid/.local/lib/python3.14/site-packages/sklearn/utils/validation.py:2827: UserWarning: X does not have valid feature names, but LGBMClassifier was fitted with feature names
  warnings.warn(
/home/touhid/.local/lib/python3.14/site-packages/sklearn/utils/validation.py:2827: UserWarning: X does not have valid feature names, but LGBMClassifier was fitted with feature names
  warnings.warn(
/home/touhid/.local/lib/python3.14/site-packages/sklearn/utils/validation.py:2827: UserWarning: X does not have valid feature names, but LGBMClassifier was fitted with feature names
  warnings.warn(
/home/touhid/.local/lib/python3.14/site-packages/sklearn/utils/validation.py:2827: UserWarning: X does not have valid feature names, but LGBMClassifier was fitted with feature names
  warnings.warn(
/home/touhid/.local/lib/python3.14/site-packages/sklearn/utils/validation.py:2827: UserWarning: X does not have valid feature names, but LGBMClassifier was fitted with feature names
  warnings.warn(
/home/touhid/.local/lib/python3.14/site-packages/sklearn/utils/validation.py:2827: UserWarning: X does not have valid feature names, but LGBMClassifier was fitted with feature names
  warnings.warn(
/home/touhid/.local/lib/python3.14/site-packages/sklearn/utils/validation.py:2827: UserWarning: X does not have valid feature names, but LGBMClassifier was fitted with feature names
  warnings.warn(
  nasa+calce  with_soh         lightgbm      H=20 -> oxford      : raw=0.971 [0.959,0.981] percell=0.969
  nasa+calce  with_soh         lightgbm      H=20 -> severson    : raw=0.882 [0.789,0.990] percell=0.993
  nasa+calce  with_soh         lightgbm      H=20 -> ba_nmc_hnei : raw=0.999 [0.998,0.999] percell=1.000
  nasa+calce  with_soh         lightgbm      H=20 -> ba_nca_snl  : raw=0.985 [0.974,0.993] percell=0.995
  nasa+calce  with_soh         lightgbm      H=20 -> ba_nmc_snl  : raw=0.847 [0.743,0.982] percell=0.979
  nasa+calce  with_soh         lightgbm      H=20 -> ba_lfp_snl  : raw=0.999 [0.997,1.000] percell=0.995
/home/touhid/.local/lib/python3.14/site-packages/sklearn/utils/validation.py:2827: UserWarning: X does not have valid feature names, but LGBMClassifier was fitted with feature names
  warnings.warn(
/home/touhid/.local/lib/python3.14/site-packages/sklearn/utils/validation.py:2827: UserWarning: X does not have valid feature names, but LGBMClassifier was fitted with feature names
  warnings.warn(
/home/touhid/.local/lib/python3.14/site-packages/sklearn/utils/validation.py:2827: UserWarning: X does not have valid feature names, but LGBMClassifier was fitted with feature names
  warnings.warn(
/home/touhid/.local/lib/python3.14/site-packages/sklearn/utils/validation.py:2827: UserWarning: X does not have valid feature names, but LGBMClassifier was fitted with feature names
  warnings.warn(
/home/touhid/.local/lib/python3.14/site-packages/sklearn/utils/validation.py:2827: UserWarning: X does not have valid feature names, but LGBMClassifier was fitted with feature names
  warnings.warn(
/home/touhid/.local/lib/python3.14/site-packages/sklearn/utils/validation.py:2827: UserWarning: X does not have valid feature names, but LGBMClassifier was fitted with feature names
  warnings.warn(
/home/touhid/.local/lib/python3.14/site-packages/sklearn/utils/validation.py:2827: UserWarning: X does not have valid feature names, but LGBMClassifier was fitted with feature names
  warnings.warn(
/home/touhid/.local/lib/python3.14/site-packages/sklearn/utils/validation.py:2827: UserWarning: X does not have valid feature names, but LGBMClassifier was fitted with feature names
  warnings.warn(
/home/touhid/.local/lib/python3.14/site-packages/sklearn/utils/validation.py:2827: UserWarning: X does not have valid feature names, but LGBMClassifier was fitted with feature names
  warnings.warn(
/home/touhid/.local/lib/python3.14/site-packages/sklearn/utils/validation.py:2827: UserWarning: X does not have valid feature names, but LGBMClassifier was fitted with feature names
  warnings.warn(
  nasa+calce  with_soh         lightgbm      H=30 -> oxford      : raw=0.743 [0.676,0.785] percell=0.617
  nasa+calce  with_soh         lightgbm      H=30 -> severson    : raw=0.872 [0.758,0.988] percell=0.985
  nasa+calce  with_soh         lightgbm      H=30 -> ba_nmc_hnei : raw=0.997 [0.996,0.998] percell=0.999
  nasa+calce  with_soh         lightgbm      H=30 -> ba_nca_snl  : raw=0.977 [0.967,0.986] percell=0.989
  nasa+calce  with_soh         lightgbm      H=30 -> ba_nmc_snl  : raw=0.807 [0.704,0.984] percell=0.973
/home/touhid/.local/lib/python3.14/site-packages/sklearn/utils/validation.py:2827: UserWarning: X does not have valid feature names, but LGBMClassifier was fitted with feature names
  warnings.warn(
/home/touhid/.local/lib/python3.14/site-packages/sklearn/utils/validation.py:2827: UserWarning: X does not have valid feature names, but LGBMClassifier was fitted with feature names
  warnings.warn(
/home/touhid/.local/lib/python3.14/site-packages/sklearn/utils/validation.py:2827: UserWarning: X does not have valid feature names, but LGBMClassifier was fitted with feature names
  warnings.warn(
/home/touhid/.local/lib/python3.14/site-packages/sklearn/utils/validation.py:2827: UserWarning: X does not have valid feature names, but LGBMClassifier was fitted with feature names
  warnings.warn(
/home/touhid/.local/lib/python3.14/site-packages/sklearn/utils/validation.py:2827: UserWarning: X does not have valid feature names, but LGBMClassifier was fitted with feature names
  warnings.warn(
/home/touhid/.local/lib/python3.14/site-packages/sklearn/utils/validation.py:2827: UserWarning: X does not have valid feature names, but LGBMClassifier was fitted with feature names
  warnings.warn(
/home/touhid/.local/lib/python3.14/site-packages/sklearn/utils/validation.py:2827: UserWarning: X does not have valid feature names, but LGBMClassifier was fitted with feature names
  warnings.warn(
/home/touhid/.local/lib/python3.14/site-packages/sklearn/utils/validation.py:2827: UserWarning: X does not have valid feature names, but LGBMClassifier was fitted with feature names
  warnings.warn(
/home/touhid/.local/lib/python3.14/site-packages/sklearn/utils/validation.py:2827: UserWarning: X does not have valid feature names, but LGBMClassifier was fitted with feature names
  warnings.warn(
/home/touhid/.local/lib/python3.14/site-packages/sklearn/utils/validation.py:2827: UserWarning: X does not have valid feature names, but LGBMClassifier was fitted with feature names
  warnings.warn(
  nasa+calce  with_soh         lightgbm      H=50 -> oxford      : raw=0.832 [0.674,0.937] percell=0.700
  nasa+calce  with_soh         lightgbm      H=50 -> severson    : raw=0.899 [0.822,0.977] percell=0.988
  nasa+calce  with_soh         lightgbm      H=50 -> ba_nmc_hnei : raw=0.991 [0.989,0.992] percell=0.993
  nasa+calce  with_soh         lightgbm      H=50 -> ba_nca_snl  : raw=0.968 [0.954,0.980] percell=0.975
  nasa+calce  with_soh         lightgbm      H=50 -> ba_nmc_snl  : raw=0.689 [0.580,0.968] percell=0.939
  nasa+calce  with_soh         random_forest H=10 -> oxford      : raw=0.978 [0.959,0.995] percell=0.978
  nasa+calce  with_soh         random_forest H=10 -> severson    : raw=0.903 [0.835,0.999] percell=0.999
  nasa+calce  with_soh         random_forest H=10 -> ba_nmc_hnei : raw=0.999 [0.998,1.000] percell=1.000
  nasa+calce  with_soh         random_forest H=10 -> ba_nca_snl  : raw=0.985 [0.971,0.995] percell=0.998
  nasa+calce  with_soh         random_forest H=10 -> ba_nmc_snl  : raw=0.840 [0.737,0.990] percell=0.994
  nasa+calce  with_soh         random_forest H=20 -> oxford      : raw=0.989 [0.979,0.998] percell=0.992
  nasa+calce  with_soh         random_forest H=20 -> severson    : raw=0.889 [0.796,0.998] percell=0.996
  nasa+calce  with_soh         random_forest H=20 -> ba_nmc_hnei : raw=0.999 [0.999,1.000] percell=1.000
  nasa+calce  with_soh         random_forest H=20 -> ba_nca_snl  : raw=0.983 [0.974,0.992] percell=0.997
  nasa+calce  with_soh         random_forest H=20 -> ba_nmc_snl  : raw=0.858 [0.748,0.975] percell=0.993
  nasa+calce  with_soh         random_forest H=20 -> ba_lfp_snl  : raw=0.999 [0.998,1.000] percell=0.996
  nasa+calce  with_soh         random_forest H=30 -> oxford      : raw=0.971 [0.954,0.991] percell=0.972
  nasa+calce  with_soh         random_forest H=30 -> severson    : raw=0.919 [0.847,0.994] percell=1.000
  nasa+calce  with_soh         random_forest H=30 -> ba_nmc_hnei : raw=0.998 [0.996,0.999] percell=0.999
  nasa+calce  with_soh         random_forest H=30 -> ba_nca_snl  : raw=0.942 [0.915,0.966] percell=0.985
  nasa+calce  with_soh         random_forest H=30 -> ba_nmc_snl  : raw=0.797 [0.697,0.941] percell=0.966
  nasa+calce  with_soh         random_forest H=50 -> oxford      : raw=0.933 [0.888,0.981] percell=0.935
  nasa+calce  with_soh         random_forest H=50 -> severson    : raw=0.921 [0.854,0.984] percell=0.998
  nasa+calce  with_soh         random_forest H=50 -> ba_nmc_hnei : raw=0.988 [0.975,0.996] percell=0.991
  nasa+calce  with_soh         random_forest H=50 -> ba_nca_snl  : raw=0.888 [0.838,0.933] percell=0.928
  nasa+calce  with_soh         random_forest H=50 -> ba_nmc_snl  : raw=0.704 [0.609,0.863] percell=0.879
  nasa+calce  no_soh           xgboost       H=10 -> oxford      : raw=0.433 [0.304,0.562] percell=0.383
  nasa+calce  no_soh           xgboost       H=10 -> severson    : raw=0.741 [0.701,0.814] percell=0.856
  nasa+calce  no_soh           xgboost       H=10 -> ba_nmc_hnei : raw=0.992 [0.982,0.998] percell=0.995
  nasa+calce  no_soh           xgboost       H=10 -> ba_nca_snl  : raw=0.895 [0.859,0.936] percell=0.925
  nasa+calce  no_soh           xgboost       H=10 -> ba_nmc_snl  : raw=0.727 [0.614,0.969] percell=0.952
  nasa+calce  no_soh           xgboost       H=20 -> oxford      : raw=0.429 [0.279,0.597] percell=0.415
  nasa+calce  no_soh           xgboost       H=20 -> severson    : raw=0.750 [0.692,0.835] percell=0.860
  nasa+calce  no_soh           xgboost       H=20 -> ba_nmc_hnei : raw=0.989 [0.977,0.997] percell=0.993
  nasa+calce  no_soh           xgboost       H=20 -> ba_nca_snl  : raw=0.878 [0.824,0.930] percell=0.918
  nasa+calce  no_soh           xgboost       H=20 -> ba_nmc_snl  : raw=0.709 [0.612,0.953] percell=0.931
  nasa+calce  no_soh           xgboost       H=20 -> ba_lfp_snl  : raw=0.496 [0.458,0.531] percell=0.466
  nasa+calce  no_soh           xgboost       H=30 -> oxford      : raw=0.377 [0.215,0.526] percell=0.344
  nasa+calce  no_soh           xgboost       H=30 -> severson    : raw=0.745 [0.686,0.825] percell=0.848
  nasa+calce  no_soh           xgboost       H=30 -> ba_nmc_hnei : raw=0.989 [0.975,0.998] percell=0.994
  nasa+calce  no_soh           xgboost       H=30 -> ba_nca_snl  : raw=0.890 [0.852,0.933] percell=0.917
  nasa+calce  no_soh           xgboost       H=30 -> ba_nmc_snl  : raw=0.709 [0.608,0.963] percell=0.943
  nasa+calce  no_soh           xgboost       H=50 -> oxford      : raw=0.580 [0.302,0.800] percell=0.510
  nasa+calce  no_soh           xgboost       H=50 -> severson    : raw=0.736 [0.685,0.802] percell=0.847
  nasa+calce  no_soh           xgboost       H=50 -> ba_nmc_hnei : raw=0.990 [0.976,0.998] percell=0.995
  nasa+calce  no_soh           xgboost       H=50 -> ba_nca_snl  : raw=0.862 [0.808,0.918] percell=0.909
  nasa+calce  no_soh           xgboost       H=50 -> ba_nmc_snl  : raw=0.705 [0.623,0.965] percell=0.954
/home/touhid/.local/lib/python3.14/site-packages/sklearn/utils/validation.py:2827: UserWarning: X does not have valid feature names, but LGBMClassifier was fitted with feature names
  warnings.warn(
/home/touhid/.local/lib/python3.14/site-packages/sklearn/utils/validation.py:2827: UserWarning: X does not have valid feature names, but LGBMClassifier was fitted with feature names
  warnings.warn(
/home/touhid/.local/lib/python3.14/site-packages/sklearn/utils/validation.py:2827: UserWarning: X does not have valid feature names, but LGBMClassifier was fitted with feature names
  warnings.warn(
/home/touhid/.local/lib/python3.14/site-packages/sklearn/utils/validation.py:2827: UserWarning: X does not have valid feature names, but LGBMClassifier was fitted with feature names
  warnings.warn(
/home/touhid/.local/lib/python3.14/site-packages/sklearn/utils/validation.py:2827: UserWarning: X does not have valid feature names, but LGBMClassifier was fitted with feature names
  warnings.warn(
/home/touhid/.local/lib/python3.14/site-packages/sklearn/utils/validation.py:2827: UserWarning: X does not have valid feature names, but LGBMClassifier was fitted with feature names
  warnings.warn(
/home/touhid/.local/lib/python3.14/site-packages/sklearn/utils/validation.py:2827: UserWarning: X does not have valid feature names, but LGBMClassifier was fitted with feature names
  warnings.warn(
/home/touhid/.local/lib/python3.14/site-packages/sklearn/utils/validation.py:2827: UserWarning: X does not have valid feature names, but LGBMClassifier was fitted with feature names
  warnings.warn(
/home/touhid/.local/lib/python3.14/site-packages/sklearn/utils/validation.py:2827: UserWarning: X does not have valid feature names, but LGBMClassifier was fitted with feature names
  warnings.warn(
/home/touhid/.local/lib/python3.14/site-packages/sklearn/utils/validation.py:2827: UserWarning: X does not have valid feature names, but LGBMClassifier was fitted with feature names
  warnings.warn(
  nasa+calce  no_soh           lightgbm      H=10 -> oxford      : raw=0.547 [0.483,0.630] percell=0.491
  nasa+calce  no_soh           lightgbm      H=10 -> severson    : raw=0.736 [0.665,0.864] percell=0.844
  nasa+calce  no_soh           lightgbm      H=10 -> ba_nmc_hnei : raw=0.986 [0.982,0.990] percell=0.989
  nasa+calce  no_soh           lightgbm      H=10 -> ba_nca_snl  : raw=0.855 [0.788,0.919] percell=0.909
  nasa+calce  no_soh           lightgbm      H=10 -> ba_nmc_snl  : raw=0.686 [0.557,0.936] percell=0.908
/home/touhid/.local/lib/python3.14/site-packages/sklearn/utils/validation.py:2827: UserWarning: X does not have valid feature names, but LGBMClassifier was fitted with feature names
  warnings.warn(
/home/touhid/.local/lib/python3.14/site-packages/sklearn/utils/validation.py:2827: UserWarning: X does not have valid feature names, but LGBMClassifier was fitted with feature names
  warnings.warn(
/home/touhid/.local/lib/python3.14/site-packages/sklearn/utils/validation.py:2827: UserWarning: X does not have valid feature names, but LGBMClassifier was fitted with feature names
  warnings.warn(
/home/touhid/.local/lib/python3.14/site-packages/sklearn/utils/validation.py:2827: UserWarning: X does not have valid feature names, but LGBMClassifier was fitted with feature names
  warnings.warn(
/home/touhid/.local/lib/python3.14/site-packages/sklearn/utils/validation.py:2827: UserWarning: X does not have valid feature names, but LGBMClassifier was fitted with feature names
  warnings.warn(
/home/touhid/.local/lib/python3.14/site-packages/sklearn/utils/validation.py:2827: UserWarning: X does not have valid feature names, but LGBMClassifier was fitted with feature names
  warnings.warn(
/home/touhid/.local/lib/python3.14/site-packages/sklearn/utils/validation.py:2827: UserWarning: X does not have valid feature names, but LGBMClassifier was fitted with feature names
  warnings.warn(
/home/touhid/.local/lib/python3.14/site-packages/sklearn/utils/validation.py:2827: UserWarning: X does not have valid feature names, but LGBMClassifier was fitted with feature names
  warnings.warn(
/home/touhid/.local/lib/python3.14/site-packages/sklearn/utils/validation.py:2827: UserWarning: X does not have valid feature names, but LGBMClassifier was fitted with feature names
  warnings.warn(
/home/touhid/.local/lib/python3.14/site-packages/sklearn/utils/validation.py:2827: UserWarning: X does not have valid feature names, but LGBMClassifier was fitted with feature names
  warnings.warn(
/home/touhid/.local/lib/python3.14/site-packages/sklearn/utils/validation.py:2827: UserWarning: X does not have valid feature names, but LGBMClassifier was fitted with feature names
  warnings.warn(
  nasa+calce  no_soh           lightgbm      H=20 -> oxford      : raw=0.332 [0.112,0.515] percell=0.316
  nasa+calce  no_soh           lightgbm      H=20 -> severson    : raw=0.718 [0.634,0.850] percell=0.808
  nasa+calce  no_soh           lightgbm      H=20 -> ba_nmc_hnei : raw=0.988 [0.974,0.996] percell=0.992
  nasa+calce  no_soh           lightgbm      H=20 -> ba_nca_snl  : raw=0.850 [0.791,0.911] percell=0.908
  nasa+calce  no_soh           lightgbm      H=20 -> ba_nmc_snl  : raw=0.693 [0.570,0.959] percell=0.930
  nasa+calce  no_soh           lightgbm      H=20 -> ba_lfp_snl  : raw=0.359 [0.279,0.443] percell=0.546
/home/touhid/.local/lib/python3.14/site-packages/sklearn/utils/validation.py:2827: UserWarning: X does not have valid feature names, but LGBMClassifier was fitted with feature names
  warnings.warn(
/home/touhid/.local/lib/python3.14/site-packages/sklearn/utils/validation.py:2827: UserWarning: X does not have valid feature names, but LGBMClassifier was fitted with feature names
  warnings.warn(
/home/touhid/.local/lib/python3.14/site-packages/sklearn/utils/validation.py:2827: UserWarning: X does not have valid feature names, but LGBMClassifier was fitted with feature names
  warnings.warn(
/home/touhid/.local/lib/python3.14/site-packages/sklearn/utils/validation.py:2827: UserWarning: X does not have valid feature names, but LGBMClassifier was fitted with feature names
  warnings.warn(
/home/touhid/.local/lib/python3.14/site-packages/sklearn/utils/validation.py:2827: UserWarning: X does not have valid feature names, but LGBMClassifier was fitted with feature names
  warnings.warn(
/home/touhid/.local/lib/python3.14/site-packages/sklearn/utils/validation.py:2827: UserWarning: X does not have valid feature names, but LGBMClassifier was fitted with feature names
  warnings.warn(
/home/touhid/.local/lib/python3.14/site-packages/sklearn/utils/validation.py:2827: UserWarning: X does not have valid feature names, but LGBMClassifier was fitted with feature names
  warnings.warn(
/home/touhid/.local/lib/python3.14/site-packages/sklearn/utils/validation.py:2827: UserWarning: X does not have valid feature names, but LGBMClassifier was fitted with feature names
  warnings.warn(
/home/touhid/.local/lib/python3.14/site-packages/sklearn/utils/validation.py:2827: UserWarning: X does not have valid feature names, but LGBMClassifier was fitted with feature names
  warnings.warn(
/home/touhid/.local/lib/python3.14/site-packages/sklearn/utils/validation.py:2827: UserWarning: X does not have valid feature names, but LGBMClassifier was fitted with feature names
  warnings.warn(
  nasa+calce  no_soh           lightgbm      H=30 -> oxford      : raw=0.484 [0.218,0.678] percell=0.450
  nasa+calce  no_soh           lightgbm      H=30 -> severson    : raw=0.771 [0.708,0.849] percell=0.848
  nasa+calce  no_soh           lightgbm      H=30 -> ba_nmc_hnei : raw=0.989 [0.976,0.997] percell=0.993
  nasa+calce  no_soh           lightgbm      H=30 -> ba_nca_snl  : raw=0.878 [0.826,0.928] percell=0.909
  nasa+calce  no_soh           lightgbm      H=30 -> ba_nmc_snl  : raw=0.678 [0.552,0.965] percell=0.940
/home/touhid/.local/lib/python3.14/site-packages/sklearn/utils/validation.py:2827: UserWarning: X does not have valid feature names, but LGBMClassifier was fitted with feature names
  warnings.warn(
/home/touhid/.local/lib/python3.14/site-packages/sklearn/utils/validation.py:2827: UserWarning: X does not have valid feature names, but LGBMClassifier was fitted with feature names
  warnings.warn(
/home/touhid/.local/lib/python3.14/site-packages/sklearn/utils/validation.py:2827: UserWarning: X does not have valid feature names, but LGBMClassifier was fitted with feature names
  warnings.warn(
/home/touhid/.local/lib/python3.14/site-packages/sklearn/utils/validation.py:2827: UserWarning: X does not have valid feature names, but LGBMClassifier was fitted with feature names
  warnings.warn(
/home/touhid/.local/lib/python3.14/site-packages/sklearn/utils/validation.py:2827: UserWarning: X does not have valid feature names, but LGBMClassifier was fitted with feature names
  warnings.warn(
/home/touhid/.local/lib/python3.14/site-packages/sklearn/utils/validation.py:2827: UserWarning: X does not have valid feature names, but LGBMClassifier was fitted with feature names
  warnings.warn(
/home/touhid/.local/lib/python3.14/site-packages/sklearn/utils/validation.py:2827: UserWarning: X does not have valid feature names, but LGBMClassifier was fitted with feature names
  warnings.warn(
/home/touhid/.local/lib/python3.14/site-packages/sklearn/utils/validation.py:2827: UserWarning: X does not have valid feature names, but LGBMClassifier was fitted with feature names
  warnings.warn(
/home/touhid/.local/lib/python3.14/site-packages/sklearn/utils/validation.py:2827: UserWarning: X does not have valid feature names, but LGBMClassifier was fitted with feature names
  warnings.warn(
/home/touhid/.local/lib/python3.14/site-packages/sklearn/utils/validation.py:2827: UserWarning: X does not have valid feature names, but LGBMClassifier was fitted with feature names
  warnings.warn(
  nasa+calce  no_soh           lightgbm      H=50 -> oxford      : raw=0.448 [0.219,0.635] percell=0.437
  nasa+calce  no_soh           lightgbm      H=50 -> severson    : raw=0.744 [0.652,0.855] percell=0.811
  nasa+calce  no_soh           lightgbm      H=50 -> ba_nmc_hnei : raw=0.993 [0.987,0.997] percell=0.996
  nasa+calce  no_soh           lightgbm      H=50 -> ba_nca_snl  : raw=0.858 [0.802,0.916] percell=0.917
  nasa+calce  no_soh           lightgbm      H=50 -> ba_nmc_snl  : raw=0.709 [0.573,0.956] percell=0.915
  nasa+calce  no_soh           random_forest H=10 -> oxford      : raw=0.626 [0.471,0.740] percell=0.596
  nasa+calce  no_soh           random_forest H=10 -> severson    : raw=0.740 [0.671,0.852] percell=0.858
  nasa+calce  no_soh           random_forest H=10 -> ba_nmc_hnei : raw=0.997 [0.995,0.999] percell=0.999
  nasa+calce  no_soh           random_forest H=10 -> ba_nca_snl  : raw=0.923 [0.890,0.958] percell=0.964
  nasa+calce  no_soh           random_forest H=10 -> ba_nmc_snl  : raw=0.767 [0.694,0.902] percell=0.923
  nasa+calce  no_soh           random_forest H=20 -> oxford      : raw=0.581 [0.516,0.644] percell=0.608
  nasa+calce  no_soh           random_forest H=20 -> severson    : raw=0.746 [0.673,0.845] percell=0.876
  nasa+calce  no_soh           random_forest H=20 -> ba_nmc_hnei : raw=0.996 [0.994,0.999] percell=0.999
  nasa+calce  no_soh           random_forest H=20 -> ba_nca_snl  : raw=0.911 [0.875,0.951] percell=0.948
  nasa+calce  no_soh           random_forest H=20 -> ba_nmc_snl  : raw=0.742 [0.689,0.874] percell=0.922
  nasa+calce  no_soh           random_forest H=20 -> ba_lfp_snl  : raw=0.666 [0.569,0.769] percell=0.632
  nasa+calce  no_soh           random_forest H=30 -> oxford      : raw=0.462 [0.292,0.601] percell=0.408
  nasa+calce  no_soh           random_forest H=30 -> severson    : raw=0.748 [0.688,0.829] percell=0.878
  nasa+calce  no_soh           random_forest H=30 -> ba_nmc_hnei : raw=0.994 [0.992,0.997] percell=0.997
  nasa+calce  no_soh           random_forest H=30 -> ba_nca_snl  : raw=0.908 [0.871,0.947] percell=0.943
  nasa+calce  no_soh           random_forest H=30 -> ba_nmc_snl  : raw=0.692 [0.613,0.815] percell=0.828
  nasa+calce  no_soh           random_forest H=50 -> oxford      : raw=0.460 [0.313,0.591] percell=0.377
  nasa+calce  no_soh           random_forest H=50 -> severson    : raw=0.746 [0.704,0.789] percell=0.877
  nasa+calce  no_soh           random_forest H=50 -> ba_nmc_hnei : raw=0.991 [0.981,0.997] percell=0.995
  nasa+calce  no_soh           random_forest H=50 -> ba_nca_snl  : raw=0.830 [0.778,0.884] percell=0.858
  nasa+calce  no_soh           random_forest H=50 -> ba_nmc_snl  : raw=0.526 [0.403,0.633] percell=0.599
  nasa+calce  common_with_soh  xgboost       H=10 -> oxford      : raw=0.947 [0.891,0.975] percell=0.868
  nasa+calce  common_with_soh  xgboost       H=10 -> severson    : raw=0.869 [0.774,0.994] percell=0.986
  nasa+calce  common_with_soh  xgboost       H=10 -> ba_nmc_hnei : raw=0.998 [0.997,0.999] percell=1.000
  nasa+calce  common_with_soh  xgboost       H=10 -> ba_nca_snl  : raw=0.982 [0.972,0.991] percell=0.999
  nasa+calce  common_with_soh  xgboost       H=10 -> ba_nmc_snl  : raw=0.663 [0.504,0.969] percell=0.967
  nasa+calce  common_with_soh  xgboost       H=20 -> oxford      : raw=0.889 [0.832,0.926] percell=0.805
  nasa+calce  common_with_soh  xgboost       H=20 -> severson    : raw=0.888 [0.792,0.997] percell=0.992
  nasa+calce  common_with_soh  xgboost       H=20 -> ba_nmc_hnei : raw=0.992 [0.981,0.999] percell=0.996
  nasa+calce  common_with_soh  xgboost       H=20 -> ba_nca_snl  : raw=0.977 [0.966,0.989] percell=0.999
  nasa+calce  common_with_soh  xgboost       H=20 -> ba_nmc_snl  : raw=0.678 [0.548,0.952] percell=0.973
  nasa+calce  common_with_soh  xgboost       H=20 -> ba_lfp_snl  : raw=0.999 [0.997,1.000] percell=0.996
  nasa+calce  common_with_soh  xgboost       H=30 -> oxford      : raw=0.851 [0.760,0.908] percell=0.753
  nasa+calce  common_with_soh  xgboost       H=30 -> severson    : raw=0.897 [0.802,0.995] percell=0.993
  nasa+calce  common_with_soh  xgboost       H=30 -> ba_nmc_hnei : raw=0.991 [0.978,0.999] percell=0.995
  nasa+calce  common_with_soh  xgboost       H=30 -> ba_nca_snl  : raw=0.972 [0.954,0.987] percell=0.993
  nasa+calce  common_with_soh  xgboost       H=30 -> ba_nmc_snl  : raw=0.661 [0.533,0.949] percell=0.956
  nasa+calce  common_with_soh  xgboost       H=50 -> oxford      : raw=0.809 [0.746,0.850] percell=0.696
  nasa+calce  common_with_soh  xgboost       H=50 -> severson    : raw=0.922 [0.854,0.984] percell=0.997
  nasa+calce  common_with_soh  xgboost       H=50 -> ba_nmc_hnei : raw=0.991 [0.980,0.997] percell=0.995
  nasa+calce  common_with_soh  xgboost       H=50 -> ba_nca_snl  : raw=0.951 [0.929,0.974] percell=0.970
  nasa+calce  common_with_soh  xgboost       H=50 -> ba_nmc_snl  : raw=0.621 [0.509,0.920] percell=0.915
/home/touhid/.local/lib/python3.14/site-packages/sklearn/utils/validation.py:2827: UserWarning: X does not have valid feature names, but LGBMClassifier was fitted with feature names
  warnings.warn(
/home/touhid/.local/lib/python3.14/site-packages/sklearn/utils/validation.py:2827: UserWarning: X does not have valid feature names, but LGBMClassifier was fitted with feature names
  warnings.warn(
/home/touhid/.local/lib/python3.14/site-packages/sklearn/utils/validation.py:2827: UserWarning: X does not have valid feature names, but LGBMClassifier was fitted with feature names
  warnings.warn(
/home/touhid/.local/lib/python3.14/site-packages/sklearn/utils/validation.py:2827: UserWarning: X does not have valid feature names, but LGBMClassifier was fitted with feature names
  warnings.warn(
/home/touhid/.local/lib/python3.14/site-packages/sklearn/utils/validation.py:2827: UserWarning: X does not have valid feature names, but LGBMClassifier was fitted with feature names
  warnings.warn(
/home/touhid/.local/lib/python3.14/site-packages/sklearn/utils/validation.py:2827: UserWarning: X does not have valid feature names, but LGBMClassifier was fitted with feature names
  warnings.warn(
/home/touhid/.local/lib/python3.14/site-packages/sklearn/utils/validation.py:2827: UserWarning: X does not have valid feature names, but LGBMClassifier was fitted with feature names
  warnings.warn(
/home/touhid/.local/lib/python3.14/site-packages/sklearn/utils/validation.py:2827: UserWarning: X does not have valid feature names, but LGBMClassifier was fitted with feature names
  warnings.warn(
/home/touhid/.local/lib/python3.14/site-packages/sklearn/utils/validation.py:2827: UserWarning: X does not have valid feature names, but LGBMClassifier was fitted with feature names
  warnings.warn(
/home/touhid/.local/lib/python3.14/site-packages/sklearn/utils/validation.py:2827: UserWarning: X does not have valid feature names, but LGBMClassifier was fitted with feature names
  warnings.warn(
  nasa+calce  common_with_soh  lightgbm      H=10 -> oxford      : raw=0.996 [0.990,1.000] percell=0.998
  nasa+calce  common_with_soh  lightgbm      H=10 -> severson    : raw=0.885 [0.801,1.000] percell=0.997
  nasa+calce  common_with_soh  lightgbm      H=10 -> ba_nmc_hnei : raw=0.998 [0.997,0.999] percell=1.000
  nasa+calce  common_with_soh  lightgbm      H=10 -> ba_nca_snl  : raw=0.989 [0.979,0.997] percell=0.999
  nasa+calce  common_with_soh  lightgbm      H=10 -> ba_nmc_snl  : raw=0.795 [0.639,0.991] percell=0.991
/home/touhid/.local/lib/python3.14/site-packages/sklearn/utils/validation.py:2827: UserWarning: X does not have valid feature names, but LGBMClassifier was fitted with feature names
  warnings.warn(
/home/touhid/.local/lib/python3.14/site-packages/sklearn/utils/validation.py:2827: UserWarning: X does not have valid feature names, but LGBMClassifier was fitted with feature names
  warnings.warn(
/home/touhid/.local/lib/python3.14/site-packages/sklearn/utils/validation.py:2827: UserWarning: X does not have valid feature names, but LGBMClassifier was fitted with feature names
  warnings.warn(
/home/touhid/.local/lib/python3.14/site-packages/sklearn/utils/validation.py:2827: UserWarning: X does not have valid feature names, but LGBMClassifier was fitted with feature names
  warnings.warn(
/home/touhid/.local/lib/python3.14/site-packages/sklearn/utils/validation.py:2827: UserWarning: X does not have valid feature names, but LGBMClassifier was fitted with feature names
  warnings.warn(
/home/touhid/.local/lib/python3.14/site-packages/sklearn/utils/validation.py:2827: UserWarning: X does not have valid feature names, but LGBMClassifier was fitted with feature names
  warnings.warn(
/home/touhid/.local/lib/python3.14/site-packages/sklearn/utils/validation.py:2827: UserWarning: X does not have valid feature names, but LGBMClassifier was fitted with feature names
  warnings.warn(
/home/touhid/.local/lib/python3.14/site-packages/sklearn/utils/validation.py:2827: UserWarning: X does not have valid feature names, but LGBMClassifier was fitted with feature names
  warnings.warn(
/home/touhid/.local/lib/python3.14/site-packages/sklearn/utils/validation.py:2827: UserWarning: X does not have valid feature names, but LGBMClassifier was fitted with feature names
  warnings.warn(
/home/touhid/.local/lib/python3.14/site-packages/sklearn/utils/validation.py:2827: UserWarning: X does not have valid feature names, but LGBMClassifier was fitted with feature names
  warnings.warn(
/home/touhid/.local/lib/python3.14/site-packages/sklearn/utils/validation.py:2827: UserWarning: X does not have valid feature names, but LGBMClassifier was fitted with feature names
  warnings.warn(
  nasa+calce  common_with_soh  lightgbm      H=20 -> oxford      : raw=0.980 [0.940,1.000] percell=0.940
  nasa+calce  common_with_soh  lightgbm      H=20 -> severson    : raw=0.908 [0.835,0.993] percell=0.992
  nasa+calce  common_with_soh  lightgbm      H=20 -> ba_nmc_hnei : raw=0.997 [0.996,0.999] percell=1.000
  nasa+calce  common_with_soh  lightgbm      H=20 -> ba_nca_snl  : raw=0.979 [0.969,0.989] percell=0.998
  nasa+calce  common_with_soh  lightgbm      H=20 -> ba_nmc_snl  : raw=0.771 [0.641,0.979] percell=0.986
  nasa+calce  common_with_soh  lightgbm      H=20 -> ba_lfp_snl  : raw=0.998 [0.997,1.000] percell=0.995
/home/touhid/.local/lib/python3.14/site-packages/sklearn/utils/validation.py:2827: UserWarning: X does not have valid feature names, but LGBMClassifier was fitted with feature names
  warnings.warn(
/home/touhid/.local/lib/python3.14/site-packages/sklearn/utils/validation.py:2827: UserWarning: X does not have valid feature names, but LGBMClassifier was fitted with feature names
  warnings.warn(
/home/touhid/.local/lib/python3.14/site-packages/sklearn/utils/validation.py:2827: UserWarning: X does not have valid feature names, but LGBMClassifier was fitted with feature names
  warnings.warn(
/home/touhid/.local/lib/python3.14/site-packages/sklearn/utils/validation.py:2827: UserWarning: X does not have valid feature names, but LGBMClassifier was fitted with feature names
  warnings.warn(
/home/touhid/.local/lib/python3.14/site-packages/sklearn/utils/validation.py:2827: UserWarning: X does not have valid feature names, but LGBMClassifier was fitted with feature names
  warnings.warn(
/home/touhid/.local/lib/python3.14/site-packages/sklearn/utils/validation.py:2827: UserWarning: X does not have valid feature names, but LGBMClassifier was fitted with feature names
  warnings.warn(
/home/touhid/.local/lib/python3.14/site-packages/sklearn/utils/validation.py:2827: UserWarning: X does not have valid feature names, but LGBMClassifier was fitted with feature names
  warnings.warn(
/home/touhid/.local/lib/python3.14/site-packages/sklearn/utils/validation.py:2827: UserWarning: X does not have valid feature names, but LGBMClassifier was fitted with feature names
  warnings.warn(
/home/touhid/.local/lib/python3.14/site-packages/sklearn/utils/validation.py:2827: UserWarning: X does not have valid feature names, but LGBMClassifier was fitted with feature names
  warnings.warn(
/home/touhid/.local/lib/python3.14/site-packages/sklearn/utils/validation.py:2827: UserWarning: X does not have valid feature names, but LGBMClassifier was fitted with feature names
  warnings.warn(
  nasa+calce  common_with_soh  lightgbm      H=30 -> oxford      : raw=0.985 [0.935,0.996] percell=0.894
  nasa+calce  common_with_soh  lightgbm      H=30 -> severson    : raw=0.917 [0.843,0.995] percell=0.998
  nasa+calce  common_with_soh  lightgbm      H=30 -> ba_nmc_hnei : raw=0.997 [0.996,0.999] percell=1.000
  nasa+calce  common_with_soh  lightgbm      H=30 -> ba_nca_snl  : raw=0.979 [0.969,0.988] percell=0.994
  nasa+calce  common_with_soh  lightgbm      H=30 -> ba_nmc_snl  : raw=0.718 [0.588,0.972] percell=0.983
/home/touhid/.local/lib/python3.14/site-packages/sklearn/utils/validation.py:2827: UserWarning: X does not have valid feature names, but LGBMClassifier was fitted with feature names
  warnings.warn(
/home/touhid/.local/lib/python3.14/site-packages/sklearn/utils/validation.py:2827: UserWarning: X does not have valid feature names, but LGBMClassifier was fitted with feature names
  warnings.warn(
/home/touhid/.local/lib/python3.14/site-packages/sklearn/utils/validation.py:2827: UserWarning: X does not have valid feature names, but LGBMClassifier was fitted with feature names
  warnings.warn(
/home/touhid/.local/lib/python3.14/site-packages/sklearn/utils/validation.py:2827: UserWarning: X does not have valid feature names, but LGBMClassifier was fitted with feature names
  warnings.warn(
/home/touhid/.local/lib/python3.14/site-packages/sklearn/utils/validation.py:2827: UserWarning: X does not have valid feature names, but LGBMClassifier was fitted with feature names
  warnings.warn(
/home/touhid/.local/lib/python3.14/site-packages/sklearn/utils/validation.py:2827: UserWarning: X does not have valid feature names, but LGBMClassifier was fitted with feature names
  warnings.warn(
/home/touhid/.local/lib/python3.14/site-packages/sklearn/utils/validation.py:2827: UserWarning: X does not have valid feature names, but LGBMClassifier was fitted with feature names
  warnings.warn(
/home/touhid/.local/lib/python3.14/site-packages/sklearn/utils/validation.py:2827: UserWarning: X does not have valid feature names, but LGBMClassifier was fitted with feature names
  warnings.warn(
/home/touhid/.local/lib/python3.14/site-packages/sklearn/utils/validation.py:2827: UserWarning: X does not have valid feature names, but LGBMClassifier was fitted with feature names
  warnings.warn(
/home/touhid/.local/lib/python3.14/site-packages/sklearn/utils/validation.py:2827: UserWarning: X does not have valid feature names, but LGBMClassifier was fitted with feature names
  warnings.warn(
  nasa+calce  common_with_soh  lightgbm      H=50 -> oxford      : raw=0.918 [0.858,0.942] percell=0.764
  nasa+calce  common_with_soh  lightgbm      H=50 -> severson    : raw=0.858 [0.779,0.930] percell=0.956
  nasa+calce  common_with_soh  lightgbm      H=50 -> ba_nmc_hnei : raw=0.995 [0.992,0.997] percell=0.996
  nasa+calce  common_with_soh  lightgbm      H=50 -> ba_nca_snl  : raw=0.959 [0.944,0.974] percell=0.969
  nasa+calce  common_with_soh  lightgbm      H=50 -> ba_nmc_snl  : raw=0.629 [0.523,0.929] percell=0.926
  nasa+calce  common_with_soh  random_forest H=10 -> oxford      : raw=0.989 [0.980,0.997] percell=0.993
  nasa+calce  common_with_soh  random_forest H=10 -> severson    : raw=0.897 [0.822,1.000] percell=0.999
  nasa+calce  common_with_soh  random_forest H=10 -> ba_nmc_hnei : raw=0.998 [0.997,0.999] percell=1.000
  nasa+calce  common_with_soh  random_forest H=10 -> ba_nca_snl  : raw=0.988 [0.980,0.995] percell=0.999
  nasa+calce  common_with_soh  random_forest H=10 -> ba_nmc_snl  : raw=0.697 [0.547,0.974] percell=0.982
  nasa+calce  common_with_soh  random_forest H=20 -> oxford      : raw=0.967 [0.942,0.990] percell=0.963
  nasa+calce  common_with_soh  random_forest H=20 -> severson    : raw=0.907 [0.830,0.998] percell=0.997
  nasa+calce  common_with_soh  random_forest H=20 -> ba_nmc_hnei : raw=0.997 [0.995,0.998] percell=0.999
  nasa+calce  common_with_soh  random_forest H=20 -> ba_nca_snl  : raw=0.974 [0.964,0.985] percell=0.996
  nasa+calce  common_with_soh  random_forest H=20 -> ba_nmc_snl  : raw=0.680 [0.502,0.956] percell=0.913
  nasa+calce  common_with_soh  random_forest H=20 -> ba_lfp_snl  : raw=0.998 [0.995,0.999] percell=0.991
  nasa+calce  common_with_soh  random_forest H=30 -> oxford      : raw=0.984 [0.977,0.990] percell=0.985
  nasa+calce  common_with_soh  random_forest H=30 -> severson    : raw=0.914 [0.835,0.995] percell=0.997
  nasa+calce  common_with_soh  random_forest H=30 -> ba_nmc_hnei : raw=0.993 [0.991,0.996] percell=0.995
  nasa+calce  common_with_soh  random_forest H=30 -> ba_nca_snl  : raw=0.941 [0.916,0.968] percell=0.985
  nasa+calce  common_with_soh  random_forest H=30 -> ba_nmc_snl  : raw=0.647 [0.498,0.930] percell=0.952
  nasa+calce  common_with_soh  random_forest H=50 -> oxford      : raw=0.984 [0.973,0.996] percell=0.985
  nasa+calce  common_with_soh  random_forest H=50 -> severson    : raw=0.910 [0.840,0.975] percell=0.984
  nasa+calce  common_with_soh  random_forest H=50 -> ba_nmc_hnei : raw=0.997 [0.995,0.998] percell=0.998
  nasa+calce  common_with_soh  random_forest H=50 -> ba_nca_snl  : raw=0.898 [0.840,0.949] percell=0.948
  nasa+calce  common_with_soh  random_forest H=50 -> ba_nmc_snl  : raw=0.593 [0.461,0.904] percell=0.929
  nasa+calce  common_no_soh    xgboost       H=10 -> oxford      : raw=0.500 [0.344,0.637] percell=0.452
  nasa+calce  common_no_soh    xgboost       H=10 -> severson    : raw=0.718 [0.702,0.733] percell=0.856
  nasa+calce  common_no_soh    xgboost       H=10 -> ba_nmc_hnei : raw=0.993 [0.984,0.999] percell=0.997
  nasa+calce  common_no_soh    xgboost       H=10 -> ba_nca_snl  : raw=0.896 [0.860,0.938] percell=0.933
  nasa+calce  common_no_soh    xgboost       H=10 -> ba_nmc_snl  : raw=0.597 [0.438,0.920] percell=0.905
  nasa+calce  common_no_soh    xgboost       H=20 -> oxford      : raw=0.486 [0.291,0.630] percell=0.441
  nasa+calce  common_no_soh    xgboost       H=20 -> severson    : raw=0.709 [0.694,0.723] percell=0.854
  nasa+calce  common_no_soh    xgboost       H=20 -> ba_nmc_hnei : raw=0.991 [0.980,0.998] percell=0.996
  nasa+calce  common_no_soh    xgboost       H=20 -> ba_nca_snl  : raw=0.874 [0.827,0.925] percell=0.916
  nasa+calce  common_no_soh    xgboost       H=20 -> ba_nmc_snl  : raw=0.580 [0.428,0.901] percell=0.885
  nasa+calce  common_no_soh    xgboost       H=20 -> ba_lfp_snl  : raw=0.498 [0.461,0.533] percell=0.468
  nasa+calce  common_no_soh    xgboost       H=30 -> oxford      : raw=0.476 [0.290,0.634] percell=0.437
  nasa+calce  common_no_soh    xgboost       H=30 -> severson    : raw=0.704 [0.689,0.718] percell=0.846
  nasa+calce  common_no_soh    xgboost       H=30 -> ba_nmc_hnei : raw=0.989 [0.976,0.998] percell=0.994
  nasa+calce  common_no_soh    xgboost       H=30 -> ba_nca_snl  : raw=0.868 [0.816,0.922] percell=0.900
  nasa+calce  common_no_soh    xgboost       H=30 -> ba_nmc_snl  : raw=0.582 [0.432,0.901] percell=0.896
  nasa+calce  common_no_soh    xgboost       H=50 -> oxford      : raw=0.500 [0.292,0.655] percell=0.454
  nasa+calce  common_no_soh    xgboost       H=50 -> severson    : raw=0.701 [0.686,0.715] percell=0.857
  nasa+calce  common_no_soh    xgboost       H=50 -> ba_nmc_hnei : raw=0.988 [0.976,0.996] percell=0.993
  nasa+calce  common_no_soh    xgboost       H=50 -> ba_nca_snl  : raw=0.859 [0.798,0.920] percell=0.894
  nasa+calce  common_no_soh    xgboost       H=50 -> ba_nmc_snl  : raw=0.554 [0.426,0.890] percell=0.871
/home/touhid/.local/lib/python3.14/site-packages/sklearn/utils/validation.py:2827: UserWarning: X does not have valid feature names, but LGBMClassifier was fitted with feature names
  warnings.warn(
/home/touhid/.local/lib/python3.14/site-packages/sklearn/utils/validation.py:2827: UserWarning: X does not have valid feature names, but LGBMClassifier was fitted with feature names
  warnings.warn(
/home/touhid/.local/lib/python3.14/site-packages/sklearn/utils/validation.py:2827: UserWarning: X does not have valid feature names, but LGBMClassifier was fitted with feature names
  warnings.warn(
/home/touhid/.local/lib/python3.14/site-packages/sklearn/utils/validation.py:2827: UserWarning: X does not have valid feature names, but LGBMClassifier was fitted with feature names
  warnings.warn(
/home/touhid/.local/lib/python3.14/site-packages/sklearn/utils/validation.py:2827: UserWarning: X does not have valid feature names, but LGBMClassifier was fitted with feature names
  warnings.warn(
/home/touhid/.local/lib/python3.14/site-packages/sklearn/utils/validation.py:2827: UserWarning: X does not have valid feature names, but LGBMClassifier was fitted with feature names
  warnings.warn(
/home/touhid/.local/lib/python3.14/site-packages/sklearn/utils/validation.py:2827: UserWarning: X does not have valid feature names, but LGBMClassifier was fitted with feature names
  warnings.warn(
/home/touhid/.local/lib/python3.14/site-packages/sklearn/utils/validation.py:2827: UserWarning: X does not have valid feature names, but LGBMClassifier was fitted with feature names
  warnings.warn(
/home/touhid/.local/lib/python3.14/site-packages/sklearn/utils/validation.py:2827: UserWarning: X does not have valid feature names, but LGBMClassifier was fitted with feature names
  warnings.warn(
/home/touhid/.local/lib/python3.14/site-packages/sklearn/utils/validation.py:2827: UserWarning: X does not have valid feature names, but LGBMClassifier was fitted with feature names
  warnings.warn(
  nasa+calce  common_no_soh    lightgbm      H=10 -> oxford      : raw=0.401 [0.272,0.508] percell=0.393
  nasa+calce  common_no_soh    lightgbm      H=10 -> severson    : raw=0.701 [0.687,0.717] percell=0.834
  nasa+calce  common_no_soh    lightgbm      H=10 -> ba_nmc_hnei : raw=0.985 [0.982,0.989] percell=0.987
  nasa+calce  common_no_soh    lightgbm      H=10 -> ba_nca_snl  : raw=0.918 [0.887,0.946] percell=0.915
  nasa+calce  common_no_soh    lightgbm      H=10 -> ba_nmc_snl  : raw=0.552 [0.397,0.883] percell=0.826
/home/touhid/.local/lib/python3.14/site-packages/sklearn/utils/validation.py:2827: UserWarning: X does not have valid feature names, but LGBMClassifier was fitted with feature names
  warnings.warn(
/home/touhid/.local/lib/python3.14/site-packages/sklearn/utils/validation.py:2827: UserWarning: X does not have valid feature names, but LGBMClassifier was fitted with feature names
  warnings.warn(
/home/touhid/.local/lib/python3.14/site-packages/sklearn/utils/validation.py:2827: UserWarning: X does not have valid feature names, but LGBMClassifier was fitted with feature names
  warnings.warn(
/home/touhid/.local/lib/python3.14/site-packages/sklearn/utils/validation.py:2827: UserWarning: X does not have valid feature names, but LGBMClassifier was fitted with feature names
  warnings.warn(
/home/touhid/.local/lib/python3.14/site-packages/sklearn/utils/validation.py:2827: UserWarning: X does not have valid feature names, but LGBMClassifier was fitted with feature names
  warnings.warn(
/home/touhid/.local/lib/python3.14/site-packages/sklearn/utils/validation.py:2827: UserWarning: X does not have valid feature names, but LGBMClassifier was fitted with feature names
  warnings.warn(
/home/touhid/.local/lib/python3.14/site-packages/sklearn/utils/validation.py:2827: UserWarning: X does not have valid feature names, but LGBMClassifier was fitted with feature names
  warnings.warn(
/home/touhid/.local/lib/python3.14/site-packages/sklearn/utils/validation.py:2827: UserWarning: X does not have valid feature names, but LGBMClassifier was fitted with feature names
  warnings.warn(
/home/touhid/.local/lib/python3.14/site-packages/sklearn/utils/validation.py:2827: UserWarning: X does not have valid feature names, but LGBMClassifier was fitted with feature names
  warnings.warn(
/home/touhid/.local/lib/python3.14/site-packages/sklearn/utils/validation.py:2827: UserWarning: X does not have valid feature names, but LGBMClassifier was fitted with feature names
  warnings.warn(
/home/touhid/.local/lib/python3.14/site-packages/sklearn/utils/validation.py:2827: UserWarning: X does not have valid feature names, but LGBMClassifier was fitted with feature names
  warnings.warn(
  nasa+calce  common_no_soh    lightgbm      H=20 -> oxford      : raw=0.301 [0.125,0.456] percell=0.293
  nasa+calce  common_no_soh    lightgbm      H=20 -> severson    : raw=0.692 [0.678,0.706] percell=0.820
  nasa+calce  common_no_soh    lightgbm      H=20 -> ba_nmc_hnei : raw=0.982 [0.971,0.991] percell=0.985
  nasa+calce  common_no_soh    lightgbm      H=20 -> ba_nca_snl  : raw=0.895 [0.859,0.930] percell=0.897
  nasa+calce  common_no_soh    lightgbm      H=20 -> ba_nmc_snl  : raw=0.496 [0.336,0.818] percell=0.665
  nasa+calce  common_no_soh    lightgbm      H=20 -> ba_lfp_snl  : raw=0.731 [0.647,0.813] percell=0.545
/home/touhid/.local/lib/python3.14/site-packages/sklearn/utils/validation.py:2827: UserWarning: X does not have valid feature names, but LGBMClassifier was fitted with feature names
  warnings.warn(
/home/touhid/.local/lib/python3.14/site-packages/sklearn/utils/validation.py:2827: UserWarning: X does not have valid feature names, but LGBMClassifier was fitted with feature names
  warnings.warn(
/home/touhid/.local/lib/python3.14/site-packages/sklearn/utils/validation.py:2827: UserWarning: X does not have valid feature names, but LGBMClassifier was fitted with feature names
  warnings.warn(
/home/touhid/.local/lib/python3.14/site-packages/sklearn/utils/validation.py:2827: UserWarning: X does not have valid feature names, but LGBMClassifier was fitted with feature names
  warnings.warn(
/home/touhid/.local/lib/python3.14/site-packages/sklearn/utils/validation.py:2827: UserWarning: X does not have valid feature names, but LGBMClassifier was fitted with feature names
  warnings.warn(
/home/touhid/.local/lib/python3.14/site-packages/sklearn/utils/validation.py:2827: UserWarning: X does not have valid feature names, but LGBMClassifier was fitted with feature names
  warnings.warn(
/home/touhid/.local/lib/python3.14/site-packages/sklearn/utils/validation.py:2827: UserWarning: X does not have valid feature names, but LGBMClassifier was fitted with feature names
  warnings.warn(
/home/touhid/.local/lib/python3.14/site-packages/sklearn/utils/validation.py:2827: UserWarning: X does not have valid feature names, but LGBMClassifier was fitted with feature names
  warnings.warn(
/home/touhid/.local/lib/python3.14/site-packages/sklearn/utils/validation.py:2827: UserWarning: X does not have valid feature names, but LGBMClassifier was fitted with feature names
  warnings.warn(
/home/touhid/.local/lib/python3.14/site-packages/sklearn/utils/validation.py:2827: UserWarning: X does not have valid feature names, but LGBMClassifier was fitted with feature names
  warnings.warn(
  nasa+calce  common_no_soh    lightgbm      H=30 -> oxford      : raw=0.367 [0.151,0.528] percell=0.351
  nasa+calce  common_no_soh    lightgbm      H=30 -> severson    : raw=0.693 [0.659,0.749] percell=0.755
  nasa+calce  common_no_soh    lightgbm      H=30 -> ba_nmc_hnei : raw=0.972 [0.963,0.979] percell=0.974
  nasa+calce  common_no_soh    lightgbm      H=30 -> ba_nca_snl  : raw=0.843 [0.782,0.891] percell=0.815
  nasa+calce  common_no_soh    lightgbm      H=30 -> ba_nmc_snl  : raw=0.472 [0.314,0.803] percell=0.615
/home/touhid/.local/lib/python3.14/site-packages/sklearn/utils/validation.py:2827: UserWarning: X does not have valid feature names, but LGBMClassifier was fitted with feature names
  warnings.warn(
/home/touhid/.local/lib/python3.14/site-packages/sklearn/utils/validation.py:2827: UserWarning: X does not have valid feature names, but LGBMClassifier was fitted with feature names
  warnings.warn(
/home/touhid/.local/lib/python3.14/site-packages/sklearn/utils/validation.py:2827: UserWarning: X does not have valid feature names, but LGBMClassifier was fitted with feature names
  warnings.warn(
/home/touhid/.local/lib/python3.14/site-packages/sklearn/utils/validation.py:2827: UserWarning: X does not have valid feature names, but LGBMClassifier was fitted with feature names
  warnings.warn(
/home/touhid/.local/lib/python3.14/site-packages/sklearn/utils/validation.py:2827: UserWarning: X does not have valid feature names, but LGBMClassifier was fitted with feature names
  warnings.warn(
/home/touhid/.local/lib/python3.14/site-packages/sklearn/utils/validation.py:2827: UserWarning: X does not have valid feature names, but LGBMClassifier was fitted with feature names
  warnings.warn(
/home/touhid/.local/lib/python3.14/site-packages/sklearn/utils/validation.py:2827: UserWarning: X does not have valid feature names, but LGBMClassifier was fitted with feature names
  warnings.warn(
/home/touhid/.local/lib/python3.14/site-packages/sklearn/utils/validation.py:2827: UserWarning: X does not have valid feature names, but LGBMClassifier was fitted with feature names
  warnings.warn(
/home/touhid/.local/lib/python3.14/site-packages/sklearn/utils/validation.py:2827: UserWarning: X does not have valid feature names, but LGBMClassifier was fitted with feature names
  warnings.warn(
/home/touhid/.local/lib/python3.14/site-packages/sklearn/utils/validation.py:2827: UserWarning: X does not have valid feature names, but LGBMClassifier was fitted with feature names
  warnings.warn(
  nasa+calce  common_no_soh    lightgbm      H=50 -> oxford      : raw=0.366 [0.144,0.537] percell=0.351
  nasa+calce  common_no_soh    lightgbm      H=50 -> severson    : raw=0.697 [0.655,0.752] percell=0.741
  nasa+calce  common_no_soh    lightgbm      H=50 -> ba_nmc_hnei : raw=0.969 [0.962,0.974] percell=0.970
  nasa+calce  common_no_soh    lightgbm      H=50 -> ba_nca_snl  : raw=0.818 [0.739,0.877] percell=0.788
  nasa+calce  common_no_soh    lightgbm      H=50 -> ba_nmc_snl  : raw=0.448 [0.311,0.799] percell=0.642
  nasa+calce  common_no_soh    random_forest H=10 -> oxford      : raw=0.417 [0.285,0.517] percell=0.370
  nasa+calce  common_no_soh    random_forest H=10 -> severson    : raw=0.742 [0.644,0.800] percell=0.918
  nasa+calce  common_no_soh    random_forest H=10 -> ba_nmc_hnei : raw=0.998 [0.996,0.999] percell=1.000
  nasa+calce  common_no_soh    random_forest H=10 -> ba_nca_snl  : raw=0.871 [0.794,0.934] percell=0.928
  nasa+calce  common_no_soh    random_forest H=10 -> ba_nmc_snl  : raw=0.545 [0.396,0.844] percell=0.801
  nasa+calce  common_no_soh    random_forest H=20 -> oxford      : raw=0.400 [0.282,0.505] percell=0.368
  nasa+calce  common_no_soh    random_forest H=20 -> severson    : raw=0.720 [0.627,0.781] percell=0.913
  nasa+calce  common_no_soh    random_forest H=20 -> ba_nmc_hnei : raw=0.996 [0.994,0.999] percell=0.999
  nasa+calce  common_no_soh    random_forest H=20 -> ba_nca_snl  : raw=0.852 [0.760,0.925] percell=0.891
  nasa+calce  common_no_soh    random_forest H=20 -> ba_nmc_snl  : raw=0.539 [0.406,0.840] percell=0.824
  nasa+calce  common_no_soh    random_forest H=20 -> ba_lfp_snl  : raw=0.907 [0.871,0.983] percell=0.850
  nasa+calce  common_no_soh    random_forest H=30 -> oxford      : raw=0.411 [0.251,0.528] percell=0.372
  nasa+calce  common_no_soh    random_forest H=30 -> severson    : raw=0.720 [0.637,0.781] percell=0.908
  nasa+calce  common_no_soh    random_forest H=30 -> ba_nmc_hnei : raw=0.996 [0.993,0.998] percell=0.998
  nasa+calce  common_no_soh    random_forest H=30 -> ba_nca_snl  : raw=0.832 [0.737,0.912] percell=0.869
  nasa+calce  common_no_soh    random_forest H=30 -> ba_nmc_snl  : raw=0.523 [0.390,0.827] percell=0.787
  nasa+calce  common_no_soh    random_forest H=50 -> oxford      : raw=0.410 [0.228,0.545] percell=0.368
  nasa+calce  common_no_soh    random_forest H=50 -> severson    : raw=0.692 [0.618,0.756] percell=0.899
  nasa+calce  common_no_soh    random_forest H=50 -> ba_nmc_hnei : raw=0.993 [0.989,0.997] percell=0.995
  nasa+calce  common_no_soh    random_forest H=50 -> ba_nca_snl  : raw=0.812 [0.721,0.891] percell=0.848
  nasa+calce  common_no_soh    random_forest H=50 -> ba_nmc_snl  : raw=0.487 [0.364,0.835] percell=0.780
  ba_lfp_snl  with_soh         xgboost       H=10 -> oxford      : raw=1.000 [0.999,1.000] percell=1.000
  ba_lfp_snl  with_soh         xgboost       H=10 -> severson    : raw=0.780 [0.618,1.000] percell=0.989
  ba_lfp_snl  with_soh         xgboost       H=10 -> ba_nmc_hnei : raw=0.999 [0.999,1.000] percell=1.000
  ba_lfp_snl  with_soh         xgboost       H=10 -> ba_nca_snl  : raw=0.992 [0.989,0.995] percell=0.996
  ba_lfp_snl  with_soh         xgboost       H=10 -> ba_nmc_snl  : raw=0.898 [0.753,0.999] percell=0.973
  ba_lfp_snl  with_soh         xgboost       H=20 -> oxford      : raw=1.000 [0.999,1.000] percell=1.000
  ba_lfp_snl  with_soh         xgboost       H=20 -> severson    : raw=0.820 [0.665,0.998] percell=0.989
  ba_lfp_snl  with_soh         xgboost       H=20 -> ba_nmc_hnei : raw=0.999 [0.999,0.999] percell=0.999
  ba_lfp_snl  with_soh         xgboost       H=20 -> ba_nca_snl  : raw=0.990 [0.987,0.993] percell=0.996
  ba_lfp_snl  with_soh         xgboost       H=20 -> ba_nmc_snl  : raw=0.898 [0.746,0.998] percell=0.971
  ba_lfp_snl  with_soh         xgboost       H=30 -> oxford      : raw=0.992 [0.983,1.000] percell=0.992
  ba_lfp_snl  with_soh         xgboost       H=30 -> severson    : raw=0.841 [0.692,0.993] percell=0.985
  ba_lfp_snl  with_soh         xgboost       H=30 -> ba_nmc_hnei : raw=0.999 [0.999,0.999] percell=0.999
  ba_lfp_snl  with_soh         xgboost       H=30 -> ba_nca_snl  : raw=0.988 [0.984,0.991] percell=0.995
  ba_lfp_snl  with_soh         xgboost       H=30 -> ba_nmc_snl  : raw=0.900 [0.754,0.998] percell=0.977
  ba_lfp_snl  with_soh         xgboost       H=50 -> oxford      : raw=0.992 [0.983,1.000] percell=0.992
  ba_lfp_snl  with_soh         xgboost       H=50 -> severson    : raw=0.816 [0.714,0.917] percell=0.899
  ba_lfp_snl  with_soh         xgboost       H=50 -> ba_nmc_hnei : raw=0.999 [0.999,1.000] percell=1.000
  ba_lfp_snl  with_soh         xgboost       H=50 -> ba_nca_snl  : raw=0.981 [0.974,0.988] percell=0.989
  ba_lfp_snl  with_soh         xgboost       H=50 -> ba_nmc_snl  : raw=0.896 [0.754,0.994] percell=0.971
/home/touhid/.local/lib/python3.14/site-packages/sklearn/utils/validation.py:2827: UserWarning: X does not have valid feature names, but LGBMClassifier was fitted with feature names
  warnings.warn(
/home/touhid/.local/lib/python3.14/site-packages/sklearn/utils/validation.py:2827: UserWarning: X does not have valid feature names, but LGBMClassifier was fitted with feature names
  warnings.warn(
/home/touhid/.local/lib/python3.14/site-packages/sklearn/utils/validation.py:2827: UserWarning: X does not have valid feature names, but LGBMClassifier was fitted with feature names
  warnings.warn(
/home/touhid/.local/lib/python3.14/site-packages/sklearn/utils/validation.py:2827: UserWarning: X does not have valid feature names, but LGBMClassifier was fitted with feature names
  warnings.warn(
/home/touhid/.local/lib/python3.14/site-packages/sklearn/utils/validation.py:2827: UserWarning: X does not have valid feature names, but LGBMClassifier was fitted with feature names
  warnings.warn(
/home/touhid/.local/lib/python3.14/site-packages/sklearn/utils/validation.py:2827: UserWarning: X does not have valid feature names, but LGBMClassifier was fitted with feature names
  warnings.warn(
/home/touhid/.local/lib/python3.14/site-packages/sklearn/utils/validation.py:2827: UserWarning: X does not have valid feature names, but LGBMClassifier was fitted with feature names
  warnings.warn(
/home/touhid/.local/lib/python3.14/site-packages/sklearn/utils/validation.py:2827: UserWarning: X does not have valid feature names, but LGBMClassifier was fitted with feature names
  warnings.warn(
/home/touhid/.local/lib/python3.14/site-packages/sklearn/utils/validation.py:2827: UserWarning: X does not have valid feature names, but LGBMClassifier was fitted with feature names
  warnings.warn(
  ba_lfp_snl  with_soh         lightgbm      H=10 -> oxford      : raw=1.000 [0.999,1.000] percell=1.000
  ba_lfp_snl  with_soh         lightgbm      H=10 -> severson    : raw=0.796 [0.647,1.000] percell=0.986
  ba_lfp_snl  with_soh         lightgbm      H=10 -> ba_nmc_hnei : raw=0.998 [0.997,0.998] percell=0.998
  ba_lfp_snl  with_soh         lightgbm      H=10 -> ba_nca_snl  : raw=0.987 [0.983,0.991] percell=0.990
  ba_lfp_snl  with_soh         lightgbm      H=10 -> ba_nmc_snl  : raw=0.877 [0.711,0.997] percell=0.951
/home/touhid/.local/lib/python3.14/site-packages/sklearn/utils/validation.py:2827: UserWarning: X does not have valid feature names, but LGBMClassifier was fitted with feature names
  warnings.warn(
/home/touhid/.local/lib/python3.14/site-packages/sklearn/utils/validation.py:2827: UserWarning: X does not have valid feature names, but LGBMClassifier was fitted with feature names
  warnings.warn(
/home/touhid/.local/lib/python3.14/site-packages/sklearn/utils/validation.py:2827: UserWarning: X does not have valid feature names, but LGBMClassifier was fitted with feature names
  warnings.warn(
/home/touhid/.local/lib/python3.14/site-packages/sklearn/utils/validation.py:2827: UserWarning: X does not have valid feature names, but LGBMClassifier was fitted with feature names
  warnings.warn(
/home/touhid/.local/lib/python3.14/site-packages/sklearn/utils/validation.py:2827: UserWarning: X does not have valid feature names, but LGBMClassifier was fitted with feature names
  warnings.warn(
/home/touhid/.local/lib/python3.14/site-packages/sklearn/utils/validation.py:2827: UserWarning: X does not have valid feature names, but LGBMClassifier was fitted with feature names
  warnings.warn(
/home/touhid/.local/lib/python3.14/site-packages/sklearn/utils/validation.py:2827: UserWarning: X does not have valid feature names, but LGBMClassifier was fitted with feature names
  warnings.warn(
/home/touhid/.local/lib/python3.14/site-packages/sklearn/utils/validation.py:2827: UserWarning: X does not have valid feature names, but LGBMClassifier was fitted with feature names
  warnings.warn(
/home/touhid/.local/lib/python3.14/site-packages/sklearn/utils/validation.py:2827: UserWarning: X does not have valid feature names, but LGBMClassifier was fitted with feature names
  warnings.warn(
  ba_lfp_snl  with_soh         lightgbm      H=20 -> oxford      : raw=1.000 [0.999,1.000] percell=1.000
  ba_lfp_snl  with_soh         lightgbm      H=20 -> severson    : raw=0.831 [0.686,0.998] percell=0.987
  ba_lfp_snl  with_soh         lightgbm      H=20 -> ba_nmc_hnei : raw=0.998 [0.997,0.998] percell=0.998
  ba_lfp_snl  with_soh         lightgbm      H=20 -> ba_nca_snl  : raw=0.986 [0.982,0.989] percell=0.987
  ba_lfp_snl  with_soh         lightgbm      H=20 -> ba_nmc_snl  : raw=0.873 [0.722,0.996] percell=0.954
/home/touhid/.local/lib/python3.14/site-packages/sklearn/utils/validation.py:2827: UserWarning: X does not have valid feature names, but LGBMClassifier was fitted with feature names
  warnings.warn(
/home/touhid/.local/lib/python3.14/site-packages/sklearn/utils/validation.py:2827: UserWarning: X does not have valid feature names, but LGBMClassifier was fitted with feature names
  warnings.warn(
/home/touhid/.local/lib/python3.14/site-packages/sklearn/utils/validation.py:2827: UserWarning: X does not have valid feature names, but LGBMClassifier was fitted with feature names
  warnings.warn(
/home/touhid/.local/lib/python3.14/site-packages/sklearn/utils/validation.py:2827: UserWarning: X does not have valid feature names, but LGBMClassifier was fitted with feature names
  warnings.warn(
/home/touhid/.local/lib/python3.14/site-packages/sklearn/utils/validation.py:2827: UserWarning: X does not have valid feature names, but LGBMClassifier was fitted with feature names
  warnings.warn(
/home/touhid/.local/lib/python3.14/site-packages/sklearn/utils/validation.py:2827: UserWarning: X does not have valid feature names, but LGBMClassifier was fitted with feature names
  warnings.warn(
/home/touhid/.local/lib/python3.14/site-packages/sklearn/utils/validation.py:2827: UserWarning: X does not have valid feature names, but LGBMClassifier was fitted with feature names
  warnings.warn(
/home/touhid/.local/lib/python3.14/site-packages/sklearn/utils/validation.py:2827: UserWarning: X does not have valid feature names, but LGBMClassifier was fitted with feature names
  warnings.warn(
/home/touhid/.local/lib/python3.14/site-packages/sklearn/utils/validation.py:2827: UserWarning: X does not have valid feature names, but LGBMClassifier was fitted with feature names
  warnings.warn(
  ba_lfp_snl  with_soh         lightgbm      H=30 -> oxford      : raw=1.000 [0.999,1.000] percell=1.000
  ba_lfp_snl  with_soh         lightgbm      H=30 -> severson    : raw=0.852 [0.724,0.990] percell=0.968
  ba_lfp_snl  with_soh         lightgbm      H=30 -> ba_nmc_hnei : raw=0.997 [0.997,0.998] percell=0.998
  ba_lfp_snl  with_soh         lightgbm      H=30 -> ba_nca_snl  : raw=0.981 [0.974,0.987] percell=0.983
  ba_lfp_snl  with_soh         lightgbm      H=30 -> ba_nmc_snl  : raw=0.881 [0.741,0.995] percell=0.953
/home/touhid/.local/lib/python3.14/site-packages/sklearn/utils/validation.py:2827: UserWarning: X does not have valid feature names, but LGBMClassifier was fitted with feature names
  warnings.warn(
/home/touhid/.local/lib/python3.14/site-packages/sklearn/utils/validation.py:2827: UserWarning: X does not have valid feature names, but LGBMClassifier was fitted with feature names
  warnings.warn(
/home/touhid/.local/lib/python3.14/site-packages/sklearn/utils/validation.py:2827: UserWarning: X does not have valid feature names, but LGBMClassifier was fitted with feature names
  warnings.warn(
/home/touhid/.local/lib/python3.14/site-packages/sklearn/utils/validation.py:2827: UserWarning: X does not have valid feature names, but LGBMClassifier was fitted with feature names
  warnings.warn(
/home/touhid/.local/lib/python3.14/site-packages/sklearn/utils/validation.py:2827: UserWarning: X does not have valid feature names, but LGBMClassifier was fitted with feature names
  warnings.warn(
/home/touhid/.local/lib/python3.14/site-packages/sklearn/utils/validation.py:2827: UserWarning: X does not have valid feature names, but LGBMClassifier was fitted with feature names
  warnings.warn(
/home/touhid/.local/lib/python3.14/site-packages/sklearn/utils/validation.py:2827: UserWarning: X does not have valid feature names, but LGBMClassifier was fitted with feature names
  warnings.warn(
/home/touhid/.local/lib/python3.14/site-packages/sklearn/utils/validation.py:2827: UserWarning: X does not have valid feature names, but LGBMClassifier was fitted with feature names
  warnings.warn(
/home/touhid/.local/lib/python3.14/site-packages/sklearn/utils/validation.py:2827: UserWarning: X does not have valid feature names, but LGBMClassifier was fitted with feature names
  warnings.warn(
  ba_lfp_snl  with_soh         lightgbm      H=50 -> oxford      : raw=0.984 [0.966,1.000] percell=0.984
  ba_lfp_snl  with_soh         lightgbm      H=50 -> severson    : raw=0.753 [0.678,0.840] percell=0.825
  ba_lfp_snl  with_soh         lightgbm      H=50 -> ba_nmc_hnei : raw=0.998 [0.998,0.999] percell=0.999
  ba_lfp_snl  with_soh         lightgbm      H=50 -> ba_nca_snl  : raw=0.977 [0.967,0.984] percell=0.982
  ba_lfp_snl  with_soh         lightgbm      H=50 -> ba_nmc_snl  : raw=0.886 [0.738,0.996] percell=0.944
  ba_lfp_snl  with_soh         random_forest H=10 -> oxford      : raw=1.000 [1.000,1.000] percell=1.000
  ba_lfp_snl  with_soh         random_forest H=10 -> severson    : raw=0.748 [0.561,0.998] percell=0.993
  ba_lfp_snl  with_soh         random_forest H=10 -> ba_nmc_hnei : raw=0.999 [0.999,0.999] percell=0.999
  ba_lfp_snl  with_soh         random_forest H=10 -> ba_nca_snl  : raw=0.990 [0.986,0.994] percell=0.996
  ba_lfp_snl  with_soh         random_forest H=10 -> ba_nmc_snl  : raw=0.886 [0.707,1.000] percell=0.926
  ba_lfp_snl  with_soh         random_forest H=20 -> oxford      : raw=1.000 [1.000,1.000] percell=1.000
  ba_lfp_snl  with_soh         random_forest H=20 -> severson    : raw=0.776 [0.584,0.995] percell=0.990
  ba_lfp_snl  with_soh         random_forest H=20 -> ba_nmc_hnei : raw=0.999 [0.999,0.999] percell=0.999
  ba_lfp_snl  with_soh         random_forest H=20 -> ba_nca_snl  : raw=0.988 [0.984,0.992] percell=0.995
  ba_lfp_snl  with_soh         random_forest H=20 -> ba_nmc_snl  : raw=0.891 [0.735,0.998] percell=0.953
  ba_lfp_snl  with_soh         random_forest H=30 -> oxford      : raw=0.994 [0.987,1.000] percell=0.994
  ba_lfp_snl  with_soh         random_forest H=30 -> severson    : raw=0.785 [0.588,0.982] percell=0.974
  ba_lfp_snl  with_soh         random_forest H=30 -> ba_nmc_hnei : raw=0.999 [0.999,1.000] percell=1.000
  ba_lfp_snl  with_soh         random_forest H=30 -> ba_nca_snl  : raw=0.986 [0.981,0.990] percell=0.993
  ba_lfp_snl  with_soh         random_forest H=30 -> ba_nmc_snl  : raw=0.896 [0.737,0.998] percell=0.952
  ba_lfp_snl  with_soh         random_forest H=50 -> oxford      : raw=0.992 [0.986,0.998] percell=0.992
  ba_lfp_snl  with_soh         random_forest H=50 -> severson    : raw=0.817 [0.656,0.960] percell=0.973
  ba_lfp_snl  with_soh         random_forest H=50 -> ba_nmc_hnei : raw=0.999 [0.999,1.000] percell=1.000
  ba_lfp_snl  with_soh         random_forest H=50 -> ba_nca_snl  : raw=0.978 [0.970,0.985] percell=0.987
  ba_lfp_snl  with_soh         random_forest H=50 -> ba_nmc_snl  : raw=0.890 [0.725,0.995] percell=0.932
  ba_lfp_snl  no_soh           xgboost       H=10 -> oxford      : raw=0.887 [0.848,0.926] percell=0.892
  ba_lfp_snl  no_soh           xgboost       H=10 -> severson    : raw=0.395 [0.299,0.452] percell=0.448
  ba_lfp_snl  no_soh           xgboost       H=10 -> ba_nmc_hnei : raw=0.189 [0.176,0.203] percell=0.188
  ba_lfp_snl  no_soh           xgboost       H=10 -> ba_nca_snl  : raw=0.661 [0.449,0.796] percell=0.457
  ba_lfp_snl  no_soh           xgboost       H=10 -> ba_nmc_snl  : raw=0.529 [0.354,0.786] percell=0.647
  ba_lfp_snl  no_soh           xgboost       H=20 -> oxford      : raw=0.857 [0.820,0.892] percell=0.861
  ba_lfp_snl  no_soh           xgboost       H=20 -> severson    : raw=0.356 [0.268,0.422] percell=0.455
  ba_lfp_snl  no_soh           xgboost       H=20 -> ba_nmc_hnei : raw=0.222 [0.188,0.256] percell=0.221
  ba_lfp_snl  no_soh           xgboost       H=20 -> ba_nca_snl  : raw=0.656 [0.465,0.786] percell=0.506
  ba_lfp_snl  no_soh           xgboost       H=20 -> ba_nmc_snl  : raw=0.513 [0.348,0.781] percell=0.640
  ba_lfp_snl  no_soh           xgboost       H=30 -> oxford      : raw=0.857 [0.820,0.892] percell=0.861
  ba_lfp_snl  no_soh           xgboost       H=30 -> severson    : raw=0.354 [0.270,0.416] percell=0.416
  ba_lfp_snl  no_soh           xgboost       H=30 -> ba_nmc_hnei : raw=0.241 [0.210,0.272] percell=0.241
  ba_lfp_snl  no_soh           xgboost       H=30 -> ba_nca_snl  : raw=0.667 [0.497,0.790] percell=0.538
  ba_lfp_snl  no_soh           xgboost       H=30 -> ba_nmc_snl  : raw=0.511 [0.340,0.793] percell=0.646
  ba_lfp_snl  no_soh           xgboost       H=50 -> oxford      : raw=0.877 [0.838,0.915] percell=0.882
  ba_lfp_snl  no_soh           xgboost       H=50 -> severson    : raw=0.351 [0.286,0.408] percell=0.413
  ba_lfp_snl  no_soh           xgboost       H=50 -> ba_nmc_hnei : raw=0.392 [0.366,0.418] percell=0.392
  ba_lfp_snl  no_soh           xgboost       H=50 -> ba_nca_snl  : raw=0.650 [0.475,0.775] percell=0.548
  ba_lfp_snl  no_soh           xgboost       H=50 -> ba_nmc_snl  : raw=0.495 [0.336,0.804] percell=0.596
/home/touhid/.local/lib/python3.14/site-packages/sklearn/utils/validation.py:2827: UserWarning: X does not have valid feature names, but LGBMClassifier was fitted with feature names
  warnings.warn(
/home/touhid/.local/lib/python3.14/site-packages/sklearn/utils/validation.py:2827: UserWarning: X does not have valid feature names, but LGBMClassifier was fitted with feature names
  warnings.warn(
/home/touhid/.local/lib/python3.14/site-packages/sklearn/utils/validation.py:2827: UserWarning: X does not have valid feature names, but LGBMClassifier was fitted with feature names
  warnings.warn(
/home/touhid/.local/lib/python3.14/site-packages/sklearn/utils/validation.py:2827: UserWarning: X does not have valid feature names, but LGBMClassifier was fitted with feature names
  warnings.warn(
/home/touhid/.local/lib/python3.14/site-packages/sklearn/utils/validation.py:2827: UserWarning: X does not have valid feature names, but LGBMClassifier was fitted with feature names
  warnings.warn(
/home/touhid/.local/lib/python3.14/site-packages/sklearn/utils/validation.py:2827: UserWarning: X does not have valid feature names, but LGBMClassifier was fitted with feature names
  warnings.warn(
/home/touhid/.local/lib/python3.14/site-packages/sklearn/utils/validation.py:2827: UserWarning: X does not have valid feature names, but LGBMClassifier was fitted with feature names
  warnings.warn(
/home/touhid/.local/lib/python3.14/site-packages/sklearn/utils/validation.py:2827: UserWarning: X does not have valid feature names, but LGBMClassifier was fitted with feature names
  warnings.warn(
/home/touhid/.local/lib/python3.14/site-packages/sklearn/utils/validation.py:2827: UserWarning: X does not have valid feature names, but LGBMClassifier was fitted with feature names
  warnings.warn(
  ba_lfp_snl  no_soh           lightgbm      H=10 -> oxford      : raw=0.816 [0.783,0.848] percell=0.819
  ba_lfp_snl  no_soh           lightgbm      H=10 -> severson    : raw=0.599 [0.563,0.651] percell=0.509
  ba_lfp_snl  no_soh           lightgbm      H=10 -> ba_nmc_hnei : raw=0.078 [0.065,0.094] percell=0.074
  ba_lfp_snl  no_soh           lightgbm      H=10 -> ba_nca_snl  : raw=0.719 [0.553,0.818] percell=0.515
  ba_lfp_snl  no_soh           lightgbm      H=10 -> ba_nmc_snl  : raw=0.643 [0.514,0.787] percell=0.670
/home/touhid/.local/lib/python3.14/site-packages/sklearn/utils/validation.py:2827: UserWarning: X does not have valid feature names, but LGBMClassifier was fitted with feature names
  warnings.warn(
/home/touhid/.local/lib/python3.14/site-packages/sklearn/utils/validation.py:2827: UserWarning: X does not have valid feature names, but LGBMClassifier was fitted with feature names
  warnings.warn(
/home/touhid/.local/lib/python3.14/site-packages/sklearn/utils/validation.py:2827: UserWarning: X does not have valid feature names, but LGBMClassifier was fitted with feature names
  warnings.warn(
/home/touhid/.local/lib/python3.14/site-packages/sklearn/utils/validation.py:2827: UserWarning: X does not have valid feature names, but LGBMClassifier was fitted with feature names
  warnings.warn(
/home/touhid/.local/lib/python3.14/site-packages/sklearn/utils/validation.py:2827: UserWarning: X does not have valid feature names, but LGBMClassifier was fitted with feature names
  warnings.warn(
/home/touhid/.local/lib/python3.14/site-packages/sklearn/utils/validation.py:2827: UserWarning: X does not have valid feature names, but LGBMClassifier was fitted with feature names
  warnings.warn(
/home/touhid/.local/lib/python3.14/site-packages/sklearn/utils/validation.py:2827: UserWarning: X does not have valid feature names, but LGBMClassifier was fitted with feature names
  warnings.warn(
/home/touhid/.local/lib/python3.14/site-packages/sklearn/utils/validation.py:2827: UserWarning: X does not have valid feature names, but LGBMClassifier was fitted with feature names
  warnings.warn(
/home/touhid/.local/lib/python3.14/site-packages/sklearn/utils/validation.py:2827: UserWarning: X does not have valid feature names, but LGBMClassifier was fitted with feature names
  warnings.warn(
  ba_lfp_snl  no_soh           lightgbm      H=20 -> oxford      : raw=0.779 [0.757,0.803] percell=0.781
  ba_lfp_snl  no_soh           lightgbm      H=20 -> severson    : raw=0.511 [0.483,0.556] percell=0.534
  ba_lfp_snl  no_soh           lightgbm      H=20 -> ba_nmc_hnei : raw=0.078 [0.065,0.096] percell=0.073
  ba_lfp_snl  no_soh           lightgbm      H=20 -> ba_nca_snl  : raw=0.704 [0.539,0.808] percell=0.514
  ba_lfp_snl  no_soh           lightgbm      H=20 -> ba_nmc_snl  : raw=0.635 [0.498,0.785] percell=0.684
/home/touhid/.local/lib/python3.14/site-packages/sklearn/utils/validation.py:2827: UserWarning: X does not have valid feature names, but LGBMClassifier was fitted with feature names
  warnings.warn(
/home/touhid/.local/lib/python3.14/site-packages/sklearn/utils/validation.py:2827: UserWarning: X does not have valid feature names, but LGBMClassifier was fitted with feature names
  warnings.warn(
/home/touhid/.local/lib/python3.14/site-packages/sklearn/utils/validation.py:2827: UserWarning: X does not have valid feature names, but LGBMClassifier was fitted with feature names
  warnings.warn(
/home/touhid/.local/lib/python3.14/site-packages/sklearn/utils/validation.py:2827: UserWarning: X does not have valid feature names, but LGBMClassifier was fitted with feature names
  warnings.warn(
/home/touhid/.local/lib/python3.14/site-packages/sklearn/utils/validation.py:2827: UserWarning: X does not have valid feature names, but LGBMClassifier was fitted with feature names
  warnings.warn(
/home/touhid/.local/lib/python3.14/site-packages/sklearn/utils/validation.py:2827: UserWarning: X does not have valid feature names, but LGBMClassifier was fitted with feature names
  warnings.warn(
/home/touhid/.local/lib/python3.14/site-packages/sklearn/utils/validation.py:2827: UserWarning: X does not have valid feature names, but LGBMClassifier was fitted with feature names
  warnings.warn(
/home/touhid/.local/lib/python3.14/site-packages/sklearn/utils/validation.py:2827: UserWarning: X does not have valid feature names, but LGBMClassifier was fitted with feature names
  warnings.warn(
/home/touhid/.local/lib/python3.14/site-packages/sklearn/utils/validation.py:2827: UserWarning: X does not have valid feature names, but LGBMClassifier was fitted with feature names
  warnings.warn(
  ba_lfp_snl  no_soh           lightgbm      H=30 -> oxford      : raw=0.758 [0.738,0.780] percell=0.761
  ba_lfp_snl  no_soh           lightgbm      H=30 -> severson    : raw=0.627 [0.567,0.707] percell=0.579
  ba_lfp_snl  no_soh           lightgbm      H=30 -> ba_nmc_hnei : raw=0.115 [0.092,0.143] percell=0.112
  ba_lfp_snl  no_soh           lightgbm      H=30 -> ba_nca_snl  : raw=0.699 [0.528,0.810] percell=0.513
  ba_lfp_snl  no_soh           lightgbm      H=30 -> ba_nmc_snl  : raw=0.626 [0.500,0.754] percell=0.664
/home/touhid/.local/lib/python3.14/site-packages/sklearn/utils/validation.py:2827: UserWarning: X does not have valid feature names, but LGBMClassifier was fitted with feature names
  warnings.warn(
/home/touhid/.local/lib/python3.14/site-packages/sklearn/utils/validation.py:2827: UserWarning: X does not have valid feature names, but LGBMClassifier was fitted with feature names
  warnings.warn(
/home/touhid/.local/lib/python3.14/site-packages/sklearn/utils/validation.py:2827: UserWarning: X does not have valid feature names, but LGBMClassifier was fitted with feature names
  warnings.warn(
/home/touhid/.local/lib/python3.14/site-packages/sklearn/utils/validation.py:2827: UserWarning: X does not have valid feature names, but LGBMClassifier was fitted with feature names
  warnings.warn(
/home/touhid/.local/lib/python3.14/site-packages/sklearn/utils/validation.py:2827: UserWarning: X does not have valid feature names, but LGBMClassifier was fitted with feature names
  warnings.warn(
/home/touhid/.local/lib/python3.14/site-packages/sklearn/utils/validation.py:2827: UserWarning: X does not have valid feature names, but LGBMClassifier was fitted with feature names
  warnings.warn(
/home/touhid/.local/lib/python3.14/site-packages/sklearn/utils/validation.py:2827: UserWarning: X does not have valid feature names, but LGBMClassifier was fitted with feature names
  warnings.warn(
/home/touhid/.local/lib/python3.14/site-packages/sklearn/utils/validation.py:2827: UserWarning: X does not have valid feature names, but LGBMClassifier was fitted with feature names
  warnings.warn(
/home/touhid/.local/lib/python3.14/site-packages/sklearn/utils/validation.py:2827: UserWarning: X does not have valid feature names, but LGBMClassifier was fitted with feature names
  warnings.warn(
  ba_lfp_snl  no_soh           lightgbm      H=50 -> oxford      : raw=0.758 [0.738,0.780] percell=0.761
  ba_lfp_snl  no_soh           lightgbm      H=50 -> severson    : raw=0.525 [0.508,0.543] percell=0.515
  ba_lfp_snl  no_soh           lightgbm      H=50 -> ba_nmc_hnei : raw=0.388 [0.366,0.410] percell=0.388
  ba_lfp_snl  no_soh           lightgbm      H=50 -> ba_nca_snl  : raw=0.682 [0.532,0.784] percell=0.548
  ba_lfp_snl  no_soh           lightgbm      H=50 -> ba_nmc_snl  : raw=0.631 [0.480,0.784] percell=0.645
  ba_lfp_snl  no_soh           random_forest H=10 -> oxford      : raw=0.939 [0.894,0.982] percell=0.944
  ba_lfp_snl  no_soh           random_forest H=10 -> severson    : raw=0.469 [0.395,0.586] percell=0.500
  ba_lfp_snl  no_soh           random_forest H=10 -> ba_nmc_hnei : raw=0.454 [0.438,0.470] percell=0.455
  ba_lfp_snl  no_soh           random_forest H=10 -> ba_nca_snl  : raw=0.694 [0.520,0.811] percell=0.583
  ba_lfp_snl  no_soh           random_forest H=10 -> ba_nmc_snl  : raw=0.588 [0.414,0.809] percell=0.687
  ba_lfp_snl  no_soh           random_forest H=20 -> oxford      : raw=0.939 [0.894,0.982] percell=0.944
  ba_lfp_snl  no_soh           random_forest H=20 -> severson    : raw=0.513 [0.412,0.639] percell=0.511
  ba_lfp_snl  no_soh           random_forest H=20 -> ba_nmc_hnei : raw=0.464 [0.451,0.478] percell=0.465
  ba_lfp_snl  no_soh           random_forest H=20 -> ba_nca_snl  : raw=0.698 [0.532,0.809] percell=0.587
  ba_lfp_snl  no_soh           random_forest H=20 -> ba_nmc_snl  : raw=0.588 [0.416,0.804] percell=0.663
  ba_lfp_snl  no_soh           random_forest H=30 -> oxford      : raw=0.939 [0.894,0.982] percell=0.944
  ba_lfp_snl  no_soh           random_forest H=30 -> severson    : raw=0.391 [0.356,0.435] percell=0.430
  ba_lfp_snl  no_soh           random_forest H=30 -> ba_nmc_hnei : raw=0.450 [0.434,0.468] percell=0.451
  ba_lfp_snl  no_soh           random_forest H=30 -> ba_nca_snl  : raw=0.691 [0.525,0.805] percell=0.584
  ba_lfp_snl  no_soh           random_forest H=30 -> ba_nmc_snl  : raw=0.555 [0.396,0.793] percell=0.659
  ba_lfp_snl  no_soh           random_forest H=50 -> oxford      : raw=0.939 [0.894,0.982] percell=0.944
  ba_lfp_snl  no_soh           random_forest H=50 -> severson    : raw=0.316 [0.220,0.406] percell=0.374
  ba_lfp_snl  no_soh           random_forest H=50 -> ba_nmc_hnei : raw=0.446 [0.429,0.464] percell=0.447
  ba_lfp_snl  no_soh           random_forest H=50 -> ba_nca_snl  : raw=0.674 [0.504,0.794] percell=0.566
  ba_lfp_snl  no_soh           random_forest H=50 -> ba_nmc_snl  : raw=0.556 [0.393,0.816] percell=0.623
  ba_lfp_snl  common_with_soh  xgboost       H=10 -> oxford      : raw=1.000 [0.999,1.000] percell=1.000
  ba_lfp_snl  common_with_soh  xgboost       H=10 -> severson    : raw=0.786 [0.626,1.000] percell=0.988
  ba_lfp_snl  common_with_soh  xgboost       H=10 -> ba_nmc_hnei : raw=0.999 [0.998,0.999] percell=0.999
  ba_lfp_snl  common_with_soh  xgboost       H=10 -> ba_nca_snl  : raw=0.987 [0.982,0.992] percell=0.993
  ba_lfp_snl  common_with_soh  xgboost       H=10 -> ba_nmc_snl  : raw=0.884 [0.734,1.000] percell=0.977
  ba_lfp_snl  common_with_soh  xgboost       H=20 -> oxford      : raw=1.000 [0.999,1.000] percell=1.000
  ba_lfp_snl  common_with_soh  xgboost       H=20 -> severson    : raw=0.829 [0.679,0.998] percell=0.989
  ba_lfp_snl  common_with_soh  xgboost       H=20 -> ba_nmc_hnei : raw=0.996 [0.995,0.997] percell=0.996
  ba_lfp_snl  common_with_soh  xgboost       H=20 -> ba_nca_snl  : raw=0.982 [0.976,0.988] percell=0.986
  ba_lfp_snl  common_with_soh  xgboost       H=20 -> ba_nmc_snl  : raw=0.883 [0.733,0.996] percell=0.981
  ba_lfp_snl  common_with_soh  xgboost       H=30 -> oxford      : raw=0.992 [0.983,1.000] percell=0.992
  ba_lfp_snl  common_with_soh  xgboost       H=30 -> severson    : raw=0.842 [0.695,0.993] percell=0.985
  ba_lfp_snl  common_with_soh  xgboost       H=30 -> ba_nmc_hnei : raw=0.997 [0.996,0.997] percell=0.997
  ba_lfp_snl  common_with_soh  xgboost       H=30 -> ba_nca_snl  : raw=0.981 [0.976,0.987] percell=0.989
  ba_lfp_snl  common_with_soh  xgboost       H=30 -> ba_nmc_snl  : raw=0.887 [0.737,0.995] percell=0.986
  ba_lfp_snl  common_with_soh  xgboost       H=50 -> oxford      : raw=0.992 [0.983,1.000] percell=0.992
  ba_lfp_snl  common_with_soh  xgboost       H=50 -> severson    : raw=0.835 [0.702,0.958] percell=0.958
  ba_lfp_snl  common_with_soh  xgboost       H=50 -> ba_nmc_hnei : raw=0.996 [0.995,0.997] percell=0.996
  ba_lfp_snl  common_with_soh  xgboost       H=50 -> ba_nca_snl  : raw=0.970 [0.959,0.981] percell=0.978
  ba_lfp_snl  common_with_soh  xgboost       H=50 -> ba_nmc_snl  : raw=0.886 [0.734,0.993] percell=0.985
/home/touhid/.local/lib/python3.14/site-packages/sklearn/utils/validation.py:2827: UserWarning: X does not have valid feature names, but LGBMClassifier was fitted with feature names
  warnings.warn(
/home/touhid/.local/lib/python3.14/site-packages/sklearn/utils/validation.py:2827: UserWarning: X does not have valid feature names, but LGBMClassifier was fitted with feature names
  warnings.warn(
/home/touhid/.local/lib/python3.14/site-packages/sklearn/utils/validation.py:2827: UserWarning: X does not have valid feature names, but LGBMClassifier was fitted with feature names
  warnings.warn(
/home/touhid/.local/lib/python3.14/site-packages/sklearn/utils/validation.py:2827: UserWarning: X does not have valid feature names, but LGBMClassifier was fitted with feature names
  warnings.warn(
/home/touhid/.local/lib/python3.14/site-packages/sklearn/utils/validation.py:2827: UserWarning: X does not have valid feature names, but LGBMClassifier was fitted with feature names
  warnings.warn(
/home/touhid/.local/lib/python3.14/site-packages/sklearn/utils/validation.py:2827: UserWarning: X does not have valid feature names, but LGBMClassifier was fitted with feature names
  warnings.warn(
/home/touhid/.local/lib/python3.14/site-packages/sklearn/utils/validation.py:2827: UserWarning: X does not have valid feature names, but LGBMClassifier was fitted with feature names
  warnings.warn(
/home/touhid/.local/lib/python3.14/site-packages/sklearn/utils/validation.py:2827: UserWarning: X does not have valid feature names, but LGBMClassifier was fitted with feature names
  warnings.warn(
/home/touhid/.local/lib/python3.14/site-packages/sklearn/utils/validation.py:2827: UserWarning: X does not have valid feature names, but LGBMClassifier was fitted with feature names
  warnings.warn(
  ba_lfp_snl  common_with_soh  lightgbm      H=10 -> oxford      : raw=0.997 [0.994,1.000] percell=0.998
  ba_lfp_snl  common_with_soh  lightgbm      H=10 -> severson    : raw=0.777 [0.611,1.000] percell=0.988
  ba_lfp_snl  common_with_soh  lightgbm      H=10 -> ba_nmc_hnei : raw=0.993 [0.992,0.995] percell=0.993
  ba_lfp_snl  common_with_soh  lightgbm      H=10 -> ba_nca_snl  : raw=0.976 [0.967,0.984] percell=0.975
  ba_lfp_snl  common_with_soh  lightgbm      H=10 -> ba_nmc_snl  : raw=0.856 [0.676,0.994] percell=0.946
/home/touhid/.local/lib/python3.14/site-packages/sklearn/utils/validation.py:2827: UserWarning: X does not have valid feature names, but LGBMClassifier was fitted with feature names
  warnings.warn(
/home/touhid/.local/lib/python3.14/site-packages/sklearn/utils/validation.py:2827: UserWarning: X does not have valid feature names, but LGBMClassifier was fitted with feature names
  warnings.warn(
/home/touhid/.local/lib/python3.14/site-packages/sklearn/utils/validation.py:2827: UserWarning: X does not have valid feature names, but LGBMClassifier was fitted with feature names
  warnings.warn(
/home/touhid/.local/lib/python3.14/site-packages/sklearn/utils/validation.py:2827: UserWarning: X does not have valid feature names, but LGBMClassifier was fitted with feature names
  warnings.warn(
/home/touhid/.local/lib/python3.14/site-packages/sklearn/utils/validation.py:2827: UserWarning: X does not have valid feature names, but LGBMClassifier was fitted with feature names
  warnings.warn(
/home/touhid/.local/lib/python3.14/site-packages/sklearn/utils/validation.py:2827: UserWarning: X does not have valid feature names, but LGBMClassifier was fitted with feature names
  warnings.warn(
/home/touhid/.local/lib/python3.14/site-packages/sklearn/utils/validation.py:2827: UserWarning: X does not have valid feature names, but LGBMClassifier was fitted with feature names
  warnings.warn(
/home/touhid/.local/lib/python3.14/site-packages/sklearn/utils/validation.py:2827: UserWarning: X does not have valid feature names, but LGBMClassifier was fitted with feature names
  warnings.warn(
/home/touhid/.local/lib/python3.14/site-packages/sklearn/utils/validation.py:2827: UserWarning: X does not have valid feature names, but LGBMClassifier was fitted with feature names
  warnings.warn(
  ba_lfp_snl  common_with_soh  lightgbm      H=20 -> oxford      : raw=0.998 [0.996,1.000] percell=0.999
  ba_lfp_snl  common_with_soh  lightgbm      H=20 -> severson    : raw=0.815 [0.651,0.998] percell=0.989
  ba_lfp_snl  common_with_soh  lightgbm      H=20 -> ba_nmc_hnei : raw=0.992 [0.991,0.993] percell=0.992
  ba_lfp_snl  common_with_soh  lightgbm      H=20 -> ba_nca_snl  : raw=0.972 [0.961,0.982] percell=0.968
  ba_lfp_snl  common_with_soh  lightgbm      H=20 -> ba_nmc_snl  : raw=0.852 [0.683,0.990] percell=0.945
/home/touhid/.local/lib/python3.14/site-packages/sklearn/utils/validation.py:2827: UserWarning: X does not have valid feature names, but LGBMClassifier was fitted with feature names
  warnings.warn(
/home/touhid/.local/lib/python3.14/site-packages/sklearn/utils/validation.py:2827: UserWarning: X does not have valid feature names, but LGBMClassifier was fitted with feature names
  warnings.warn(
/home/touhid/.local/lib/python3.14/site-packages/sklearn/utils/validation.py:2827: UserWarning: X does not have valid feature names, but LGBMClassifier was fitted with feature names
  warnings.warn(
/home/touhid/.local/lib/python3.14/site-packages/sklearn/utils/validation.py:2827: UserWarning: X does not have valid feature names, but LGBMClassifier was fitted with feature names
  warnings.warn(
/home/touhid/.local/lib/python3.14/site-packages/sklearn/utils/validation.py:2827: UserWarning: X does not have valid feature names, but LGBMClassifier was fitted with feature names
  warnings.warn(
/home/touhid/.local/lib/python3.14/site-packages/sklearn/utils/validation.py:2827: UserWarning: X does not have valid feature names, but LGBMClassifier was fitted with feature names
  warnings.warn(
/home/touhid/.local/lib/python3.14/site-packages/sklearn/utils/validation.py:2827: UserWarning: X does not have valid feature names, but LGBMClassifier was fitted with feature names
  warnings.warn(
/home/touhid/.local/lib/python3.14/site-packages/sklearn/utils/validation.py:2827: UserWarning: X does not have valid feature names, but LGBMClassifier was fitted with feature names
  warnings.warn(
/home/touhid/.local/lib/python3.14/site-packages/sklearn/utils/validation.py:2827: UserWarning: X does not have valid feature names, but LGBMClassifier was fitted with feature names
  warnings.warn(
  ba_lfp_snl  common_with_soh  lightgbm      H=30 -> oxford      : raw=1.000 [0.999,1.000] percell=1.000
  ba_lfp_snl  common_with_soh  lightgbm      H=30 -> severson    : raw=0.857 [0.726,0.991] percell=0.975
  ba_lfp_snl  common_with_soh  lightgbm      H=30 -> ba_nmc_hnei : raw=0.994 [0.992,0.995] percell=0.994
  ba_lfp_snl  common_with_soh  lightgbm      H=30 -> ba_nca_snl  : raw=0.972 [0.961,0.982] percell=0.970
  ba_lfp_snl  common_with_soh  lightgbm      H=30 -> ba_nmc_snl  : raw=0.864 [0.695,0.993] percell=0.934
/home/touhid/.local/lib/python3.14/site-packages/sklearn/utils/validation.py:2827: UserWarning: X does not have valid feature names, but LGBMClassifier was fitted with feature names
  warnings.warn(
/home/touhid/.local/lib/python3.14/site-packages/sklearn/utils/validation.py:2827: UserWarning: X does not have valid feature names, but LGBMClassifier was fitted with feature names
  warnings.warn(
/home/touhid/.local/lib/python3.14/site-packages/sklearn/utils/validation.py:2827: UserWarning: X does not have valid feature names, but LGBMClassifier was fitted with feature names
  warnings.warn(
/home/touhid/.local/lib/python3.14/site-packages/sklearn/utils/validation.py:2827: UserWarning: X does not have valid feature names, but LGBMClassifier was fitted with feature names
  warnings.warn(
/home/touhid/.local/lib/python3.14/site-packages/sklearn/utils/validation.py:2827: UserWarning: X does not have valid feature names, but LGBMClassifier was fitted with feature names
  warnings.warn(
/home/touhid/.local/lib/python3.14/site-packages/sklearn/utils/validation.py:2827: UserWarning: X does not have valid feature names, but LGBMClassifier was fitted with feature names
  warnings.warn(
/home/touhid/.local/lib/python3.14/site-packages/sklearn/utils/validation.py:2827: UserWarning: X does not have valid feature names, but LGBMClassifier was fitted with feature names
  warnings.warn(
/home/touhid/.local/lib/python3.14/site-packages/sklearn/utils/validation.py:2827: UserWarning: X does not have valid feature names, but LGBMClassifier was fitted with feature names
  warnings.warn(
/home/touhid/.local/lib/python3.14/site-packages/sklearn/utils/validation.py:2827: UserWarning: X does not have valid feature names, but LGBMClassifier was fitted with feature names
  warnings.warn(
  ba_lfp_snl  common_with_soh  lightgbm      H=50 -> oxford      : raw=1.000 [0.999,1.000] percell=1.000
  ba_lfp_snl  common_with_soh  lightgbm      H=50 -> severson    : raw=0.782 [0.695,0.876] percell=0.841
  ba_lfp_snl  common_with_soh  lightgbm      H=50 -> ba_nmc_hnei : raw=0.996 [0.994,0.997] percell=0.996
  ba_lfp_snl  common_with_soh  lightgbm      H=50 -> ba_nca_snl  : raw=0.967 [0.956,0.977] percell=0.971
  ba_lfp_snl  common_with_soh  lightgbm      H=50 -> ba_nmc_snl  : raw=0.868 [0.719,0.992] percell=0.945
  ba_lfp_snl  common_with_soh  random_forest H=10 -> oxford      : raw=1.000 [1.000,1.000] percell=1.000
  ba_lfp_snl  common_with_soh  random_forest H=10 -> severson    : raw=0.747 [0.554,1.000] percell=0.992
  ba_lfp_snl  common_with_soh  random_forest H=10 -> ba_nmc_hnei : raw=0.998 [0.997,0.998] percell=0.998
  ba_lfp_snl  common_with_soh  random_forest H=10 -> ba_nca_snl  : raw=0.985 [0.980,0.990] percell=0.993
  ba_lfp_snl  common_with_soh  random_forest H=10 -> ba_nmc_snl  : raw=0.864 [0.683,0.999] percell=0.953
  ba_lfp_snl  common_with_soh  random_forest H=20 -> oxford      : raw=1.000 [1.000,1.000] percell=1.000
  ba_lfp_snl  common_with_soh  random_forest H=20 -> severson    : raw=0.776 [0.577,0.997] percell=0.991
  ba_lfp_snl  common_with_soh  random_forest H=20 -> ba_nmc_hnei : raw=0.998 [0.998,0.999] percell=0.998
  ba_lfp_snl  common_with_soh  random_forest H=20 -> ba_nca_snl  : raw=0.982 [0.977,0.987] percell=0.990
  ba_lfp_snl  common_with_soh  random_forest H=20 -> ba_nmc_snl  : raw=0.866 [0.686,0.997] percell=0.951
  ba_lfp_snl  common_with_soh  random_forest H=30 -> oxford      : raw=1.000 [0.999,1.000] percell=1.000
  ba_lfp_snl  common_with_soh  random_forest H=30 -> severson    : raw=0.795 [0.602,0.989] percell=0.982
  ba_lfp_snl  common_with_soh  random_forest H=30 -> ba_nmc_hnei : raw=0.996 [0.995,0.997] percell=0.996
  ba_lfp_snl  common_with_soh  random_forest H=30 -> ba_nca_snl  : raw=0.976 [0.968,0.984] percell=0.980
  ba_lfp_snl  common_with_soh  random_forest H=30 -> ba_nmc_snl  : raw=0.861 [0.678,0.994] percell=0.937
  ba_lfp_snl  common_with_soh  random_forest H=50 -> oxford      : raw=1.000 [1.000,1.000] percell=1.000
  ba_lfp_snl  common_with_soh  random_forest H=50 -> severson    : raw=0.773 [0.615,0.922] percell=0.888
  ba_lfp_snl  common_with_soh  random_forest H=50 -> ba_nmc_hnei : raw=0.996 [0.995,0.997] percell=0.996
  ba_lfp_snl  common_with_soh  random_forest H=50 -> ba_nca_snl  : raw=0.968 [0.957,0.978] percell=0.973
  ba_lfp_snl  common_with_soh  random_forest H=50 -> ba_nmc_snl  : raw=0.855 [0.676,0.992] percell=0.911
  ba_lfp_snl  common_no_soh    xgboost       H=10 -> oxford      : raw=0.877 [0.838,0.915] percell=0.882
  ba_lfp_snl  common_no_soh    xgboost       H=10 -> severson    : raw=0.433 [0.313,0.507] percell=0.430
  ba_lfp_snl  common_no_soh    xgboost       H=10 -> ba_nmc_hnei : raw=0.500 [0.500,0.500] percell=0.500
  ba_lfp_snl  common_no_soh    xgboost       H=10 -> ba_nca_snl  : raw=0.642 [0.474,0.763] percell=0.579
  ba_lfp_snl  common_no_soh    xgboost       H=10 -> ba_nmc_snl  : raw=0.401 [0.240,0.516] percell=0.375
  ba_lfp_snl  common_no_soh    xgboost       H=20 -> oxford      : raw=0.857 [0.820,0.892] percell=0.861
  ba_lfp_snl  common_no_soh    xgboost       H=20 -> severson    : raw=0.394 [0.279,0.479] percell=0.418
  ba_lfp_snl  common_no_soh    xgboost       H=20 -> ba_nmc_hnei : raw=0.500 [0.500,0.500] percell=0.500
  ba_lfp_snl  common_no_soh    xgboost       H=20 -> ba_nca_snl  : raw=0.642 [0.479,0.762] percell=0.584
  ba_lfp_snl  common_no_soh    xgboost       H=20 -> ba_nmc_snl  : raw=0.435 [0.277,0.555] percell=0.424
  ba_lfp_snl  common_no_soh    xgboost       H=30 -> oxford      : raw=0.846 [0.810,0.881] percell=0.850
  ba_lfp_snl  common_no_soh    xgboost       H=30 -> severson    : raw=0.402 [0.298,0.484] percell=0.410
  ba_lfp_snl  common_no_soh    xgboost       H=30 -> ba_nmc_hnei : raw=0.500 [0.500,0.500] percell=0.500
  ba_lfp_snl  common_no_soh    xgboost       H=30 -> ba_nca_snl  : raw=0.638 [0.477,0.759] percell=0.579
  ba_lfp_snl  common_no_soh    xgboost       H=30 -> ba_nmc_snl  : raw=0.416 [0.275,0.516] percell=0.375
  ba_lfp_snl  common_no_soh    xgboost       H=50 -> oxford      : raw=0.857 [0.820,0.892] percell=0.861
  ba_lfp_snl  common_no_soh    xgboost       H=50 -> severson    : raw=0.395 [0.306,0.477] percell=0.390
  ba_lfp_snl  common_no_soh    xgboost       H=50 -> ba_nmc_hnei : raw=0.500 [0.500,0.500] percell=0.500
  ba_lfp_snl  common_no_soh    xgboost       H=50 -> ba_nca_snl  : raw=0.634 [0.495,0.753] percell=0.615
  ba_lfp_snl  common_no_soh    xgboost       H=50 -> ba_nmc_snl  : raw=0.443 [0.283,0.567] percell=0.430
/home/touhid/.local/lib/python3.14/site-packages/sklearn/utils/validation.py:2827: UserWarning: X does not have valid feature names, but LGBMClassifier was fitted with feature names
  warnings.warn(
/home/touhid/.local/lib/python3.14/site-packages/sklearn/utils/validation.py:2827: UserWarning: X does not have valid feature names, but LGBMClassifier was fitted with feature names
  warnings.warn(
/home/touhid/.local/lib/python3.14/site-packages/sklearn/utils/validation.py:2827: UserWarning: X does not have valid feature names, but LGBMClassifier was fitted with feature names
  warnings.warn(
/home/touhid/.local/lib/python3.14/site-packages/sklearn/utils/validation.py:2827: UserWarning: X does not have valid feature names, but LGBMClassifier was fitted with feature names
  warnings.warn(
/home/touhid/.local/lib/python3.14/site-packages/sklearn/utils/validation.py:2827: UserWarning: X does not have valid feature names, but LGBMClassifier was fitted with feature names
  warnings.warn(
/home/touhid/.local/lib/python3.14/site-packages/sklearn/utils/validation.py:2827: UserWarning: X does not have valid feature names, but LGBMClassifier was fitted with feature names
  warnings.warn(
/home/touhid/.local/lib/python3.14/site-packages/sklearn/utils/validation.py:2827: UserWarning: X does not have valid feature names, but LGBMClassifier was fitted with feature names
  warnings.warn(
/home/touhid/.local/lib/python3.14/site-packages/sklearn/utils/validation.py:2827: UserWarning: X does not have valid feature names, but LGBMClassifier was fitted with feature names
  warnings.warn(
/home/touhid/.local/lib/python3.14/site-packages/sklearn/utils/validation.py:2827: UserWarning: X does not have valid feature names, but LGBMClassifier was fitted with feature names
  warnings.warn(
  ba_lfp_snl  common_no_soh    lightgbm      H=10 -> oxford      : raw=0.867 [0.829,0.904] percell=0.871
  ba_lfp_snl  common_no_soh    lightgbm      H=10 -> severson    : raw=0.448 [0.352,0.501] percell=0.466
  ba_lfp_snl  common_no_soh    lightgbm      H=10 -> ba_nmc_hnei : raw=0.500 [0.500,0.500] percell=0.500
  ba_lfp_snl  common_no_soh    lightgbm      H=10 -> ba_nca_snl  : raw=0.696 [0.560,0.779] percell=0.523
  ba_lfp_snl  common_no_soh    lightgbm      H=10 -> ba_nmc_snl  : raw=0.467 [0.327,0.581] percell=0.437
/home/touhid/.local/lib/python3.14/site-packages/sklearn/utils/validation.py:2827: UserWarning: X does not have valid feature names, but LGBMClassifier was fitted with feature names
  warnings.warn(
/home/touhid/.local/lib/python3.14/site-packages/sklearn/utils/validation.py:2827: UserWarning: X does not have valid feature names, but LGBMClassifier was fitted with feature names
  warnings.warn(
/home/touhid/.local/lib/python3.14/site-packages/sklearn/utils/validation.py:2827: UserWarning: X does not have valid feature names, but LGBMClassifier was fitted with feature names
  warnings.warn(
/home/touhid/.local/lib/python3.14/site-packages/sklearn/utils/validation.py:2827: UserWarning: X does not have valid feature names, but LGBMClassifier was fitted with feature names
  warnings.warn(
/home/touhid/.local/lib/python3.14/site-packages/sklearn/utils/validation.py:2827: UserWarning: X does not have valid feature names, but LGBMClassifier was fitted with feature names
  warnings.warn(
/home/touhid/.local/lib/python3.14/site-packages/sklearn/utils/validation.py:2827: UserWarning: X does not have valid feature names, but LGBMClassifier was fitted with feature names
  warnings.warn(
/home/touhid/.local/lib/python3.14/site-packages/sklearn/utils/validation.py:2827: UserWarning: X does not have valid feature names, but LGBMClassifier was fitted with feature names
  warnings.warn(
/home/touhid/.local/lib/python3.14/site-packages/sklearn/utils/validation.py:2827: UserWarning: X does not have valid feature names, but LGBMClassifier was fitted with feature names
  warnings.warn(
/home/touhid/.local/lib/python3.14/site-packages/sklearn/utils/validation.py:2827: UserWarning: X does not have valid feature names, but LGBMClassifier was fitted with feature names
  warnings.warn(
  ba_lfp_snl  common_no_soh    lightgbm      H=20 -> oxford      : raw=0.867 [0.829,0.904] percell=0.871
  ba_lfp_snl  common_no_soh    lightgbm      H=20 -> severson    : raw=0.438 [0.358,0.488] percell=0.470
  ba_lfp_snl  common_no_soh    lightgbm      H=20 -> ba_nmc_hnei : raw=0.500 [0.500,0.500] percell=0.500
  ba_lfp_snl  common_no_soh    lightgbm      H=20 -> ba_nca_snl  : raw=0.689 [0.555,0.772] percell=0.519
  ba_lfp_snl  common_no_soh    lightgbm      H=20 -> ba_nmc_snl  : raw=0.485 [0.350,0.592] percell=0.461
/home/touhid/.local/lib/python3.14/site-packages/sklearn/utils/validation.py:2827: UserWarning: X does not have valid feature names, but LGBMClassifier was fitted with feature names
  warnings.warn(
/home/touhid/.local/lib/python3.14/site-packages/sklearn/utils/validation.py:2827: UserWarning: X does not have valid feature names, but LGBMClassifier was fitted with feature names
  warnings.warn(
/home/touhid/.local/lib/python3.14/site-packages/sklearn/utils/validation.py:2827: UserWarning: X does not have valid feature names, but LGBMClassifier was fitted with feature names
  warnings.warn(
/home/touhid/.local/lib/python3.14/site-packages/sklearn/utils/validation.py:2827: UserWarning: X does not have valid feature names, but LGBMClassifier was fitted with feature names
  warnings.warn(
/home/touhid/.local/lib/python3.14/site-packages/sklearn/utils/validation.py:2827: UserWarning: X does not have valid feature names, but LGBMClassifier was fitted with feature names
  warnings.warn(
/home/touhid/.local/lib/python3.14/site-packages/sklearn/utils/validation.py:2827: UserWarning: X does not have valid feature names, but LGBMClassifier was fitted with feature names
  warnings.warn(
/home/touhid/.local/lib/python3.14/site-packages/sklearn/utils/validation.py:2827: UserWarning: X does not have valid feature names, but LGBMClassifier was fitted with feature names
  warnings.warn(
/home/touhid/.local/lib/python3.14/site-packages/sklearn/utils/validation.py:2827: UserWarning: X does not have valid feature names, but LGBMClassifier was fitted with feature names
  warnings.warn(
/home/touhid/.local/lib/python3.14/site-packages/sklearn/utils/validation.py:2827: UserWarning: X does not have valid feature names, but LGBMClassifier was fitted with feature names
  warnings.warn(
  ba_lfp_snl  common_no_soh    lightgbm      H=30 -> oxford      : raw=0.867 [0.829,0.904] percell=0.871
  ba_lfp_snl  common_no_soh    lightgbm      H=30 -> severson    : raw=0.429 [0.359,0.479] percell=0.470
  ba_lfp_snl  common_no_soh    lightgbm      H=30 -> ba_nmc_hnei : raw=0.500 [0.500,0.500] percell=0.500
  ba_lfp_snl  common_no_soh    lightgbm      H=30 -> ba_nca_snl  : raw=0.685 [0.545,0.772] percell=0.519
  ba_lfp_snl  common_no_soh    lightgbm      H=30 -> ba_nmc_snl  : raw=0.481 [0.361,0.573] percell=0.463
/home/touhid/.local/lib/python3.14/site-packages/sklearn/utils/validation.py:2827: UserWarning: X does not have valid feature names, but LGBMClassifier was fitted with feature names
  warnings.warn(
/home/touhid/.local/lib/python3.14/site-packages/sklearn/utils/validation.py:2827: UserWarning: X does not have valid feature names, but LGBMClassifier was fitted with feature names
  warnings.warn(
/home/touhid/.local/lib/python3.14/site-packages/sklearn/utils/validation.py:2827: UserWarning: X does not have valid feature names, but LGBMClassifier was fitted with feature names
  warnings.warn(
/home/touhid/.local/lib/python3.14/site-packages/sklearn/utils/validation.py:2827: UserWarning: X does not have valid feature names, but LGBMClassifier was fitted with feature names
  warnings.warn(
/home/touhid/.local/lib/python3.14/site-packages/sklearn/utils/validation.py:2827: UserWarning: X does not have valid feature names, but LGBMClassifier was fitted with feature names
  warnings.warn(
/home/touhid/.local/lib/python3.14/site-packages/sklearn/utils/validation.py:2827: UserWarning: X does not have valid feature names, but LGBMClassifier was fitted with feature names
  warnings.warn(
/home/touhid/.local/lib/python3.14/site-packages/sklearn/utils/validation.py:2827: UserWarning: X does not have valid feature names, but LGBMClassifier was fitted with feature names
  warnings.warn(
/home/touhid/.local/lib/python3.14/site-packages/sklearn/utils/validation.py:2827: UserWarning: X does not have valid feature names, but LGBMClassifier was fitted with feature names
  warnings.warn(
/home/touhid/.local/lib/python3.14/site-packages/sklearn/utils/validation.py:2827: UserWarning: X does not have valid feature names, but LGBMClassifier was fitted with feature names
  warnings.warn(
  ba_lfp_snl  common_no_soh    lightgbm      H=50 -> oxford      : raw=0.846 [0.810,0.881] percell=0.850
  ba_lfp_snl  common_no_soh    lightgbm      H=50 -> severson    : raw=0.477 [0.442,0.505] percell=0.468
  ba_lfp_snl  common_no_soh    lightgbm      H=50 -> ba_nmc_hnei : raw=0.500 [0.500,0.500] percell=0.500
  ba_lfp_snl  common_no_soh    lightgbm      H=50 -> ba_nca_snl  : raw=0.596 [0.411,0.728] percell=0.487
  ba_lfp_snl  common_no_soh    lightgbm      H=50 -> ba_nmc_snl  : raw=0.451 [0.338,0.546] percell=0.406
  ba_lfp_snl  common_no_soh    random_forest H=10 -> oxford      : raw=0.939 [0.894,0.982] percell=0.944
  ba_lfp_snl  common_no_soh    random_forest H=10 -> severson    : raw=0.378 [0.316,0.467] percell=0.439
  ba_lfp_snl  common_no_soh    random_forest H=10 -> ba_nmc_hnei : raw=0.500 [0.500,0.500] percell=0.500
  ba_lfp_snl  common_no_soh    random_forest H=10 -> ba_nca_snl  : raw=0.634 [0.451,0.775] percell=0.564
  ba_lfp_snl  common_no_soh    random_forest H=10 -> ba_nmc_snl  : raw=0.381 [0.280,0.495] percell=0.383
  ba_lfp_snl  common_no_soh    random_forest H=20 -> oxford      : raw=0.939 [0.894,0.982] percell=0.944
  ba_lfp_snl  common_no_soh    random_forest H=20 -> severson    : raw=0.394 [0.334,0.473] percell=0.437
  ba_lfp_snl  common_no_soh    random_forest H=20 -> ba_nmc_hnei : raw=0.500 [0.500,0.500] percell=0.500
  ba_lfp_snl  common_no_soh    random_forest H=20 -> ba_nca_snl  : raw=0.630 [0.450,0.768] percell=0.565
  ba_lfp_snl  common_no_soh    random_forest H=20 -> ba_nmc_snl  : raw=0.356 [0.250,0.471] percell=0.352
  ba_lfp_snl  common_no_soh    random_forest H=30 -> oxford      : raw=0.939 [0.894,0.982] percell=0.944
  ba_lfp_snl  common_no_soh    random_forest H=30 -> severson    : raw=0.496 [0.421,0.585] percell=0.450
  ba_lfp_snl  common_no_soh    random_forest H=30 -> ba_nmc_hnei : raw=0.500 [0.500,0.500] percell=0.500
  ba_lfp_snl  common_no_soh    random_forest H=30 -> ba_nca_snl  : raw=0.641 [0.475,0.779] percell=0.597
  ba_lfp_snl  common_no_soh    random_forest H=30 -> ba_nmc_snl  : raw=0.367 [0.233,0.471] percell=0.351
  ba_lfp_snl  common_no_soh    random_forest H=50 -> oxford      : raw=0.939 [0.894,0.982] percell=0.944
  ba_lfp_snl  common_no_soh    random_forest H=50 -> severson    : raw=0.397 [0.342,0.465] percell=0.417
  ba_lfp_snl  common_no_soh    random_forest H=50 -> ba_nmc_hnei : raw=0.500 [0.500,0.500] percell=0.500
  ba_lfp_snl  common_no_soh    random_forest H=50 -> ba_nca_snl  : raw=0.619 [0.450,0.755] percell=0.557
  ba_lfp_snl  common_no_soh    random_forest H=50 -> ba_nmc_snl  : raw=0.370 [0.231,0.457] percell=0.317
  ba_nca_snl  with_soh         xgboost       H=10 -> oxford      : raw=1.000 [1.000,1.000] percell=1.000
  ba_nca_snl  with_soh         xgboost       H=10 -> severson    : raw=0.883 [0.824,0.965] percell=0.994
  ba_nca_snl  with_soh         xgboost       H=10 -> ba_nmc_hnei : raw=1.000 [0.999,1.000] percell=1.000
  ba_nca_snl  with_soh         xgboost       H=10 -> ba_nmc_snl  : raw=0.930 [0.798,1.000] percell=0.987
  ba_nca_snl  with_soh         xgboost       H=20 -> oxford      : raw=1.000 [1.000,1.000] percell=1.000
  ba_nca_snl  with_soh         xgboost       H=20 -> severson    : raw=0.879 [0.853,0.911] percell=0.992
  ba_nca_snl  with_soh         xgboost       H=20 -> ba_nmc_hnei : raw=0.999 [0.999,1.000] percell=0.999
  ba_nca_snl  with_soh         xgboost       H=20 -> ba_nmc_snl  : raw=0.905 [0.790,0.999] percell=0.984
  ba_nca_snl  with_soh         xgboost       H=20 -> ba_lfp_snl  : raw=0.996 [0.993,0.999] percell=0.993
  ba_nca_snl  with_soh         xgboost       H=30 -> oxford      : raw=1.000 [1.000,1.000] percell=1.000
  ba_nca_snl  with_soh         xgboost       H=30 -> severson    : raw=0.866 [0.839,0.902] percell=0.994
  ba_nca_snl  with_soh         xgboost       H=30 -> ba_nmc_hnei : raw=0.999 [0.998,0.999] percell=0.999
  ba_nca_snl  with_soh         xgboost       H=30 -> ba_nmc_snl  : raw=0.889 [0.782,0.997] percell=0.991
  ba_nca_snl  with_soh         xgboost       H=50 -> oxford      : raw=1.000 [1.000,1.000] percell=1.000
  ba_nca_snl  with_soh         xgboost       H=50 -> severson    : raw=0.807 [0.773,0.839] percell=0.973
  ba_nca_snl  with_soh         xgboost       H=50 -> ba_nmc_hnei : raw=0.997 [0.997,0.998] percell=0.998
  ba_nca_snl  with_soh         xgboost       H=50 -> ba_nmc_snl  : raw=0.877 [0.764,0.996] percell=0.965
/home/touhid/.local/lib/python3.14/site-packages/sklearn/utils/validation.py:2827: UserWarning: X does not have valid feature names, but LGBMClassifier was fitted with feature names
  warnings.warn(
/home/touhid/.local/lib/python3.14/site-packages/sklearn/utils/validation.py:2827: UserWarning: X does not have valid feature names, but LGBMClassifier was fitted with feature names
  warnings.warn(
/home/touhid/.local/lib/python3.14/site-packages/sklearn/utils/validation.py:2827: UserWarning: X does not have valid feature names, but LGBMClassifier was fitted with feature names
  warnings.warn(
/home/touhid/.local/lib/python3.14/site-packages/sklearn/utils/validation.py:2827: UserWarning: X does not have valid feature names, but LGBMClassifier was fitted with feature names
  warnings.warn(
/home/touhid/.local/lib/python3.14/site-packages/sklearn/utils/validation.py:2827: UserWarning: X does not have valid feature names, but LGBMClassifier was fitted with feature names
  warnings.warn(
/home/touhid/.local/lib/python3.14/site-packages/sklearn/utils/validation.py:2827: UserWarning: X does not have valid feature names, but LGBMClassifier was fitted with feature names
  warnings.warn(
/home/touhid/.local/lib/python3.14/site-packages/sklearn/utils/validation.py:2827: UserWarning: X does not have valid feature names, but LGBMClassifier was fitted with feature names
  warnings.warn(
/home/touhid/.local/lib/python3.14/site-packages/sklearn/utils/validation.py:2827: UserWarning: X does not have valid feature names, but LGBMClassifier was fitted with feature names
  warnings.warn(
  ba_nca_snl  with_soh         lightgbm      H=10 -> oxford      : raw=1.000 [1.000,1.000] percell=1.000
  ba_nca_snl  with_soh         lightgbm      H=10 -> severson    : raw=0.895 [0.865,0.941] percell=0.987
  ba_nca_snl  with_soh         lightgbm      H=10 -> ba_nmc_hnei : raw=1.000 [0.999,1.000] percell=1.000
  ba_nca_snl  with_soh         lightgbm      H=10 -> ba_nmc_snl  : raw=0.929 [0.796,1.000] percell=0.984
/home/touhid/.local/lib/python3.14/site-packages/sklearn/utils/validation.py:2827: UserWarning: X does not have valid feature names, but LGBMClassifier was fitted with feature names
  warnings.warn(
/home/touhid/.local/lib/python3.14/site-packages/sklearn/utils/validation.py:2827: UserWarning: X does not have valid feature names, but LGBMClassifier was fitted with feature names
  warnings.warn(
/home/touhid/.local/lib/python3.14/site-packages/sklearn/utils/validation.py:2827: UserWarning: X does not have valid feature names, but LGBMClassifier was fitted with feature names
  warnings.warn(
/home/touhid/.local/lib/python3.14/site-packages/sklearn/utils/validation.py:2827: UserWarning: X does not have valid feature names, but LGBMClassifier was fitted with feature names
  warnings.warn(
/home/touhid/.local/lib/python3.14/site-packages/sklearn/utils/validation.py:2827: UserWarning: X does not have valid feature names, but LGBMClassifier was fitted with feature names
  warnings.warn(
/home/touhid/.local/lib/python3.14/site-packages/sklearn/utils/validation.py:2827: UserWarning: X does not have valid feature names, but LGBMClassifier was fitted with feature names
  warnings.warn(
/home/touhid/.local/lib/python3.14/site-packages/sklearn/utils/validation.py:2827: UserWarning: X does not have valid feature names, but LGBMClassifier was fitted with feature names
  warnings.warn(
/home/touhid/.local/lib/python3.14/site-packages/sklearn/utils/validation.py:2827: UserWarning: X does not have valid feature names, but LGBMClassifier was fitted with feature names
  warnings.warn(
/home/touhid/.local/lib/python3.14/site-packages/sklearn/utils/validation.py:2827: UserWarning: X does not have valid feature names, but LGBMClassifier was fitted with feature names
  warnings.warn(
  ba_nca_snl  with_soh         lightgbm      H=20 -> oxford      : raw=1.000 [1.000,1.000] percell=1.000
  ba_nca_snl  with_soh         lightgbm      H=20 -> severson    : raw=0.908 [0.871,0.955] percell=0.999
  ba_nca_snl  with_soh         lightgbm      H=20 -> ba_nmc_hnei : raw=0.999 [0.999,1.000] percell=0.999
  ba_nca_snl  with_soh         lightgbm      H=20 -> ba_nmc_snl  : raw=0.927 [0.803,0.999] percell=0.986
  ba_nca_snl  with_soh         lightgbm      H=20 -> ba_lfp_snl  : raw=0.997 [0.994,0.999] percell=0.992
/home/touhid/.local/lib/python3.14/site-packages/sklearn/utils/validation.py:2827: UserWarning: X does not have valid feature names, but LGBMClassifier was fitted with feature names
  warnings.warn(
/home/touhid/.local/lib/python3.14/site-packages/sklearn/utils/validation.py:2827: UserWarning: X does not have valid feature names, but LGBMClassifier was fitted with feature names
  warnings.warn(
/home/touhid/.local/lib/python3.14/site-packages/sklearn/utils/validation.py:2827: UserWarning: X does not have valid feature names, but LGBMClassifier was fitted with feature names
  warnings.warn(
/home/touhid/.local/lib/python3.14/site-packages/sklearn/utils/validation.py:2827: UserWarning: X does not have valid feature names, but LGBMClassifier was fitted with feature names
  warnings.warn(
/home/touhid/.local/lib/python3.14/site-packages/sklearn/utils/validation.py:2827: UserWarning: X does not have valid feature names, but LGBMClassifier was fitted with feature names
  warnings.warn(
/home/touhid/.local/lib/python3.14/site-packages/sklearn/utils/validation.py:2827: UserWarning: X does not have valid feature names, but LGBMClassifier was fitted with feature names
  warnings.warn(
/home/touhid/.local/lib/python3.14/site-packages/sklearn/utils/validation.py:2827: UserWarning: X does not have valid feature names, but LGBMClassifier was fitted with feature names
  warnings.warn(
/home/touhid/.local/lib/python3.14/site-packages/sklearn/utils/validation.py:2827: UserWarning: X does not have valid feature names, but LGBMClassifier was fitted with feature names
  warnings.warn(
  ba_nca_snl  with_soh         lightgbm      H=30 -> oxford      : raw=1.000 [1.000,1.000] percell=1.000
  ba_nca_snl  with_soh         lightgbm      H=30 -> severson    : raw=0.890 [0.855,0.935] percell=0.998
  ba_nca_snl  with_soh         lightgbm      H=30 -> ba_nmc_hnei : raw=0.998 [0.998,0.999] percell=0.998
  ba_nca_snl  with_soh         lightgbm      H=30 -> ba_nmc_snl  : raw=0.900 [0.779,0.996] percell=0.981
/home/touhid/.local/lib/python3.14/site-packages/sklearn/utils/validation.py:2827: UserWarning: X does not have valid feature names, but LGBMClassifier was fitted with feature names
  warnings.warn(
/home/touhid/.local/lib/python3.14/site-packages/sklearn/utils/validation.py:2827: UserWarning: X does not have valid feature names, but LGBMClassifier was fitted with feature names
  warnings.warn(
/home/touhid/.local/lib/python3.14/site-packages/sklearn/utils/validation.py:2827: UserWarning: X does not have valid feature names, but LGBMClassifier was fitted with feature names
  warnings.warn(
/home/touhid/.local/lib/python3.14/site-packages/sklearn/utils/validation.py:2827: UserWarning: X does not have valid feature names, but LGBMClassifier was fitted with feature names
  warnings.warn(
/home/touhid/.local/lib/python3.14/site-packages/sklearn/utils/validation.py:2827: UserWarning: X does not have valid feature names, but LGBMClassifier was fitted with feature names
  warnings.warn(
/home/touhid/.local/lib/python3.14/site-packages/sklearn/utils/validation.py:2827: UserWarning: X does not have valid feature names, but LGBMClassifier was fitted with feature names
  warnings.warn(
/home/touhid/.local/lib/python3.14/site-packages/sklearn/utils/validation.py:2827: UserWarning: X does not have valid feature names, but LGBMClassifier was fitted with feature names
  warnings.warn(
/home/touhid/.local/lib/python3.14/site-packages/sklearn/utils/validation.py:2827: UserWarning: X does not have valid feature names, but LGBMClassifier was fitted with feature names
  warnings.warn(
  ba_nca_snl  with_soh         lightgbm      H=50 -> oxford      : raw=1.000 [1.000,1.000] percell=1.000
  ba_nca_snl  with_soh         lightgbm      H=50 -> severson    : raw=0.851 [0.823,0.885] percell=0.980
  ba_nca_snl  with_soh         lightgbm      H=50 -> ba_nmc_hnei : raw=0.997 [0.996,0.998] percell=0.997
  ba_nca_snl  with_soh         lightgbm      H=50 -> ba_nmc_snl  : raw=0.883 [0.766,0.994] percell=0.997
  ba_nca_snl  with_soh         random_forest H=10 -> oxford      : raw=1.000 [1.000,1.000] percell=1.000
  ba_nca_snl  with_soh         random_forest H=10 -> severson    : raw=0.876 [0.814,0.963] percell=0.984
  ba_nca_snl  with_soh         random_forest H=10 -> ba_nmc_hnei : raw=0.999 [0.999,1.000] percell=1.000
  ba_nca_snl  with_soh         random_forest H=10 -> ba_nmc_snl  : raw=0.913 [0.780,1.000] percell=0.970
  ba_nca_snl  with_soh         random_forest H=20 -> oxford      : raw=1.000 [1.000,1.000] percell=1.000
  ba_nca_snl  with_soh         random_forest H=20 -> severson    : raw=0.901 [0.822,0.992] percell=0.990
  ba_nca_snl  with_soh         random_forest H=20 -> ba_nmc_hnei : raw=0.999 [0.999,1.000] percell=1.000
  ba_nca_snl  with_soh         random_forest H=20 -> ba_nmc_snl  : raw=0.916 [0.792,1.000] percell=0.979
  ba_nca_snl  with_soh         random_forest H=20 -> ba_lfp_snl  : raw=0.996 [0.993,0.999] percell=0.988
  ba_nca_snl  with_soh         random_forest H=30 -> oxford      : raw=1.000 [1.000,1.000] percell=1.000
  ba_nca_snl  with_soh         random_forest H=30 -> severson    : raw=0.915 [0.847,0.985] percell=0.987
  ba_nca_snl  with_soh         random_forest H=30 -> ba_nmc_hnei : raw=0.999 [0.999,1.000] percell=1.000
  ba_nca_snl  with_soh         random_forest H=30 -> ba_nmc_snl  : raw=0.906 [0.783,0.999] percell=0.994
  ba_nca_snl  with_soh         random_forest H=50 -> oxford      : raw=1.000 [1.000,1.000] percell=1.000
  ba_nca_snl  with_soh         random_forest H=50 -> severson    : raw=0.893 [0.823,0.964] percell=0.985
  ba_nca_snl  with_soh         random_forest H=50 -> ba_nmc_hnei : raw=0.999 [0.999,0.999] percell=1.000
  ba_nca_snl  with_soh         random_forest H=50 -> ba_nmc_snl  : raw=0.884 [0.759,0.998] percell=0.994
  ba_nca_snl  no_soh           xgboost       H=10 -> oxford      : raw=0.582 [0.574,0.590] percell=0.583
  ba_nca_snl  no_soh           xgboost       H=10 -> severson    : raw=0.732 [0.619,0.798] percell=0.970
  ba_nca_snl  no_soh           xgboost       H=10 -> ba_nmc_hnei : raw=0.997 [0.996,0.999] percell=0.999
  ba_nca_snl  no_soh           xgboost       H=10 -> ba_nmc_snl  : raw=0.797 [0.700,0.988] percell=0.961
  ba_nca_snl  no_soh           xgboost       H=20 -> oxford      : raw=0.582 [0.574,0.590] percell=0.583
  ba_nca_snl  no_soh           xgboost       H=20 -> severson    : raw=0.708 [0.596,0.782] percell=0.969
  ba_nca_snl  no_soh           xgboost       H=20 -> ba_nmc_hnei : raw=0.997 [0.995,0.998] percell=0.999
  ba_nca_snl  no_soh           xgboost       H=20 -> ba_nmc_snl  : raw=0.801 [0.707,0.989] percell=0.966
  ba_nca_snl  no_soh           xgboost       H=20 -> ba_lfp_snl  : raw=0.971 [0.954,0.989] percell=0.906
  ba_nca_snl  no_soh           xgboost       H=30 -> oxford      : raw=0.561 [0.556,0.567] percell=0.562
  ba_nca_snl  no_soh           xgboost       H=30 -> severson    : raw=0.704 [0.614,0.772] percell=0.963
  ba_nca_snl  no_soh           xgboost       H=30 -> ba_nmc_hnei : raw=0.995 [0.993,0.996] percell=0.996
  ba_nca_snl  no_soh           xgboost       H=30 -> ba_nmc_snl  : raw=0.799 [0.706,0.983] percell=0.972
  ba_nca_snl  no_soh           xgboost       H=50 -> oxford      : raw=0.572 [0.565,0.578] percell=0.573
  ba_nca_snl  no_soh           xgboost       H=50 -> severson    : raw=0.683 [0.600,0.753] percell=0.972
  ba_nca_snl  no_soh           xgboost       H=50 -> ba_nmc_hnei : raw=0.994 [0.992,0.996] percell=0.996
  ba_nca_snl  no_soh           xgboost       H=50 -> ba_nmc_snl  : raw=0.789 [0.692,0.982] percell=0.973
/home/touhid/.local/lib/python3.14/site-packages/sklearn/utils/validation.py:2827: UserWarning: X does not have valid feature names, but LGBMClassifier was fitted with feature names
  warnings.warn(
/home/touhid/.local/lib/python3.14/site-packages/sklearn/utils/validation.py:2827: UserWarning: X does not have valid feature names, but LGBMClassifier was fitted with feature names
  warnings.warn(
/home/touhid/.local/lib/python3.14/site-packages/sklearn/utils/validation.py:2827: UserWarning: X does not have valid feature names, but LGBMClassifier was fitted with feature names
  warnings.warn(
/home/touhid/.local/lib/python3.14/site-packages/sklearn/utils/validation.py:2827: UserWarning: X does not have valid feature names, but LGBMClassifier was fitted with feature names
  warnings.warn(
/home/touhid/.local/lib/python3.14/site-packages/sklearn/utils/validation.py:2827: UserWarning: X does not have valid feature names, but LGBMClassifier was fitted with feature names
  warnings.warn(
/home/touhid/.local/lib/python3.14/site-packages/sklearn/utils/validation.py:2827: UserWarning: X does not have valid feature names, but LGBMClassifier was fitted with feature names
  warnings.warn(
/home/touhid/.local/lib/python3.14/site-packages/sklearn/utils/validation.py:2827: UserWarning: X does not have valid feature names, but LGBMClassifier was fitted with feature names
  warnings.warn(
/home/touhid/.local/lib/python3.14/site-packages/sklearn/utils/validation.py:2827: UserWarning: X does not have valid feature names, but LGBMClassifier was fitted with feature names
  warnings.warn(
  ba_nca_snl  no_soh           lightgbm      H=10 -> oxford      : raw=0.592 [0.584,0.601] percell=0.593
  ba_nca_snl  no_soh           lightgbm      H=10 -> severson    : raw=0.738 [0.620,0.809] percell=0.981
  ba_nca_snl  no_soh           lightgbm      H=10 -> ba_nmc_hnei : raw=0.997 [0.995,0.998] percell=0.999
  ba_nca_snl  no_soh           lightgbm      H=10 -> ba_nmc_snl  : raw=0.821 [0.722,0.990] percell=0.964
/home/touhid/.local/lib/python3.14/site-packages/sklearn/utils/validation.py:2827: UserWarning: X does not have valid feature names, but LGBMClassifier was fitted with feature names
  warnings.warn(
/home/touhid/.local/lib/python3.14/site-packages/sklearn/utils/validation.py:2827: UserWarning: X does not have valid feature names, but LGBMClassifier was fitted with feature names
  warnings.warn(
/home/touhid/.local/lib/python3.14/site-packages/sklearn/utils/validation.py:2827: UserWarning: X does not have valid feature names, but LGBMClassifier was fitted with feature names
  warnings.warn(
/home/touhid/.local/lib/python3.14/site-packages/sklearn/utils/validation.py:2827: UserWarning: X does not have valid feature names, but LGBMClassifier was fitted with feature names
  warnings.warn(
/home/touhid/.local/lib/python3.14/site-packages/sklearn/utils/validation.py:2827: UserWarning: X does not have valid feature names, but LGBMClassifier was fitted with feature names
  warnings.warn(
/home/touhid/.local/lib/python3.14/site-packages/sklearn/utils/validation.py:2827: UserWarning: X does not have valid feature names, but LGBMClassifier was fitted with feature names
  warnings.warn(
/home/touhid/.local/lib/python3.14/site-packages/sklearn/utils/validation.py:2827: UserWarning: X does not have valid feature names, but LGBMClassifier was fitted with feature names
  warnings.warn(
/home/touhid/.local/lib/python3.14/site-packages/sklearn/utils/validation.py:2827: UserWarning: X does not have valid feature names, but LGBMClassifier was fitted with feature names
  warnings.warn(
/home/touhid/.local/lib/python3.14/site-packages/sklearn/utils/validation.py:2827: UserWarning: X does not have valid feature names, but LGBMClassifier was fitted with feature names
  warnings.warn(
  ba_nca_snl  no_soh           lightgbm      H=20 -> oxford      : raw=0.582 [0.574,0.590] percell=0.583
  ba_nca_snl  no_soh           lightgbm      H=20 -> severson    : raw=0.707 [0.597,0.780] percell=0.958
  ba_nca_snl  no_soh           lightgbm      H=20 -> ba_nmc_hnei : raw=0.997 [0.995,0.998] percell=0.999
  ba_nca_snl  no_soh           lightgbm      H=20 -> ba_nmc_snl  : raw=0.823 [0.725,0.991] percell=0.973
  ba_nca_snl  no_soh           lightgbm      H=20 -> ba_lfp_snl  : raw=0.960 [0.931,0.985] percell=0.847
/home/touhid/.local/lib/python3.14/site-packages/sklearn/utils/validation.py:2827: UserWarning: X does not have valid feature names, but LGBMClassifier was fitted with feature names
  warnings.warn(
/home/touhid/.local/lib/python3.14/site-packages/sklearn/utils/validation.py:2827: UserWarning: X does not have valid feature names, but LGBMClassifier was fitted with feature names
  warnings.warn(
/home/touhid/.local/lib/python3.14/site-packages/sklearn/utils/validation.py:2827: UserWarning: X does not have valid feature names, but LGBMClassifier was fitted with feature names
  warnings.warn(
/home/touhid/.local/lib/python3.14/site-packages/sklearn/utils/validation.py:2827: UserWarning: X does not have valid feature names, but LGBMClassifier was fitted with feature names
  warnings.warn(
/home/touhid/.local/lib/python3.14/site-packages/sklearn/utils/validation.py:2827: UserWarning: X does not have valid feature names, but LGBMClassifier was fitted with feature names
  warnings.warn(
/home/touhid/.local/lib/python3.14/site-packages/sklearn/utils/validation.py:2827: UserWarning: X does not have valid feature names, but LGBMClassifier was fitted with feature names
  warnings.warn(
/home/touhid/.local/lib/python3.14/site-packages/sklearn/utils/validation.py:2827: UserWarning: X does not have valid feature names, but LGBMClassifier was fitted with feature names
  warnings.warn(
/home/touhid/.local/lib/python3.14/site-packages/sklearn/utils/validation.py:2827: UserWarning: X does not have valid feature names, but LGBMClassifier was fitted with feature names
  warnings.warn(
  ba_nca_snl  no_soh           lightgbm      H=30 -> oxford      : raw=0.551 [0.546,0.556] percell=0.552
  ba_nca_snl  no_soh           lightgbm      H=30 -> severson    : raw=0.696 [0.591,0.776] percell=0.976
  ba_nca_snl  no_soh           lightgbm      H=30 -> ba_nmc_hnei : raw=0.994 [0.992,0.995] percell=0.995
  ba_nca_snl  no_soh           lightgbm      H=30 -> ba_nmc_snl  : raw=0.816 [0.723,0.990] percell=0.978
/home/touhid/.local/lib/python3.14/site-packages/sklearn/utils/validation.py:2827: UserWarning: X does not have valid feature names, but LGBMClassifier was fitted with feature names
  warnings.warn(
/home/touhid/.local/lib/python3.14/site-packages/sklearn/utils/validation.py:2827: UserWarning: X does not have valid feature names, but LGBMClassifier was fitted with feature names
  warnings.warn(
/home/touhid/.local/lib/python3.14/site-packages/sklearn/utils/validation.py:2827: UserWarning: X does not have valid feature names, but LGBMClassifier was fitted with feature names
  warnings.warn(
/home/touhid/.local/lib/python3.14/site-packages/sklearn/utils/validation.py:2827: UserWarning: X does not have valid feature names, but LGBMClassifier was fitted with feature names
  warnings.warn(
/home/touhid/.local/lib/python3.14/site-packages/sklearn/utils/validation.py:2827: UserWarning: X does not have valid feature names, but LGBMClassifier was fitted with feature names
  warnings.warn(
/home/touhid/.local/lib/python3.14/site-packages/sklearn/utils/validation.py:2827: UserWarning: X does not have valid feature names, but LGBMClassifier was fitted with feature names
  warnings.warn(
/home/touhid/.local/lib/python3.14/site-packages/sklearn/utils/validation.py:2827: UserWarning: X does not have valid feature names, but LGBMClassifier was fitted with feature names
  warnings.warn(
/home/touhid/.local/lib/python3.14/site-packages/sklearn/utils/validation.py:2827: UserWarning: X does not have valid feature names, but LGBMClassifier was fitted with feature names
  warnings.warn(
  ba_nca_snl  no_soh           lightgbm      H=50 -> oxford      : raw=0.561 [0.556,0.567] percell=0.562
  ba_nca_snl  no_soh           lightgbm      H=50 -> severson    : raw=0.683 [0.602,0.748] percell=0.965
  ba_nca_snl  no_soh           lightgbm      H=50 -> ba_nmc_hnei : raw=0.996 [0.994,0.998] percell=0.999
  ba_nca_snl  no_soh           lightgbm      H=50 -> ba_nmc_snl  : raw=0.771 [0.682,0.964] percell=0.947
  ba_nca_snl  no_soh           random_forest H=10 -> oxford      : raw=0.561 [0.556,0.567] percell=0.562
  ba_nca_snl  no_soh           random_forest H=10 -> severson    : raw=0.718 [0.598,0.787] percell=0.955
  ba_nca_snl  no_soh           random_forest H=10 -> ba_nmc_hnei : raw=0.997 [0.996,0.999] percell=1.000
  ba_nca_snl  no_soh           random_forest H=10 -> ba_nmc_snl  : raw=0.813 [0.706,0.993] percell=0.946
  ba_nca_snl  no_soh           random_forest H=20 -> oxford      : raw=0.582 [0.574,0.590] percell=0.583
  ba_nca_snl  no_soh           random_forest H=20 -> severson    : raw=0.709 [0.637,0.756] percell=0.946
  ba_nca_snl  no_soh           random_forest H=20 -> ba_nmc_hnei : raw=0.997 [0.996,0.999] percell=1.000
  ba_nca_snl  no_soh           random_forest H=20 -> ba_nmc_snl  : raw=0.814 [0.718,0.987] percell=0.957
  ba_nca_snl  no_soh           random_forest H=20 -> ba_lfp_snl  : raw=0.966 [0.948,0.984] percell=0.892
  ba_nca_snl  no_soh           random_forest H=30 -> oxford      : raw=0.582 [0.574,0.590] percell=0.583
  ba_nca_snl  no_soh           random_forest H=30 -> severson    : raw=0.684 [0.587,0.755] percell=0.960
  ba_nca_snl  no_soh           random_forest H=30 -> ba_nmc_hnei : raw=0.997 [0.995,0.999] percell=1.000
  ba_nca_snl  no_soh           random_forest H=30 -> ba_nmc_snl  : raw=0.801 [0.715,0.975] percell=0.964
  ba_nca_snl  no_soh           random_forest H=50 -> oxford      : raw=0.572 [0.565,0.578] percell=0.573
  ba_nca_snl  no_soh           random_forest H=50 -> severson    : raw=0.675 [0.590,0.745] percell=0.965
  ba_nca_snl  no_soh           random_forest H=50 -> ba_nmc_hnei : raw=0.997 [0.995,0.998] percell=0.999
  ba_nca_snl  no_soh           random_forest H=50 -> ba_nmc_snl  : raw=0.804 [0.714,0.983] percell=0.966
  ba_nca_snl  common_with_soh  xgboost       H=10 -> oxford      : raw=1.000 [1.000,1.000] percell=1.000
  ba_nca_snl  common_with_soh  xgboost       H=10 -> severson    : raw=0.879 [0.826,0.954] percell=0.993
  ba_nca_snl  common_with_soh  xgboost       H=10 -> ba_nmc_hnei : raw=1.000 [0.999,1.000] percell=1.000
  ba_nca_snl  common_with_soh  xgboost       H=10 -> ba_nmc_snl  : raw=0.921 [0.786,0.999] percell=0.986
  ba_nca_snl  common_with_soh  xgboost       H=20 -> oxford      : raw=1.000 [1.000,1.000] percell=1.000
  ba_nca_snl  common_with_soh  xgboost       H=20 -> severson    : raw=0.861 [0.832,0.903] percell=0.978
  ba_nca_snl  common_with_soh  xgboost       H=20 -> ba_nmc_hnei : raw=1.000 [0.999,1.000] percell=1.000
  ba_nca_snl  common_with_soh  xgboost       H=20 -> ba_nmc_snl  : raw=0.914 [0.789,0.997] percell=0.994
  ba_nca_snl  common_with_soh  xgboost       H=20 -> ba_lfp_snl  : raw=0.989 [0.985,0.994] percell=0.987
  ba_nca_snl  common_with_soh  xgboost       H=30 -> oxford      : raw=1.000 [1.000,1.000] percell=1.000
  ba_nca_snl  common_with_soh  xgboost       H=30 -> severson    : raw=0.856 [0.831,0.888] percell=0.990
  ba_nca_snl  common_with_soh  xgboost       H=30 -> ba_nmc_hnei : raw=0.999 [0.999,1.000] percell=1.000
  ba_nca_snl  common_with_soh  xgboost       H=30 -> ba_nmc_snl  : raw=0.886 [0.763,0.993] percell=0.987
  ba_nca_snl  common_with_soh  xgboost       H=50 -> oxford      : raw=1.000 [1.000,1.000] percell=1.000
  ba_nca_snl  common_with_soh  xgboost       H=50 -> severson    : raw=0.830 [0.801,0.860] percell=0.984
  ba_nca_snl  common_with_soh  xgboost       H=50 -> ba_nmc_hnei : raw=0.999 [0.998,0.999] percell=0.999
  ba_nca_snl  common_with_soh  xgboost       H=50 -> ba_nmc_snl  : raw=0.863 [0.741,0.988] percell=0.984
/home/touhid/.local/lib/python3.14/site-packages/sklearn/utils/validation.py:2827: UserWarning: X does not have valid feature names, but LGBMClassifier was fitted with feature names
  warnings.warn(
/home/touhid/.local/lib/python3.14/site-packages/sklearn/utils/validation.py:2827: UserWarning: X does not have valid feature names, but LGBMClassifier was fitted with feature names
  warnings.warn(
/home/touhid/.local/lib/python3.14/site-packages/sklearn/utils/validation.py:2827: UserWarning: X does not have valid feature names, but LGBMClassifier was fitted with feature names
  warnings.warn(
/home/touhid/.local/lib/python3.14/site-packages/sklearn/utils/validation.py:2827: UserWarning: X does not have valid feature names, but LGBMClassifier was fitted with feature names
  warnings.warn(
/home/touhid/.local/lib/python3.14/site-packages/sklearn/utils/validation.py:2827: UserWarning: X does not have valid feature names, but LGBMClassifier was fitted with feature names
  warnings.warn(
/home/touhid/.local/lib/python3.14/site-packages/sklearn/utils/validation.py:2827: UserWarning: X does not have valid feature names, but LGBMClassifier was fitted with feature names
  warnings.warn(
/home/touhid/.local/lib/python3.14/site-packages/sklearn/utils/validation.py:2827: UserWarning: X does not have valid feature names, but LGBMClassifier was fitted with feature names
  warnings.warn(
/home/touhid/.local/lib/python3.14/site-packages/sklearn/utils/validation.py:2827: UserWarning: X does not have valid feature names, but LGBMClassifier was fitted with feature names
  warnings.warn(
  ba_nca_snl  common_with_soh  lightgbm      H=10 -> oxford      : raw=1.000 [1.000,1.000] percell=1.000
  ba_nca_snl  common_with_soh  lightgbm      H=10 -> severson    : raw=0.895 [0.863,0.942] percell=0.986
  ba_nca_snl  common_with_soh  lightgbm      H=10 -> ba_nmc_hnei : raw=1.000 [0.999,1.000] percell=1.000
  ba_nca_snl  common_with_soh  lightgbm      H=10 -> ba_nmc_snl  : raw=0.924 [0.795,1.000] percell=0.989
/home/touhid/.local/lib/python3.14/site-packages/sklearn/utils/validation.py:2827: UserWarning: X does not have valid feature names, but LGBMClassifier was fitted with feature names
  warnings.warn(
/home/touhid/.local/lib/python3.14/site-packages/sklearn/utils/validation.py:2827: UserWarning: X does not have valid feature names, but LGBMClassifier was fitted with feature names
  warnings.warn(
/home/touhid/.local/lib/python3.14/site-packages/sklearn/utils/validation.py:2827: UserWarning: X does not have valid feature names, but LGBMClassifier was fitted with feature names
  warnings.warn(
/home/touhid/.local/lib/python3.14/site-packages/sklearn/utils/validation.py:2827: UserWarning: X does not have valid feature names, but LGBMClassifier was fitted with feature names
  warnings.warn(
/home/touhid/.local/lib/python3.14/site-packages/sklearn/utils/validation.py:2827: UserWarning: X does not have valid feature names, but LGBMClassifier was fitted with feature names
  warnings.warn(
/home/touhid/.local/lib/python3.14/site-packages/sklearn/utils/validation.py:2827: UserWarning: X does not have valid feature names, but LGBMClassifier was fitted with feature names
  warnings.warn(
/home/touhid/.local/lib/python3.14/site-packages/sklearn/utils/validation.py:2827: UserWarning: X does not have valid feature names, but LGBMClassifier was fitted with feature names
  warnings.warn(
/home/touhid/.local/lib/python3.14/site-packages/sklearn/utils/validation.py:2827: UserWarning: X does not have valid feature names, but LGBMClassifier was fitted with feature names
  warnings.warn(
/home/touhid/.local/lib/python3.14/site-packages/sklearn/utils/validation.py:2827: UserWarning: X does not have valid feature names, but LGBMClassifier was fitted with feature names
  warnings.warn(
  ba_nca_snl  common_with_soh  lightgbm      H=20 -> oxford      : raw=1.000 [1.000,1.000] percell=1.000
  ba_nca_snl  common_with_soh  lightgbm      H=20 -> severson    : raw=0.879 [0.850,0.924] percell=0.995
  ba_nca_snl  common_with_soh  lightgbm      H=20 -> ba_nmc_hnei : raw=0.999 [0.999,1.000] percell=1.000
  ba_nca_snl  common_with_soh  lightgbm      H=20 -> ba_nmc_snl  : raw=0.914 [0.790,0.999] percell=0.990
  ba_nca_snl  common_with_soh  lightgbm      H=20 -> ba_lfp_snl  : raw=0.991 [0.988,0.995] percell=0.987
/home/touhid/.local/lib/python3.14/site-packages/sklearn/utils/validation.py:2827: UserWarning: X does not have valid feature names, but LGBMClassifier was fitted with feature names
  warnings.warn(
/home/touhid/.local/lib/python3.14/site-packages/sklearn/utils/validation.py:2827: UserWarning: X does not have valid feature names, but LGBMClassifier was fitted with feature names
  warnings.warn(
/home/touhid/.local/lib/python3.14/site-packages/sklearn/utils/validation.py:2827: UserWarning: X does not have valid feature names, but LGBMClassifier was fitted with feature names
  warnings.warn(
/home/touhid/.local/lib/python3.14/site-packages/sklearn/utils/validation.py:2827: UserWarning: X does not have valid feature names, but LGBMClassifier was fitted with feature names
  warnings.warn(
/home/touhid/.local/lib/python3.14/site-packages/sklearn/utils/validation.py:2827: UserWarning: X does not have valid feature names, but LGBMClassifier was fitted with feature names
  warnings.warn(
/home/touhid/.local/lib/python3.14/site-packages/sklearn/utils/validation.py:2827: UserWarning: X does not have valid feature names, but LGBMClassifier was fitted with feature names
  warnings.warn(
/home/touhid/.local/lib/python3.14/site-packages/sklearn/utils/validation.py:2827: UserWarning: X does not have valid feature names, but LGBMClassifier was fitted with feature names
  warnings.warn(
/home/touhid/.local/lib/python3.14/site-packages/sklearn/utils/validation.py:2827: UserWarning: X does not have valid feature names, but LGBMClassifier was fitted with feature names
  warnings.warn(
  ba_nca_snl  common_with_soh  lightgbm      H=30 -> oxford      : raw=1.000 [1.000,1.000] percell=1.000
  ba_nca_snl  common_with_soh  lightgbm      H=30 -> severson    : raw=0.872 [0.842,0.912] percell=0.996
  ba_nca_snl  common_with_soh  lightgbm      H=30 -> ba_nmc_hnei : raw=0.999 [0.999,0.999] percell=0.999
  ba_nca_snl  common_with_soh  lightgbm      H=30 -> ba_nmc_snl  : raw=0.905 [0.777,0.995] percell=0.990
/home/touhid/.local/lib/python3.14/site-packages/sklearn/utils/validation.py:2827: UserWarning: X does not have valid feature names, but LGBMClassifier was fitted with feature names
  warnings.warn(
/home/touhid/.local/lib/python3.14/site-packages/sklearn/utils/validation.py:2827: UserWarning: X does not have valid feature names, but LGBMClassifier was fitted with feature names
  warnings.warn(
/home/touhid/.local/lib/python3.14/site-packages/sklearn/utils/validation.py:2827: UserWarning: X does not have valid feature names, but LGBMClassifier was fitted with feature names
  warnings.warn(
/home/touhid/.local/lib/python3.14/site-packages/sklearn/utils/validation.py:2827: UserWarning: X does not have valid feature names, but LGBMClassifier was fitted with feature names
  warnings.warn(
/home/touhid/.local/lib/python3.14/site-packages/sklearn/utils/validation.py:2827: UserWarning: X does not have valid feature names, but LGBMClassifier was fitted with feature names
  warnings.warn(
/home/touhid/.local/lib/python3.14/site-packages/sklearn/utils/validation.py:2827: UserWarning: X does not have valid feature names, but LGBMClassifier was fitted with feature names
  warnings.warn(
/home/touhid/.local/lib/python3.14/site-packages/sklearn/utils/validation.py:2827: UserWarning: X does not have valid feature names, but LGBMClassifier was fitted with feature names
  warnings.warn(
/home/touhid/.local/lib/python3.14/site-packages/sklearn/utils/validation.py:2827: UserWarning: X does not have valid feature names, but LGBMClassifier was fitted with feature names
  warnings.warn(
  ba_nca_snl  common_with_soh  lightgbm      H=50 -> oxford      : raw=1.000 [1.000,1.000] percell=1.000
  ba_nca_snl  common_with_soh  lightgbm      H=50 -> severson    : raw=0.804 [0.768,0.836] percell=0.976
  ba_nca_snl  common_with_soh  lightgbm      H=50 -> ba_nmc_hnei : raw=0.999 [0.998,0.999] percell=0.999
  ba_nca_snl  common_with_soh  lightgbm      H=50 -> ba_nmc_snl  : raw=0.873 [0.749,0.991] percell=0.996
  ba_nca_snl  common_with_soh  random_forest H=10 -> oxford      : raw=1.000 [1.000,1.000] percell=1.000
  ba_nca_snl  common_with_soh  random_forest H=10 -> severson    : raw=0.874 [0.802,0.975] percell=0.979
  ba_nca_snl  common_with_soh  random_forest H=10 -> ba_nmc_hnei : raw=0.999 [0.999,1.000] percell=1.000
  ba_nca_snl  common_with_soh  random_forest H=10 -> ba_nmc_snl  : raw=0.906 [0.770,1.000] percell=0.978
  ba_nca_snl  common_with_soh  random_forest H=20 -> oxford      : raw=1.000 [1.000,1.000] percell=1.000
  ba_nca_snl  common_with_soh  random_forest H=20 -> severson    : raw=0.836 [0.729,0.963] percell=0.950
  ba_nca_snl  common_with_soh  random_forest H=20 -> ba_nmc_hnei : raw=0.999 [0.999,1.000] percell=1.000
  ba_nca_snl  common_with_soh  random_forest H=20 -> ba_nmc_snl  : raw=0.905 [0.772,0.999] percell=0.988
  ba_nca_snl  common_with_soh  random_forest H=20 -> ba_lfp_snl  : raw=0.988 [0.983,0.994] percell=0.982
  ba_nca_snl  common_with_soh  random_forest H=30 -> oxford      : raw=1.000 [1.000,1.000] percell=1.000
  ba_nca_snl  common_with_soh  random_forest H=30 -> severson    : raw=0.805 [0.752,0.868] percell=0.962
  ba_nca_snl  common_with_soh  random_forest H=30 -> ba_nmc_hnei : raw=0.999 [0.999,1.000] percell=1.000
  ba_nca_snl  common_with_soh  random_forest H=30 -> ba_nmc_snl  : raw=0.902 [0.771,0.997] percell=0.994
  ba_nca_snl  common_with_soh  random_forest H=50 -> oxford      : raw=1.000 [1.000,1.000] percell=1.000
  ba_nca_snl  common_with_soh  random_forest H=50 -> severson    : raw=0.786 [0.765,0.810] percell=0.940
  ba_nca_snl  common_with_soh  random_forest H=50 -> ba_nmc_hnei : raw=0.999 [0.998,0.999] percell=0.999
  ba_nca_snl  common_with_soh  random_forest H=50 -> ba_nmc_snl  : raw=0.888 [0.753,0.995] percell=0.997
  ba_nca_snl  common_no_soh    xgboost       H=10 -> oxford      : raw=0.582 [0.574,0.590] percell=0.583
  ba_nca_snl  common_no_soh    xgboost       H=10 -> severson    : raw=0.739 [0.634,0.800] percell=0.972
  ba_nca_snl  common_no_soh    xgboost       H=10 -> ba_nmc_hnei : raw=0.997 [0.996,0.999] percell=1.000
  ba_nca_snl  common_no_soh    xgboost       H=10 -> ba_nmc_snl  : raw=0.745 [0.649,0.935] percell=0.910
  ba_nca_snl  common_no_soh    xgboost       H=20 -> oxford      : raw=0.582 [0.574,0.590] percell=0.583
  ba_nca_snl  common_no_soh    xgboost       H=20 -> severson    : raw=0.723 [0.628,0.786] percell=0.972
  ba_nca_snl  common_no_soh    xgboost       H=20 -> ba_nmc_hnei : raw=0.996 [0.994,0.997] percell=0.998
  ba_nca_snl  common_no_soh    xgboost       H=20 -> ba_nmc_snl  : raw=0.752 [0.656,0.941] percell=0.925
  ba_nca_snl  common_no_soh    xgboost       H=20 -> ba_lfp_snl  : raw=0.946 [0.916,0.979] percell=0.844
  ba_nca_snl  common_no_soh    xgboost       H=30 -> oxford      : raw=0.572 [0.565,0.578] percell=0.573
  ba_nca_snl  common_no_soh    xgboost       H=30 -> severson    : raw=0.710 [0.623,0.774] percell=0.973
  ba_nca_snl  common_no_soh    xgboost       H=30 -> ba_nmc_hnei : raw=0.994 [0.993,0.996] percell=0.997
  ba_nca_snl  common_no_soh    xgboost       H=30 -> ba_nmc_snl  : raw=0.760 [0.662,0.947] percell=0.937
  ba_nca_snl  common_no_soh    xgboost       H=50 -> oxford      : raw=0.572 [0.565,0.578] percell=0.573
  ba_nca_snl  common_no_soh    xgboost       H=50 -> severson    : raw=0.692 [0.611,0.757] percell=0.972
  ba_nca_snl  common_no_soh    xgboost       H=50 -> ba_nmc_hnei : raw=0.996 [0.993,0.999] percell=0.999
  ba_nca_snl  common_no_soh    xgboost       H=50 -> ba_nmc_snl  : raw=0.742 [0.653,0.932] percell=0.946
/home/touhid/.local/lib/python3.14/site-packages/sklearn/utils/validation.py:2827: UserWarning: X does not have valid feature names, but LGBMClassifier was fitted with feature names
  warnings.warn(
/home/touhid/.local/lib/python3.14/site-packages/sklearn/utils/validation.py:2827: UserWarning: X does not have valid feature names, but LGBMClassifier was fitted with feature names
  warnings.warn(
/home/touhid/.local/lib/python3.14/site-packages/sklearn/utils/validation.py:2827: UserWarning: X does not have valid feature names, but LGBMClassifier was fitted with feature names
  warnings.warn(
/home/touhid/.local/lib/python3.14/site-packages/sklearn/utils/validation.py:2827: UserWarning: X does not have valid feature names, but LGBMClassifier was fitted with feature names
  warnings.warn(
/home/touhid/.local/lib/python3.14/site-packages/sklearn/utils/validation.py:2827: UserWarning: X does not have valid feature names, but LGBMClassifier was fitted with feature names
  warnings.warn(
/home/touhid/.local/lib/python3.14/site-packages/sklearn/utils/validation.py:2827: UserWarning: X does not have valid feature names, but LGBMClassifier was fitted with feature names
  warnings.warn(
/home/touhid/.local/lib/python3.14/site-packages/sklearn/utils/validation.py:2827: UserWarning: X does not have valid feature names, but LGBMClassifier was fitted with feature names
  warnings.warn(
/home/touhid/.local/lib/python3.14/site-packages/sklearn/utils/validation.py:2827: UserWarning: X does not have valid feature names, but LGBMClassifier was fitted with feature names
  warnings.warn(
  ba_nca_snl  common_no_soh    lightgbm      H=10 -> oxford      : raw=0.582 [0.574,0.590] percell=0.583
  ba_nca_snl  common_no_soh    lightgbm      H=10 -> severson    : raw=0.762 [0.685,0.805] percell=0.941
  ba_nca_snl  common_no_soh    lightgbm      H=10 -> ba_nmc_hnei : raw=0.993 [0.992,0.995] percell=0.997
  ba_nca_snl  common_no_soh    lightgbm      H=10 -> ba_nmc_snl  : raw=0.777 [0.684,0.926] percell=0.912
/home/touhid/.local/lib/python3.14/site-packages/sklearn/utils/validation.py:2827: UserWarning: X does not have valid feature names, but LGBMClassifier was fitted with feature names
  warnings.warn(
/home/touhid/.local/lib/python3.14/site-packages/sklearn/utils/validation.py:2827: UserWarning: X does not have valid feature names, but LGBMClassifier was fitted with feature names
  warnings.warn(
/home/touhid/.local/lib/python3.14/site-packages/sklearn/utils/validation.py:2827: UserWarning: X does not have valid feature names, but LGBMClassifier was fitted with feature names
  warnings.warn(
/home/touhid/.local/lib/python3.14/site-packages/sklearn/utils/validation.py:2827: UserWarning: X does not have valid feature names, but LGBMClassifier was fitted with feature names
  warnings.warn(
/home/touhid/.local/lib/python3.14/site-packages/sklearn/utils/validation.py:2827: UserWarning: X does not have valid feature names, but LGBMClassifier was fitted with feature names
  warnings.warn(
/home/touhid/.local/lib/python3.14/site-packages/sklearn/utils/validation.py:2827: UserWarning: X does not have valid feature names, but LGBMClassifier was fitted with feature names
  warnings.warn(
/home/touhid/.local/lib/python3.14/site-packages/sklearn/utils/validation.py:2827: UserWarning: X does not have valid feature names, but LGBMClassifier was fitted with feature names
  warnings.warn(
/home/touhid/.local/lib/python3.14/site-packages/sklearn/utils/validation.py:2827: UserWarning: X does not have valid feature names, but LGBMClassifier was fitted with feature names
  warnings.warn(
/home/touhid/.local/lib/python3.14/site-packages/sklearn/utils/validation.py:2827: UserWarning: X does not have valid feature names, but LGBMClassifier was fitted with feature names
  warnings.warn(
  ba_nca_snl  common_no_soh    lightgbm      H=20 -> oxford      : raw=0.582 [0.574,0.590] percell=0.583
  ba_nca_snl  common_no_soh    lightgbm      H=20 -> severson    : raw=0.753 [0.670,0.806] percell=0.933
  ba_nca_snl  common_no_soh    lightgbm      H=20 -> ba_nmc_hnei : raw=0.983 [0.979,0.988] percell=0.986
  ba_nca_snl  common_no_soh    lightgbm      H=20 -> ba_nmc_snl  : raw=0.789 [0.691,0.931] percell=0.905
  ba_nca_snl  common_no_soh    lightgbm      H=20 -> ba_lfp_snl  : raw=0.945 [0.909,0.982] percell=0.832
/home/touhid/.local/lib/python3.14/site-packages/sklearn/utils/validation.py:2827: UserWarning: X does not have valid feature names, but LGBMClassifier was fitted with feature names
  warnings.warn(
/home/touhid/.local/lib/python3.14/site-packages/sklearn/utils/validation.py:2827: UserWarning: X does not have valid feature names, but LGBMClassifier was fitted with feature names
  warnings.warn(
/home/touhid/.local/lib/python3.14/site-packages/sklearn/utils/validation.py:2827: UserWarning: X does not have valid feature names, but LGBMClassifier was fitted with feature names
  warnings.warn(
/home/touhid/.local/lib/python3.14/site-packages/sklearn/utils/validation.py:2827: UserWarning: X does not have valid feature names, but LGBMClassifier was fitted with feature names
  warnings.warn(
/home/touhid/.local/lib/python3.14/site-packages/sklearn/utils/validation.py:2827: UserWarning: X does not have valid feature names, but LGBMClassifier was fitted with feature names
  warnings.warn(
/home/touhid/.local/lib/python3.14/site-packages/sklearn/utils/validation.py:2827: UserWarning: X does not have valid feature names, but LGBMClassifier was fitted with feature names
  warnings.warn(
/home/touhid/.local/lib/python3.14/site-packages/sklearn/utils/validation.py:2827: UserWarning: X does not have valid feature names, but LGBMClassifier was fitted with feature names
  warnings.warn(
/home/touhid/.local/lib/python3.14/site-packages/sklearn/utils/validation.py:2827: UserWarning: X does not have valid feature names, but LGBMClassifier was fitted with feature names
  warnings.warn(
  ba_nca_snl  common_no_soh    lightgbm      H=30 -> oxford      : raw=0.582 [0.574,0.590] percell=0.583
  ba_nca_snl  common_no_soh    lightgbm      H=30 -> severson    : raw=0.723 [0.646,0.773] percell=0.923
  ba_nca_snl  common_no_soh    lightgbm      H=30 -> ba_nmc_hnei : raw=0.989 [0.988,0.991] percell=0.992
  ba_nca_snl  common_no_soh    lightgbm      H=30 -> ba_nmc_snl  : raw=0.757 [0.665,0.888] percell=0.851
/home/touhid/.local/lib/python3.14/site-packages/sklearn/utils/validation.py:2827: UserWarning: X does not have valid feature names, but LGBMClassifier was fitted with feature names
  warnings.warn(
/home/touhid/.local/lib/python3.14/site-packages/sklearn/utils/validation.py:2827: UserWarning: X does not have valid feature names, but LGBMClassifier was fitted with feature names
  warnings.warn(
/home/touhid/.local/lib/python3.14/site-packages/sklearn/utils/validation.py:2827: UserWarning: X does not have valid feature names, but LGBMClassifier was fitted with feature names
  warnings.warn(
/home/touhid/.local/lib/python3.14/site-packages/sklearn/utils/validation.py:2827: UserWarning: X does not have valid feature names, but LGBMClassifier was fitted with feature names
  warnings.warn(
/home/touhid/.local/lib/python3.14/site-packages/sklearn/utils/validation.py:2827: UserWarning: X does not have valid feature names, but LGBMClassifier was fitted with feature names
  warnings.warn(
/home/touhid/.local/lib/python3.14/site-packages/sklearn/utils/validation.py:2827: UserWarning: X does not have valid feature names, but LGBMClassifier was fitted with feature names
  warnings.warn(
/home/touhid/.local/lib/python3.14/site-packages/sklearn/utils/validation.py:2827: UserWarning: X does not have valid feature names, but LGBMClassifier was fitted with feature names
  warnings.warn(
/home/touhid/.local/lib/python3.14/site-packages/sklearn/utils/validation.py:2827: UserWarning: X does not have valid feature names, but LGBMClassifier was fitted with feature names
  warnings.warn(
  ba_nca_snl  common_no_soh    lightgbm      H=50 -> oxford      : raw=0.582 [0.574,0.590] percell=0.583
  ba_nca_snl  common_no_soh    lightgbm      H=50 -> severson    : raw=0.654 [0.554,0.740] percell=0.904
  ba_nca_snl  common_no_soh    lightgbm      H=50 -> ba_nmc_hnei : raw=0.988 [0.985,0.991] percell=0.990
  ba_nca_snl  common_no_soh    lightgbm      H=50 -> ba_nmc_snl  : raw=0.754 [0.628,0.901] percell=0.863
  ba_nca_snl  common_no_soh    random_forest H=10 -> oxford      : raw=0.582 [0.574,0.590] percell=0.583
  ba_nca_snl  common_no_soh    random_forest H=10 -> severson    : raw=0.733 [0.625,0.796] percell=0.957
  ba_nca_snl  common_no_soh    random_forest H=10 -> ba_nmc_hnei : raw=0.997 [0.996,0.999] percell=1.000
  ba_nca_snl  common_no_soh    random_forest H=10 -> ba_nmc_snl  : raw=0.653 [0.543,0.822] percell=0.762
  ba_nca_snl  common_no_soh    random_forest H=20 -> oxford      : raw=0.541 [0.537,0.545] percell=0.541
  ba_nca_snl  common_no_soh    random_forest H=20 -> severson    : raw=0.716 [0.615,0.784] percell=0.952
  ba_nca_snl  common_no_soh    random_forest H=20 -> ba_nmc_hnei : raw=0.997 [0.995,0.999] percell=1.000
  ba_nca_snl  common_no_soh    random_forest H=20 -> ba_nmc_snl  : raw=0.670 [0.560,0.859] percell=0.784
  ba_nca_snl  common_no_soh    random_forest H=20 -> ba_lfp_snl  : raw=0.866 [0.768,0.963] percell=0.695
  ba_nca_snl  common_no_soh    random_forest H=30 -> oxford      : raw=0.582 [0.574,0.590] percell=0.583
  ba_nca_snl  common_no_soh    random_forest H=30 -> severson    : raw=0.702 [0.611,0.769] percell=0.952
  ba_nca_snl  common_no_soh    random_forest H=30 -> ba_nmc_hnei : raw=0.997 [0.995,0.999] percell=1.000
  ba_nca_snl  common_no_soh    random_forest H=30 -> ba_nmc_snl  : raw=0.672 [0.575,0.831] percell=0.805
  ba_nca_snl  common_no_soh    random_forest H=50 -> oxford      : raw=0.572 [0.565,0.578] percell=0.573
  ba_nca_snl  common_no_soh    random_forest H=50 -> severson    : raw=0.677 [0.594,0.746] percell=0.967
  ba_nca_snl  common_no_soh    random_forest H=50 -> ba_nmc_hnei : raw=0.996 [0.994,0.998] percell=0.999
  ba_nca_snl  common_no_soh    random_forest H=50 -> ba_nmc_snl  : raw=0.669 [0.576,0.841] percell=0.821
  ba_nmc_hnei with_soh         xgboost       H=10 -> oxford      : raw=1.000 [1.000,1.000] percell=1.000
  ba_nmc_hnei with_soh         xgboost       H=10 -> severson    : raw=0.888 [0.805,1.000] percell=0.995
  ba_nmc_hnei with_soh         xgboost       H=10 -> ba_nca_snl  : raw=0.984 [0.966,0.996] percell=0.995
  ba_nmc_hnei with_soh         xgboost       H=10 -> ba_nmc_snl  : raw=0.869 [0.703,1.000] percell=0.945
  ba_nmc_hnei with_soh         xgboost       H=20 -> oxford      : raw=0.996 [0.991,1.000] percell=0.996
  ba_nmc_hnei with_soh         xgboost       H=20 -> severson    : raw=0.896 [0.821,0.985] percell=0.992
  ba_nmc_hnei with_soh         xgboost       H=20 -> ba_nca_snl  : raw=0.985 [0.969,0.996] percell=0.997
  ba_nmc_hnei with_soh         xgboost       H=20 -> ba_nmc_snl  : raw=0.868 [0.703,1.000] percell=0.950
  ba_nmc_hnei with_soh         xgboost       H=20 -> ba_lfp_snl  : raw=0.998 [0.996,0.999] percell=0.997
  ba_nmc_hnei with_soh         xgboost       H=30 -> oxford      : raw=0.990 [0.982,0.998] percell=0.990
  ba_nmc_hnei with_soh         xgboost       H=30 -> severson    : raw=0.881 [0.810,0.958] percell=0.982
  ba_nmc_hnei with_soh         xgboost       H=30 -> ba_nca_snl  : raw=0.982 [0.966,0.994] percell=0.996
  ba_nmc_hnei with_soh         xgboost       H=30 -> ba_nmc_snl  : raw=0.862 [0.679,0.999] percell=0.955
  ba_nmc_hnei with_soh         xgboost       H=50 -> oxford      : raw=0.963 [0.940,0.987] percell=0.965
  ba_nmc_hnei with_soh         xgboost       H=50 -> severson    : raw=0.859 [0.802,0.918] percell=0.967
  ba_nmc_hnei with_soh         xgboost       H=50 -> ba_nca_snl  : raw=0.975 [0.961,0.988] percell=0.989
  ba_nmc_hnei with_soh         xgboost       H=50 -> ba_nmc_snl  : raw=0.870 [0.710,0.998] percell=0.970
/home/touhid/.local/lib/python3.14/site-packages/sklearn/utils/validation.py:2827: UserWarning: X does not have valid feature names, but LGBMClassifier was fitted with feature names
  warnings.warn(
/home/touhid/.local/lib/python3.14/site-packages/sklearn/utils/validation.py:2827: UserWarning: X does not have valid feature names, but LGBMClassifier was fitted with feature names
  warnings.warn(
/home/touhid/.local/lib/python3.14/site-packages/sklearn/utils/validation.py:2827: UserWarning: X does not have valid feature names, but LGBMClassifier was fitted with feature names
  warnings.warn(
/home/touhid/.local/lib/python3.14/site-packages/sklearn/utils/validation.py:2827: UserWarning: X does not have valid feature names, but LGBMClassifier was fitted with feature names
  warnings.warn(
/home/touhid/.local/lib/python3.14/site-packages/sklearn/utils/validation.py:2827: UserWarning: X does not have valid feature names, but LGBMClassifier was fitted with feature names
  warnings.warn(
/home/touhid/.local/lib/python3.14/site-packages/sklearn/utils/validation.py:2827: UserWarning: X does not have valid feature names, but LGBMClassifier was fitted with feature names
  warnings.warn(
/home/touhid/.local/lib/python3.14/site-packages/sklearn/utils/validation.py:2827: UserWarning: X does not have valid feature names, but LGBMClassifier was fitted with feature names
  warnings.warn(
/home/touhid/.local/lib/python3.14/site-packages/sklearn/utils/validation.py:2827: UserWarning: X does not have valid feature names, but LGBMClassifier was fitted with feature names
  warnings.warn(
  ba_nmc_hnei with_soh         lightgbm      H=10 -> oxford      : raw=1.000 [1.000,1.000] percell=1.000
  ba_nmc_hnei with_soh         lightgbm      H=10 -> severson    : raw=0.887 [0.803,1.000] percell=0.994
  ba_nmc_hnei with_soh         lightgbm      H=10 -> ba_nca_snl  : raw=0.980 [0.960,0.994] percell=0.992
  ba_nmc_hnei with_soh         lightgbm      H=10 -> ba_nmc_snl  : raw=0.871 [0.711,1.000] percell=0.950
/home/touhid/.local/lib/python3.14/site-packages/sklearn/utils/validation.py:2827: UserWarning: X does not have valid feature names, but LGBMClassifier was fitted with feature names
  warnings.warn(
/home/touhid/.local/lib/python3.14/site-packages/sklearn/utils/validation.py:2827: UserWarning: X does not have valid feature names, but LGBMClassifier was fitted with feature names
  warnings.warn(
/home/touhid/.local/lib/python3.14/site-packages/sklearn/utils/validation.py:2827: UserWarning: X does not have valid feature names, but LGBMClassifier was fitted with feature names
  warnings.warn(
/home/touhid/.local/lib/python3.14/site-packages/sklearn/utils/validation.py:2827: UserWarning: X does not have valid feature names, but LGBMClassifier was fitted with feature names
  warnings.warn(
/home/touhid/.local/lib/python3.14/site-packages/sklearn/utils/validation.py:2827: UserWarning: X does not have valid feature names, but LGBMClassifier was fitted with feature names
  warnings.warn(
/home/touhid/.local/lib/python3.14/site-packages/sklearn/utils/validation.py:2827: UserWarning: X does not have valid feature names, but LGBMClassifier was fitted with feature names
  warnings.warn(
/home/touhid/.local/lib/python3.14/site-packages/sklearn/utils/validation.py:2827: UserWarning: X does not have valid feature names, but LGBMClassifier was fitted with feature names
  warnings.warn(
/home/touhid/.local/lib/python3.14/site-packages/sklearn/utils/validation.py:2827: UserWarning: X does not have valid feature names, but LGBMClassifier was fitted with feature names
  warnings.warn(
/home/touhid/.local/lib/python3.14/site-packages/sklearn/utils/validation.py:2827: UserWarning: X does not have valid feature names, but LGBMClassifier was fitted with feature names
  warnings.warn(
  ba_nmc_hnei with_soh         lightgbm      H=20 -> oxford      : raw=0.994 [0.984,1.000] percell=0.992
  ba_nmc_hnei with_soh         lightgbm      H=20 -> severson    : raw=0.888 [0.799,0.992] percell=0.987
  ba_nmc_hnei with_soh         lightgbm      H=20 -> ba_nca_snl  : raw=0.987 [0.976,0.995] percell=0.996
  ba_nmc_hnei with_soh         lightgbm      H=20 -> ba_nmc_snl  : raw=0.885 [0.744,1.000] percell=0.957
  ba_nmc_hnei with_soh         lightgbm      H=20 -> ba_lfp_snl  : raw=0.998 [0.997,0.999] percell=0.996
/home/touhid/.local/lib/python3.14/site-packages/sklearn/utils/validation.py:2827: UserWarning: X does not have valid feature names, but LGBMClassifier was fitted with feature names
  warnings.warn(
/home/touhid/.local/lib/python3.14/site-packages/sklearn/utils/validation.py:2827: UserWarning: X does not have valid feature names, but LGBMClassifier was fitted with feature names
  warnings.warn(
/home/touhid/.local/lib/python3.14/site-packages/sklearn/utils/validation.py:2827: UserWarning: X does not have valid feature names, but LGBMClassifier was fitted with feature names
  warnings.warn(
/home/touhid/.local/lib/python3.14/site-packages/sklearn/utils/validation.py:2827: UserWarning: X does not have valid feature names, but LGBMClassifier was fitted with feature names
  warnings.warn(
/home/touhid/.local/lib/python3.14/site-packages/sklearn/utils/validation.py:2827: UserWarning: X does not have valid feature names, but LGBMClassifier was fitted with feature names
  warnings.warn(
/home/touhid/.local/lib/python3.14/site-packages/sklearn/utils/validation.py:2827: UserWarning: X does not have valid feature names, but LGBMClassifier was fitted with feature names
  warnings.warn(
/home/touhid/.local/lib/python3.14/site-packages/sklearn/utils/validation.py:2827: UserWarning: X does not have valid feature names, but LGBMClassifier was fitted with feature names
  warnings.warn(
/home/touhid/.local/lib/python3.14/site-packages/sklearn/utils/validation.py:2827: UserWarning: X does not have valid feature names, but LGBMClassifier was fitted with feature names
  warnings.warn(
  ba_nmc_hnei with_soh         lightgbm      H=30 -> oxford      : raw=0.989 [0.979,0.998] percell=0.989
  ba_nmc_hnei with_soh         lightgbm      H=30 -> severson    : raw=0.868 [0.803,0.943] percell=0.976
  ba_nmc_hnei with_soh         lightgbm      H=30 -> ba_nca_snl  : raw=0.985 [0.971,0.995] percell=0.996
  ba_nmc_hnei with_soh         lightgbm      H=30 -> ba_nmc_snl  : raw=0.857 [0.659,0.999] percell=0.957
/home/touhid/.local/lib/python3.14/site-packages/sklearn/utils/validation.py:2827: UserWarning: X does not have valid feature names, but LGBMClassifier was fitted with feature names
  warnings.warn(
/home/touhid/.local/lib/python3.14/site-packages/sklearn/utils/validation.py:2827: UserWarning: X does not have valid feature names, but LGBMClassifier was fitted with feature names
  warnings.warn(
/home/touhid/.local/lib/python3.14/site-packages/sklearn/utils/validation.py:2827: UserWarning: X does not have valid feature names, but LGBMClassifier was fitted with feature names
  warnings.warn(
/home/touhid/.local/lib/python3.14/site-packages/sklearn/utils/validation.py:2827: UserWarning: X does not have valid feature names, but LGBMClassifier was fitted with feature names
  warnings.warn(
/home/touhid/.local/lib/python3.14/site-packages/sklearn/utils/validation.py:2827: UserWarning: X does not have valid feature names, but LGBMClassifier was fitted with feature names
  warnings.warn(
/home/touhid/.local/lib/python3.14/site-packages/sklearn/utils/validation.py:2827: UserWarning: X does not have valid feature names, but LGBMClassifier was fitted with feature names
  warnings.warn(
/home/touhid/.local/lib/python3.14/site-packages/sklearn/utils/validation.py:2827: UserWarning: X does not have valid feature names, but LGBMClassifier was fitted with feature names
  warnings.warn(
/home/touhid/.local/lib/python3.14/site-packages/sklearn/utils/validation.py:2827: UserWarning: X does not have valid feature names, but LGBMClassifier was fitted with feature names
  warnings.warn(
  ba_nmc_hnei with_soh         lightgbm      H=50 -> oxford      : raw=0.922 [0.877,0.975] percell=0.930
  ba_nmc_hnei with_soh         lightgbm      H=50 -> severson    : raw=0.819 [0.772,0.872] percell=0.946
  ba_nmc_hnei with_soh         lightgbm      H=50 -> ba_nca_snl  : raw=0.963 [0.941,0.984] percell=0.981
  ba_nmc_hnei with_soh         lightgbm      H=50 -> ba_nmc_snl  : raw=0.835 [0.584,0.998] percell=0.968
  ba_nmc_hnei with_soh         random_forest H=10 -> oxford      : raw=1.000 [1.000,1.000] percell=1.000
  ba_nmc_hnei with_soh         random_forest H=10 -> severson    : raw=0.890 [0.807,1.000] percell=0.995
  ba_nmc_hnei with_soh         random_forest H=10 -> ba_nca_snl  : raw=0.981 [0.963,0.995] percell=0.993
  ba_nmc_hnei with_soh         random_forest H=10 -> ba_nmc_snl  : raw=0.867 [0.699,1.000] percell=0.948
  ba_nmc_hnei with_soh         random_forest H=20 -> oxford      : raw=1.000 [0.999,1.000] percell=1.000
  ba_nmc_hnei with_soh         random_forest H=20 -> severson    : raw=0.881 [0.796,0.982] percell=0.982
  ba_nmc_hnei with_soh         random_forest H=20 -> ba_nca_snl  : raw=0.986 [0.969,0.998] percell=0.997
  ba_nmc_hnei with_soh         random_forest H=20 -> ba_nmc_snl  : raw=0.863 [0.681,1.000] percell=0.950
  ba_nmc_hnei with_soh         random_forest H=20 -> ba_lfp_snl  : raw=0.996 [0.991,0.999] percell=0.997
  ba_nmc_hnei with_soh         random_forest H=30 -> oxford      : raw=1.000 [0.999,1.000] percell=1.000
  ba_nmc_hnei with_soh         random_forest H=30 -> severson    : raw=0.875 [0.803,0.954] percell=0.976
  ba_nmc_hnei with_soh         random_forest H=30 -> ba_nca_snl  : raw=0.982 [0.963,0.995] percell=0.995
  ba_nmc_hnei with_soh         random_forest H=30 -> ba_nmc_snl  : raw=0.822 [0.538,0.999] percell=0.960
  ba_nmc_hnei with_soh         random_forest H=50 -> oxford      : raw=0.957 [0.931,0.987] percell=0.959
  ba_nmc_hnei with_soh         random_forest H=50 -> severson    : raw=0.858 [0.801,0.917] percell=0.967
  ba_nmc_hnei with_soh         random_forest H=50 -> ba_nca_snl  : raw=0.966 [0.944,0.986] percell=0.986
  ba_nmc_hnei with_soh         random_forest H=50 -> ba_nmc_snl  : raw=0.833 [0.566,0.997] percell=0.965
  ba_nmc_hnei no_soh           xgboost       H=10 -> oxford      : raw=0.541 [0.537,0.545] percell=0.541
  ba_nmc_hnei no_soh           xgboost       H=10 -> severson    : raw=0.730 [0.714,0.746] percell=0.880
  ba_nmc_hnei no_soh           xgboost       H=10 -> ba_nca_snl  : raw=0.897 [0.833,0.956] percell=0.954
  ba_nmc_hnei no_soh           xgboost       H=10 -> ba_nmc_snl  : raw=0.752 [0.610,0.890] percell=0.788
  ba_nmc_hnei no_soh           xgboost       H=20 -> oxford      : raw=0.541 [0.537,0.545] percell=0.541
  ba_nmc_hnei no_soh           xgboost       H=20 -> severson    : raw=0.729 [0.713,0.745] percell=0.888
  ba_nmc_hnei no_soh           xgboost       H=20 -> ba_nca_snl  : raw=0.902 [0.838,0.959] percell=0.959
  ba_nmc_hnei no_soh           xgboost       H=20 -> ba_nmc_snl  : raw=0.753 [0.631,0.886] percell=0.780
  ba_nmc_hnei no_soh           xgboost       H=20 -> ba_lfp_snl  : raw=0.493 [0.347,0.633] percell=0.324
  ba_nmc_hnei no_soh           xgboost       H=30 -> oxford      : raw=0.541 [0.537,0.545] percell=0.541
  ba_nmc_hnei no_soh           xgboost       H=30 -> severson    : raw=0.716 [0.701,0.732] percell=0.871
  ba_nmc_hnei no_soh           xgboost       H=30 -> ba_nca_snl  : raw=0.892 [0.832,0.951] percell=0.950
  ba_nmc_hnei no_soh           xgboost       H=30 -> ba_nmc_snl  : raw=0.770 [0.626,0.907] percell=0.798
  ba_nmc_hnei no_soh           xgboost       H=50 -> oxford      : raw=0.541 [0.537,0.545] percell=0.541
  ba_nmc_hnei no_soh           xgboost       H=50 -> severson    : raw=0.705 [0.691,0.720] percell=0.866
  ba_nmc_hnei no_soh           xgboost       H=50 -> ba_nca_snl  : raw=0.887 [0.827,0.948] percell=0.947
  ba_nmc_hnei no_soh           xgboost       H=50 -> ba_nmc_snl  : raw=0.770 [0.625,0.901] percell=0.828
/home/touhid/.local/lib/python3.14/site-packages/sklearn/utils/validation.py:2827: UserWarning: X does not have valid feature names, but LGBMClassifier was fitted with feature names
  warnings.warn(
/home/touhid/.local/lib/python3.14/site-packages/sklearn/utils/validation.py:2827: UserWarning: X does not have valid feature names, but LGBMClassifier was fitted with feature names
  warnings.warn(
/home/touhid/.local/lib/python3.14/site-packages/sklearn/utils/validation.py:2827: UserWarning: X does not have valid feature names, but LGBMClassifier was fitted with feature names
  warnings.warn(
/home/touhid/.local/lib/python3.14/site-packages/sklearn/utils/validation.py:2827: UserWarning: X does not have valid feature names, but LGBMClassifier was fitted with feature names
  warnings.warn(
/home/touhid/.local/lib/python3.14/site-packages/sklearn/utils/validation.py:2827: UserWarning: X does not have valid feature names, but LGBMClassifier was fitted with feature names
  warnings.warn(
/home/touhid/.local/lib/python3.14/site-packages/sklearn/utils/validation.py:2827: UserWarning: X does not have valid feature names, but LGBMClassifier was fitted with feature names
  warnings.warn(
/home/touhid/.local/lib/python3.14/site-packages/sklearn/utils/validation.py:2827: UserWarning: X does not have valid feature names, but LGBMClassifier was fitted with feature names
  warnings.warn(
/home/touhid/.local/lib/python3.14/site-packages/sklearn/utils/validation.py:2827: UserWarning: X does not have valid feature names, but LGBMClassifier was fitted with feature names
  warnings.warn(
  ba_nmc_hnei no_soh           lightgbm      H=10 -> oxford      : raw=0.531 [0.528,0.534] percell=0.531
  ba_nmc_hnei no_soh           lightgbm      H=10 -> severson    : raw=0.740 [0.707,0.801] percell=0.831
  ba_nmc_hnei no_soh           lightgbm      H=10 -> ba_nca_snl  : raw=0.906 [0.855,0.957] percell=0.945
  ba_nmc_hnei no_soh           lightgbm      H=10 -> ba_nmc_snl  : raw=0.753 [0.643,0.883] percell=0.792
/home/touhid/.local/lib/python3.14/site-packages/sklearn/utils/validation.py:2827: UserWarning: X does not have valid feature names, but LGBMClassifier was fitted with feature names
  warnings.warn(
/home/touhid/.local/lib/python3.14/site-packages/sklearn/utils/validation.py:2827: UserWarning: X does not have valid feature names, but LGBMClassifier was fitted with feature names
  warnings.warn(
/home/touhid/.local/lib/python3.14/site-packages/sklearn/utils/validation.py:2827: UserWarning: X does not have valid feature names, but LGBMClassifier was fitted with feature names
  warnings.warn(
/home/touhid/.local/lib/python3.14/site-packages/sklearn/utils/validation.py:2827: UserWarning: X does not have valid feature names, but LGBMClassifier was fitted with feature names
  warnings.warn(
/home/touhid/.local/lib/python3.14/site-packages/sklearn/utils/validation.py:2827: UserWarning: X does not have valid feature names, but LGBMClassifier was fitted with feature names
  warnings.warn(
/home/touhid/.local/lib/python3.14/site-packages/sklearn/utils/validation.py:2827: UserWarning: X does not have valid feature names, but LGBMClassifier was fitted with feature names
  warnings.warn(
/home/touhid/.local/lib/python3.14/site-packages/sklearn/utils/validation.py:2827: UserWarning: X does not have valid feature names, but LGBMClassifier was fitted with feature names
  warnings.warn(
/home/touhid/.local/lib/python3.14/site-packages/sklearn/utils/validation.py:2827: UserWarning: X does not have valid feature names, but LGBMClassifier was fitted with feature names
  warnings.warn(
/home/touhid/.local/lib/python3.14/site-packages/sklearn/utils/validation.py:2827: UserWarning: X does not have valid feature names, but LGBMClassifier was fitted with feature names
  warnings.warn(
  ba_nmc_hnei no_soh           lightgbm      H=20 -> oxford      : raw=0.531 [0.528,0.534] percell=0.531
  ba_nmc_hnei no_soh           lightgbm      H=20 -> severson    : raw=0.735 [0.710,0.770] percell=0.854
  ba_nmc_hnei no_soh           lightgbm      H=20 -> ba_nca_snl  : raw=0.912 [0.863,0.961] percell=0.955
  ba_nmc_hnei no_soh           lightgbm      H=20 -> ba_nmc_snl  : raw=0.766 [0.622,0.894] percell=0.790
  ba_nmc_hnei no_soh           lightgbm      H=20 -> ba_lfp_snl  : raw=0.718 [0.634,0.800] percell=0.550
/home/touhid/.local/lib/python3.14/site-packages/sklearn/utils/validation.py:2827: UserWarning: X does not have valid feature names, but LGBMClassifier was fitted with feature names
  warnings.warn(
/home/touhid/.local/lib/python3.14/site-packages/sklearn/utils/validation.py:2827: UserWarning: X does not have valid feature names, but LGBMClassifier was fitted with feature names
  warnings.warn(
/home/touhid/.local/lib/python3.14/site-packages/sklearn/utils/validation.py:2827: UserWarning: X does not have valid feature names, but LGBMClassifier was fitted with feature names
  warnings.warn(
/home/touhid/.local/lib/python3.14/site-packages/sklearn/utils/validation.py:2827: UserWarning: X does not have valid feature names, but LGBMClassifier was fitted with feature names
  warnings.warn(
/home/touhid/.local/lib/python3.14/site-packages/sklearn/utils/validation.py:2827: UserWarning: X does not have valid feature names, but LGBMClassifier was fitted with feature names
  warnings.warn(
/home/touhid/.local/lib/python3.14/site-packages/sklearn/utils/validation.py:2827: UserWarning: X does not have valid feature names, but LGBMClassifier was fitted with feature names
  warnings.warn(
/home/touhid/.local/lib/python3.14/site-packages/sklearn/utils/validation.py:2827: UserWarning: X does not have valid feature names, but LGBMClassifier was fitted with feature names
  warnings.warn(
/home/touhid/.local/lib/python3.14/site-packages/sklearn/utils/validation.py:2827: UserWarning: X does not have valid feature names, but LGBMClassifier was fitted with feature names
  warnings.warn(
  ba_nmc_hnei no_soh           lightgbm      H=30 -> oxford      : raw=0.531 [0.528,0.534] percell=0.531
  ba_nmc_hnei no_soh           lightgbm      H=30 -> severson    : raw=0.750 [0.702,0.818] percell=0.803
  ba_nmc_hnei no_soh           lightgbm      H=30 -> ba_nca_snl  : raw=0.891 [0.836,0.948] percell=0.929
  ba_nmc_hnei no_soh           lightgbm      H=30 -> ba_nmc_snl  : raw=0.760 [0.587,0.895] percell=0.787
/home/touhid/.local/lib/python3.14/site-packages/sklearn/utils/validation.py:2827: UserWarning: X does not have valid feature names, but LGBMClassifier was fitted with feature names
  warnings.warn(
/home/touhid/.local/lib/python3.14/site-packages/sklearn/utils/validation.py:2827: UserWarning: X does not have valid feature names, but LGBMClassifier was fitted with feature names
  warnings.warn(
/home/touhid/.local/lib/python3.14/site-packages/sklearn/utils/validation.py:2827: UserWarning: X does not have valid feature names, but LGBMClassifier was fitted with feature names
  warnings.warn(
/home/touhid/.local/lib/python3.14/site-packages/sklearn/utils/validation.py:2827: UserWarning: X does not have valid feature names, but LGBMClassifier was fitted with feature names
  warnings.warn(
/home/touhid/.local/lib/python3.14/site-packages/sklearn/utils/validation.py:2827: UserWarning: X does not have valid feature names, but LGBMClassifier was fitted with feature names
  warnings.warn(
/home/touhid/.local/lib/python3.14/site-packages/sklearn/utils/validation.py:2827: UserWarning: X does not have valid feature names, but LGBMClassifier was fitted with feature names
  warnings.warn(
/home/touhid/.local/lib/python3.14/site-packages/sklearn/utils/validation.py:2827: UserWarning: X does not have valid feature names, but LGBMClassifier was fitted with feature names
  warnings.warn(
/home/touhid/.local/lib/python3.14/site-packages/sklearn/utils/validation.py:2827: UserWarning: X does not have valid feature names, but LGBMClassifier was fitted with feature names
  warnings.warn(
  ba_nmc_hnei no_soh           lightgbm      H=50 -> oxford      : raw=0.531 [0.528,0.534] percell=0.531
  ba_nmc_hnei no_soh           lightgbm      H=50 -> severson    : raw=0.720 [0.684,0.770] percell=0.793
  ba_nmc_hnei no_soh           lightgbm      H=50 -> ba_nca_snl  : raw=0.873 [0.819,0.933] percell=0.911
  ba_nmc_hnei no_soh           lightgbm      H=50 -> ba_nmc_snl  : raw=0.700 [0.356,0.862] percell=0.777
  ba_nmc_hnei no_soh           random_forest H=10 -> oxford      : raw=0.541 [0.537,0.545] percell=0.541
  ba_nmc_hnei no_soh           random_forest H=10 -> severson    : raw=0.725 [0.709,0.741] percell=0.872
  ba_nmc_hnei no_soh           random_forest H=10 -> ba_nca_snl  : raw=0.856 [0.806,0.912] percell=0.929
  ba_nmc_hnei no_soh           random_forest H=10 -> ba_nmc_snl  : raw=0.777 [0.632,0.937] percell=0.847
  ba_nmc_hnei no_soh           random_forest H=20 -> oxford      : raw=0.541 [0.537,0.545] percell=0.541
  ba_nmc_hnei no_soh           random_forest H=20 -> severson    : raw=0.725 [0.710,0.741] percell=0.879
  ba_nmc_hnei no_soh           random_forest H=20 -> ba_nca_snl  : raw=0.863 [0.809,0.920] percell=0.937
  ba_nmc_hnei no_soh           random_forest H=20 -> ba_nmc_snl  : raw=0.752 [0.619,0.879] percell=0.778
  ba_nmc_hnei no_soh           random_forest H=20 -> ba_lfp_snl  : raw=0.161 [0.135,0.220] percell=0.248
  ba_nmc_hnei no_soh           random_forest H=30 -> oxford      : raw=0.541 [0.537,0.545] percell=0.541
  ba_nmc_hnei no_soh           random_forest H=30 -> severson    : raw=0.716 [0.701,0.731] percell=0.870
  ba_nmc_hnei no_soh           random_forest H=30 -> ba_nca_snl  : raw=0.851 [0.799,0.910] percell=0.928
  ba_nmc_hnei no_soh           random_forest H=30 -> ba_nmc_snl  : raw=0.788 [0.650,0.917] percell=0.863
  ba_nmc_hnei no_soh           random_forest H=50 -> oxford      : raw=0.541 [0.537,0.545] percell=0.541
  ba_nmc_hnei no_soh           random_forest H=50 -> severson    : raw=0.705 [0.691,0.720] percell=0.866
  ba_nmc_hnei no_soh           random_forest H=50 -> ba_nca_snl  : raw=0.830 [0.773,0.896] percell=0.907
  ba_nmc_hnei no_soh           random_forest H=50 -> ba_nmc_snl  : raw=0.770 [0.619,0.903] percell=0.830
  ba_nmc_hnei common_with_soh  xgboost       H=10 -> oxford      : raw=1.000 [1.000,1.000] percell=1.000
  ba_nmc_hnei common_with_soh  xgboost       H=10 -> severson    : raw=0.892 [0.811,1.000] percell=0.996
  ba_nmc_hnei common_with_soh  xgboost       H=10 -> ba_nca_snl  : raw=0.987 [0.973,0.997] percell=0.996
  ba_nmc_hnei common_with_soh  xgboost       H=10 -> ba_nmc_snl  : raw=0.873 [0.716,1.000] percell=0.950
  ba_nmc_hnei common_with_soh  xgboost       H=20 -> oxford      : raw=0.996 [0.991,1.000] percell=0.996
  ba_nmc_hnei common_with_soh  xgboost       H=20 -> severson    : raw=0.896 [0.821,0.985] percell=0.992
  ba_nmc_hnei common_with_soh  xgboost       H=20 -> ba_nca_snl  : raw=0.985 [0.971,0.995] percell=0.996
  ba_nmc_hnei common_with_soh  xgboost       H=20 -> ba_nmc_snl  : raw=0.870 [0.708,1.000] percell=0.953
  ba_nmc_hnei common_with_soh  xgboost       H=20 -> ba_lfp_snl  : raw=0.996 [0.994,0.998] percell=0.994
  ba_nmc_hnei common_with_soh  xgboost       H=30 -> oxford      : raw=0.990 [0.982,0.998] percell=0.990
  ba_nmc_hnei common_with_soh  xgboost       H=30 -> severson    : raw=0.871 [0.794,0.954] percell=0.972
  ba_nmc_hnei common_with_soh  xgboost       H=30 -> ba_nca_snl  : raw=0.986 [0.976,0.994] percell=0.995
  ba_nmc_hnei common_with_soh  xgboost       H=30 -> ba_nmc_snl  : raw=0.868 [0.700,0.999] percell=0.958
  ba_nmc_hnei common_with_soh  xgboost       H=50 -> oxford      : raw=0.963 [0.940,0.987] percell=0.965
  ba_nmc_hnei common_with_soh  xgboost       H=50 -> severson    : raw=0.859 [0.802,0.918] percell=0.967
  ba_nmc_hnei common_with_soh  xgboost       H=50 -> ba_nca_snl  : raw=0.974 [0.960,0.987] percell=0.989
  ba_nmc_hnei common_with_soh  xgboost       H=50 -> ba_nmc_snl  : raw=0.864 [0.706,0.998] percell=0.969
/home/touhid/.local/lib/python3.14/site-packages/sklearn/utils/validation.py:2827: UserWarning: X does not have valid feature names, but LGBMClassifier was fitted with feature names
  warnings.warn(
/home/touhid/.local/lib/python3.14/site-packages/sklearn/utils/validation.py:2827: UserWarning: X does not have valid feature names, but LGBMClassifier was fitted with feature names
  warnings.warn(
/home/touhid/.local/lib/python3.14/site-packages/sklearn/utils/validation.py:2827: UserWarning: X does not have valid feature names, but LGBMClassifier was fitted with feature names
  warnings.warn(
/home/touhid/.local/lib/python3.14/site-packages/sklearn/utils/validation.py:2827: UserWarning: X does not have valid feature names, but LGBMClassifier was fitted with feature names
  warnings.warn(
/home/touhid/.local/lib/python3.14/site-packages/sklearn/utils/validation.py:2827: UserWarning: X does not have valid feature names, but LGBMClassifier was fitted with feature names
  warnings.warn(
/home/touhid/.local/lib/python3.14/site-packages/sklearn/utils/validation.py:2827: UserWarning: X does not have valid feature names, but LGBMClassifier was fitted with feature names
  warnings.warn(
/home/touhid/.local/lib/python3.14/site-packages/sklearn/utils/validation.py:2827: UserWarning: X does not have valid feature names, but LGBMClassifier was fitted with feature names
  warnings.warn(
/home/touhid/.local/lib/python3.14/site-packages/sklearn/utils/validation.py:2827: UserWarning: X does not have valid feature names, but LGBMClassifier was fitted with feature names
  warnings.warn(
  ba_nmc_hnei common_with_soh  lightgbm      H=10 -> oxford      : raw=1.000 [1.000,1.000] percell=1.000
  ba_nmc_hnei common_with_soh  lightgbm      H=10 -> severson    : raw=0.889 [0.805,0.999] percell=0.994
  ba_nmc_hnei common_with_soh  lightgbm      H=10 -> ba_nca_snl  : raw=0.989 [0.977,0.996] percell=0.995
  ba_nmc_hnei common_with_soh  lightgbm      H=10 -> ba_nmc_snl  : raw=0.881 [0.731,1.000] percell=0.952
/home/touhid/.local/lib/python3.14/site-packages/sklearn/utils/validation.py:2827: UserWarning: X does not have valid feature names, but LGBMClassifier was fitted with feature names
  warnings.warn(
/home/touhid/.local/lib/python3.14/site-packages/sklearn/utils/validation.py:2827: UserWarning: X does not have valid feature names, but LGBMClassifier was fitted with feature names
  warnings.warn(
/home/touhid/.local/lib/python3.14/site-packages/sklearn/utils/validation.py:2827: UserWarning: X does not have valid feature names, but LGBMClassifier was fitted with feature names
  warnings.warn(
/home/touhid/.local/lib/python3.14/site-packages/sklearn/utils/validation.py:2827: UserWarning: X does not have valid feature names, but LGBMClassifier was fitted with feature names
  warnings.warn(
/home/touhid/.local/lib/python3.14/site-packages/sklearn/utils/validation.py:2827: UserWarning: X does not have valid feature names, but LGBMClassifier was fitted with feature names
  warnings.warn(
/home/touhid/.local/lib/python3.14/site-packages/sklearn/utils/validation.py:2827: UserWarning: X does not have valid feature names, but LGBMClassifier was fitted with feature names
  warnings.warn(
/home/touhid/.local/lib/python3.14/site-packages/sklearn/utils/validation.py:2827: UserWarning: X does not have valid feature names, but LGBMClassifier was fitted with feature names
  warnings.warn(
/home/touhid/.local/lib/python3.14/site-packages/sklearn/utils/validation.py:2827: UserWarning: X does not have valid feature names, but LGBMClassifier was fitted with feature names
  warnings.warn(
/home/touhid/.local/lib/python3.14/site-packages/sklearn/utils/validation.py:2827: UserWarning: X does not have valid feature names, but LGBMClassifier was fitted with feature names
  warnings.warn(
  ba_nmc_hnei common_with_soh  lightgbm      H=20 -> oxford      : raw=0.985 [0.972,1.000] percell=0.990
  ba_nmc_hnei common_with_soh  lightgbm      H=20 -> severson    : raw=0.870 [0.790,0.967] percell=0.979
  ba_nmc_hnei common_with_soh  lightgbm      H=20 -> ba_nca_snl  : raw=0.987 [0.975,0.994] percell=0.995
  ba_nmc_hnei common_with_soh  lightgbm      H=20 -> ba_nmc_snl  : raw=0.875 [0.718,1.000] percell=0.952
  ba_nmc_hnei common_with_soh  lightgbm      H=20 -> ba_lfp_snl  : raw=0.993 [0.992,0.996] percell=0.992
/home/touhid/.local/lib/python3.14/site-packages/sklearn/utils/validation.py:2827: UserWarning: X does not have valid feature names, but LGBMClassifier was fitted with feature names
  warnings.warn(
/home/touhid/.local/lib/python3.14/site-packages/sklearn/utils/validation.py:2827: UserWarning: X does not have valid feature names, but LGBMClassifier was fitted with feature names
  warnings.warn(
/home/touhid/.local/lib/python3.14/site-packages/sklearn/utils/validation.py:2827: UserWarning: X does not have valid feature names, but LGBMClassifier was fitted with feature names
  warnings.warn(
/home/touhid/.local/lib/python3.14/site-packages/sklearn/utils/validation.py:2827: UserWarning: X does not have valid feature names, but LGBMClassifier was fitted with feature names
  warnings.warn(
/home/touhid/.local/lib/python3.14/site-packages/sklearn/utils/validation.py:2827: UserWarning: X does not have valid feature names, but LGBMClassifier was fitted with feature names
  warnings.warn(
/home/touhid/.local/lib/python3.14/site-packages/sklearn/utils/validation.py:2827: UserWarning: X does not have valid feature names, but LGBMClassifier was fitted with feature names
  warnings.warn(
/home/touhid/.local/lib/python3.14/site-packages/sklearn/utils/validation.py:2827: UserWarning: X does not have valid feature names, but LGBMClassifier was fitted with feature names
  warnings.warn(
/home/touhid/.local/lib/python3.14/site-packages/sklearn/utils/validation.py:2827: UserWarning: X does not have valid feature names, but LGBMClassifier was fitted with feature names
  warnings.warn(
  ba_nmc_hnei common_with_soh  lightgbm      H=30 -> oxford      : raw=0.991 [0.982,0.998] percell=0.990
  ba_nmc_hnei common_with_soh  lightgbm      H=30 -> severson    : raw=0.849 [0.784,0.926] percell=0.965
  ba_nmc_hnei common_with_soh  lightgbm      H=30 -> ba_nca_snl  : raw=0.985 [0.973,0.994] percell=0.995
  ba_nmc_hnei common_with_soh  lightgbm      H=30 -> ba_nmc_snl  : raw=0.857 [0.649,0.999] percell=0.954
/home/touhid/.local/lib/python3.14/site-packages/sklearn/utils/validation.py:2827: UserWarning: X does not have valid feature names, but LGBMClassifier was fitted with feature names
  warnings.warn(
/home/touhid/.local/lib/python3.14/site-packages/sklearn/utils/validation.py:2827: UserWarning: X does not have valid feature names, but LGBMClassifier was fitted with feature names
  warnings.warn(
/home/touhid/.local/lib/python3.14/site-packages/sklearn/utils/validation.py:2827: UserWarning: X does not have valid feature names, but LGBMClassifier was fitted with feature names
  warnings.warn(
/home/touhid/.local/lib/python3.14/site-packages/sklearn/utils/validation.py:2827: UserWarning: X does not have valid feature names, but LGBMClassifier was fitted with feature names
  warnings.warn(
/home/touhid/.local/lib/python3.14/site-packages/sklearn/utils/validation.py:2827: UserWarning: X does not have valid feature names, but LGBMClassifier was fitted with feature names
  warnings.warn(
/home/touhid/.local/lib/python3.14/site-packages/sklearn/utils/validation.py:2827: UserWarning: X does not have valid feature names, but LGBMClassifier was fitted with feature names
  warnings.warn(
/home/touhid/.local/lib/python3.14/site-packages/sklearn/utils/validation.py:2827: UserWarning: X does not have valid feature names, but LGBMClassifier was fitted with feature names
  warnings.warn(
/home/touhid/.local/lib/python3.14/site-packages/sklearn/utils/validation.py:2827: UserWarning: X does not have valid feature names, but LGBMClassifier was fitted with feature names
  warnings.warn(
  ba_nmc_hnei common_with_soh  lightgbm      H=50 -> oxford      : raw=0.920 [0.872,0.974] percell=0.925
  ba_nmc_hnei common_with_soh  lightgbm      H=50 -> severson    : raw=0.832 [0.781,0.886] percell=0.951
  ba_nmc_hnei common_with_soh  lightgbm      H=50 -> ba_nca_snl  : raw=0.964 [0.943,0.984] percell=0.982
  ba_nmc_hnei common_with_soh  lightgbm      H=50 -> ba_nmc_snl  : raw=0.854 [0.666,0.999] percell=0.969
  ba_nmc_hnei common_with_soh  random_forest H=10 -> oxford      : raw=1.000 [1.000,1.000] percell=1.000
  ba_nmc_hnei common_with_soh  random_forest H=10 -> severson    : raw=0.863 [0.792,0.965] percell=0.977
  ba_nmc_hnei common_with_soh  random_forest H=10 -> ba_nca_snl  : raw=0.989 [0.977,0.997] percell=0.996
  ba_nmc_hnei common_with_soh  random_forest H=10 -> ba_nmc_snl  : raw=0.876 [0.714,1.000] percell=0.946
  ba_nmc_hnei common_with_soh  random_forest H=20 -> oxford      : raw=0.999 [0.997,1.000] percell=0.998
  ba_nmc_hnei common_with_soh  random_forest H=20 -> severson    : raw=0.882 [0.796,0.983] percell=0.984
  ba_nmc_hnei common_with_soh  random_forest H=20 -> ba_nca_snl  : raw=0.987 [0.976,0.994] percell=0.996
  ba_nmc_hnei common_with_soh  random_forest H=20 -> ba_nmc_snl  : raw=0.877 [0.719,1.000] percell=0.953
  ba_nmc_hnei common_with_soh  random_forest H=20 -> ba_lfp_snl  : raw=0.996 [0.994,0.998] percell=0.993
  ba_nmc_hnei common_with_soh  random_forest H=30 -> oxford      : raw=1.000 [0.999,1.000] percell=1.000
  ba_nmc_hnei common_with_soh  random_forest H=30 -> severson    : raw=0.874 [0.800,0.954] percell=0.975
  ba_nmc_hnei common_with_soh  random_forest H=30 -> ba_nca_snl  : raw=0.985 [0.975,0.993] percell=0.995
  ba_nmc_hnei common_with_soh  random_forest H=30 -> ba_nmc_snl  : raw=0.877 [0.720,0.999] percell=0.960
  ba_nmc_hnei common_with_soh  random_forest H=50 -> oxford      : raw=0.957 [0.931,0.987] percell=0.959
  ba_nmc_hnei common_with_soh  random_forest H=50 -> severson    : raw=0.720 [0.614,0.830] percell=0.765
  ba_nmc_hnei common_with_soh  random_forest H=50 -> ba_nca_snl  : raw=0.947 [0.928,0.968] percell=0.959
  ba_nmc_hnei common_with_soh  random_forest H=50 -> ba_nmc_snl  : raw=0.821 [0.527,0.987] percell=0.959
  ba_nmc_hnei common_no_soh    xgboost       H=10 -> oxford      : raw=0.541 [0.537,0.545] percell=0.541
  ba_nmc_hnei common_no_soh    xgboost       H=10 -> severson    : raw=0.730 [0.714,0.746] percell=0.880
  ba_nmc_hnei common_no_soh    xgboost       H=10 -> ba_nca_snl  : raw=0.913 [0.872,0.954] percell=0.954
  ba_nmc_hnei common_no_soh    xgboost       H=10 -> ba_nmc_snl  : raw=0.750 [0.656,0.891] percell=0.832
  ba_nmc_hnei common_no_soh    xgboost       H=20 -> oxford      : raw=0.541 [0.537,0.545] percell=0.541
  ba_nmc_hnei common_no_soh    xgboost       H=20 -> severson    : raw=0.729 [0.713,0.745] percell=0.887
  ba_nmc_hnei common_no_soh    xgboost       H=20 -> ba_nca_snl  : raw=0.917 [0.877,0.958] percell=0.959
  ba_nmc_hnei common_no_soh    xgboost       H=20 -> ba_nmc_snl  : raw=0.756 [0.665,0.893] percell=0.842
  ba_nmc_hnei common_no_soh    xgboost       H=20 -> ba_lfp_snl  : raw=0.554 [0.552,0.556] percell=0.555
  ba_nmc_hnei common_no_soh    xgboost       H=30 -> oxford      : raw=0.541 [0.537,0.545] percell=0.541
  ba_nmc_hnei common_no_soh    xgboost       H=30 -> severson    : raw=0.716 [0.701,0.732] percell=0.871
  ba_nmc_hnei common_no_soh    xgboost       H=30 -> ba_nca_snl  : raw=0.908 [0.866,0.950] percell=0.949
  ba_nmc_hnei common_no_soh    xgboost       H=30 -> ba_nmc_snl  : raw=0.760 [0.672,0.893] percell=0.848
  ba_nmc_hnei common_no_soh    xgboost       H=50 -> oxford      : raw=0.541 [0.537,0.545] percell=0.541
  ba_nmc_hnei common_no_soh    xgboost       H=50 -> severson    : raw=0.705 [0.691,0.720] percell=0.866
  ba_nmc_hnei common_no_soh    xgboost       H=50 -> ba_nca_snl  : raw=0.903 [0.860,0.948] percell=0.946
  ba_nmc_hnei common_no_soh    xgboost       H=50 -> ba_nmc_snl  : raw=0.762 [0.671,0.901] percell=0.866
/home/touhid/.local/lib/python3.14/site-packages/sklearn/utils/validation.py:2827: UserWarning: X does not have valid feature names, but LGBMClassifier was fitted with feature names
  warnings.warn(
/home/touhid/.local/lib/python3.14/site-packages/sklearn/utils/validation.py:2827: UserWarning: X does not have valid feature names, but LGBMClassifier was fitted with feature names
  warnings.warn(
/home/touhid/.local/lib/python3.14/site-packages/sklearn/utils/validation.py:2827: UserWarning: X does not have valid feature names, but LGBMClassifier was fitted with feature names
  warnings.warn(
/home/touhid/.local/lib/python3.14/site-packages/sklearn/utils/validation.py:2827: UserWarning: X does not have valid feature names, but LGBMClassifier was fitted with feature names
  warnings.warn(
/home/touhid/.local/lib/python3.14/site-packages/sklearn/utils/validation.py:2827: UserWarning: X does not have valid feature names, but LGBMClassifier was fitted with feature names
  warnings.warn(
/home/touhid/.local/lib/python3.14/site-packages/sklearn/utils/validation.py:2827: UserWarning: X does not have valid feature names, but LGBMClassifier was fitted with feature names
  warnings.warn(
/home/touhid/.local/lib/python3.14/site-packages/sklearn/utils/validation.py:2827: UserWarning: X does not have valid feature names, but LGBMClassifier was fitted with feature names
  warnings.warn(
/home/touhid/.local/lib/python3.14/site-packages/sklearn/utils/validation.py:2827: UserWarning: X does not have valid feature names, but LGBMClassifier was fitted with feature names
  warnings.warn(
  ba_nmc_hnei common_no_soh    lightgbm      H=10 -> oxford      : raw=0.360 [0.112,0.534] percell=0.354
  ba_nmc_hnei common_no_soh    lightgbm      H=10 -> severson    : raw=0.731 [0.715,0.747] percell=0.882
  ba_nmc_hnei common_no_soh    lightgbm      H=10 -> ba_nca_snl  : raw=0.912 [0.872,0.952] percell=0.953
  ba_nmc_hnei common_no_soh    lightgbm      H=10 -> ba_nmc_snl  : raw=0.712 [0.405,0.899] percell=0.787
/home/touhid/.local/lib/python3.14/site-packages/sklearn/utils/validation.py:2827: UserWarning: X does not have valid feature names, but LGBMClassifier was fitted with feature names
  warnings.warn(
/home/touhid/.local/lib/python3.14/site-packages/sklearn/utils/validation.py:2827: UserWarning: X does not have valid feature names, but LGBMClassifier was fitted with feature names
  warnings.warn(
/home/touhid/.local/lib/python3.14/site-packages/sklearn/utils/validation.py:2827: UserWarning: X does not have valid feature names, but LGBMClassifier was fitted with feature names
  warnings.warn(
/home/touhid/.local/lib/python3.14/site-packages/sklearn/utils/validation.py:2827: UserWarning: X does not have valid feature names, but LGBMClassifier was fitted with feature names
  warnings.warn(
/home/touhid/.local/lib/python3.14/site-packages/sklearn/utils/validation.py:2827: UserWarning: X does not have valid feature names, but LGBMClassifier was fitted with feature names
  warnings.warn(
/home/touhid/.local/lib/python3.14/site-packages/sklearn/utils/validation.py:2827: UserWarning: X does not have valid feature names, but LGBMClassifier was fitted with feature names
  warnings.warn(
/home/touhid/.local/lib/python3.14/site-packages/sklearn/utils/validation.py:2827: UserWarning: X does not have valid feature names, but LGBMClassifier was fitted with feature names
  warnings.warn(
/home/touhid/.local/lib/python3.14/site-packages/sklearn/utils/validation.py:2827: UserWarning: X does not have valid feature names, but LGBMClassifier was fitted with feature names
  warnings.warn(
/home/touhid/.local/lib/python3.14/site-packages/sklearn/utils/validation.py:2827: UserWarning: X does not have valid feature names, but LGBMClassifier was fitted with feature names
  warnings.warn(
  ba_nmc_hnei common_no_soh    lightgbm      H=20 -> oxford      : raw=0.520 [0.519,0.522] percell=0.521
  ba_nmc_hnei common_no_soh    lightgbm      H=20 -> severson    : raw=0.729 [0.713,0.746] percell=0.889
  ba_nmc_hnei common_no_soh    lightgbm      H=20 -> ba_nca_snl  : raw=0.917 [0.877,0.957] percell=0.959
  ba_nmc_hnei common_no_soh    lightgbm      H=20 -> ba_nmc_snl  : raw=0.722 [0.426,0.904] percell=0.794
  ba_nmc_hnei common_no_soh    lightgbm      H=20 -> ba_lfp_snl  : raw=0.554 [0.552,0.557] percell=0.555
/home/touhid/.local/lib/python3.14/site-packages/sklearn/utils/validation.py:2827: UserWarning: X does not have valid feature names, but LGBMClassifier was fitted with feature names
  warnings.warn(
/home/touhid/.local/lib/python3.14/site-packages/sklearn/utils/validation.py:2827: UserWarning: X does not have valid feature names, but LGBMClassifier was fitted with feature names
  warnings.warn(
/home/touhid/.local/lib/python3.14/site-packages/sklearn/utils/validation.py:2827: UserWarning: X does not have valid feature names, but LGBMClassifier was fitted with feature names
  warnings.warn(
/home/touhid/.local/lib/python3.14/site-packages/sklearn/utils/validation.py:2827: UserWarning: X does not have valid feature names, but LGBMClassifier was fitted with feature names
  warnings.warn(
/home/touhid/.local/lib/python3.14/site-packages/sklearn/utils/validation.py:2827: UserWarning: X does not have valid feature names, but LGBMClassifier was fitted with feature names
  warnings.warn(
/home/touhid/.local/lib/python3.14/site-packages/sklearn/utils/validation.py:2827: UserWarning: X does not have valid feature names, but LGBMClassifier was fitted with feature names
  warnings.warn(
/home/touhid/.local/lib/python3.14/site-packages/sklearn/utils/validation.py:2827: UserWarning: X does not have valid feature names, but LGBMClassifier was fitted with feature names
  warnings.warn(
/home/touhid/.local/lib/python3.14/site-packages/sklearn/utils/validation.py:2827: UserWarning: X does not have valid feature names, but LGBMClassifier was fitted with feature names
  warnings.warn(
  ba_nmc_hnei common_no_soh    lightgbm      H=30 -> oxford      : raw=0.339 [0.089,0.514] percell=0.334
  ba_nmc_hnei common_no_soh    lightgbm      H=30 -> severson    : raw=0.706 [0.692,0.721] percell=0.853
  ba_nmc_hnei common_no_soh    lightgbm      H=30 -> ba_nca_snl  : raw=0.895 [0.856,0.938] percell=0.934
  ba_nmc_hnei common_no_soh    lightgbm      H=30 -> ba_nmc_snl  : raw=0.724 [0.435,0.893] percell=0.825
/home/touhid/.local/lib/python3.14/site-packages/sklearn/utils/validation.py:2827: UserWarning: X does not have valid feature names, but LGBMClassifier was fitted with feature names
  warnings.warn(
/home/touhid/.local/lib/python3.14/site-packages/sklearn/utils/validation.py:2827: UserWarning: X does not have valid feature names, but LGBMClassifier was fitted with feature names
  warnings.warn(
/home/touhid/.local/lib/python3.14/site-packages/sklearn/utils/validation.py:2827: UserWarning: X does not have valid feature names, but LGBMClassifier was fitted with feature names
  warnings.warn(
/home/touhid/.local/lib/python3.14/site-packages/sklearn/utils/validation.py:2827: UserWarning: X does not have valid feature names, but LGBMClassifier was fitted with feature names
  warnings.warn(
/home/touhid/.local/lib/python3.14/site-packages/sklearn/utils/validation.py:2827: UserWarning: X does not have valid feature names, but LGBMClassifier was fitted with feature names
  warnings.warn(
/home/touhid/.local/lib/python3.14/site-packages/sklearn/utils/validation.py:2827: UserWarning: X does not have valid feature names, but LGBMClassifier was fitted with feature names
  warnings.warn(
/home/touhid/.local/lib/python3.14/site-packages/sklearn/utils/validation.py:2827: UserWarning: X does not have valid feature names, but LGBMClassifier was fitted with feature names
  warnings.warn(
/home/touhid/.local/lib/python3.14/site-packages/sklearn/utils/validation.py:2827: UserWarning: X does not have valid feature names, but LGBMClassifier was fitted with feature names
  warnings.warn(
  ba_nmc_hnei common_no_soh    lightgbm      H=50 -> oxford      : raw=0.541 [0.537,0.545] percell=0.541
  ba_nmc_hnei common_no_soh    lightgbm      H=50 -> severson    : raw=0.705 [0.691,0.720] percell=0.866
  ba_nmc_hnei common_no_soh    lightgbm      H=50 -> ba_nca_snl  : raw=0.883 [0.842,0.924] percell=0.928
  ba_nmc_hnei common_no_soh    lightgbm      H=50 -> ba_nmc_snl  : raw=0.682 [0.343,0.848] percell=0.734
  ba_nmc_hnei common_no_soh    random_forest H=10 -> oxford      : raw=0.541 [0.537,0.545] percell=0.541
  ba_nmc_hnei common_no_soh    random_forest H=10 -> severson    : raw=0.724 [0.709,0.740] percell=0.871
  ba_nmc_hnei common_no_soh    random_forest H=10 -> ba_nca_snl  : raw=0.910 [0.868,0.951] percell=0.949
  ba_nmc_hnei common_no_soh    random_forest H=10 -> ba_nmc_snl  : raw=0.762 [0.662,0.913] percell=0.845
  ba_nmc_hnei common_no_soh    random_forest H=20 -> oxford      : raw=0.541 [0.537,0.545] percell=0.541
  ba_nmc_hnei common_no_soh    random_forest H=20 -> severson    : raw=0.725 [0.709,0.740] percell=0.878
  ba_nmc_hnei common_no_soh    random_forest H=20 -> ba_nca_snl  : raw=0.913 [0.872,0.954] percell=0.954
  ba_nmc_hnei common_no_soh    random_forest H=20 -> ba_nmc_snl  : raw=0.764 [0.669,0.908] percell=0.842
  ba_nmc_hnei common_no_soh    random_forest H=20 -> ba_lfp_snl  : raw=0.553 [0.550,0.555] percell=0.554
  ba_nmc_hnei common_no_soh    random_forest H=30 -> oxford      : raw=0.541 [0.537,0.545] percell=0.541
  ba_nmc_hnei common_no_soh    random_forest H=30 -> severson    : raw=0.716 [0.701,0.731] percell=0.870
  ba_nmc_hnei common_no_soh    random_forest H=30 -> ba_nca_snl  : raw=0.908 [0.866,0.950] percell=0.949
  ba_nmc_hnei common_no_soh    random_forest H=30 -> ba_nmc_snl  : raw=0.795 [0.698,0.908] percell=0.845
  ba_nmc_hnei common_no_soh    random_forest H=50 -> oxford      : raw=0.541 [0.537,0.545] percell=0.541
  ba_nmc_hnei common_no_soh    random_forest H=50 -> severson    : raw=0.705 [0.691,0.720] percell=0.866
  ba_nmc_hnei common_no_soh    random_forest H=50 -> ba_nca_snl  : raw=0.905 [0.862,0.950] percell=0.947
  ba_nmc_hnei common_no_soh    random_forest H=50 -> ba_nmc_snl  : raw=0.783 [0.688,0.900] percell=0.864
  nmc_all     with_soh         xgboost       H=10 -> oxford      : raw=1.000 [1.000,1.000] percell=1.000
  nmc_all     with_soh         xgboost       H=10 -> severson    : raw=0.882 [0.846,0.935] percell=0.959
  nmc_all     with_soh         xgboost       H=10 -> ba_nca_snl  : raw=0.992 [0.981,0.998] percell=0.996
  nmc_all     with_soh         xgboost       H=20 -> oxford      : raw=0.996 [0.991,1.000] percell=0.996
  nmc_all     with_soh         xgboost       H=20 -> severson    : raw=0.845 [0.824,0.877] percell=0.925
  nmc_all     with_soh         xgboost       H=20 -> ba_nca_snl  : raw=0.992 [0.985,0.997] percell=0.997
  nmc_all     with_soh         xgboost       H=20 -> ba_lfp_snl  : raw=0.977 [0.954,0.997] percell=0.988
  nmc_all     with_soh         xgboost       H=30 -> oxford      : raw=0.990 [0.982,0.998] percell=0.990
  nmc_all     with_soh         xgboost       H=30 -> severson    : raw=0.822 [0.803,0.851] percell=0.906
  nmc_all     with_soh         xgboost       H=30 -> ba_nca_snl  : raw=0.990 [0.982,0.996] percell=0.996
  nmc_all     with_soh         xgboost       H=50 -> oxford      : raw=0.986 [0.976,0.996] percell=0.986
  nmc_all     with_soh         xgboost       H=50 -> severson    : raw=0.831 [0.795,0.875] percell=0.943
  nmc_all     with_soh         xgboost       H=50 -> ba_nca_snl  : raw=0.985 [0.976,0.992] percell=0.992
/home/touhid/.local/lib/python3.14/site-packages/sklearn/utils/validation.py:2827: UserWarning: X does not have valid feature names, but LGBMClassifier was fitted with feature names
  warnings.warn(
/home/touhid/.local/lib/python3.14/site-packages/sklearn/utils/validation.py:2827: UserWarning: X does not have valid feature names, but LGBMClassifier was fitted with feature names
  warnings.warn(
/home/touhid/.local/lib/python3.14/site-packages/sklearn/utils/validation.py:2827: UserWarning: X does not have valid feature names, but LGBMClassifier was fitted with feature names
  warnings.warn(
/home/touhid/.local/lib/python3.14/site-packages/sklearn/utils/validation.py:2827: UserWarning: X does not have valid feature names, but LGBMClassifier was fitted with feature names
  warnings.warn(
/home/touhid/.local/lib/python3.14/site-packages/sklearn/utils/validation.py:2827: UserWarning: X does not have valid feature names, but LGBMClassifier was fitted with feature names
  warnings.warn(
/home/touhid/.local/lib/python3.14/site-packages/sklearn/utils/validation.py:2827: UserWarning: X does not have valid feature names, but LGBMClassifier was fitted with feature names
  warnings.warn(
/home/touhid/.local/lib/python3.14/site-packages/sklearn/utils/validation.py:2827: UserWarning: X does not have valid feature names, but LGBMClassifier was fitted with feature names
  warnings.warn(
  nmc_all     with_soh         lightgbm      H=10 -> oxford      : raw=1.000 [1.000,1.000] percell=1.000
  nmc_all     with_soh         lightgbm      H=10 -> severson    : raw=0.864 [0.819,0.932] percell=0.953
  nmc_all     with_soh         lightgbm      H=10 -> ba_nca_snl  : raw=0.991 [0.981,0.998] percell=0.996
/home/touhid/.local/lib/python3.14/site-packages/sklearn/utils/validation.py:2827: UserWarning: X does not have valid feature names, but LGBMClassifier was fitted with feature names
  warnings.warn(
/home/touhid/.local/lib/python3.14/site-packages/sklearn/utils/validation.py:2827: UserWarning: X does not have valid feature names, but LGBMClassifier was fitted with feature names
  warnings.warn(
/home/touhid/.local/lib/python3.14/site-packages/sklearn/utils/validation.py:2827: UserWarning: X does not have valid feature names, but LGBMClassifier was fitted with feature names
  warnings.warn(
/home/touhid/.local/lib/python3.14/site-packages/sklearn/utils/validation.py:2827: UserWarning: X does not have valid feature names, but LGBMClassifier was fitted with feature names
  warnings.warn(
/home/touhid/.local/lib/python3.14/site-packages/sklearn/utils/validation.py:2827: UserWarning: X does not have valid feature names, but LGBMClassifier was fitted with feature names
  warnings.warn(
/home/touhid/.local/lib/python3.14/site-packages/sklearn/utils/validation.py:2827: UserWarning: X does not have valid feature names, but LGBMClassifier was fitted with feature names
  warnings.warn(
/home/touhid/.local/lib/python3.14/site-packages/sklearn/utils/validation.py:2827: UserWarning: X does not have valid feature names, but LGBMClassifier was fitted with feature names
  warnings.warn(
/home/touhid/.local/lib/python3.14/site-packages/sklearn/utils/validation.py:2827: UserWarning: X does not have valid feature names, but LGBMClassifier was fitted with feature names
  warnings.warn(
  nmc_all     with_soh         lightgbm      H=20 -> oxford      : raw=0.993 [0.987,1.000] percell=0.995
  nmc_all     with_soh         lightgbm      H=20 -> severson    : raw=0.849 [0.830,0.880] percell=0.937
  nmc_all     with_soh         lightgbm      H=20 -> ba_nca_snl  : raw=0.991 [0.983,0.997] percell=0.996
  nmc_all     with_soh         lightgbm      H=20 -> ba_lfp_snl  : raw=0.975 [0.951,0.995] percell=0.984
/home/touhid/.local/lib/python3.14/site-packages/sklearn/utils/validation.py:2827: UserWarning: X does not have valid feature names, but LGBMClassifier was fitted with feature names
  warnings.warn(
/home/touhid/.local/lib/python3.14/site-packages/sklearn/utils/validation.py:2827: UserWarning: X does not have valid feature names, but LGBMClassifier was fitted with feature names
  warnings.warn(
/home/touhid/.local/lib/python3.14/site-packages/sklearn/utils/validation.py:2827: UserWarning: X does not have valid feature names, but LGBMClassifier was fitted with feature names
  warnings.warn(
/home/touhid/.local/lib/python3.14/site-packages/sklearn/utils/validation.py:2827: UserWarning: X does not have valid feature names, but LGBMClassifier was fitted with feature names
  warnings.warn(
/home/touhid/.local/lib/python3.14/site-packages/sklearn/utils/validation.py:2827: UserWarning: X does not have valid feature names, but LGBMClassifier was fitted with feature names
  warnings.warn(
/home/touhid/.local/lib/python3.14/site-packages/sklearn/utils/validation.py:2827: UserWarning: X does not have valid feature names, but LGBMClassifier was fitted with feature names
  warnings.warn(
/home/touhid/.local/lib/python3.14/site-packages/sklearn/utils/validation.py:2827: UserWarning: X does not have valid feature names, but LGBMClassifier was fitted with feature names
  warnings.warn(
  nmc_all     with_soh         lightgbm      H=30 -> oxford      : raw=0.985 [0.976,0.997] percell=0.988
  nmc_all     with_soh         lightgbm      H=30 -> severson    : raw=0.829 [0.808,0.858] percell=0.937
  nmc_all     with_soh         lightgbm      H=30 -> ba_nca_snl  : raw=0.989 [0.980,0.996] percell=0.995
/home/touhid/.local/lib/python3.14/site-packages/sklearn/utils/validation.py:2827: UserWarning: X does not have valid feature names, but LGBMClassifier was fitted with feature names
  warnings.warn(
/home/touhid/.local/lib/python3.14/site-packages/sklearn/utils/validation.py:2827: UserWarning: X does not have valid feature names, but LGBMClassifier was fitted with feature names
  warnings.warn(
/home/touhid/.local/lib/python3.14/site-packages/sklearn/utils/validation.py:2827: UserWarning: X does not have valid feature names, but LGBMClassifier was fitted with feature names
  warnings.warn(
/home/touhid/.local/lib/python3.14/site-packages/sklearn/utils/validation.py:2827: UserWarning: X does not have valid feature names, but LGBMClassifier was fitted with feature names
  warnings.warn(
/home/touhid/.local/lib/python3.14/site-packages/sklearn/utils/validation.py:2827: UserWarning: X does not have valid feature names, but LGBMClassifier was fitted with feature names
  warnings.warn(
/home/touhid/.local/lib/python3.14/site-packages/sklearn/utils/validation.py:2827: UserWarning: X does not have valid feature names, but LGBMClassifier was fitted with feature names
  warnings.warn(
/home/touhid/.local/lib/python3.14/site-packages/sklearn/utils/validation.py:2827: UserWarning: X does not have valid feature names, but LGBMClassifier was fitted with feature names
  warnings.warn(
  nmc_all     with_soh         lightgbm      H=50 -> oxford      : raw=0.964 [0.947,0.988] percell=0.972
  nmc_all     with_soh         lightgbm      H=50 -> severson    : raw=0.858 [0.834,0.890] percell=0.961
  nmc_all     with_soh         lightgbm      H=50 -> ba_nca_snl  : raw=0.982 [0.971,0.991] percell=0.989
  nmc_all     with_soh         random_forest H=10 -> oxford      : raw=1.000 [1.000,1.000] percell=1.000
  nmc_all     with_soh         random_forest H=10 -> severson    : raw=0.800 [0.695,0.951] percell=0.953
  nmc_all     with_soh         random_forest H=10 -> ba_nca_snl  : raw=0.992 [0.982,0.998] percell=0.997
  nmc_all     with_soh         random_forest H=20 -> oxford      : raw=1.000 [1.000,1.000] percell=1.000
  nmc_all     with_soh         random_forest H=20 -> severson    : raw=0.807 [0.741,0.894] percell=0.926
  nmc_all     with_soh         random_forest H=20 -> ba_nca_snl  : raw=0.990 [0.980,0.997] percell=0.997
  nmc_all     with_soh         random_forest H=20 -> ba_lfp_snl  : raw=0.995 [0.991,0.999] percell=0.993
  nmc_all     with_soh         random_forest H=30 -> oxford      : raw=0.986 [0.976,0.996] percell=0.986
  nmc_all     with_soh         random_forest H=30 -> severson    : raw=0.831 [0.794,0.876] percell=0.953
  nmc_all     with_soh         random_forest H=30 -> ba_nca_snl  : raw=0.989 [0.981,0.996] percell=0.996
  nmc_all     with_soh         random_forest H=50 -> oxford      : raw=0.986 [0.976,0.996] percell=0.986
  nmc_all     with_soh         random_forest H=50 -> severson    : raw=0.828 [0.792,0.870] percell=0.950
  nmc_all     with_soh         random_forest H=50 -> ba_nca_snl  : raw=0.981 [0.972,0.990] percell=0.990
  nmc_all     no_soh           xgboost       H=10 -> oxford      : raw=0.561 [0.556,0.567] percell=0.562
  nmc_all     no_soh           xgboost       H=10 -> severson    : raw=0.714 [0.614,0.773] percell=0.883
  nmc_all     no_soh           xgboost       H=10 -> ba_nca_snl  : raw=0.943 [0.916,0.971] percell=0.971
  nmc_all     no_soh           xgboost       H=20 -> oxford      : raw=0.561 [0.556,0.567] percell=0.562
  nmc_all     no_soh           xgboost       H=20 -> severson    : raw=0.699 [0.606,0.759] percell=0.889
  nmc_all     no_soh           xgboost       H=20 -> ba_nca_snl  : raw=0.942 [0.913,0.972] percell=0.977
  nmc_all     no_soh           xgboost       H=20 -> ba_lfp_snl  : raw=0.962 [0.931,0.989] percell=0.841
  nmc_all     no_soh           xgboost       H=30 -> oxford      : raw=0.561 [0.556,0.567] percell=0.562
  nmc_all     no_soh           xgboost       H=30 -> severson    : raw=0.680 [0.592,0.742] percell=0.910
  nmc_all     no_soh           xgboost       H=30 -> ba_nca_snl  : raw=0.939 [0.909,0.968] percell=0.971
  nmc_all     no_soh           xgboost       H=50 -> oxford      : raw=0.561 [0.556,0.567] percell=0.562
  nmc_all     no_soh           xgboost       H=50 -> severson    : raw=0.621 [0.540,0.691] percell=0.906
  nmc_all     no_soh           xgboost       H=50 -> ba_nca_snl  : raw=0.939 [0.911,0.969] percell=0.978
/home/touhid/.local/lib/python3.14/site-packages/sklearn/utils/validation.py:2827: UserWarning: X does not have valid feature names, but LGBMClassifier was fitted with feature names
  warnings.warn(
/home/touhid/.local/lib/python3.14/site-packages/sklearn/utils/validation.py:2827: UserWarning: X does not have valid feature names, but LGBMClassifier was fitted with feature names
  warnings.warn(
/home/touhid/.local/lib/python3.14/site-packages/sklearn/utils/validation.py:2827: UserWarning: X does not have valid feature names, but LGBMClassifier was fitted with feature names
  warnings.warn(
/home/touhid/.local/lib/python3.14/site-packages/sklearn/utils/validation.py:2827: UserWarning: X does not have valid feature names, but LGBMClassifier was fitted with feature names
  warnings.warn(
/home/touhid/.local/lib/python3.14/site-packages/sklearn/utils/validation.py:2827: UserWarning: X does not have valid feature names, but LGBMClassifier was fitted with feature names
  warnings.warn(
/home/touhid/.local/lib/python3.14/site-packages/sklearn/utils/validation.py:2827: UserWarning: X does not have valid feature names, but LGBMClassifier was fitted with feature names
  warnings.warn(
/home/touhid/.local/lib/python3.14/site-packages/sklearn/utils/validation.py:2827: UserWarning: X does not have valid feature names, but LGBMClassifier was fitted with feature names
  warnings.warn(
  nmc_all     no_soh           lightgbm      H=10 -> oxford      : raw=0.572 [0.565,0.578] percell=0.573
  nmc_all     no_soh           lightgbm      H=10 -> severson    : raw=0.708 [0.600,0.771] percell=0.908
  nmc_all     no_soh           lightgbm      H=10 -> ba_nca_snl  : raw=0.940 [0.904,0.971] percell=0.987
/home/touhid/.local/lib/python3.14/site-packages/sklearn/utils/validation.py:2827: UserWarning: X does not have valid feature names, but LGBMClassifier was fitted with feature names
  warnings.warn(
/home/touhid/.local/lib/python3.14/site-packages/sklearn/utils/validation.py:2827: UserWarning: X does not have valid feature names, but LGBMClassifier was fitted with feature names
  warnings.warn(
/home/touhid/.local/lib/python3.14/site-packages/sklearn/utils/validation.py:2827: UserWarning: X does not have valid feature names, but LGBMClassifier was fitted with feature names
  warnings.warn(
/home/touhid/.local/lib/python3.14/site-packages/sklearn/utils/validation.py:2827: UserWarning: X does not have valid feature names, but LGBMClassifier was fitted with feature names
  warnings.warn(
/home/touhid/.local/lib/python3.14/site-packages/sklearn/utils/validation.py:2827: UserWarning: X does not have valid feature names, but LGBMClassifier was fitted with feature names
  warnings.warn(
/home/touhid/.local/lib/python3.14/site-packages/sklearn/utils/validation.py:2827: UserWarning: X does not have valid feature names, but LGBMClassifier was fitted with feature names
  warnings.warn(
/home/touhid/.local/lib/python3.14/site-packages/sklearn/utils/validation.py:2827: UserWarning: X does not have valid feature names, but LGBMClassifier was fitted with feature names
  warnings.warn(
/home/touhid/.local/lib/python3.14/site-packages/sklearn/utils/validation.py:2827: UserWarning: X does not have valid feature names, but LGBMClassifier was fitted with feature names
  warnings.warn(
  nmc_all     no_soh           lightgbm      H=20 -> oxford      : raw=0.572 [0.565,0.578] percell=0.573
  nmc_all     no_soh           lightgbm      H=20 -> severson    : raw=0.647 [0.533,0.724] percell=0.884
  nmc_all     no_soh           lightgbm      H=20 -> ba_nca_snl  : raw=0.936 [0.902,0.969] percell=0.985
  nmc_all     no_soh           lightgbm      H=20 -> ba_lfp_snl  : raw=0.952 [0.915,0.986] percell=0.794
/home/touhid/.local/lib/python3.14/site-packages/sklearn/utils/validation.py:2827: UserWarning: X does not have valid feature names, but LGBMClassifier was fitted with feature names
  warnings.warn(
/home/touhid/.local/lib/python3.14/site-packages/sklearn/utils/validation.py:2827: UserWarning: X does not have valid feature names, but LGBMClassifier was fitted with feature names
  warnings.warn(
/home/touhid/.local/lib/python3.14/site-packages/sklearn/utils/validation.py:2827: UserWarning: X does not have valid feature names, but LGBMClassifier was fitted with feature names
  warnings.warn(
/home/touhid/.local/lib/python3.14/site-packages/sklearn/utils/validation.py:2827: UserWarning: X does not have valid feature names, but LGBMClassifier was fitted with feature names
  warnings.warn(
/home/touhid/.local/lib/python3.14/site-packages/sklearn/utils/validation.py:2827: UserWarning: X does not have valid feature names, but LGBMClassifier was fitted with feature names
  warnings.warn(
/home/touhid/.local/lib/python3.14/site-packages/sklearn/utils/validation.py:2827: UserWarning: X does not have valid feature names, but LGBMClassifier was fitted with feature names
  warnings.warn(
/home/touhid/.local/lib/python3.14/site-packages/sklearn/utils/validation.py:2827: UserWarning: X does not have valid feature names, but LGBMClassifier was fitted with feature names
  warnings.warn(
  nmc_all     no_soh           lightgbm      H=30 -> oxford      : raw=0.551 [0.546,0.556] percell=0.552
  nmc_all     no_soh           lightgbm      H=30 -> severson    : raw=0.670 [0.575,0.737] percell=0.845
  nmc_all     no_soh           lightgbm      H=30 -> ba_nca_snl  : raw=0.930 [0.897,0.963] percell=0.965
/home/touhid/.local/lib/python3.14/site-packages/sklearn/utils/validation.py:2827: UserWarning: X does not have valid feature names, but LGBMClassifier was fitted with feature names
  warnings.warn(
/home/touhid/.local/lib/python3.14/site-packages/sklearn/utils/validation.py:2827: UserWarning: X does not have valid feature names, but LGBMClassifier was fitted with feature names
  warnings.warn(
/home/touhid/.local/lib/python3.14/site-packages/sklearn/utils/validation.py:2827: UserWarning: X does not have valid feature names, but LGBMClassifier was fitted with feature names
  warnings.warn(
/home/touhid/.local/lib/python3.14/site-packages/sklearn/utils/validation.py:2827: UserWarning: X does not have valid feature names, but LGBMClassifier was fitted with feature names
  warnings.warn(
/home/touhid/.local/lib/python3.14/site-packages/sklearn/utils/validation.py:2827: UserWarning: X does not have valid feature names, but LGBMClassifier was fitted with feature names
  warnings.warn(
/home/touhid/.local/lib/python3.14/site-packages/sklearn/utils/validation.py:2827: UserWarning: X does not have valid feature names, but LGBMClassifier was fitted with feature names
  warnings.warn(
/home/touhid/.local/lib/python3.14/site-packages/sklearn/utils/validation.py:2827: UserWarning: X does not have valid feature names, but LGBMClassifier was fitted with feature names
  warnings.warn(
  nmc_all     no_soh           lightgbm      H=50 -> oxford      : raw=0.572 [0.565,0.578] percell=0.573
  nmc_all     no_soh           lightgbm      H=50 -> severson    : raw=0.645 [0.551,0.724] percell=0.884
  nmc_all     no_soh           lightgbm      H=50 -> ba_nca_snl  : raw=0.930 [0.897,0.961] percell=0.976
  nmc_all     no_soh           random_forest H=10 -> oxford      : raw=0.561 [0.556,0.567] percell=0.562
  nmc_all     no_soh           random_forest H=10 -> severson    : raw=0.687 [0.552,0.775] percell=0.860
  nmc_all     no_soh           random_forest H=10 -> ba_nca_snl  : raw=0.921 [0.880,0.959] percell=0.949
  nmc_all     no_soh           random_forest H=20 -> oxford      : raw=0.561 [0.556,0.567] percell=0.562
  nmc_all     no_soh           random_forest H=20 -> severson    : raw=0.706 [0.609,0.768] percell=0.893
  nmc_all     no_soh           random_forest H=20 -> ba_nca_snl  : raw=0.909 [0.860,0.958] percell=0.927
  nmc_all     no_soh           random_forest H=20 -> ba_lfp_snl  : raw=0.946 [0.910,0.979] percell=0.806
  nmc_all     no_soh           random_forest H=30 -> oxford      : raw=0.561 [0.556,0.567] percell=0.562
  nmc_all     no_soh           random_forest H=30 -> severson    : raw=0.620 [0.553,0.673] percell=0.839
  nmc_all     no_soh           random_forest H=30 -> ba_nca_snl  : raw=0.912 [0.856,0.956] percell=0.923
  nmc_all     no_soh           random_forest H=50 -> oxford      : raw=0.561 [0.556,0.567] percell=0.562
  nmc_all     no_soh           random_forest H=50 -> severson    : raw=0.713 [0.664,0.753] percell=0.851
  nmc_all     no_soh           random_forest H=50 -> ba_nca_snl  : raw=0.915 [0.871,0.953] percell=0.918
  nmc_all     common_with_soh  xgboost       H=10 -> oxford      : raw=1.000 [1.000,1.000] percell=1.000
  nmc_all     common_with_soh  xgboost       H=10 -> severson    : raw=0.858 [0.823,0.908] percell=0.940
  nmc_all     common_with_soh  xgboost       H=10 -> ba_nca_snl  : raw=0.990 [0.976,0.998] percell=0.998
  nmc_all     common_with_soh  xgboost       H=20 -> oxford      : raw=0.996 [0.991,1.000] percell=0.996
  nmc_all     common_with_soh  xgboost       H=20 -> severson    : raw=0.789 [0.761,0.832] percell=0.885
  nmc_all     common_with_soh  xgboost       H=20 -> ba_nca_snl  : raw=0.989 [0.978,0.997] percell=0.997
  nmc_all     common_with_soh  xgboost       H=20 -> ba_lfp_snl  : raw=0.949 [0.905,0.990] percell=0.959
  nmc_all     common_with_soh  xgboost       H=30 -> oxford      : raw=0.990 [0.982,0.998] percell=0.990
  nmc_all     common_with_soh  xgboost       H=30 -> severson    : raw=0.813 [0.795,0.835] percell=0.910
  nmc_all     common_with_soh  xgboost       H=30 -> ba_nca_snl  : raw=0.986 [0.973,0.995] percell=0.996
  nmc_all     common_with_soh  xgboost       H=50 -> oxford      : raw=0.982 [0.970,0.994] percell=0.982
  nmc_all     common_with_soh  xgboost       H=50 -> severson    : raw=0.853 [0.810,0.901] percell=0.947
  nmc_all     common_with_soh  xgboost       H=50 -> ba_nca_snl  : raw=0.982 [0.971,0.991] percell=0.991
/home/touhid/.local/lib/python3.14/site-packages/sklearn/utils/validation.py:2827: UserWarning: X does not have valid feature names, but LGBMClassifier was fitted with feature names
  warnings.warn(
/home/touhid/.local/lib/python3.14/site-packages/sklearn/utils/validation.py:2827: UserWarning: X does not have valid feature names, but LGBMClassifier was fitted with feature names
  warnings.warn(
/home/touhid/.local/lib/python3.14/site-packages/sklearn/utils/validation.py:2827: UserWarning: X does not have valid feature names, but LGBMClassifier was fitted with feature names
  warnings.warn(
/home/touhid/.local/lib/python3.14/site-packages/sklearn/utils/validation.py:2827: UserWarning: X does not have valid feature names, but LGBMClassifier was fitted with feature names
  warnings.warn(
/home/touhid/.local/lib/python3.14/site-packages/sklearn/utils/validation.py:2827: UserWarning: X does not have valid feature names, but LGBMClassifier was fitted with feature names
  warnings.warn(
/home/touhid/.local/lib/python3.14/site-packages/sklearn/utils/validation.py:2827: UserWarning: X does not have valid feature names, but LGBMClassifier was fitted with feature names
  warnings.warn(
/home/touhid/.local/lib/python3.14/site-packages/sklearn/utils/validation.py:2827: UserWarning: X does not have valid feature names, but LGBMClassifier was fitted with feature names
  warnings.warn(
  nmc_all     common_with_soh  lightgbm      H=10 -> oxford      : raw=1.000 [1.000,1.000] percell=1.000
  nmc_all     common_with_soh  lightgbm      H=10 -> severson    : raw=0.865 [0.825,0.920] percell=0.942
  nmc_all     common_with_soh  lightgbm      H=10 -> ba_nca_snl  : raw=0.989 [0.973,0.998] percell=0.998
/home/touhid/.local/lib/python3.14/site-packages/sklearn/utils/validation.py:2827: UserWarning: X does not have valid feature names, but LGBMClassifier was fitted with feature names
  warnings.warn(
/home/touhid/.local/lib/python3.14/site-packages/sklearn/utils/validation.py:2827: UserWarning: X does not have valid feature names, but LGBMClassifier was fitted with feature names
  warnings.warn(
/home/touhid/.local/lib/python3.14/site-packages/sklearn/utils/validation.py:2827: UserWarning: X does not have valid feature names, but LGBMClassifier was fitted with feature names
  warnings.warn(
/home/touhid/.local/lib/python3.14/site-packages/sklearn/utils/validation.py:2827: UserWarning: X does not have valid feature names, but LGBMClassifier was fitted with feature names
  warnings.warn(
/home/touhid/.local/lib/python3.14/site-packages/sklearn/utils/validation.py:2827: UserWarning: X does not have valid feature names, but LGBMClassifier was fitted with feature names
  warnings.warn(
/home/touhid/.local/lib/python3.14/site-packages/sklearn/utils/validation.py:2827: UserWarning: X does not have valid feature names, but LGBMClassifier was fitted with feature names
  warnings.warn(
/home/touhid/.local/lib/python3.14/site-packages/sklearn/utils/validation.py:2827: UserWarning: X does not have valid feature names, but LGBMClassifier was fitted with feature names
  warnings.warn(
/home/touhid/.local/lib/python3.14/site-packages/sklearn/utils/validation.py:2827: UserWarning: X does not have valid feature names, but LGBMClassifier was fitted with feature names
  warnings.warn(
  nmc_all     common_with_soh  lightgbm      H=20 -> oxford      : raw=0.992 [0.983,1.000] percell=0.992
  nmc_all     common_with_soh  lightgbm      H=20 -> severson    : raw=0.795 [0.762,0.818] percell=0.882
  nmc_all     common_with_soh  lightgbm      H=20 -> ba_nca_snl  : raw=0.988 [0.975,0.997] percell=0.997
  nmc_all     common_with_soh  lightgbm      H=20 -> ba_lfp_snl  : raw=0.935 [0.884,0.982] percell=0.899
/home/touhid/.local/lib/python3.14/site-packages/sklearn/utils/validation.py:2827: UserWarning: X does not have valid feature names, but LGBMClassifier was fitted with feature names
  warnings.warn(
/home/touhid/.local/lib/python3.14/site-packages/sklearn/utils/validation.py:2827: UserWarning: X does not have valid feature names, but LGBMClassifier was fitted with feature names
  warnings.warn(
/home/touhid/.local/lib/python3.14/site-packages/sklearn/utils/validation.py:2827: UserWarning: X does not have valid feature names, but LGBMClassifier was fitted with feature names
  warnings.warn(
/home/touhid/.local/lib/python3.14/site-packages/sklearn/utils/validation.py:2827: UserWarning: X does not have valid feature names, but LGBMClassifier was fitted with feature names
  warnings.warn(
/home/touhid/.local/lib/python3.14/site-packages/sklearn/utils/validation.py:2827: UserWarning: X does not have valid feature names, but LGBMClassifier was fitted with feature names
  warnings.warn(
/home/touhid/.local/lib/python3.14/site-packages/sklearn/utils/validation.py:2827: UserWarning: X does not have valid feature names, but LGBMClassifier was fitted with feature names
  warnings.warn(
/home/touhid/.local/lib/python3.14/site-packages/sklearn/utils/validation.py:2827: UserWarning: X does not have valid feature names, but LGBMClassifier was fitted with feature names
  warnings.warn(
  nmc_all     common_with_soh  lightgbm      H=30 -> oxford      : raw=0.990 [0.984,0.998] percell=0.991
  nmc_all     common_with_soh  lightgbm      H=30 -> severson    : raw=0.794 [0.756,0.824] percell=0.912
  nmc_all     common_with_soh  lightgbm      H=30 -> ba_nca_snl  : raw=0.984 [0.971,0.995] percell=0.996
/home/touhid/.local/lib/python3.14/site-packages/sklearn/utils/validation.py:2827: UserWarning: X does not have valid feature names, but LGBMClassifier was fitted with feature names
  warnings.warn(
/home/touhid/.local/lib/python3.14/site-packages/sklearn/utils/validation.py:2827: UserWarning: X does not have valid feature names, but LGBMClassifier was fitted with feature names
  warnings.warn(
/home/touhid/.local/lib/python3.14/site-packages/sklearn/utils/validation.py:2827: UserWarning: X does not have valid feature names, but LGBMClassifier was fitted with feature names
  warnings.warn(
/home/touhid/.local/lib/python3.14/site-packages/sklearn/utils/validation.py:2827: UserWarning: X does not have valid feature names, but LGBMClassifier was fitted with feature names
  warnings.warn(
/home/touhid/.local/lib/python3.14/site-packages/sklearn/utils/validation.py:2827: UserWarning: X does not have valid feature names, but LGBMClassifier was fitted with feature names
  warnings.warn(
/home/touhid/.local/lib/python3.14/site-packages/sklearn/utils/validation.py:2827: UserWarning: X does not have valid feature names, but LGBMClassifier was fitted with feature names
  warnings.warn(
/home/touhid/.local/lib/python3.14/site-packages/sklearn/utils/validation.py:2827: UserWarning: X does not have valid feature names, but LGBMClassifier was fitted with feature names
  warnings.warn(
  nmc_all     common_with_soh  lightgbm      H=50 -> oxford      : raw=0.978 [0.965,0.993] percell=0.982
  nmc_all     common_with_soh  lightgbm      H=50 -> severson    : raw=0.861 [0.838,0.893] percell=0.949
  nmc_all     common_with_soh  lightgbm      H=50 -> ba_nca_snl  : raw=0.978 [0.966,0.990] percell=0.990
  nmc_all     common_with_soh  random_forest H=10 -> oxford      : raw=0.996 [0.991,1.000] percell=0.996
  nmc_all     common_with_soh  random_forest H=10 -> severson    : raw=0.843 [0.802,0.906] percell=0.933
  nmc_all     common_with_soh  random_forest H=10 -> ba_nca_snl  : raw=0.988 [0.975,0.997] percell=0.995
  nmc_all     common_with_soh  random_forest H=20 -> oxford      : raw=0.992 [0.983,1.000] percell=0.992
  nmc_all     common_with_soh  random_forest H=20 -> severson    : raw=0.788 [0.755,0.833] percell=0.887
  nmc_all     common_with_soh  random_forest H=20 -> ba_nca_snl  : raw=0.988 [0.976,0.996] percell=0.996
  nmc_all     common_with_soh  random_forest H=20 -> ba_lfp_snl  : raw=0.955 [0.916,0.993] percell=0.964
  nmc_all     common_with_soh  random_forest H=30 -> oxford      : raw=0.988 [0.980,0.996] percell=0.988
  nmc_all     common_with_soh  random_forest H=30 -> severson    : raw=0.816 [0.794,0.847] percell=0.935
  nmc_all     common_with_soh  random_forest H=30 -> ba_nca_snl  : raw=0.986 [0.975,0.995] percell=0.995
  nmc_all     common_with_soh  random_forest H=50 -> oxford      : raw=0.986 [0.976,0.996] percell=0.986
  nmc_all     common_with_soh  random_forest H=50 -> severson    : raw=0.791 [0.763,0.826] percell=0.929
  nmc_all     common_with_soh  random_forest H=50 -> ba_nca_snl  : raw=0.979 [0.969,0.990] percell=0.989
  nmc_all     common_no_soh    xgboost       H=10 -> oxford      : raw=0.561 [0.556,0.567] percell=0.562
  nmc_all     common_no_soh    xgboost       H=10 -> severson    : raw=0.715 [0.608,0.777] percell=0.854
  nmc_all     common_no_soh    xgboost       H=10 -> ba_nca_snl  : raw=0.931 [0.896,0.965] percell=0.959
  nmc_all     common_no_soh    xgboost       H=20 -> oxford      : raw=0.561 [0.556,0.567] percell=0.562
  nmc_all     common_no_soh    xgboost       H=20 -> severson    : raw=0.689 [0.588,0.754] percell=0.859
  nmc_all     common_no_soh    xgboost       H=20 -> ba_nca_snl  : raw=0.933 [0.898,0.966] percell=0.964
  nmc_all     common_no_soh    xgboost       H=20 -> ba_lfp_snl  : raw=0.695 [0.589,0.800] percell=0.531
  nmc_all     common_no_soh    xgboost       H=30 -> oxford      : raw=0.561 [0.556,0.567] percell=0.562
  nmc_all     common_no_soh    xgboost       H=30 -> severson    : raw=0.675 [0.581,0.742] percell=0.875
  nmc_all     common_no_soh    xgboost       H=30 -> ba_nca_snl  : raw=0.933 [0.897,0.967] percell=0.972
  nmc_all     common_no_soh    xgboost       H=50 -> oxford      : raw=0.561 [0.556,0.567] percell=0.562
  nmc_all     common_no_soh    xgboost       H=50 -> severson    : raw=0.650 [0.559,0.724] percell=0.834
  nmc_all     common_no_soh    xgboost       H=50 -> ba_nca_snl  : raw=0.927 [0.892,0.962] percell=0.952
/home/touhid/.local/lib/python3.14/site-packages/sklearn/utils/validation.py:2827: UserWarning: X does not have valid feature names, but LGBMClassifier was fitted with feature names
  warnings.warn(
/home/touhid/.local/lib/python3.14/site-packages/sklearn/utils/validation.py:2827: UserWarning: X does not have valid feature names, but LGBMClassifier was fitted with feature names
  warnings.warn(
/home/touhid/.local/lib/python3.14/site-packages/sklearn/utils/validation.py:2827: UserWarning: X does not have valid feature names, but LGBMClassifier was fitted with feature names
  warnings.warn(
/home/touhid/.local/lib/python3.14/site-packages/sklearn/utils/validation.py:2827: UserWarning: X does not have valid feature names, but LGBMClassifier was fitted with feature names
  warnings.warn(
/home/touhid/.local/lib/python3.14/site-packages/sklearn/utils/validation.py:2827: UserWarning: X does not have valid feature names, but LGBMClassifier was fitted with feature names
  warnings.warn(
/home/touhid/.local/lib/python3.14/site-packages/sklearn/utils/validation.py:2827: UserWarning: X does not have valid feature names, but LGBMClassifier was fitted with feature names
  warnings.warn(
/home/touhid/.local/lib/python3.14/site-packages/sklearn/utils/validation.py:2827: UserWarning: X does not have valid feature names, but LGBMClassifier was fitted with feature names
  warnings.warn(
  nmc_all     common_no_soh    lightgbm      H=10 -> oxford      : raw=0.572 [0.565,0.578] percell=0.573
  nmc_all     common_no_soh    lightgbm      H=10 -> severson    : raw=0.622 [0.596,0.657] percell=0.761
  nmc_all     common_no_soh    lightgbm      H=10 -> ba_nca_snl  : raw=0.852 [0.791,0.897] percell=0.827
/home/touhid/.local/lib/python3.14/site-packages/sklearn/utils/validation.py:2827: UserWarning: X does not have valid feature names, but LGBMClassifier was fitted with feature names
  warnings.warn(
/home/touhid/.local/lib/python3.14/site-packages/sklearn/utils/validation.py:2827: UserWarning: X does not have valid feature names, but LGBMClassifier was fitted with feature names
  warnings.warn(
/home/touhid/.local/lib/python3.14/site-packages/sklearn/utils/validation.py:2827: UserWarning: X does not have valid feature names, but LGBMClassifier was fitted with feature names
  warnings.warn(
/home/touhid/.local/lib/python3.14/site-packages/sklearn/utils/validation.py:2827: UserWarning: X does not have valid feature names, but LGBMClassifier was fitted with feature names
  warnings.warn(
/home/touhid/.local/lib/python3.14/site-packages/sklearn/utils/validation.py:2827: UserWarning: X does not have valid feature names, but LGBMClassifier was fitted with feature names
  warnings.warn(
/home/touhid/.local/lib/python3.14/site-packages/sklearn/utils/validation.py:2827: UserWarning: X does not have valid feature names, but LGBMClassifier was fitted with feature names
  warnings.warn(
/home/touhid/.local/lib/python3.14/site-packages/sklearn/utils/validation.py:2827: UserWarning: X does not have valid feature names, but LGBMClassifier was fitted with feature names
  warnings.warn(
/home/touhid/.local/lib/python3.14/site-packages/sklearn/utils/validation.py:2827: UserWarning: X does not have valid feature names, but LGBMClassifier was fitted with feature names
  warnings.warn(
  nmc_all     common_no_soh    lightgbm      H=20 -> oxford      : raw=0.572 [0.565,0.578] percell=0.573
  nmc_all     common_no_soh    lightgbm      H=20 -> severson    : raw=0.602 [0.572,0.640] percell=0.754
  nmc_all     common_no_soh    lightgbm      H=20 -> ba_nca_snl  : raw=0.842 [0.782,0.888] percell=0.828
  nmc_all     common_no_soh    lightgbm      H=20 -> ba_lfp_snl  : raw=0.740 [0.635,0.837] percell=0.528
/home/touhid/.local/lib/python3.14/site-packages/sklearn/utils/validation.py:2827: UserWarning: X does not have valid feature names, but LGBMClassifier was fitted with feature names
  warnings.warn(
/home/touhid/.local/lib/python3.14/site-packages/sklearn/utils/validation.py:2827: UserWarning: X does not have valid feature names, but LGBMClassifier was fitted with feature names
  warnings.warn(
/home/touhid/.local/lib/python3.14/site-packages/sklearn/utils/validation.py:2827: UserWarning: X does not have valid feature names, but LGBMClassifier was fitted with feature names
  warnings.warn(
/home/touhid/.local/lib/python3.14/site-packages/sklearn/utils/validation.py:2827: UserWarning: X does not have valid feature names, but LGBMClassifier was fitted with feature names
  warnings.warn(
/home/touhid/.local/lib/python3.14/site-packages/sklearn/utils/validation.py:2827: UserWarning: X does not have valid feature names, but LGBMClassifier was fitted with feature names
  warnings.warn(
/home/touhid/.local/lib/python3.14/site-packages/sklearn/utils/validation.py:2827: UserWarning: X does not have valid feature names, but LGBMClassifier was fitted with feature names
  warnings.warn(
/home/touhid/.local/lib/python3.14/site-packages/sklearn/utils/validation.py:2827: UserWarning: X does not have valid feature names, but LGBMClassifier was fitted with feature names
  warnings.warn(
  nmc_all     common_no_soh    lightgbm      H=30 -> oxford      : raw=0.572 [0.565,0.578] percell=0.573
  nmc_all     common_no_soh    lightgbm      H=30 -> severson    : raw=0.732 [0.679,0.801] percell=0.775
  nmc_all     common_no_soh    lightgbm      H=30 -> ba_nca_snl  : raw=0.858 [0.797,0.906] percell=0.845
/home/touhid/.local/lib/python3.14/site-packages/sklearn/utils/validation.py:2827: UserWarning: X does not have valid feature names, but LGBMClassifier was fitted with feature names
  warnings.warn(
/home/touhid/.local/lib/python3.14/site-packages/sklearn/utils/validation.py:2827: UserWarning: X does not have valid feature names, but LGBMClassifier was fitted with feature names
  warnings.warn(
/home/touhid/.local/lib/python3.14/site-packages/sklearn/utils/validation.py:2827: UserWarning: X does not have valid feature names, but LGBMClassifier was fitted with feature names
  warnings.warn(
/home/touhid/.local/lib/python3.14/site-packages/sklearn/utils/validation.py:2827: UserWarning: X does not have valid feature names, but LGBMClassifier was fitted with feature names
  warnings.warn(
/home/touhid/.local/lib/python3.14/site-packages/sklearn/utils/validation.py:2827: UserWarning: X does not have valid feature names, but LGBMClassifier was fitted with feature names
  warnings.warn(
/home/touhid/.local/lib/python3.14/site-packages/sklearn/utils/validation.py:2827: UserWarning: X does not have valid feature names, but LGBMClassifier was fitted with feature names
  warnings.warn(
/home/touhid/.local/lib/python3.14/site-packages/sklearn/utils/validation.py:2827: UserWarning: X does not have valid feature names, but LGBMClassifier was fitted with feature names
  warnings.warn(
  nmc_all     common_no_soh    lightgbm      H=50 -> oxford      : raw=0.572 [0.565,0.578] percell=0.573
  nmc_all     common_no_soh    lightgbm      H=50 -> severson    : raw=0.628 [0.592,0.656] percell=0.799
  nmc_all     common_no_soh    lightgbm      H=50 -> ba_nca_snl  : raw=0.882 [0.842,0.921] percell=0.906
  nmc_all     common_no_soh    random_forest H=10 -> oxford      : raw=0.561 [0.556,0.567] percell=0.562
  nmc_all     common_no_soh    random_forest H=10 -> severson    : raw=0.709 [0.601,0.769] percell=0.842
  nmc_all     common_no_soh    random_forest H=10 -> ba_nca_snl  : raw=0.909 [0.862,0.949] percell=0.917
  nmc_all     common_no_soh    random_forest H=20 -> oxford      : raw=0.561 [0.556,0.567] percell=0.562
  nmc_all     common_no_soh    random_forest H=20 -> severson    : raw=0.664 [0.561,0.731] percell=0.815
  nmc_all     common_no_soh    random_forest H=20 -> ba_nca_snl  : raw=0.910 [0.859,0.950] percell=0.906
  nmc_all     common_no_soh    random_forest H=20 -> ba_lfp_snl  : raw=0.641 [0.518,0.776] percell=0.425
  nmc_all     common_no_soh    random_forest H=30 -> oxford      : raw=0.561 [0.556,0.567] percell=0.562
  nmc_all     common_no_soh    random_forest H=30 -> severson    : raw=0.652 [0.571,0.712] percell=0.864
  nmc_all     common_no_soh    random_forest H=30 -> ba_nca_snl  : raw=0.920 [0.877,0.957] percell=0.924
  nmc_all     common_no_soh    random_forest H=50 -> oxford      : raw=0.561 [0.556,0.567] percell=0.562
  nmc_all     common_no_soh    random_forest H=50 -> severson    : raw=0.582 [0.489,0.662] percell=0.768
  nmc_all     common_no_soh    random_forest H=50 -> ba_nca_snl  : raw=0.901 [0.854,0.945] percell=0.903
  ba_all      with_soh         xgboost       H=10 -> oxford      : raw=1.000 [1.000,1.000] percell=1.000
  ba_all      with_soh         xgboost       H=10 -> severson    : raw=0.775 [0.604,1.000] percell=0.985
  ba_all      with_soh         xgboost       H=20 -> oxford      : raw=1.000 [1.000,1.000] percell=1.000
  ba_all      with_soh         xgboost       H=20 -> severson    : raw=0.798 [0.620,0.999] percell=0.986
  ba_all      with_soh         xgboost       H=30 -> oxford      : raw=1.000 [1.000,1.000] percell=1.000
  ba_all      with_soh         xgboost       H=30 -> severson    : raw=0.776 [0.553,0.997] percell=0.980
  ba_all      with_soh         xgboost       H=50 -> oxford      : raw=1.000 [1.000,1.000] percell=1.000
  ba_all      with_soh         xgboost       H=50 -> severson    : raw=0.815 [0.605,0.994] percell=0.977
/home/touhid/.local/lib/python3.14/site-packages/sklearn/utils/validation.py:2827: UserWarning: X does not have valid feature names, but LGBMClassifier was fitted with feature names
  warnings.warn(
/home/touhid/.local/lib/python3.14/site-packages/sklearn/utils/validation.py:2827: UserWarning: X does not have valid feature names, but LGBMClassifier was fitted with feature names
  warnings.warn(
/home/touhid/.local/lib/python3.14/site-packages/sklearn/utils/validation.py:2827: UserWarning: X does not have valid feature names, but LGBMClassifier was fitted with feature names
  warnings.warn(
/home/touhid/.local/lib/python3.14/site-packages/sklearn/utils/validation.py:2827: UserWarning: X does not have valid feature names, but LGBMClassifier was fitted with feature names
  warnings.warn(
/home/touhid/.local/lib/python3.14/site-packages/sklearn/utils/validation.py:2827: UserWarning: X does not have valid feature names, but LGBMClassifier was fitted with feature names
  warnings.warn(
/home/touhid/.local/lib/python3.14/site-packages/sklearn/utils/validation.py:2827: UserWarning: X does not have valid feature names, but LGBMClassifier was fitted with feature names
  warnings.warn(
/home/touhid/.local/lib/python3.14/site-packages/sklearn/utils/validation.py:2827: UserWarning: X does not have valid feature names, but LGBMClassifier was fitted with feature names
  warnings.warn(
  ba_all      with_soh         lightgbm      H=10 -> oxford      : raw=1.000 [1.000,1.000] percell=1.000
  ba_all      with_soh         lightgbm      H=10 -> severson    : raw=0.743 [0.546,1.000] percell=0.983
/home/touhid/.local/lib/python3.14/site-packages/sklearn/utils/validation.py:2827: UserWarning: X does not have valid feature names, but LGBMClassifier was fitted with feature names
  warnings.warn(
/home/touhid/.local/lib/python3.14/site-packages/sklearn/utils/validation.py:2827: UserWarning: X does not have valid feature names, but LGBMClassifier was fitted with feature names
  warnings.warn(
/home/touhid/.local/lib/python3.14/site-packages/sklearn/utils/validation.py:2827: UserWarning: X does not have valid feature names, but LGBMClassifier was fitted with feature names
  warnings.warn(
/home/touhid/.local/lib/python3.14/site-packages/sklearn/utils/validation.py:2827: UserWarning: X does not have valid feature names, but LGBMClassifier was fitted with feature names
  warnings.warn(
/home/touhid/.local/lib/python3.14/site-packages/sklearn/utils/validation.py:2827: UserWarning: X does not have valid feature names, but LGBMClassifier was fitted with feature names
  warnings.warn(
/home/touhid/.local/lib/python3.14/site-packages/sklearn/utils/validation.py:2827: UserWarning: X does not have valid feature names, but LGBMClassifier was fitted with feature names
  warnings.warn(
/home/touhid/.local/lib/python3.14/site-packages/sklearn/utils/validation.py:2827: UserWarning: X does not have valid feature names, but LGBMClassifier was fitted with feature names
  warnings.warn(
  ba_all      with_soh         lightgbm      H=20 -> oxford      : raw=1.000 [1.000,1.000] percell=1.000
  ba_all      with_soh         lightgbm      H=20 -> severson    : raw=0.842 [0.705,0.999] percell=0.990
/home/touhid/.local/lib/python3.14/site-packages/sklearn/utils/validation.py:2827: UserWarning: X does not have valid feature names, but LGBMClassifier was fitted with feature names
  warnings.warn(
/home/touhid/.local/lib/python3.14/site-packages/sklearn/utils/validation.py:2827: UserWarning: X does not have valid feature names, but LGBMClassifier was fitted with feature names
  warnings.warn(
/home/touhid/.local/lib/python3.14/site-packages/sklearn/utils/validation.py:2827: UserWarning: X does not have valid feature names, but LGBMClassifier was fitted with feature names
  warnings.warn(
/home/touhid/.local/lib/python3.14/site-packages/sklearn/utils/validation.py:2827: UserWarning: X does not have valid feature names, but LGBMClassifier was fitted with feature names
  warnings.warn(
/home/touhid/.local/lib/python3.14/site-packages/sklearn/utils/validation.py:2827: UserWarning: X does not have valid feature names, but LGBMClassifier was fitted with feature names
  warnings.warn(
/home/touhid/.local/lib/python3.14/site-packages/sklearn/utils/validation.py:2827: UserWarning: X does not have valid feature names, but LGBMClassifier was fitted with feature names
  warnings.warn(
/home/touhid/.local/lib/python3.14/site-packages/sklearn/utils/validation.py:2827: UserWarning: X does not have valid feature names, but LGBMClassifier was fitted with feature names
  warnings.warn(
  ba_all      with_soh         lightgbm      H=30 -> oxford      : raw=1.000 [1.000,1.000] percell=1.000
  ba_all      with_soh         lightgbm      H=30 -> severson    : raw=0.827 [0.656,0.998] percell=0.986
/home/touhid/.local/lib/python3.14/site-packages/sklearn/utils/validation.py:2827: UserWarning: X does not have valid feature names, but LGBMClassifier was fitted with feature names
  warnings.warn(
/home/touhid/.local/lib/python3.14/site-packages/sklearn/utils/validation.py:2827: UserWarning: X does not have valid feature names, but LGBMClassifier was fitted with feature names
  warnings.warn(
/home/touhid/.local/lib/python3.14/site-packages/sklearn/utils/validation.py:2827: UserWarning: X does not have valid feature names, but LGBMClassifier was fitted with feature names
  warnings.warn(
/home/touhid/.local/lib/python3.14/site-packages/sklearn/utils/validation.py:2827: UserWarning: X does not have valid feature names, but LGBMClassifier was fitted with feature names
  warnings.warn(
/home/touhid/.local/lib/python3.14/site-packages/sklearn/utils/validation.py:2827: UserWarning: X does not have valid feature names, but LGBMClassifier was fitted with feature names
  warnings.warn(
/home/touhid/.local/lib/python3.14/site-packages/sklearn/utils/validation.py:2827: UserWarning: X does not have valid feature names, but LGBMClassifier was fitted with feature names
  warnings.warn(
/home/touhid/.local/lib/python3.14/site-packages/sklearn/utils/validation.py:2827: UserWarning: X does not have valid feature names, but LGBMClassifier was fitted with feature names
  warnings.warn(
  ba_all      with_soh         lightgbm      H=50 -> oxford      : raw=1.000 [1.000,1.000] percell=1.000
  ba_all      with_soh         lightgbm      H=50 -> severson    : raw=0.863 [0.713,0.991] percell=0.983
  ba_all      with_soh         random_forest H=10 -> oxford      : raw=1.000 [1.000,1.000] percell=1.000
  ba_all      with_soh         random_forest H=10 -> severson    : raw=0.906 [0.837,0.999] percell=0.999
  ba_all      with_soh         random_forest H=20 -> oxford      : raw=1.000 [1.000,1.000] percell=1.000
  ba_all      with_soh         random_forest H=20 -> severson    : raw=0.870 [0.760,0.997] percell=0.994
  ba_all      with_soh         random_forest H=30 -> oxford      : raw=1.000 [1.000,1.000] percell=1.000
  ba_all      with_soh         random_forest H=30 -> severson    : raw=0.793 [0.597,0.995] percell=0.975
  ba_all      with_soh         random_forest H=50 -> oxford      : raw=1.000 [1.000,1.000] percell=1.000
  ba_all      with_soh         random_forest H=50 -> severson    : raw=0.821 [0.627,0.990] percell=0.972
  ba_all      no_soh           xgboost       H=10 -> oxford      : raw=0.543 [0.540,0.545] percell=0.543
  ba_all      no_soh           xgboost       H=10 -> severson    : raw=0.564 [0.426,0.791] percell=0.694
  ba_all      no_soh           xgboost       H=20 -> oxford      : raw=0.543 [0.540,0.545] percell=0.543
  ba_all      no_soh           xgboost       H=20 -> severson    : raw=0.601 [0.447,0.826] percell=0.707
  ba_all      no_soh           xgboost       H=30 -> oxford      : raw=0.631 [0.615,0.646] percell=0.633
  ba_all      no_soh           xgboost       H=30 -> severson    : raw=0.695 [0.563,0.872] percell=0.782
  ba_all      no_soh           xgboost       H=50 -> oxford      : raw=0.641 [0.625,0.657] percell=0.643
  ba_all      no_soh           xgboost       H=50 -> severson    : raw=0.705 [0.601,0.827] percell=0.802
/home/touhid/.local/lib/python3.14/site-packages/sklearn/utils/validation.py:2827: UserWarning: X does not have valid feature names, but LGBMClassifier was fitted with feature names
  warnings.warn(
/home/touhid/.local/lib/python3.14/site-packages/sklearn/utils/validation.py:2827: UserWarning: X does not have valid feature names, but LGBMClassifier was fitted with feature names
  warnings.warn(
/home/touhid/.local/lib/python3.14/site-packages/sklearn/utils/validation.py:2827: UserWarning: X does not have valid feature names, but LGBMClassifier was fitted with feature names
  warnings.warn(
/home/touhid/.local/lib/python3.14/site-packages/sklearn/utils/validation.py:2827: UserWarning: X does not have valid feature names, but LGBMClassifier was fitted with feature names
  warnings.warn(
/home/touhid/.local/lib/python3.14/site-packages/sklearn/utils/validation.py:2827: UserWarning: X does not have valid feature names, but LGBMClassifier was fitted with feature names
  warnings.warn(
/home/touhid/.local/lib/python3.14/site-packages/sklearn/utils/validation.py:2827: UserWarning: X does not have valid feature names, but LGBMClassifier was fitted with feature names
  warnings.warn(
/home/touhid/.local/lib/python3.14/site-packages/sklearn/utils/validation.py:2827: UserWarning: X does not have valid feature names, but LGBMClassifier was fitted with feature names
  warnings.warn(
  ba_all      no_soh           lightgbm      H=10 -> oxford      : raw=0.877 [0.838,0.915] percell=0.882
  ba_all      no_soh           lightgbm      H=10 -> severson    : raw=0.620 [0.534,0.765] percell=0.708
/home/touhid/.local/lib/python3.14/site-packages/sklearn/utils/validation.py:2827: UserWarning: X does not have valid feature names, but LGBMClassifier was fitted with feature names
  warnings.warn(
/home/touhid/.local/lib/python3.14/site-packages/sklearn/utils/validation.py:2827: UserWarning: X does not have valid feature names, but LGBMClassifier was fitted with feature names
  warnings.warn(
/home/touhid/.local/lib/python3.14/site-packages/sklearn/utils/validation.py:2827: UserWarning: X does not have valid feature names, but LGBMClassifier was fitted with feature names
  warnings.warn(
/home/touhid/.local/lib/python3.14/site-packages/sklearn/utils/validation.py:2827: UserWarning: X does not have valid feature names, but LGBMClassifier was fitted with feature names
  warnings.warn(
/home/touhid/.local/lib/python3.14/site-packages/sklearn/utils/validation.py:2827: UserWarning: X does not have valid feature names, but LGBMClassifier was fitted with feature names
  warnings.warn(
/home/touhid/.local/lib/python3.14/site-packages/sklearn/utils/validation.py:2827: UserWarning: X does not have valid feature names, but LGBMClassifier was fitted with feature names
  warnings.warn(
/home/touhid/.local/lib/python3.14/site-packages/sklearn/utils/validation.py:2827: UserWarning: X does not have valid feature names, but LGBMClassifier was fitted with feature names
  warnings.warn(
  ba_all      no_soh           lightgbm      H=20 -> oxford      : raw=0.693 [0.671,0.713] percell=0.695
  ba_all      no_soh           lightgbm      H=20 -> severson    : raw=0.713 [0.611,0.854] percell=0.781
/home/touhid/.local/lib/python3.14/site-packages/sklearn/utils/validation.py:2827: UserWarning: X does not have valid feature names, but LGBMClassifier was fitted with feature names
  warnings.warn(
/home/touhid/.local/lib/python3.14/site-packages/sklearn/utils/validation.py:2827: UserWarning: X does not have valid feature names, but LGBMClassifier was fitted with feature names
  warnings.warn(
/home/touhid/.local/lib/python3.14/site-packages/sklearn/utils/validation.py:2827: UserWarning: X does not have valid feature names, but LGBMClassifier was fitted with feature names
  warnings.warn(
/home/touhid/.local/lib/python3.14/site-packages/sklearn/utils/validation.py:2827: UserWarning: X does not have valid feature names, but LGBMClassifier was fitted with feature names
  warnings.warn(
/home/touhid/.local/lib/python3.14/site-packages/sklearn/utils/validation.py:2827: UserWarning: X does not have valid feature names, but LGBMClassifier was fitted with feature names
  warnings.warn(
/home/touhid/.local/lib/python3.14/site-packages/sklearn/utils/validation.py:2827: UserWarning: X does not have valid feature names, but LGBMClassifier was fitted with feature names
  warnings.warn(
/home/touhid/.local/lib/python3.14/site-packages/sklearn/utils/validation.py:2827: UserWarning: X does not have valid feature names, but LGBMClassifier was fitted with feature names
  warnings.warn(
  ba_all      no_soh           lightgbm      H=30 -> oxford      : raw=0.574 [0.569,0.578] percell=0.574
  ba_all      no_soh           lightgbm      H=30 -> severson    : raw=0.734 [0.636,0.857] percell=0.785
/home/touhid/.local/lib/python3.14/site-packages/sklearn/utils/validation.py:2827: UserWarning: X does not have valid feature names, but LGBMClassifier was fitted with feature names
  warnings.warn(
/home/touhid/.local/lib/python3.14/site-packages/sklearn/utils/validation.py:2827: UserWarning: X does not have valid feature names, but LGBMClassifier was fitted with feature names
  warnings.warn(
/home/touhid/.local/lib/python3.14/site-packages/sklearn/utils/validation.py:2827: UserWarning: X does not have valid feature names, but LGBMClassifier was fitted with feature names
  warnings.warn(
/home/touhid/.local/lib/python3.14/site-packages/sklearn/utils/validation.py:2827: UserWarning: X does not have valid feature names, but LGBMClassifier was fitted with feature names
  warnings.warn(
/home/touhid/.local/lib/python3.14/site-packages/sklearn/utils/validation.py:2827: UserWarning: X does not have valid feature names, but LGBMClassifier was fitted with feature names
  warnings.warn(
/home/touhid/.local/lib/python3.14/site-packages/sklearn/utils/validation.py:2827: UserWarning: X does not have valid feature names, but LGBMClassifier was fitted with feature names
  warnings.warn(
/home/touhid/.local/lib/python3.14/site-packages/sklearn/utils/validation.py:2827: UserWarning: X does not have valid feature names, but LGBMClassifier was fitted with feature names
  warnings.warn(
  ba_all      no_soh           lightgbm      H=50 -> oxford      : raw=0.877 [0.838,0.915] percell=0.882
  ba_all      no_soh           lightgbm      H=50 -> severson    : raw=0.733 [0.641,0.836] percell=0.738
  ba_all      no_soh           random_forest H=10 -> oxford      : raw=0.389 [0.377,0.403] percell=0.388
  ba_all      no_soh           random_forest H=10 -> severson    : raw=0.767 [0.622,0.961] percell=0.901
  ba_all      no_soh           random_forest H=20 -> oxford      : raw=0.717 [0.701,0.735] percell=0.719
  ba_all      no_soh           random_forest H=20 -> severson    : raw=0.821 [0.697,0.963] percell=0.946
  ba_all      no_soh           random_forest H=30 -> oxford      : raw=0.676 [0.664,0.691] percell=0.678
  ba_all      no_soh           random_forest H=30 -> severson    : raw=0.783 [0.616,0.962] percell=0.941
  ba_all      no_soh           random_forest H=50 -> oxford      : raw=0.348 [0.332,0.366] percell=0.346
  ba_all      no_soh           random_forest H=50 -> severson    : raw=0.810 [0.674,0.949] percell=0.932
  ba_all      common_with_soh  xgboost       H=10 -> oxford      : raw=1.000 [1.000,1.000] percell=1.000
  ba_all      common_with_soh  xgboost       H=10 -> severson    : raw=0.713 [0.489,1.000] percell=0.984
  ba_all      common_with_soh  xgboost       H=20 -> oxford      : raw=1.000 [1.000,1.000] percell=1.000
  ba_all      common_with_soh  xgboost       H=20 -> severson    : raw=0.753 [0.526,0.999] percell=0.983
  ba_all      common_with_soh  xgboost       H=30 -> oxford      : raw=1.000 [1.000,1.000] percell=1.000
  ba_all      common_with_soh  xgboost       H=30 -> severson    : raw=0.808 [0.615,0.998] percell=0.987
  ba_all      common_with_soh  xgboost       H=50 -> oxford      : raw=1.000 [1.000,1.000] percell=1.000
  ba_all      common_with_soh  xgboost       H=50 -> severson    : raw=0.810 [0.592,0.994] percell=0.977
/home/touhid/.local/lib/python3.14/site-packages/sklearn/utils/validation.py:2827: UserWarning: X does not have valid feature names, but LGBMClassifier was fitted with feature names
  warnings.warn(
/home/touhid/.local/lib/python3.14/site-packages/sklearn/utils/validation.py:2827: UserWarning: X does not have valid feature names, but LGBMClassifier was fitted with feature names
  warnings.warn(
/home/touhid/.local/lib/python3.14/site-packages/sklearn/utils/validation.py:2827: UserWarning: X does not have valid feature names, but LGBMClassifier was fitted with feature names
  warnings.warn(
/home/touhid/.local/lib/python3.14/site-packages/sklearn/utils/validation.py:2827: UserWarning: X does not have valid feature names, but LGBMClassifier was fitted with feature names
  warnings.warn(
/home/touhid/.local/lib/python3.14/site-packages/sklearn/utils/validation.py:2827: UserWarning: X does not have valid feature names, but LGBMClassifier was fitted with feature names
  warnings.warn(
/home/touhid/.local/lib/python3.14/site-packages/sklearn/utils/validation.py:2827: UserWarning: X does not have valid feature names, but LGBMClassifier was fitted with feature names
  warnings.warn(
/home/touhid/.local/lib/python3.14/site-packages/sklearn/utils/validation.py:2827: UserWarning: X does not have valid feature names, but LGBMClassifier was fitted with feature names
  warnings.warn(
  ba_all      common_with_soh  lightgbm      H=10 -> oxford      : raw=1.000 [1.000,1.000] percell=1.000
  ba_all      common_with_soh  lightgbm      H=10 -> severson    : raw=0.710 [0.486,1.000] percell=0.983
/home/touhid/.local/lib/python3.14/site-packages/sklearn/utils/validation.py:2827: UserWarning: X does not have valid feature names, but LGBMClassifier was fitted with feature names
  warnings.warn(
/home/touhid/.local/lib/python3.14/site-packages/sklearn/utils/validation.py:2827: UserWarning: X does not have valid feature names, but LGBMClassifier was fitted with feature names
  warnings.warn(
/home/touhid/.local/lib/python3.14/site-packages/sklearn/utils/validation.py:2827: UserWarning: X does not have valid feature names, but LGBMClassifier was fitted with feature names
  warnings.warn(
/home/touhid/.local/lib/python3.14/site-packages/sklearn/utils/validation.py:2827: UserWarning: X does not have valid feature names, but LGBMClassifier was fitted with feature names
  warnings.warn(
/home/touhid/.local/lib/python3.14/site-packages/sklearn/utils/validation.py:2827: UserWarning: X does not have valid feature names, but LGBMClassifier was fitted with feature names
  warnings.warn(
/home/touhid/.local/lib/python3.14/site-packages/sklearn/utils/validation.py:2827: UserWarning: X does not have valid feature names, but LGBMClassifier was fitted with feature names
  warnings.warn(
/home/touhid/.local/lib/python3.14/site-packages/sklearn/utils/validation.py:2827: UserWarning: X does not have valid feature names, but LGBMClassifier was fitted with feature names
  warnings.warn(
  ba_all      common_with_soh  lightgbm      H=20 -> oxford      : raw=1.000 [1.000,1.000] percell=1.000
  ba_all      common_with_soh  lightgbm      H=20 -> severson    : raw=0.756 [0.535,0.999] percell=0.982
/home/touhid/.local/lib/python3.14/site-packages/sklearn/utils/validation.py:2827: UserWarning: X does not have valid feature names, but LGBMClassifier was fitted with feature names
  warnings.warn(
/home/touhid/.local/lib/python3.14/site-packages/sklearn/utils/validation.py:2827: UserWarning: X does not have valid feature names, but LGBMClassifier was fitted with feature names
  warnings.warn(
/home/touhid/.local/lib/python3.14/site-packages/sklearn/utils/validation.py:2827: UserWarning: X does not have valid feature names, but LGBMClassifier was fitted with feature names
  warnings.warn(
/home/touhid/.local/lib/python3.14/site-packages/sklearn/utils/validation.py:2827: UserWarning: X does not have valid feature names, but LGBMClassifier was fitted with feature names
  warnings.warn(
/home/touhid/.local/lib/python3.14/site-packages/sklearn/utils/validation.py:2827: UserWarning: X does not have valid feature names, but LGBMClassifier was fitted with feature names
  warnings.warn(
/home/touhid/.local/lib/python3.14/site-packages/sklearn/utils/validation.py:2827: UserWarning: X does not have valid feature names, but LGBMClassifier was fitted with feature names
  warnings.warn(
/home/touhid/.local/lib/python3.14/site-packages/sklearn/utils/validation.py:2827: UserWarning: X does not have valid feature names, but LGBMClassifier was fitted with feature names
  warnings.warn(
  ba_all      common_with_soh  lightgbm      H=30 -> oxford      : raw=1.000 [1.000,1.000] percell=1.000
  ba_all      common_with_soh  lightgbm      H=30 -> severson    : raw=0.803 [0.606,0.998] percell=0.984
/home/touhid/.local/lib/python3.14/site-packages/sklearn/utils/validation.py:2827: UserWarning: X does not have valid feature names, but LGBMClassifier was fitted with feature names
  warnings.warn(
/home/touhid/.local/lib/python3.14/site-packages/sklearn/utils/validation.py:2827: UserWarning: X does not have valid feature names, but LGBMClassifier was fitted with feature names
  warnings.warn(
/home/touhid/.local/lib/python3.14/site-packages/sklearn/utils/validation.py:2827: UserWarning: X does not have valid feature names, but LGBMClassifier was fitted with feature names
  warnings.warn(
/home/touhid/.local/lib/python3.14/site-packages/sklearn/utils/validation.py:2827: UserWarning: X does not have valid feature names, but LGBMClassifier was fitted with feature names
  warnings.warn(
/home/touhid/.local/lib/python3.14/site-packages/sklearn/utils/validation.py:2827: UserWarning: X does not have valid feature names, but LGBMClassifier was fitted with feature names
  warnings.warn(
/home/touhid/.local/lib/python3.14/site-packages/sklearn/utils/validation.py:2827: UserWarning: X does not have valid feature names, but LGBMClassifier was fitted with feature names
  warnings.warn(
/home/touhid/.local/lib/python3.14/site-packages/sklearn/utils/validation.py:2827: UserWarning: X does not have valid feature names, but LGBMClassifier was fitted with feature names
  warnings.warn(
  ba_all      common_with_soh  lightgbm      H=50 -> oxford      : raw=1.000 [1.000,1.000] percell=1.000
  ba_all      common_with_soh  lightgbm      H=50 -> severson    : raw=0.831 [0.640,0.992] percell=0.980
  ba_all      common_with_soh  random_forest H=10 -> oxford      : raw=1.000 [1.000,1.000] percell=1.000
  ba_all      common_with_soh  random_forest H=10 -> severson    : raw=0.839 [0.720,1.000] percell=0.994
  ba_all      common_with_soh  random_forest H=20 -> oxford      : raw=1.000 [1.000,1.000] percell=1.000
  ba_all      common_with_soh  random_forest H=20 -> severson    : raw=0.852 [0.723,0.999] percell=0.994
  ba_all      common_with_soh  random_forest H=30 -> oxford      : raw=1.000 [1.000,1.000] percell=1.000
  ba_all      common_with_soh  random_forest H=30 -> severson    : raw=0.866 [0.737,0.998] percell=0.993
  ba_all      common_with_soh  random_forest H=50 -> oxford      : raw=1.000 [1.000,1.000] percell=1.000
  ba_all      common_with_soh  random_forest H=50 -> severson    : raw=0.838 [0.665,0.992] percell=0.981
  ba_all      common_no_soh    xgboost       H=10 -> oxford      : raw=0.693 [0.671,0.713] percell=0.695
  ba_all      common_no_soh    xgboost       H=10 -> severson    : raw=0.387 [0.247,0.613] percell=0.307
  ba_all      common_no_soh    xgboost       H=20 -> oxford      : raw=0.754 [0.727,0.780] percell=0.757
  ba_all      common_no_soh    xgboost       H=20 -> severson    : raw=0.425 [0.287,0.619] percell=0.308
  ba_all      common_no_soh    xgboost       H=30 -> oxford      : raw=0.775 [0.745,0.803] percell=0.778
  ba_all      common_no_soh    xgboost       H=30 -> severson    : raw=0.442 [0.303,0.618] percell=0.293
  ba_all      common_no_soh    xgboost       H=50 -> oxford      : raw=0.754 [0.727,0.780] percell=0.757
  ba_all      common_no_soh    xgboost       H=50 -> severson    : raw=0.462 [0.325,0.616] percell=0.260
/home/touhid/.local/lib/python3.14/site-packages/sklearn/utils/validation.py:2827: UserWarning: X does not have valid feature names, but LGBMClassifier was fitted with feature names
  warnings.warn(
/home/touhid/.local/lib/python3.14/site-packages/sklearn/utils/validation.py:2827: UserWarning: X does not have valid feature names, but LGBMClassifier was fitted with feature names
  warnings.warn(
/home/touhid/.local/lib/python3.14/site-packages/sklearn/utils/validation.py:2827: UserWarning: X does not have valid feature names, but LGBMClassifier was fitted with feature names
  warnings.warn(
/home/touhid/.local/lib/python3.14/site-packages/sklearn/utils/validation.py:2827: UserWarning: X does not have valid feature names, but LGBMClassifier was fitted with feature names
  warnings.warn(
/home/touhid/.local/lib/python3.14/site-packages/sklearn/utils/validation.py:2827: UserWarning: X does not have valid feature names, but LGBMClassifier was fitted with feature names
  warnings.warn(
/home/touhid/.local/lib/python3.14/site-packages/sklearn/utils/validation.py:2827: UserWarning: X does not have valid feature names, but LGBMClassifier was fitted with feature names
  warnings.warn(
/home/touhid/.local/lib/python3.14/site-packages/sklearn/utils/validation.py:2827: UserWarning: X does not have valid feature names, but LGBMClassifier was fitted with feature names
  warnings.warn(
  ba_all      common_no_soh    lightgbm      H=10 -> oxford      : raw=0.887 [0.848,0.926] percell=0.892
  ba_all      common_no_soh    lightgbm      H=10 -> severson    : raw=0.588 [0.481,0.752] percell=0.800
/home/touhid/.local/lib/python3.14/site-packages/sklearn/utils/validation.py:2827: UserWarning: X does not have valid feature names, but LGBMClassifier was fitted with feature names
  warnings.warn(
/home/touhid/.local/lib/python3.14/site-packages/sklearn/utils/validation.py:2827: UserWarning: X does not have valid feature names, but LGBMClassifier was fitted with feature names
  warnings.warn(
/home/touhid/.local/lib/python3.14/site-packages/sklearn/utils/validation.py:2827: UserWarning: X does not have valid feature names, but LGBMClassifier was fitted with feature names
  warnings.warn(
/home/touhid/.local/lib/python3.14/site-packages/sklearn/utils/validation.py:2827: UserWarning: X does not have valid feature names, but LGBMClassifier was fitted with feature names
  warnings.warn(
/home/touhid/.local/lib/python3.14/site-packages/sklearn/utils/validation.py:2827: UserWarning: X does not have valid feature names, but LGBMClassifier was fitted with feature names
  warnings.warn(
/home/touhid/.local/lib/python3.14/site-packages/sklearn/utils/validation.py:2827: UserWarning: X does not have valid feature names, but LGBMClassifier was fitted with feature names
  warnings.warn(
/home/touhid/.local/lib/python3.14/site-packages/sklearn/utils/validation.py:2827: UserWarning: X does not have valid feature names, but LGBMClassifier was fitted with feature names
  warnings.warn(
  ba_all      common_no_soh    lightgbm      H=20 -> oxford      : raw=0.887 [0.848,0.926] percell=0.892
  ba_all      common_no_soh    lightgbm      H=20 -> severson    : raw=0.595 [0.473,0.758] percell=0.777
/home/touhid/.local/lib/python3.14/site-packages/sklearn/utils/validation.py:2827: UserWarning: X does not have valid feature names, but LGBMClassifier was fitted with feature names
  warnings.warn(
/home/touhid/.local/lib/python3.14/site-packages/sklearn/utils/validation.py:2827: UserWarning: X does not have valid feature names, but LGBMClassifier was fitted with feature names
  warnings.warn(
/home/touhid/.local/lib/python3.14/site-packages/sklearn/utils/validation.py:2827: UserWarning: X does not have valid feature names, but LGBMClassifier was fitted with feature names
  warnings.warn(
/home/touhid/.local/lib/python3.14/site-packages/sklearn/utils/validation.py:2827: UserWarning: X does not have valid feature names, but LGBMClassifier was fitted with feature names
  warnings.warn(
/home/touhid/.local/lib/python3.14/site-packages/sklearn/utils/validation.py:2827: UserWarning: X does not have valid feature names, but LGBMClassifier was fitted with feature names
  warnings.warn(
/home/touhid/.local/lib/python3.14/site-packages/sklearn/utils/validation.py:2827: UserWarning: X does not have valid feature names, but LGBMClassifier was fitted with feature names
  warnings.warn(
/home/touhid/.local/lib/python3.14/site-packages/sklearn/utils/validation.py:2827: UserWarning: X does not have valid feature names, but LGBMClassifier was fitted with feature names
  warnings.warn(
  ba_all      common_no_soh    lightgbm      H=30 -> oxford      : raw=0.887 [0.848,0.926] percell=0.892
  ba_all      common_no_soh    lightgbm      H=30 -> severson    : raw=0.628 [0.504,0.779] percell=0.776
/home/touhid/.local/lib/python3.14/site-packages/sklearn/utils/validation.py:2827: UserWarning: X does not have valid feature names, but LGBMClassifier was fitted with feature names
  warnings.warn(
/home/touhid/.local/lib/python3.14/site-packages/sklearn/utils/validation.py:2827: UserWarning: X does not have valid feature names, but LGBMClassifier was fitted with feature names
  warnings.warn(
/home/touhid/.local/lib/python3.14/site-packages/sklearn/utils/validation.py:2827: UserWarning: X does not have valid feature names, but LGBMClassifier was fitted with feature names
  warnings.warn(
/home/touhid/.local/lib/python3.14/site-packages/sklearn/utils/validation.py:2827: UserWarning: X does not have valid feature names, but LGBMClassifier was fitted with feature names
  warnings.warn(
/home/touhid/.local/lib/python3.14/site-packages/sklearn/utils/validation.py:2827: UserWarning: X does not have valid feature names, but LGBMClassifier was fitted with feature names
  warnings.warn(
/home/touhid/.local/lib/python3.14/site-packages/sklearn/utils/validation.py:2827: UserWarning: X does not have valid feature names, but LGBMClassifier was fitted with feature names
  warnings.warn(
/home/touhid/.local/lib/python3.14/site-packages/sklearn/utils/validation.py:2827: UserWarning: X does not have valid feature names, but LGBMClassifier was fitted with feature names
  warnings.warn(
  ba_all      common_no_soh    lightgbm      H=50 -> oxford      : raw=0.887 [0.848,0.926] percell=0.892
  ba_all      common_no_soh    lightgbm      H=50 -> severson    : raw=0.622 [0.517,0.735] percell=0.775
  ba_all      common_no_soh    random_forest H=10 -> oxford      : raw=0.389 [0.377,0.403] percell=0.388
  ba_all      common_no_soh    random_forest H=10 -> severson    : raw=0.744 [0.651,0.890] percell=0.682
  ba_all      common_no_soh    random_forest H=20 -> oxford      : raw=0.389 [0.377,0.403] percell=0.388
  ba_all      common_no_soh    random_forest H=20 -> severson    : raw=0.756 [0.652,0.895] percell=0.680
  ba_all      common_no_soh    random_forest H=30 -> oxford      : raw=0.389 [0.377,0.403] percell=0.388
  ba_all      common_no_soh    random_forest H=30 -> severson    : raw=0.788 [0.694,0.904] percell=0.804
  ba_all      common_no_soh    random_forest H=50 -> oxford      : raw=0.410 [0.399,0.422] percell=0.409
  ba_all      common_no_soh    random_forest H=50 -> severson    : raw=0.775 [0.704,0.856] percell=0.794
saved transfer_ba.csv
